Year,Quarter,PCA,Landfill Name,case_id,Site,State,Cost
2026,1,p12,Apex Regional Landfill,402144,Battle Mountain Solar Project,NV,2080.153276566165
2026,1,p12,Apex Regional Landfill,405553,Dodge Flat,NV,2798.045669112935
2026,1,p12,Apex Regional Landfill,402609,"EGP Stillwater Solar PV II, LLC",NV,7452.404325159198
2026,1,p12,Apex Regional Landfill,404659,Fish Springs,NV,3160.0651153819585
2026,1,p12,Apex Regional Landfill,401086,Ft. Churchill PV,NV,27544.892376160744
2026,1,p12,Apex Regional Landfill,402130,Luning Energy,NV,2383.3918787970474
2026,1,p12,Apex Regional Landfill,403107,NVSS-II,NV,1770.0837075436812
2026,1,p12,Apex Regional Landfill,400468,"Patua Acquisition Project, LLC",NV,49751.312262730884
2026,1,p12,Apex Regional Landfill,405021,Steamboat Hills LP,NV,104351.99678400958
2026,1,p12,Apex Regional Landfill,405023,Steamboat II,NV,100902.13175698508
2026,1,p12,Apex Regional Landfill,400029,Stillwater Facility,NV,13641.24413339795
2026,1,p12,Apex Regional Landfill,401318,Sunshine Valley Solar,NV,499.7813702706906
2026,1,p12,Apex Regional Landfill,405026,TS Power Plant,NV,1845.3173936327178
2026,1,p12,Apex Regional Landfill,401943,Tungsten Mountain,NV,18979.343015673538
2026,1,p12,Apex Regional Landfill,403308,Turquoise Liberty Solar,NV,41636.79696738475
2026,1,p12,Apex Regional Landfill,403884,"Turquoise Nevada, LLC",NV,6151.58758264876
2026,1,p12,Apex Regional Landfill,400035,Western 102 Power Plant,NV,414299.7068683015
2026,1,p13,Apex Regional Landfill,400555,Apex Solar PV Power Project,NV,1164.619961011824
2026,1,p13,Apex Regional Landfill,405385,Arrow Canyon Solar Hybrid,NV,613.547708867477
2026,1,p13,Apex Regional Landfill,402017,"Boulder Solar II, LLC",NV,550.1944236524389
2026,1,p13,Apex Regional Landfill,401649,"Boulder Solar Power, LLC",NV,361.87734513282646
2026,1,p13,Apex Regional Landfill,400059,CM10,NV,3581.872324913085
2026,1,p13,Apex Regional Landfill,400086,CM48,NV,712.3622376408058
2026,1,p13,Apex Regional Landfill,400363,Copper Mountain Solar 2,NV,252.6728047735041
2026,1,p13,Apex Regional Landfill,400802,Copper Mountain Solar 3,NV,134.47506944512585
2026,1,p13,Apex Regional Landfill,401308,"Copper Mountain Solar 4, LLC",NV,352.34984021339136
2026,1,p13,Apex Regional Landfill,403688,"Copper Mountain Solar 5, LLC",NV,180.5136190734182
2026,1,p13,Apex Regional Landfill,405358,Dignity - San Martin,NV,11840.018126133582
2026,1,p13,Apex Regional Landfill,405355,Dignity - Siena Campus,NV,9837.59234362708
2026,1,p13,Apex Regional Landfill,405556,Dry Lake Solar Energy Center,NV,255.3160278635404
2026,1,p13,Apex Regional Landfill,405495,Gemini Solar,NV,113.07104172967715
2026,1,p13,Apex Regional Landfill,403386,"Harry Allen Solar Energy, LLC",NV,384.51062007987844
2026,1,p13,Apex Regional Landfill,406090,IGS LAS1,NV,17763.394025616013
2026,1,p13,Apex Regional Landfill,406089,IGS VGT,NV,14146.960784920959
2026,1,p13,Apex Regional Landfill,405309,IKEA Las Vegas 462,NV,13489.433163825357
2026,1,p13,Apex Regional Landfill,400545,Las Vegas WPCF Solar Plant,NV,1615.705890138226
2026,1,p13,Apex Regional Landfill,400313,Moapa Southern Paiute,NV,190.78263341886836
2026,1,p13,Apex Regional Landfill,400600,Mountain View Solar,NV,1719.2564274923316
2026,1,p13,Apex Regional Landfill,400036,Nellis Air Force Base Solar Array,NV,1260.7814871481996
2026,1,p13,Apex Regional Landfill,401381,Nellis Solar PV II,NV,416.0104453106937
2026,1,p13,Apex Regional Landfill,401319,"Playa Solar 1, LLC",NV,334.1828853940129
2026,1,p13,Apex Regional Landfill,401596,Playa Solar 2,NV,277.834169104524
2026,1,p13,Apex Regional Landfill,401274,River Mountains Solar,NV,1035.2395714222
2026,1,p13,Mohave Valley Landfill,401042,Searchlight Solar,NV,2823.04788593846
2026,1,p13,Apex Regional Landfill,400166,Silver State Solar Power North,NV,860.9328561545767
2026,1,p13,Apex Regional Landfill,400658,Silver State Solar Power South,NV,294.6970669375381
2026,1,p13,Apex Regional Landfill,405246,"Solar Las Vegas MB 2, LLC",NV,4646.518262891408
2026,1,p13,Apex Regional Landfill,405188,Solar Las Vegas MB-1,NV,1330.2495905310996
2026,1,p13,Apex Regional Landfill,400556,Spectrum Solar PV Power Project,NV,568.2551346765043
2026,1,p13,Apex Regional Landfill,402485,"Techren Solar I, LLC",NV,289.9192750514518
2026,1,p13,Apex Regional Landfill,402690,"Techren Solar II, LLC",NV,165.32846434222532
2026,1,p13,Apex Regional Landfill,402691,"Techren Solar III, LLC",NV,1445.926045416782
2026,1,p13,Apex Regional Landfill,402692,"Techren Solar IV, LLC",NV,1154.380446181532
2026,1,p13,Apex Regional Landfill,403001,Techren Solar V,NV,487.4184754510642
2026,1,p13,Apex Regional Landfill,401851,Townsite Solar Project Hybrid,NV,192.75572656471726
2026,1,p13,Apex Regional Landfill,406448,Yellow Pine II,NV,766.8691138525969
2026,1,p13,Apex Regional Landfill,404971,Yellow Pine Solar,NV,796.413183267027
2026,1,p27,Mohave Valley Landfill,400374,"Black Mountain Solar, LLC",AZ,455.48588268429626
2026,1,p27,Mohave Valley Landfill,402236,Gray Hawk Solar,AZ,189.299523754217
2026,1,p27,Mohave Valley Landfill,401819,Jacobson 5 MW Solar,AZ,2403.303672068154
2026,1,p27,Mohave Valley Landfill,400199,La Senita,AZ,4972.709269607108
2026,1,p27,Mohave Valley Landfill,403718,Mohave Electric Cooperative at Joy Lane,AZ,92.91631219431369
2026,1,p27,Mohave Valley Landfill,401311,Mohave Electric at Fort Mohave,AZ,181.34320511568507
2026,1,p27,Mohave Valley Landfill,406478,Mohave Energy - Hybrid,AZ,64.20262726720772
2026,1,p28,Apache Junction Landfill,405418,AZ State University - Tempe Campus Solar,AZ,8975.697989960532
2026,1,p28,South Yuma County Landfill,400148,Agua Caliente Solar Project,AZ,286.0674282259875
2026,1,p28,Apache Junction Landfill,402067,Apache Solar 1,AZ,7568.15644482621
2026,1,p28,South Yuma County Landfill,400274,Arizona Western College PV,AZ,2191.064226808419
2026,1,p28,Apache Junction Landfill,400240,Arlington Valley Solar Energy II,AZ,642.0947765960963
2026,1,p28,Apache Junction Landfill,400437,Badger 1,AZ,5183.476147254175
2026,1,p28,Apache Junction Landfill,401688,Bonnybrooke PV,AZ,683.2854349636303
2026,1,p28,Apache Junction Landfill,400371,Buckeye Union HS District 201,AZ,24061.047360293276
2026,1,p28,Apache Junction Landfill,405635,"Central Line Solar, LLC",AZ,525.8539945678172
2026,1,p28,Apache Junction Landfill,400201,Chino Solar Valley,AZ,5219.986782963205
2026,1,p28,Apache Junction Landfill,400202,Cotton Center Solar Hybrid,AZ,3786.1840391695087
2026,1,p28,Apache Junction Landfill,401069,Desert Star Hybrid,AZ,5556.640731570799
2026,1,p28,Apache Junction Landfill,403257,East Line Solar,AZ,415.25080089924734
2026,1,p28,Apache Junction Landfill,406171,Eleven Mile Solar Center,AZ,164.25566409157176
2026,1,p28,Apache Junction Landfill,405244,Estrella Mountain PV,AZ,24443.83432472648
2026,1,p28,South Yuma County Landfill,400349,Foothills Solar Plant Hybrid,AZ,358.6501606066678
2026,1,p28,Apache Junction Landfill,400825,Fort Huachuca Solar PV Project,AZ,8329.379807363623
2026,1,p28,Apache Junction Landfill,400845,Gila Bend Hybrid,AZ,2779.5457782385406
2026,1,p28,Apache Junction Landfill,400599,"Gilbert Solar Facility I, LLC",AZ,6479.887312248855
2026,1,p28,South Yuma County Landfill,400507,Hyder II Hybrid,AZ,5253.4142176650685
2026,1,p28,South Yuma County Landfill,400204,Hyder Solar Hybrid,AZ,5147.824427049272
2026,1,p28,Apache Junction Landfill,405282,Intel - Ocotillo Campus Solar,AZ,6051.932536291245
2026,1,p28,Apache Junction Landfill,405125,Jewish Community Center PV,AZ,29223.143346888428
2026,1,p28,Apache Junction Landfill,402234,Kayenta Solar Project,AZ,4612.797697914344
2026,1,p28,Apache Junction Landfill,400595,Lake Pleasant WTP,AZ,7945.188548886081
2026,1,p28,Apache Junction Landfill,400128,Luke Solar,AZ,5202.033110637262
2026,1,p28,Apache Junction Landfill,405068,Macys Goodyear,AZ,18959.680351348838
2026,1,p28,South Yuma County Landfill,406279,McFarland A Solar and Storage,AZ,400.27661219652475
2026,1,p28,Apache Junction Landfill,405617,Mesa Carport PV,AZ,1122.6658564248382
2026,1,p28,Apache Junction Landfill,404512,Mesa Solar Array,AZ,1298.8541442744763
2026,1,p28,Apache Junction Landfill,400250,Mesquite Solar 1,AZ,912.7749016220022
2026,1,p28,Apache Junction Landfill,401621,"Mesquite Solar 2, LLC",AZ,779.0177474448647
2026,1,p28,Apache Junction Landfill,401622,"Mesquite Solar 3, LLC",AZ,657.3993413883093
2026,1,p28,Apache Junction Landfill,406038,"Mesquite Solar 4, LLC",AZ,1799.1844006164308
2026,1,p28,Apache Junction Landfill,404922,"Mesquite Solar 5, LLC",AZ,1404.1177277594045
2026,1,p28,Mohave Valley Landfill,403572,OE_AZ1,AZ,3534.488042335216
2026,1,p28,Apache Junction Landfill,400203,Paloma Solar Hybrid,AZ,5237.1516288283
2026,1,p28,Apache Junction Landfill,405126,Paradise Valley H.S. PV,AZ,25954.5878148255
2026,1,p28,Apache Junction Landfill,405150,Phoenix Airport East Economy Lot,AZ,31647.64672187643
2026,1,p28,Apache Junction Landfill,405151,Phoenix Airport Rental Car Center,AZ,57377.31648810079
2026,1,p28,Apache Junction Landfill,402528,Pinal Central Energy Center Hybrid,AZ,1606.7705121181114
2026,1,p28,Apache Junction Landfill,400125,"Poseidon Solar, LLC",AZ,794.6361118428555
2026,1,p28,Apache Junction Landfill,400031,Prescott Airport,AZ,39655.89781301568
2026,1,p28,Apache Junction Landfill,400401,Prescott Solar Plant,AZ,11551.245468760466
2026,1,p28,Apache Junction Landfill,400323,Queen Creek Solar Farm,AZ,448.80348762122054
2026,1,p28,Mohave Valley Landfill,400289,"RE Bagdad Solar I, LLC",AZ,6275.823672134751
2026,1,p28,Apache Junction Landfill,405132,"RE Gillespie 1, LLC",AZ,4223.084042012118
2026,1,p28,Apache Junction Landfill,400758,Red Horse 2,AZ,1894.0652350382106
2026,1,p28,Apache Junction Landfill,401609,Red Horse III,AZ,3422.8685962119057
2026,1,p28,Apache Junction Landfill,401726,Red Rock,AZ,1379.46837973088
2026,1,p28,Apache Junction Landfill,406380,SR McNeal,AZ,7597.572316510724
2026,1,p28,Apache Junction Landfill,400416,Saddle Mountain Solar I,AZ,9784.73955585024
2026,1,p28,Apache Junction Landfill,403674,Saint Solar,AZ,589.4718701963765
2026,1,p28,Apache Junction Landfill,401214,Sandstone Solar,AZ,631.9665488045599
2026,1,p28,Apache Junction Landfill,405029,Solana Generating Station,AZ,462.24517920868357
2026,1,p28,Apache Junction Landfill,406275,Sonoran Solar Energy,AZ,184.32154769932237
2026,1,p28,Apache Junction Landfill,406034,Storey Solar and Storage,AZ,321.78871241620755
2026,1,p28,Apache Junction Landfill,401664,Sulphur Springs,AZ,5858.945377590297
2026,1,p28,Apache Junction Landfill,403643,Sun Streams 2,AZ,552.0611824417846
2026,1,p28,Apache Junction Landfill,406517,Sun Streams 3,AZ,394.94602461245535
2026,1,p28,Apache Junction Landfill,401975,"Sun Streams, LLC",AZ,922.3085481680371
2026,1,p28,Apache Junction Landfill,405311,T0588 Phoenix - AZ,AZ,38194.594985069496
2026,1,p28,Apache Junction Landfill,405134,Union HS at Casa Grande,AZ,26340.28876244555
2026,1,p28,Apache Junction Landfill,405135,Vista Grande HS at Casa Grande,AZ,37797.36302324267
2026,1,p28,Apache Junction Landfill,400334,Walmart Casa Grande,AZ,21372.994553250424
2026,1,p28,Apache Junction Landfill,406098,"West Line Solar, LLC",AZ,423.5492566950328
2026,1,p29,Apache Junction Landfill,400014,Springerville,AZ,10452.515650154832
2026,1,p30,Apache Junction Landfill,405143,Actus Lend Lease DMAFB,AZ,19672.217477229555
2026,1,p30,Apache Junction Landfill,405611,Amazon TUS2,AZ,18005.120845576814
2026,1,p30,Apache Junction Landfill,405268,Amphitheater High School Solar,AZ,32609.18829382651
2026,1,p30,Apache Junction Landfill,400939,Avalon Solar,AZ,1717.625617880006
2026,1,p30,Apache Junction Landfill,401479,Avalon Solar II,AZ,2717.6869581598285
2026,1,p30,Apache Junction Landfill,400226,Avra Valley Solar,AZ,1355.627340009539
2026,1,p30,Apache Junction Landfill,404704,Broadway 2 - Tucson Phase II,AZ,13096.07434474932
2026,1,p30,Apache Junction Landfill,405768,Broadway 3 - Tucson Phase I,AZ,31273.840678462635
2026,1,p30,Apache Junction Landfill,405269,Canyon Del Oro High School Solar,AZ,8543.541227475907
2026,1,p30,Apache Junction Landfill,400757,Cogenra-TEP,AZ,38312.666499321196
2026,1,p30,Apache Junction Landfill,401295,Davis Monthan AFB (AZ) West Airfield,AZ,4776.433206089355
2026,1,p30,Apache Junction Landfill,400330,FRB Solar Farm,AZ,20063.814780882523
2026,1,p30,Apache Junction Landfill,400761,"Gato Montes Solar, LLC",AZ,9582.982260524463
2026,1,p30,Apache Junction Landfill,404536,Iron Horse Battery Storage Hybrid,AZ,31892.183121402664
2026,1,p30,Apache Junction Landfill,400552,"Picture Rocks Solar, LLC",AZ,4715.2547941008215
2026,1,p30,Apache Junction Landfill,405374,Pima Community College,AZ,41742.39064455421
2026,1,p30,Apache Junction Landfill,405303,Pima Community College - East Campus,AZ,34222.88202923549
2026,1,p30,Apache Junction Landfill,405516,Pima Community College NW,AZ,33280.53833175926
2026,1,p30,Apache Junction Landfill,400408,Prairie Fire,AZ,8452.364544032438
2026,1,p30,Apache Junction Landfill,400290,"RE Ajo 1, LLC",AZ,9036.049481431583
2026,1,p30,Apache Junction Landfill,404926,Raptor Ridge,AZ,3299.8569093456404
2026,1,p30,Apache Junction Landfill,400857,Rio Rico Solar,AZ,9763.791741375046
2026,1,p30,Apache Junction Landfill,400193,Roger Road WWTP,AZ,35099.12304971309
2026,1,p30,Apache Junction Landfill,401076,Tech Park Solar,AZ,8383.19281192374
2026,1,p30,Apache Junction Landfill,400156,UASTP I,AZ,39990.98513041526
2026,1,p30,Apache Junction Landfill,401075,Valencia Solar,AZ,5846.244726799415
2026,1,p30,Apache Junction Landfill,404187,"Wilmot Energy Center, LLC",AZ,477.3498675548273
2026,1,p31,City of Clovis Landfill,400211,Alamogordo Solar Energy Center,NM,67380.8956590464
2026,1,p31,Northeastern New Mexico Regional Landfill,400206,Albuquerque Solar Energy Center,NM,95424.60151668784
2026,1,p31,Northeastern New Mexico Regional Landfill,403675,Alcalde Solar Array,NM,61905.90978065098
2026,1,p31,Apache Junction Landfill,401595,Alta Luna,NM,11785.203023713511
2026,1,p31,Northeastern New Mexico Regional Landfill,404724,Angel Fire Energy Facility,NM,5615.729017093506
2026,1,p31,Northeastern New Mexico Regional Landfill,405469,Arroyo Solar Energy Storage Hybrid,NM,1087.214197236085
2026,1,p31,Northeastern New Mexico Regional Landfill,403321,Bluewater CDEC 1,NM,109865.50318660004
2026,1,p31,Northeastern New Mexico Regional Landfill,403736,Britton Solar Energy Center,NM,3029.2586799345972
2026,1,p31,City of Clovis Landfill,404981,Buena Vista Energy Center,NM,3080.6096743124285
2026,1,p31,Northeastern New Mexico Regional Landfill,402876,CNMEC Solar Energy Center,NM,102309.45853637854
2026,1,p31,City of Clovis Landfill,402519,Carrizozo Solar,NM,101994.34969906666
2026,1,p31,Northeastern New Mexico Regional Landfill,401202,Cibola,NM,39980.13010455596
2026,1,p31,Northeastern New Mexico Regional Landfill,400104,Cimarron Solar Facility,NM,1159.723178959911
2026,1,p31,Apache Junction Landfill,402988,City of Gallup Solar,NM,41068.40609050317
2026,1,p31,Northeastern New Mexico Regional Landfill,403604,City of Rio Rancho WWTP,NM,192904.36507292686
2026,1,p31,Apache Junction Landfill,401225,City of Truth or Consequences PV,NM,220456.0396058525
2026,1,p31,Apache Junction Landfill,402177,Columbus Solar Project,NM,180725.58924432966
2026,1,p31,Northeastern New Mexico Regional Landfill,404748,"Cuba 2.5ac, LLC",NM,69260.597338018
2026,1,p31,Apache Junction Landfill,400209,Deming Solar Energy Center,NM,50801.16023573101
2026,1,p31,Northeastern New Mexico Regional Landfill,403868,Encino Solar Energy Center,NM,4151.257041606125
2026,1,p31,Northeastern New Mexico Regional Landfill,401038,Eubank Landfill Solar Array,NM,96382.50636636456
2026,1,p31,Northeastern New Mexico Regional Landfill,402441,Facebook 1 Solar Energy Center,NM,20148.1964576528
2026,1,p31,Northeastern New Mexico Regional Landfill,402442,Facebook 2 Solar Energy Center,NM,19390.565875965152
2026,1,p31,Northeastern New Mexico Regional Landfill,402443,Facebook 3 Solar Energy Center,NM,27709.273043639943
2026,1,p31,Northeastern New Mexico Regional Landfill,403322,Grants CDEC 2,NM,71520.0412822067
2026,1,p31,Apache Junction Landfill,400216,"Hatch Solar Energy Center I, LLC",NM,68985.93069513745
2026,1,p31,City of Clovis Landfill,401617,Holloman Solar Facility,NM,88735.23102850189
2026,1,p31,Northeastern New Mexico Regional Landfill,406109,"Jicarilla Solar 1, LLC",NM,6632.106797411763
2026,1,p31,Northeastern New Mexico Regional Landfill,400427,Kit Carson,NM,95793.9947277787
2026,1,p31,Northeastern New Mexico Regional Landfill,400210,Las Vegas Solar Energy Center,NM,13222.117629432261
2026,1,p31,Northeastern New Mexico Regional Landfill,400434,Los Alamos PV Site,NM,210833.86490604194
2026,1,p31,Northeastern New Mexico Regional Landfill,400207,Los Lunas Solar Energy Center,NM,28690.333121060372
2026,1,p31,Apache Junction Landfill,400838,Macho Springs,NM,7036.401217163822
2026,1,p31,Northeastern New Mexico Regional Landfill,400582,Manzano Solar,NM,31068.035261176243
2026,1,p31,Northeastern New Mexico Regional Landfill,401201,Meadow Lake Solar Energy Center,NM,22829.50316732173
2026,1,p31,Northeastern New Mexico Regional Landfill,406177,"NMRD Data Center III, LLC",NM,3641.0962509170745
2026,1,p31,City of Clovis Landfill,405693,NMSU Solar and Storage,NM,127529.32180626855
2026,1,p31,Northeastern New Mexico Regional Landfill,406375,OE_ESCL,NM,1531.0517105366648
2026,1,p31,City of Clovis Landfill,400581,Otero Solar,NM,38022.05439891106
2026,1,p31,Northeastern New Mexico Regional Landfill,400146,Questa Solar Facility,NM,113966.20679617136
2026,1,p31,Northeastern New Mexico Regional Landfill,403178,"RC Energy AA, LLC Solar Facility",NM,187877.25382751235
2026,1,p31,Northeastern New Mexico Regional Landfill,401566,Rio Communities Solar Energy Center,NM,34717.969800684376
2026,1,p31,Northeastern New Mexico Regional Landfill,403084,Rio De Oro Solar Energy Center,NM,25521.611365955945
2026,1,p31,Northeastern New Mexico Regional Landfill,400624,Rio Rancho High School,NM,171622.93036903808
2026,1,p31,City of Clovis Landfill,400135,Roadrunner Solar,NM,18235.93457413781
2026,1,p31,Northeastern New Mexico Regional Landfill,404648,"Route 66 Energy Center, LLC",NM,5518.305403355327
2026,1,p31,Northeastern New Mexico Regional Landfill,403387,San Miguel I Solar Energy Center,NM,6545.82415181386
2026,1,p31,Northeastern New Mexico Regional Landfill,405458,San Miguel II Solar Energy Center,NM,6518.519752973542
2026,1,p31,Northeastern New Mexico Regional Landfill,401161,Sandoval Solar Energy Center,NM,42387.51472162478
2026,1,p31,Northeastern New Mexico Regional Landfill,401564,Santa Fe Solar Energy Center,NM,13968.260988511953
2026,1,p31,Northeastern New Mexico Regional Landfill,401565,Santolina Solar Energy Center,NM,37479.17017064573
2026,1,p31,Apache Junction Landfill,400596,Silver City WWTP PV Project,NM,380851.0544079588
2026,1,p31,Northeastern New Mexico Regional Landfill,406343,Sky Ranch Solar,NM,1119.659531334625
2026,1,p31,Northeastern New Mexico Regional Landfill,401563,South Valley Solar Energy Center,NM,37938.335805496696
2026,1,p31,Northeastern New Mexico Regional Landfill,401162,Springer Solar 1,NM,52656.534967419066
2026,1,p31,Northeastern New Mexico Regional Landfill,400735,Storrie Lake Solar Project,NM,38149.864123128056
2026,1,p31,Northeastern New Mexico Regional Landfill,400623,Sue Cleveland High School,NM,239622.25086792576
2026,1,p31,City of Clovis Landfill,400343,"SunE EPE1, LLC",NM,47682.64707567854
2026,1,p31,City of Clovis Landfill,400342,"SunE EPE2, LLC",NM,29743.236968950947
2026,1,p31,Northeastern New Mexico Regional Landfill,402854,Syncarpha Eagle Nest,NM,88062.15245232255
2026,1,p31,Northeastern New Mexico Regional Landfill,403412,Syncarpha El Rito,NM,104537.18076511726
2026,1,p31,Northeastern New Mexico Regional Landfill,403413,Syncarpha Questa,NM,66696.53633176211
2026,1,p31,Northeastern New Mexico Regional Landfill,403411,Syncarpha Taos,NM,31823.621069856563
2026,1,p31,Northeastern New Mexico Regional Landfill,404618,Taos Mesa Energy Facility Hybrid,NM,6656.789338171793
2026,1,p31,Northeastern New Mexico Regional Landfill,403011,Vista Solar Energy Center,NM,22160.458875106207
2026,1,p31,City of Clovis Landfill,400354,WSMR I,NM,77424.79415161065
2026,1,p31,Apache Junction Landfill,405245,Wal-Mart Truth or Consequences PV,NM,422495.68772616354
2026,1,p47,City of Clovis Landfill,400979,"Caprock Solar 1, LLC",NM,2883.319344293293
2026,1,p47,City of Clovis Landfill,404980,Chaves County Solar II,NM,4786.61323663257
2026,1,p47,City of Clovis Landfill,401681,"Chaves Solar, LLC",NM,2054.813606195753
2026,1,p47,City of Clovis Landfill,400614,GSE NM1,NM,104612.56835133916
2026,1,p47,City of Clovis Landfill,404982,Hayhurst New Mexico Solar,NM,13801.836551696042
2026,1,p47,City of Clovis Landfill,402530,Middle Daisy,NM,35744.46638710876
2026,1,p47,City of Clovis Landfill,401682,"Roswell Solar, LLC",NM,2288.4938834548316
2026,1,p47,City of Clovis Landfill,400546,SEV NM Phase 2,NM,138585.09387971653
2026,1,p47,City of Clovis Landfill,400260,SPS1 Dollarhide,NM,25571.03884883668
2026,1,p47,City of Clovis Landfill,400261,SPS2 Jal,NM,28052.022559494166
2026,1,p47,City of Clovis Landfill,400262,SPS3 Lea,NM,24376.825156709077
2026,1,p47,City of Clovis Landfill,400264,SPS5 Hopi,NM,28382.295234673216
2026,1,p47,City of Clovis Landfill,404698,SoCore Clovis 1,NM,6150.234568348034
2026,1,p48,City of Clovis Landfill,406439,"BESSP1, LLC",TX,422789.9475823583
2026,1,p48,City of Clovis Landfill,405590,"Hecate Energy Frye Solar, LLC",TX,1160.4073931423181
2026,1,p57,Victoria Landfill,404918,"Hecate Energy Upshur Rural, LLC",TX,28020.858269284465
2026,1,p59,City of Clovis Landfill,402666,Fort Bliss (DEA EPIC),TX,46429.42763450496
2026,1,p59,City of Clovis Landfill,401616,Montana Solar Facility,TX,26874.79326345356
2026,1,p59,City of Clovis Landfill,401045,Newman Solar,TX,10031.055531277954
2026,1,p60,City of Clovis Landfill,403962,"ANSON Solar Center, LLC",TX,1565.4558394096268
2026,1,p60,City of Clovis Landfill,403883,Azure Sky Solar,TX,1449.9291594588503
2026,1,p60,City of Clovis Landfill,403232,"ENGIE Long Draw Solar, LLC",TX,815.9101259187972
2026,1,p60,City of Clovis Landfill,406252,Highpeak Solar 1,TX,21292.87387406971
2026,1,p60,City of Clovis Landfill,402721,Holstein 1 Solar Farm,TX,2312.8786377072197
2026,1,p60,City of Clovis Landfill,405492,Juno Solar Project,TX,604.2880345342716
2026,1,p60,City of Clovis Landfill,402541,Lamesa II,TX,3926.7106086036943
2026,1,p60,City of Clovis Landfill,401660,Lamesa Solar,TX,1912.313620133702
2026,1,p60,City of Clovis Landfill,405932,Lumina II Solar Project,TX,602.2048144265947
2026,1,p60,City of Clovis Landfill,405933,Lumina Solar Project,TX,566.0741519093971
2026,1,p60,City of Clovis Landfill,402909,Misae Solar,TX,913.3489858616454
2026,1,p60,City of Clovis Landfill,400968,"OCI Alamo 7, LLC",TX,2664.9283567020216
2026,1,p60,City of Clovis Landfill,405939,Texas Solar Nova 1,TX,836.0902522171475
2026,1,p61,City of Clovis Landfill,400967,Alamo 6,TX,1020.591557347054
2026,1,p61,City of Clovis Landfill,403557,Aragorn Solar Project,TX,587.4994503509811
2026,1,p61,City of Clovis Landfill,400691,Barilla Solar,TX,4134.411586518688
2026,1,p61,City of Clovis Landfill,401946,Bluebell Solar,TX,5089.06327112519
2026,1,p61,City of Clovis Landfill,403574,Bluebell Solar II,TX,1332.2487188548473
2026,1,p61,City of Clovis Landfill,400554,"Bryan Solar, LLC",TX,17526.62423579986
2026,1,p61,City of Clovis Landfill,401463,Buckthorn Westex,TX,1044.4719176426022
2026,1,p61,City of Clovis Landfill,401703,East Pecos Solar,TX,1393.9537556311755
2026,1,p61,Victoria Landfill,405363,Galloway 1 Solar Farm,TX,671.3758938097968
2026,1,p61,Victoria Landfill,405494,Galloway 2 Solar Farm,TX,1043.3448111223838
2026,1,p61,City of Clovis Landfill,403210,Greasewood,TX,562.7656459850641
2026,1,p61,City of Clovis Landfill,406370,Hayhurst Texas Solar,TX,4437.518462466267
2026,1,p61,City of Clovis Landfill,402304,Midway Solar-TX,TX,702.0759984260643
2026,1,p61,Victoria Landfill,400695,"OCI Alamo 4, LLC",TX,3803.9454365577585
2026,1,p61,City of Clovis Landfill,401868,Pearl Solar,TX,3313.9734015807035
2026,1,p61,City of Clovis Landfill,402290,RE Maplewood,TX,461.2938596331763
2026,1,p61,City of Clovis Landfill,401430,RE Roserock,TX,1261.5775179437348
2026,1,p61,City of Clovis Landfill,402848,Rambler,TX,1038.6813136301137
2026,1,p61,City of Clovis Landfill,402083,Solaire Holman Solar Project,TX,3236.343579517379
2026,1,p61,City of Clovis Landfill,403023,"Taygete Energy Project, LLC",TX,530.7983947688782
2026,1,p61,City of Clovis Landfill,404647,Taygete II Energy Project,TX,665.4857432416426
2026,1,p61,City of Clovis Landfill,403551,Titan Solar Project,TX,418.32822676386087
2026,1,p61,Victoria Landfill,406103,Zier Solar,TX,700.526164387533
2026,1,p62,City of Clovis Landfill,403502,2W Permian Solar Project Hybrid,TX,439.76775833287707
2026,1,p62,City of Clovis Landfill,403697,CED Crane Solar,TX,1341.7873264210393
2026,1,p62,City of Clovis Landfill,401525,Castle Gap Solar Hybrid,TX,1141.2653435097182
2026,1,p62,City of Clovis Landfill,404599,Emerald Grove,TX,1322.507245825401
2026,1,p62,City of Clovis Landfill,403004,Lapetus,TX,1073.1970492707549
2026,1,p62,City of Clovis Landfill,403280,Oberon IA,TX,1154.0061946166318
2026,1,p62,City of Clovis Landfill,403279,Oberon IB,TX,4302.23326099513
2026,1,p62,City of Clovis Landfill,403602,Oxy Renewable Energy-Goldsmith,TX,7810.2757841846405
2026,1,p62,City of Clovis Landfill,402679,Phoebe Solar,TX,570.3024372826432
2026,1,p62,City of Clovis Landfill,403177,Prospero Solar,TX,451.9213260086385
2026,1,p62,City of Clovis Landfill,404128,Prospero Solar II,TX,374.3512706528664
2026,1,p62,City of Clovis Landfill,403070,"Roadrunner, LLC",TX,448.42784136127307
2026,1,p62,City of Clovis Landfill,401805,Upton County Solar,TX,1564.5236870690358
2026,1,p62,City of Clovis Landfill,402995,West of the Pecos Solar,TX,1392.044933740065
2026,1,p63,Victoria Landfill,405599,"BPL Crown Solar, LLC",TX,2602.3792401857136
2026,1,p63,Victoria Landfill,404966,BPL Files Solar,TX,3633.8957899610127
2026,1,p63,Victoria Landfill,403825,Briar Creek Solar 1,TX,4347.740828531734
2026,1,p63,Victoria Landfill,402610,Chisum,TX,61579.97030378427
2026,1,p63,Victoria Landfill,401697,CoServ Community Solar Station,TX,441633.9793550294
2026,1,p63,Victoria Landfill,403188,Coniglio Solar,TX,7506.611345589235
2026,1,p63,Victoria Landfill,406415,Dileo Solar,TX,5351.132017900391
2026,1,p63,Victoria Landfill,402655,Eddy II,TX,25310.78833890128
2026,1,p63,Victoria Landfill,406221,Eiffel Solar Project,TX,2965.594125888301
2026,1,p63,Victoria Landfill,405540,"Ellis Solar, LLC",TX,9163.373486230701
2026,1,p63,Victoria Landfill,403823,Elm Branch Solar 1,TX,3232.843923535559
2026,1,p63,Victoria Landfill,406206,Five Wells Solar Center - Hybrid,TX,1115.286756717732
2026,1,p63,Victoria Landfill,404567,G.S.E. One LLC,TX,7117.486318991328
2026,1,p63,Victoria Landfill,403288,Griffin Solar,TX,89589.2814934329
2026,1,p63,Victoria Landfill,406202,Grizzly Ridge Solar,TX,5278.504746623658
2026,1,p63,Victoria Landfill,402329,Highway 56 Solar,TX,89689.52346352008
2026,1,p63,Victoria Landfill,405319,IKEA Grand Prairie Rooftop PV System,TX,642855.8015829031
2026,1,p63,Victoria Landfill,405689,"IP Radian, LLC",TX,1563.3604419570913
2026,1,p63,Victoria Landfill,403481,Impact Solar 1,TX,3465.8988072986344
2026,1,p63,Victoria Landfill,403190,Kellam Solar,TX,7082.122423575176
2026,1,p63,Victoria Landfill,402421,Leon Solar,TX,43511.33504229029
2026,1,p63,Victoria Landfill,403874,Lily Solar Hybrid,TX,3698.6182200859
2026,1,p63,Victoria Landfill,402404,Marlin Solar,TX,52470.981578565945
2026,1,p63,Victoria Landfill,405794,Noble Solar,TX,2380.8951624985
2026,1,p63,Victoria Landfill,402405,North Gainesville Solar,TX,102453.4574187311
2026,1,p63,Victoria Landfill,401933,Phantom Solar,TX,16062.84312227471
2026,1,p63,Victoria Landfill,404872,"Pisgah Ridge Solar, LLC",TX,1828.8227896516014
2026,1,p63,Victoria Landfill,406416,Pitts Dudik Solar,TX,12495.845376119783
2026,1,p63,Victoria Landfill,403189,Rippey Solar,TX,8779.632269376852
2026,1,p63,Victoria Landfill,404630,"Samson Solar Energy III, LLC",TX,2784.5155945862857
2026,1,p63,Victoria Landfill,402652,Sterling Solar (TX),TX,54516.43147918352
2026,1,p63,Victoria Landfill,404812,Sun Valley Solar Project,TX,1584.5104220552962
2026,1,p63,Victoria Landfill,404388,"TPE Erath Solar, LLC",TX,36536.25932873412
2026,1,p63,Victoria Landfill,403457,"TPE Whitney Solar, LLC",TX,47622.19724515181
2026,1,p63,Victoria Landfill,405361,Toyota HQ Plan,TX,183419.95938032307
2026,1,p63,Victoria Landfill,405984,Waco Solar,TX,968.0740284552603
2026,1,p63,Victoria Landfill,402306,Walnut Springs Solar,TX,167238.73977852394
2026,1,p63,Victoria Landfill,402330,Whitesboro Solar,TX,237581.9623961757
2026,1,p63,Victoria Landfill,402331,Whitesboro Solar II,TX,951571.3347120833
2026,1,p63,Victoria Landfill,402414,Whitewright Solar,TX,155329.19046300475
2026,1,p63,Victoria Landfill,402654,Yellow Jacket,TX,106267.96407591994
2026,1,p64,Victoria Landfill,405731,Austin TX GigaFactory,TX,52699.00271001035
2026,1,p64,Victoria Landfill,402203,Bandera Electric Coop PV,TX,98056.442319904
2026,1,p64,Victoria Landfill,404721,"Blue Jay Solar I, LLC",TX,856.6851466173423
2026,1,p64,Victoria Landfill,402648,Bovine,TX,6546.245781660773
2026,1,p64,Victoria Landfill,402389,"E-Volve Energy Holdings, LLC",TX,52788.74406568374
2026,1,p64,Victoria Landfill,400227,East Blackland Solar Project 1,TX,1035.647059867522
2026,1,p64,Victoria Landfill,405101,IKEA Round Rock 027,TX,97063.05742614095
2026,1,p64,Victoria Landfill,402653,Lampwick,TX,28867.818729762243
2026,1,p64,Victoria Landfill,405613,Niagara Bottling - Seguin,TX,16153.724971278038
2026,1,p64,Victoria Landfill,402544,PowerFin Kingsbery,TX,36120.325095157634
2026,1,p64,Victoria Landfill,400249,Webberville Solar Project,TX,3781.196961497035
2026,1,p65,Victoria Landfill,405700,Aktina Solar,TX,2198.0064603601027
2026,1,p65,Victoria Landfill,404074,"Alexis Solar, LLC",TX,239953.74782516705
2026,1,p65,Victoria Landfill,405727,Bernard Creek Solar,TX,7929.478260468454
2026,1,p65,Victoria Landfill,400081,Blue Wing Solar Energy Generation,TX,109915.49922619123
2026,1,p65,Victoria Landfill,405477,Brightside,TX,34023.16204473114
2026,1,p65,Victoria Landfill,401728,CPS 1 Community Solar,TX,1573288.0339489677
2026,1,p65,Victoria Landfill,402656,Cascade Solar (TX),TX,122054.41072600274
2026,1,p65,Victoria Landfill,403987,Catan Solar,TX,75823.03272924382
2026,1,p65,Victoria Landfill,403091,Commerce Solar,TX,352526.02197080577
2026,1,p65,Victoria Landfill,404247,"Corazon Energy, LLC",TX,12211.557320702837
2026,1,p65,Victoria Landfill,404062,Elara Solar,TX,16203.19864178932
2026,1,p65,Victoria Landfill,404359,FELPS 1-Calaveras,TX,1514131.0541532792
2026,1,p65,Victoria Landfill,404361,FELPS 2-Calaveras,TX,1704643.0324933652
2026,1,p65,Victoria Landfill,404362,FELPS 3-Floresville South,TX,1202451.9986865101
2026,1,p65,Victoria Landfill,404363,FELPS 4-Floresville South,TX,1202631.7548812423
2026,1,p65,Victoria Landfill,404364,FELPS 5-Floresville South,TX,1202949.1210196372
2026,1,p65,Victoria Landfill,404739,FELPS 6- Floresville West,TX,1826890.3545295317
2026,1,p65,Victoria Landfill,404740,FELPS 7- Floresville West,TX,1826610.9397609353
2026,1,p65,Victoria Landfill,406516,Ganado Solar,TX,3813.5864995282727
2026,1,p65,Victoria Landfill,405801,Horizon Solar,TX,17221.228319186343
2026,1,p65,Victoria Landfill,405380,IKEA Live Oak Rooftop PV System,TX,1896976.3238886003
2026,1,p65,Victoria Landfill,403343,Mars Solar,TX,280500.6346507923
2026,1,p65,Victoria Landfill,404877,Nebula Solar,TX,30479.438651262873
2026,1,p65,Victoria Landfill,400694,"OCI Alamo 2, LLC",TX,441217.9277007335
2026,1,p65,Victoria Landfill,400965,"OCI Alamo 3, LLC",TX,278613.38956822234
2026,1,p65,Victoria Landfill,400966,"OCI Alamo 5, LLC",TX,34928.62218469039
2026,1,p65,Victoria Landfill,400593,OCI Alamo Solar I Hybrid,TX,76192.39053385424
2026,1,p65,Victoria Landfill,405809,Shakes Solar,TX,21957.496201942144
2026,1,p65,Victoria Landfill,405545,Sparta Solar,TX,5710.340851049793
2026,1,p65,Victoria Landfill,400379,"SunE CPS1, LLC",TX,169952.24592463748
2026,1,p65,Victoria Landfill,400364,"SunE CPS2, LLC",TX,170687.33105750656
2026,1,p65,Victoria Landfill,400353,"SunE CPS3, LLC",TX,233014.91037698893
2026,1,p65,Victoria Landfill,406032,Tres Bahias,TX,2212.46324345373
2026,1,p65,Victoria Landfill,404878,Vancourt Solar Interconnections,TX,63527.67566884774
2026,1,p66,Victoria Landfill,406386,Umbriel Solar,TX,6002.616633336837
2026,1,p67,Victoria Landfill,404939,Brazoria County Solar Project (Danciger),TX,821.9683289659447
2026,1,p67,Victoria Landfill,404681,Brazoria West,TX,894.1590603052194
2026,1,p67,Victoria Landfill,402649,Bronson,TX,14623.846057316849
2026,1,p67,Victoria Landfill,406178,"Cutlass Solar 1, LLC",TX,1457.347516593853
2026,1,p67,Victoria Landfill,404587,Fighting Jays Solar Project,TX,887.9393961547513
2026,1,p67,Victoria Landfill,405564,"Fort Bend Solar, LLC",TX,669.7525910856166
2026,1,p67,Victoria Landfill,404853,"Longbow Solar, LLC",TX,3384.793393045319
2026,1,p67,Victoria Landfill,403514,Wagyu,TX,1464.278293460768
2026,2,p12,Apex Regional Landfill,402144,Battle Mountain Solar Project,NV,1180.3707556515428
2026,2,p12,Apex Regional Landfill,405553,Dodge Flat,NV,1580.1487255344146
2026,2,p12,Apex Regional Landfill,402609,"EGP Stillwater Solar PV II, LLC",NV,4172.055359368434
2026,2,p12,Apex Regional Landfill,404659,Fish Springs,NV,2128.1781703249203
2026,2,p12,Apex Regional Landfill,401086,Ft. Churchill PV,NV,15361.105649244504
2026,2,p12,Apex Regional Landfill,405028,Galena 2 Geothermal Power Plant,NV,309685.6410838759
2026,2,p12,Apex Regional Landfill,402130,Luning Energy,NV,1349.2374466049284
2026,2,p12,Apex Regional Landfill,403107,NVSS-II,NV,1007.70005442498
2026,2,p12,Apex Regional Landfill,400468,"Patua Acquisition Project, LLC",NV,41566.23288059505
2026,2,p12,Apex Regional Landfill,405021,Steamboat Hills LP,NV,58133.2377842861
2026,2,p12,Apex Regional Landfill,405023,Steamboat II,NV,56212.08629808493
2026,2,p12,Apex Regional Landfill,400029,Stillwater Facility,NV,6357.000406987463
2026,2,p12,Apex Regional Landfill,401318,Sunshine Valley Solar,NV,300.29753170026885
2026,2,p12,Apex Regional Landfill,405026,TS Power Plant,NV,1174.5949900848996
2026,2,p12,Apex Regional Landfill,401943,Tungsten Mountain,NV,10591.14573628441
2026,2,p12,Apex Regional Landfill,403308,Turquoise Liberty Solar,NV,23208.567285210545
2026,2,p12,Apex Regional Landfill,403884,"Turquoise Nevada, LLC",NV,3447.6600573572136
2026,2,p12,Apex Regional Landfill,400035,Western 102 Power Plant,NV,922795.5022924746
2026,2,p13,Apex Regional Landfill,400555,Apex Solar PV Power Project,NV,1063.1174692291434
2026,2,p13,Apex Regional Landfill,405385,Arrow Canyon Solar Hybrid,NV,448.2980122243664
2026,2,p13,Apex Regional Landfill,402017,"Boulder Solar II, LLC",NV,403.50883202603023
2026,2,p13,Apex Regional Landfill,401649,"Boulder Solar Power, LLC",NV,245.8434531575926
2026,2,p13,Apex Regional Landfill,400059,CM10,NV,6708.87049383136
2026,2,p13,Apex Regional Landfill,400086,CM48,NV,518.1574002643056
2026,2,p13,Apex Regional Landfill,400363,Copper Mountain Solar 2,NV,193.1685259844714
2026,2,p13,Apex Regional Landfill,400802,Copper Mountain Solar 3,NV,109.60569812655078
2026,2,p13,Apex Regional Landfill,401308,"Copper Mountain Solar 4, LLC",NV,263.6376845576927
2026,2,p13,Apex Regional Landfill,403688,"Copper Mountain Solar 5, LLC",NV,142.15379548839317
2026,2,p13,Apex Regional Landfill,405358,Dignity - San Martin,NV,7194.340914496443
2026,2,p13,Apex Regional Landfill,405355,Dignity - Siena Campus,NV,9276.086301117268
2026,2,p13,Apex Regional Landfill,405556,Dry Lake Solar Energy Center,NV,195.0372182690497
2026,2,p13,Apex Regional Landfill,405495,Gemini Solar,NV,88.86488372560137
2026,2,p13,Apex Regional Landfill,403386,"Harry Allen Solar Energy, LLC",NV,286.3745475296732
2026,2,p13,Apex Regional Landfill,406090,IGS LAS1,NV,11181.341131767253
2026,2,p13,Apex Regional Landfill,406089,IGS VGT,NV,8770.271264635761
2026,2,p13,Apex Regional Landfill,405309,IKEA Las Vegas 462,NV,10738.928059332049
2026,2,p13,Apex Regional Landfill,400545,Las Vegas WPCF Solar Plant,NV,1295.197994392354
2026,2,p13,Apex Regional Landfill,400313,Moapa Southern Paiute,NV,149.41373050859775
2026,2,p13,Apex Regional Landfill,400600,Mountain View Solar,NV,1061.377378447487
2026,2,p13,Apex Regional Landfill,400036,Nellis Air Force Base Solar Array,NV,620.4519997301916
2026,2,p13,Apex Regional Landfill,401381,Nellis Solar PV II,NV,308.64413218799456
2026,2,p13,Apex Regional Landfill,401319,"Playa Solar 1, LLC",NV,250.79410414511716
2026,2,p13,Apex Regional Landfill,401596,Playa Solar 2,NV,210.95697811024255
2026,2,p13,Apex Regional Landfill,401274,River Mountains Solar,NV,823.8479604449401
2026,2,p13,Mohave Valley Landfill,401042,Searchlight Solar,NV,2569.716899488164
2026,2,p13,Apex Regional Landfill,400166,Silver State Solar Power North,NV,686.9252200902871
2026,2,p13,Apex Regional Landfill,400658,Silver State Solar Power South,NV,201.2192888857148
2026,2,p13,Apex Regional Landfill,405246,"Solar Las Vegas MB 2, LLC",NV,3705.744680030725
2026,2,p13,Apex Regional Landfill,405188,Solar Las Vegas MB-1,NV,1343.0100607659756
2026,2,p13,Apex Regional Landfill,400556,Spectrum Solar PV Power Project,NV,416.27730074586435
2026,2,p13,Apex Regional Landfill,402485,"Techren Solar I, LLC",NV,219.50084424339846
2026,2,p13,Apex Regional Landfill,402690,"Techren Solar II, LLC",NV,131.41827278761338
2026,2,p13,Apex Regional Landfill,402691,"Techren Solar III, LLC",NV,1036.7685734960426
2026,2,p13,Apex Regional Landfill,402692,"Techren Solar IV, LLC",NV,1299.2826910068652
2026,2,p13,Apex Regional Landfill,403001,Techren Solar V,NV,359.1278145844063
2026,2,p13,Apex Regional Landfill,401851,Townsite Solar Project Hybrid,NV,150.8086577670274
2026,2,p13,Apex Regional Landfill,406448,Yellow Pine II,NV,556.6923916607552
2026,2,p13,Apex Regional Landfill,404971,Yellow Pine Solar,NV,577.5793061167864
2026,2,p27,Mohave Valley Landfill,400374,"Black Mountain Solar, LLC",AZ,493.7014054355675
2026,2,p27,Mohave Valley Landfill,402236,Gray Hawk Solar,AZ,203.02121756496916
2026,2,p27,Mohave Valley Landfill,401819,Jacobson 5 MW Solar,AZ,1883.4459898599787
2026,2,p27,Mohave Valley Landfill,400199,La Senita,AZ,5426.588830779156
2026,2,p27,Mohave Valley Landfill,403718,Mohave Electric Cooperative at Joy Lane,AZ,86.25108353598921
2026,2,p27,Mohave Valley Landfill,401311,Mohave Electric at Fort Mohave,AZ,194.33277760920754
2026,2,p27,Mohave Valley Landfill,406478,Mohave Energy - Hybrid,AZ,66.413205347392
2026,2,p28,Apache Junction Landfill,405418,AZ State University - Tempe Campus Solar,AZ,7006.106731980008
2026,2,p28,South Yuma County Landfill,400148,Agua Caliente Solar Project,AZ,255.31909484471072
2026,2,p28,Apache Junction Landfill,402067,Apache Solar 1,AZ,6746.565422667578
2026,2,p28,South Yuma County Landfill,400274,Arizona Western College PV,AZ,2275.603474458746
2026,2,p28,Apache Junction Landfill,400240,Arlington Valley Solar Energy II,AZ,568.7249975338282
2026,2,p28,Apache Junction Landfill,400437,Badger 1,AZ,3649.9441596112433
2026,2,p28,Apache Junction Landfill,401688,Bonnybrooke PV,AZ,542.7825257799269
2026,2,p28,Apache Junction Landfill,400371,Buckeye Union HS District 201,AZ,18764.02435819646
2026,2,p28,Apache Junction Landfill,405635,"Central Line Solar, LLC",AZ,420.0763250477825
2026,2,p28,Apache Junction Landfill,400201,Chino Solar Valley,AZ,5807.025200051704
2026,2,p28,Apache Junction Landfill,400202,Cotton Center Solar Hybrid,AZ,2961.26321821284
2026,2,p28,Apache Junction Landfill,401069,Desert Star Hybrid,AZ,4341.203678257943
2026,2,p28,Apache Junction Landfill,403257,East Line Solar,AZ,333.86929010107883
2026,2,p28,Apache Junction Landfill,406171,Eleven Mile Solar Center,AZ,138.2370862510671
2026,2,p28,Apache Junction Landfill,405244,Estrella Mountain PV,AZ,19062.378574973605
2026,2,p28,South Yuma County Landfill,400349,Foothills Solar Plant Hybrid,AZ,318.9635944449737
2026,2,p28,Apache Junction Landfill,400825,Fort Huachuca Solar PV Project,AZ,9730.375530288231
2026,2,p28,Apache Junction Landfill,400845,Gila Bend Hybrid,AZ,1910.3671745642118
2026,2,p28,Apache Junction Landfill,400599,"Gilbert Solar Facility I, LLC",AZ,4559.355389153135
2026,2,p28,South Yuma County Landfill,400507,Hyder II Hybrid,AZ,4102.672701226835
2026,2,p28,South Yuma County Landfill,400204,Hyder Solar Hybrid,AZ,4518.372871124784
2026,2,p28,Apache Junction Landfill,405282,Intel - Ocotillo Campus Solar,AZ,4727.247123317022
2026,2,p28,Apache Junction Landfill,405125,Jewish Community Center PV,AZ,22787.497590336116
2026,2,p28,Apache Junction Landfill,402234,Kayenta Solar Project,AZ,3605.5476208890786
2026,2,p28,Apache Junction Landfill,400595,Lake Pleasant WTP,AZ,6202.900599742811
2026,2,p28,Apache Junction Landfill,400128,Luke Solar,AZ,3618.3113863474696
2026,2,p28,Apache Junction Landfill,405068,Macys Goodyear,AZ,11839.567313382675
2026,2,p28,South Yuma County Landfill,406279,McFarland A Solar and Storage,AZ,320.0097483877183
2026,2,p28,Apache Junction Landfill,405617,Mesa Carport PV,AZ,792.0304864938219
2026,2,p28,Apache Junction Landfill,404512,Mesa Solar Array,AZ,914.0978468701525
2026,2,p28,Apache Junction Landfill,400250,Mesquite Solar 1,AZ,1171.889728853221
2026,2,p28,Apache Junction Landfill,401621,"Mesquite Solar 2, LLC",AZ,680.8545591520187
2026,2,p28,Apache Junction Landfill,401622,"Mesquite Solar 3, LLC",AZ,590.6503964112454
2026,2,p28,Apache Junction Landfill,406038,"Mesquite Solar 4, LLC",AZ,1139.2942014828561
2026,2,p28,Apache Junction Landfill,404922,"Mesquite Solar 5, LLC",AZ,1104.6181527145995
2026,2,p28,Mohave Valley Landfill,403572,OE_AZ1,AZ,2763.7353151718503
2026,2,p28,Apache Junction Landfill,400203,Paloma Solar Hybrid,AZ,3586.449420630655
2026,2,p28,Apache Junction Landfill,405126,Paradise Valley H.S. PV,AZ,22764.099850658855
2026,2,p28,Apache Junction Landfill,405150,Phoenix Airport East Economy Lot,AZ,24677.21921810667
2026,2,p28,Apache Junction Landfill,405151,Phoenix Airport Rental Car Center,AZ,44731.59981176904
2026,2,p28,Apache Junction Landfill,402528,Pinal Central Energy Center Hybrid,AZ,1262.5710570006022
2026,2,p28,Apache Junction Landfill,400125,"Poseidon Solar, LLC",AZ,629.5721687791263
2026,2,p28,Apache Junction Landfill,400031,Prescott Airport,AZ,24744.50781503837
2026,2,p28,Apache Junction Landfill,400401,Prescott Solar Plant,AZ,10294.593114330451
2026,2,p28,Apache Junction Landfill,400323,Queen Creek Solar Farm,AZ,394.8793707097561
2026,2,p28,Mohave Valley Landfill,400289,"RE Bagdad Solar I, LLC",AZ,4900.404326257814
2026,2,p28,Apache Junction Landfill,405132,"RE Gillespie 1, LLC",AZ,3301.7945588008006
2026,2,p28,Apache Junction Landfill,400758,Red Horse 2,AZ,1486.4961119406257
2026,2,p28,Apache Junction Landfill,401609,Red Horse III,AZ,2678.0856168356436
2026,2,p28,Apache Junction Landfill,401726,Red Rock,AZ,1085.405803265848
2026,2,p28,Apache Junction Landfill,406380,SR McNeal,AZ,5931.959375547948
2026,2,p28,Apache Junction Landfill,400416,Saddle Mountain Solar I,AZ,9154.774576590578
2026,2,p28,Apache Junction Landfill,403674,Saint Solar,AZ,409.1810903153559
2026,2,p28,Apache Junction Landfill,401214,Sandstone Solar,AZ,567.9955544478262
2026,2,p28,Apache Junction Landfill,405029,Solana Generating Station,AZ,329.97282780554843
2026,2,p28,Apache Junction Landfill,406275,Sonoran Solar Energy,AZ,153.87696311206784
2026,2,p28,Apache Junction Landfill,406034,Storey Solar and Storage,AZ,261.02248287241093
2026,2,p28,Apache Junction Landfill,401664,Sulphur Springs,AZ,4576.827861606993
2026,2,p28,Apache Junction Landfill,403643,Sun Streams 2,AZ,637.6058337001857
2026,2,p28,Apache Junction Landfill,406517,Sun Streams 3,AZ,318.04321400977074
2026,2,p28,Apache Junction Landfill,401975,"Sun Streams, LLC",AZ,899.7800198760403
2026,2,p28,Apache Junction Landfill,405311,T0588 Phoenix - AZ,AZ,29780.082697895414
2026,2,p28,Apache Junction Landfill,405134,Union HS at Casa Grande,AZ,15986.252106199854
2026,2,p28,Apache Junction Landfill,405135,Vista Grande HS at Casa Grande,AZ,19662.412120430825
2026,2,p28,Apache Junction Landfill,400334,Walmart Casa Grande,AZ,16668.885379029918
2026,2,p28,Apache Junction Landfill,406098,"West Line Solar, LLC",AZ,377.0923626389093
2026,2,p29,Apache Junction Landfill,400014,Springerville,AZ,10037.173153415964
2026,2,p30,Apache Junction Landfill,405143,Actus Lend Lease DMAFB,AZ,14483.186335263092
2026,2,p30,Apache Junction Landfill,405611,Amazon TUS2,AZ,15703.26620191333
2026,2,p30,Apache Junction Landfill,405268,Amphitheater High School Solar,AZ,31984.11844207807
2026,2,p30,Apache Junction Landfill,400939,Avalon Solar,AZ,1685.543174398106
2026,2,p30,Apache Junction Landfill,401479,Avalon Solar II,AZ,2993.9213828293837
2026,2,p30,Apache Junction Landfill,400226,Avra Valley Solar,AZ,1513.9504064033795
2026,2,p30,Apache Junction Landfill,404704,Broadway 2 - Tucson Phase II,AZ,12845.573788483061
2026,2,p30,Apache Junction Landfill,405768,Broadway 3 - Tucson Phase I,AZ,30674.40385570259
2026,2,p30,Apache Junction Landfill,405269,Canyon Del Oro High School Solar,AZ,7454.415278733949
2026,2,p30,Apache Junction Landfill,400757,Cogenra-TEP,AZ,37578.113977671615
2026,2,p30,Apache Junction Landfill,401295,Davis Monthan AFB (AZ) West Airfield,AZ,4022.8720783928093
2026,2,p30,Apache Junction Landfill,400330,FRB Solar Farm,AZ,19679.563064597613
2026,2,p30,Apache Junction Landfill,400761,"Gato Montes Solar, LLC",AZ,15012.090940898155
2026,2,p30,Apache Junction Landfill,404536,Iron Horse Battery Storage Hybrid,AZ,23472.23180835111
2026,2,p30,Apache Junction Landfill,400552,"Picture Rocks Solar, LLC",AZ,3480.7971622596106
2026,2,p30,Apache Junction Landfill,405374,Pima Community College,AZ,40942.001918589376
2026,2,p30,Apache Junction Landfill,405303,Pima Community College - East Campus,AZ,33566.83607971128
2026,2,p30,Apache Junction Landfill,405516,Pima Community College NW,AZ,25398.962646895572
2026,2,p30,Apache Junction Landfill,400408,Prairie Fire,AZ,8291.003584501865
2026,2,p30,Apache Junction Landfill,400290,"RE Ajo 1, LLC",AZ,8863.484238650488
2026,2,p30,Apache Junction Landfill,404926,Raptor Ridge,AZ,3237.4023140031604
2026,2,p30,Apache Junction Landfill,400857,Rio Rico Solar,AZ,12300.388324831349
2026,2,p30,Apache Junction Landfill,400193,Roger Road WWTP,AZ,34426.25697693385
2026,2,p30,Apache Junction Landfill,401076,Tech Park Solar,AZ,7405.473393501464
2026,2,p30,Apache Junction Landfill,400156,UASTP I,AZ,52283.52230826225
2026,2,p30,Apache Junction Landfill,401075,Valencia Solar,AZ,5023.833596513601
2026,2,p30,Apache Junction Landfill,404187,"Wilmot Energy Center, LLC",AZ,469.0754751720658
2026,2,p31,City of Clovis Landfill,400211,Alamogordo Solar Energy Center,NM,51812.19539009437
2026,2,p31,Northeastern New Mexico Regional Landfill,400206,Albuquerque Solar Energy Center,NM,92860.55481465573
2026,2,p31,Northeastern New Mexico Regional Landfill,403675,Alcalde Solar Array,NM,41660.01054564065
2026,2,p31,Apache Junction Landfill,401595,Alta Luna,NM,10200.40285689158
2026,2,p31,Northeastern New Mexico Regional Landfill,404724,Angel Fire Energy Facility,NM,4862.239169387166
2026,2,p31,Northeastern New Mexico Regional Landfill,405469,Arroyo Solar Energy Storage Hybrid,NM,671.9120021818927
2026,2,p31,Northeastern New Mexico Regional Landfill,403321,Bluewater CDEC 1,NM,135753.60206303126
2026,2,p31,Northeastern New Mexico Regional Landfill,403736,Britton Solar Energy Center,NM,2624.9528720793924
2026,2,p31,City of Clovis Landfill,404981,Buena Vista Energy Center,NM,2402.0938217645435
2026,2,p31,Northeastern New Mexico Regional Landfill,402876,CNMEC Solar Energy Center,NM,88501.92100958513
2026,2,p31,City of Clovis Landfill,402519,Carrizozo Solar,NM,88227.04352026718
2026,2,p31,Northeastern New Mexico Regional Landfill,401202,Cibola,NM,30268.20417376367
2026,2,p31,Northeastern New Mexico Regional Landfill,400104,Cimarron Solar Facility,NM,1007.8122853230267
2026,2,p31,Apache Junction Landfill,402988,City of Gallup Solar,NM,31981.858419023563
2026,2,p31,Northeastern New Mexico Regional Landfill,403604,City of Rio Rancho WWTP,NM,148329.29532706004
2026,2,p31,Apache Junction Landfill,401225,City of Truth or Consequences PV,NM,152569.12004904763
2026,2,p31,Apache Junction Landfill,402177,Columbus Solar Project,NM,156333.14821381075
2026,2,p31,Northeastern New Mexico Regional Landfill,404748,"Cuba 2.5ac, LLC",NM,59914.790804203636
2026,2,p31,Apache Junction Landfill,400209,Deming Solar Energy Center,NM,43949.04678786206
2026,2,p31,Northeastern New Mexico Regional Landfill,403868,Encino Solar Energy Center,NM,3199.8118140721926
2026,2,p31,Northeastern New Mexico Regional Landfill,401038,Eubank Landfill Solar Array,NM,83375.13154509179
2026,2,p31,Northeastern New Mexico Regional Landfill,402441,Facebook 1 Solar Energy Center,NM,17432.76426056169
2026,2,p31,Northeastern New Mexico Regional Landfill,402442,Facebook 2 Solar Energy Center,NM,16777.416896055278
2026,2,p31,Northeastern New Mexico Regional Landfill,402443,Facebook 3 Solar Energy Center,NM,16791.492662064345
2026,2,p31,Northeastern New Mexico Regional Landfill,403322,Grants CDEC 2,NM,70702.73050834535
2026,2,p31,Apache Junction Landfill,400216,"Hatch Solar Energy Center I, LLC",NM,74586.92462111912
2026,2,p31,City of Clovis Landfill,401617,Holloman Solar Facility,NM,57572.81580020648
2026,2,p31,Northeastern New Mexico Regional Landfill,406109,"Jicarilla Solar 1, LLC",NM,4314.67417437543
2026,2,p31,Northeastern New Mexico Regional Landfill,400427,Kit Carson,NM,94699.15424791892
2026,2,p31,Northeastern New Mexico Regional Landfill,400210,Las Vegas Solar Energy Center,NM,12867.639688635116
2026,2,p31,Northeastern New Mexico Regional Landfill,400434,Los Alamos PV Site,NM,136789.94039116122
2026,2,p31,Northeastern New Mexico Regional Landfill,400207,Los Lunas Solar Energy Center,NM,31018.474243082543
2026,2,p31,Apache Junction Landfill,400838,Macho Springs,NM,5488.067490417198
2026,2,p31,Northeastern New Mexico Regional Landfill,400582,Manzano Solar,NM,23895.725971902328
2026,2,p31,Northeastern New Mexico Regional Landfill,401201,Meadow Lake Solar Energy Center,NM,22216.78267766467
2026,2,p31,Northeastern New Mexico Regional Landfill,406177,"NMRD Data Center III, LLC",NM,3154.1898766842
2026,2,p31,City of Clovis Landfill,405693,NMSU Solar and Storage,NM,110314.69029387452
2026,2,p31,Northeastern New Mexico Regional Landfill,406375,OE_ESCL,NM,1490.8247852606537
2026,2,p31,City of Clovis Landfill,400581,Otero Solar,NM,32891.268883246325
2026,2,p31,Northeastern New Mexico Regional Landfill,400146,Questa Solar Facility,NM,78874.86684231603
2026,2,p31,Northeastern New Mexico Regional Landfill,403178,"RC Energy AA, LLC Solar Facility",NM,208941.4933341009
2026,2,p31,Northeastern New Mexico Regional Landfill,401566,Rio Communities Solar Energy Center,NM,25749.69201594749
2026,2,p31,Northeastern New Mexico Regional Landfill,403084,Rio De Oro Solar Energy Center,NM,19631.162364696207
2026,2,p31,Northeastern New Mexico Regional Landfill,400624,Rio Rancho High School,NM,185563.61664590097
2026,2,p31,City of Clovis Landfill,400135,Roadrunner Solar,NM,15776.355897435731
2026,2,p31,Northeastern New Mexico Regional Landfill,404648,"Route 66 Energy Center, LLC",NM,5370.902748269811
2026,2,p31,Northeastern New Mexico Regional Landfill,403387,San Miguel I Solar Energy Center,NM,6370.802217835369
2026,2,p31,Northeastern New Mexico Regional Landfill,405458,San Miguel II Solar Energy Center,NM,5082.283655932443
2026,2,p31,Northeastern New Mexico Regional Landfill,401161,Sandoval Solar Energy Center,NM,28528.52998073377
2026,2,p31,Northeastern New Mexico Regional Landfill,401564,Santa Fe Solar Energy Center,NM,15530.760700458299
2026,2,p31,Northeastern New Mexico Regional Landfill,401565,Santolina Solar Energy Center,NM,20277.925397864943
2026,2,p31,Apache Junction Landfill,400596,Silver City WWTP PV Project,NM,256242.06801150853
2026,2,p31,Northeastern New Mexico Regional Landfill,406343,Sky Ranch Solar,NM,973.1573934557271
2026,2,p31,Northeastern New Mexico Regional Landfill,401563,South Valley Solar Energy Center,NM,18249.308497120466
2026,2,p31,Northeastern New Mexico Regional Landfill,401162,Springer Solar 1,NM,30379.726789215187
2026,2,p31,Northeastern New Mexico Regional Landfill,400735,Storrie Lake Solar Project,NM,47133.980027620935
2026,2,p31,Northeastern New Mexico Regional Landfill,400623,Sue Cleveland High School,NM,161223.05207628722
2026,2,p31,City of Clovis Landfill,400343,"SunE EPE1, LLC",NM,28878.56454414264
2026,2,p31,City of Clovis Landfill,400342,"SunE EPE2, LLC",NM,25730.12555681328
2026,2,p31,Northeastern New Mexico Regional Landfill,402854,Syncarpha Eagle Nest,NM,66660.11332309074
2026,2,p31,Northeastern New Mexico Regional Landfill,403412,Syncarpha El Rito,NM,79129.59160866174
2026,2,p31,Northeastern New Mexico Regional Landfill,403413,Syncarpha Questa,NM,57696.88848677027
2026,2,p31,Northeastern New Mexico Regional Landfill,403411,Syncarpha Taos,NM,31460.16862012134
2026,2,p31,Northeastern New Mexico Regional Landfill,404618,Taos Mesa Energy Facility Hybrid,NM,6581.075077729343
2026,2,p31,Northeastern New Mexico Regional Landfill,403011,Vista Solar Energy Center,NM,17259.475871382067
2026,2,p31,City of Clovis Landfill,400354,WSMR I,NM,75344.11497339982
2026,2,p31,Apache Junction Landfill,405245,Wal-Mart Truth or Consequences PV,NM,974491.6323527849
2026,2,p47,City of Clovis Landfill,400979,"Caprock Solar 1, LLC",NM,2271.47237021424
2026,2,p47,City of Clovis Landfill,404980,Chaves County Solar II,NM,3768.4331681968515
2026,2,p47,City of Clovis Landfill,401681,"Chaves Solar, LLC",NM,1619.8438351637096
2026,2,p47,City of Clovis Landfill,400614,GSE NM1,NM,92565.75634776772
2026,2,p47,City of Clovis Landfill,404982,Hayhurst New Mexico Solar,NM,10859.00175669899
2026,2,p47,City of Clovis Landfill,402530,Middle Daisy,NM,24994.92033296417
2026,2,p47,City of Clovis Landfill,401682,"Roswell Solar, LLC",NM,2026.9173997188648
2026,2,p47,City of Clovis Landfill,400546,SEV NM Phase 2,NM,124571.63645065812
2026,2,p47,City of Clovis Landfill,400260,SPS1 Dollarhide,NM,18105.78191868656
2026,2,p47,City of Clovis Landfill,400261,SPS2 Jal,NM,25216.85828695409
2026,2,p47,City of Clovis Landfill,400262,SPS3 Lea,NM,19176.342260198835
2026,2,p47,City of Clovis Landfill,400264,SPS5 Hopi,NM,25513.730236534524
2026,2,p47,City of Clovis Landfill,404698,SoCore Clovis 1,NM,4151.856875512234
2026,2,p48,City of Clovis Landfill,406439,"BESSP1, LLC",TX,442324.71330987196
2026,2,p48,City of Clovis Landfill,405590,"Hecate Energy Frye Solar, LLC",TX,1213.222327836613
2026,2,p57,Victoria Landfill,404918,"Hecate Energy Upshur Rural, LLC",TX,22676.340318786362
2026,2,p59,City of Clovis Landfill,402666,Fort Bliss (DEA EPIC),TX,41331.90618790766
2026,2,p59,City of Clovis Landfill,401616,Montana Solar Facility,TX,30275.452817511985
2026,2,p59,City of Clovis Landfill,401045,Newman Solar,TX,10045.466708538317
2026,2,p60,City of Clovis Landfill,403962,"ANSON Solar Center, LLC",TX,846.7449377038016
2026,2,p60,City of Clovis Landfill,403883,Azure Sky Solar,TX,784.852883461807
2026,2,p60,City of Clovis Landfill,403232,"ENGIE Long Draw Solar, LLC",TX,445.1846749489556
2026,2,p60,City of Clovis Landfill,406252,Highpeak Solar 1,TX,9135.857597478393
2026,2,p60,City of Clovis Landfill,402721,Holstein 1 Solar Farm,TX,1247.167873718652
2026,2,p60,City of Clovis Landfill,405492,Juno Solar Project,TX,296.874282354071
2026,2,p60,City of Clovis Landfill,402541,Lamesa II,TX,2111.7592903745053
2026,2,p60,City of Clovis Landfill,401660,Lamesa Solar,TX,1201.7676415081721
2026,2,p60,City of Clovis Landfill,405932,Lumina II Solar Project,TX,330.6945784940646
2026,2,p60,City of Clovis Landfill,405933,Lumina Solar Project,TX,348.0823245706565
2026,2,p60,City of Clovis Landfill,402909,Misae Solar,TX,497.38639326571496
2026,2,p60,City of Clovis Landfill,400968,"OCI Alamo 7, LLC",TX,1908.5713270202418
2026,2,p60,City of Clovis Landfill,405939,Texas Solar Nova 1,TX,455.99593925603995
2026,2,p61,City of Clovis Landfill,400967,Alamo 6,TX,1132.99537578945
2026,2,p61,City of Clovis Landfill,403557,Aragorn Solar Project,TX,440.0463018160051
2026,2,p61,City of Clovis Landfill,400691,Barilla Solar,TX,3069.595406262034
2026,2,p61,City of Clovis Landfill,401946,Bluebell Solar,TX,3777.3387576457553
2026,2,p61,City of Clovis Landfill,403574,Bluebell Solar II,TX,992.1757870834634
2026,2,p61,City of Clovis Landfill,400554,"Bryan Solar, LLC",TX,10401.94480857904
2026,2,p61,City of Clovis Landfill,401463,Buckthorn Westex,TX,931.1178024656581
2026,2,p61,City of Clovis Landfill,401703,East Pecos Solar,TX,1037.9216127385398
2026,2,p61,City of Clovis Landfill,405363,Galloway 1 Solar Farm,TX,509.7687988262408
2026,2,p61,City of Clovis Landfill,405494,Galloway 2 Solar Farm,TX,793.0271002117963
2026,2,p61,City of Clovis Landfill,403210,Greasewood,TX,421.7095766243255
2026,2,p61,City of Clovis Landfill,406370,Hayhurst Texas Solar,TX,3294.3076019976065
2026,2,p61,City of Clovis Landfill,402304,Midway Solar-TX,TX,524.9891049684052
2026,2,p61,Victoria Landfill,400695,"OCI Alamo 4, LLC",TX,2835.493663654276
2026,2,p61,City of Clovis Landfill,401868,Pearl Solar,TX,2112.2144603429333
2026,2,p61,City of Clovis Landfill,402290,RE Maplewood,TX,346.48215776403225
2026,2,p61,City of Clovis Landfill,401430,RE Roserock,TX,786.0495546914021
2026,2,p61,City of Clovis Landfill,402848,Rambler,TX,648.343739056093
2026,2,p61,City of Clovis Landfill,402083,Solaire Holman Solar Project,TX,2403.8010947927223
2026,2,p61,City of Clovis Landfill,403023,"Taygete Energy Project, LLC",TX,398.0102422230101
2026,2,p61,City of Clovis Landfill,404647,Taygete II Energy Project,TX,497.86244689009004
2026,2,p61,City of Clovis Landfill,403551,Titan Solar Project,TX,314.6290311299071
2026,2,p61,Victoria Landfill,406103,Zier Solar,TX,594.1375978627075
2026,2,p62,City of Clovis Landfill,403502,2W Permian Solar Project Hybrid,TX,262.1430318286932
2026,2,p62,City of Clovis Landfill,403697,CED Crane Solar,TX,784.8374975335811
2026,2,p62,City of Clovis Landfill,401525,Castle Gap Solar Hybrid,TX,798.8922266369898
2026,2,p62,City of Clovis Landfill,404599,Emerald Grove,TX,989.7457624878771
2026,2,p62,City of Clovis Landfill,403004,Lapetus,TX,731.1660875775372
2026,2,p62,City of Clovis Landfill,403280,Oberon IA,TX,676.0237180653617
2026,2,p62,City of Clovis Landfill,403279,Oberon IB,TX,2500.3309976359756
2026,2,p62,City of Clovis Landfill,403602,Oxy Renewable Energy-Goldsmith,TX,5285.767277392258
2026,2,p62,City of Clovis Landfill,402679,Phoebe Solar,TX,337.78413395491486
2026,2,p62,City of Clovis Landfill,403177,Prospero Solar,TX,269.1856756774899
2026,2,p62,City of Clovis Landfill,404128,Prospero Solar II,TX,224.2360536589562
2026,2,p62,City of Clovis Landfill,403070,"Roadrunner, LLC",TX,516.9391743665734
2026,2,p62,City of Clovis Landfill,401805,Upton County Solar,TX,1138.0376796281869
2026,2,p62,City of Clovis Landfill,402995,West of the Pecos Solar,TX,813.9603393593991
2026,2,p63,Victoria Landfill,405599,"BPL Crown Solar, LLC",TX,1457.8297640057135
2026,2,p63,Victoria Landfill,404966,BPL Files Solar,TX,1744.2664535178615
2026,2,p63,Victoria Landfill,403825,Briar Creek Solar 1,TX,2417.603591701116
2026,2,p63,Victoria Landfill,402610,Chisum,TX,33889.58986536421
2026,2,p63,Victoria Landfill,401697,CoServ Community Solar Station,TX,607113.6920772224
2026,2,p63,Victoria Landfill,403188,Coniglio Solar,TX,4154.665566477067
2026,2,p63,Victoria Landfill,406415,Dileo Solar,TX,2969.3681136926907
2026,2,p63,Victoria Landfill,402655,Eddy II,TX,13945.177295356598
2026,2,p63,Victoria Landfill,406221,Eiffel Solar Project,TX,1657.5615235759885
2026,2,p63,Victoria Landfill,405540,"Ellis Solar, LLC",TX,5065.718583755369
2026,2,p63,Victoria Landfill,403823,Elm Branch Solar 1,TX,1804.522109251418
2026,2,p63,Victoria Landfill,406206,Five Wells Solar Center - Hybrid,TX,640.0780416547759
2026,2,p63,Victoria Landfill,404567,G.S.E. One LLC,TX,3509.4432575293886
2026,2,p63,Victoria Landfill,403288,Griffin Solar,TX,32881.10217018729
2026,2,p63,Victoria Landfill,406202,Grizzly Ridge Solar,TX,3503.415939354254
2026,2,p63,Victoria Landfill,402329,Highway 56 Solar,TX,49347.02493845601
2026,2,p63,Victoria Landfill,405319,IKEA Grand Prairie Rooftop PV System,TX,353532.999723072
2026,2,p63,Victoria Landfill,405689,"IP Radian, LLC",TX,783.1022632437584
2026,2,p63,Victoria Landfill,403481,Impact Solar 1,TX,1698.5318932725459
2026,2,p63,Victoria Landfill,403190,Kellam Solar,TX,3921.23923223431
2026,2,p63,Victoria Landfill,402421,Leon Solar,TX,23953.652612046946
2026,2,p63,Victoria Landfill,403874,Lily Solar Hybrid,TX,2060.6512588942073
2026,2,p63,Victoria Landfill,402404,Marlin Solar,TX,25998.45393247725
2026,2,p63,Victoria Landfill,405794,Noble Solar,TX,1336.035734370349
2026,2,p63,Victoria Landfill,402405,North Gainesville Solar,TX,63404.20921755807
2026,2,p63,Victoria Landfill,401933,Phantom Solar,TX,11059.792978566402
2026,2,p63,Victoria Landfill,404872,"Pisgah Ridge Solar, LLC",TX,1032.4512977755946
2026,2,p63,Victoria Landfill,406416,Pitts Dudik Solar,TX,6898.243902750808
2026,2,p63,Victoria Landfill,403189,Rippey Solar,TX,4854.699400679767
2026,2,p63,Victoria Landfill,404630,"Samson Solar Energy III, LLC",TX,1557.9864920973291
2026,2,p63,Victoria Landfill,402652,Sterling Solar (TX),TX,34283.3303907552
2026,2,p63,Victoria Landfill,404812,Sun Valley Solar Project,TX,898.1039981862647
2026,2,p63,Victoria Landfill,404388,"TPE Erath Solar, LLC",TX,20118.060514246154
2026,2,p63,Victoria Landfill,403457,"TPE Whitney Solar, LLC",TX,20402.056349478797
2026,2,p63,Victoria Landfill,405361,Toyota HQ Plan,TX,151304.29506553864
2026,2,p63,Victoria Landfill,405984,Waco Solar,TX,630.5005356022764
2026,2,p63,Victoria Landfill,402306,Walnut Springs Solar,TX,46025.40951774241
2026,2,p63,Victoria Landfill,402497,West Moore Solar II,TX,523268.42626592965
2026,2,p63,Victoria Landfill,402330,Whitesboro Solar,TX,174210.8776557513
2026,2,p63,Victoria Landfill,402331,Whitesboro Solar II,TX,261677.54196183343
2026,2,p63,Victoria Landfill,402414,Whitewright Solar,TX,85442.25865128677
2026,2,p63,Victoria Landfill,402654,Yellow Jacket,TX,43862.50411553788
2026,2,p64,Victoria Landfill,405731,Austin TX GigaFactory,TX,33835.57463664467
2026,2,p64,Victoria Landfill,402203,Bandera Electric Coop PV,TX,48965.87269645783
2026,2,p64,Victoria Landfill,404721,"Blue Jay Solar I, LLC",TX,407.61445757170515
2026,2,p64,Victoria Landfill,402648,Bovine,TX,3296.777845223161
2026,2,p64,Victoria Landfill,402389,"E-Volve Energy Holdings, LLC",TX,30133.86213903978
2026,2,p64,Victoria Landfill,400227,East Blackland Solar Project 1,TX,438.4008558530118
2026,2,p64,Victoria Landfill,405101,IKEA Round Rock 027,TX,64606.98424323709
2026,2,p64,Victoria Landfill,402653,Lampwick,TX,12839.132285261887
2026,2,p64,Victoria Landfill,405613,Niagara Bottling - Seguin,TX,8091.488106920927
2026,2,p64,Victoria Landfill,402544,PowerFin Kingsbery,TX,18056.023092189538
2026,2,p64,Victoria Landfill,400249,Webberville Solar Project,TX,2182.187720929768
2026,2,p65,Victoria Landfill,405700,Aktina Solar,TX,1323.2396575863988
2026,2,p65,Victoria Landfill,404074,"Alexis Solar, LLC",TX,141823.6789897333
2026,2,p65,Victoria Landfill,405727,Bernard Creek Solar,TX,5640.364892809015
2026,2,p65,Victoria Landfill,400081,Blue Wing Solar Energy Generation,TX,64978.295768870055
2026,2,p65,Victoria Landfill,405477,Brightside,TX,17262.90540596644
2026,2,p65,Victoria Landfill,401728,CPS 1 Community Solar,TX,836781.1258526514
2026,2,p65,Victoria Landfill,402656,Cascade Solar (TX),TX,82450.60627607263
2026,2,p65,Victoria Landfill,403987,Catan Solar,TX,44831.54140137853
2026,2,p65,Victoria Landfill,403091,Commerce Solar,TX,208347.64128519158
2026,2,p65,Victoria Landfill,404247,"Corazon Energy, LLC",TX,7240.692111423145
2026,2,p65,Victoria Landfill,404062,Elara Solar,TX,9599.530455555841
2026,2,p65,Victoria Landfill,404359,FELPS 1-Calaveras,TX,894791.7053284255
2026,2,p65,Victoria Landfill,404361,FELPS 2-Calaveras,TX,1151275.7332210566
2026,2,p65,Victoria Landfill,404362,FELPS 3-Floresville South,TX,710606.6927086139
2026,2,p65,Victoria Landfill,404363,FELPS 4-Floresville South,TX,710712.918636903
2026,2,p65,Victoria Landfill,404364,FELPS 5-Floresville South,TX,710900.4643997
2026,2,p65,Victoria Landfill,404739,FELPS 6- Floresville West,TX,1079615.0826981165
2026,2,p65,Victoria Landfill,404740,FELPS 7- Floresville West,TX,944526.156413054
2026,2,p65,Victoria Landfill,406516,Ganado Solar,TX,2277.957739161923
2026,2,p65,Victoria Landfill,405801,Horizon Solar,TX,12229.454811329602
2026,2,p65,Victoria Landfill,405380,IKEA Live Oak Rooftop PV System,TX,700667.3124792177
2026,2,p65,Victoria Landfill,403343,Mars Solar,TX,221026.34886726754
2026,2,p65,Victoria Landfill,404877,Nebula Solar,TX,25226.592576562925
2026,2,p65,Victoria Landfill,400694,"OCI Alamo 2, LLC",TX,417179.70966081106
2026,2,p65,Victoria Landfill,400965,"OCI Alamo 3, LLC",TX,182959.3666880768
2026,2,p65,Victoria Landfill,400966,"OCI Alamo 5, LLC",TX,33028.643742322514
2026,2,p65,Victoria Landfill,400593,OCI Alamo Solar I Hybrid,TX,25054.11861476718
2026,2,p65,Victoria Landfill,405809,Shakes Solar,TX,13000.000747496579
2026,2,p65,Victoria Landfill,405545,Sparta Solar,TX,3398.8342242644694
2026,2,p65,Victoria Landfill,400379,"SunE CPS1, LLC",TX,129141.58640607775
2026,2,p65,Victoria Landfill,400364,"SunE CPS2, LLC",TX,100891.07340488063
2026,2,p65,Victoria Landfill,400353,"SunE CPS3, LLC",TX,160667.1628599445
2026,2,p65,Victoria Landfill,406032,Tres Bahias,TX,2349.606909321708
2026,2,p65,Victoria Landfill,404878,Vancourt Solar Interconnections,TX,37565.66820389127
2026,2,p66,Victoria Landfill,406386,Umbriel Solar,TX,4370.699751653067
2026,2,p67,Victoria Landfill,404939,Brazoria County Solar Project (Danciger),TX,537.7998540295966
2026,2,p67,Victoria Landfill,404681,Brazoria West,TX,732.6803732899701
2026,2,p67,Victoria Landfill,402649,Bronson,TX,9195.762415017161
2026,2,p67,Victoria Landfill,406178,"Cutlass Solar 1, LLC",TX,936.3752744749714
2026,2,p67,Victoria Landfill,404587,Fighting Jays Solar Project,TX,653.4238642631846
2026,2,p67,Victoria Landfill,405564,"Fort Bend Solar, LLC",TX,538.0173629211006
2026,2,p67,Victoria Landfill,404853,"Longbow Solar, LLC",TX,2145.4683098644814
2026,2,p67,Victoria Landfill,403514,Wagyu,TX,940.7229732311382
2026,3,p12,Apex Regional Landfill,402144,Battle Mountain Solar Project,NV,1054.729999468038
2026,3,p12,Apex Regional Landfill,405553,Dodge Flat,NV,2345.421113301623
2026,3,p12,Apex Regional Landfill,402609,"EGP Stillwater Solar PV II, LLC",NV,4630.105515964928
2026,3,p12,Apex Regional Landfill,404659,Fish Springs,NV,2128.1781703249203
2026,3,p12,Apex Regional Landfill,401086,Ft. Churchill PV,NV,15361.105649244504
2026,3,p12,Apex Regional Landfill,402130,Luning Energy,NV,1349.2374466049284
2026,3,p12,Apex Regional Landfill,403107,NVSS-II,NV,1114.1551771388667
2026,3,p12,Apex Regional Landfill,400468,"Patua Acquisition Project, LLC",NV,10428.761182648763
2026,3,p12,Apex Regional Landfill,405023,Steamboat II,NV,168537.05099425477
2026,3,p12,Apex Regional Landfill,400029,Stillwater Facility,NV,5455.943770274967
2026,3,p12,Apex Regional Landfill,401318,Sunshine Valley Solar,NV,331.6342294128025
2026,3,p12,Apex Regional Landfill,405026,TS Power Plant,NV,1174.5949900848996
2026,3,p12,Apex Regional Landfill,405576,Tesla Reno GigaFactory,NV,136262.40633320494
2026,3,p12,Apex Regional Landfill,401943,Tungsten Mountain,NV,11762.428156982676
2026,3,p12,Apex Regional Landfill,403308,Turquoise Liberty Solar,NV,18576.774618168438
2026,3,p12,Apex Regional Landfill,403884,"Turquoise Nevada, LLC",NV,3447.6600573572136
2026,3,p12,Apex Regional Landfill,400035,Western 102 Power Plant,NV,461422.5531212372
2026,3,p13,Apex Regional Landfill,400555,Apex Solar PV Power Project,NV,1232.036389100667
2026,3,p13,Apex Regional Landfill,405385,Arrow Canyon Solar Hybrid,NV,448.2980122243664
2026,3,p13,Apex Regional Landfill,402017,"Boulder Solar II, LLC",NV,403.50883202603023
2026,3,p13,Apex Regional Landfill,401649,"Boulder Solar Power, LLC",NV,226.21950284183336
2026,3,p13,Apex Regional Landfill,400059,CM10,NV,2269.3594646104543
2026,3,p13,Apex Regional Landfill,400086,CM48,NV,576.7265815473438
2026,3,p13,Apex Regional Landfill,400363,Copper Mountain Solar 2,NV,193.1685259844714
2026,3,p13,Apex Regional Landfill,400802,Copper Mountain Solar 3,NV,116.27255902950087
2026,3,p13,Apex Regional Landfill,401308,"Copper Mountain Solar 4, LLC",NV,263.6376845576927
2026,3,p13,Apex Regional Landfill,403688,"Copper Mountain Solar 5, LLC",NV,142.15379548839317
2026,3,p13,Apex Regional Landfill,405358,Dignity - San Martin,NV,5050.91982514751
2026,3,p13,Apex Regional Landfill,405355,Dignity - Siena Campus,NV,6969.4657133379515
2026,3,p13,Apex Regional Landfill,405556,Dry Lake Solar Energy Center,NV,215.81339945034253
2026,3,p13,Apex Regional Landfill,405495,Gemini Solar,NV,94.47358854354444
2026,3,p13,Apex Regional Landfill,403386,"Harry Allen Solar Energy, LLC",NV,381.08278654154236
2026,3,p13,Apex Regional Landfill,406090,IGS LAS1,NV,12572.808279488156
2026,3,p13,Apex Regional Landfill,406089,IGS VGT,NV,8770.271264635761
2026,3,p13,Apex Regional Landfill,405309,IKEA Las Vegas 462,NV,9551.225380517379
2026,3,p13,Apex Regional Landfill,400545,Las Vegas WPCF Solar Plant,NV,1295.197994392354
2026,3,p13,Apex Regional Landfill,400313,Moapa Southern Paiute,NV,149.41373050859775
2026,3,p13,Apex Regional Landfill,400600,Mountain View Solar,NV,836.53883879249
2026,3,p13,Apex Regional Landfill,400036,Nellis Air Force Base Solar Array,NV,563.3671947571725
2026,3,p13,Apex Regional Landfill,401381,Nellis Solar PV II,NV,308.64413218799456
2026,3,p13,Apex Regional Landfill,401319,"Playa Solar 1, LLC",NV,250.79410414511716
2026,3,p13,Apex Regional Landfill,401596,Playa Solar 2,NV,210.95697811024255
2026,3,p13,Apex Regional Landfill,401274,River Mountains Solar,NV,920.6284617505578
2026,3,p13,Mohave Valley Landfill,401042,Searchlight Solar,NV,2253.5246869896437
2026,3,p13,Apex Regional Landfill,400166,Silver State Solar Power North,NV,766.5903788515732
2026,3,p13,Apex Regional Landfill,400658,Silver State Solar Power South,NV,251.75773518095312
2026,3,p13,Apex Regional Landfill,405246,"Solar Las Vegas MB 2, LLC",NV,3705.744680030725
2026,3,p13,Apex Regional Landfill,405188,Solar Las Vegas MB-1,NV,1181.3342969202286
2026,3,p13,Apex Regional Landfill,400556,Spectrum Solar PV Power Project,NV,416.27730074586435
2026,3,p13,Apex Regional Landfill,402485,"Techren Solar I, LLC",NV,219.50084424339846
2026,3,p13,Apex Regional Landfill,402690,"Techren Solar II, LLC",NV,131.41827278761338
2026,3,p13,Apex Regional Landfill,402691,"Techren Solar III, LLC",NV,817.3986571635887
2026,3,p13,Apex Regional Landfill,402692,"Techren Solar IV, LLC",NV,743.8699172260359
2026,3,p13,Apex Regional Landfill,403001,Techren Solar V,NV,359.1278145844063
2026,3,p13,Apex Regional Landfill,401851,Townsite Solar Project Hybrid,NV,150.8086577670274
2026,3,p13,Apex Regional Landfill,406448,Yellow Pine II,NV,556.6923916607552
2026,3,p13,Apex Regional Landfill,404971,Yellow Pine Solar,NV,577.5793061167864
2026,3,p27,Mohave Valley Landfill,400374,"Black Mountain Solar, LLC",AZ,558.4902919977916
2026,3,p27,Mohave Valley Landfill,402236,Gray Hawk Solar,AZ,203.02121756496916
2026,3,p27,Mohave Valley Landfill,401819,Jacobson 5 MW Solar,AZ,1473.8311475577616
2026,3,p27,Mohave Valley Landfill,400199,La Senita,AZ,5426.588830779156
2026,3,p27,Mohave Valley Landfill,403718,Mohave Electric Cooperative at Joy Lane,AZ,91.37018176221022
2026,3,p27,Mohave Valley Landfill,401311,Mohave Electric at Fort Mohave,AZ,163.50206198736603
2026,3,p27,Mohave Valley Landfill,406478,Mohave Energy - Hybrid,AZ,66.413205347392
2026,3,p28,Apache Junction Landfill,405418,AZ State University - Tempe Campus Solar,AZ,8746.05915997501
2026,3,p28,South Yuma County Landfill,400148,Agua Caliente Solar Project,AZ,255.31909484471072
2026,3,p28,Apache Junction Landfill,402067,Apache Solar 1,AZ,5257.616888741449
2026,3,p28,South Yuma County Landfill,400274,Arizona Western College PV,AZ,1955.7138681074962
2026,3,p28,Apache Junction Landfill,400240,Arlington Valley Solar Energy II,AZ,568.7249975338282
2026,3,p28,Apache Junction Landfill,400437,Badger 1,AZ,4550.855944514054
2026,3,p28,Apache Junction Landfill,401688,Bonnybrooke PV,AZ,480.7218375574359
2026,3,p28,Apache Junction Landfill,400371,Buckeye Union HS District 201,AZ,16424.308440921905
2026,3,p28,Apache Junction Landfill,405635,"Central Line Solar, LLC",AZ,420.0763250477825
2026,3,p28,Apache Junction Landfill,400201,Chino Solar Valley,AZ,6767.146563393653
2026,3,p28,Apache Junction Landfill,400202,Cotton Center Solar Hybrid,AZ,2961.26321821284
2026,3,p28,Apache Junction Landfill,401069,Desert Star Hybrid,AZ,4818.4155291754905
2026,3,p28,Apache Junction Landfill,403257,East Line Solar,AZ,369.81582386371366
2026,3,p28,Apache Junction Landfill,406171,Eleven Mile Solar Center,AZ,138.2370862510671
2026,3,p28,Apache Junction Landfill,405244,Estrella Mountain PV,AZ,19062.378574973605
2026,3,p28,South Yuma County Landfill,400349,Foothills Solar Plant Hybrid,AZ,413.15938259329823
2026,3,p28,Apache Junction Landfill,400825,Fort Huachuca Solar PV Project,AZ,9730.375530288231
2026,3,p28,Apache Junction Landfill,400845,Gila Bend Hybrid,AZ,1910.3671745642118
2026,3,p28,Apache Junction Landfill,400599,"Gilbert Solar Facility I, LLC",AZ,5060.806319059037
2026,3,p28,South Yuma County Landfill,400507,Hyder II Hybrid,AZ,4102.672701226835
2026,3,p28,South Yuma County Landfill,400204,Hyder Solar Hybrid,AZ,4020.3732443331423
2026,3,p28,Apache Junction Landfill,405282,Intel - Ocotillo Campus Solar,AZ,5395.954280933739
2026,3,p28,Apache Junction Landfill,405125,Jewish Community Center PV,AZ,26036.240528955557
2026,3,p28,Apache Junction Landfill,402234,Kayenta Solar Project,AZ,3605.5476208890786
2026,3,p28,Apache Junction Landfill,400595,Lake Pleasant WTP,AZ,6202.900599742811
2026,3,p28,Apache Junction Landfill,400128,Luke Solar,AZ,3618.3113863474696
2026,3,p28,Apache Junction Landfill,405068,Macys Goodyear,AZ,16893.826010546683
2026,3,p28,South Yuma County Landfill,406279,McFarland A Solar and Storage,AZ,320.0097483877183
2026,3,p28,Apache Junction Landfill,405617,Mesa Carport PV,AZ,1164.8972197407327
2026,3,p28,Apache Junction Landfill,404512,Mesa Solar Array,AZ,1022.5729502289214
2026,3,p28,Apache Junction Landfill,400250,Mesquite Solar 1,AZ,890.4915516399157
2026,3,p28,Apache Junction Landfill,401621,"Mesquite Solar 2, LLC",AZ,680.8545591520187
2026,3,p28,Apache Junction Landfill,401622,"Mesquite Solar 3, LLC",AZ,522.6062243598398
2026,3,p28,Apache Junction Landfill,406038,"Mesquite Solar 4, LLC",AZ,1260.7383327587295
2026,3,p28,Apache Junction Landfill,404922,"Mesquite Solar 5, LLC",AZ,1104.6181527145995
2026,3,p28,Mohave Valley Landfill,403572,OE_AZ1,AZ,2763.7353151718503
2026,3,p28,Apache Junction Landfill,400203,Paloma Solar Hybrid,AZ,3193.099153893915
2026,3,p28,Apache Junction Landfill,405126,Paradise Valley H.S. PV,AZ,26009.500255038696
2026,3,p28,Apache Junction Landfill,405150,Phoenix Airport East Economy Lot,AZ,19203.680951860748
2026,3,p28,Apache Junction Landfill,405151,Phoenix Airport Rental Car Center,AZ,44731.59981176904
2026,3,p28,Apache Junction Landfill,402528,Pinal Central Energy Center Hybrid,AZ,1262.5710570006022
2026,3,p28,Apache Junction Landfill,400125,"Poseidon Solar, LLC",AZ,629.5721687791263
2026,3,p28,Apache Junction Landfill,400031,Prescott Airport,AZ,35329.45529862624
2026,3,p28,Apache Junction Landfill,400401,Prescott Solar Plant,AZ,9013.556102539145
2026,3,p28,Apache Junction Landfill,400323,Queen Creek Solar Farm,AZ,394.8793707097561
2026,3,p28,Mohave Valley Landfill,400289,"RE Bagdad Solar I, LLC",AZ,4900.404326257814
2026,3,p28,Apache Junction Landfill,405132,"RE Gillespie 1, LLC",AZ,3301.7945588008006
2026,3,p28,Apache Junction Landfill,400758,Red Horse 2,AZ,1486.4961119406257
2026,3,p28,Apache Junction Landfill,401609,Red Horse III,AZ,2678.0856168356436
2026,3,p28,Apache Junction Landfill,401726,Red Rock,AZ,1085.405803265848
2026,3,p28,Apache Junction Landfill,406380,SR McNeal,AZ,5931.959375547948
2026,3,p28,Apache Junction Landfill,400416,Saddle Mountain Solar I,AZ,5106.5623292169885
2026,3,p28,Apache Junction Landfill,403674,Saint Solar,AZ,409.1810903153559
2026,3,p28,Apache Junction Landfill,401214,Sandstone Solar,AZ,502.78323764184785
2026,3,p28,Apache Junction Landfill,405029,Solana Generating Station,AZ,273.2376662444388
2026,3,p28,Apache Junction Landfill,406275,Sonoran Solar Energy,AZ,169.24552641379182
2026,3,p28,Apache Junction Landfill,406034,Storey Solar and Storage,AZ,261.02248287241093
2026,3,p28,Apache Junction Landfill,401664,Sulphur Springs,AZ,4576.827861606993
2026,3,p28,Apache Junction Landfill,403643,Sun Streams 2,AZ,440.5028958001238
2026,3,p28,Apache Junction Landfill,406517,Sun Streams 3,AZ,318.04321400977074
2026,3,p28,Apache Junction Landfill,401975,"Sun Streams, LLC",AZ,615.2856865840272
2026,3,p28,Apache Junction Landfill,405311,T0588 Phoenix - AZ,AZ,29780.082697895414
2026,3,p28,Apache Junction Landfill,405134,Union HS at Casa Grande,AZ,15986.252106199854
2026,3,p28,Apache Junction Landfill,405135,Vista Grande HS at Casa Grande,AZ,25267.016434839632
2026,3,p28,Apache Junction Landfill,400334,Walmart Casa Grande,AZ,22209.74816537323
2026,3,p28,Apache Junction Landfill,406098,"West Line Solar, LLC",AZ,424.34884015875355
2026,3,p29,Apache Junction Landfill,400014,Springerville,AZ,7539.4541200619715
2026,3,p30,Apache Junction Landfill,405143,Actus Lend Lease DMAFB,AZ,14483.186335263092
2026,3,p30,Apache Junction Landfill,405611,Amazon TUS2,AZ,15703.26620191333
2026,3,p30,Apache Junction Landfill,405268,Amphitheater High School Solar,AZ,31984.11844207807
2026,3,p30,Apache Junction Landfill,400939,Avalon Solar,AZ,1685.543174398106
2026,3,p30,Apache Junction Landfill,401479,Avalon Solar II,AZ,2993.9213828293837
2026,3,p30,Apache Junction Landfill,400226,Avra Valley Solar,AZ,1187.8052094248505
2026,3,p30,Apache Junction Landfill,404704,Broadway 2 - Tucson Phase II,AZ,11423.431925318275
2026,3,p30,Apache Junction Landfill,405768,Broadway 3 - Tucson Phase I,AZ,30674.40385570259
2026,3,p30,Apache Junction Landfill,405269,Canyon Del Oro High School Solar,AZ,6713.603452860553
2026,3,p30,Apache Junction Landfill,400757,Cogenra-TEP,AZ,37578.113977671615
2026,3,p30,Apache Junction Landfill,401295,Davis Monthan AFB (AZ) West Airfield,AZ,3525.8001960937077
2026,3,p30,Apache Junction Landfill,400330,FRB Solar Farm,AZ,19679.563064597613
2026,3,p30,Apache Junction Landfill,400761,"Gato Montes Solar, LLC",AZ,10736.14982064154
2026,3,p30,Apache Junction Landfill,404536,Iron Horse Battery Storage Hybrid,AZ,23472.23180835111
2026,3,p30,Apache Junction Landfill,400552,"Picture Rocks Solar, LLC",AZ,3480.7971622596106
2026,3,p30,Apache Junction Landfill,405374,Pima Community College,AZ,36398.03470763501
2026,3,p30,Apache Junction Landfill,405303,Pima Community College - East Campus,AZ,44740.34909961503
2026,3,p30,Apache Junction Landfill,405516,Pima Community College NW,AZ,45681.09514841204
2026,3,p30,Apache Junction Landfill,400408,Prairie Fire,AZ,8291.003584501865
2026,3,p30,Apache Junction Landfill,400290,"RE Ajo 1, LLC",AZ,8863.484238650488
2026,3,p30,Apache Junction Landfill,404926,Raptor Ridge,AZ,3237.4023140031604
2026,3,p30,Apache Junction Landfill,400857,Rio Rico Solar,AZ,10768.626911727435
2026,3,p30,Apache Junction Landfill,400193,Roger Road WWTP,AZ,34426.25697693385
2026,3,p30,Apache Junction Landfill,401076,Tech Park Solar,AZ,8223.159657223849
2026,3,p30,Apache Junction Landfill,400156,UASTP I,AZ,44821.061552796215
2026,3,p30,Apache Junction Landfill,401075,Valencia Solar,AZ,8010.355542421759
2026,3,p30,Apache Junction Landfill,404187,"Wilmot Energy Center, LLC",AZ,416.22816827555766
2026,3,p31,City of Clovis Landfill,400211,Alamogordo Solar Energy Center,NM,66610.7130933499
2026,3,p31,Northeastern New Mexico Regional Landfill,400206,Albuquerque Solar Energy Center,NM,92860.55481465573
2026,3,p31,Northeastern New Mexico Regional Landfill,403675,Alcalde Solar Array,NM,41660.01054564065
2026,3,p31,Apache Junction Landfill,401595,Alta Luna,NM,10200.40285689158
2026,3,p31,Northeastern New Mexico Regional Landfill,404724,Angel Fire Energy Facility,NM,4862.239169387166
2026,3,p31,Northeastern New Mexico Regional Landfill,405469,Arroyo Solar Energy Storage Hybrid,NM,945.0923117312753
2026,3,p31,Northeastern New Mexico Regional Landfill,403321,Bluewater CDEC 1,NM,105593.79966677989
2026,3,p31,Northeastern New Mexico Regional Landfill,403736,Britton Solar Energy Center,NM,2624.9528720793924
2026,3,p31,City of Clovis Landfill,404981,Buena Vista Energy Center,NM,2402.0938217645435
2026,3,p31,Northeastern New Mexico Regional Landfill,402876,CNMEC Solar Energy Center,NM,88501.92100958513
2026,3,p31,City of Clovis Landfill,402519,Carrizozo Solar,NM,102928.65353552836
2026,3,p31,Northeastern New Mexico Regional Landfill,401202,Cibola,NM,30268.20417376367
2026,3,p31,Northeastern New Mexico Regional Landfill,400104,Cimarron Solar Facility,NM,1007.8122853230267
2026,3,p31,Apache Junction Landfill,402988,City of Gallup Solar,NM,35530.25413002619
2026,3,p31,Northeastern New Mexico Regional Landfill,403604,City of Rio Rancho WWTP,NM,190699.23934053432
2026,3,p31,Apache Junction Landfill,401225,City of Truth or Consequences PV,NM,190699.8258063095
2026,3,p31,Apache Junction Landfill,402177,Columbus Solar Project,NM,156333.14821381078
2026,3,p31,Northeastern New Mexico Regional Landfill,404748,"Cuba 2.5ac, LLC",NM,59914.790804203636
2026,3,p31,Apache Junction Landfill,400209,Deming Solar Energy Center,NM,34192.8801727816
2026,3,p31,Northeastern New Mexico Regional Landfill,403868,Encino Solar Energy Center,NM,3595.4768808437166
2026,3,p31,Northeastern New Mexico Regional Landfill,401038,Eubank Landfill Solar Array,NM,83375.13154509179
2026,3,p31,Northeastern New Mexico Regional Landfill,402441,Facebook 1 Solar Energy Center,NM,17432.76426056169
2026,3,p31,Northeastern New Mexico Regional Landfill,402442,Facebook 2 Solar Energy Center,NM,16777.416896055278
2026,3,p31,Northeastern New Mexico Regional Landfill,402443,Facebook 3 Solar Energy Center,NM,27962.826916840575
2026,3,p31,Northeastern New Mexico Regional Landfill,403322,Grants CDEC 2,NM,49502.258739811754
2026,3,p31,Apache Junction Landfill,400216,"Hatch Solar Energy Center I, LLC",NM,66304.63266543923
2026,3,p31,City of Clovis Landfill,401617,Holloman Solar Facility,NM,65795.02042470741
2026,3,p31,Northeastern New Mexico Regional Landfill,406109,"Jicarilla Solar 1, LLC",NM,4314.67417437543
2026,3,p31,Northeastern New Mexico Regional Landfill,400427,Kit Carson,NM,73662.56247724805
2026,3,p31,Northeastern New Mexico Regional Landfill,400210,Las Vegas Solar Energy Center,NM,14700.946604168697
2026,3,p31,Northeastern New Mexico Regional Landfill,400434,Los Alamos PV Site,NM,156326.43312134137
2026,3,p31,Northeastern New Mexico Regional Landfill,400207,Los Lunas Solar Energy Center,NM,35444.757523537184
2026,3,p31,Apache Junction Landfill,400838,Macho Springs,NM,10929.837960834397
2026,3,p31,Northeastern New Mexico Regional Landfill,400582,Manzano Solar,NM,30713.22159818871
2026,3,p31,Northeastern New Mexico Regional Landfill,401201,Meadow Lake Solar Energy Center,NM,25385.681448773907
2026,3,p31,Northeastern New Mexico Regional Landfill,406177,"NMRD Data Center III, LLC",NM,3154.1898766842
2026,3,p31,City of Clovis Landfill,405693,NMSU Solar and Storage,NM,110314.69029387452
2026,3,p31,Northeastern New Mexico Regional Landfill,406375,OE_ESCL,NM,2364.6248884770466
2026,3,p31,City of Clovis Landfill,400581,Otero Solar,NM,29603.88033779169
2026,3,p31,Northeastern New Mexico Regional Landfill,400146,Questa Solar Facility,NM,98584.96073292005
2026,3,p31,Northeastern New Mexico Regional Landfill,403178,"RC Energy AA, LLC Solar Facility",NM,162517.71509983402
2026,3,p31,Northeastern New Mexico Regional Landfill,401566,Rio Communities Solar Energy Center,NM,25749.69201594749
2026,3,p31,Northeastern New Mexico Regional Landfill,403084,Rio De Oro Solar Energy Center,NM,22080.74625029573
2026,3,p31,Northeastern New Mexico Regional Landfill,400624,Rio Rancho High School,NM,185563.61664590097
2026,3,p31,City of Clovis Landfill,400135,Roadrunner Solar,NM,15776.355897435731
2026,3,p31,Northeastern New Mexico Regional Landfill,404648,"Route 66 Energy Center, LLC",NM,4777.968140673166
2026,3,p31,Northeastern New Mexico Regional Landfill,403387,San Miguel I Solar Energy Center,NM,5666.767669175884
2026,3,p31,Northeastern New Mexico Regional Landfill,405458,San Miguel II Solar Energy Center,NM,7245.623245660631
2026,3,p31,Northeastern New Mexico Regional Landfill,401161,Sandoval Solar Energy Center,NM,28528.52998073377
2026,3,p31,Northeastern New Mexico Regional Landfill,401564,Santa Fe Solar Energy Center,NM,13593.727022888508
2026,3,p31,Northeastern New Mexico Regional Landfill,401565,Santolina Solar Energy Center,NM,16229.238574271956
2026,3,p31,Apache Junction Landfill,400596,Silver City WWTP PV Project,NM,256242.06801150853
2026,3,p31,Northeastern New Mexico Regional Landfill,406343,Sky Ranch Solar,NM,973.1573934557271
2026,3,p31,Northeastern New Mexico Regional Landfill,401563,South Valley Solar Energy Center,NM,23453.541987754877
2026,3,p31,Northeastern New Mexico Regional Landfill,401162,Springer Solar 1,NM,54655.91519666734
2026,3,p31,Northeastern New Mexico Regional Landfill,400735,Storrie Lake Solar Project,NM,41246.54393415581
2026,3,p31,Northeastern New Mexico Regional Landfill,400623,Sue Cleveland High School,NM,181371.62217583563
2026,3,p31,City of Clovis Landfill,400343,"SunE EPE1, LLC",NM,32085.362445858485
2026,3,p31,City of Clovis Landfill,400342,"SunE EPE2, LLC",NM,25730.12555681328
2026,3,p31,Northeastern New Mexico Regional Landfill,402854,Syncarpha Eagle Nest,NM,59257.26642940288
2026,3,p31,Northeastern New Mexico Regional Landfill,403412,Syncarpha El Rito,NM,79129.59160866174
2026,3,p31,Northeastern New Mexico Regional Landfill,403413,Syncarpha Questa,NM,57696.88848677027
2026,3,p31,Northeastern New Mexico Regional Landfill,403411,Syncarpha Taos,NM,24476.68476673883
2026,3,p31,Northeastern New Mexico Regional Landfill,404618,Taos Mesa Energy Facility Hybrid,NM,5126.278678211711
2026,3,p31,Northeastern New Mexico Regional Landfill,403011,Vista Solar Energy Center,NM,24641.61212487438
2026,3,p31,City of Clovis Landfill,400354,WSMR I,NM,66974.47813509981
2026,3,p31,Apache Junction Landfill,405245,Wal-Mart Truth or Consequences PV,NM,292379.8976198355
2026,3,p47,City of Clovis Landfill,400979,"Caprock Solar 1, LLC",NM,2271.47237021424
2026,3,p47,City of Clovis Landfill,404980,Chaves County Solar II,NM,3768.4331681968515
2026,3,p47,City of Clovis Landfill,401681,"Chaves Solar, LLC",NM,1619.8438351637096
2026,3,p47,City of Clovis Landfill,400614,GSE NM1,NM,92565.75634776772
2026,3,p47,City of Clovis Landfill,404982,Hayhurst New Mexico Solar,NM,13956.606993270132
2026,3,p47,City of Clovis Landfill,402530,Middle Daisy,NM,37483.68878509625
2026,3,p47,City of Clovis Landfill,401682,"Roswell Solar, LLC",NM,1625.0106055150916
2026,3,p47,City of Clovis Landfill,400546,SEV NM Phase 2,NM,109002.35482291336
2026,3,p47,City of Clovis Landfill,400260,SPS1 Dollarhide,NM,25857.952700109374
2026,3,p47,City of Clovis Landfill,400261,SPS2 Jal,NM,25216.85828695409
2026,3,p47,City of Clovis Landfill,400262,SPS3 Lea,NM,19176.342260198835
2026,3,p47,City of Clovis Landfill,400264,SPS5 Hopi,NM,22326.68688555521
2026,3,p47,City of Clovis Landfill,404698,SoCore Clovis 1,NM,4151.856875512235
2026,3,p48,City of Clovis Landfill,406439,"BESSP1, LLC",TX,442324.71330987196
2026,3,p48,City of Clovis Landfill,405590,"Hecate Energy Frye Solar, LLC",TX,854.4706580956293
2026,3,p57,Victoria Landfill,404918,"Hecate Energy Upshur Rural, LLC",TX,25503.445021909658
2026,3,p59,City of Clovis Landfill,402666,Fort Bliss (DEA EPIC),TX,46496.22153280863
2026,3,p59,City of Clovis Landfill,401616,Montana Solar Facility,TX,24223.838939749592
2026,3,p59,City of Clovis Landfill,401045,Newman Solar,TX,10045.466708538317
2026,3,p60,City of Clovis Landfill,403962,"ANSON Solar Center, LLC",TX,846.7449377038016
2026,3,p60,City of Clovis Landfill,403883,Azure Sky Solar,TX,912.7644592554412
2026,3,p60,City of Clovis Landfill,403232,"ENGIE Long Draw Solar, LLC",TX,397.65120314351606
2026,3,p60,City of Clovis Landfill,406252,Highpeak Solar 1,TX,10149.021394009324
2026,3,p60,City of Clovis Landfill,402721,Holstein 1 Solar Farm,TX,1042.2037995488765
2026,3,p60,City of Clovis Landfill,405492,Juno Solar Project,TX,296.874282354071
2026,3,p60,City of Clovis Landfill,402541,Lamesa II,TX,2460.821933986923
2026,3,p60,City of Clovis Landfill,401660,Lamesa Solar,TX,1201.7676415081721
2026,3,p60,City of Clovis Landfill,405932,Lumina II Solar Project,TX,369.85847221832273
2026,3,p60,City of Clovis Landfill,405933,Lumina Solar Project,TX,348.0823245706565
2026,3,p60,City of Clovis Landfill,402909,Misae Solar,TX,497.38639326571496
2026,3,p60,City of Clovis Landfill,400968,"OCI Alamo 7, LLC",TX,1638.4016272602075
2026,3,p60,City of Clovis Landfill,405939,Texas Solar Nova 1,TX,455.99593925603995
2026,3,p61,City of Clovis Landfill,400967,Alamo 6,TX,761.1247267596332
2026,3,p61,City of Clovis Landfill,403557,Aragorn Solar Project,TX,440.0463018160051
2026,3,p61,City of Clovis Landfill,400691,Barilla Solar,TX,3069.595406262034
2026,3,p61,City of Clovis Landfill,401946,Bluebell Solar,TX,4529.329823434904
2026,3,p61,City of Clovis Landfill,403574,Bluebell Solar II,TX,852.9197358858258
2026,3,p61,City of Clovis Landfill,400554,"Bryan Solar, LLC",TX,12998.0851535488
2026,3,p61,City of Clovis Landfill,401463,Buckthorn Westex,TX,1159.5513959070727
2026,3,p61,City of Clovis Landfill,401703,East Pecos Solar,TX,1037.9216127385398
2026,3,p61,City of Clovis Landfill,405363,Galloway 1 Solar Farm,TX,509.7687988262408
2026,3,p61,Victoria Landfill,405494,Galloway 2 Solar Farm,TX,869.9294221775624
2026,3,p61,City of Clovis Landfill,403210,Greasewood,TX,421.7095766243255
2026,3,p61,City of Clovis Landfill,406370,Hayhurst Texas Solar,TX,2884.692080335405
2026,3,p61,City of Clovis Landfill,402304,Midway Solar-TX,TX,524.9891049684052
2026,3,p61,Victoria Landfill,400695,"OCI Alamo 4, LLC",TX,4223.489148581414
2026,3,p61,City of Clovis Landfill,401868,Pearl Solar,TX,2112.2144603429333
2026,3,p61,City of Clovis Landfill,402290,RE Maplewood,TX,440.51036606804166
2026,3,p61,City of Clovis Landfill,401430,RE Roserock,TX,939.7827798896826
2026,3,p61,City of Clovis Landfill,402848,Rambler,TX,648.343739056093
2026,3,p61,City of Clovis Landfill,402083,Solaire Holman Solar Project,TX,1873.486057883229
2026,3,p61,City of Clovis Landfill,403023,"Taygete Energy Project, LLC",TX,398.0102422230101
2026,3,p61,City of Clovis Landfill,404647,Taygete II Energy Project,TX,577.942283255105
2026,3,p61,City of Clovis Landfill,403551,Titan Solar Project,TX,314.6290311299071
2026,3,p61,Victoria Landfill,406103,Zier Solar,TX,594.1375978627075
2026,3,p62,City of Clovis Landfill,403502,2W Permian Solar Project Hybrid,TX,262.1430318286932
2026,3,p62,City of Clovis Landfill,403697,CED Crane Solar,TX,592.9739803251858
2026,3,p62,City of Clovis Landfill,401525,Castle Gap Solar Hybrid,TX,668.6407603141582
2026,3,p62,City of Clovis Landfill,404599,Emerald Grove,TX,1378.6906960030278
2026,3,p62,City of Clovis Landfill,403004,Lapetus,TX,873.9226193530446
2026,3,p62,City of Clovis Landfill,403280,Oberon IA,TX,676.0237180653617
2026,3,p62,City of Clovis Landfill,403279,Oberon IB,TX,2500.3309976359756
2026,3,p62,City of Clovis Landfill,403602,Oxy Renewable Energy-Goldsmith,TX,3968.671315219193
2026,3,p62,City of Clovis Landfill,402679,Phoebe Solar,TX,391.1842514974006
2026,3,p62,City of Clovis Landfill,403177,Prospero Solar,TX,269.1856756774899
2026,3,p62,City of Clovis Landfill,404128,Prospero Solar II,TX,224.2360536589562
2026,3,p62,City of Clovis Landfill,403070,"Roadrunner, LLC",TX,516.9391743665734
2026,3,p62,City of Clovis Landfill,401805,Upton County Solar,TX,1138.0376796281869
2026,3,p62,City of Clovis Landfill,402995,West of the Pecos Solar,TX,813.9603393593991
2026,3,p63,Victoria Landfill,405599,"BPL Crown Solar, LLC",TX,2390.047810809523
2026,3,p63,Victoria Landfill,404966,BPL Files Solar,TX,1744.2664535178615
2026,3,p63,Victoria Landfill,403825,Briar Creek Solar 1,TX,1828.0783672258365
2026,3,p63,Victoria Landfill,402610,Chisum,TX,27123.57243105136
2026,3,p63,Victoria Landfill,401697,CoServ Community Solar Station,TX,303586.59738551104
2026,3,p63,Victoria Landfill,403188,Coniglio Solar,TX,3472.1384210308884
2026,3,p63,Victoria Landfill,406415,Dileo Solar,TX,2969.3681136926907
2026,3,p63,Victoria Landfill,402655,Eddy II,TX,13945.177295356598
2026,3,p63,Victoria Landfill,406221,Eiffel Solar Project,TX,1457.8041698539898
2026,3,p63,Victoria Landfill,405540,"Ellis Solar, LLC",TX,4231.349268762808
2026,3,p63,Victoria Landfill,403823,Elm Branch Solar 1,TX,1804.522109251418
2026,3,p63,Victoria Landfill,406206,Five Wells Solar Center - Hybrid,TX,640.0780416547759
2026,3,p63,Victoria Landfill,404567,G.S.E. One LLC,TX,3940.6858279955622
2026,3,p63,Victoria Landfill,403288,Griffin Solar,TX,36983.8021047357
2026,3,p63,Victoria Landfill,406202,Grizzly Ridge Solar,TX,2519.4407263387525
2026,3,p63,Victoria Landfill,402329,Highway 56 Solar,TX,49347.02493845601
2026,3,p63,Victoria Landfill,405319,IKEA Grand Prairie Rooftop PV System,TX,1767426.9878401607
2026,3,p63,Victoria Landfill,405689,"IP Radian, LLC",TX,783.1022632437584
2026,3,p63,Victoria Landfill,403481,Impact Solar 1,TX,1932.6789217686237
2026,3,p63,Victoria Landfill,403190,Kellam Solar,TX,3921.23923223431
2026,3,p63,Victoria Landfill,402421,Leon Solar,TX,34194.00257700992
2026,3,p63,Victoria Landfill,403874,Lily Solar Hybrid,TX,2060.6512588942073
2026,3,p63,Victoria Landfill,402404,Marlin Solar,TX,32483.19174214656
2026,3,p63,Victoria Landfill,405794,Noble Solar,TX,1336.035734370349
2026,3,p63,Victoria Landfill,402405,North Gainesville Solar,TX,72453.45300666637
2026,3,p63,Victoria Landfill,401933,Phantom Solar,TX,17659.96714942624
2026,3,p63,Victoria Landfill,404872,"Pisgah Ridge Solar, LLC",TX,910.8327222786456
2026,3,p63,Victoria Landfill,406416,Pitts Dudik Solar,TX,4333.7159493942545
2026,3,p63,Victoria Landfill,403189,Rippey Solar,TX,5454.098989039739
2026,3,p63,Victoria Landfill,404630,"Samson Solar Energy III, LLC",TX,1557.9864920973291
2026,3,p63,Victoria Landfill,402652,Sterling Solar (TX),TX,24016.18208166864
2026,3,p63,Victoria Landfill,404812,Sun Valley Solar Project,TX,804.9260754766794
2026,3,p63,Victoria Landfill,404388,"TPE Erath Solar, LLC",TX,20118.060514246154
2026,3,p63,Victoria Landfill,403457,"TPE Whitney Solar, LLC",TX,30573.333177318193
2026,3,p63,Victoria Landfill,405361,Toyota HQ Plan,TX,60557.41964249546
2026,3,p63,Victoria Landfill,405984,Waco Solar,TX,630.5005356022764
2026,3,p63,Victoria Landfill,402306,Walnut Springs Solar,TX,36832.228152953925
2026,3,p63,Victoria Landfill,402497,West Moore Solar II,TX,261663.96447986484
2026,3,p63,Victoria Landfill,402654,Yellow Jacket,TX,70144.30496858062
2026,3,p64,Victoria Landfill,405731,Austin TX GigaFactory,TX,29613.565643789083
2026,3,p64,Victoria Landfill,402203,Bandera Electric Coop PV,TX,48965.87269645783
2026,3,p64,Victoria Landfill,404721,"Blue Jay Solar I, LLC",TX,407.61445757170515
2026,3,p64,Victoria Landfill,402648,Bovine,TX,3296.777845223161
2026,3,p64,Victoria Landfill,402389,"E-Volve Energy Holdings, LLC",TX,26374.567208384804
2026,3,p64,Victoria Landfill,400227,East Blackland Solar Project 1,TX,546.6574735824437
2026,3,p64,Victoria Landfill,405101,IKEA Round Rock 027,TX,55385.915450460365
2026,3,p64,Victoria Landfill,402653,Lampwick,TX,19228.94708099283
2026,3,p64,Victoria Landfill,405613,Niagara Bottling - Seguin,TX,9095.486283561042
2026,3,p64,Victoria Landfill,402544,PowerFin Kingsbery,TX,18056.023092189538
2026,3,p64,Victoria Landfill,400249,Webberville Solar Project,TX,2535.96855878473
2026,3,p65,Victoria Landfill,405700,Aktina Solar,TX,1323.2396575863988
2026,3,p65,Victoria Landfill,404074,"Alexis Solar, LLC",TX,141823.6789897333
2026,3,p65,Victoria Landfill,405727,Bernard Creek Solar,TX,4710.221192974181
2026,3,p65,Victoria Landfill,400081,Blue Wing Solar Energy Generation,TX,64978.295768870055
2026,3,p65,Victoria Landfill,405477,Brightside,TX,17262.90540596644
2026,3,p65,Victoria Landfill,401728,CPS 1 Community Solar,TX,1195376.107206445
2026,3,p65,Victoria Landfill,402656,Cascade Solar (TX),TX,64141.47214667871
2026,3,p65,Victoria Landfill,403987,Catan Solar,TX,44831.54140137853
2026,3,p65,Victoria Landfill,403091,Commerce Solar,TX,208347.64128519158
2026,3,p65,Victoria Landfill,404247,"Corazon Energy, LLC",TX,7240.692111423145
2026,3,p65,Victoria Landfill,404062,Elara Solar,TX,9599.530455555843
2026,3,p65,Victoria Landfill,404359,FELPS 1-Calaveras,TX,1006633.2306577538
2026,3,p65,Victoria Landfill,404361,FELPS 2-Calaveras,TX,1151275.7332210566
2026,3,p65,Victoria Landfill,404362,FELPS 3-Floresville South,TX,710606.6927086139
2026,3,p65,Victoria Landfill,404363,FELPS 4-Floresville South,TX,710712.918636903
2026,3,p65,Victoria Landfill,404364,FELPS 5-Floresville South,TX,710900.4643997
2026,3,p65,Victoria Landfill,404739,FELPS 6- Floresville West,TX,839713.8426971573
2026,3,p65,Victoria Landfill,404740,FELPS 7- Floresville West,TX,944526.156413054
2026,3,p65,Victoria Landfill,406516,Ganado Solar,TX,2277.957739161923
2026,3,p65,Victoria Landfill,405801,Horizon Solar,TX,6820.587203538668
2026,3,p65,Victoria Landfill,405380,IKEA Live Oak Rooftop PV System,TX,934203.249074357
2026,3,p65,Victoria Landfill,403343,Mars Solar,TX,265219.71810196096
2026,3,p65,Victoria Landfill,404877,Nebula Solar,TX,15788.933870526831
2026,3,p65,Victoria Landfill,400694,"OCI Alamo 2, LLC",TX,260759.63204818193
2026,3,p65,Victoria Landfill,400965,"OCI Alamo 3, LLC",TX,205821.84968736145
2026,3,p65,Victoria Landfill,400966,"OCI Alamo 5, LLC",TX,18375.692165201413
2026,3,p65,Victoria Landfill,400593,OCI Alamo Solar I Hybrid,TX,32195.437449329234
2026,3,p65,Victoria Landfill,405809,Shakes Solar,TX,8686.501396264384
2026,3,p65,Victoria Landfill,405545,Sparta Solar,TX,3398.8342242644694
2026,3,p65,Victoria Landfill,400379,"SunE CPS1, LLC",TX,129141.58640607778
2026,3,p65,Victoria Landfill,400364,"SunE CPS2, LLC",TX,129700.09360804653
2026,3,p65,Victoria Landfill,400353,"SunE CPS3, LLC",TX,120515.2478184084
2026,3,p65,Victoria Landfill,406032,Tres Bahias,TX,1490.8178285010674
2026,3,p65,Victoria Landfill,404878,Vancourt Solar Interconnections,TX,37565.66820389127
2026,3,p66,Victoria Landfill,406386,Umbriel Solar,TX,4370.699751653067
2026,3,p67,Victoria Landfill,404939,Brazoria County Solar Project (Danciger),TX,537.7998540295966
2026,3,p67,Victoria Landfill,404681,Brazoria West,TX,732.6803732899701
2026,3,p67,Victoria Landfill,402649,Bronson,TX,9195.762415017161
2026,3,p67,Victoria Landfill,406178,"Cutlass Solar 1, LLC",TX,936.3752744749714
2026,3,p67,Victoria Landfill,404587,Fighting Jays Solar Project,TX,521.4413819380324
2026,3,p67,Victoria Landfill,405564,"Fort Bend Solar, LLC",TX,606.3766013669723
2026,3,p67,Victoria Landfill,404853,"Longbow Solar, LLC",TX,2145.4683098644814
2026,3,p67,Victoria Landfill,403514,Wagyu,TX,940.7229732311382
2026,4,p12,Apex Regional Landfill,402144,Battle Mountain Solar Project,NV,1341.9088707446203
2026,4,p12,Apex Regional Landfill,405553,Dodge Flat,NV,4641.238276603245
2026,4,p12,Apex Regional Landfill,402609,"EGP Stillwater Solar PV II, LLC",NV,4630.105515964928
2026,4,p12,Apex Regional Landfill,404659,Fish Springs,NV,2647.821725406149
2026,4,p12,Apex Regional Landfill,401086,Ft. Churchill PV,NV,15361.105649244504
2026,4,p12,Apex Regional Landfill,402130,Luning Energy,NV,1349.2374466049284
2026,4,p12,Apex Regional Landfill,403107,NVSS-II,NV,1007.70005442498
2026,4,p12,Apex Regional Landfill,400468,"Patua Acquisition Project, LLC",NV,10428.761182648763
2026,4,p12,Apex Regional Landfill,405023,Steamboat II,NV,168537.05099425477
2026,4,p12,Apex Regional Landfill,400029,Stillwater Facility,NV,5455.943770274967
2026,4,p12,Apex Regional Landfill,401318,Sunshine Valley Solar,NV,300.29753170026885
2026,4,p12,Apex Regional Landfill,405026,TS Power Plant,NV,1049.5959856310217
2026,4,p12,Apex Regional Landfill,405576,Tesla Reno GigaFactory,NV,136262.40633320494
2026,4,p12,Apex Regional Landfill,401943,Tungsten Mountain,NV,11762.428156982676
2026,4,p12,Apex Regional Landfill,403308,Turquoise Liberty Solar,NV,18576.774618168438
2026,4,p12,Apex Regional Landfill,403884,"Turquoise Nevada, LLC",NV,3447.6600573572136
2026,4,p12,Apex Regional Landfill,400035,Western 102 Power Plant,NV,461422.5531212372
2026,4,p13,Apex Regional Landfill,400555,Apex Solar PV Power Project,NV,1063.1174692291434
2026,4,p13,Apex Regional Landfill,405385,Arrow Canyon Solar Hybrid,NV,448.2980122243664
2026,4,p13,Apex Regional Landfill,402017,"Boulder Solar II, LLC",NV,403.50883202603023
2026,4,p13,Apex Regional Landfill,401649,"Boulder Solar Power, LLC",NV,226.21950284183336
2026,4,p13,Apex Regional Landfill,400059,CM10,NV,2903.5753259277267
2026,4,p13,Apex Regional Landfill,400086,CM48,NV,518.1574002643056
2026,4,p13,Apex Regional Landfill,400363,Copper Mountain Solar 2,NV,193.1685259844714
2026,4,p13,Apex Regional Landfill,400802,Copper Mountain Solar 3,NV,109.60569812655078
2026,4,p13,Apex Regional Landfill,401308,"Copper Mountain Solar 4, LLC",NV,263.6376845576927
2026,4,p13,Apex Regional Landfill,403688,"Copper Mountain Solar 5, LLC",NV,142.15379548839317
2026,4,p13,Apex Regional Landfill,405358,Dignity - San Martin,NV,6301.248793934386
2026,4,p13,Apex Regional Landfill,405355,Dignity - Siena Campus,NV,7958.017393814801
2026,4,p13,Apex Regional Landfill,405556,Dry Lake Solar Energy Center,NV,215.81339945034253
2026,4,p13,Apex Regional Landfill,405495,Gemini Solar,NV,101.95186163413518
2026,4,p13,Apex Regional Landfill,403386,"Harry Allen Solar Energy, LLC",NV,256.778222838464
2026,4,p13,Apex Regional Landfill,406090,IGS LAS1,NV,10068.167413590527
2026,4,p13,Apex Regional Landfill,406089,IGS VGT,NV,10016.080881012296
2026,4,p13,Apex Regional Landfill,405309,IKEA Las Vegas 462,NV,9551.22538051738
2026,4,p13,Apex Regional Landfill,400545,Las Vegas WPCF Solar Plant,NV,1156.7986561265368
2026,4,p13,Apex Regional Landfill,400313,Moapa Southern Paiute,NV,149.41373050859775
2026,4,p13,Apex Regional Landfill,400600,Mountain View Solar,NV,836.53883879249
2026,4,p13,Apex Regional Landfill,400036,Nellis Air Force Base Solar Array,NV,691.8080059464656
2026,4,p13,Apex Regional Landfill,401381,Nellis Solar PV II,NV,308.64413218799456
2026,4,p13,Apex Regional Landfill,401319,"Playa Solar 1, LLC",NV,301.0916426813964
2026,4,p13,Apex Regional Landfill,401596,Playa Solar 2,NV,210.95697811024255
2026,4,p13,Apex Regional Landfill,401274,River Mountains Solar,NV,823.8479604449401
2026,4,p13,Mohave Valley Landfill,401042,Searchlight Solar,NV,2007.5974106019055
2026,4,p13,Apex Regional Landfill,400166,Silver State Solar Power North,NV,623.1930930812584
2026,4,p13,Apex Regional Landfill,400658,Silver State Solar Power South,NV,222.87862301224555
2026,4,p13,Apex Regional Landfill,405246,"Solar Las Vegas MB 2, LLC",NV,4228.0504986065425
2026,4,p13,Apex Regional Landfill,405188,Solar Las Vegas MB-1,NV,1055.5864805957585
2026,4,p13,Apex Regional Landfill,400556,Spectrum Solar PV Power Project,NV,416.27730074586435
2026,4,p13,Apex Regional Landfill,402485,"Techren Solar I, LLC",NV,219.50084424339846
2026,4,p13,Apex Regional Landfill,402690,"Techren Solar II, LLC",NV,131.41827278761338
2026,4,p13,Apex Regional Landfill,402691,"Techren Solar III, LLC",NV,1036.7685734960426
2026,4,p13,Apex Regional Landfill,402692,"Techren Solar IV, LLC",NV,1091.0029008390538
2026,4,p13,Apex Regional Landfill,403001,Techren Solar V,NV,359.1278145844063
2026,4,p13,Apex Regional Landfill,401851,Townsite Solar Project Hybrid,NV,140.68818699032468
2026,4,p13,Apex Regional Landfill,406448,Yellow Pine II,NV,556.6923916607552
2026,4,p13,Apex Regional Landfill,404971,Yellow Pine Solar,NV,577.5793061167864
2026,4,p27,Mohave Valley Landfill,400374,"Black Mountain Solar, LLC",AZ,493.7014054355675
2026,4,p27,Mohave Valley Landfill,402236,Gray Hawk Solar,AZ,249.54750844067462
2026,4,p27,Mohave Valley Landfill,401819,Jacobson 5 MW Solar,AZ,1883.4459898599787
2026,4,p27,Mohave Valley Landfill,400199,La Senita,AZ,5426.588830779156
2026,4,p27,Mohave Valley Landfill,403718,Mohave Electric Cooperative at Joy Lane,AZ,86.25108353598921
2026,4,p27,Mohave Valley Landfill,401311,Mohave Electric at Fort Mohave,AZ,245.71730364560997
2026,4,p27,Mohave Valley Landfill,406478,Mohave Energy - Hybrid,AZ,66.413205347392
2026,4,p28,Apache Junction Landfill,405418,AZ State University - Tempe Campus Solar,AZ,11645.979873300013
2026,4,p28,South Yuma County Landfill,400148,Agua Caliente Solar Project,AZ,230.99210986196508
2026,4,p28,Apache Junction Landfill,402067,Apache Solar 1,AZ,6746.565422667578
2026,4,p28,South Yuma County Landfill,400274,Arizona Western College PV,AZ,1715.7966633440592
2026,4,p28,Apache Junction Landfill,400240,Arlington Valley Solar Energy II,AZ,510.677444474514
2026,4,p28,Apache Junction Landfill,400437,Badger 1,AZ,4050.349397345826
2026,4,p28,Apache Junction Landfill,401688,Bonnybrooke PV,AZ,432.4524133843876
2026,4,p28,Apache Junction Landfill,400371,Buckeye Union HS District 201,AZ,16424.308440921905
2026,4,p28,Apache Junction Landfill,405635,"Central Line Solar, LLC",AZ,420.0763250477825
2026,4,p28,Apache Junction Landfill,400201,Chino Solar Valley,AZ,6767.146563393653
2026,4,p28,Apache Junction Landfill,400202,Cotton Center Solar Hybrid,AZ,2961.26321821284
2026,4,p28,Apache Junction Landfill,401069,Desert Star Hybrid,AZ,4818.4155291754905
2026,4,p28,Apache Junction Landfill,403257,East Line Solar,AZ,333.86929010107883
2026,4,p28,Apache Junction Landfill,406171,Eleven Mile Solar Center,AZ,149.7295945324505
2026,4,p28,Apache Junction Landfill,405244,Estrella Mountain PV,AZ,19062.378574973605
2026,4,p28,South Yuma County Landfill,400349,Foothills Solar Plant Hybrid,AZ,287.56499839553226
2026,4,p28,Apache Junction Landfill,400825,Fort Huachuca Solar PV Project,AZ,8346.935743104197
2026,4,p28,Apache Junction Landfill,400845,Gila Bend Hybrid,AZ,1910.3671745642118
2026,4,p28,Apache Junction Landfill,400599,"Gilbert Solar Facility I, LLC",AZ,5060.806319059037
2026,4,p28,South Yuma County Landfill,400507,Hyder II Hybrid,AZ,4102.672701226835
2026,4,p28,South Yuma County Landfill,400204,Hyder Solar Hybrid,AZ,5158.658105571183
2026,4,p28,Apache Junction Landfill,405282,Intel - Ocotillo Campus Solar,AZ,4207.141556281797
2026,4,p28,Apache Junction Landfill,405125,Jewish Community Center PV,AZ,26036.240528955557
2026,4,p28,Apache Junction Landfill,402234,Kayenta Solar Project,AZ,3605.5476208890786
2026,4,p28,Apache Junction Landfill,400595,Lake Pleasant WTP,AZ,6202.900599742811
2026,4,p28,Apache Junction Landfill,400128,Luke Solar,AZ,3618.3113863474696
2026,4,p28,Apache Junction Landfill,405068,Macys Goodyear,AZ,16893.826010546683
2026,4,p28,South Yuma County Landfill,406279,McFarland A Solar and Storage,AZ,320.0097483877183
2026,4,p28,Apache Junction Landfill,405617,Mesa Carport PV,AZ,885.2471698055496
2026,4,p28,Apache Junction Landfill,404512,Mesa Solar Array,AZ,1022.5729502289214
2026,4,p28,Apache Junction Landfill,400250,Mesquite Solar 1,AZ,890.4915516399157
2026,4,p28,Apache Junction Landfill,401621,"Mesquite Solar 2, LLC",AZ,680.8545591520187
2026,4,p28,Apache Junction Landfill,401622,"Mesquite Solar 3, LLC",AZ,427.34438348787177
2026,4,p28,Apache Junction Landfill,406038,"Mesquite Solar 4, LLC",AZ,1139.2942014828561
2026,4,p28,Apache Junction Landfill,404922,"Mesquite Solar 5, LLC",AZ,1104.6181527145995
2026,4,p28,Mohave Valley Landfill,403572,OE_AZ1,AZ,2763.7353151718503
2026,4,p28,Apache Junction Landfill,400203,Paloma Solar Hybrid,AZ,3586.449420630655
2026,4,p28,Apache Junction Landfill,405126,Paradise Valley H.S. PV,AZ,22764.099850658855
2026,4,p28,Apache Junction Landfill,405150,Phoenix Airport East Economy Lot,AZ,24677.21921810667
2026,4,p28,Apache Junction Landfill,405151,Phoenix Airport Rental Car Center,AZ,44731.59981176904
2026,4,p28,Apache Junction Landfill,402528,Pinal Central Energy Center Hybrid,AZ,1262.5710570006022
2026,4,p28,Apache Junction Landfill,400125,"Poseidon Solar, LLC",AZ,629.5721687791263
2026,4,p28,Apache Junction Landfill,400031,Prescott Airport,AZ,27488.753458931526
2026,4,p28,Apache Junction Landfill,400401,Prescott Solar Plant,AZ,7220.104286031314
2026,4,p28,Apache Junction Landfill,400323,Queen Creek Solar Farm,AZ,394.8793707097561
2026,4,p28,Mohave Valley Landfill,400289,"RE Bagdad Solar I, LLC",AZ,4900.404326257814
2026,4,p28,Apache Junction Landfill,405132,"RE Gillespie 1, LLC",AZ,3301.7945588008006
2026,4,p28,Apache Junction Landfill,400758,Red Horse 2,AZ,1486.4961119406257
2026,4,p28,Apache Junction Landfill,401609,Red Horse III,AZ,2678.0856168356436
2026,4,p28,Apache Junction Landfill,401726,Red Rock,AZ,1085.405803265848
2026,4,p28,Apache Junction Landfill,406380,SR McNeal,AZ,6585.921859497721
2026,4,p28,Apache Junction Landfill,400416,Saddle Mountain Solar I,AZ,5739.095492869112
2026,4,p28,Apache Junction Landfill,403674,Saint Solar,AZ,409.1810903153559
2026,4,p28,Apache Junction Landfill,401214,Sandstone Solar,AZ,502.78323764184785
2026,4,p28,Apache Junction Landfill,405029,Solana Generating Station,AZ,329.97282780554843
2026,4,p28,Apache Junction Landfill,406275,Sonoran Solar Energy,AZ,153.87696311206784
2026,4,p28,Apache Junction Landfill,406034,Storey Solar and Storage,AZ,261.02248287241093
2026,4,p28,Apache Junction Landfill,401664,Sulphur Springs,AZ,4576.827861606993
2026,4,p28,Apache Junction Landfill,403643,Sun Streams 2,AZ,489.77863027513934
2026,4,p28,Apache Junction Landfill,406517,Sun Streams 3,AZ,318.04321400977074
2026,4,p28,Apache Junction Landfill,401975,"Sun Streams, LLC",AZ,729.0834199008325
2026,4,p28,Apache Junction Landfill,405311,T0588 Phoenix - AZ,AZ,26476.328733684815
2026,4,p28,Apache Junction Landfill,405134,Union HS at Casa Grande,AZ,14392.256597579872
2026,4,p28,Apache Junction Landfill,405135,Vista Grande HS at Casa Grande,AZ,19662.412120430825
2026,4,p28,Apache Junction Landfill,400334,Walmart Casa Grande,AZ,16668.885379029918
2026,4,p28,Apache Junction Landfill,406098,"West Line Solar, LLC",AZ,424.34884015875355
2026,4,p29,Apache Junction Landfill,400014,Springerville,AZ,10037.173153415964
2026,4,p30,Apache Junction Landfill,405143,Actus Lend Lease DMAFB,AZ,16545.59909458639
2026,4,p30,Apache Junction Landfill,405611,Amazon TUS2,AZ,17660.387349652494
2026,4,p30,Apache Junction Landfill,405268,Amphitheater High School Solar,AZ,31984.11844207807
2026,4,p30,Apache Junction Landfill,400939,Avalon Solar,AZ,1685.543174398106
2026,4,p30,Apache Junction Landfill,401479,Avalon Solar II,AZ,2993.9213828293837
2026,4,p30,Apache Junction Landfill,400226,Avra Valley Solar,AZ,1330.4937331029566
2026,4,p30,Apache Junction Landfill,404704,Broadway 2 - Tucson Phase II,AZ,11423.431925318275
2026,4,p30,Apache Junction Landfill,405768,Broadway 3 - Tucson Phase I,AZ,30674.40385570259
2026,4,p30,Apache Junction Landfill,405269,Canyon Del Oro High School Solar,AZ,6713.603452860553
2026,4,p30,Apache Junction Landfill,400757,Cogenra-TEP,AZ,37578.113977671615
2026,4,p30,Apache Junction Landfill,401295,Davis Monthan AFB (AZ) West Airfield,AZ,3525.8001960937077
2026,4,p30,Apache Junction Landfill,400330,FRB Solar Farm,AZ,19679.563064597613
2026,4,p30,Apache Junction Landfill,400761,"Gato Montes Solar, LLC",AZ,9399.918220561347
2026,4,p30,Apache Junction Landfill,404536,Iron Horse Battery Storage Hybrid,AZ,18787.044850680883
2026,4,p30,Apache Junction Landfill,400552,"Picture Rocks Solar, LLC",AZ,3480.7971622596106
2026,4,p30,Apache Junction Landfill,405374,Pima Community College,AZ,36398.03470763501
2026,4,p30,Apache Junction Landfill,405303,Pima Community College - East Campus,AZ,26862.728267769016
2026,4,p30,Apache Junction Landfill,405516,Pima Community College NW,AZ,32642.58139743717
2026,4,p30,Apache Junction Landfill,400408,Prairie Fire,AZ,8291.003584501865
2026,4,p30,Apache Junction Landfill,400290,"RE Ajo 1, LLC",AZ,8863.484238650488
2026,4,p30,Apache Junction Landfill,404926,Raptor Ridge,AZ,3636.2904757535553
2026,4,p30,Apache Junction Landfill,400857,Rio Rico Solar,AZ,9577.256923757717
2026,4,p30,Apache Junction Landfill,400193,Roger Road WWTP,AZ,34426.25697693385
2026,4,p30,Apache Junction Landfill,401076,Tech Park Solar,AZ,9245.267486876832
2026,4,p30,Apache Junction Landfill,400156,UASTP I,AZ,39224.21598619669
2026,4,p30,Apache Junction Landfill,401075,Valencia Solar,AZ,5023.833596513601
2026,4,p30,Apache Junction Landfill,404187,"Wilmot Energy Center, LLC",AZ,416.22816827555766
2026,4,p31,City of Clovis Landfill,400211,Alamogordo Solar Energy Center,NM,77709.60137079154
2026,4,p31,Northeastern New Mexico Regional Landfill,400206,Albuquerque Solar Energy Center,NM,92860.55481465573
2026,4,p31,Northeastern New Mexico Regional Landfill,403675,Alcalde Solar Array,NM,41660.01054564065
2026,4,p31,Apache Junction Landfill,401595,Alta Luna,NM,10200.40285689158
2026,4,p31,Northeastern New Mexico Regional Landfill,404724,Angel Fire Energy Facility,NM,4862.239169387166
2026,4,p31,Northeastern New Mexico Regional Landfill,405469,Arroyo Solar Energy Storage Hybrid,NM,831.2671827523658
2026,4,p31,Northeastern New Mexico Regional Landfill,403321,Bluewater CDEC 1,NM,118788.71321513987
2026,4,p31,Northeastern New Mexico Regional Landfill,403736,Britton Solar Energy Center,NM,2624.9528720793924
2026,4,p31,City of Clovis Landfill,404981,Buena Vista Energy Center,NM,2402.0938217645435
2026,4,p31,Northeastern New Mexico Regional Landfill,402876,CNMEC Solar Energy Center,NM,101140.125256683
2026,4,p31,City of Clovis Landfill,402519,Carrizozo Solar,NM,88227.04352026718
2026,4,p31,Northeastern New Mexico Regional Landfill,401202,Cibola,NM,24221.46159499093
2026,4,p31,Northeastern New Mexico Regional Landfill,400104,Cimarron Solar Facility,NM,1007.8122853230267
2026,4,p31,Apache Junction Landfill,402988,City of Gallup Solar,NM,45668.52759003368
2026,4,p31,Northeastern New Mexico Regional Landfill,403604,City of Rio Rancho WWTP,NM,190699.23934053432
2026,4,p31,Apache Junction Landfill,401225,City of Truth or Consequences PV,NM,169516.10038560844
2026,4,p31,Apache Junction Landfill,402177,Columbus Solar Project,NM,156333.14821381078
2026,4,p31,Northeastern New Mexico Regional Landfill,404748,"Cuba 2.5ac, LLC",NM,59914.790804203636
2026,4,p31,Apache Junction Landfill,400209,Deming Solar Energy Center,NM,34192.8801727816
2026,4,p31,Northeastern New Mexico Regional Landfill,403868,Encino Solar Energy Center,NM,3199.8118140721926
2026,4,p31,Northeastern New Mexico Regional Landfill,401038,Eubank Landfill Solar Array,NM,83375.13154509179
2026,4,p31,Northeastern New Mexico Regional Landfill,402441,Facebook 1 Solar Energy Center,NM,17432.76426056169
2026,4,p31,Northeastern New Mexico Regional Landfill,402442,Facebook 2 Solar Energy Center,NM,16777.416896055278
2026,4,p31,Northeastern New Mexico Regional Landfill,402443,Facebook 3 Solar Energy Center,NM,20980.743007605437
2026,4,p31,Northeastern New Mexico Regional Landfill,403322,Grants CDEC 2,NM,49502.258739811754
2026,4,p31,Apache Junction Landfill,400216,"Hatch Solar Energy Center I, LLC",NM,99433.80048815884
2026,4,p31,City of Clovis Landfill,401617,Holloman Solar Facility,NM,65795.02042470741
2026,4,p31,Northeastern New Mexico Regional Landfill,406109,"Jicarilla Solar 1, LLC",NM,4926.1288735862045
2026,4,p31,Northeastern New Mexico Regional Landfill,400427,Kit Carson,NM,66299.75535751323
2026,4,p31,Northeastern New Mexico Regional Landfill,400210,Las Vegas Solar Energy Center,NM,12867.639688635116
2026,4,p31,Northeastern New Mexico Regional Landfill,400434,Los Alamos PV Site,NM,121594.89048990997
2026,4,p31,Northeastern New Mexico Regional Landfill,400207,Los Lunas Solar Energy Center,NM,31018.474243082543
2026,4,p31,Apache Junction Landfill,400838,Macho Springs,NM,6848.510108021496
2026,4,p31,Northeastern New Mexico Regional Landfill,400582,Manzano Solar,NM,21509.60250270209
2026,4,p31,Northeastern New Mexico Regional Landfill,401201,Meadow Lake Solar Energy Center,NM,19752.083633468596
2026,4,p31,Northeastern New Mexico Regional Landfill,406177,"NMRD Data Center III, LLC",NM,3154.1898766842
2026,4,p31,City of Clovis Landfill,405693,NMSU Solar and Storage,NM,165463.34372646167
2026,4,p31,Northeastern New Mexico Regional Landfill,406375,OE_ESCL,NM,1490.8247852606537
2026,4,p31,City of Clovis Landfill,400581,Otero Solar,NM,37000.504565064606
2026,4,p31,Northeastern New Mexico Regional Landfill,400146,Questa Solar Facility,NM,78874.86684231603
2026,4,p31,Northeastern New Mexico Regional Landfill,403178,"RC Energy AA, LLC Solar Facility",NM,243759.32700980108
2026,4,p31,Northeastern New Mexico Regional Landfill,401566,Rio Communities Solar Energy Center,NM,25749.69201594749
2026,4,p31,Northeastern New Mexico Regional Landfill,403084,Rio De Oro Solar Energy Center,NM,17671.495256216585
2026,4,p31,Northeastern New Mexico Regional Landfill,400624,Rio Rancho High School,NM,164949.26938301194
2026,4,p31,City of Clovis Landfill,400135,Roadrunner Solar,NM,15776.355897435731
2026,4,p31,Northeastern New Mexico Regional Landfill,404648,"Route 66 Energy Center, LLC",NM,6133.247243751213
2026,4,p31,Northeastern New Mexico Regional Landfill,403387,San Miguel I Solar Energy Center,NM,6370.802217835369
2026,4,p31,Northeastern New Mexico Regional Landfill,405458,San Miguel II Solar Energy Center,NM,7245.623245660631
2026,4,p31,Northeastern New Mexico Regional Landfill,401161,Sandoval Solar Energy Center,NM,32090.284818337983
2026,4,p31,Northeastern New Mexico Regional Landfill,401564,Santa Fe Solar Energy Center,NM,15530.760700458299
2026,4,p31,Northeastern New Mexico Regional Landfill,401565,Santolina Solar Energy Center,NM,18028.654940313285
2026,4,p31,Apache Junction Landfill,400596,Silver City WWTP PV Project,NM,288266.5393854471
2026,4,p31,Northeastern New Mexico Regional Landfill,406343,Sky Ranch Solar,NM,973.1573934557271
2026,4,p31,Northeastern New Mexico Regional Landfill,401563,South Valley Solar Energy Center,NM,20526.160649273024
2026,4,p31,Northeastern New Mexico Regional Landfill,401162,Springer Solar 1,NM,30379.726789215187
2026,4,p31,Northeastern New Mexico Regional Landfill,400735,Storrie Lake Solar Project,NM,47133.980027620935
2026,4,p31,Northeastern New Mexico Regional Landfill,400623,Sue Cleveland High School,NM,145104.1959966485
2026,4,p31,City of Clovis Landfill,400343,"SunE EPE1, LLC",NM,28878.56454414264
2026,4,p31,City of Clovis Landfill,400342,"SunE EPE2, LLC",NM,25730.12555681328
2026,4,p31,Northeastern New Mexico Regional Landfill,402854,Syncarpha Eagle Nest,NM,59257.26642940288
2026,4,p31,Northeastern New Mexico Regional Landfill,403412,Syncarpha El Rito,NM,79129.59160866174
2026,4,p31,Northeastern New Mexico Regional Landfill,403413,Syncarpha Questa,NM,103826.8062522665
2026,4,p31,Northeastern New Mexico Regional Landfill,403411,Syncarpha Taos,NM,31460.16862012134
2026,4,p31,Northeastern New Mexico Regional Landfill,404618,Taos Mesa Energy Facility Hybrid,NM,5126.278678211711
2026,4,p31,Northeastern New Mexico Regional Landfill,403011,Vista Solar Energy Center,NM,24641.61212487438
2026,4,p31,City of Clovis Landfill,400354,WSMR I,NM,150670.84651809963
2026,4,p31,Apache Junction Landfill,405245,Wal-Mart Truth or Consequences PV,NM,365463.2977697945
2026,4,p47,City of Clovis Landfill,400979,"Caprock Solar 1, LLC",NM,2521.9266970491553
2026,4,p47,City of Clovis Landfill,404980,Chaves County Solar II,NM,3768.4331681968515
2026,4,p47,City of Clovis Landfill,401681,"Chaves Solar, LLC",NM,1619.8438351637096
2026,4,p47,City of Clovis Landfill,400614,GSE NM1,NM,92565.75634776772
2026,4,p47,City of Clovis Landfill,404982,Hayhurst New Mexico Solar,NM,10859.00175669899
2026,4,p47,City of Clovis Landfill,402530,Middle Daisy,NM,32131.359448468218
2026,4,p47,City of Clovis Landfill,401682,"Roswell Solar, LLC",NM,1803.6358473834355
2026,4,p47,City of Clovis Landfill,400546,SEV NM Phase 2,NM,109002.35482291336
2026,4,p47,City of Clovis Landfill,400260,SPS1 Dollarhide,NM,20115.60397312951
2026,4,p47,City of Clovis Landfill,400261,SPS2 Jal,NM,22066.92392967233
2026,4,p47,City of Clovis Landfill,400262,SPS3 Lea,NM,16781.47240626148
2026,4,p47,City of Clovis Landfill,400264,SPS5 Hopi,NM,17864.826194184167
2026,4,p47,City of Clovis Landfill,404698,SoCore Clovis 1,NM,3233.0849984428496
2026,4,p48,City of Clovis Landfill,406439,"BESSP1, LLC",TX,442324.71330987196
2026,4,p48,City of Clovis Landfill,405590,"Hecate Energy Frye Solar, LLC",TX,854.4706580956293
2026,4,p57,Victoria Landfill,404918,"Hecate Energy Upshur Rural, LLC",TX,29138.293925925325
2026,4,p59,City of Clovis Landfill,402666,Fort Bliss (DEA EPIC),TX,46496.22153280863
2026,4,p59,City of Clovis Landfill,401616,Montana Solar Facility,TX,40361.475947115985
2026,4,p59,City of Clovis Landfill,401045,Newman Solar,TX,7037.041724586823
2026,4,p60,City of Clovis Landfill,403962,"ANSON Solar Center, LLC",TX,743.0747490783262
2026,4,p60,City of Clovis Landfill,403883,Azure Sky Solar,TX,784.852883461807
2026,4,p60,City of Clovis Landfill,403232,"ENGIE Long Draw Solar, LLC",TX,397.65120314351606
2026,4,p60,City of Clovis Landfill,406252,Highpeak Solar 1,TX,10149.021394009324
2026,4,p60,City of Clovis Landfill,402721,Holstein 1 Solar Farm,TX,1247.167873718652
2026,4,p60,City of Clovis Landfill,405492,Juno Solar Project,TX,376.72881196951977
2026,4,p60,City of Clovis Landfill,402541,Lamesa II,TX,2460.821933986923
2026,4,p60,City of Clovis Landfill,401660,Lamesa Solar,TX,1201.7676415081721
2026,4,p60,City of Clovis Landfill,405932,Lumina II Solar Project,TX,299.3634635146582
2026,4,p60,City of Clovis Landfill,405933,Lumina Solar Project,TX,348.0823245706565
2026,4,p60,City of Clovis Landfill,402909,Misae Solar,TX,497.38639326571496
2026,4,p60,City of Clovis Landfill,400968,"OCI Alamo 7, LLC",TX,1638.4016272602075
2026,4,p60,City of Clovis Landfill,405939,Texas Solar Nova 1,TX,455.99593925603995
2026,4,p61,City of Clovis Landfill,400967,Alamo 6,TX,686.75059695367
2026,4,p61,City of Clovis Landfill,403557,Aragorn Solar Project,TX,440.0463018160051
2026,4,p61,City of Clovis Landfill,400691,Barilla Solar,TX,3505.625688770896
2026,4,p61,City of Clovis Landfill,401946,Bluebell Solar,TX,4529.329823434904
2026,4,p61,City of Clovis Landfill,403574,Bluebell Solar II,TX,852.9197358858258
2026,4,p61,City of Clovis Landfill,400554,"Bryan Solar, LLC",TX,20786.506188458072
2026,4,p61,City of Clovis Landfill,401463,Buckthorn Westex,TX,670.050838532613
2026,4,p61,City of Clovis Landfill,401703,East Pecos Solar,TX,1037.9216127385398
2026,4,p61,City of Clovis Landfill,405363,Galloway 1 Solar Farm,TX,509.7687988262408
2026,4,p61,Victoria Landfill,405494,Galloway 2 Solar Farm,TX,869.9294221775624
2026,4,p61,City of Clovis Landfill,403210,Greasewood,TX,421.7095766243255
2026,4,p61,City of Clovis Landfill,406370,Hayhurst Texas Solar,TX,3294.3076019976065
2026,4,p61,City of Clovis Landfill,402304,Midway Solar-TX,TX,524.9891049684052
2026,4,p61,Victoria Landfill,400695,"OCI Alamo 4, LLC",TX,3390.691857625131
2026,4,p61,City of Clovis Landfill,401868,Pearl Solar,TX,2461.3529656167557
2026,4,p61,City of Clovis Landfill,402290,RE Maplewood,TX,387.61949889703624
2026,4,p61,City of Clovis Landfill,401430,RE Roserock,TX,939.7827798896826
2026,4,p61,City of Clovis Landfill,402848,Rambler,TX,648.343739056093
2026,4,p61,City of Clovis Landfill,402083,Solaire Holman Solar Project,TX,2105.4988865311325
2026,4,p61,City of Clovis Landfill,403023,"Taygete Energy Project, LLC",TX,398.0102422230101
2026,4,p61,City of Clovis Landfill,404647,Taygete II Energy Project,TX,497.86244689009004
2026,4,p61,City of Clovis Landfill,403551,Titan Solar Project,TX,314.6290311299071
2026,4,p61,Victoria Landfill,406103,Zier Solar,TX,534.7337196335177
2026,4,p62,City of Clovis Landfill,403502,2W Permian Solar Project Hybrid,TX,262.1430318286932
2026,4,p62,City of Clovis Landfill,403697,CED Crane Solar,TX,592.9739803251858
2026,4,p62,City of Clovis Landfill,401525,Castle Gap Solar Hybrid,TX,668.6407603141582
2026,4,p62,City of Clovis Landfill,404599,Emerald Grove,TX,698.0370623515139
2026,4,p62,City of Clovis Landfill,403004,Lapetus,TX,629.1971363093177
2026,4,p62,City of Clovis Landfill,403280,Oberon IA,TX,676.0237180653617
2026,4,p62,City of Clovis Landfill,403279,Oberon IB,TX,2500.3309976359756
2026,4,p62,City of Clovis Landfill,403602,Oxy Renewable Energy-Goldsmith,TX,3968.671315219193
2026,4,p62,City of Clovis Landfill,402679,Phoebe Solar,TX,337.78413395491486
2026,4,p62,City of Clovis Landfill,403177,Prospero Solar,TX,269.1856756774899
2026,4,p62,City of Clovis Landfill,404128,Prospero Solar II,TX,224.2360536589562
2026,4,p62,City of Clovis Landfill,403070,"Roadrunner, LLC",TX,516.9391743665734
2026,4,p62,City of Clovis Landfill,401805,Upton County Solar,TX,1138.0376796281869
2026,4,p62,City of Clovis Landfill,402995,West of the Pecos Solar,TX,946.7231578026322
2026,4,p63,Victoria Landfill,405599,"BPL Crown Solar, LLC",TX,1807.411531557142
2026,4,p63,Victoria Landfill,404966,BPL Files Solar,TX,1533.6709835531283
2026,4,p63,Victoria Landfill,403825,Briar Creek Solar 1,TX,1828.0783672258365
2026,4,p63,Victoria Landfill,402610,Chisum,TX,67719.6770369284
2026,4,p63,Victoria Landfill,401697,CoServ Community Solar Station,TX,303586.59738551104
2026,4,p63,Victoria Landfill,403188,Coniglio Solar,TX,3472.1384210308884
2026,4,p63,Victoria Landfill,406415,Dileo Solar,TX,2969.3681136926907
2026,4,p63,Victoria Landfill,402655,Eddy II,TX,13945.177295356598
2026,4,p63,Victoria Landfill,406221,Eiffel Solar Project,TX,1657.5615235759885
2026,4,p63,Victoria Landfill,405540,"Ellis Solar, LLC",TX,4231.349268762808
2026,4,p63,Victoria Landfill,403823,Elm Branch Solar 1,TX,1804.522109251418
2026,4,p63,Victoria Landfill,406206,Five Wells Solar Center - Hybrid,TX,640.0780416547759
2026,4,p63,Victoria Landfill,404567,G.S.E. One LLC,TX,3164.4492011564494
2026,4,p63,Victoria Landfill,403288,Griffin Solar,TX,36983.8021047357
2026,4,p63,Victoria Landfill,406202,Grizzly Ridge Solar,TX,2211.9484722714087
2026,4,p63,Victoria Landfill,402329,Highway 56 Solar,TX,70470.2487575943
2026,4,p63,Victoria Landfill,405319,IKEA Grand Prairie Rooftop PV System,TX,883743.2452669804
2026,4,p63,Victoria Landfill,405689,"IP Radian, LLC",TX,783.1022632437584
2026,4,p63,Victoria Landfill,403481,Impact Solar 1,TX,1698.5318932725459
2026,4,p63,Victoria Landfill,403190,Kellam Solar,TX,3921.23923223431
2026,4,p63,Victoria Landfill,402421,Leon Solar,TX,34194.00257700992
2026,4,p63,Victoria Landfill,403874,Lily Solar Hybrid,TX,1810.507688257431
2026,4,p63,Victoria Landfill,402404,Marlin Solar,TX,28880.559625663605
2026,4,p63,Victoria Landfill,405794,Noble Solar,TX,1336.035734370349
2026,4,p63,Victoria Landfill,402405,North Gainesville Solar,TX,63404.20921755807
2026,4,p63,Victoria Landfill,401933,Phantom Solar,TX,12631.263019247315
2026,4,p63,Victoria Landfill,404872,"Pisgah Ridge Solar, LLC",TX,910.8327222786456
2026,4,p63,Victoria Landfill,406416,Pitts Dudik Solar,TX,4333.7159493942545
2026,4,p63,Victoria Landfill,403189,Rippey Solar,TX,4854.699400679767
2026,4,p63,Victoria Landfill,404630,"Samson Solar Energy III, LLC",TX,1557.9864920973291
2026,4,p63,Victoria Landfill,402652,Sterling Solar (TX),TX,47972.86146953729
2026,4,p63,Victoria Landfill,404812,Sun Valley Solar Project,TX,730.3837373090116
2026,4,p63,Victoria Landfill,404388,"TPE Erath Solar, LLC",TX,22346.789160962395
2026,4,p63,Victoria Landfill,403457,"TPE Whitney Solar, LLC",TX,20402.056349478797
2026,4,p63,Victoria Landfill,405361,Toyota HQ Plan,TX,302549.0874372771
2026,4,p63,Victoria Landfill,405984,Waco Solar,TX,630.5005356022764
2026,4,p63,Victoria Landfill,402306,Walnut Springs Solar,TX,36832.228152953925
2026,4,p63,Victoria Landfill,402414,Whitewright Solar,TX,28520.42134629558
2026,4,p63,Victoria Landfill,402654,Yellow Jacket,TX,38995.50395756701
2026,4,p64,Victoria Landfill,405731,Austin TX GigaFactory,TX,26329.780871568077
2026,4,p64,Victoria Landfill,402203,Bandera Electric Coop PV,TX,48965.87269645783
2026,4,p64,Victoria Landfill,404721,"Blue Jay Solar I, LLC",TX,407.61445757170515
2026,4,p64,Victoria Landfill,402648,Bovine,TX,3296.777845223161
2026,4,p64,Victoria Landfill,402389,"E-Volve Energy Holdings, LLC",TX,35146.25537991306
2026,4,p64,Victoria Landfill,400227,East Blackland Solar Project 1,TX,546.6574735824437
2026,4,p64,Victoria Landfill,405101,IKEA Round Rock 027,TX,48470.11385587781
2026,4,p64,Victoria Landfill,402653,Lampwick,TX,19228.94708099283
2026,4,p64,Victoria Landfill,405613,Niagara Bottling - Seguin,TX,7288.289565608834
2026,4,p64,Victoria Landfill,402544,PowerFin Kingsbery,TX,18056.02309218954
2026,4,p64,Victoria Landfill,400249,Webberville Solar Project,TX,1916.852092538547
2026,4,p65,Victoria Landfill,405700,Aktina Solar,TX,1323.2396575863988
2026,4,p65,Victoria Landfill,404074,"Alexis Solar, LLC",TX,141823.6789897333
2026,4,p65,Victoria Landfill,405727,Bernard Creek Solar,TX,4045.832835949296
2026,4,p65,Victoria Landfill,400081,Blue Wing Solar Energy Generation,TX,64978.295768870055
2026,4,p65,Victoria Landfill,405477,Brightside,TX,15112.480066945636
2026,4,p65,Victoria Landfill,401728,CPS 1 Community Solar,TX,1045961.5316423642
2026,4,p65,Victoria Landfill,402656,Cascade Solar (TX),TX,64141.47214667871
2026,4,p65,Victoria Landfill,403987,Catan Solar,TX,44831.54140137853
2026,4,p65,Victoria Landfill,403091,Commerce Solar,TX,208347.64128519158
2026,4,p65,Victoria Landfill,404247,"Corazon Energy, LLC",TX,7240.692111423145
2026,4,p65,Victoria Landfill,404062,Elara Solar,TX,9599.530455555843
2026,4,p65,Victoria Landfill,404359,FELPS 1-Calaveras,TX,894791.7053284255
2026,4,p65,Victoria Landfill,404361,FELPS 2-Calaveras,TX,895449.9042149998
2026,4,p65,Victoria Landfill,404362,FELPS 3-Floresville South,TX,710606.6927086139
2026,4,p65,Victoria Landfill,404363,FELPS 4-Floresville South,TX,710712.918636903
2026,4,p65,Victoria Landfill,404364,FELPS 5-Floresville South,TX,710900.4643997
2026,4,p65,Victoria Landfill,404739,FELPS 6- Floresville West,TX,944670.6351975768
2026,4,p65,Victoria Landfill,404740,FELPS 7- Floresville West,TX,1079449.9640872334
2026,4,p65,Victoria Landfill,406516,Ganado Solar,TX,2277.957739161923
2026,4,p65,Victoria Landfill,405801,Horizon Solar,TX,7665.722767256003
2026,4,p65,Victoria Landfill,405380,IKEA Live Oak Rooftop PV System,TX,700667.3124792177
2026,4,p65,Victoria Landfill,403343,Mars Solar,TX,147370.73347611167
2026,4,p65,Victoria Landfill,404877,Nebula Solar,TX,14041.219295334959
2026,4,p65,Victoria Landfill,400694,"OCI Alamo 2, LLC",TX,208619.60617730557
2026,4,p65,Victoria Landfill,400965,"OCI Alamo 3, LLC",TX,205821.84968736145
2026,4,p65,Victoria Landfill,400966,"OCI Alamo 5, LLC",TX,20665.21584912658
2026,4,p65,Victoria Landfill,400593,OCI Alamo Solar I Hybrid,TX,28178.445604888082
2026,4,p65,Victoria Landfill,405809,Shakes Solar,TX,9764.876234072435
2026,4,p65,Victoria Landfill,405545,Sparta Solar,TX,3398.8342242644694
2026,4,p65,Victoria Landfill,400379,"SunE CPS1, LLC",TX,180774.41989098882
2026,4,p65,Victoria Landfill,400364,"SunE CPS2, LLC",TX,90807.91633377256
2026,4,p65,Victoria Landfill,400353,"SunE CPS3, LLC",TX,107131.27613789633
2026,4,p65,Victoria Landfill,406032,Tres Bahias,TX,1490.8178285010674
2026,4,p65,Victoria Landfill,404878,Vancourt Solar Interconnections,TX,37565.66820389127
2026,4,p66,Victoria Landfill,406386,Umbriel Solar,TX,4370.699751653067
2026,4,p67,Victoria Landfill,404939,Brazoria County Solar Project (Danciger),TX,537.7998540295966
2026,4,p67,Victoria Landfill,404681,Brazoria West,TX,583.0853334033101
2026,4,p67,Victoria Landfill,402649,Bronson,TX,9195.762415017161
2026,4,p67,Victoria Landfill,406178,"Cutlass Solar 1, LLC",TX,936.3752744749714
2026,4,p67,Victoria Landfill,404587,Fighting Jays Solar Project,TX,521.4413819380324
2026,4,p67,Victoria Landfill,405564,"Fort Bend Solar, LLC",TX,484.8490663520894
2026,4,p67,Victoria Landfill,404853,"Longbow Solar, LLC",TX,2145.4683098644814
2026,4,p67,Victoria Landfill,403514,Wagyu,TX,940.7229732311382
2027,1,p12,Apex Regional Landfill,402144,Battle Mountain Solar Project,NV,1341.9088707446203
2027,1,p12,Apex Regional Landfill,405553,Dodge Flat,NV,2345.421113301623
2027,1,p12,Apex Regional Landfill,402609,"EGP Stillwater Solar PV II, LLC",NV,4630.105515964928
2027,1,p12,Apex Regional Landfill,404659,Fish Springs,NV,1781.7491336040996
2027,1,p12,Apex Regional Landfill,401086,Ft. Churchill PV,NV,15361.105649244504
2027,1,p12,Apex Regional Landfill,402130,Luning Energy,NV,1349.2374466049284
2027,1,p12,Apex Regional Landfill,403107,NVSS-II,NV,1007.70005442498
2027,1,p12,Apex Regional Landfill,400468,"Patua Acquisition Project, LLC",NV,10428.761182648763
2027,1,p12,Apex Regional Landfill,405023,Steamboat II,NV,168537.05099425477
2027,1,p12,Apex Regional Landfill,400029,Stillwater Facility,NV,4254.5349213249765
2027,1,p12,Apex Regional Landfill,401318,Sunshine Valley Solar,NV,300.29753170026885
2027,1,p12,Apex Regional Landfill,405026,TS Power Plant,NV,949.5967820679199
2027,1,p12,Apex Regional Landfill,405576,Tesla Reno GigaFactory,NV,136262.40633320494
2027,1,p12,Apex Regional Landfill,401943,Tungsten Mountain,NV,10591.14573628441
2027,1,p12,Apex Regional Landfill,403308,Turquoise Liberty Solar,NV,18576.774618168438
2027,1,p12,Apex Regional Landfill,403884,"Turquoise Nevada, LLC",NV,3447.6600573572136
2027,1,p12,Apex Regional Landfill,400035,Western 102 Power Plant,NV,461422.5531212372
2027,1,p13,Apex Regional Landfill,400555,Apex Solar PV Power Project,NV,1232.0363891006673
2027,1,p13,Apex Regional Landfill,405385,Arrow Canyon Solar Hybrid,NV,448.2980122243664
2027,1,p13,Apex Regional Landfill,402017,"Boulder Solar II, LLC",NV,403.50883202603023
2027,1,p13,Apex Regional Landfill,401649,"Boulder Solar Power, LLC",NV,245.8434531575926
2027,1,p13,Apex Regional Landfill,400059,CM10,NV,2903.5753259277267
2027,1,p13,Apex Regional Landfill,400086,CM48,NV,518.1574002643056
2027,1,p13,Apex Regional Landfill,400363,Copper Mountain Solar 2,NV,193.1685259844714
2027,1,p13,Apex Regional Landfill,400802,Copper Mountain Solar 3,NV,109.60569812655078
2027,1,p13,Apex Regional Landfill,401308,"Copper Mountain Solar 4, LLC",NV,263.6376845576927
2027,1,p13,Apex Regional Landfill,403688,"Copper Mountain Solar 5, LLC",NV,142.15379548839317
2027,1,p13,Apex Regional Landfill,405358,Dignity - San Martin,NV,5050.91982514751
2027,1,p13,Apex Regional Landfill,405355,Dignity - Siena Campus,NV,5585.493360670361
2027,1,p13,Apex Regional Landfill,405556,Dry Lake Solar Energy Center,NV,215.81339945034253
2027,1,p13,Apex Regional Landfill,405495,Gemini Solar,NV,94.47358854354444
2027,1,p13,Apex Regional Landfill,403386,"Harry Allen Solar Energy, LLC",NV,233.75885918974575
2027,1,p13,Apex Regional Landfill,406090,IGS LAS1,NV,11181.341131767253
2027,1,p13,Apex Regional Landfill,406089,IGS VGT,NV,7801.308229676234
2027,1,p13,Apex Regional Landfill,405309,IKEA Las Vegas 462,NV,17152.522524931283
2027,1,p13,Apex Regional Landfill,400545,Las Vegas WPCF Solar Plant,NV,1156.7986561265368
2027,1,p13,Apex Regional Landfill,400313,Moapa Southern Paiute,NV,149.41373050859775
2027,1,p13,Apex Regional Landfill,400600,Mountain View Solar,NV,757.845349913241
2027,1,p13,Apex Regional Landfill,400036,Nellis Air Force Base Solar Array,NV,620.4519997301916
2027,1,p13,Apex Regional Landfill,401381,Nellis Solar PV II,NV,308.64413218799456
2027,1,p13,Apex Regional Landfill,401319,"Playa Solar 1, LLC",NV,250.79410414511716
2027,1,p13,Apex Regional Landfill,401596,Playa Solar 2,NV,210.95697811024255
2027,1,p13,Apex Regional Landfill,401274,River Mountains Solar,NV,823.8479604449401
2027,1,p13,Mohave Valley Landfill,401042,Searchlight Solar,NV,1810.8555894917151
2027,1,p13,Apex Regional Landfill,400166,Silver State Solar Power North,NV,623.1930930812584
2027,1,p13,Apex Regional Landfill,400658,Silver State Solar Power South,NV,201.2192888857148
2027,1,p13,Apex Regional Landfill,405246,"Solar Las Vegas MB 2, LLC",NV,4228.0504986065425
2027,1,p13,Apex Regional Landfill,405188,Solar Las Vegas MB-1,NV,1181.3342969202286
2027,1,p13,Apex Regional Landfill,400556,Spectrum Solar PV Power Project,NV,416.27730074586435
2027,1,p13,Apex Regional Landfill,402485,"Techren Solar I, LLC",NV,219.50084424339846
2027,1,p13,Apex Regional Landfill,402690,"Techren Solar II, LLC",NV,131.41827278761338
2027,1,p13,Apex Regional Landfill,402691,"Techren Solar III, LLC",NV,1201.296010745383
2027,1,p13,Apex Regional Landfill,402692,"Techren Solar IV, LLC",NV,830.6531631292905
2027,1,p13,Apex Regional Landfill,403001,Techren Solar V,NV,359.1278145844063
2027,1,p13,Apex Regional Landfill,401851,Townsite Solar Project Hybrid,NV,140.68818699032468
2027,1,p13,Apex Regional Landfill,406448,Yellow Pine II,NV,556.6923916607552
2027,1,p13,Apex Regional Landfill,404971,Yellow Pine Solar,NV,577.5793061167864
2027,1,p27,Mohave Valley Landfill,400374,"Black Mountain Solar, LLC",AZ,493.7014054355675
2027,1,p27,Mohave Valley Landfill,402236,Gray Hawk Solar,AZ,223.3764698230903
2027,1,p27,Mohave Valley Landfill,401819,Jacobson 5 MW Solar,AZ,1473.8311475577618
2027,1,p27,Mohave Valley Landfill,400199,La Senita,AZ,5426.588830779156
2027,1,p27,Mohave Valley Landfill,403718,Mohave Electric Cooperative at Joy Lane,AZ,97.76905454498649
2027,1,p27,Mohave Valley Landfill,401311,Mohave Electric at Fort Mohave,AZ,245.71730364560997
2027,1,p27,Mohave Valley Landfill,406478,Mohave Energy - Hybrid,AZ,66.413205347392
2027,1,p28,Apache Junction Landfill,405418,AZ State University - Tempe Campus Solar,AZ,7006.106731980008
2027,1,p28,South Yuma County Landfill,400148,Agua Caliente Solar Project,AZ,328.3000497929476
2027,1,p28,Apache Junction Landfill,402067,Apache Solar 1,AZ,4736.484901867305
2027,1,p28,South Yuma County Landfill,400274,Arizona Western College PV,AZ,1715.7966633440592
2027,1,p28,Apache Junction Landfill,400240,Arlington Valley Solar Energy II,AZ,510.677444474514
2027,1,p28,Apache Junction Landfill,400437,Badger 1,AZ,4050.349397345826
2027,1,p28,Apache Junction Landfill,401688,Bonnybrooke PV,AZ,542.7825257799269
2027,1,p28,Apache Junction Landfill,400371,Buckeye Union HS District 201,AZ,18764.02435819646
2027,1,p28,Apache Junction Landfill,405635,"Central Line Solar, LLC",AZ,420.0763250477825
2027,1,p28,Apache Junction Landfill,400201,Chino Solar Valley,AZ,4526.863382262434
2027,1,p28,Apache Junction Landfill,400202,Cotton Center Solar Hybrid,AZ,2961.26321821284
2027,1,p28,Apache Junction Landfill,401069,Desert Star Hybrid,AZ,4818.4155291754905
2027,1,p28,Apache Junction Landfill,403257,East Line Solar,AZ,369.81582386371366
2027,1,p28,Apache Junction Landfill,406171,Eleven Mile Solar Center,AZ,149.7295945324505
2027,1,p28,Apache Junction Landfill,405244,Estrella Mountain PV,AZ,19062.378574973605
2027,1,p28,South Yuma County Landfill,400349,Foothills Solar Plant Hybrid,AZ,287.56499839553226
2027,1,p28,Apache Junction Landfill,400825,Fort Huachuca Solar PV Project,AZ,7309.355902716172
2027,1,p28,Apache Junction Landfill,400845,Gila Bend Hybrid,AZ,2176.6629109305277
2027,1,p28,Apache Junction Landfill,400599,"Gilbert Solar Facility I, LLC",AZ,5060.806319059037
2027,1,p28,South Yuma County Landfill,400507,Hyder II Hybrid,AZ,4102.672701226835
2027,1,p28,South Yuma County Landfill,400204,Hyder Solar Hybrid,AZ,6012.371751499714
2027,1,p28,Apache Junction Landfill,405282,Intel - Ocotillo Campus Solar,AZ,3791.057102653618
2027,1,p28,Apache Junction Landfill,405125,Jewish Community Center PV,AZ,30367.89778044815
2027,1,p28,Apache Junction Landfill,402234,Kayenta Solar Project,AZ,3605.5476208890786
2027,1,p28,Apache Junction Landfill,400595,Lake Pleasant WTP,AZ,6202.900599742811
2027,1,p28,Apache Junction Landfill,400128,Luke Solar,AZ,3261.109949712723
2027,1,p28,Apache Junction Landfill,405068,Macys Goodyear,AZ,14787.884886728338
2027,1,p28,South Yuma County Landfill,406279,McFarland A Solar and Storage,AZ,320.0097483877183
2027,1,p28,Apache Junction Landfill,405617,Mesa Carport PV,AZ,792.0304864938219
2027,1,p28,Apache Junction Landfill,404512,Mesa Solar Array,AZ,1162.0409402616242
2027,1,p28,Apache Junction Landfill,400250,Mesquite Solar 1,AZ,890.4915516399157
2027,1,p28,Apache Junction Landfill,401621,"Mesquite Solar 2, LLC",AZ,680.8545591520187
2027,1,p28,Apache Junction Landfill,401622,"Mesquite Solar 3, LLC",AZ,590.6503964112454
2027,1,p28,Apache Junction Landfill,406038,"Mesquite Solar 4, LLC",AZ,1260.7383327587295
2027,1,p28,Apache Junction Landfill,404922,"Mesquite Solar 5, LLC",AZ,1104.6181527145995
2027,1,p28,Mohave Valley Landfill,403572,OE_AZ1,AZ,2763.7353151718503
2027,1,p28,Apache Junction Landfill,400203,Paloma Solar Hybrid,AZ,4092.1854778636052
2027,1,p28,Apache Junction Landfill,405126,Paradise Valley H.S. PV,AZ,18220.539284527084
2027,1,p28,Apache Junction Landfill,405150,Phoenix Airport East Economy Lot,AZ,28782.372917791115
2027,1,p28,Apache Junction Landfill,405151,Phoenix Airport Rental Car Center,AZ,22388.948415884526
2027,1,p28,Apache Junction Landfill,402528,Pinal Central Energy Center Hybrid,AZ,1262.5710570006022
2027,1,p28,Apache Junction Landfill,400125,"Poseidon Solar, LLC",AZ,629.5721687791263
2027,1,p28,Apache Junction Landfill,400031,Prescott Airport,AZ,30919.060513797966
2027,1,p28,Apache Junction Landfill,400401,Prescott Solar Plant,AZ,9013.556102539145
2027,1,p28,Apache Junction Landfill,400323,Queen Creek Solar Farm,AZ,394.8793707097561
2027,1,p28,Mohave Valley Landfill,400289,"RE Bagdad Solar I, LLC",AZ,4900.404326257814
2027,1,p28,Apache Junction Landfill,405132,"RE Gillespie 1, LLC",AZ,3301.7945588008006
2027,1,p28,Apache Junction Landfill,400758,Red Horse 2,AZ,1486.4961119406257
2027,1,p28,Apache Junction Landfill,401609,Red Horse III,AZ,2678.0856168356436
2027,1,p28,Apache Junction Landfill,401726,Red Rock,AZ,1200.8623347398313
2027,1,p28,Apache Junction Landfill,406380,SR McNeal,AZ,5931.959375547948
2027,1,p28,Apache Junction Landfill,400416,Saddle Mountain Solar I,AZ,7636.694983825482
2027,1,p28,Apache Junction Landfill,403674,Saint Solar,AZ,409.1810903153559
2027,1,p28,Apache Junction Landfill,401214,Sandstone Solar,AZ,502.78323764184785
2027,1,p28,Apache Junction Landfill,405029,Solana Generating Station,AZ,329.97282780554843
2027,1,p28,Apache Junction Landfill,406275,Sonoran Solar Energy,AZ,153.87696311206784
2027,1,p28,Apache Junction Landfill,406034,Storey Solar and Storage,AZ,261.02248287241093
2027,1,p28,Apache Junction Landfill,401664,Sulphur Springs,AZ,4576.827861606993
2027,1,p28,Apache Junction Landfill,403643,Sun Streams 2,AZ,755.867596440223
2027,1,p28,Apache Junction Landfill,406517,Sun Streams 3,AZ,318.04321400977074
2027,1,p28,Apache Junction Landfill,401975,"Sun Streams, LLC",AZ,534.0015913577375
2027,1,p28,Apache Junction Landfill,405311,T0588 Phoenix - AZ,AZ,26476.328733684815
2027,1,p28,Apache Junction Landfill,405134,Union HS at Casa Grande,AZ,23956.22964929979
2027,1,p28,Apache Junction Landfill,405135,Vista Grande HS at Casa Grande,AZ,19662.412120430825
2027,1,p28,Apache Junction Landfill,400334,Walmart Casa Grande,AZ,19043.540858891338
2027,1,p28,Apache Junction Landfill,406098,"West Line Solar, LLC",AZ,424.34884015875355
2027,1,p29,Apache Junction Landfill,400014,Springerville,AZ,6706.881108943977
2027,1,p30,Apache Junction Landfill,405143,Actus Lend Lease DMAFB,AZ,23145.319924420943
2027,1,p30,Apache Junction Landfill,405611,Amazon TUS2,AZ,15703.26620191333
2027,1,p30,Apache Junction Landfill,405268,Amphitheater High School Solar,AZ,31984.11844207807
2027,1,p30,Apache Junction Landfill,400939,Avalon Solar,AZ,1685.543174398106
2027,1,p30,Apache Junction Landfill,401479,Avalon Solar II,AZ,2993.9213828293837
2027,1,p30,Apache Junction Landfill,400226,Avra Valley Solar,AZ,1073.6543904823657
2027,1,p30,Apache Junction Landfill,404704,Broadway 2 - Tucson Phase II,AZ,20525.139849572894
2027,1,p30,Apache Junction Landfill,405768,Broadway 3 - Tucson Phase I,AZ,30674.40385570259
2027,1,p30,Apache Junction Landfill,405269,Canyon Del Oro High School Solar,AZ,7454.415278733949
2027,1,p30,Apache Junction Landfill,400757,Cogenra-TEP,AZ,37578.113977671615
2027,1,p30,Apache Junction Landfill,401295,Davis Monthan AFB (AZ) West Airfield,AZ,4685.634588124945
2027,1,p30,Apache Junction Landfill,400330,FRB Solar Farm,AZ,19679.563064597616
2027,1,p30,Apache Junction Landfill,400761,"Gato Montes Solar, LLC",AZ,7529.193980449078
2027,1,p30,Apache Junction Landfill,404536,Iron Horse Battery Storage Hybrid,AZ,20869.35016520098
2027,1,p30,Apache Junction Landfill,400552,"Picture Rocks Solar, LLC",AZ,3480.7971622596106
2027,1,p30,Apache Junction Landfill,405374,Pima Community College,AZ,36398.03470763501
2027,1,p30,Apache Junction Landfill,405303,Pima Community College - East Campus,AZ,44740.34909961503
2027,1,p30,Apache Junction Landfill,405516,Pima Community College NW,AZ,28568.04585025753
2027,1,p30,Apache Junction Landfill,400408,Prairie Fire,AZ,8291.003584501865
2027,1,p30,Apache Junction Landfill,400290,"RE Ajo 1, LLC",AZ,8863.484238650488
2027,1,p30,Apache Junction Landfill,404926,Raptor Ridge,AZ,3636.2904757535553
2027,1,p30,Apache Junction Landfill,400857,Rio Rico Solar,AZ,14342.736875636576
2027,1,p30,Apache Junction Landfill,400193,Roger Road WWTP,AZ,34426.25697693385
2027,1,p30,Apache Junction Landfill,401076,Tech Park Solar,AZ,9245.267486876832
2027,1,p30,Apache Junction Landfill,400156,UASTP I,AZ,31388.632192957353
2027,1,p30,Apache Junction Landfill,401075,Valencia Solar,AZ,4470.7739769009795
2027,1,p30,Apache Junction Landfill,404187,"Wilmot Energy Center, LLC",AZ,416.22816827555766
2027,1,p31,City of Clovis Landfill,400211,Alamogordo Solar Energy Center,NM,66610.7130933499
2027,1,p31,Northeastern New Mexico Regional Landfill,400206,Albuquerque Solar Energy Center,NM,123802.57599290764
2027,1,p31,Northeastern New Mexico Regional Landfill,403675,Alcalde Solar Array,NM,53553.01605013799
2027,1,p31,Apache Junction Landfill,401595,Alta Luna,NM,10200.40285689158
2027,1,p31,Northeastern New Mexico Regional Landfill,404724,Angel Fire Energy Facility,NM,4862.239169387166
2027,1,p31,Northeastern New Mexico Regional Landfill,405469,Arroyo Solar Energy Storage Hybrid,NM,831.2671827523658
2027,1,p31,Northeastern New Mexico Regional Landfill,403321,Bluewater CDEC 1,NM,105593.79966677989
2027,1,p31,Northeastern New Mexico Regional Landfill,403736,Britton Solar Energy Center,NM,2624.9528720793924
2027,1,p31,City of Clovis Landfill,404981,Buena Vista Energy Center,NM,2402.0938217645435
2027,1,p31,Northeastern New Mexico Regional Landfill,402876,CNMEC Solar Energy Center,NM,78672.20659517568
2027,1,p31,City of Clovis Landfill,402519,Carrizozo Solar,NM,77200.83600882124
2027,1,p31,Northeastern New Mexico Regional Landfill,401202,Cibola,NM,30268.20417376367
2027,1,p31,Northeastern New Mexico Regional Landfill,400104,Cimarron Solar Facility,NM,1007.8122853230267
2027,1,p31,Apache Junction Landfill,402988,City of Gallup Solar,NM,31981.858419023563
2027,1,p31,Northeastern New Mexico Regional Landfill,403604,City of Rio Rancho WWTP,NM,166866.14583295502
2027,1,p31,Apache Junction Landfill,401225,City of Truth or Consequences PV,NM,217936.04420435373
2027,1,p31,Apache Junction Landfill,402177,Columbus Solar Project,NM,156333.14821381075
2027,1,p31,Northeastern New Mexico Regional Landfill,404748,"Cuba 2.5ac, LLC",NM,59914.790804203636
2027,1,p31,Apache Junction Landfill,400209,Deming Solar Energy Center,NM,51266.171749172405
2027,1,p31,Northeastern New Mexico Regional Landfill,403868,Encino Solar Energy Center,NM,4782.47208115829
2027,1,p31,Northeastern New Mexico Regional Landfill,401038,Eubank Landfill Solar Array,NM,83375.13154509179
2027,1,p31,Northeastern New Mexico Regional Landfill,402441,Facebook 1 Solar Energy Center,NM,17432.76426056169
2027,1,p31,Northeastern New Mexico Regional Landfill,402442,Facebook 2 Solar Energy Center,NM,16777.416896055278
2027,1,p31,Northeastern New Mexico Regional Landfill,402443,Facebook 3 Solar Energy Center,NM,27962.826916840575
2027,1,p31,Northeastern New Mexico Regional Landfill,403322,Grants CDEC 2,NM,61869.20060478969
2027,1,p31,Apache Junction Landfill,400216,"Hatch Solar Energy Center I, LLC",NM,66304.63266543923
2027,1,p31,City of Clovis Landfill,401617,Holloman Solar Facility,NM,51177.767758927985
2027,1,p31,Northeastern New Mexico Regional Landfill,406109,"Jicarilla Solar 1, LLC",NM,3458.637595480344
2027,1,p31,Northeastern New Mexico Regional Landfill,400427,Kit Carson,NM,94699.15424791892
2027,1,p31,Northeastern New Mexico Regional Landfill,400210,Las Vegas Solar Energy Center,NM,12867.639688635116
2027,1,p31,Northeastern New Mexico Regional Landfill,400434,Los Alamos PV Site,NM,121594.89048990997
2027,1,p31,Northeastern New Mexico Regional Landfill,400207,Los Lunas Solar Energy Center,NM,24821.67765044603
2027,1,p31,Apache Junction Landfill,400838,Macho Springs,NM,6848.510108021496
2027,1,p31,Northeastern New Mexico Regional Landfill,400582,Manzano Solar,NM,35826.343317903484
2027,1,p31,Northeastern New Mexico Regional Landfill,401201,Meadow Lake Solar Energy Center,NM,25385.681448773907
2027,1,p31,Northeastern New Mexico Regional Landfill,406177,"NMRD Data Center III, LLC",NM,3154.1898766842
2027,1,p31,City of Clovis Landfill,405693,NMSU Solar and Storage,NM,124101.85365202128
2027,1,p31,Northeastern New Mexico Regional Landfill,406375,OE_ESCL,NM,1490.8247852606542
2027,1,p31,City of Clovis Landfill,400581,Otero Solar,NM,37000.504565064606
2027,1,p31,Northeastern New Mexico Regional Landfill,400146,Questa Solar Facility,NM,98584.96073292005
2027,1,p31,Northeastern New Mexico Regional Landfill,403178,"RC Energy AA, LLC Solar Facility",NM,162517.71509983402
2027,1,p31,Northeastern New Mexico Regional Landfill,401566,Rio Communities Solar Energy Center,NM,22535.291923941557
2027,1,p31,Northeastern New Mexico Regional Landfill,403084,Rio De Oro Solar Energy Center,NM,35308.49923253317
2027,1,p31,Northeastern New Mexico Regional Landfill,400624,Rio Rancho High School,NM,185563.61664590097
2027,1,p31,City of Clovis Landfill,400135,Roadrunner Solar,NM,15776.355897435731
2027,1,p31,Northeastern New Mexico Regional Landfill,404648,"Route 66 Energy Center, LLC",NM,4777.968140673166
2027,1,p31,Northeastern New Mexico Regional Landfill,403387,San Miguel I Solar Energy Center,NM,5103.540030248297
2027,1,p31,Northeastern New Mexico Regional Landfill,405458,San Miguel II Solar Energy Center,NM,6344.231749940553
2027,1,p31,Northeastern New Mexico Regional Landfill,401161,Sandoval Solar Energy Center,NM,36669.6838952577
2027,1,p31,Northeastern New Mexico Regional Landfill,401564,Santa Fe Solar Energy Center,NM,13593.727022888508
2027,1,p31,Northeastern New Mexico Regional Landfill,401565,Santolina Solar Energy Center,NM,16229.238574271956
2027,1,p31,Apache Junction Landfill,400596,Silver City WWTP PV Project,NM,288266.5393854471
2027,1,p31,Northeastern New Mexico Regional Landfill,406343,Sky Ranch Solar,NM,973.1573934557271
2027,1,p31,Northeastern New Mexico Regional Landfill,401563,South Valley Solar Energy Center,NM,23453.541987754877
2027,1,p31,Northeastern New Mexico Regional Landfill,401162,Springer Solar 1,NM,39049.794077590945
2027,1,p31,Northeastern New Mexico Regional Landfill,400735,Storrie Lake Solar Project,NM,33004.13340330465
2027,1,p31,Northeastern New Mexico Regional Landfill,400623,Sue Cleveland High School,NM,161223.05207628722
2027,1,p31,City of Clovis Landfill,400343,"SunE EPE1, LLC",NM,32085.362445858485
2027,1,p31,City of Clovis Landfill,400342,"SunE EPE2, LLC",NM,25730.12555681328
2027,1,p31,Northeastern New Mexico Regional Landfill,402854,Syncarpha Eagle Nest,NM,76178.05932926084
2027,1,p31,Northeastern New Mexico Regional Landfill,403412,Syncarpha El Rito,NM,79129.59160866174
2027,1,p31,Northeastern New Mexico Regional Landfill,403413,Syncarpha Questa,NM,74171.85911730464
2027,1,p31,Northeastern New Mexico Regional Landfill,403411,Syncarpha Taos,NM,31460.16862012134
2027,1,p31,Northeastern New Mexico Regional Landfill,404618,Taos Mesa Energy Facility Hybrid,NM,5126.278678211711
2027,1,p31,Northeastern New Mexico Regional Landfill,403011,Vista Solar Energy Center,NM,17259.475871382067
2027,1,p31,City of Clovis Landfill,400354,WSMR I,NM,100453.02548829975
2027,1,p31,Apache Junction Landfill,405245,Wal-Mart Truth or Consequences PV,NM,324861.408797595
2027,1,p47,City of Clovis Landfill,400979,"Caprock Solar 1, LLC",NM,3237.5104880060576
2027,1,p47,City of Clovis Landfill,404980,Chaves County Solar II,NM,3768.4331681968515
2027,1,p47,City of Clovis Landfill,401681,"Chaves Solar, LLC",NM,1619.8438351637096
2027,1,p47,City of Clovis Landfill,400614,GSE NM1,NM,92565.75634776772
2027,1,p47,City of Clovis Landfill,404982,Hayhurst New Mexico Solar,NM,10859.00175669899
2027,1,p47,City of Clovis Landfill,402530,Middle Daisy,NM,32131.359448468218
2027,1,p47,City of Clovis Landfill,401682,"Roswell Solar, LLC",NM,1625.0106055150916
2027,1,p47,City of Clovis Landfill,400546,SEV NM Phase 2,NM,109002.35482291336
2027,1,p47,City of Clovis Landfill,400260,SPS1 Dollarhide,NM,30164.714245344272
2027,1,p47,City of Clovis Landfill,400261,SPS2 Jal,NM,29416.770763329776
2027,1,p47,City of Clovis Landfill,400262,SPS3 Lea,NM,16781.47240626148
2027,1,p47,City of Clovis Landfill,400264,SPS5 Hopi,NM,19847.875390349072
2027,1,p47,City of Clovis Landfill,404698,SoCore Clovis 1,NM,3635.0476946607055
2027,1,p48,City of Clovis Landfill,406439,"BESSP1, LLC",TX,442324.71330987196
2027,1,p48,City of Clovis Landfill,405590,"Hecate Energy Frye Solar, LLC",TX,947.480350250699
2027,1,p57,Victoria Landfill,404918,"Hecate Energy Upshur Rural, LLC",TX,22676.340318786362
2027,1,p59,City of Clovis Landfill,402666,Fort Bliss (DEA EPIC),TX,46496.22153280863
2027,1,p59,City of Clovis Landfill,401616,Montana Solar Facility,TX,30275.452817511985
2027,1,p59,City of Clovis Landfill,401045,Newman Solar,TX,7037.041724586823
2027,1,p60,City of Clovis Landfill,403962,"ANSON Solar Center, LLC",TX,846.7449377038016
2027,1,p60,City of Clovis Landfill,403883,Azure Sky Solar,TX,912.7644592554412
2027,1,p60,City of Clovis Landfill,403232,"ENGIE Long Draw Solar, LLC",TX,397.65120314351606
2027,1,p60,City of Clovis Landfill,406252,Highpeak Solar 1,TX,9135.857597478393
2027,1,p60,City of Clovis Landfill,402721,Holstein 1 Solar Farm,TX,1247.167873718652
2027,1,p60,City of Clovis Landfill,405492,Juno Solar Project,TX,331.8106390608298
2027,1,p60,City of Clovis Landfill,402541,Lamesa II,TX,2460.821933986923
2027,1,p60,City of Clovis Landfill,401660,Lamesa Solar,TX,905.671588306129
2027,1,p60,City of Clovis Landfill,405932,Lumina II Solar Project,TX,330.6945784940646
2027,1,p60,City of Clovis Landfill,405933,Lumina Solar Project,TX,348.0823245706565
2027,1,p60,City of Clovis Landfill,402909,Misae Solar,TX,497.38639326571496
2027,1,p60,City of Clovis Landfill,400968,"OCI Alamo 7, LLC",TX,1908.5713270202418
2027,1,p60,City of Clovis Landfill,405939,Texas Solar Nova 1,TX,455.99593925603995
2027,1,p61,City of Clovis Landfill,400967,Alamo 6,TX,761.1247267596332
2027,1,p61,City of Clovis Landfill,403557,Aragorn Solar Project,TX,440.0463018160051
2027,1,p61,City of Clovis Landfill,400691,Barilla Solar,TX,3069.595406262034
2027,1,p61,City of Clovis Landfill,401946,Bluebell Solar,TX,4529.329823434904
2027,1,p61,City of Clovis Landfill,403574,Bluebell Solar II,TX,992.1757870834634
2027,1,p61,City of Clovis Landfill,400554,"Bryan Solar, LLC",TX,17324.985728498403
2027,1,p61,City of Clovis Landfill,401463,Buckthorn Westex,TX,1159.5513959070727
2027,1,p61,City of Clovis Landfill,401703,East Pecos Solar,TX,1037.9216127385398
2027,1,p61,Victoria Landfill,405363,Galloway 1 Solar Farm,TX,853.3378624948494
2027,1,p61,Victoria Landfill,405494,Galloway 2 Solar Farm,TX,869.9294221775624
2027,1,p61,City of Clovis Landfill,403210,Greasewood,TX,421.7095766243255
2027,1,p61,City of Clovis Landfill,406370,Hayhurst Texas Solar,TX,2566.1022301536927
2027,1,p61,City of Clovis Landfill,402304,Midway Solar-TX,TX,524.9891049684052
2027,1,p61,Victoria Landfill,400695,"OCI Alamo 4, LLC",TX,4223.489148581414
2027,1,p61,City of Clovis Landfill,401868,Pearl Solar,TX,2461.3529656167557
2027,1,p61,City of Clovis Landfill,402290,RE Maplewood,TX,387.61949889703624
2027,1,p61,City of Clovis Landfill,401430,RE Roserock,TX,786.0495546914021
2027,1,p61,City of Clovis Landfill,402848,Rambler,TX,558.2065518623656
2027,1,p61,City of Clovis Landfill,402083,Solaire Holman Solar Project,TX,2105.4988865311325
2027,1,p61,City of Clovis Landfill,403023,"Taygete Energy Project, LLC",TX,461.44804447684504
2027,1,p61,City of Clovis Landfill,404647,Taygete II Energy Project,TX,497.86244689009004
2027,1,p61,City of Clovis Landfill,403551,Titan Solar Project,TX,314.6290311299071
2027,1,p61,Victoria Landfill,406103,Zier Solar,TX,594.1375978627075
2027,1,p62,City of Clovis Landfill,403502,2W Permian Solar Project Hybrid,TX,262.1430318286932
2027,1,p62,City of Clovis Landfill,403697,CED Crane Solar,TX,592.9739803251858
2027,1,p62,City of Clovis Landfill,401525,Castle Gap Solar Hybrid,TX,668.6407603141582
2027,1,p62,City of Clovis Landfill,404599,Emerald Grove,TX,773.6652438683487
2027,1,p62,City of Clovis Landfill,403004,Lapetus,TX,629.1971363093177
2027,1,p62,City of Clovis Landfill,403280,Oberon IA,TX,676.0237180653617
2027,1,p62,City of Clovis Landfill,403279,Oberon IB,TX,2500.3309976359756
2027,1,p62,City of Clovis Landfill,403602,Oxy Renewable Energy-Goldsmith,TX,3529.639327828171
2027,1,p62,City of Clovis Landfill,402679,Phoebe Solar,TX,337.78413395491486
2027,1,p62,City of Clovis Landfill,403177,Prospero Solar,TX,269.1856756774899
2027,1,p62,City of Clovis Landfill,404128,Prospero Solar II,TX,250.09263177882568
2027,1,p62,City of Clovis Landfill,403070,"Roadrunner, LLC",TX,516.9391743665734
2027,1,p62,City of Clovis Landfill,401805,Upton County Solar,TX,913.9068294425496
2027,1,p62,City of Clovis Landfill,402995,West of the Pecos Solar,TX,946.7231578026322
2027,1,p63,Victoria Landfill,405599,"BPL Crown Solar, LLC",TX,1807.411531557142
2027,1,p63,Victoria Landfill,404966,BPL Files Solar,TX,1533.6709835531283
2027,1,p63,Victoria Landfill,403825,Briar Creek Solar 1,TX,1828.0783672258365
2027,1,p63,Victoria Landfill,402610,Chisum,TX,27123.57243105136
2027,1,p63,Victoria Landfill,401697,CoServ Community Solar Station,TX,607113.6920772224
2027,1,p63,Victoria Landfill,403188,Coniglio Solar,TX,3472.1384210308884
2027,1,p63,Victoria Landfill,406415,Dileo Solar,TX,2969.3681136926907
2027,1,p63,Victoria Landfill,402655,Eddy II,TX,17416.595945745747
2027,1,p63,Victoria Landfill,406221,Eiffel Solar Project,TX,1302.4373391813242
2027,1,p63,Victoria Landfill,405540,"Ellis Solar, LLC",TX,4231.349268762808
2027,1,p63,Victoria Landfill,403823,Elm Branch Solar 1,TX,1804.522109251418
2027,1,p63,Victoria Landfill,406206,Five Wells Solar Center - Hybrid,TX,640.0780416547759
2027,1,p63,Victoria Landfill,404567,G.S.E. One LLC,TX,3940.6858279955622
2027,1,p63,Victoria Landfill,403288,Griffin Solar,TX,36983.8021047357
2027,1,p63,Victoria Landfill,406202,Grizzly Ridge Solar,TX,2211.9484722714087
2027,1,p63,Victoria Landfill,405319,IKEA Grand Prairie Rooftop PV System,TX,252540.57200042292
2027,1,p63,Victoria Landfill,405689,"IP Radian, LLC",TX,783.1022632437584
2027,1,p63,Victoria Landfill,403481,Impact Solar 1,TX,1698.5318932725459
2027,1,p63,Victoria Landfill,403190,Kellam Solar,TX,3921.23923223431
2027,1,p63,Victoria Landfill,402421,Leon Solar,TX,34194.00257700992
2027,1,p63,Victoria Landfill,403874,Lily Solar Hybrid,TX,1810.507688257431
2027,1,p63,Victoria Landfill,402404,Marlin Solar,TX,32483.19174214656
2027,1,p63,Victoria Landfill,405794,Noble Solar,TX,1336.035734370349
2027,1,p63,Victoria Landfill,401933,Phantom Solar,TX,11059.792978566404
2027,1,p63,Victoria Landfill,404872,"Pisgah Ridge Solar, LLC",TX,1194.609398438194
2027,1,p63,Victoria Landfill,406416,Pitts Dudik Solar,TX,4333.7159493942545
2027,1,p63,Victoria Landfill,403189,Rippey Solar,TX,4854.699400679767
2027,1,p63,Victoria Landfill,404630,"Samson Solar Energy III, LLC",TX,1557.9864920973291
2027,1,p63,Victoria Landfill,402652,Sterling Solar (TX),TX,79915.10065336215
2027,1,p63,Victoria Landfill,404812,Sun Valley Solar Project,TX,898.1039981862647
2027,1,p63,Victoria Landfill,404388,"TPE Erath Solar, LLC",TX,20118.060514246154
2027,1,p63,Victoria Landfill,403457,"TPE Whitney Solar, LLC",TX,26214.2145368156
2027,1,p63,Victoria Landfill,405907,Verizon Hidden Ridge Solar Project,TX,765537.9298213758
2027,1,p63,Victoria Landfill,405984,Waco Solar,TX,630.5005356022764
2027,1,p63,Victoria Landfill,402306,Walnut Springs Solar,TX,52591.96763544846
2027,1,p63,Victoria Landfill,402414,Whitewright Solar,TX,28520.42134629558
2027,1,p63,Victoria Landfill,402654,Yellow Jacket,TX,38995.50395756701
2027,1,p64,Victoria Landfill,405731,Austin TX GigaFactory,TX,26329.780871568077
2027,1,p64,Victoria Landfill,402203,Bandera Electric Coop PV,TX,48965.87269645783
2027,1,p64,Victoria Landfill,404721,"Blue Jay Solar I, LLC",TX,407.61445757170515
2027,1,p64,Victoria Landfill,402648,Bovine,TX,3296.777845223161
2027,1,p64,Victoria Landfill,402389,"E-Volve Energy Holdings, LLC",TX,42163.6059171357
2027,1,p64,Victoria Landfill,400227,East Blackland Solar Project 1,TX,485.7631261096381
2027,1,p64,Victoria Landfill,405101,IKEA Round Rock 027,TX,43091.157060091406
2027,1,p64,Victoria Landfill,402653,Lampwick,TX,19228.94708099283
2027,1,p64,Victoria Landfill,405613,Niagara Bottling - Seguin,TX,8091.488106920927
2027,1,p64,Victoria Landfill,402544,PowerFin Kingsbery,TX,18056.023092189538
2027,1,p64,Victoria Landfill,400249,Webberville Solar Project,TX,2182.187720929768
2027,1,p65,Victoria Landfill,405700,Aktina Solar,TX,1323.2396575863988
2027,1,p65,Victoria Landfill,404074,"Alexis Solar, LLC",TX,141823.6789897333
2027,1,p65,Victoria Landfill,405727,Bernard Creek Solar,TX,3547.541568180635
2027,1,p65,Victoria Landfill,400081,Blue Wing Solar Energy Generation,TX,64978.295768870055
2027,1,p65,Victoria Landfill,405477,Brightside,TX,15112.480066945636
2027,1,p65,Victoria Landfill,401728,CPS 1 Community Solar,TX,929750.1950925239
2027,1,p65,Victoria Landfill,402656,Cascade Solar (TX),TX,57733.27520139083
2027,1,p65,Victoria Landfill,403987,Catan Solar,TX,44831.54140137853
2027,1,p65,Victoria Landfill,403091,Commerce Solar,TX,208347.64128519158
2027,1,p65,Victoria Landfill,404247,"Corazon Energy, LLC",TX,7240.692111423145
2027,1,p65,Victoria Landfill,404062,Elara Solar,TX,9599.530455555841
2027,1,p65,Victoria Landfill,404359,FELPS 1-Calaveras,TX,1150429.477509747
2027,1,p65,Victoria Landfill,404361,FELPS 2-Calaveras,TX,1007373.7044051497
2027,1,p65,Victoria Landfill,404362,FELPS 3-Floresville South,TX,710606.6927086139
2027,1,p65,Victoria Landfill,404363,FELPS 4-Floresville South,TX,710712.918636903
2027,1,p65,Victoria Landfill,404364,FELPS 5-Floresville South,TX,710900.4643997
2027,1,p65,Victoria Landfill,404739,FELPS 6- Floresville West,TX,944670.6351975768
2027,1,p65,Victoria Landfill,404740,FELPS 7- Floresville West,TX,944526.156413054
2027,1,p65,Victoria Landfill,406516,Ganado Solar,TX,2277.957739161923
2027,1,p65,Victoria Landfill,405801,Horizon Solar,TX,10201.129458408006
2027,1,p65,Victoria Landfill,405380,IKEA Live Oak Rooftop PV System,TX,622822.0002808381
2027,1,p65,Victoria Landfill,403343,Mars Solar,TX,189459.65655677213
2027,1,p65,Victoria Landfill,404877,Nebula Solar,TX,15788.933870526831
2027,1,p65,Victoria Landfill,400694,"OCI Alamo 2, LLC",TX,260759.63204818201
2027,1,p65,Victoria Landfill,400965,"OCI Alamo 3, LLC",TX,164669.38028864915
2027,1,p65,Victoria Landfill,400966,"OCI Alamo 5, LLC",TX,18375.692165201413
2027,1,p65,Victoria Landfill,400593,OCI Alamo Solar I Hybrid,TX,28178.445604888082
2027,1,p65,Victoria Landfill,405809,Shakes Solar,TX,15588.100358235894
2027,1,p65,Victoria Landfill,405545,Sparta Solar,TX,3398.8342242644694
2027,1,p65,Victoria Landfill,400379,"SunE CPS1, LLC",TX,113006.32594204303
2027,1,p65,Victoria Landfill,400364,"SunE CPS2, LLC",TX,113495.01974376573
2027,1,p65,Victoria Landfill,400353,"SunE CPS3, LLC",TX,137723.21140763815
2027,1,p65,Victoria Landfill,406032,Tres Bahias,TX,1967.9228734014237
2027,1,p65,Victoria Landfill,404878,Vancourt Solar Interconnections,TX,37565.66820389127
2027,1,p66,Victoria Landfill,406386,Umbriel Solar,TX,4370.699751653067
2027,1,p67,Victoria Landfill,404939,Brazoria County Solar Project (Danciger),TX,537.7998540295966
2027,1,p67,Victoria Landfill,404681,Brazoria West,TX,844.8766532049652
2027,1,p67,Victoria Landfill,402649,Bronson,TX,9195.762415017161
2027,1,p67,Victoria Landfill,406178,"Cutlass Solar 1, LLC",TX,936.3752744749714
2027,1,p67,Victoria Landfill,404587,Fighting Jays Solar Project,TX,475.2475131242291
2027,1,p67,Victoria Landfill,405564,"Fort Bend Solar, LLC",TX,538.0173629211006
2027,1,p67,Victoria Landfill,404853,"Longbow Solar, LLC",TX,2145.4683098644814
2027,1,p67,Victoria Landfill,403514,Wagyu,TX,940.7229732311382
2027,2,p12,Apex Regional Landfill,402144,Battle Mountain Solar Project,NV,1194.407622066457
2027,2,p12,Apex Regional Landfill,405553,Dodge Flat,NV,1792.8413083604416
2027,2,p12,Apex Regional Landfill,402609,"EGP Stillwater Solar PV II, LLC",NV,3962.3781354352977
2027,2,p12,Apex Regional Landfill,404659,Fish Springs,NV,1364.8394323501548
2027,2,p12,Apex Regional Landfill,401086,Ft. Churchill PV,NV,11675.783160341445
2027,2,p12,Apex Regional Landfill,402130,Luning Energy,NV,1036.4289026457045
2027,2,p12,Apex Regional Landfill,403107,NVSS-II,NV,777.0960817041324
2027,2,p12,Apex Regional Landfill,400468,"Patua Acquisition Project, LLC",NV,7930.603763691704
2027,2,p12,Apex Regional Landfill,405023,Steamboat II,NV,127983.83878250337
2027,2,p12,Apex Regional Landfill,400029,Stillwater Facility,NV,4154.69284703636
2027,2,p12,Apex Regional Landfill,401318,Sunshine Valley Solar,NV,263.75241405024417
2027,2,p12,Apex Regional Landfill,405026,TS Power Plant,NV,808.908089040396
2027,2,p12,Apex Regional Landfill,401943,Tungsten Mountain,NV,26730.60414797376
2027,2,p12,Apex Regional Landfill,403308,Turquoise Liberty Solar,NV,11772.828462292393
2027,2,p12,Apex Regional Landfill,403884,"Turquoise Nevada, LLC",NV,2629.7825665023606
2027,2,p12,Apex Regional Landfill,400035,Western 102 Power Plant,NV,350374.78401599097
2027,2,p13,Apex Regional Landfill,400555,Apex Solar PV Power Project,NV,918.5744222951542
2027,2,p13,Apex Regional Landfill,405385,Arrow Canyon Solar Hybrid,NV,342.6045106205173
2027,2,p13,Apex Regional Landfill,402017,"Boulder Solar II, LLC",NV,309.6889090320976
2027,2,p13,Apex Regional Landfill,401649,"Boulder Solar Power, LLC",NV,179.3988501503769
2027,2,p13,Apex Regional Landfill,400059,CM10,NV,1884.8164119484718
2027,2,p13,Apex Regional Landfill,400086,CM48,NV,669.4164476226748
2027,2,p13,Apex Regional Landfill,400363,Copper Mountain Solar 2,NV,168.29787696937925
2027,2,p13,Apex Regional Landfill,400802,Copper Mountain Solar 3,NV,93.69927898786176
2027,2,p13,Apex Regional Landfill,401308,"Copper Mountain Solar 4, LLC",NV,206.8974995131994
2027,2,p13,Apex Regional Landfill,403688,"Copper Mountain Solar 5, LLC",NV,117.61889976411557
2027,2,p13,Apex Regional Landfill,405358,Dignity - San Martin,NV,4643.942360393299
2027,2,p13,Apex Regional Landfill,405355,Dignity - Siena Campus,NV,5861.502827371738
2027,2,p13,Apex Regional Landfill,405556,Dry Lake Solar Energy Center,NV,171.75139708681448
2027,2,p13,Apex Regional Landfill,405495,Gemini Solar,NV,115.55341097140557
2027,2,p13,Apex Regional Landfill,403386,"Harry Allen Solar Energy, LLC",NV,171.40597082599893
2027,2,p13,Apex Regional Landfill,406090,IGS LAS1,NV,9252.916055612464
2027,2,p13,Apex Regional Landfill,406089,IGS VGT,NV,5176.663827275775
2027,2,p13,Apex Regional Landfill,405309,IKEA Las Vegas 462,NV,6334.07769252827
2027,2,p13,Apex Regional Landfill,400545,Las Vegas WPCF Solar Plant,NV,1095.761644452674
2027,2,p13,Apex Regional Landfill,400313,Moapa Southern Paiute,NV,122.95423136930863
2027,2,p13,Apex Regional Landfill,400600,Mountain View Solar,NV,917.0824959619739
2027,2,p13,Apex Regional Landfill,400036,Nellis Air Force Base Solar Array,NV,469.1206031122043
2027,2,p13,Apex Regional Landfill,401381,Nellis Solar PV II,NV,239.9727710977444
2027,2,p13,Apex Regional Landfill,401319,"Playa Solar 1, LLC",NV,197.45874278764379
2027,2,p13,Apex Regional Landfill,401596,Playa Solar 2,NV,168.1824094592586
2027,2,p13,Apex Regional Landfill,401274,River Mountains Solar,NV,618.5964447760632
2027,2,p13,Mohave Valley Landfill,401042,Searchlight Solar,NV,1666.7684320138417
2027,2,p13,Apex Regional Landfill,400166,Silver State Solar Power North,NV,651.7912137703039
2027,2,p13,Apex Regional Landfill,400658,Silver State Solar Power South,NV,176.94363509757756
2027,2,p13,Apex Regional Landfill,405246,"Solar Las Vegas MB 2, LLC",NV,2736.504471241422
2027,2,p13,Apex Regional Landfill,405188,Solar Las Vegas MB-1,NV,881.3134173265335
2027,2,p13,Apex Regional Landfill,400556,Spectrum Solar PV Power Project,NV,319.0724661192147
2027,2,p13,Apex Regional Landfill,402485,"Techren Solar I, LLC",NV,174.4613029870799
2027,2,p13,Apex Regional Landfill,402690,"Techren Solar II, LLC",NV,109.7293562069993
2027,2,p13,Apex Regional Landfill,402691,"Techren Solar III, LLC",NV,775.0719604724304
2027,2,p13,Apex Regional Landfill,402692,"Techren Solar IV, LLC",NV,623.5975932519809
2027,2,p13,Apex Regional Landfill,403001,Techren Solar V,NV,277.07326655486673
2027,2,p13,Apex Regional Landfill,401851,Townsite Solar Project Hybrid,NV,123.97936444117948
2027,2,p13,Apex Regional Landfill,406448,Yellow Pine II,NV,422.2636200784911
2027,2,p13,Apex Regional Landfill,404971,Yellow Pine Solar,NV,437.6134289296848
2027,2,p27,Mohave Valley Landfill,400374,"Black Mountain Solar, LLC",AZ,414.9943404640202
2027,2,p27,Mohave Valley Landfill,402236,Gray Hawk Solar,AZ,191.58327586429647
2027,2,p27,Mohave Valley Landfill,401819,Jacobson 5 MW Solar,AZ,1539.7512728089823
2027,2,p27,Mohave Valley Landfill,400199,La Senita,AZ,5048.25011899819
2027,2,p27,Mohave Valley Landfill,403718,Mohave Electric Cooperative at Joy Lane,AZ,93.72397200190512
2027,2,p27,Mohave Valley Landfill,401311,Mohave Electric at Fort Mohave,AZ,154.83992595974811
2027,2,p27,Mohave Valley Landfill,406478,Mohave Energy - Hybrid,AZ,64.5705419302765
2027,2,p28,Apache Junction Landfill,405418,AZ State University - Tempe Campus Solar,AZ,5368.163054387851
2027,2,p28,South Yuma County Landfill,400148,Agua Caliente Solar Project,AZ,185.1905918362297
2027,2,p28,Apache Junction Landfill,402067,Apache Solar 1,AZ,4031.1683529111415
2027,2,p28,South Yuma County Landfill,400274,Arizona Western College PV,AZ,1177.86983482737
2027,2,p28,Apache Junction Landfill,400240,Arlington Valley Solar Energy II,AZ,401.3886834676849
2027,2,p28,Apache Junction Landfill,400437,Badger 1,AZ,3490.738769464152
2027,2,p28,Apache Junction Landfill,401688,Bonnybrooke PV,AZ,378.4829240304606
2027,2,p28,Apache Junction Landfill,400371,Buckeye Union HS District 201,AZ,11178.34884310766
2027,2,p28,Apache Junction Landfill,405635,"Central Line Solar, LLC",AZ,332.1099186582562
2027,2,p28,Apache Junction Landfill,400201,Chino Solar Valley,AZ,3900.6546519677395
2027,2,p28,Apache Junction Landfill,400202,Cotton Center Solar Hybrid,AZ,2275.2458337807525
2027,2,p28,Apache Junction Landfill,401069,Desert Star Hybrid,AZ,3695.3300334082833
2027,2,p28,Apache Junction Landfill,403257,East Line Solar,AZ,266.19112055973335
2027,2,p28,Apache Junction Landfill,406171,Eleven Mile Solar Center,AZ,125.387444599689
2027,2,p28,Apache Junction Landfill,405244,Estrella Mountain PV,AZ,14587.073668011613
2027,2,p28,South Yuma County Landfill,400349,Foothills Solar Plant Hybrid,AZ,252.45858840100894
2027,2,p28,Apache Junction Landfill,400825,Fort Huachuca Solar PV Project,AZ,4982.961539197636
2027,2,p28,Apache Junction Landfill,400845,Gila Bend Hybrid,AZ,1471.6709959889413
2027,2,p28,Apache Junction Landfill,400599,"Gilbert Solar Facility I, LLC",AZ,3497.237927861833
2027,2,p28,South Yuma County Landfill,400507,Hyder II Hybrid,AZ,3145.6976010604153
2027,2,p28,South Yuma County Landfill,400204,Hyder Solar Hybrid,AZ,3463.565575361651
2027,2,p28,Apache Junction Landfill,405282,Intel - Ocotillo Campus Solar,AZ,3227.915214803596
2027,2,p28,Apache Junction Landfill,405125,Jewish Community Center PV,AZ,17435.51136707482
2027,2,p28,Apache Junction Landfill,402234,Kayenta Solar Project,AZ,2767.9023029923337
2027,2,p28,Apache Junction Landfill,400595,Lake Pleasant WTP,AZ,4753.9859991722005
2027,2,p28,Apache Junction Landfill,400128,Luke Solar,AZ,3558.0522558403954
2027,2,p28,Apache Junction Landfill,405068,Macys Goodyear,AZ,12928.875137591578
2027,2,p28,South Yuma County Landfill,406279,McFarland A Solar and Storage,AZ,253.25853715895408
2027,2,p28,Apache Junction Landfill,405617,Mesa Carport PV,AZ,687.8059823943989
2027,2,p28,Apache Junction Landfill,404512,Mesa Solar Array,AZ,792.813078381946
2027,2,p28,Apache Junction Landfill,400250,Mesquite Solar 1,AZ,691.8161347851507
2027,2,p28,Apache Junction Landfill,401621,"Mesquite Solar 2, LLC",AZ,592.1681211520993
2027,2,p28,Apache Junction Landfill,401622,"Mesquite Solar 3, LLC",AZ,410.5101064850597
2027,2,p28,Apache Junction Landfill,406038,"Mesquite Solar 4, LLC",AZ,882.0647804033863
2027,2,p28,Apache Junction Landfill,404922,"Mesquite Solar 5, LLC",AZ,855.549502862262
2027,2,p28,Mohave Valley Landfill,403572,OE_AZ1,AZ,2122.764986262811
2027,2,p28,Apache Junction Landfill,400203,Paloma Solar Hybrid,AZ,3140.013264247802
2027,2,p28,Apache Junction Landfill,405126,Paradise Valley H.S. PV,AZ,17417.62012561523
2027,2,p28,Apache Junction Landfill,405150,Phoenix Airport East Economy Lot,AZ,16526.224555102694
2027,2,p28,Apache Junction Landfill,405151,Phoenix Airport Rental Car Center,AZ,25672.988517884107
2027,2,p28,Apache Junction Landfill,402528,Pinal Central Energy Center Hybrid,AZ,1079.6661866693296
2027,2,p28,Apache Junction Landfill,400125,"Poseidon Solar, LLC",AZ,492.3023465029655
2027,2,p28,Apache Junction Landfill,400031,Prescott Airport,AZ,37817.60818502102
2027,2,p28,Apache Junction Landfill,400401,Prescott Solar Plant,AZ,6903.172927221374
2027,2,p28,Apache Junction Landfill,400323,Queen Creek Solar Farm,AZ,312.8428954189936
2027,2,p28,Mohave Valley Landfill,400289,"RE Bagdad Solar I, LLC",AZ,3343.64972425022
2027,2,p28,Apache Junction Landfill,405132,"RE Gillespie 1, LLC",AZ,2535.635449318683
2027,2,p28,Apache Junction Landfill,400758,Red Horse 2,AZ,1147.5550927547713
2027,2,p28,Apache Junction Landfill,401609,Red Horse III,AZ,2058.712146677979
2027,2,p28,Apache Junction Landfill,401726,Red Rock,AZ,929.1432740318772
2027,2,p28,Apache Junction Landfill,406380,SR McNeal,AZ,4546.808941460965
2027,2,p28,Apache Junction Landfill,400416,Saddle Mountain Solar I,AZ,4399.334256237614
2027,2,p28,Apache Junction Landfill,403674,Saint Solar,AZ,323.77880300154845
2027,2,p28,Apache Junction Landfill,401214,Sandstone Solar,AZ,445.2173677630628
2027,2,p28,Apache Junction Landfill,405029,Solana Generating Station,AZ,294.19947034417214
2027,2,p28,Apache Junction Landfill,406275,Sonoran Solar Energy,AZ,128.5587583121833
2027,2,p28,Apache Junction Landfill,406034,Storey Solar and Storage,AZ,210.48831184119507
2027,2,p28,Apache Junction Landfill,401664,Sulphur Springs,AZ,3510.5983732672453
2027,2,p28,Apache Junction Landfill,403643,Sun Streams 2,AZ,433.85272564955267
2027,2,p28,Apache Junction Landfill,406517,Sun Streams 3,AZ,254.08960337845272
2027,2,p28,Apache Junction Landfill,401975,"Sun Streams, LLC",AZ,568.3943043725127
2027,2,p28,Apache Junction Landfill,405311,T0588 Phoenix - AZ,AZ,18235.21086924854
2027,2,p28,Apache Junction Landfill,405134,Union HS at Casa Grande,AZ,21985.768978609987
2027,2,p28,Apache Junction Landfill,405135,Vista Grande HS at Casa Grande,AZ,22545.69161550098
2027,2,p28,Apache Junction Landfill,400334,Walmart Casa Grande,AZ,11344.58655535381
2027,2,p28,Apache Junction Landfill,406098,"West Line Solar, LLC",AZ,335.3769265207481
2027,2,p29,Apache Junction Landfill,400014,Springerville,AZ,5653.105526859101
2027,2,p30,Apache Junction Landfill,405143,Actus Lend Lease DMAFB,AZ,9944.83305566842
2027,2,p30,Apache Junction Landfill,405611,Amazon TUS2,AZ,17299.09435606287
2027,2,p30,Apache Junction Landfill,405268,Amphitheater High School Solar,AZ,27418.68221181491
2027,2,p30,Apache Junction Landfill,400939,Avalon Solar,AZ,1451.2168036446144
2027,2,p30,Apache Junction Landfill,401479,Avalon Solar II,AZ,2572.5654336735984
2027,2,p30,Apache Junction Landfill,400226,Avra Valley Solar,AZ,1146.920842413169
2027,2,p30,Apache Junction Landfill,404704,Broadway 2 - Tucson Phase II,AZ,12583.040275089945
2027,2,p30,Apache Junction Landfill,405768,Broadway 3 - Tucson Phase I,AZ,26296.1882359163
2027,2,p30,Apache Junction Landfill,405269,Canyon Del Oro High School Solar,AZ,5760.527726605595
2027,2,p30,Apache Junction Landfill,400757,Cogenra-TEP,AZ,32213.029281953815
2027,2,p30,Apache Junction Landfill,401295,Davis Monthan AFB (AZ) West Airfield,AZ,2697.067158040535
2027,2,p30,Apache Junction Landfill,400330,FRB Solar Farm,AZ,16873.033998828625
2027,2,p30,Apache Junction Landfill,400761,"Gato Montes Solar, LLC",AZ,7172.113122523694
2027,2,p30,Apache Junction Landfill,404536,Iron Horse Battery Storage Hybrid,AZ,20123.549692651504
2027,2,p30,Apache Junction Landfill,400552,"Picture Rocks Solar, LLC",AZ,2989.843468984943
2027,2,p30,Apache Junction Landfill,405374,Pima Community College,AZ,46779.31082960396
2027,2,p30,Apache Junction Landfill,405303,Pima Community College - East Campus,AZ,28775.154096814156
2027,2,p30,Apache Junction Landfill,405516,Pima Community College NW,AZ,19602.002714723814
2027,2,p30,Apache Junction Landfill,400408,Prairie Fire,AZ,7112.44223055037
2027,2,p30,Apache Junction Landfill,400290,"RE Ajo 1, LLC",AZ,7603.088125682897
2027,2,p30,Apache Junction Landfill,404926,Raptor Ridge,AZ,3123.109380127073
2027,2,p30,Apache Junction Landfill,400857,Rio Rico Solar,AZ,12299.094523889258
2027,2,p30,Apache Junction Landfill,400193,Roger Road WWTP,AZ,29511.722804171557
2027,2,p30,Apache Junction Landfill,401076,Tech Park Solar,AZ,7930.2963592103615
2027,2,p30,Apache Junction Landfill,400156,UASTP I,AZ,29892.988461378704
2027,2,p30,Apache Junction Landfill,401075,Valencia Solar,AZ,4312.306485019199
2027,2,p30,Apache Junction Landfill,404187,"Wilmot Energy Center, LLC",AZ,363.3473833052785
2027,2,p31,City of Clovis Landfill,400211,Alamogordo Solar Energy Center,NM,37725.254203337325
2027,2,p31,Northeastern New Mexico Regional Landfill,400206,Albuquerque Solar Energy Center,NM,66779.78541048907
2027,2,p31,Northeastern New Mexico Regional Landfill,403675,Alcalde Solar Array,NM,37914.96718957328
2027,2,p31,Apache Junction Landfill,401595,Alta Luna,NM,8260.112184321175
2027,2,p31,Northeastern New Mexico Regional Landfill,404724,Angel Fire Energy Facility,NM,3939.73212150308
2027,2,p31,Northeastern New Mexico Regional Landfill,405469,Arroyo Solar Energy Storage Hybrid,NM,679.0157804854607
2027,2,p31,Northeastern New Mexico Regional Landfill,403321,Bluewater CDEC 1,NM,85423.06826452132
2027,2,p31,Northeastern New Mexico Regional Landfill,403736,Britton Solar Energy Center,NM,2129.956213023865
2027,2,p31,City of Clovis Landfill,404981,Buena Vista Energy Center,NM,1946.412996020729
2027,2,p31,Northeastern New Mexico Regional Landfill,402876,CNMEC Solar Energy Center,NM,71597.18006162855
2027,2,p31,City of Clovis Landfill,402519,Carrizozo Solar,NM,71371.55831501665
2027,2,p31,Northeastern New Mexico Regional Landfill,401202,Cibola,NM,27984.804011142765
2027,2,p31,Northeastern New Mexico Regional Landfill,400104,Cimarron Solar Facility,NM,821.8258776003679
2027,2,p31,Apache Junction Landfill,402988,City of Gallup Solar,NM,28749.825393865944
2027,2,p31,Northeastern New Mexico Regional Landfill,403604,City of Rio Rancho WWTP,NM,154266.19066125408
2027,2,p31,Apache Junction Landfill,401225,City of Truth or Consequences PV,NM,176300.72437397216
2027,2,p31,Apache Junction Landfill,402177,Columbus Solar Project,NM,126469.17747253476
2027,2,p31,Northeastern New Mexico Regional Landfill,404748,"Cuba 2.5ac, LLC",NM,48472.602934188726
2027,2,p31,Apache Junction Landfill,400209,Deming Solar Energy Center,NM,24905.832100081283
2027,2,p31,Northeastern New Mexico Regional Landfill,403868,Encino Solar Energy Center,NM,3326.533561548788
2027,2,p31,Northeastern New Mexico Regional Landfill,401038,Eubank Landfill Solar Array,NM,75876.98337490328
2027,2,p31,Northeastern New Mexico Regional Landfill,402441,Facebook 1 Solar Energy Center,NM,14108.226647356587
2027,2,p31,Northeastern New Mexico Regional Landfill,402442,Facebook 2 Solar Energy Center,NM,13578.105905368287
2027,2,p31,Northeastern New Mexico Regional Landfill,402443,Facebook 3 Solar Energy Center,NM,16978.242196069674
2027,2,p31,Northeastern New Mexico Regional Landfill,403322,Grants CDEC 2,NM,44495.88180115112
2027,2,p31,Apache Junction Landfill,400216,"Hatch Solar Energy Center I, LLC",NM,53643.70193475852
2027,2,p31,City of Clovis Landfill,401617,Holloman Solar Facility,NM,37263.37560534739
2027,2,p31,Northeastern New Mexico Regional Landfill,406109,"Jicarilla Solar 1, LLC",NM,4650.900540605872
2027,2,p31,Northeastern New Mexico Regional Landfill,400427,Kit Carson,NM,59593.39064879122
2027,2,p31,Northeastern New Mexico Regional Landfill,400210,Las Vegas Solar Energy Center,NM,10415.425918446264
2027,2,p31,Northeastern New Mexico Regional Landfill,400434,Los Alamos PV Site,NM,110658.1148423559
2027,2,p31,Northeastern New Mexico Regional Landfill,400207,Los Lunas Solar Energy Center,NM,25097.920123573087
2027,2,p31,Apache Junction Landfill,400838,Macho Springs,NM,6334.773190366148
2027,2,p31,Northeastern New Mexico Regional Landfill,400582,Manzano Solar,NM,21748.93333058155
2027,2,p31,Northeastern New Mexico Regional Landfill,401201,Meadow Lake Solar Energy Center,NM,35921.696788509675
2027,2,p31,Northeastern New Mexico Regional Landfill,406177,"NMRD Data Center III, LLC",NM,2558.0643107501373
2027,2,p31,City of Clovis Landfill,405693,NMSU Solar and Storage,NM,80316.47973901223
2027,2,p31,Northeastern New Mexico Regional Landfill,406375,OE_ESCL,NM,1212.542249900745
2027,2,p31,City of Clovis Landfill,400581,Otero Solar,NM,26609.58398226146
2027,2,p31,Northeastern New Mexico Regional Landfill,400146,Questa Solar Facility,NM,106326.51455232853
2027,2,p31,Northeastern New Mexico Regional Landfill,403178,"RC Energy AA, LLC Solar Facility",NM,197187.32618208008
2027,2,p31,Northeastern New Mexico Regional Landfill,401566,Rio Communities Solar Energy Center,NM,18235.741149477224
2027,2,p31,Northeastern New Mexico Regional Landfill,403084,Rio De Oro Solar Energy Center,NM,17868.052038585345
2027,2,p31,Northeastern New Mexico Regional Landfill,400624,Rio Rancho High School,NM,150111.90507028124
2027,2,p31,City of Clovis Landfill,400135,Roadrunner Solar,NM,15951.982830788591
2027,2,p31,Northeastern New Mexico Regional Landfill,404648,"Route 66 Energy Center, LLC",NM,4351.198053105302
2027,2,p31,Northeastern New Mexico Regional Landfill,403387,San Miguel I Solar Energy Center,NM,5160.032386511117
2027,2,p31,Northeastern New Mexico Regional Landfill,405458,San Miguel II Solar Energy Center,NM,5867.688810409282
2027,2,p31,Northeastern New Mexico Regional Landfill,401161,Sandoval Solar Energy Center,NM,29669.272075524404
2027,2,p31,Northeastern New Mexico Regional Landfill,401564,Santa Fe Solar Energy Center,NM,11002.769329329778
2027,2,p31,Northeastern New Mexico Regional Landfill,401565,Santolina Solar Energy Center,NM,16409.72202961004
2027,2,p31,Apache Junction Landfill,400596,Silver City WWTP PV Project,NM,233192.16288290187
2027,2,p31,Northeastern New Mexico Regional Landfill,406343,Sky Ranch Solar,NM,793.7929930795706
2027,2,p31,Northeastern New Mexico Regional Landfill,401563,South Valley Solar Energy Center,NM,16610.52341036055
2027,2,p31,Northeastern New Mexico Regional Landfill,401162,Springer Solar 1,NM,27649.56931281359
2027,2,p31,Northeastern New Mexico Regional Landfill,400735,Storrie Lake Solar Project,NM,29667.446415433835
2027,2,p31,Northeastern New Mexico Regional Landfill,400623,Sue Cleveland High School,NM,130422.44136155595
2027,2,p31,City of Clovis Landfill,400343,"SunE EPE1, LLC",NM,29200.20992694298
2027,2,p31,City of Clovis Landfill,400342,"SunE EPE2, LLC",NM,20816.82304462882
2027,2,p31,Northeastern New Mexico Regional Landfill,402854,Syncarpha Eagle Nest,NM,53928.99991131858
2027,2,p31,Northeastern New Mexico Regional Landfill,403412,Syncarpha El Rito,NM,51219.5031314423
2027,2,p31,Northeastern New Mexico Regional Landfill,403413,Syncarpha Questa,NM,52509.00899928865
2027,2,p31,Northeastern New Mexico Regional Landfill,403411,Syncarpha Taos,NM,25455.213619464725
2027,2,p31,Northeastern New Mexico Regional Landfill,404618,Taos Mesa Energy Facility Hybrid,NM,4153.317813478385
2027,2,p31,Northeastern New Mexico Regional Landfill,403011,Vista Solar Energy Center,NM,15516.224254104929
2027,2,p31,City of Clovis Landfill,400354,WSMR I,NM,69655.06607415664
2027,2,p31,Apache Junction Landfill,405245,Wal-Mart Truth or Consequences PV,NM,337865.190919151
2027,2,p47,City of Clovis Landfill,400979,"Caprock Solar 1, LLC",NM,2429.5496042739496
2027,2,p47,City of Clovis Landfill,404980,Chaves County Solar II,NM,2827.258672088586
2027,2,p47,City of Clovis Landfill,401681,"Chaves Solar, LLC",NM,1217.7710901114865
2027,2,p47,City of Clovis Landfill,400614,GSE NM1,NM,61641.46793033957
2027,2,p47,City of Clovis Landfill,404982,Hayhurst New Mexico Solar,NM,10459.121589015134
2027,2,p47,City of Clovis Landfill,402530,Middle Daisy,NM,24073.653660090044
2027,2,p47,City of Clovis Landfill,401682,"Roswell Solar, LLC",NM,1221.641468034166
2027,2,p47,City of Clovis Landfill,400546,SEV NM Phase 2,NM,93319.77511388814
2027,2,p47,City of Clovis Landfill,400260,SPS1 Dollarhide,NM,13567.22857588227
2027,2,p47,City of Clovis Landfill,400261,SPS2 Jal,NM,14699.248751632049
2027,2,p47,City of Clovis Landfill,400262,SPS3 Lea,NM,16761.140285176458
2027,2,p47,City of Clovis Landfill,400264,SPS5 Hopi,NM,16729.06784615839
2027,2,p47,City of Clovis Landfill,404698,SoCore Clovis 1,NM,2727.3408981464163
2027,2,p48,City of Clovis Landfill,406439,"BESSP1, LLC",TX,396892.9001495733
2027,2,p48,City of Clovis Landfill,405590,"Hecate Energy Frye Solar, LLC",TX,768.488834970537
2027,2,p57,Victoria Landfill,404918,"Hecate Energy Upshur Rural, LLC",TX,20588.05221483744
2027,2,p59,City of Clovis Landfill,402666,Fort Bliss (DEA EPIC),TX,35759.75167715543
2027,2,p59,City of Clovis Landfill,401616,Montana Solar Facility,TX,26194.499521399015
2027,2,p59,City of Clovis Landfill,401045,Newman Solar,TX,6765.056725414062
2027,2,p60,City of Clovis Landfill,403962,"ANSON Solar Center, LLC",TX,662.3854827543788
2027,2,p60,City of Clovis Landfill,403883,Azure Sky Solar,TX,852.9986786480501
2027,2,p60,City of Clovis Landfill,403232,"ENGIE Long Draw Solar, LLC",TX,313.1211654336092
2027,2,p60,City of Clovis Landfill,406252,Highpeak Solar 1,TX,8881.78469529667
2027,2,p60,City of Clovis Landfill,402721,Holstein 1 Solar Farm,TX,814.3956327366665
2027,2,p60,City of Clovis Landfill,405492,Juno Solar Project,TX,261.9163547299611
2027,2,p60,City of Clovis Landfill,402541,Lamesa II,TX,1917.6679701886526
2027,2,p60,City of Clovis Landfill,401660,Lamesa Solar,TX,806.9032582047007
2027,2,p60,City of Clovis Landfill,405932,Lumina II Solar Project,TX,261.0483841885295
2027,2,p60,City of Clovis Landfill,405933,Lumina Solar Project,TX,274.57099382621203
2027,2,p60,City of Clovis Landfill,402909,Misae Solar,TX,390.68613775501876
2027,2,p60,City of Clovis Landfill,400968,"OCI Alamo 7, LLC",TX,1278.064152823249
2027,2,p60,City of Clovis Landfill,405939,Texas Solar Nova 1,TX,358.49640195868176
2027,2,p61,City of Clovis Landfill,400967,Alamo 6,TX,1096.8788863513953
2027,2,p61,City of Clovis Landfill,403557,Aragorn Solar Project,TX,358.1998544868901
2027,2,p61,City of Clovis Landfill,400691,Barilla Solar,TX,2478.550574202084
2027,2,p61,City of Clovis Landfill,401946,Bluebell Solar,TX,3655.61508188223
2027,2,p61,City of Clovis Landfill,403574,Bluebell Solar II,TX,803.4123623968613
2027,2,p61,City of Clovis Landfill,400554,"Bryan Solar, LLC",TX,8391.028993456204
2027,2,p61,City of Clovis Landfill,401463,Buckthorn Westex,TX,754.1779360802639
2027,2,p61,City of Clovis Landfill,401703,East Pecos Solar,TX,722.740274653197
2027,2,p61,City of Clovis Landfill,405363,Galloway 1 Solar Farm,TX,414.42095584074303
2027,2,p61,City of Clovis Landfill,405494,Galloway 2 Solar Farm,TX,712.3215897506825
2027,2,p61,City of Clovis Landfill,403210,Greasewood,TX,343.4139399011312
2027,2,p61,City of Clovis Landfill,406370,Hayhurst Texas Solar,TX,2329.4528070056595
2027,2,p61,City of Clovis Landfill,402304,Midway Solar-TX,TX,426.69392957158465
2027,2,p61,Victoria Landfill,400695,"OCI Alamo 4, LLC",TX,2745.624557461529
2027,2,p61,City of Clovis Landfill,401868,Pearl Solar,TX,2382.232622564437
2027,2,p61,City of Clovis Landfill,402290,RE Maplewood,TX,614.4670249557123
2027,2,p61,City of Clovis Landfill,401430,RE Roserock,TX,637.2013931984882
2027,2,p61,City of Clovis Landfill,402848,Rambler,TX,453.4789921930139
2027,2,p61,City of Clovis Landfill,402083,Solaire Holman Solar Project,TX,1941.6838371940885
2027,2,p61,City of Clovis Landfill,403023,"Taygete Energy Project, LLC",TX,375.4572619935019
2027,2,p61,City of Clovis Landfill,404647,Taygete II Energy Project,TX,404.82020647488616
2027,2,p61,City of Clovis Landfill,403551,Titan Solar Project,TX,496.75453150905673
2027,2,p61,Victoria Landfill,406103,Zier Solar,TX,490.6083543474745
2027,2,p62,City of Clovis Landfill,403502,2W Permian Solar Project Hybrid,TX,404.8587629397033
2027,2,p62,City of Clovis Landfill,403697,CED Crane Solar,TX,624.8560631415521
2027,2,p62,City of Clovis Landfill,401525,Castle Gap Solar Hybrid,TX,532.8813887750762
2027,2,p62,City of Clovis Landfill,404599,Emerald Grove,TX,556.1498158597261
2027,2,p62,City of Clovis Landfill,403004,Lapetus,TX,582.3728525831093
2027,2,p62,City of Clovis Landfill,403280,Oberon IA,TX,538.7253147860629
2027,2,p62,City of Clovis Landfill,403279,Oberon IB,TX,1982.742350015273
2027,2,p62,City of Clovis Landfill,403602,Oxy Renewable Energy-Goldsmith,TX,2797.483802809729
2027,2,p62,City of Clovis Landfill,402679,Phoebe Solar,TX,313.2627259800001
2027,2,p62,City of Clovis Landfill,403177,Prospero Solar,TX,216.69564885957212
2027,2,p62,City of Clovis Landfill,404128,Prospero Solar II,TX,385.78195154044033
2027,2,p62,City of Clovis Landfill,403070,"Roadrunner, LLC",TX,412.80311203259646
2027,2,p62,City of Clovis Landfill,401805,Upton County Solar,TX,904.4290744988905
2027,2,p62,City of Clovis Landfill,402995,West of the Pecos Solar,TX,647.9080348031821
2027,2,p63,Victoria Landfill,405599,"BPL Crown Solar, LLC",TX,1297.7423995845404
2027,2,p63,Victoria Landfill,404966,BPL Files Solar,TX,1253.0096645790752
2027,2,p63,Victoria Landfill,403825,Briar Creek Solar 1,TX,1312.3830352773828
2027,2,p63,Victoria Landfill,402610,Chisum,TX,191784.6374656318
2027,2,p63,Victoria Landfill,401697,CoServ Community Solar Station,TX,215081.75803691323
2027,2,p63,Victoria Landfill,403188,Coniglio Solar,TX,2477.0550097768523
2027,2,p63,Victoria Landfill,406415,Dileo Solar,TX,1891.8438185230973
2027,2,p63,Victoria Landfill,402655,Eddy II,TX,10989.257573105317
2027,2,p63,Victoria Landfill,406221,Eiffel Solar Project,TX,940.01259017494
2027,2,p63,Victoria Landfill,405540,"Ellis Solar, LLC",TX,3014.8891327110255
2027,2,p63,Victoria Landfill,403823,Elm Branch Solar 1,TX,1295.6954979679103
2027,2,p63,Victoria Landfill,406206,Five Wells Solar Center - Hybrid,TX,470.78927373165834
2027,2,p63,Victoria Landfill,404567,G.S.E. One LLC,TX,3201.762066580509
2027,2,p63,Victoria Landfill,403288,Griffin Solar,TX,34936.32819046235
2027,2,p63,Victoria Landfill,406202,Grizzly Ridge Solar,TX,1584.321248337183
2027,2,p63,Victoria Landfill,402329,Highway 56 Solar,TX,69891.25332603914
2027,2,p63,Victoria Landfill,405319,IKEA Grand Prairie Rooftop PV System,TX,156562.5584845202
2027,2,p63,Victoria Landfill,405689,"IP Radian, LLC",TX,572.1093576140942
2027,2,p63,Victoria Landfill,403481,Impact Solar 1,TX,1386.4833299175525
2027,2,p63,Victoria Landfill,403190,Kellam Solar,TX,2795.2034419603538
2027,2,p63,Victoria Landfill,402421,Leon Solar,TX,84694.0228862445
2027,2,p63,Victoria Landfill,403874,Lily Solar Hybrid,TX,1299.9357543401286
2027,2,p63,Victoria Landfill,402404,Marlin Solar,TX,20476.68709427658
2027,2,p63,Victoria Landfill,405794,Noble Solar,TX,1114.5326660970873
2027,2,p63,Victoria Landfill,402405,North Gainesville Solar,TX,35958.82607939834
2027,2,p63,Victoria Landfill,401933,Phantom Solar,TX,7852.241028615959
2027,2,p63,Victoria Landfill,404872,"Pisgah Ridge Solar, LLC",TX,541.9766632509894
2027,2,p63,Victoria Landfill,406416,Pitts Dudik Solar,TX,3087.406924125061
2027,2,p63,Victoria Landfill,403189,Rippey Solar,TX,3456.4778856668313
2027,2,p63,Victoria Landfill,404630,"Samson Solar Energy III, LLC",TX,1121.0466928036767
2027,2,p63,Victoria Landfill,402652,Sterling Solar (TX),TX,34001.90403193044
2027,2,p63,Victoria Landfill,404812,Sun Valley Solar Project,TX,534.7629178955341
2027,2,p63,Victoria Landfill,404388,"TPE Erath Solar, LLC",TX,14269.227021255103
2027,2,p63,Victoria Landfill,403457,"TPE Whitney Solar, LLC",TX,18587.816069073873
2027,2,p63,Victoria Landfill,405361,Toyota HQ Plan,TX,214346.77347404673
2027,2,p63,Victoria Landfill,405984,Waco Solar,TX,464.0044529101021
2027,2,p63,Victoria Landfill,402306,Walnut Springs Solar,TX,29004.216367811005
2027,2,p63,Victoria Landfill,402497,West Moore Solar II,TX,370707.01564940176
2027,2,p63,Victoria Landfill,402414,Whitewright Solar,TX,90788.7641393227
2027,2,p63,Victoria Landfill,402654,Yellow Jacket,TX,31090.077298897653
2027,2,p64,Victoria Landfill,405731,Austin TX GigaFactory,TX,22138.034941625545
2027,2,p64,Victoria Landfill,402203,Bandera Electric Coop PV,TX,36595.28692945506
2027,2,p64,Victoria Landfill,404721,"Blue Jay Solar I, LLC",TX,319.561583682139
2027,2,p64,Victoria Landfill,402648,Bovine,TX,2477.927664563858
2027,2,p64,Victoria Landfill,402389,"E-Volve Energy Holdings, LLC",TX,19718.322581678894
2027,2,p64,Victoria Landfill,400227,East Blackland Solar Project 1,TX,423.4344663386724
2027,2,p64,Victoria Landfill,405101,IKEA Round Rock 027,TX,41391.41669396568
2027,2,p64,Victoria Landfill,402653,Lampwick,TX,9606.598283594732
2027,2,p64,Victoria Landfill,405613,Niagara Bottling - Seguin,TX,6809.886064606052
2027,2,p64,Victoria Landfill,402544,PowerFin Kingsbery,TX,13503.906484807025
2027,2,p64,Victoria Landfill,400249,Webberville Solar Project,TX,1292.874713370317
2027,2,p65,Victoria Landfill,405700,Aktina Solar,TX,943.0078708038507
2027,2,p65,Victoria Landfill,404074,"Alexis Solar, LLC",TX,99169.82965287892
2027,2,p65,Victoria Landfill,405727,Bernard Creek Solar,TX,3961.201216723767
2027,2,p65,Victoria Landfill,400081,Blue Wing Solar Energy Generation,TX,45445.60075871396
2027,2,p65,Victoria Landfill,405477,Brightside,TX,10583.356802370574
2027,2,p65,Victoria Landfill,401728,CPS 1 Community Solar,TX,585029.2447807781
2027,2,p65,Victoria Landfill,402656,Cascade Solar (TX),TX,57660.86171070858
2027,2,p65,Victoria Landfill,403987,Catan Solar,TX,31360.579671594543
2027,2,p65,Victoria Landfill,403091,Commerce Solar,TX,145678.1353898159
2027,2,p65,Victoria Landfill,404247,"Corazon Energy, LLC",TX,5080.023743137372
2027,2,p65,Victoria Landfill,404062,Elara Solar,TX,6729.137402448427
2027,2,p65,Victoria Landfill,404359,FELPS 1-Calaveras,TX,703776.4352330414
2027,2,p65,Victoria Landfill,404361,FELPS 2-Calaveras,TX,804899.0608200785
2027,2,p65,Victoria Landfill,404362,FELPS 3-Floresville South,TX,496818.03621227934
2027,2,p65,Victoria Landfill,404363,FELPS 4-Floresville South,TX,496892.30100017815
2027,2,p65,Victoria Landfill,404364,FELPS 5-Floresville South,TX,497023.4182002795
2027,2,p65,Victoria Landfill,404739,FELPS 6- Floresville West,TX,660457.0772982722
2027,2,p65,Victoria Landfill,404740,FELPS 7- Floresville West,TX,660356.0691314219
2027,2,p65,Victoria Landfill,406516,Ganado Solar,TX,1610.4714267671716
2027,2,p65,Victoria Landfill,405801,Horizon Solar,TX,7149.727959448289
2027,2,p65,Victoria Landfill,405380,IKEA Live Oak Rooftop PV System,TX,489869.2057669226
2027,2,p65,Victoria Landfill,403343,Mars Solar,TX,115921.4412151316
2027,2,p65,Victoria Landfill,404877,Nebula Solar,TX,12627.248106648065
2027,2,p65,Victoria Landfill,400694,"OCI Alamo 2, LLC",TX,145868.27178451797
2027,2,p65,Victoria Landfill,400965,"OCI Alamo 3, LLC",TX,127928.65691089288
2027,2,p65,Victoria Landfill,400966,"OCI Alamo 5, LLC",TX,23108.924869808474
2027,2,p65,Victoria Landfill,400593,OCI Alamo Solar I Hybrid,TX,19718.049009788854
2027,2,p65,Victoria Landfill,405809,Shakes Solar,TX,10915.87298388985
2027,2,p65,Victoria Landfill,405545,Sparta Solar,TX,2394.099828679901
2027,2,p65,Victoria Landfill,400379,"SunE CPS1, LLC",TX,70249.28703132141
2027,2,p65,Victoria Landfill,400364,"SunE CPS2, LLC",TX,90693.97529749508
2027,2,p65,Victoria Landfill,400353,"SunE CPS3, LLC",TX,74915.63878829814
2027,2,p65,Victoria Landfill,406032,Tres Bahias,TX,1660.5628734670718
2027,2,p65,Victoria Landfill,404878,Vancourt Solar Interconnections,TX,26280.85440487476
2027,2,p66,Victoria Landfill,406386,Umbriel Solar,TX,3192.733581493174
2027,2,p67,Victoria Landfill,404939,Brazoria County Solar Project (Danciger),TX,394.4089581633416
2027,2,p67,Victoria Landfill,404681,Brazoria West,TX,471.9450216192313
2027,2,p67,Victoria Landfill,402649,Bronson,TX,6456.761276764019
2027,2,p67,Victoria Landfill,406178,"Cutlass Solar 1, LLC",TX,673.4936281712753
2027,2,p67,Victoria Landfill,404587,Fighting Jays Solar Project,TX,382.95466732822985
2027,2,p67,Victoria Landfill,405564,"Fort Bend Solar, LLC",TX,442.4267683922889
2027,2,p67,Victoria Landfill,404853,"Longbow Solar, LLC",TX,1520.1071258463492
2027,2,p67,Victoria Landfill,403514,Wagyu,TX,676.537910408506
2027,3,p12,Apex Regional Landfill,402144,Battle Mountain Solar Project,NV,1194.407622066457
2027,3,p12,Apex Regional Landfill,405553,Dodge Flat,NV,1792.8413083604416
2027,3,p12,Apex Regional Landfill,402609,"EGP Stillwater Solar PV II, LLC",NV,3527.6254481647097
2027,3,p12,Apex Regional Landfill,404659,Fish Springs,NV,1627.886528820186
2027,3,p12,Apex Regional Landfill,401086,Ft. Churchill PV,NV,8769.238357756085
2027,3,p12,Apex Regional Landfill,402130,Luning Energy,NV,1036.4289026457045
2027,3,p12,Apex Regional Landfill,403107,NVSS-II,NV,777.0960817041324
2027,3,p12,Apex Regional Landfill,400468,"Patua Acquisition Project, LLC",NV,7930.603763691704
2027,3,p12,Apex Regional Landfill,405023,Steamboat II,NV,127983.83878250337
2027,3,p12,Apex Regional Landfill,400029,Stillwater Facility,NV,4154.69284703636
2027,3,p12,Apex Regional Landfill,401318,Sunshine Valley Solar,NV,239.9581402668837
2027,3,p12,Apex Regional Landfill,405026,TS Power Plant,NV,808.908089040396
2027,3,p12,Apex Regional Landfill,405576,Tesla Reno GigaFactory,NV,51763.48813838453
2027,3,p12,Apex Regional Landfill,401943,Tungsten Mountain,NV,10054.97902424016
2027,3,p12,Apex Regional Landfill,403308,Turquoise Liberty Solar,NV,10098.082103393479
2027,3,p12,Apex Regional Landfill,403884,"Turquoise Nevada, LLC",NV,2629.7825665023606
2027,3,p12,Apex Regional Landfill,400035,Western 102 Power Plant,NV,350374.78401599097
2027,3,p13,Apex Regional Landfill,400555,Apex Solar PV Power Project,NV,628.9175981967695
2027,3,p13,Apex Regional Landfill,405385,Arrow Canyon Solar Hybrid,NV,342.6045106205173
2027,3,p13,Apex Regional Landfill,402017,"Boulder Solar II, LLC",NV,309.6889090320976
2027,3,p13,Apex Regional Landfill,401649,"Boulder Solar Power, LLC",NV,179.3988501503769
2027,3,p13,Apex Regional Landfill,400059,CM10,NV,1884.8164119484718
2027,3,p13,Apex Regional Landfill,400086,CM48,NV,436.98676101417175
2027,3,p13,Apex Regional Landfill,400363,Copper Mountain Solar 2,NV,155.10966286167042
2027,3,p13,Apex Regional Landfill,400802,Copper Mountain Solar 3,NV,93.69927898786176
2027,3,p13,Apex Regional Landfill,401308,"Copper Mountain Solar 4, LLC",NV,206.8974995131994
2027,3,p13,Apex Regional Landfill,403688,"Copper Mountain Solar 5, LLC",NV,117.61889976411557
2027,3,p13,Apex Regional Landfill,405358,Dignity - San Martin,NV,3725.0746783146387
2027,3,p13,Apex Regional Landfill,405355,Dignity - Siena Campus,NV,5861.502827371738
2027,3,p13,Apex Regional Landfill,405556,Dry Lake Solar Energy Center,NV,171.75139708681448
2027,3,p13,Apex Regional Landfill,405495,Gemini Solar,NV,107.30972834997989
2027,3,p13,Apex Regional Landfill,403386,"Harry Allen Solar Energy, LLC",NV,223.60683689428413
2027,3,p13,Apex Regional Landfill,406090,IGS LAS1,NV,8230.325821655522
2027,3,p13,Apex Regional Landfill,406089,IGS VGT,NV,5746.337146973083
2027,3,p13,Apex Regional Landfill,405309,IKEA Las Vegas 462,NV,7905.196128160337
2027,3,p13,Apex Regional Landfill,400545,Las Vegas WPCF Solar Plant,NV,863.2821567965243
2027,3,p13,Apex Regional Landfill,400313,Moapa Southern Paiute,NV,122.95423136930863
2027,3,p13,Apex Regional Landfill,400600,Mountain View Solar,NV,570.0910775771843
2027,3,p13,Apex Regional Landfill,400036,Nellis Air Force Base Solar Array,NV,469.1206031122043
2027,3,p13,Apex Regional Landfill,401381,Nellis Solar PV II,NV,239.9727710977444
2027,3,p13,Apex Regional Landfill,401319,"Playa Solar 1, LLC",NV,197.45874278764379
2027,3,p13,Apex Regional Landfill,401596,Playa Solar 2,NV,168.1824094592586
2027,3,p13,Apex Regional Landfill,401274,River Mountains Solar,NV,781.1657289977957
2027,3,p13,Mohave Valley Landfill,401042,Searchlight Solar,NV,1899.1383223729622
2027,3,p13,Apex Regional Landfill,400166,Silver State Solar Power North,NV,752.1557577320211
2027,3,p13,Apex Regional Landfill,400658,Silver State Solar Power South,NV,161.0261744603803
2027,3,p13,Apex Regional Landfill,405246,"Solar Las Vegas MB 2, LLC",NV,4348.644783986275
2027,3,p13,Apex Regional Landfill,405188,Solar Las Vegas MB-1,NV,788.9012542902522
2027,3,p13,Apex Regional Landfill,400556,Spectrum Solar PV Power Project,NV,319.0724661192147
2027,3,p13,Apex Regional Landfill,402485,"Techren Solar I, LLC",NV,174.4613029870799
2027,3,p13,Apex Regional Landfill,402690,"Techren Solar II, LLC",NV,109.7293562069993
2027,3,p13,Apex Regional Landfill,402691,"Techren Solar III, LLC",NV,684.3884591633765
2027,3,p13,Apex Regional Landfill,402692,"Techren Solar IV, LLC",NV,814.928807669308
2027,3,p13,Apex Regional Landfill,403001,Techren Solar V,NV,277.07326655486673
2027,3,p13,Apex Regional Landfill,401851,Townsite Solar Project Hybrid,NV,116.54182299706154
2027,3,p13,Apex Regional Landfill,406448,Yellow Pine II,NV,422.2636200784911
2027,3,p13,Apex Regional Landfill,404971,Yellow Pine Solar,NV,437.6134289296848
2027,3,p27,Mohave Valley Landfill,400374,"Black Mountain Solar, LLC",AZ,522.0843807394546
2027,3,p27,Mohave Valley Landfill,402236,Gray Hawk Solar,AZ,191.58327586429647
2027,3,p27,Mohave Valley Landfill,401819,Jacobson 5 MW Solar,AZ,1373.132153552429
2027,3,p27,Mohave Valley Landfill,400199,La Senita,AZ,5048.25011899819
2027,3,p27,Mohave Valley Landfill,403718,Mohave Electric Cooperative at Joy Lane,AZ,87.77455283502678
2027,3,p27,Mohave Valley Landfill,401311,Mohave Electric at Fort Mohave,AZ,183.5051075746851
2027,3,p27,Mohave Valley Landfill,406478,Mohave Energy - Hybrid,AZ,64.5705419302765
2027,3,p28,Apache Junction Landfill,405418,AZ State University - Tempe Campus Solar,AZ,5959.481502653167
2027,3,p28,South Yuma County Landfill,400148,Agua Caliente Solar Project,AZ,185.1905918362297
2027,3,p28,Apache Junction Landfill,402067,Apache Solar 1,AZ,7219.065419240053
2027,3,p28,South Yuma County Landfill,400274,Arizona Western College PV,AZ,1177.8698348273704
2027,3,p28,Apache Junction Landfill,400240,Arlington Valley Solar Energy II,AZ,401.3886834676849
2027,3,p28,Apache Junction Landfill,400437,Badger 1,AZ,3108.0230195236904
2027,3,p28,Apache Junction Landfill,401688,Bonnybrooke PV,AZ,341.5733791381872
2027,3,p28,Apache Junction Landfill,400371,Buckeye Union HS District 201,AZ,12569.855320996117
2027,3,p28,Apache Junction Landfill,405635,"Central Line Solar, LLC",AZ,332.1099186582562
2027,3,p28,Apache Junction Landfill,400201,Chino Solar Valley,AZ,3900.6546519677395
2027,3,p28,Apache Junction Landfill,400202,Cotton Center Solar Hybrid,AZ,2832.483037225941
2027,3,p28,Apache Junction Landfill,401069,Desert Star Hybrid,AZ,3695.3300334082833
2027,3,p28,Apache Junction Landfill,403257,East Line Solar,AZ,266.19112055973335
2027,3,p28,Apache Junction Landfill,406171,Eleven Mile Solar Center,AZ,116.59961964416802
2027,3,p28,Apache Junction Landfill,405244,Estrella Mountain PV,AZ,14587.073668011613
2027,3,p28,South Yuma County Landfill,400349,Foothills Solar Plant Hybrid,AZ,209.2421167208071
2027,3,p28,Apache Junction Landfill,400825,Fort Huachuca Solar PV Project,AZ,5600.044604097341
2027,3,p28,Apache Junction Landfill,400845,Gila Bend Hybrid,AZ,1675.2958497016477
2027,3,p28,Apache Junction Landfill,400599,"Gilbert Solar Facility I, LLC",AZ,3880.675806513149
2027,3,p28,South Yuma County Landfill,400507,Hyder II Hybrid,AZ,3145.6976010604153
2027,3,p28,South Yuma County Landfill,400204,Hyder Solar Hybrid,AZ,3953.1640532704587
2027,3,p28,Apache Junction Landfill,405282,Intel - Ocotillo Campus Solar,AZ,3625.617489154045
2027,3,p28,Apache Junction Landfill,405125,Jewish Community Center PV,AZ,17435.51136707482
2027,3,p28,Apache Junction Landfill,402234,Kayenta Solar Project,AZ,2767.9023029923337
2027,3,p28,Apache Junction Landfill,400595,Lake Pleasant WTP,AZ,5277.062552413556
2027,3,p28,Apache Junction Landfill,400128,Luke Solar,AZ,2504.525685088277
2027,3,p28,Apache Junction Landfill,405068,Macys Goodyear,AZ,10066.080000349008
2027,3,p28,South Yuma County Landfill,406279,McFarland A Solar and Storage,AZ,253.25853715895408
2027,3,p28,Apache Junction Landfill,405617,Mesa Carport PV,AZ,779.4501198793133
2027,3,p28,Apache Junction Landfill,404512,Mesa Solar Array,AZ,899.4582295793666
2027,3,p28,Apache Junction Landfill,400250,Mesquite Solar 1,AZ,691.8161347851507
2027,3,p28,Apache Junction Landfill,401621,"Mesquite Solar 2, LLC",AZ,482.9939009216794
2027,3,p28,Apache Junction Landfill,401622,"Mesquite Solar 3, LLC",AZ,370.04198576449755
2027,3,p28,Apache Junction Landfill,406038,"Mesquite Solar 4, LLC",AZ,974.9278648926515
2027,3,p28,Apache Junction Landfill,404922,"Mesquite Solar 5, LLC",AZ,855.549502862262
2027,3,p28,Mohave Valley Landfill,403572,OE_AZ1,AZ,2122.764986262811
2027,3,p28,Apache Junction Landfill,400203,Paloma Solar Hybrid,AZ,2753.2987337168265
2027,3,p28,Apache Junction Landfill,405126,Paradise Valley H.S. PV,AZ,15487.473113880204
2027,3,p28,Apache Junction Landfill,405150,Phoenix Airport East Economy Lot,AZ,14695.121495646838
2027,3,p28,Apache Junction Landfill,405151,Phoenix Airport Rental Car Center,AZ,25672.988517884107
2027,3,p28,Apache Junction Landfill,402528,Pinal Central Energy Center Hybrid,AZ,976.3292700023965
2027,3,p28,Apache Junction Landfill,400125,"Poseidon Solar, LLC",AZ,492.3023465029655
2027,3,p28,Apache Junction Landfill,400031,Prescott Airport,AZ,23653.366498138133
2027,3,p28,Apache Junction Landfill,400401,Prescott Solar Plant,AZ,5531.7977457770985
2027,3,p28,Apache Junction Landfill,400323,Queen Creek Solar Farm,AZ,312.8428954189936
2027,3,p28,Mohave Valley Landfill,400289,"RE Bagdad Solar I, LLC",AZ,3013.3026717751977
2027,3,p28,Apache Junction Landfill,405132,"RE Gillespie 1, LLC",AZ,2812.22860813187
2027,3,p28,Apache Junction Landfill,400758,Red Horse 2,AZ,1147.5550927547713
2027,3,p28,Apache Junction Landfill,401609,Red Horse III,AZ,2058.712146677979
2027,3,p28,Apache Junction Landfill,401726,Red Rock,AZ,929.1432740318772
2027,3,p28,Apache Junction Landfill,406380,SR McNeal,AZ,4546.808941460965
2027,3,p28,Apache Junction Landfill,400416,Saddle Mountain Solar I,AZ,3528.7268089900913
2027,3,p28,Apache Junction Landfill,403674,Saint Solar,AZ,370.0257668351399
2027,3,p28,Apache Junction Landfill,401214,Sandstone Solar,AZ,395.3523242926799
2027,3,p28,Apache Junction Landfill,405029,Solana Generating Station,AZ,294.19947034417214
2027,3,p28,Apache Junction Landfill,406275,Sonoran Solar Energy,AZ,128.5587583121833
2027,3,p28,Apache Junction Landfill,406034,Storey Solar and Storage,AZ,210.48831184119507
2027,3,p28,Apache Junction Landfill,401664,Sulphur Springs,AZ,3510.5983732672453
2027,3,p28,Apache Junction Landfill,403643,Sun Streams 2,AZ,433.85272564955267
2027,3,p28,Apache Junction Landfill,406517,Sun Streams 3,AZ,254.08960337845272
2027,3,p28,Apache Junction Landfill,401975,"Sun Streams, LLC",AZ,481.37809031042724
2027,3,p28,Apache Junction Landfill,405311,T0588 Phoenix - AZ,AZ,20256.201296942818
2027,3,p28,Apache Junction Landfill,405134,Union HS at Casa Grande,AZ,11016.032999304993
2027,3,p28,Apache Junction Landfill,405135,Vista Grande HS at Casa Grande,AZ,16920.842966625733
2027,3,p28,Apache Junction Landfill,400334,Walmart Casa Grande,AZ,10214.757601818426
2027,3,p28,Apache Junction Landfill,406098,"West Line Solar, LLC",AZ,335.3769265207481
2027,3,p29,Apache Junction Landfill,400014,Springerville,AZ,5092.42467617319
2027,3,p30,Apache Junction Landfill,405143,Actus Lend Lease DMAFB,AZ,11044.67039296491
2027,3,p30,Apache Junction Landfill,405611,Amazon TUS2,AZ,15142.49468905501
2027,3,p30,Apache Junction Landfill,405268,Amphitheater High School Solar,AZ,27418.68221181491
2027,3,p30,Apache Junction Landfill,400939,Avalon Solar,AZ,1295.1146054618796
2027,3,p30,Apache Junction Landfill,401479,Avalon Solar II,AZ,2572.5654336735984
2027,3,p30,Apache Junction Landfill,400226,Avra Valley Solar,AZ,1024.6293065894836
2027,3,p30,Apache Junction Landfill,404704,Broadway 2 - Tucson Phase II,AZ,9797.0973295144
2027,3,p30,Apache Junction Landfill,405768,Broadway 3 - Tucson Phase I,AZ,26296.1882359163
2027,3,p30,Apache Junction Landfill,405269,Canyon Del Oro High School Solar,AZ,6395.442249561772
2027,3,p30,Apache Junction Landfill,400757,Cogenra-TEP,AZ,32213.029281953815
2027,3,p30,Apache Junction Landfill,401295,Davis Monthan AFB (AZ) West Airfield,AZ,2697.067158040535
2027,3,p30,Apache Junction Landfill,400330,FRB Solar Farm,AZ,16873.033998828625
2027,3,p30,Apache Junction Landfill,400761,"Gato Montes Solar, LLC",AZ,7172.113122523694
2027,3,p30,Apache Junction Landfill,404536,Iron Horse Battery Storage Hybrid,AZ,17892.743840134674
2027,3,p30,Apache Junction Landfill,400552,"Picture Rocks Solar, LLC",AZ,2989.843468984943
2027,3,p30,Apache Junction Landfill,405374,Pima Community College,AZ,40103.16599966054
2027,3,p30,Apache Junction Landfill,405303,Pima Community College - East Campus,AZ,23029.382681451323
2027,3,p30,Apache Junction Landfill,405516,Pima Community College NW,AZ,27983.019441034012
2027,3,p30,Apache Junction Landfill,400408,Prairie Fire,AZ,7112.44223055037
2027,3,p30,Apache Junction Landfill,400290,"RE Ajo 1, LLC",AZ,7603.088125682897
2027,3,p30,Apache Junction Landfill,404926,Raptor Ridge,AZ,2507.7469081016593
2027,3,p30,Apache Junction Landfill,400857,Rio Rico Solar,AZ,8214.828689259506
2027,3,p30,Apache Junction Landfill,400193,Roger Road WWTP,AZ,29511.722804171557
2027,3,p30,Apache Junction Landfill,401076,Tech Park Solar,AZ,7930.2963592103615
2027,3,p30,Apache Junction Landfill,400156,UASTP I,AZ,38420.61458748691
2027,3,p30,Apache Junction Landfill,401075,Valencia Solar,AZ,4312.306485019199
2027,3,p30,Apache Junction Landfill,404187,"Wilmot Energy Center, LLC",AZ,363.3473833052785
2027,3,p31,City of Clovis Landfill,400211,Alamogordo Solar Energy Center,NM,41915.01762274147
2027,3,p31,Northeastern New Mexico Regional Landfill,400206,Albuquerque Solar Energy Center,NM,75122.9471768127
2027,3,p31,Northeastern New Mexico Regional Landfill,403675,Alcalde Solar Array,NM,33706.0254218318
2027,3,p31,Apache Junction Landfill,401595,Alta Luna,NM,8260.112184321175
2027,3,p31,Northeastern New Mexico Regional Landfill,404724,Angel Fire Energy Facility,NM,3939.732121503081
2027,3,p31,Northeastern New Mexico Regional Landfill,405469,Arroyo Solar Energy Storage Hybrid,NM,679.0157804854607
2027,3,p31,Northeastern New Mexico Regional Landfill,403321,Bluewater CDEC 1,NM,96096.64038759899
2027,3,p31,Northeastern New Mexico Regional Landfill,403736,Britton Solar Energy Center,NM,2129.956213023865
2027,3,p31,City of Clovis Landfill,404981,Buena Vista Energy Center,NM,2160.7496146119206
2027,3,p31,Northeastern New Mexico Regional Landfill,402876,CNMEC Solar Energy Center,NM,71597.18006162855
2027,3,p31,City of Clovis Landfill,402519,Carrizozo Solar,NM,49965.305849121665
2027,3,p31,Northeastern New Mexico Regional Landfill,401202,Cibola,NM,19599.710191769933
2027,3,p31,Northeastern New Mexico Regional Landfill,400104,Cimarron Solar Facility,NM,821.8258776003679
2027,3,p31,Apache Junction Landfill,402988,City of Gallup Solar,NM,28749.825393865944
2027,3,p31,Northeastern New Mexico Regional Landfill,403604,City of Rio Rancho WWTP,NM,134987.22823858476
2027,3,p31,Apache Junction Landfill,401225,City of Truth or Consequences PV,NM,411306.6275126019
2027,3,p31,Apache Junction Landfill,402177,Columbus Solar Project,NM,126469.17747253476
2027,3,p31,Northeastern New Mexico Regional Landfill,404748,"Cuba 2.5ac, LLC",NM,48472.602934188726
2027,3,p31,Apache Junction Landfill,400209,Deming Solar Energy Center,NM,35559.91856297327
2027,3,p31,Northeastern New Mexico Regional Landfill,403868,Encino Solar Energy Center,NM,2594.968610071279
2027,3,p31,Northeastern New Mexico Regional Landfill,401038,Eubank Landfill Solar Array,NM,67450.03980879181
2027,3,p31,Northeastern New Mexico Regional Landfill,402441,Facebook 1 Solar Energy Center,NM,14108.226647356587
2027,3,p31,Northeastern New Mexico Regional Landfill,402442,Facebook 2 Solar Energy Center,NM,13578.105905368287
2027,3,p31,Northeastern New Mexico Regional Landfill,402443,Facebook 3 Solar Energy Center,NM,22626.159168126225
2027,3,p31,Northeastern New Mexico Regional Landfill,403322,Grants CDEC 2,NM,44495.88180115112
2027,3,p31,Apache Junction Landfill,400216,"Hatch Solar Energy Center I, LLC",NM,60343.37754910334
2027,3,p31,City of Clovis Landfill,401617,Holloman Solar Facility,NM,41401.81918053044
2027,3,p31,Northeastern New Mexico Regional Landfill,406109,"Jicarilla Solar 1, LLC",NM,3112.097453703915
2027,3,p31,Northeastern New Mexico Regional Landfill,400427,Kit Carson,NM,134042.01485990523
2027,3,p31,Northeastern New Mexico Regional Landfill,400210,Las Vegas Solar Energy Center,NM,13875.737464628352
2027,3,p31,Northeastern New Mexico Regional Landfill,400434,Los Alamos PV Site,NM,98366.60111319409
2027,3,p31,Northeastern New Mexico Regional Landfill,400207,Los Lunas Solar Energy Center,NM,20085.23435483847
2027,3,p31,Apache Junction Landfill,400838,Macho Springs,NM,8850.163658512605
2027,3,p31,Northeastern New Mexico Regional Landfill,400582,Manzano Solar,NM,24850.996480678914
2027,3,p31,Northeastern New Mexico Regional Landfill,401201,Meadow Lake Solar Energy Center,NM,15984.360394837633
2027,3,p31,Northeastern New Mexico Regional Landfill,406177,"NMRD Data Center III, LLC",NM,2558.0643107501373
2027,3,p31,City of Clovis Landfill,405693,NMSU Solar and Storage,NM,89238.60155126914
2027,3,p31,Northeastern New Mexico Regional Landfill,406375,OE_ESCL,NM,1212.542249900745
2027,3,p31,City of Clovis Landfill,400581,Otero Solar,NM,29933.609051456646
2027,3,p31,Northeastern New Mexico Regional Landfill,400146,Questa Solar Facility,NM,79753.50873422138
2027,3,p31,Northeastern New Mexico Regional Landfill,403178,"RC Energy AA, LLC Solar Facility",NM,131469.71454801998
2027,3,p31,Northeastern New Mexico Regional Landfill,401566,Rio Communities Solar Energy Center,NM,16213.38005285753
2027,3,p31,Northeastern New Mexico Regional Landfill,403084,Rio De Oro Solar Energy Center,NM,28568.188493796555
2027,3,p31,Northeastern New Mexico Regional Landfill,400624,Rio Rancho High School,NM,133436.63687134994
2027,3,p31,City of Clovis Landfill,400135,Roadrunner Solar,NM,12765.062950370873
2027,3,p31,Northeastern New Mexico Regional Landfill,404648,"Route 66 Energy Center, LLC",NM,4967.870449277489
2027,3,p31,Northeastern New Mexico Regional Landfill,403387,San Miguel I Solar Energy Center,NM,4590.527819109882
2027,3,p31,Northeastern New Mexico Regional Landfill,405458,San Miguel II Solar Energy Center,NM,5138.539119095621
2027,3,p31,Northeastern New Mexico Regional Landfill,401161,Sandoval Solar Energy Center,NM,29669.272075524404
2027,3,p31,Northeastern New Mexico Regional Landfill,401564,Santa Fe Solar Energy Center,NM,9784.071768282025
2027,3,p31,Northeastern New Mexico Regional Landfill,401565,Santolina Solar Energy Center,NM,16409.72202961004
2027,3,p31,Apache Junction Landfill,400596,Silver City WWTP PV Project,NM,233192.16288290187
2027,3,p31,Northeastern New Mexico Regional Landfill,406343,Sky Ranch Solar,NM,793.7929930795706
2027,3,p31,Northeastern New Mexico Regional Landfill,401563,South Valley Solar Energy Center,NM,16610.52341036055
2027,3,p31,Northeastern New Mexico Regional Landfill,401162,Springer Solar 1,NM,36854.59532378479
2027,3,p31,Northeastern New Mexico Regional Landfill,400735,Storrie Lake Solar Project,NM,29667.446415433835
2027,3,p31,Northeastern New Mexico Regional Landfill,400623,Sue Cleveland High School,NM,167676.1413848862
2027,3,p31,City of Clovis Landfill,400343,"SunE EPE1, LLC",NM,25957.67364936043
2027,3,p31,City of Clovis Landfill,400342,"SunE EPE2, LLC",NM,20816.82304462882
2027,3,p31,Northeastern New Mexico Regional Landfill,402854,Syncarpha Eagle Nest,NM,71893.83612179146
2027,3,p31,Northeastern New Mexico Regional Landfill,403412,Syncarpha El Rito,NM,64015.75609432786
2027,3,p31,Northeastern New Mexico Regional Landfill,403413,Syncarpha Questa,NM,70000.51490575151
2027,3,p31,Northeastern New Mexico Regional Landfill,403411,Syncarpha Taos,NM,17828.996917595305
2027,3,p31,Northeastern New Mexico Regional Landfill,404618,Taos Mesa Energy Facility Hybrid,NM,4153.317813478385
2027,3,p31,Northeastern New Mexico Regional Landfill,403011,Vista Solar Energy Center,NM,15516.224254104929
2027,3,p31,City of Clovis Landfill,400354,WSMR I,NM,54180.02548627739
2027,3,p31,Apache Junction Landfill,405245,Wal-Mart Truth or Consequences PV,NM,394168.3399023427
2027,3,p47,City of Clovis Landfill,400979,"Caprock Solar 1, LLC",NM,1893.5126763686274
2027,3,p47,City of Clovis Landfill,404980,Chaves County Solar II,NM,2827.258672088586
2027,3,p47,City of Clovis Landfill,401681,"Chaves Solar, LLC",NM,1217.7710901114865
2027,3,p47,City of Clovis Landfill,400614,GSE NM1,NM,61641.46793033957
2027,3,p47,City of Clovis Landfill,404982,Hayhurst New Mexico Solar,NM,8138.735331167327
2027,3,p47,City of Clovis Landfill,402530,Middle Daisy,NM,16856.772590673027
2027,3,p47,City of Clovis Landfill,401682,"Roswell Solar, LLC",NM,1221.641468034166
2027,3,p47,City of Clovis Landfill,400546,SEV NM Phase 2,NM,81656.97615323962
2027,3,p47,City of Clovis Landfill,400260,SPS1 Dollarhide,NM,15072.766925569189
2027,3,p47,City of Clovis Landfill,400261,SPS2 Jal,NM,18894.06741532692
2027,3,p47,City of Clovis Landfill,400262,SPS3 Lea,NM,16761.140285176458
2027,3,p47,City of Clovis Landfill,400264,SPS5 Hopi,NM,14872.214021996344
2027,3,p47,City of Clovis Landfill,404698,SoCore Clovis 1,NM,2727.3408981464163
2027,3,p48,City of Clovis Landfill,406439,"BESSP1, LLC",TX,396892.9001495733
2027,3,p48,City of Clovis Landfill,405590,"Hecate Energy Frye Solar, LLC",TX,768.488834970537
2027,3,p57,Victoria Landfill,404918,"Hecate Energy Upshur Rural, LLC",TX,23520.70214641422
2027,3,p59,City of Clovis Landfill,402666,Fort Bliss (DEA EPIC),TX,45971.856890999836
2027,3,p59,City of Clovis Landfill,401616,Montana Solar Facility,TX,34920.20488563202
2027,3,p59,City of Clovis Landfill,401045,Newman Solar,TX,6090.289395742655
2027,3,p60,City of Clovis Landfill,403962,"ANSON Solar Center, LLC",TX,769.8858250967753
2027,3,p60,City of Clovis Landfill,403883,Azure Sky Solar,TX,713.7294703233748
2027,3,p60,City of Clovis Landfill,403232,"ENGIE Long Draw Solar, LLC",TX,350.08838252531035
2027,3,p60,City of Clovis Landfill,406252,Highpeak Solar 1,TX,8881.78469529667
2027,3,p60,City of Clovis Landfill,402721,Holstein 1 Solar Farm,TX,814.3956327366665
2027,3,p60,City of Clovis Landfill,405492,Juno Solar Project,TX,296.84962987709844
2027,3,p60,City of Clovis Landfill,402541,Lamesa II,TX,1917.6679701886526
2027,3,p60,City of Clovis Landfill,401660,Lamesa Solar,TX,938.489896455484
2027,3,p60,City of Clovis Landfill,405932,Lumina II Solar Project,TX,261.0483841885295
2027,3,p60,City of Clovis Landfill,405933,Lumina Solar Project,TX,274.57099382621203
2027,3,p60,City of Clovis Landfill,402909,Misae Solar,TX,390.68613775501876
2027,3,p60,City of Clovis Landfill,400968,"OCI Alamo 7, LLC",TX,1278.064152823249
2027,3,p60,City of Clovis Landfill,405939,Texas Solar Nova 1,TX,358.49640195868176
2027,3,p61,City of Clovis Landfill,400967,Alamo 6,TX,557.1311575256976
2027,3,p61,City of Clovis Landfill,403557,Aragorn Solar Project,TX,358.1998544868901
2027,3,p61,City of Clovis Landfill,400691,Barilla Solar,TX,2478.550574202084
2027,3,p61,City of Clovis Landfill,401946,Bluebell Solar,TX,3655.61508188223
2027,3,p61,City of Clovis Landfill,403574,Bluebell Solar II,TX,803.4123623968613
2027,3,p61,City of Clovis Landfill,400554,"Bryan Solar, LLC",TX,9321.434056206894
2027,3,p61,City of Clovis Landfill,401463,Buckthorn Westex,TX,631.3788515168866
2027,3,p61,City of Clovis Landfill,401703,East Pecos Solar,TX,840.2997489787297
2027,3,p61,Victoria Landfill,405363,Galloway 1 Solar Farm,TX,699.6158479644901
2027,3,p61,City of Clovis Landfill,405494,Galloway 2 Solar Farm,TX,712.3215897506825
2027,3,p61,City of Clovis Landfill,403210,Greasewood,TX,343.4139399011312
2027,3,p61,City of Clovis Landfill,406370,Hayhurst Texas Solar,TX,1867.0389313445278
2027,3,p61,City of Clovis Landfill,402304,Midway Solar-TX,TX,426.69392957158465
2027,3,p61,Victoria Landfill,400695,"OCI Alamo 4, LLC",TX,2745.624557461529
2027,3,p61,City of Clovis Landfill,401868,Pearl Solar,TX,1988.0910902536975
2027,3,p61,City of Clovis Landfill,402290,RE Maplewood,TX,614.4670249557123
2027,3,p61,City of Clovis Landfill,401430,RE Roserock,TX,637.2013931984882
2027,3,p61,City of Clovis Landfill,402848,Rambler,TX,453.4789921930139
2027,3,p61,City of Clovis Landfill,402083,Solaire Holman Solar Project,TX,1701.1462861323275
2027,3,p61,City of Clovis Landfill,403023,"Taygete Energy Project, LLC",TX,324.3038572372873
2027,3,p61,City of Clovis Landfill,404647,Taygete II Energy Project,TX,404.82020647488616
2027,3,p61,City of Clovis Landfill,403551,Titan Solar Project,TX,496.75453150905673
2027,3,p61,Victoria Landfill,406103,Zier Solar,TX,442.7077253977551
2027,3,p62,City of Clovis Landfill,403502,2W Permian Solar Project Hybrid,TX,404.8587629397033
2027,3,p62,City of Clovis Landfill,403697,CED Crane Solar,TX,538.0742582213304
2027,3,p62,City of Clovis Landfill,401525,Castle Gap Solar Hybrid,TX,532.8813887750762
2027,3,p62,City of Clovis Landfill,404599,Emerald Grove,TX,1094.9162030194518
2027,3,p62,City of Clovis Landfill,403004,Lapetus,TX,582.3728525831093
2027,3,p62,City of Clovis Landfill,403280,Oberon IA,TX,538.7253147860629
2027,3,p62,City of Clovis Landfill,403279,Oberon IB,TX,1982.742350015273
2027,3,p62,City of Clovis Landfill,403602,Oxy Renewable Energy-Goldsmith,TX,3144.996349573445
2027,3,p62,City of Clovis Landfill,402679,Phoebe Solar,TX,270.9942549400001
2027,3,p62,City of Clovis Landfill,403177,Prospero Solar,TX,216.69564885957212
2027,3,p62,City of Clovis Landfill,404128,Prospero Solar II,TX,385.78195154044033
2027,3,p62,City of Clovis Landfill,403070,"Roadrunner, LLC",TX,412.80311203259646
2027,3,p62,City of Clovis Landfill,401805,Upton County Solar,TX,904.4290744988905
2027,3,p62,City of Clovis Landfill,402995,West of the Pecos Solar,TX,752.9954691537122
2027,3,p63,Victoria Landfill,405599,"BPL Crown Solar, LLC",TX,1474.6337861251889
2027,3,p63,Victoria Landfill,404966,BPL Files Solar,TX,1253.0096645790752
2027,3,p63,Victoria Landfill,403825,Briar Creek Solar 1,TX,1312.3830352773828
2027,3,p63,Victoria Landfill,401697,CoServ Community Solar Station,TX,430104.0133800266
2027,3,p63,Victoria Landfill,403188,Coniglio Solar,TX,2477.0550097768523
2027,3,p63,Victoria Landfill,406415,Dileo Solar,TX,2120.8864591134843
2027,3,p63,Victoria Landfill,402655,Eddy II,TX,19733.061476549567
2027,3,p63,Victoria Landfill,406221,Eiffel Solar Project,TX,1050.0763272218073
2027,3,p63,Victoria Landfill,405540,"Ellis Solar, LLC",TX,3014.8891327110255
2027,3,p63,Victoria Landfill,403823,Elm Branch Solar 1,TX,1295.6954979679103
2027,3,p63,Victoria Landfill,406206,Five Wells Solar Center - Hybrid,TX,470.78927373165834
2027,3,p63,Victoria Landfill,404567,G.S.E. One LLC,TX,3725.4719620439278
2027,3,p63,Victoria Landfill,403288,Griffin Solar,TX,29953.924548082014
2027,3,p63,Victoria Landfill,406202,Grizzly Ridge Solar,TX,1584.321248337183
2027,3,p63,Victoria Landfill,402329,Highway 56 Solar,TX,34975.378009919565
2027,3,p63,Victoria Landfill,405689,"IP Radian, LLC",TX,645.3388810161077
2027,3,p63,Victoria Landfill,403481,Impact Solar 1,TX,1386.4833299175525
2027,3,p63,Victoria Landfill,403190,Kellam Solar,TX,2795.2034419603538
2027,3,p63,Victoria Landfill,402421,Leon Solar,TX,28271.009424614833
2027,3,p63,Victoria Landfill,403874,Lily Solar Hybrid,TX,1299.9357543401286
2027,3,p63,Victoria Landfill,402404,Marlin Solar,TX,18434.968654228924
2027,3,p63,Victoria Landfill,405794,Noble Solar,TX,1114.5326660970873
2027,3,p63,Victoria Landfill,402405,North Gainesville Solar,TX,35958.82607939834
2027,3,p63,Victoria Landfill,401933,Phantom Solar,TX,12527.884029505534
2027,3,p63,Victoria Landfill,404872,"Pisgah Ridge Solar, LLC",TX,595.5848820788771
2027,3,p63,Victoria Landfill,406416,Pitts Dudik Solar,TX,2750.973120755611
2027,3,p63,Victoria Landfill,403189,Rippey Solar,TX,3456.4778856668313
2027,3,p63,Victoria Landfill,404630,"Samson Solar Energy III, LLC",TX,1121.0466928036767
2027,3,p63,Victoria Landfill,402652,Sterling Solar (TX),TX,21273.503530131533
2027,3,p63,Victoria Landfill,404812,Sun Valley Solar Project,TX,587.5696094617045
2027,3,p63,Victoria Landfill,404388,"TPE Erath Solar, LLC",TX,14269.227021255103
2027,3,p63,Victoria Landfill,403457,"TPE Whitney Solar, LLC",TX,18587.816069073873
2027,3,p63,Victoria Landfill,405984,Waco Solar,TX,464.0044529101021
2027,3,p63,Victoria Landfill,402306,Walnut Springs Solar,TX,29004.216367811005
2027,3,p63,Victoria Landfill,402497,West Moore Solar II,TX,185383.2591716009
2027,3,p63,Victoria Landfill,402414,Whitewright Solar,TX,45424.13341656136
2027,3,p63,Victoria Landfill,402654,Yellow Jacket,TX,41433.60216726355
2027,3,p64,Victoria Landfill,405731,Austin TX GigaFactory,TX,19684.864691867155
2027,3,p64,Victoria Landfill,402203,Bandera Electric Coop PV,TX,36595.28692945506
2027,3,p64,Victoria Landfill,404721,"Blue Jay Solar I, LLC",TX,290.66615147301246
2027,3,p64,Victoria Landfill,402648,Bovine,TX,2477.927664563858
2027,3,p64,Victoria Landfill,402389,"E-Volve Energy Holdings, LLC",TX,15786.558604103117
2027,3,p64,Victoria Landfill,400227,East Blackland Solar Project 1,TX,423.4344663386724
2027,3,p64,Victoria Landfill,405101,IKEA Round Rock 027,TX,36224.92744394497
2027,3,p64,Victoria Landfill,402653,Lampwick,TX,9606.598283594732
2027,3,p64,Victoria Landfill,405613,Niagara Bottling - Seguin,TX,6809.886064606052
2027,3,p64,Victoria Landfill,402544,PowerFin Kingsbery,TX,13503.906484807025
2027,3,p64,Victoria Landfill,400249,Webberville Solar Project,TX,1645.2667189618362
2027,3,p65,Victoria Landfill,405700,Aktina Solar,TX,943.0078708038507
2027,3,p65,Victoria Landfill,404074,"Alexis Solar, LLC",TX,99169.82965287892
2027,3,p65,Victoria Landfill,405727,Bernard Creek Solar,TX,2846.4302101741196
2027,3,p65,Victoria Landfill,400081,Blue Wing Solar Energy Generation,TX,45445.60075871396
2027,3,p65,Victoria Landfill,405477,Brightside,TX,10583.356802370574
2027,3,p65,Victoria Landfill,401728,CPS 1 Community Solar,TX,585029.2447807781
2027,3,p65,Victoria Landfill,402656,Cascade Solar (TX),TX,50460.69183359501
2027,3,p65,Victoria Landfill,403987,Catan Solar,TX,31360.579671594543
2027,3,p65,Victoria Landfill,403091,Commerce Solar,TX,145678.1353898159
2027,3,p65,Victoria Landfill,404247,"Corazon Energy, LLC",TX,5080.023743137372
2027,3,p65,Victoria Landfill,404062,Elara Solar,TX,6729.137402448427
2027,3,p65,Victoria Landfill,404359,FELPS 1-Calaveras,TX,703776.4352330414
2027,3,p65,Victoria Landfill,404361,FELPS 2-Calaveras,TX,626045.8256809055
2027,3,p65,Victoria Landfill,404362,FELPS 3-Floresville South,TX,496818.03621227934
2027,3,p65,Victoria Landfill,404363,FELPS 4-Floresville South,TX,496892.30100017815
2027,3,p65,Victoria Landfill,404364,FELPS 5-Floresville South,TX,497023.4182002795
2027,3,p65,Victoria Landfill,404739,FELPS 6- Floresville West,TX,587079.5690088866
2027,3,p65,Victoria Landfill,404740,FELPS 7- Floresville West,TX,754684.1500510821
2027,3,p65,Victoria Landfill,406516,Ganado Solar,TX,1610.4714267671716
2027,3,p65,Victoria Landfill,405801,Horizon Solar,TX,5377.171643036217
2027,3,p65,Victoria Landfill,405380,IKEA Live Oak Rooftop PV System,TX,391907.26515229815
2027,3,p65,Victoria Landfill,403343,Mars Solar,TX,115921.4412151316
2027,3,p65,Victoria Landfill,404877,Nebula Solar,TX,11056.279930042057
2027,3,p65,Victoria Landfill,400694,"OCI Alamo 2, LLC",TX,182320.46405719745
2027,3,p65,Victoria Landfill,400965,"OCI Alamo 3, LLC",TX,115141.74148918361
2027,3,p65,Victoria Landfill,400966,"OCI Alamo 5, LLC",TX,16523.375676663196
2027,3,p65,Victoria Landfill,400593,OCI Alamo Solar I Hybrid,TX,19718.049009788854
2027,3,p65,Victoria Landfill,405809,Shakes Solar,TX,6090.8195216276945
2027,3,p65,Victoria Landfill,405545,Sparta Solar,TX,2394.099828679901
2027,3,p65,Victoria Landfill,400379,"SunE CPS1, LLC",TX,90303.51112775608
2027,3,p65,Victoria Landfill,400364,"SunE CPS2, LLC",TX,63503.63351638657
2027,3,p65,Victoria Landfill,400353,"SunE CPS3, LLC",TX,112343.70683554724
2027,3,p65,Victoria Landfill,406032,Tres Bahias,TX,1203.1171078479083
2027,3,p65,Victoria Landfill,404878,Vancourt Solar Interconnections,TX,26280.85440487476
2027,3,p66,Victoria Landfill,406386,Umbriel Solar,TX,3192.733581493174
2027,3,p67,Victoria Landfill,404939,Brazoria County Solar Project (Danciger),TX,394.4089581633416
2027,3,p67,Victoria Landfill,404681,Brazoria West,TX,884.3873494384625
2027,3,p67,Victoria Landfill,402649,Bronson,TX,6456.761276764019
2027,3,p67,Victoria Landfill,406178,"Cutlass Solar 1, LLC",TX,673.4936281712753
2027,3,p67,Victoria Landfill,404587,Fighting Jays Solar Project,TX,423.3861640192586
2027,3,p67,Victoria Landfill,405564,"Fort Bend Solar, LLC",TX,394.56125906825275
2027,3,p67,Victoria Landfill,404853,"Longbow Solar, LLC",TX,1520.1071258463492
2027,3,p67,Victoria Landfill,403514,Wagyu,TX,676.537910408506
2027,4,p12,Apex Regional Landfill,402144,Battle Mountain Solar Project,NV,1030.8642403426772
2027,4,p12,Apex Regional Landfill,405553,Dodge Flat,NV,1792.8413083604416
2027,4,p12,Apex Regional Landfill,402609,"EGP Stillwater Solar PV II, LLC",NV,3179.8232983482394
2027,4,p12,Apex Regional Landfill,404659,Fish Springs,NV,1364.8394323501548
2027,4,p12,Apex Regional Landfill,401086,Ft. Churchill PV,NV,11675.783160341445
2027,4,p12,Apex Regional Landfill,402130,Luning Energy,NV,1036.4289026457045
2027,4,p12,Apex Regional Landfill,403107,NVSS-II,NV,777.0960817041324
2027,4,p12,Apex Regional Landfill,400468,"Patua Acquisition Project, LLC",NV,7930.603763691704
2027,4,p12,Apex Regional Landfill,405023,Steamboat II,NV,64016.72136625169
2027,4,p12,Apex Regional Landfill,400029,Stillwater Facility,NV,4154.69284703636
2027,4,p12,Apex Regional Landfill,401318,Sunshine Valley Solar,NV,239.9581402668837
2027,4,p12,Apex Regional Landfill,405026,TS Power Plant,NV,808.908089040396
2027,4,p12,Apex Regional Landfill,405576,Tesla Reno GigaFactory,NV,34525.52674225635
2027,4,p12,Apex Regional Landfill,401943,Tungsten Mountain,NV,8943.27068265792
2027,4,p12,Apex Regional Landfill,403308,Turquoise Liberty Solar,NV,14117.473364750867
2027,4,p12,Apex Regional Landfill,403884,"Turquoise Nevada, LLC",NV,2629.7825665023606
2027,4,p12,Apex Regional Landfill,400035,Western 102 Power Plant,NV,350374.78401599097
2027,4,p13,Apex Regional Landfill,400555,Apex Solar PV Power Project,NV,570.9862333770926
2027,4,p13,Apex Regional Landfill,405385,Arrow Canyon Solar Hybrid,NV,342.6045106205173
2027,4,p13,Apex Regional Landfill,402017,"Boulder Solar II, LLC",NV,309.6889090320976
2027,4,p13,Apex Regional Landfill,401649,"Boulder Solar Power, LLC",NV,193.82050572264097
2027,4,p13,Apex Regional Landfill,400059,CM10,NV,1884.8164119484718
2027,4,p13,Apex Regional Landfill,400086,CM48,NV,436.98676101417175
2027,4,p13,Apex Regional Landfill,400363,Copper Mountain Solar 2,NV,155.10966286167042
2027,4,p13,Apex Regional Landfill,400802,Copper Mountain Solar 3,NV,98.59875998651304
2027,4,p13,Apex Regional Landfill,401308,"Copper Mountain Solar 4, LLC",NV,206.8974995131994
2027,4,p13,Apex Regional Landfill,403688,"Copper Mountain Solar 5, LLC",NV,117.61889976411557
2027,4,p13,Apex Regional Landfill,405358,Dignity - San Martin,NV,6175.388497191066
2027,4,p13,Apex Regional Landfill,405355,Dignity - Siena Campus,NV,4569.969743511351
2027,4,p13,Apex Regional Landfill,405556,Dry Lake Solar Energy Center,NV,171.75139708681448
2027,4,p13,Apex Regional Landfill,405495,Gemini Solar,NV,88.07446889998658
2027,4,p13,Apex Regional Landfill,403386,"Harry Allen Solar Energy, LLC",NV,201.8564760324986
2027,4,p13,Apex Regional Landfill,406090,IGS LAS1,NV,14774.903318979943
2027,4,p13,Apex Regional Landfill,406089,IGS VGT,NV,5746.337146973083
2027,4,p13,Apex Regional Landfill,405309,IKEA Las Vegas 462,NV,9027.423582183243
2027,4,p13,Apex Regional Landfill,400545,Las Vegas WPCF Solar Plant,NV,1095.761644452674
2027,4,p13,Apex Regional Landfill,400313,Moapa Southern Paiute,NV,122.95423136930863
2027,4,p13,Apex Regional Landfill,400600,Mountain View Solar,NV,627.9229806413158
2027,4,p13,Apex Regional Landfill,400036,Nellis Air Force Base Solar Array,NV,521.56018475123
2027,4,p13,Apex Regional Landfill,401381,Nellis Solar PV II,NV,239.9727710977444
2027,4,p13,Apex Regional Landfill,401319,"Playa Solar 1, LLC",NV,197.45874278764379
2027,4,p13,Apex Regional Landfill,401596,Playa Solar 2,NV,168.1824094592586
2027,4,p13,Apex Regional Landfill,401274,River Mountains Solar,NV,689.7205066230711
2027,4,p13,Mohave Valley Landfill,401042,Searchlight Solar,NV,3293.357664527683
2027,4,p13,Apex Regional Landfill,400166,Silver State Solar Power North,NV,892.666119278425
2027,4,p13,Apex Regional Landfill,400658,Silver State Solar Power South,NV,161.0261744603803
2027,4,p13,Apex Regional Landfill,405246,"Solar Las Vegas MB 2, LLC",NV,3120.3474028473406
2027,4,p13,Apex Regional Landfill,405188,Solar Las Vegas MB-1,NV,881.3134173265335
2027,4,p13,Apex Regional Landfill,400556,Spectrum Solar PV Power Project,NV,319.0724661192147
2027,4,p13,Apex Regional Landfill,402485,"Techren Solar I, LLC",NV,174.4613029870799
2027,4,p13,Apex Regional Landfill,402690,"Techren Solar II, LLC",NV,109.7293562069993
2027,4,p13,Apex Regional Landfill,402691,"Techren Solar III, LLC",NV,895.9832955511688
2027,4,p13,Apex Regional Landfill,402692,"Techren Solar IV, LLC",NV,705.5966851451211
2027,4,p13,Apex Regional Landfill,403001,Techren Solar V,NV,277.07326655486673
2027,4,p13,Apex Regional Landfill,401851,Townsite Solar Project Hybrid,NV,116.54182299706154
2027,4,p13,Apex Regional Landfill,406448,Yellow Pine II,NV,422.2636200784911
2027,4,p13,Apex Regional Landfill,404971,Yellow Pine Solar,NV,437.6134289296848
2027,4,p27,Mohave Valley Landfill,400374,"Black Mountain Solar, LLC",AZ,461.8462330845228
2027,4,p27,Mohave Valley Landfill,402236,Gray Hawk Solar,AZ,191.58327586429647
2027,4,p27,Mohave Valley Landfill,401819,Jacobson 5 MW Solar,AZ,1373.132153552429
2027,4,p27,Mohave Valley Landfill,400199,La Senita,AZ,5048.25011899819
2027,4,p27,Mohave Valley Landfill,403718,Mohave Electric Cooperative at Joy Lane,AZ,83.0150175015241
2027,4,p27,Mohave Valley Landfill,401311,Mohave Electric at Fort Mohave,AZ,203.98023729964015
2027,4,p27,Mohave Valley Landfill,406478,Mohave Energy - Hybrid,AZ,64.5705419302765
2027,4,p28,Apache Junction Landfill,405418,AZ State University - Tempe Campus Solar,AZ,7648.962783411218
2027,4,p28,South Yuma County Landfill,400148,Agua Caliente Solar Project,AZ,185.1905918362297
2027,4,p28,Apache Junction Landfill,402067,Apache Solar 1,AZ,4529.277269525034
2027,4,p28,South Yuma County Landfill,400274,Arizona Western College PV,AZ,1320.5565354307917
2027,4,p28,Apache Junction Landfill,400240,Arlington Valley Solar Energy II,AZ,401.3886834676849
2027,4,p28,Apache Junction Landfill,400437,Badger 1,AZ,2801.8504195713213
2027,4,p28,Apache Junction Landfill,401688,Bonnybrooke PV,AZ,378.4829240304606
2027,4,p28,Apache Junction Landfill,400371,Buckeye Union HS District 201,AZ,14358.935078281278
2027,4,p28,Apache Junction Landfill,405635,"Central Line Solar, LLC",AZ,332.1099186582562
2027,4,p28,Apache Junction Landfill,400201,Chino Solar Valley,AZ,3129.7831255741917
2027,4,p28,Apache Junction Landfill,400202,Cotton Center Solar Hybrid,AZ,2275.2458337807525
2027,4,p28,Apache Junction Landfill,401069,Desert Star Hybrid,AZ,3695.3300334082833
2027,4,p28,Apache Junction Landfill,403257,East Line Solar,AZ,266.19112055973335
2027,4,p28,Apache Junction Landfill,406171,Eleven Mile Solar Center,AZ,116.59961964416802
2027,4,p28,Apache Junction Landfill,405244,Estrella Mountain PV,AZ,14587.073668011613
2027,4,p28,South Yuma County Landfill,400349,Foothills Solar Plant Hybrid,AZ,228.44943746756346
2027,4,p28,Apache Junction Landfill,400825,Fort Huachuca Solar PV Project,AZ,4982.961539197636
2027,4,p28,Apache Junction Landfill,400845,Gila Bend Hybrid,AZ,1186.5962007911533
2027,4,p28,Apache Junction Landfill,400599,"Gilbert Solar Facility I, LLC",AZ,3880.675806513149
2027,4,p28,South Yuma County Landfill,400507,Hyder II Hybrid,AZ,3145.6976010604153
2027,4,p28,South Yuma County Landfill,400204,Hyder Solar Hybrid,AZ,3082.766759210357
2027,4,p28,Apache Junction Landfill,405282,Intel - Ocotillo Campus Solar,AZ,3625.6174891540463
2027,4,p28,Apache Junction Landfill,405125,Jewish Community Center PV,AZ,17435.51136707482
2027,4,p28,Apache Junction Landfill,402234,Kayenta Solar Project,AZ,2767.9023029923337
2027,4,p28,Apache Junction Landfill,400595,Lake Pleasant WTP,AZ,4753.9859991722005
2027,4,p28,Apache Junction Landfill,400128,Luke Solar,AZ,3119.082851360346
2027,4,p28,Apache Junction Landfill,405068,Macys Goodyear,AZ,11318.552872892631
2027,4,p28,South Yuma County Landfill,406279,McFarland A Solar and Storage,AZ,253.25853715895408
2027,4,p28,Apache Junction Landfill,405617,Mesa Carport PV,AZ,687.8059823943989
2027,4,p28,Apache Junction Landfill,404512,Mesa Solar Array,AZ,709.8668496728409
2027,4,p28,Apache Junction Landfill,400250,Mesquite Solar 1,AZ,691.8161347851507
2027,4,p28,Apache Junction Landfill,401621,"Mesquite Solar 2, LLC",AZ,482.9939009216794
2027,4,p28,Apache Junction Landfill,401622,"Mesquite Solar 3, LLC",AZ,410.5101064850597
2027,4,p28,Apache Junction Landfill,406038,"Mesquite Solar 4, LLC",AZ,974.9278648926515
2027,4,p28,Apache Junction Landfill,404922,"Mesquite Solar 5, LLC",AZ,855.549502862262
2027,4,p28,Mohave Valley Landfill,403572,OE_AZ1,AZ,2122.764986262811
2027,4,p28,Apache Junction Landfill,400203,Paloma Solar Hybrid,AZ,3655.632638289102
2027,4,p28,Apache Junction Landfill,405126,Paradise Valley H.S. PV,AZ,19899.23771213169
2027,4,p28,Apache Junction Landfill,405150,Phoenix Airport East Economy Lot,AZ,14695.121495646838
2027,4,p28,Apache Junction Landfill,405151,Phoenix Airport Rental Car Center,AZ,20547.65021830728
2027,4,p28,Apache Junction Landfill,402528,Pinal Central Energy Center Hybrid,AZ,976.3292700023965
2027,4,p28,Apache Junction Landfill,400125,"Poseidon Solar, LLC",AZ,492.3023465029655
2027,4,p28,Apache Junction Landfill,400031,Prescott Airport,AZ,23653.366498138133
2027,4,p28,Apache Junction Landfill,400401,Prescott Solar Plant,AZ,6141.297826419
2027,4,p28,Apache Junction Landfill,400323,Queen Creek Solar Farm,AZ,286.18830787709425
2027,4,p28,Mohave Valley Landfill,400289,"RE Bagdad Solar I, LLC",AZ,4287.498445607425
2027,4,p28,Apache Junction Landfill,405132,"RE Gillespie 1, LLC",AZ,2535.635449318683
2027,4,p28,Apache Junction Landfill,400758,Red Horse 2,AZ,1147.5550927547713
2027,4,p28,Apache Junction Landfill,401609,Red Horse III,AZ,2058.712146677979
2027,4,p28,Apache Junction Landfill,401726,Red Rock,AZ,840.8586486286893
2027,4,p28,Apache Junction Landfill,406380,SR McNeal,AZ,4546.808941460965
2027,4,p28,Apache Junction Landfill,400416,Saddle Mountain Solar I,AZ,3915.6634522112117
2027,4,p28,Apache Junction Landfill,403674,Saint Solar,AZ,323.77880300154845
2027,4,p28,Apache Junction Landfill,401214,Sandstone Solar,AZ,395.3523242926799
2027,4,p28,Apache Junction Landfill,405029,Solana Generating Station,AZ,239.11003693435612
2027,4,p28,Apache Junction Landfill,406275,Sonoran Solar Energy,AZ,128.5587583121833
2027,4,p28,Apache Junction Landfill,406034,Storey Solar and Storage,AZ,231.0122233213445
2027,4,p28,Apache Junction Landfill,401664,Sulphur Springs,AZ,3510.5983732672453
2027,4,p28,Apache Junction Landfill,403643,Sun Streams 2,AZ,347.72923550520767
2027,4,p28,Apache Junction Landfill,406517,Sun Streams 3,AZ,254.08960337845272
2027,4,p28,Apache Junction Landfill,401975,"Sun Streams, LLC",AZ,481.37809031042724
2027,4,p28,Apache Junction Landfill,405311,T0588 Phoenix - AZ,AZ,22782.439331560676
2027,4,p28,Apache Junction Landfill,405134,Union HS at Casa Grande,AZ,11016.032999304993
2027,4,p28,Apache Junction Landfill,405135,Vista Grande HS at Casa Grande,AZ,16920.842966625733
2027,4,p28,Apache Junction Landfill,400334,Walmart Casa Grande,AZ,12756.872747273032
2027,4,p28,Apache Junction Landfill,406098,"West Line Solar, LLC",AZ,335.3769265207481
2027,4,p29,Apache Junction Landfill,400014,Springerville,AZ,6353.956590216488
2027,4,p30,Apache Junction Landfill,405143,Actus Lend Lease DMAFB,AZ,11044.67039296491
2027,4,p30,Apache Junction Landfill,405611,Amazon TUS2,AZ,13465.139392493342
2027,4,p30,Apache Junction Landfill,405268,Amphitheater High School Solar,AZ,27418.68221181491
2027,4,p30,Apache Junction Landfill,400939,Avalon Solar,AZ,1451.2168036446144
2027,4,p30,Apache Junction Landfill,401479,Avalon Solar II,AZ,2291.8689432654205
2027,4,p30,Apache Junction Landfill,400226,Avra Valley Solar,AZ,1513.7954498842255
2027,4,p30,Apache Junction Landfill,404704,Broadway 2 - Tucson Phase II,AZ,12583.040275089945
2027,4,p30,Apache Junction Landfill,405768,Broadway 3 - Tucson Phase I,AZ,26296.1882359163
2027,4,p30,Apache Junction Landfill,405269,Canyon Del Oro High School Solar,AZ,6395.442249561772
2027,4,p30,Apache Junction Landfill,400757,Cogenra-TEP,AZ,32213.029281953815
2027,4,p30,Apache Junction Landfill,401295,Davis Monthan AFB (AZ) West Airfield,AZ,3454.4300546235454
2027,4,p30,Apache Junction Landfill,400330,FRB Solar Farm,AZ,16873.033998828625
2027,4,p30,Apache Junction Landfill,400761,"Gato Montes Solar, LLC",AZ,7172.113122523694
2027,4,p30,Apache Junction Landfill,404536,Iron Horse Battery Storage Hybrid,AZ,17892.743840134674
2027,4,p30,Apache Junction Landfill,400552,"Picture Rocks Solar, LLC",AZ,3971.02561864659
2027,4,p30,Apache Junction Landfill,405374,Pima Community College,AZ,35096.05737720297
2027,4,p30,Apache Junction Landfill,405303,Pima Community College - East Campus,AZ,28775.154096814156
2027,4,p30,Apache Junction Landfill,405516,Pima Community College NW,AZ,32639.139844539684
2027,4,p30,Apache Junction Landfill,400408,Prairie Fire,AZ,7112.44223055037
2027,4,p30,Apache Junction Landfill,400290,"RE Ajo 1, LLC",AZ,7603.088125682897
2027,4,p30,Apache Junction Landfill,404926,Raptor Ridge,AZ,2781.2413401129547
2027,4,p30,Apache Junction Landfill,400857,Rio Rico Solar,AZ,8214.828689259506
2027,4,p30,Apache Junction Landfill,400193,Roger Road WWTP,AZ,29511.722804171557
2027,4,p30,Apache Junction Landfill,401076,Tech Park Solar,AZ,9056.581979097555
2027,4,p30,Apache Junction Landfill,400156,UASTP I,AZ,33623.82489155104
2027,4,p30,Apache Junction Landfill,401075,Valencia Solar,AZ,5734.309640025597
2027,4,p30,Apache Junction Landfill,404187,"Wilmot Energy Center, LLC",AZ,363.3473833052785
2027,4,p31,City of Clovis Landfill,400211,Alamogordo Solar Energy Center,NM,47152.221896996656
2027,4,p31,Northeastern New Mexico Regional Landfill,400206,Albuquerque Solar Energy Center,NM,66779.78541048907
2027,4,p31,Northeastern New Mexico Regional Landfill,403675,Alcalde Solar Array,NM,50541.792492797715
2027,4,p31,Apache Junction Landfill,401595,Alta Luna,NM,9172.758313690198
2027,4,p31,Northeastern New Mexico Regional Landfill,404724,Angel Fire Energy Facility,NM,3939.732121503081
2027,4,p31,Northeastern New Mexico Regional Landfill,405469,Arroyo Solar Energy Storage Hybrid,NM,679.0157804854607
2027,4,p31,Northeastern New Mexico Regional Landfill,403321,Bluewater CDEC 1,NM,85423.06826452132
2027,4,p31,Northeastern New Mexico Regional Landfill,403736,Britton Solar Energy Center,NM,2129.956213023865
2027,4,p31,City of Clovis Landfill,404981,Buena Vista Energy Center,NM,1946.412996020729
2027,4,p31,Northeastern New Mexico Regional Landfill,402876,CNMEC Solar Energy Center,NM,57284.64230528285
2027,4,p31,City of Clovis Landfill,402519,Carrizozo Solar,NM,55515.07500694629
2027,4,p31,Northeastern New Mexico Regional Landfill,401202,Cibola,NM,19599.710191769933
2027,4,p31,Northeastern New Mexico Regional Landfill,400104,Cimarron Solar Facility,NM,821.8258776003679
2027,4,p31,Apache Junction Landfill,402988,City of Gallup Solar,NM,32337.766440599175
2027,4,p31,Northeastern New Mexico Regional Landfill,403604,City of Rio Rancho WWTP,NM,154266.19066125408
2027,4,p31,Apache Junction Landfill,401225,City of Truth or Consequences PV,NM,154268.92095472562
2027,4,p31,Apache Junction Landfill,402177,Columbus Solar Project,NM,126469.17747253476
2027,4,p31,Northeastern New Mexico Regional Landfill,404748,"Cuba 2.5ac, LLC",NM,48472.602934188726
2027,4,p31,Apache Junction Landfill,400209,Deming Solar Energy Center,NM,31120.715870101605
2027,4,p31,Northeastern New Mexico Regional Landfill,403868,Encino Solar Energy Center,NM,2594.968610071279
2027,4,p31,Northeastern New Mexico Regional Landfill,401038,Eubank Landfill Solar Array,NM,101157.81407323774
2027,4,p31,Northeastern New Mexico Regional Landfill,402441,Facebook 1 Solar Energy Center,NM,14108.226647356587
2027,4,p31,Northeastern New Mexico Regional Landfill,402442,Facebook 2 Solar Energy Center,NM,13578.105905368287
2027,4,p31,Northeastern New Mexico Regional Landfill,402443,Facebook 3 Solar Energy Center,NM,15095.603205384154
2027,4,p31,Northeastern New Mexico Regional Landfill,403322,Grants CDEC 2,NM,57199.1362357943
2027,4,p31,Apache Junction Landfill,400216,"Hatch Solar Energy Center I, LLC",NM,53643.70193475852
2027,4,p31,City of Clovis Landfill,401617,Holloman Solar Facility,NM,46574.873649509245
2027,4,p31,Northeastern New Mexico Regional Landfill,406109,"Jicarilla Solar 1, LLC",NM,2804.3368363235236
2027,4,p31,Northeastern New Mexico Regional Landfill,400427,Kit Carson,NM,59593.39064879122
2027,4,p31,Northeastern New Mexico Regional Landfill,400210,Las Vegas Solar Energy Center,NM,10415.425918446264
2027,4,p31,Northeastern New Mexico Regional Landfill,400434,Los Alamos PV Site,NM,110658.1148423559
2027,4,p31,Northeastern New Mexico Regional Landfill,400207,Los Lunas Solar Energy Center,NM,28678.40995838353
2027,4,p31,Apache Junction Landfill,400838,Macho Springs,NM,6334.773190366148
2027,4,p31,Northeastern New Mexico Regional Landfill,400582,Manzano Solar,NM,19336.2175471725
2027,4,p31,Northeastern New Mexico Regional Landfill,401201,Meadow Lake Solar Energy Center,NM,23959.29495230645
2027,4,p31,Northeastern New Mexico Regional Landfill,406177,"NMRD Data Center III, LLC",NM,2558.0643107501373
2027,4,p31,City of Clovis Landfill,405693,NMSU Solar and Storage,NM,133849.2106125537
2027,4,p31,Northeastern New Mexico Regional Landfill,406375,OE_ESCL,NM,1081.6476976784402
2027,4,p31,City of Clovis Landfill,400581,Otero Solar,NM,34207.355568993305
2027,4,p31,Northeastern New Mexico Regional Landfill,400146,Questa Solar Facility,NM,127584.91920681423
2027,4,p31,Northeastern New Mexico Regional Landfill,403178,"RC Energy AA, LLC Solar Facility",NM,197187.32618208008
2027,4,p31,Northeastern New Mexico Regional Landfill,401566,Rio Communities Solar Energy Center,NM,24302.8244393363
2027,4,p31,Northeastern New Mexico Regional Landfill,403084,Rio De Oro Solar Energy Center,NM,20415.7035755404
2027,4,p31,Northeastern New Mexico Regional Landfill,400624,Rio Rancho High School,NM,150111.90507028124
2027,4,p31,City of Clovis Landfill,400135,Roadrunner Solar,NM,12765.062950370873
2027,4,p31,Northeastern New Mexico Regional Landfill,404648,"Route 66 Energy Center, LLC",NM,3871.563967193603
2027,4,p31,Northeastern New Mexico Regional Landfill,403387,San Miguel I Solar Energy Center,NM,4134.924165188893
2027,4,p31,Northeastern New Mexico Regional Landfill,405458,San Miguel II Solar Energy Center,NM,4571.422692518331
2027,4,p31,Northeastern New Mexico Regional Landfill,401161,Sandoval Solar Energy Center,NM,25964.92447607135
2027,4,p31,Northeastern New Mexico Regional Landfill,401564,Santa Fe Solar Energy Center,NM,14658.86201247304
2027,4,p31,Northeastern New Mexico Regional Landfill,401565,Santolina Solar Energy Center,NM,14590.25194630892
2027,4,p31,Apache Junction Landfill,400596,Silver City WWTP PV Project,NM,233192.16288290187
2027,4,p31,Northeastern New Mexico Regional Landfill,406343,Sky Ranch Solar,NM,793.7929930795706
2027,4,p31,Northeastern New Mexico Regional Landfill,401563,South Valley Solar Energy Center,NM,16610.52341036055
2027,4,p31,Northeastern New Mexico Regional Landfill,401162,Springer Solar 1,NM,24581.227309156526
2027,4,p31,Northeastern New Mexico Regional Landfill,400735,Storrie Lake Solar Project,NM,29667.446415433835
2027,4,p31,Northeastern New Mexico Regional Landfill,400623,Sue Cleveland High School,NM,146720.93512176292
2027,4,p31,City of Clovis Landfill,400343,"SunE EPE1, LLC",NM,46709.90582588877
2027,4,p31,City of Clovis Landfill,400342,"SunE EPE2, LLC",NM,20816.82304462882
2027,4,p31,Northeastern New Mexico Regional Landfill,402854,Syncarpha Eagle Nest,NM,53928.9999113186
2027,4,p31,Northeastern New Mexico Regional Landfill,403412,Syncarpha El Rito,NM,85342.84436580383
2027,4,p31,Northeastern New Mexico Regional Landfill,403413,Syncarpha Questa,NM,52509.00899928865
2027,4,p31,Northeastern New Mexico Regional Landfill,403411,Syncarpha Taos,NM,29692.000676058848
2027,4,p31,Northeastern New Mexico Regional Landfill,404618,Taos Mesa Energy Facility Hybrid,NM,4668.171130175683
2027,4,p31,Northeastern New Mexico Regional Landfill,403011,Vista Solar Energy Center,NM,15516.224254104929
2027,4,p31,City of Clovis Landfill,400354,WSMR I,NM,60950.35574347456
2027,4,p31,Apache Junction Landfill,405245,Wal-Mart Truth or Consequences PV,NM,472992.74847881135
2027,4,p47,City of Clovis Landfill,400979,"Caprock Solar 1, LLC",NM,2429.5496042739496
2027,4,p47,City of Clovis Landfill,404980,Chaves County Solar II,NM,2827.258672088586
2027,4,p47,City of Clovis Landfill,401681,"Chaves Solar, LLC",NM,1351.1474969349847
2027,4,p47,City of Clovis Landfill,400614,GSE NM1,NM,61641.467930339575
2027,4,p47,City of Clovis Landfill,404982,Hayhurst New Mexico Solar,NM,7326.600140920595
2027,4,p47,City of Clovis Landfill,402530,Middle Daisy,NM,21066.619881166287
2027,4,p47,City of Clovis Landfill,401682,"Roswell Solar, LLC",NM,1355.4479168490734
2027,4,p47,City of Clovis Landfill,400546,SEV NM Phase 2,NM,81656.97615323962
2027,4,p47,City of Clovis Landfill,400260,SPS1 Dollarhide,NM,16954.68986267784
2027,4,p47,City of Clovis Landfill,400261,SPS2 Jal,NM,14699.248751632049
2027,4,p47,City of Clovis Landfill,400262,SPS3 Lea,NM,16761.140285176458
2027,4,p47,City of Clovis Landfill,400264,SPS5 Hopi,NM,16729.06784615839
2027,4,p47,City of Clovis Landfill,404698,SoCore Clovis 1,NM,2727.3408981464163
2027,4,p48,City of Clovis Landfill,406439,"BESSP1, LLC",TX,396892.9001495733
2027,4,p48,City of Clovis Landfill,405590,"Hecate Energy Frye Solar, LLC",TX,768.488834970537
2027,4,p57,Victoria Landfill,404918,"Hecate Energy Upshur Rural, LLC",TX,23520.70214641422
2027,4,p59,City of Clovis Landfill,402666,Fort Bliss (DEA EPIC),TX,35759.75167715543
2027,4,p59,City of Clovis Landfill,401616,Montana Solar Facility,TX,26194.499521399015
2027,4,p59,City of Clovis Landfill,401045,Newman Solar,TX,6090.289395742655
2027,4,p60,City of Clovis Landfill,403962,"ANSON Solar Center, LLC",TX,581.7602259975815
2027,4,p60,City of Clovis Landfill,403883,Azure Sky Solar,TX,713.7294703233748
2027,4,p60,City of Clovis Landfill,403232,"ENGIE Long Draw Solar, LLC",TX,397.61766164321176
2027,4,p60,City of Clovis Landfill,406252,Highpeak Solar 1,TX,8881.78469529667
2027,4,p60,City of Clovis Landfill,402721,Holstein 1 Solar Farm,TX,814.3956327366665
2027,4,p60,City of Clovis Landfill,405492,Juno Solar Project,TX,296.84962987709844
2027,4,p60,City of Clovis Landfill,402541,Lamesa II,TX,1917.6679701886526
2027,4,p60,City of Clovis Landfill,401660,Lamesa Solar,TX,806.9032582047007
2027,4,p60,City of Clovis Landfill,405932,Lumina II Solar Project,TX,261.0483841885295
2027,4,p60,City of Clovis Landfill,405933,Lumina Solar Project,TX,274.57099382621203
2027,4,p60,City of Clovis Landfill,402909,Misae Solar,TX,390.68613775501876
2027,4,p60,City of Clovis Landfill,400968,"OCI Alamo 7, LLC",TX,1120.479062307843
2027,4,p60,City of Clovis Landfill,405939,Texas Solar Nova 1,TX,358.49640195868176
2027,4,p61,City of Clovis Landfill,400967,Alamo 6,TX,692.0680897321221
2027,4,p61,City of Clovis Landfill,403557,Aragorn Solar Project,TX,358.1998544868901
2027,4,p61,City of Clovis Landfill,400691,Barilla Solar,TX,2478.550574202084
2027,4,p61,City of Clovis Landfill,401946,Bluebell Solar,TX,3655.61508188223
2027,4,p61,City of Clovis Landfill,403574,Bluebell Solar II,TX,803.4123623968613
2027,4,p61,City of Clovis Landfill,400554,"Bryan Solar, LLC",TX,9321.434056206894
2027,4,p61,City of Clovis Landfill,401463,Buckthorn Westex,TX,543.6652196859027
2027,4,p61,City of Clovis Landfill,401703,East Pecos Solar,TX,722.740274653197
2027,4,p61,Victoria Landfill,405363,Galloway 1 Solar Farm,TX,699.6158479644901
2027,4,p61,Victoria Landfill,405494,Galloway 2 Solar Farm,TX,794.6810198567922
2027,4,p61,City of Clovis Landfill,403210,Greasewood,TX,343.4139399011312
2027,4,p61,City of Clovis Landfill,406370,Hayhurst Texas Solar,TX,2659.748432477896
2027,4,p61,City of Clovis Landfill,402304,Midway Solar-TX,TX,381.2149850302975
2027,4,p61,Victoria Landfill,400695,"OCI Alamo 4, LLC",TX,2297.937580184608
2027,4,p61,City of Clovis Landfill,401868,Pearl Solar,TX,1988.0910902536975
2027,4,p61,City of Clovis Landfill,402290,RE Maplewood,TX,358.57405513183556
2027,4,p61,City of Clovis Landfill,401430,RE Roserock,TX,637.2013931984882
2027,4,p61,City of Clovis Landfill,402848,Rambler,TX,453.4789921930139
2027,4,p61,City of Clovis Landfill,402083,Solaire Holman Solar Project,TX,1514.0615241954024
2027,4,p61,City of Clovis Landfill,403023,"Taygete Energy Project, LLC",TX,324.3038572372873
2027,4,p61,City of Clovis Landfill,404647,Taygete II Energy Project,TX,469.3930027707006
2027,4,p61,City of Clovis Landfill,403551,Titan Solar Project,TX,496.75453150905673
2027,4,p61,Victoria Landfill,406103,Zier Solar,TX,490.6083543474745
2027,4,p62,City of Clovis Landfill,403502,2W Permian Solar Project Hybrid,TX,404.8587629397033
2027,4,p62,City of Clovis Landfill,403697,CED Crane Solar,TX,624.8560631415521
2027,4,p62,City of Clovis Landfill,401525,Castle Gap Solar Hybrid,TX,532.8813887750762
2027,4,p62,City of Clovis Landfill,404599,Emerald Grove,TX,787.0496960710375
2027,4,p62,City of Clovis Landfill,403004,Lapetus,TX,582.3728525831093
2027,4,p62,City of Clovis Landfill,403280,Oberon IA,TX,538.7253147860629
2027,4,p62,City of Clovis Landfill,403279,Oberon IB,TX,1982.742350015273
2027,4,p62,City of Clovis Landfill,403602,Oxy Renewable Energy-Goldsmith,TX,2797.483802809729
2027,4,p62,City of Clovis Landfill,402679,Phoebe Solar,TX,313.2627259800001
2027,4,p62,City of Clovis Landfill,403177,Prospero Solar,TX,216.69564885957212
2027,4,p62,City of Clovis Landfill,404128,Prospero Solar II,TX,385.78195154044033
2027,4,p62,City of Clovis Landfill,403070,"Roadrunner, LLC",TX,412.80311203259646
2027,4,p62,City of Clovis Landfill,401805,Upton County Solar,TX,904.4290744988905
2027,4,p62,City of Clovis Landfill,402995,West of the Pecos Solar,TX,647.9080348031821
2027,4,p63,Victoria Landfill,405599,"BPL Crown Solar, LLC",TX,1297.7423995845404
2027,4,p63,Victoria Landfill,404966,BPL Files Solar,TX,1253.0096645790752
2027,4,p63,Victoria Landfill,403825,Briar Creek Solar 1,TX,1312.3830352773828
2027,4,p63,Victoria Landfill,402610,Chisum,TX,21362.29544622577
2027,4,p63,Victoria Landfill,401697,CoServ Community Solar Station,TX,215081.75803691323
2027,4,p63,Victoria Landfill,403188,Coniglio Solar,TX,2477.0550097768523
2027,4,p63,Victoria Landfill,406415,Dileo Solar,TX,2120.8864591134843
2027,4,p63,Victoria Landfill,402655,Eddy II,TX,49243.399650673935
2027,4,p63,Victoria Landfill,406221,Eiffel Solar Project,TX,1191.5868462820658
2027,4,p63,Victoria Landfill,405540,"Ellis Solar, LLC",TX,3014.8891327110255
2027,4,p63,Victoria Landfill,403823,Elm Branch Solar 1,TX,1472.2944699918974
2027,4,p63,Victoria Landfill,406206,Five Wells Solar Center - Hybrid,TX,470.78927373165834
2027,4,p63,Victoria Landfill,404567,G.S.E. One LLC,TX,3201.762066580509
2027,4,p63,Victoria Landfill,403288,Griffin Solar,TX,34936.32819046235
2027,4,p63,Victoria Landfill,406202,Grizzly Ridge Solar,TX,1584.321248337183
2027,4,p63,Victoria Landfill,402329,Highway 56 Solar,TX,34975.378009919565
2027,4,p63,Victoria Landfill,405319,IKEA Grand Prairie Rooftop PV System,TX,250464.39195895242
2027,4,p63,Victoria Landfill,405689,"IP Radian, LLC",TX,515.1530616347505
2027,4,p63,Victoria Landfill,403481,Impact Solar 1,TX,1386.4833299175525
2027,4,p63,Victoria Landfill,403190,Kellam Solar,TX,2795.2034419603538
2027,4,p63,Victoria Landfill,402421,Leon Solar,TX,33913.31077077778
2027,4,p63,Victoria Landfill,403874,Lily Solar Hybrid,TX,1299.9357543401286
2027,4,p63,Victoria Landfill,402404,Marlin Solar,TX,26310.168351555614
2027,4,p63,Victoria Landfill,405794,Noble Solar,TX,1114.5326660970873
2027,4,p63,Victoria Landfill,402405,North Gainesville Solar,TX,35958.82607939834
2027,4,p63,Victoria Landfill,401933,Phantom Solar,TX,10449.820473554611
2027,4,p63,Victoria Landfill,404872,"Pisgah Ridge Solar, LLC",TX,1024.4506327019787
2027,4,p63,Victoria Landfill,406416,Pitts Dudik Solar,TX,3087.406924125061
2027,4,p63,Victoria Landfill,403189,Rippey Solar,TX,3456.4778856668313
2027,4,p63,Victoria Landfill,404630,"Samson Solar Energy III, LLC",TX,1121.0466928036767
2027,4,p63,Victoria Landfill,402652,Sterling Solar (TX),TX,18916.3923260947
2027,4,p63,Victoria Landfill,404812,Sun Valley Solar Project,TX,587.5696094617045
2027,4,p63,Victoria Landfill,404388,"TPE Erath Solar, LLC",TX,14269.227021255103
2027,4,p63,Victoria Landfill,403457,"TPE Whitney Solar, LLC",TX,14470.41309679079
2027,4,p63,Victoria Landfill,405984,Waco Solar,TX,531.4214127617857
2027,4,p63,Victoria Landfill,402306,Walnut Springs Solar,TX,37274.13456038557
2027,4,p63,Victoria Landfill,402497,West Moore Solar II,TX,370707.01564940176
2027,4,p63,Victoria Landfill,402330,Whitesboro Solar,TX,370172.3071548671
2027,4,p63,Victoria Landfill,402414,Whitewright Solar,TX,60545.67699081511
2027,4,p63,Victoria Landfill,402654,Yellow Jacket,TX,41433.60216726355
2027,4,p64,Victoria Landfill,405731,Austin TX GigaFactory,TX,19684.864691867155
2027,4,p64,Victoria Landfill,402203,Bandera Electric Coop PV,TX,36595.28692945506
2027,4,p64,Victoria Landfill,404721,"Blue Jay Solar I, LLC",TX,319.561583682139
2027,4,p64,Victoria Landfill,402648,Bovine,TX,2477.927664563858
2027,4,p64,Victoria Landfill,402389,"E-Volve Energy Holdings, LLC",TX,19718.322581678894
2027,4,p64,Victoria Landfill,400227,East Blackland Solar Project 1,TX,423.4344663386724
2027,4,p64,Victoria Landfill,405101,IKEA Round Rock 027,TX,28991.842493915978
2027,4,p64,Victoria Landfill,402653,Lampwick,TX,9606.598283594732
2027,4,p64,Victoria Landfill,405613,Niagara Bottling - Seguin,TX,6809.886064606052
2027,4,p64,Victoria Landfill,402544,PowerFin Kingsbery,TX,13503.906484807025
2027,4,p64,Victoria Landfill,400249,Webberville Solar Project,TX,1447.0462158166072
2027,4,p65,Victoria Landfill,405700,Aktina Solar,TX,832.5697236783691
2027,4,p65,Victoria Landfill,404074,"Alexis Solar, LLC",TX,99169.82965287892
2027,4,p65,Victoria Landfill,405727,Bernard Creek Solar,TX,2846.4302101741196
2027,4,p65,Victoria Landfill,400081,Blue Wing Solar Energy Generation,TX,45445.60075871396
2027,4,p65,Victoria Landfill,405477,Brightside,TX,10583.356802370574
2027,4,p65,Victoria Landfill,401728,CPS 1 Community Solar,TX,731271.6803025226
2027,4,p65,Victoria Landfill,402656,Cascade Solar (TX),TX,40380.454005636006
2027,4,p65,Victoria Landfill,403987,Catan Solar,TX,31360.579671594543
2027,4,p65,Victoria Landfill,403091,Commerce Solar,TX,145678.1353898159
2027,4,p65,Victoria Landfill,404247,"Corazon Energy, LLC",TX,5080.023743137372
2027,4,p65,Victoria Landfill,404062,Elara Solar,TX,6729.137402448427
2027,4,p65,Victoria Landfill,404359,FELPS 1-Calaveras,TX,703776.4352330414
2027,4,p65,Victoria Landfill,404361,FELPS 2-Calaveras,TX,804899.0608200785
2027,4,p65,Victoria Landfill,404362,FELPS 3-Floresville South,TX,496818.03621227934
2027,4,p65,Victoria Landfill,404363,FELPS 4-Floresville South,TX,496892.30100017815
2027,4,p65,Victoria Landfill,404364,FELPS 5-Floresville South,TX,497023.4182002795
2027,4,p65,Victoria Landfill,404739,FELPS 6- Floresville West,TX,660457.0772982722
2027,4,p65,Victoria Landfill,404740,FELPS 7- Floresville West,TX,880454.9246106292
2027,4,p65,Victoria Landfill,406516,Ganado Solar,TX,1610.4714267671716
2027,4,p65,Victoria Landfill,405801,Horizon Solar,TX,4313.637853188974
2027,4,p65,Victoria Landfill,405380,IKEA Live Oak Rooftop PV System,TX,489869.2057669226
2027,4,p65,Victoria Landfill,403343,Mars Solar,TX,154542.08738890878
2027,4,p65,Victoria Landfill,404877,Nebula Solar,TX,12627.248106648065
2027,4,p65,Victoria Landfill,400694,"OCI Alamo 2, LLC",TX,162069.24612793108
2027,4,p65,Victoria Landfill,400965,"OCI Alamo 3, LLC",TX,143912.3011880295
2027,4,p65,Victoria Landfill,400966,"OCI Alamo 5, LLC",TX,12864.737236026927
2027,4,p65,Victoria Landfill,400593,OCI Alamo Solar I Hybrid,TX,15786.33974659108
2027,4,p65,Victoria Landfill,405809,Shakes Solar,TX,5487.687838844925
2027,4,p65,Victoria Landfill,405545,Sparta Solar,TX,2394.099828679901
2027,4,p65,Victoria Landfill,400379,"SunE CPS1, LLC",TX,70249.28703132141
2027,4,p65,Victoria Landfill,400364,"SunE CPS2, LLC",TX,90693.97529749508
2027,4,p65,Victoria Landfill,400353,"SunE CPS3, LLC",TX,74915.63878829814
2027,4,p65,Victoria Landfill,406032,Tres Bahias,TX,1060.1653060919195
2027,4,p65,Victoria Landfill,404878,Vancourt Solar Interconnections,TX,26280.85440487476
2027,4,p66,Victoria Landfill,406386,Umbriel Solar,TX,3192.733581493174
2027,4,p67,Victoria Landfill,404939,Brazoria County Solar Project (Danciger),TX,436.2722412087592
2027,4,p67,Victoria Landfill,404681,Brazoria West,TX,426.1180963059833
2027,4,p67,Victoria Landfill,402649,Bronson,TX,6456.761276764019
2027,4,p67,Victoria Landfill,406178,"Cutlass Solar 1, LLC",TX,673.4936281712753
2027,4,p67,Victoria Landfill,404587,Fighting Jays Solar Project,TX,475.3695169077241
2027,4,p67,Victoria Landfill,405564,"Fort Bend Solar, LLC",TX,394.56125906825275
2027,4,p67,Victoria Landfill,404853,"Longbow Solar, LLC",TX,1520.1071258463492
2027,4,p67,Victoria Landfill,403514,Wagyu,TX,676.537910408506
2028,1,p12,Apex Regional Landfill,402144,Battle Mountain Solar Project,NV,812.8063980443047
2028,1,p12,Apex Regional Landfill,405553,Dodge Flat,NV,1792.8413083604416
2028,1,p12,Apex Regional Landfill,402609,"EGP Stillwater Solar PV II, LLC",NV,3527.6254481647097
2028,1,p12,Apex Regional Landfill,404659,Fish Springs,NV,1364.8394323501548
2028,1,p12,Apex Regional Landfill,401086,Ft. Churchill PV,NV,11675.783160341445
2028,1,p12,Apex Regional Landfill,402130,Luning Energy,NV,1036.4289026457045
2028,1,p12,Apex Regional Landfill,403107,NVSS-II,NV,777.0960817041324
2028,1,p12,Apex Regional Landfill,400468,"Patua Acquisition Project, LLC",NV,7930.603763691704
2028,1,p12,Apex Regional Landfill,405023,Steamboat II,NV,64016.72136625169
2028,1,p12,Apex Regional Landfill,400029,Stillwater Facility,NV,3641.5567349068147
2028,1,p12,Apex Regional Landfill,401318,Sunshine Valley Solar,NV,239.9581402668837
2028,1,p12,Apex Regional Landfill,405026,TS Power Plant,NV,732.9776751363565
2028,1,p12,Apex Regional Landfill,405576,Tesla Reno GigaFactory,NV,51763.48813838453
2028,1,p12,Apex Regional Landfill,401943,Tungsten Mountain,NV,8943.27068265792
2028,1,p12,Apex Regional Landfill,403308,Turquoise Liberty Solar,NV,11772.828462292393
2028,1,p12,Apex Regional Landfill,403884,"Turquoise Nevada, LLC",NV,2629.7825665023606
2028,1,p12,Apex Regional Landfill,400035,Western 102 Power Plant,NV,350374.78401599097
2028,1,p13,Apex Regional Landfill,400555,Apex Solar PV Power Project,NV,794.4357833958466
2028,1,p13,Apex Regional Landfill,405385,Arrow Canyon Solar Hybrid,NV,342.6045106205173
2028,1,p13,Apex Regional Landfill,402017,"Boulder Solar II, LLC",NV,309.6889090320976
2028,1,p13,Apex Regional Landfill,401649,"Boulder Solar Power, LLC",NV,179.3988501503769
2028,1,p13,Apex Regional Landfill,400059,CM10,NV,2146.9896207982533
2028,1,p13,Apex Regional Landfill,400086,CM48,NV,359.51019881133743
2028,1,p13,Apex Regional Landfill,400363,Copper Mountain Solar 2,NV,155.10966286167042
2028,1,p13,Apex Regional Landfill,400802,Copper Mountain Solar 3,NV,93.69927898786176
2028,1,p13,Apex Regional Landfill,401308,"Copper Mountain Solar 4, LLC",NV,206.8974995131994
2028,1,p13,Apex Regional Landfill,403688,"Copper Mountain Solar 5, LLC",NV,117.61889976411557
2028,1,p13,Apex Regional Landfill,405358,Dignity - San Martin,NV,6175.388497191066
2028,1,p13,Apex Regional Landfill,405355,Dignity - Siena Campus,NV,4569.969743511351
2028,1,p13,Apex Regional Landfill,405556,Dry Lake Solar Energy Center,NV,171.75139708681448
2028,1,p13,Apex Regional Landfill,405495,Gemini Solar,NV,115.55341097140557
2028,1,p13,Apex Regional Landfill,403386,"Harry Allen Solar Energy, LLC",NV,171.40597082599893
2028,1,p13,Apex Regional Landfill,406090,IGS LAS1,NV,8230.325821655522
2028,1,p13,Apex Regional Landfill,406089,IGS VGT,NV,5176.663827275775
2028,1,p13,Apex Regional Landfill,405309,IKEA Las Vegas 462,NV,9027.423582183243
2028,1,p13,Apex Regional Landfill,400545,Las Vegas WPCF Solar Plant,NV,964.9919326460898
2028,1,p13,Apex Regional Landfill,400313,Moapa Southern Paiute,NV,122.95423136930863
2028,1,p13,Apex Regional Landfill,400600,Mountain View Solar,NV,793.1569893959776
2028,1,p13,Apex Regional Landfill,400036,Nellis Air Force Base Solar Array,NV,521.56018475123
2028,1,p13,Apex Regional Landfill,401381,Nellis Solar PV II,NV,239.9727710977444
2028,1,p13,Apex Regional Landfill,401319,"Playa Solar 1, LLC",NV,197.45874278764379
2028,1,p13,Apex Regional Landfill,401596,Playa Solar 2,NV,168.1824094592586
2028,1,p13,Apex Regional Landfill,401274,River Mountains Solar,NV,689.7205066230711
2028,1,p13,Mohave Valley Landfill,401042,Searchlight Solar,NV,1666.7684320138417
2028,1,p13,Apex Regional Landfill,400166,Silver State Solar Power North,NV,752.1557577320211
2028,1,p13,Apex Regional Landfill,400658,Silver State Solar Power South,NV,148.64592729811585
2028,1,p13,Apex Regional Landfill,405246,"Solar Las Vegas MB 2, LLC",NV,2736.504471241422
2028,1,p13,Apex Regional Landfill,405188,Solar Las Vegas MB-1,NV,1158.5499064353783
2028,1,p13,Apex Regional Landfill,400556,Spectrum Solar PV Power Project,NV,319.0724661192147
2028,1,p13,Apex Regional Landfill,402485,"Techren Solar I, LLC",NV,174.4613029870799
2028,1,p13,Apex Regional Landfill,402690,"Techren Solar II, LLC",NV,109.7293562069993
2028,1,p13,Apex Regional Landfill,402691,"Techren Solar III, LLC",NV,684.3884591633765
2028,1,p13,Apex Regional Landfill,402692,"Techren Solar IV, LLC",NV,559.8205217795387
2028,1,p13,Apex Regional Landfill,403001,Techren Solar V,NV,277.07326655486673
2028,1,p13,Apex Regional Landfill,401851,Townsite Solar Project Hybrid,NV,116.54182299706154
2028,1,p13,Apex Regional Landfill,406448,Yellow Pine II,NV,422.2636200784911
2028,1,p13,Apex Regional Landfill,404971,Yellow Pine Solar,NV,437.6134289296848
2028,1,p27,Mohave Valley Landfill,400374,"Black Mountain Solar, LLC",AZ,522.0843807394546
2028,1,p27,Mohave Valley Landfill,402236,Gray Hawk Solar,AZ,191.58327586429647
2028,1,p27,Mohave Valley Landfill,401819,Jacobson 5 MW Solar,AZ,1373.132153552429
2028,1,p27,Mohave Valley Landfill,400199,La Senita,AZ,5048.25011899819
2028,1,p27,Mohave Valley Landfill,403718,Mohave Electric Cooperative at Joy Lane,AZ,101.37322521646298
2028,1,p27,Mohave Valley Landfill,401311,Mohave Electric at Fort Mohave,AZ,183.5051075746851
2028,1,p27,Mohave Valley Landfill,406478,Mohave Energy - Hybrid,AZ,64.5705419302765
2028,1,p28,Apache Junction Landfill,405418,AZ State University - Tempe Campus Solar,AZ,8916.073743979752
2028,1,p28,South Yuma County Landfill,400148,Agua Caliente Solar Project,AZ,227.7089809322953
2028,1,p28,Apache Junction Landfill,402067,Apache Solar 1,AZ,4031.1683529111415
2028,1,p28,South Yuma County Landfill,400274,Arizona Western College PV,AZ,1177.86983482737
2028,1,p28,Apache Junction Landfill,400240,Arlington Valley Solar Energy II,AZ,401.3886834676849
2028,1,p28,Apache Junction Landfill,400437,Badger 1,AZ,2801.8504195713213
2028,1,p28,Apache Junction Landfill,401688,Bonnybrooke PV,AZ,425.93805317766925
2028,1,p28,Apache Junction Landfill,400371,Buckeye Union HS District 201,AZ,14358.935078281278
2028,1,p28,Apache Junction Landfill,405635,"Central Line Solar, LLC",AZ,379.74540176796563
2028,1,p28,Apache Junction Landfill,400201,Chino Solar Valley,AZ,4451.277170820274
2028,1,p28,Apache Junction Landfill,400202,Cotton Center Solar Hybrid,AZ,2275.2458337807525
2028,1,p28,Apache Junction Landfill,401069,Desert Star Hybrid,AZ,4151.459160084319
2028,1,p28,Apache Junction Landfill,403257,East Line Solar,AZ,293.6778831297
2028,1,p28,Apache Junction Landfill,406171,Eleven Mile Solar Center,AZ,116.59961964416802
2028,1,p28,Apache Junction Landfill,405244,Estrella Mountain PV,AZ,14587.073668011613
2028,1,p28,South Yuma County Landfill,400349,Foothills Solar Plant Hybrid,AZ,252.45858840100905
2028,1,p28,Apache Junction Landfill,400825,Fort Huachuca Solar PV Project,AZ,6393.437116111248
2028,1,p28,Apache Junction Landfill,400845,Gila Bend Hybrid,AZ,1471.6709959889413
2028,1,p28,Apache Junction Landfill,400599,"Gilbert Solar Facility I, LLC",AZ,3880.675806513149
2028,1,p28,South Yuma County Landfill,400507,Hyder II Hybrid,AZ,3145.6976010604153
2028,1,p28,South Yuma County Landfill,400204,Hyder Solar Hybrid,AZ,2778.1277062893214
2028,1,p28,Apache Junction Landfill,405282,Intel - Ocotillo Campus Solar,AZ,3227.915214803596
2028,1,p28,Apache Junction Landfill,405125,Jewish Community Center PV,AZ,23231.9161494331
2028,1,p28,Apache Junction Landfill,402234,Kayenta Solar Project,AZ,2767.9023029923337
2028,1,p28,Apache Junction Landfill,400595,Lake Pleasant WTP,AZ,5277.062552413556
2028,1,p28,Apache Junction Landfill,400128,Luke Solar,AZ,4962.754350176553
2028,1,p28,Apache Junction Landfill,405068,Macys Goodyear,AZ,11318.552872892631
2028,1,p28,South Yuma County Landfill,406279,McFarland A Solar and Storage,AZ,253.25853715895408
2028,1,p28,Apache Junction Landfill,405617,Mesa Carport PV,AZ,616.5272087950211
2028,1,p28,Apache Junction Landfill,404512,Mesa Solar Array,AZ,792.813078381946
2028,1,p28,Apache Junction Landfill,400250,Mesquite Solar 1,AZ,691.8161347851507
2028,1,p28,Apache Junction Landfill,401621,"Mesquite Solar 2, LLC",AZ,482.9939009216794
2028,1,p28,Apache Junction Landfill,401622,"Mesquite Solar 3, LLC",AZ,462.5405474114968
2028,1,p28,Apache Junction Landfill,406038,"Mesquite Solar 4, LLC",AZ,1091.0067205042328
2028,1,p28,Apache Junction Landfill,404922,"Mesquite Solar 5, LLC",AZ,855.549502862262
2028,1,p28,Mohave Valley Landfill,403572,OE_AZ1,AZ,2122.764986262811
2028,1,p28,Apache Junction Landfill,400203,Paloma Solar Hybrid,AZ,2452.5207655260683
2028,1,p28,Apache Junction Landfill,405126,Paradise Valley H.S. PV,AZ,17417.62012561523
2028,1,p28,Apache Junction Landfill,405150,Phoenix Airport East Economy Lot,AZ,16526.224555102694
2028,1,p28,Apache Junction Landfill,405151,Phoenix Airport Rental Car Center,AZ,20547.65021830728
2028,1,p28,Apache Junction Landfill,402528,Pinal Central Energy Center Hybrid,AZ,976.3292700023965
2028,1,p28,Apache Junction Landfill,400125,"Poseidon Solar, LLC",AZ,492.3023465029655
2028,1,p28,Apache Junction Landfill,400031,Prescott Airport,AZ,18931.952602510508
2028,1,p28,Apache Junction Landfill,400401,Prescott Solar Plant,AZ,5531.7977457770985
2028,1,p28,Apache Junction Landfill,400323,Queen Creek Solar Farm,AZ,286.18830787709425
2028,1,p28,Mohave Valley Landfill,400289,"RE Bagdad Solar I, LLC",AZ,4287.498445607425
2028,1,p28,Apache Junction Landfill,405132,"RE Gillespie 1, LLC",AZ,2535.635449318683
2028,1,p28,Apache Junction Landfill,400758,Red Horse 2,AZ,1269.9171008386352
2028,1,p28,Apache Junction Landfill,401609,Red Horse III,AZ,2058.712146677979
2028,1,p28,Apache Junction Landfill,401726,Red Rock,AZ,840.8586486286893
2028,1,p28,Apache Junction Landfill,406380,SR McNeal,AZ,4546.808941460965
2028,1,p28,Apache Junction Landfill,400416,Saddle Mountain Solar I,AZ,3915.6634522112117
2028,1,p28,Apache Junction Landfill,403674,Saint Solar,AZ,323.77880300154845
2028,1,p28,Apache Junction Landfill,401214,Sandstone Solar,AZ,445.2173677630628
2028,1,p28,Apache Junction Landfill,405029,Solana Generating Station,AZ,294.19947034417214
2028,1,p28,Apache Junction Landfill,406275,Sonoran Solar Energy,AZ,128.5587583121833
2028,1,p28,Apache Junction Landfill,406034,Storey Solar and Storage,AZ,210.48831184119507
2028,1,p28,Apache Junction Landfill,401664,Sulphur Springs,AZ,3510.5983732672453
2028,1,p28,Apache Junction Landfill,403643,Sun Streams 2,AZ,385.40826244335864
2028,1,p28,Apache Junction Landfill,406517,Sun Streams 3,AZ,254.08960337845272
2028,1,p28,Apache Junction Landfill,401975,"Sun Streams, LLC",AZ,481.37809031042724
2028,1,p28,Apache Junction Landfill,405311,T0588 Phoenix - AZ,AZ,18235.21086924854
2028,1,p28,Apache Junction Landfill,405134,Union HS at Casa Grande,AZ,12234.892552561105
2028,1,p28,Apache Junction Landfill,405135,Vista Grande HS at Casa Grande,AZ,16920.842966625733
2028,1,p28,Apache Junction Landfill,400334,Walmart Casa Grande,AZ,12756.872747273032
2028,1,p28,Apache Junction Landfill,406098,"West Line Solar, LLC",AZ,451.00888912904725
2028,1,p29,Apache Junction Landfill,400014,Springerville,AZ,5653.105526859102
2028,1,p30,Apache Junction Landfill,405143,Actus Lend Lease DMAFB,AZ,14187.0627852406
2028,1,p30,Apache Junction Landfill,405611,Amazon TUS2,AZ,15142.49468905501
2028,1,p30,Apache Junction Landfill,405268,Amphitheater High School Solar,AZ,27418.68221181491
2028,1,p30,Apache Junction Landfill,400939,Avalon Solar,AZ,1451.2168036446144
2028,1,p30,Apache Junction Landfill,401479,Avalon Solar II,AZ,2291.8689432654205
2028,1,p30,Apache Junction Landfill,400226,Avra Valley Solar,AZ,1146.920842413169
2028,1,p30,Apache Junction Landfill,404704,Broadway 2 - Tucson Phase II,AZ,11015.947368203699
2028,1,p30,Apache Junction Landfill,405768,Broadway 3 - Tucson Phase I,AZ,26296.1882359163
2028,1,p30,Apache Junction Landfill,405269,Canyon Del Oro High School Solar,AZ,7189.085403256993
2028,1,p30,Apache Junction Landfill,400757,Cogenra-TEP,AZ,32213.029281953815
2028,1,p30,Apache Junction Landfill,401295,Davis Monthan AFB (AZ) West Airfield,AZ,3028.4134252956023
2028,1,p30,Apache Junction Landfill,400330,FRB Solar Farm,AZ,16873.033998828625
2028,1,p30,Apache Junction Landfill,400761,"Gato Montes Solar, LLC",AZ,8062.840135339155
2028,1,p30,Apache Junction Landfill,404536,Iron Horse Battery Storage Hybrid,AZ,22991.728645887433
2028,1,p30,Apache Junction Landfill,400552,"Picture Rocks Solar, LLC",AZ,11820.482815939775
2028,1,p30,Apache Junction Landfill,405374,Pima Community College,AZ,35096.05737720297
2028,1,p30,Apache Junction Landfill,405303,Pima Community College - East Campus,AZ,25583.05886605702
2028,1,p30,Apache Junction Landfill,405516,Pima Community College NW,AZ,24490.929138404765
2028,1,p30,Apache Junction Landfill,400408,Prairie Fire,AZ,8878.978533187965
2028,1,p30,Apache Junction Landfill,400290,"RE Ajo 1, LLC",AZ,7603.088125682897
2028,1,p30,Apache Junction Landfill,404926,Raptor Ridge,AZ,2781.2413401129547
2028,1,p30,Apache Junction Landfill,400857,Rio Rico Solar,AZ,9235.895147916945
2028,1,p30,Apache Junction Landfill,400193,Roger Road WWTP,AZ,29511.722804171557
2028,1,p30,Apache Junction Landfill,401076,Tech Park Solar,AZ,7930.2963592103615
2028,1,p30,Apache Junction Landfill,400156,UASTP I,AZ,33623.82489155104
2028,1,p30,Apache Junction Landfill,401075,Valencia Solar,AZ,4921.736408593369
2028,1,p30,Apache Junction Landfill,404187,"Wilmot Energy Center, LLC",AZ,363.3473833052785
2028,1,p31,City of Clovis Landfill,400211,Alamogordo Solar Energy Center,NM,53885.77024961046
2028,1,p31,Northeastern New Mexico Regional Landfill,400206,Albuquerque Solar Energy Center,NM,66779.78541048907
2028,1,p31,Northeastern New Mexico Regional Landfill,403675,Alcalde Solar Array,NM,37914.96718957328
2028,1,p31,Apache Junction Landfill,401595,Alta Luna,NM,8260.112184321175
2028,1,p31,Northeastern New Mexico Regional Landfill,404724,Angel Fire Energy Facility,NM,3939.732121503081
2028,1,p31,Northeastern New Mexico Regional Landfill,405469,Arroyo Solar Energy Storage Hybrid,NM,679.0157804854607
2028,1,p31,Northeastern New Mexico Regional Landfill,403321,Bluewater CDEC 1,NM,85423.06826452132
2028,1,p31,Northeastern New Mexico Regional Landfill,403736,Britton Solar Energy Center,NM,2129.956213023865
2028,1,p31,City of Clovis Landfill,404981,Buena Vista Energy Center,NM,2160.7496146119206
2028,1,p31,Northeastern New Mexico Regional Landfill,402876,CNMEC Solar Energy Center,NM,57284.64230528285
2028,1,p31,City of Clovis Landfill,402519,Carrizozo Solar,NM,71371.55831501665
2028,1,p31,Northeastern New Mexico Regional Landfill,401202,Cibola,NM,24491.014919737416
2028,1,p31,Northeastern New Mexico Regional Landfill,400104,Cimarron Solar Facility,NM,821.8258776003679
2028,1,p31,Apache Junction Landfill,402988,City of Gallup Solar,NM,36950.83350068476
2028,1,p31,Northeastern New Mexico Regional Landfill,403604,City of Rio Rancho WWTP,NM,134987.22823858476
2028,1,p31,Apache Junction Landfill,401225,City of Truth or Consequences PV,NM,176300.72437397216
2028,1,p31,Apache Junction Landfill,402177,Columbus Solar Project,NM,126469.17747253476
2028,1,p31,Northeastern New Mexico Regional Landfill,404748,"Cuba 2.5ac, LLC",NM,48472.602934188726
2028,1,p31,Apache Junction Landfill,400209,Deming Solar Energy Center,NM,27668.002664534757
2028,1,p31,Northeastern New Mexico Regional Landfill,403868,Encino Solar Energy Center,NM,3326.533561548788
2028,1,p31,Northeastern New Mexico Regional Landfill,401038,Eubank Landfill Solar Array,NM,86711.62510276091
2028,1,p31,Northeastern New Mexico Regional Landfill,402441,Facebook 1 Solar Energy Center,NM,14108.226647356587
2028,1,p31,Northeastern New Mexico Regional Landfill,402442,Facebook 2 Solar Energy Center,NM,13578.105905368287
2028,1,p31,Northeastern New Mexico Regional Landfill,402443,Facebook 3 Solar Energy Center,NM,16978.242196069674
2028,1,p31,Northeastern New Mexico Regional Landfill,403322,Grants CDEC 2,NM,50053.55561630751
2028,1,p31,Apache Junction Landfill,400216,"Hatch Solar Energy Center I, LLC",NM,53643.70193475852
2028,1,p31,City of Clovis Landfill,401617,Holloman Solar Facility,NM,53225.943681053424
2028,1,p31,Northeastern New Mexico Regional Landfill,406109,"Jicarilla Solar 1, LLC",NM,3112.097453703915
2028,1,p31,Northeastern New Mexico Regional Landfill,400427,Kit Carson,NM,67038.25306990262
2028,1,p31,Northeastern New Mexico Regional Landfill,400210,Las Vegas Solar Energy Center,NM,8339.23899073701
2028,1,p31,Northeastern New Mexico Regional Landfill,400434,Los Alamos PV Site,NM,98366.60111319409
2028,1,p31,Northeastern New Mexico Regional Landfill,400207,Los Lunas Solar Energy Center,NM,22313.094696498298
2028,1,p31,Apache Junction Landfill,400838,Macho Springs,NM,4448.2303392563035
2028,1,p31,Northeastern New Mexico Regional Landfill,400582,Manzano Solar,NM,21748.93333058155
2028,1,p31,Northeastern New Mexico Regional Landfill,401201,Meadow Lake Solar Energy Center,NM,17978.094034204834
2028,1,p31,Northeastern New Mexico Regional Landfill,406177,"NMRD Data Center III, LLC",NM,2558.0643107501373
2028,1,p31,City of Clovis Landfill,405693,NMSU Solar and Storage,NM,100391.2538165903
2028,1,p31,Northeastern New Mexico Regional Landfill,406375,OE_ESCL,NM,1212.5422499007452
2028,1,p31,City of Clovis Landfill,400581,Otero Solar,NM,34207.355568993305
2028,1,p31,Northeastern New Mexico Regional Landfill,400146,Questa Solar Facility,NM,79753.50873422138
2028,1,p31,Northeastern New Mexico Regional Landfill,403178,"RC Energy AA, LLC Solar Facility",NM,147899.11745653502
2028,1,p31,Northeastern New Mexico Regional Landfill,401566,Rio Communities Solar Energy Center,NM,16213.38005285753
2028,1,p31,Northeastern New Mexico Regional Landfill,403084,Rio De Oro Solar Energy Center,NM,14301.339886848278
2028,1,p31,Northeastern New Mexico Regional Landfill,400624,Rio Rancho High School,NM,133436.63687134997
2028,1,p31,City of Clovis Landfill,400135,Roadrunner Solar,NM,12765.062950370873
2028,1,p31,Northeastern New Mexico Regional Landfill,404648,"Route 66 Energy Center, LLC",NM,4351.198053105302
2028,1,p31,Northeastern New Mexico Regional Landfill,403387,San Miguel I Solar Energy Center,NM,5160.032386511117
2028,1,p31,Northeastern New Mexico Regional Landfill,405458,San Miguel II Solar Energy Center,NM,5138.539119095621
2028,1,p31,Northeastern New Mexico Regional Landfill,401161,Sandoval Solar Energy Center,NM,23083.765232052316
2028,1,p31,Northeastern New Mexico Regional Landfill,401564,Santa Fe Solar Energy Center,NM,14658.86201247304
2028,1,p31,Northeastern New Mexico Regional Landfill,401565,Santolina Solar Energy Center,NM,14590.25194630892
2028,1,p31,Apache Junction Landfill,400596,Silver City WWTP PV Project,NM,207287.06667591276
2028,1,p31,Northeastern New Mexico Regional Landfill,406343,Sky Ranch Solar,NM,793.7929930795706
2028,1,p31,Northeastern New Mexico Regional Landfill,401563,South Valley Solar Energy Center,NM,14768.7420625316
2028,1,p31,Northeastern New Mexico Regional Landfill,401162,Springer Solar 1,NM,27649.56931281359
2028,1,p31,Northeastern New Mexico Regional Landfill,400735,Storrie Lake Solar Project,NM,33371.56580737557
2028,1,p31,Northeastern New Mexico Regional Landfill,400623,Sue Cleveland High School,NM,146720.93512176292
2028,1,p31,City of Clovis Landfill,400343,"SunE EPE1, LLC",NM,29200.20992694298
2028,1,p31,City of Clovis Landfill,400342,"SunE EPE2, LLC",NM,20816.82304462882
2028,1,p31,Northeastern New Mexico Regional Landfill,402854,Syncarpha Eagle Nest,NM,53928.99991131858
2028,1,p31,Northeastern New Mexico Regional Landfill,403412,Syncarpha El Rito,NM,102404.51498298458
2028,1,p31,Northeastern New Mexico Regional Landfill,403413,Syncarpha Questa,NM,42014.1054554109
2028,1,p31,Northeastern New Mexico Regional Landfill,403411,Syncarpha Taos,NM,44520.755374138265
2028,1,p31,Northeastern New Mexico Regional Landfill,404618,Taos Mesa Energy Facility Hybrid,NM,4668.171130175683
2028,1,p31,Northeastern New Mexico Regional Landfill,403011,Vista Solar Energy Center,NM,19939.57653244919
2028,1,p31,City of Clovis Landfill,400354,WSMR I,NM,60950.35574347456
2028,1,p31,Apache Junction Landfill,405245,Wal-Mart Truth or Consequences PV,NM,262794.3256082285
2028,1,p47,City of Clovis Landfill,400979,"Caprock Solar 1, LLC",NM,1705.8997516017646
2028,1,p47,City of Clovis Landfill,404980,Chaves County Solar II,NM,2827.258672088586
2028,1,p47,City of Clovis Landfill,401681,"Chaves Solar, LLC",NM,1217.7710901114865
2028,1,p47,City of Clovis Landfill,400614,GSE NM1,NM,69344.47849304452
2028,1,p47,City of Clovis Landfill,404982,Hayhurst New Mexico Solar,NM,10459.121589015134
2028,1,p47,City of Clovis Landfill,402530,Middle Daisy,NM,21066.619881166287
2028,1,p47,City of Clovis Landfill,401682,"Roswell Solar, LLC",NM,1221.641468034166
2028,1,p47,City of Clovis Landfill,400546,SEV NM Phase 2,NM,72585.91029495744
2028,1,p47,City of Clovis Landfill,400260,SPS1 Dollarhide,NM,16954.68986267784
2028,1,p47,City of Clovis Landfill,400261,SPS2 Jal,NM,18894.06741532692
2028,1,p47,City of Clovis Landfill,400262,SPS3 Lea,NM,12575.201071057345
2028,1,p47,City of Clovis Landfill,400264,SPS5 Hopi,NM,19116.451334366728
2028,1,p47,City of Clovis Landfill,404698,SoCore Clovis 1,NM,2727.3408981464163
2028,1,p48,City of Clovis Landfill,406439,"BESSP1, LLC",TX,396892.9001495733
2028,1,p48,City of Clovis Landfill,405590,"Hecate Energy Frye Solar, LLC",TX,768.488834970537
2028,1,p57,Victoria Landfill,404918,"Hecate Energy Upshur Rural, LLC",TX,23520.70214641422
2028,1,p59,City of Clovis Landfill,402666,Fort Bliss (DEA EPIC),TX,45971.856890999836
2028,1,p59,City of Clovis Landfill,401616,Montana Solar Facility,TX,23285.931066654677
2028,1,p59,City of Clovis Landfill,401045,Newman Solar,TX,6090.289395742655
2028,1,p60,City of Clovis Landfill,403962,"ANSON Solar Center, LLC",TX,581.7602259975815
2028,1,p60,City of Clovis Landfill,403883,Azure Sky Solar,TX,713.7294703233748
2028,1,p60,City of Clovis Landfill,403232,"ENGIE Long Draw Solar, LLC",TX,313.1211654336092
2028,1,p60,City of Clovis Landfill,406252,Highpeak Solar 1,TX,7896.851221230374
2028,1,p60,City of Clovis Landfill,402721,Holstein 1 Solar Farm,TX,814.3956327366665
2028,1,p60,City of Clovis Landfill,405492,Juno Solar Project,TX,296.84962987709844
2028,1,p60,City of Clovis Landfill,402541,Lamesa II,TX,1917.6679701886526
2028,1,p60,City of Clovis Landfill,401660,Lamesa Solar,TX,806.9032582047007
2028,1,p60,City of Clovis Landfill,405932,Lumina II Solar Project,TX,261.0483841885295
2028,1,p60,City of Clovis Landfill,405933,Lumina Solar Project,TX,274.57099382621203
2028,1,p60,City of Clovis Landfill,402909,Misae Solar,TX,390.68613775501876
2028,1,p60,City of Clovis Landfill,400968,"OCI Alamo 7, LLC",TX,1278.064152823249
2028,1,p60,City of Clovis Landfill,405939,Texas Solar Nova 1,TX,358.49640195868176
2028,1,p61,City of Clovis Landfill,400967,Alamo 6,TX,617.1031273952195
2028,1,p61,City of Clovis Landfill,403557,Aragorn Solar Project,TX,358.1998544868901
2028,1,p61,City of Clovis Landfill,400691,Barilla Solar,TX,2478.550574202084
2028,1,p61,City of Clovis Landfill,401946,Bluebell Solar,TX,3655.61508188223
2028,1,p61,City of Clovis Landfill,403574,Bluebell Solar II,TX,803.4123623968613
2028,1,p61,City of Clovis Landfill,400554,"Bryan Solar, LLC",TX,8391.028993456204
2028,1,p61,City of Clovis Landfill,401463,Buckthorn Westex,TX,631.3788515168866
2028,1,p61,City of Clovis Landfill,401703,East Pecos Solar,TX,840.2997489787297
2028,1,p61,City of Clovis Landfill,405363,Galloway 1 Solar Farm,TX,480.5938770308668
2028,1,p61,City of Clovis Landfill,405494,Galloway 2 Solar Farm,TX,712.3215897506825
2028,1,p61,City of Clovis Landfill,403210,Greasewood,TX,343.4139399011312
2028,1,p61,City of Clovis Landfill,406370,Hayhurst Texas Solar,TX,1867.0389313445278
2028,1,p61,City of Clovis Landfill,402304,Midway Solar-TX,TX,381.2149850302975
2028,1,p61,Victoria Landfill,400695,"OCI Alamo 4, LLC",TX,1978.1611678439494
2028,1,p61,City of Clovis Landfill,401868,Pearl Solar,TX,1988.0910902536975
2028,1,p61,City of Clovis Landfill,402290,RE Maplewood,TX,358.57405513183556
2028,1,p61,City of Clovis Landfill,401430,RE Roserock,TX,761.1649860981858
2028,1,p61,City of Clovis Landfill,402848,Rambler,TX,453.4789921930139
2028,1,p61,City of Clovis Landfill,402083,Solaire Holman Solar Project,TX,1514.0615241954024
2028,1,p61,City of Clovis Landfill,403023,"Taygete Energy Project, LLC",TX,447.07202865220216
2028,1,p61,City of Clovis Landfill,404647,Taygete II Energy Project,TX,469.3930027707006
2028,1,p61,City of Clovis Landfill,403551,Titan Solar Project,TX,496.75453150905673
2028,1,p61,Victoria Landfill,406103,Zier Solar,TX,490.6083543474745
2028,1,p62,City of Clovis Landfill,403502,2W Permian Solar Project Hybrid,TX,404.8587629397033
2028,1,p62,City of Clovis Landfill,403697,CED Crane Solar,TX,472.987904531164
2028,1,p62,City of Clovis Landfill,401525,Castle Gap Solar Hybrid,TX,532.8813887750762
2028,1,p62,City of Clovis Landfill,404599,Emerald Grove,TX,690.8414126496575
2028,1,p62,City of Clovis Landfill,403004,Lapetus,TX,582.3728525831093
2028,1,p62,City of Clovis Landfill,403280,Oberon IA,TX,538.7253147860629
2028,1,p62,City of Clovis Landfill,403279,Oberon IB,TX,1982.742350015273
2028,1,p62,City of Clovis Landfill,403602,Oxy Renewable Energy-Goldsmith,TX,3144.996349573445
2028,1,p62,City of Clovis Landfill,402679,Phoebe Solar,TX,270.9942549400001
2028,1,p62,City of Clovis Landfill,403177,Prospero Solar,TX,216.69564885957212
2028,1,p62,City of Clovis Landfill,404128,Prospero Solar II,TX,385.78195154044033
2028,1,p62,City of Clovis Landfill,403070,"Roadrunner, LLC",TX,412.80311203259646
2028,1,p62,City of Clovis Landfill,401805,Upton County Solar,TX,904.4290744988905
2028,1,p62,City of Clovis Landfill,402995,West of the Pecos Solar,TX,647.9080348031821
2028,1,p63,Victoria Landfill,405599,"BPL Crown Solar, LLC",TX,1474.6337861251889
2028,1,p63,Victoria Landfill,404966,BPL Files Solar,TX,1253.0096645790752
2028,1,p63,Victoria Landfill,403825,Briar Creek Solar 1,TX,1730.0098157698435
2028,1,p63,Victoria Landfill,402610,Chisum,TX,47990.78638675798
2028,1,p63,Victoria Landfill,401697,CoServ Community Solar Station,TX,286755.84315128444
2028,1,p63,Victoria Landfill,403188,Coniglio Solar,TX,2477.0550097768523
2028,1,p63,Victoria Landfill,406415,Dileo Solar,TX,2120.8864591134843
2028,1,p63,Victoria Landfill,402655,Eddy II,TX,10989.257573105317
2028,1,p63,Victoria Landfill,406221,Eiffel Solar Project,TX,1050.0763272218073
2028,1,p63,Victoria Landfill,405540,"Ellis Solar, LLC",TX,2592.6910700094504
2028,1,p63,Victoria Landfill,403823,Elm Branch Solar 1,TX,1295.6954979679103
2028,1,p63,Victoria Landfill,406206,Five Wells Solar Center - Hybrid,TX,470.78927373165834
2028,1,p63,Victoria Landfill,404567,G.S.E. One LLC,TX,2503.4822059626185
2028,1,p63,Victoria Landfill,403288,Griffin Solar,TX,23310.7196915749
2028,1,p63,Victoria Landfill,406202,Grizzly Ridge Solar,TX,1584.321248337183
2028,1,p63,Victoria Landfill,402329,Highway 56 Solar,TX,34975.378009919565
2028,1,p63,Victoria Landfill,405319,IKEA Grand Prairie Rooftop PV System,TX,208730.24374809366
2028,1,p63,Victoria Landfill,405689,"IP Radian, LLC",TX,572.1093576140942
2028,1,p63,Victoria Landfill,403481,Impact Solar 1,TX,1386.4833299175525
2028,1,p63,Victoria Landfill,403190,Kellam Solar,TX,2795.2034419603538
2028,1,p63,Victoria Landfill,402421,Leon Solar,TX,33913.31077077778
2028,1,p63,Victoria Landfill,403874,Lily Solar Hybrid,TX,1299.9357543401286
2028,1,p63,Victoria Landfill,402404,Marlin Solar,TX,20476.68709427658
2028,1,p63,Victoria Landfill,405794,Noble Solar,TX,963.8140986260754
2028,1,p63,Victoria Landfill,401933,Phantom Solar,TX,7852.241028615959
2028,1,p63,Victoria Landfill,404872,"Pisgah Ridge Solar, LLC",TX,662.5951556137366
2028,1,p63,Victoria Landfill,406416,Pitts Dudik Solar,TX,3087.406924125061
2028,1,p63,Victoria Landfill,403189,Rippey Solar,TX,3456.4778856668313
2028,1,p63,Victoria Landfill,404630,"Samson Solar Energy III, LLC",TX,1121.0466928036767
2028,1,p63,Victoria Landfill,402652,Sterling Solar (TX),TX,34001.90403193044
2028,1,p63,Victoria Landfill,404812,Sun Valley Solar Project,TX,653.5779739194176
2028,1,p63,Victoria Landfill,404388,"TPE Erath Solar, LLC",TX,14269.227021255103
2028,1,p63,Victoria Landfill,403457,"TPE Whitney Solar, LLC",TX,14470.41309679079
2028,1,p63,Victoria Landfill,405907,Verizon Hidden Ridge Solar Project,TX,542333.6544780014
2028,1,p63,Victoria Landfill,405984,Waco Solar,TX,531.4214127617857
2028,1,p63,Victoria Landfill,402306,Walnut Springs Solar,TX,37274.13456038557
2028,1,p63,Victoria Landfill,402330,Whitesboro Solar,TX,370172.3071548671
2028,1,p63,Victoria Landfill,402414,Whitewright Solar,TX,22741.81805518067
2028,1,p63,Victoria Landfill,402654,Yellow Jacket,TX,31090.077298897653
2028,1,p64,Victoria Landfill,405731,Austin TX GigaFactory,TX,19684.864691867155
2028,1,p64,Victoria Landfill,402203,Bandera Electric Coop PV,TX,36595.28692945506
2028,1,p64,Victoria Landfill,404721,"Blue Jay Solar I, LLC",TX,356.71285366530174
2028,1,p64,Victoria Landfill,402648,Bovine,TX,2477.927664563858
2028,1,p64,Victoria Landfill,402389,"E-Volve Energy Holdings, LLC",TX,26271.262544305195
2028,1,p64,Victoria Landfill,400227,East Blackland Solar Project 1,TX,423.4344663386724
2028,1,p64,Victoria Landfill,405101,IKEA Round Rock 027,TX,41391.41669396568
2028,1,p64,Victoria Landfill,402653,Lampwick,TX,12334.339880678941
2028,1,p64,Victoria Landfill,405613,Niagara Bottling - Seguin,TX,7774.226546149773
2028,1,p64,Victoria Landfill,402544,PowerFin Kingsbery,TX,13503.906484807025
2028,1,p64,Victoria Landfill,400249,Webberville Solar Project,TX,1447.0462158166072
2028,1,p65,Victoria Landfill,405700,Aktina Solar,TX,832.5697236783691
2028,1,p65,Victoria Landfill,404074,"Alexis Solar, LLC",TX,99169.82965287892
2028,1,p65,Victoria Landfill,405727,Bernard Creek Solar,TX,2846.4302101741196
2028,1,p65,Victoria Landfill,400081,Blue Wing Solar Energy Generation,TX,45445.60075871396
2028,1,p65,Victoria Landfill,405477,Brightside,TX,10583.356802370574
2028,1,p65,Victoria Landfill,401728,CPS 1 Community Solar,TX,1462483.8579112454
2028,1,p65,Victoria Landfill,402656,Cascade Solar (TX),TX,50460.69183359501
2028,1,p65,Victoria Landfill,403987,Catan Solar,TX,31360.579671594543
2028,1,p65,Victoria Landfill,403091,Commerce Solar,TX,145678.1353898159
2028,1,p65,Victoria Landfill,404247,"Corazon Energy, LLC",TX,5080.023743137372
2028,1,p65,Victoria Landfill,404062,Elara Solar,TX,6729.137402448427
2028,1,p65,Victoria Landfill,404359,FELPS 1-Calaveras,TX,563033.0487251931
2028,1,p65,Victoria Landfill,404361,FELPS 2-Calaveras,TX,704294.1160542937
2028,1,p65,Victoria Landfill,404362,FELPS 3-Floresville South,TX,496818.03621227934
2028,1,p65,Victoria Landfill,404363,FELPS 4-Floresville South,TX,496892.30100017815
2028,1,p65,Victoria Landfill,404364,FELPS 5-Floresville South,TX,497023.4182002795
2028,1,p65,Victoria Landfill,404739,FELPS 6- Floresville West,TX,660457.0772982722
2028,1,p65,Victoria Landfill,404740,FELPS 7- Floresville West,TX,660356.0691314219
2028,1,p65,Victoria Landfill,406516,Ganado Solar,TX,1610.4714267671716
2028,1,p65,Victoria Landfill,405801,Horizon Solar,TX,6136.838635784248
2028,1,p65,Victoria Landfill,405380,IKEA Live Oak Rooftop PV System,TX,489869.2057669226
2028,1,p65,Victoria Landfill,403343,Mars Solar,TX,115921.4412151316
2028,1,p65,Victoria Landfill,404877,Nebula Solar,TX,9834.415792681828
2028,1,p65,Victoria Landfill,400694,"OCI Alamo 2, LLC",TX,243074.1178449966
2028,1,p65,Victoria Landfill,400965,"OCI Alamo 3, LLC",TX,127928.65691089288
2028,1,p65,Victoria Landfill,400966,"OCI Alamo 5, LLC",TX,12864.737236026927
2028,1,p65,Victoria Landfill,400593,OCI Alamo Solar I Hybrid,TX,15786.33974659108
2028,1,p65,Victoria Landfill,405809,Shakes Solar,TX,6844.734125106156
2028,1,p65,Victoria Landfill,405545,Sparta Solar,TX,2394.099828679901
2028,1,p65,Victoria Landfill,400379,"SunE CPS1, LLC",TX,63230.30859756926
2028,1,p65,Victoria Landfill,400364,"SunE CPS2, LLC",TX,79364.66622203321
2028,1,p65,Victoria Landfill,400353,"SunE CPS3, LLC",TX,74915.63878829814
2028,1,p65,Victoria Landfill,406032,Tres Bahias,TX,1393.7195101892264
2028,1,p65,Victoria Landfill,404878,Vancourt Solar Interconnections,TX,26280.85440487476
2028,1,p66,Victoria Landfill,406386,Umbriel Solar,TX,3192.733581493174
2028,1,p67,Victoria Landfill,404939,Brazoria County Solar Project (Danciger),TX,436.2722412087592
2028,1,p67,Victoria Landfill,404681,Brazoria West,TX,609.425797558975
2028,1,p67,Victoria Landfill,402649,Bronson,TX,6456.761276764019
2028,1,p67,Victoria Landfill,406178,"Cutlass Solar 1, LLC",TX,673.4936281712753
2028,1,p67,Victoria Landfill,404587,Fighting Jays Solar Project,TX,423.3861640192586
2028,1,p67,Victoria Landfill,405564,"Fort Bend Solar, LLC",TX,442.4267683922889
2028,1,p67,Victoria Landfill,404853,"Longbow Solar, LLC",TX,1520.1071258463492
2028,1,p67,Victoria Landfill,403514,Wagyu,TX,676.537910408506
2028,2,p12,Apex Regional Landfill,402144,Battle Mountain Solar Project,NV,752.3751896217168
2028,2,p12,Apex Regional Landfill,405553,Dodge Flat,NV,1654.8098589028718
2028,2,p12,Apex Regional Landfill,402609,"EGP Stillwater Solar PV II, LLC",NV,2931.9690909447168
2028,2,p12,Apex Regional Landfill,404659,Fish Springs,NV,1260.6976417120952
2028,2,p12,Apex Regional Landfill,401086,Ft. Churchill PV,NV,6472.96728955909
2028,2,p12,Apex Regional Landfill,402130,Luning Energy,NV,958.2910185983503
2028,2,p12,Apex Regional Landfill,403107,NVSS-II,NV,719.4924553669001
2028,2,p12,Apex Regional Landfill,400468,"Patua Acquisition Project, LLC",NV,6500.247140232678
2028,2,p12,Apex Regional Landfill,405023,Steamboat II,NV,117853.86549774991
2028,2,p12,Apex Regional Landfill,400029,Stillwater Facility,NV,2989.637742583317
2028,2,p12,Apex Regional Landfill,401318,Sunshine Valley Solar,NV,224.88568632545827
2028,2,p12,Apex Regional Landfill,405026,TS Power Plant,NV,748.785553008096
2028,2,p12,Apex Regional Landfill,405576,Tesla Reno GigaFactory,NV,19097.252756606107
2028,2,p12,Apex Regional Landfill,401943,Tungsten Mountain,NV,8239.060378642907
2028,2,p12,Apex Regional Landfill,403308,Turquoise Liberty Solar,NV,13003.564007092205
2028,2,p12,Apex Regional Landfill,403884,"Turquoise Nevada, LLC",NV,2425.481188616441
2028,2,p13,Apex Regional Landfill,400555,Apex Solar PV Power Project,NV,465.8729091071971
2028,2,p13,Apex Regional Landfill,405385,Arrow Canyon Solar Hybrid,NV,260.1410895391337
2028,2,p13,Apex Regional Landfill,402017,"Boulder Solar II, LLC",NV,236.4894057677465
2028,2,p13,Apex Regional Landfill,401649,"Boulder Solar Power, LLC",NV,142.86877838993684
2028,2,p13,Apex Regional Landfill,400059,CM10,NV,1368.3058028801624
2028,2,p13,Apex Regional Landfill,400086,CM48,NV,272.28876333913576
2028,2,p13,Apex Regional Landfill,400363,Copper Mountain Solar 2,NV,125.41565132879889
2028,2,p13,Apex Regional Landfill,400802,Copper Mountain Solar 3,NV,81.28888743657149
2028,2,p13,Apex Regional Landfill,401308,"Copper Mountain Solar 4, LLC",NV,162.6280818048426
2028,2,p13,Apex Regional Landfill,403688,"Copper Mountain Solar 5, LLC",NV,98.4764604788487
2028,2,p13,Apex Regional Landfill,405358,Dignity - San Martin,NV,3350.890694811922
2028,2,p13,Apex Regional Landfill,405355,Dignity - Siena Campus,NV,3703.753935407935
2028,2,p13,Apex Regional Landfill,405556,Dry Lake Solar Energy Center,NV,152.00194450691666
2028,2,p13,Apex Regional Landfill,405495,Gemini Solar,NV,104.89034937504742
2028,2,p13,Apex Regional Landfill,403386,"Harry Allen Solar Energy, LLC",NV,224.64695333407693
2028,2,p13,Apex Regional Landfill,406090,IGS LAS1,NV,5927.905952480795
2028,2,p13,Apex Regional Landfill,406089,IGS VGT,NV,7417.757229444043
2028,2,p13,Apex Regional Landfill,405309,IKEA Las Vegas 462,NV,7575.841684031408
2028,2,p13,Apex Regional Landfill,400545,Las Vegas WPCF Solar Plant,NV,1102.015137346025
2028,2,p13,Apex Regional Landfill,400313,Moapa Southern Paiute,NV,102.31019189653331
2028,2,p13,Apex Regional Landfill,400600,Mountain View Solar,NV,465.1582212765078
2028,2,p13,Apex Regional Landfill,400036,Nellis Air Force Base Solar Array,NV,437.1773309099687
2028,2,p13,Apex Regional Landfill,401381,Nellis Solar PV II,NV,186.39449731661708
2028,2,p13,Apex Regional Landfill,401319,"Playa Solar 1, LLC",NV,155.8458120453727
2028,2,p13,Apex Regional Landfill,401596,Playa Solar 2,NV,134.80914419020274
2028,2,p13,Apex Regional Landfill,401274,River Mountains Solar,NV,575.2716279736184
2028,2,p13,Mohave Valley Landfill,401042,Searchlight Solar,NV,975.21480077902
2028,2,p13,Apex Regional Landfill,400166,Silver State Solar Power North,NV,482.3088694465589
2028,2,p13,Apex Regional Landfill,400658,Silver State Solar Power South,NV,129.66699277812734
2028,2,p13,Apex Regional Landfill,405246,"Solar Las Vegas MB 2, LLC",NV,1980.2908700876337
2028,2,p13,Apex Regional Landfill,405188,Solar Las Vegas MB-1,NV,580.8300315632135
2028,2,p13,Apex Regional Landfill,400556,Spectrum Solar PV Power Project,NV,243.23201152809008
2028,2,p13,Apex Regional Landfill,402485,"Techren Solar I, LLC",NV,139.32087713712494
2028,2,p13,Apex Regional Landfill,402690,"Techren Solar II, LLC",NV,92.80738623111719
2028,2,p13,Apex Regional Landfill,402691,"Techren Solar III, LLC",NV,455.0509247997907
2028,2,p13,Apex Regional Landfill,402692,"Techren Solar IV, LLC",NV,416.2228306616404
2028,2,p13,Apex Regional Landfill,403001,Techren Solar V,NV,213.0532592400924
2028,2,p13,Apex Regional Landfill,401851,Townsite Solar Project Hybrid,NV,97.70252113511718
2028,2,p13,Apex Regional Landfill,406448,Yellow Pine II,NV,317.3805740233903
2028,2,p13,Apex Regional Landfill,404971,Yellow Pine Solar,NV,328.41026229824774
2028,2,p27,Mohave Valley Landfill,400374,"Black Mountain Solar, LLC",AZ,320.14413149513786
2028,2,p27,Mohave Valley Landfill,402236,Gray Hawk Solar,AZ,169.42487613361695
2028,2,p27,Mohave Valley Landfill,401819,Jacobson 5 MW Solar,AZ,1035.8168948561467
2028,2,p27,Mohave Valley Landfill,400199,La Senita,AZ,3365.2772572856616
2028,2,p27,Mohave Valley Landfill,403718,Mohave Electric Cooperative at Joy Lane,AZ,111.28107561660242
2028,2,p27,Mohave Valley Landfill,401311,Mohave Electric at Fort Mohave,AZ,116.30794547506773
2028,2,p27,Mohave Valley Landfill,406478,Mohave Energy - Hybrid,AZ,56.37377953798079
2028,2,p28,Apache Junction Landfill,405418,AZ State University - Tempe Campus Solar,AZ,5510.5934721791955
2028,2,p28,South Yuma County Landfill,400148,Agua Caliente Solar Project,AZ,277.0316899557812
2028,2,p28,Apache Junction Landfill,402067,Apache Solar 1,AZ,2910.3606214290576
2028,2,p28,South Yuma County Landfill,400274,Arizona Western College PV,AZ,774.763748830013
2028,2,p28,Apache Junction Landfill,400240,Arlington Valley Solar Energy II,AZ,333.41563726196216
2028,2,p28,Apache Junction Landfill,400437,Badger 1,AZ,2246.864431138628
2028,2,p28,Apache Junction Landfill,401688,Bonnybrooke PV,AZ,258.5222593911947
2028,2,p28,Apache Junction Landfill,400371,Buckeye Union HS District 201,AZ,9047.407593890024
2028,2,p28,Apache Junction Landfill,405635,"Central Line Solar, LLC",AZ,333.88995640109516
2028,2,p28,Apache Junction Landfill,400201,Chino Solar Valley,AZ,3739.97559524423
2028,2,p28,Apache Junction Landfill,400202,Cotton Center Solar Hybrid,AZ,1826.321359744272
2028,2,p28,Apache Junction Landfill,401069,Desert Star Hybrid,AZ,2668.982110933826
2028,2,p28,Apache Junction Landfill,403257,East Line Solar,AZ,249.49828271530748
2028,2,p28,Apache Junction Landfill,406171,Eleven Mile Solar Center,AZ,103.1420188451835
2028,2,p28,Apache Junction Landfill,405244,Estrella Mountain PV,AZ,10497.251556505822
2028,2,p28,South Yuma County Landfill,400349,Foothills Solar Plant Hybrid,AZ,174.4258271787623
2028,2,p28,Apache Junction Landfill,400825,Fort Huachuca Solar PV Project,AZ,4037.9657536344807
2028,2,p28,Apache Junction Landfill,400845,Gila Bend Hybrid,AZ,1070.7621487327212
2028,2,p28,Apache Junction Landfill,400599,"Gilbert Solar Facility I, LLC",AZ,2802.196470465121
2028,2,p28,South Yuma County Landfill,400507,Hyder II Hybrid,AZ,2271.1520659098337
2028,2,p28,South Yuma County Landfill,400204,Hyder Solar Hybrid,AZ,2851.5058796075896
2028,2,p28,Apache Junction Landfill,405282,Intel - Ocotillo Campus Solar,AZ,2618.8773161032964
2028,2,p28,Apache Junction Landfill,405125,Jewish Community Center PV,AZ,12544.521356021618
2028,2,p28,Apache Junction Landfill,402234,Kayenta Solar Project,AZ,2002.408015127377
2028,2,p28,Apache Junction Landfill,400595,Lake Pleasant WTP,AZ,3429.8744371021335
2028,2,p28,Apache Junction Landfill,400128,Luke Solar,AZ,2009.4227900763935
2028,2,p28,Apache Junction Landfill,405068,Macys Goodyear,AZ,8148.053638244457
2028,2,p28,South Yuma County Landfill,406279,McFarland A Solar and Storage,AZ,192.25697741528143
2028,2,p28,Apache Junction Landfill,405617,Mesa Carport PV,AZ,507.37149786578004
2028,2,p28,Apache Junction Landfill,404512,Mesa Solar Array,AZ,523.227399276274
2028,2,p28,Apache Junction Landfill,400250,Mesquite Solar 1,AZ,510.25373182994315
2028,2,p28,Apache Junction Landfill,401621,"Mesquite Solar 2, LLC",AZ,360.1660353369807
2028,2,p28,Apache Junction Landfill,401622,"Mesquite Solar 3, LLC",AZ,395.3269240275198
2028,2,p28,Apache Junction Landfill,406038,"Mesquite Solar 4, LLC",AZ,797.1656873424258
2028,2,p28,Apache Junction Landfill,404922,"Mesquite Solar 5, LLC",AZ,700.6392020331401
2028,2,p28,Mohave Valley Landfill,403572,OE_AZ1,AZ,1537.0049814163733
2028,2,p28,Apache Junction Landfill,400203,Paloma Solar Hybrid,AZ,1991.9119293773833
2028,2,p28,Apache Junction Landfill,405126,Paradise Valley H.S. PV,AZ,16693.450736791645
2028,2,p28,Apache Junction Landfill,405150,Phoenix Airport East Economy Lot,AZ,11890.985760048861
2028,2,p28,Apache Junction Landfill,405151,Phoenix Airport Rental Car Center,AZ,18465.07850936911
2028,2,p28,Apache Junction Landfill,402528,Pinal Central Energy Center Hybrid,AZ,714.7430732985621
2028,2,p28,Apache Junction Landfill,400125,"Poseidon Solar, LLC",AZ,366.8563342068736
2028,2,p28,Apache Junction Landfill,400031,Prescott Airport,AZ,22669.243586373694
2028,2,p28,Apache Junction Landfill,400401,Prescott Solar Plant,AZ,5678.607559312176
2028,2,p28,Apache Junction Landfill,400323,Queen Creek Solar Farm,AZ,218.71511044980937
2028,2,p28,Mohave Valley Landfill,400289,"RE Bagdad Solar I, LLC",AZ,2414.496686287931
2028,2,p28,Apache Junction Landfill,405132,"RE Gillespie 1, LLC",AZ,1835.469866853674
2028,2,p28,Apache Junction Landfill,400758,Red Horse 2,AZ,837.8089405750239
2028,2,p28,Apache Junction Landfill,401609,Red Horse III,AZ,1492.6887435372805
2028,2,p28,Apache Junction Landfill,401726,Red Rock,AZ,617.3756946996747
2028,2,p28,Apache Junction Landfill,406380,SR McNeal,AZ,3280.9691850953054
2028,2,p28,Apache Junction Landfill,400416,Saddle Mountain Solar I,AZ,2827.3432905684226
2028,2,p28,Apache Junction Landfill,403674,Saint Solar,AZ,245.73268764395016
2028,2,p28,Apache Junction Landfill,401214,Sandstone Solar,AZ,333.01474623156037
2028,2,p28,Apache Junction Landfill,405029,Solana Generating Station,AZ,184.8783435982161
2028,2,p28,Apache Junction Landfill,406275,Sonoran Solar Energy,AZ,181.43834731785248
2028,2,p28,Apache Junction Landfill,406034,Storey Solar and Storage,AZ,164.30692881440558
2028,2,p28,Apache Junction Landfill,401664,Sulphur Springs,AZ,2536.2091354372783
2028,2,p28,Apache Junction Landfill,403643,Sun Streams 2,AZ,324.8465884414333
2028,2,p28,Apache Junction Landfill,406517,Sun Streams 3,AZ,195.64467139991783
2028,2,p28,Apache Junction Landfill,401975,"Sun Streams, LLC",AZ,359.00469687160296
2028,2,p28,Apache Junction Landfill,405311,T0588 Phoenix - AZ,AZ,18722.005272185284
2028,2,p28,Apache Junction Landfill,405134,Union HS at Casa Grande,AZ,8806.658371955225
2028,2,p28,Apache Junction Landfill,405135,Vista Grande HS at Casa Grande,AZ,9748.948633810733
2028,2,p28,Apache Junction Landfill,400334,Walmart Casa Grande,AZ,9181.823427849047
2028,2,p28,Apache Junction Landfill,406098,"West Line Solar, LLC",AZ,337.17731113151586
2028,2,p29,Apache Junction Landfill,400014,Springerville,AZ,3890.604084257546
2028,2,p30,Apache Junction Landfill,405143,Actus Lend Lease DMAFB,AZ,9741.98149052833
2028,2,p30,Apache Junction Landfill,405611,Amazon TUS2,AZ,8326.921802777722
2028,2,p30,Apache Junction Landfill,405268,Amphitheater High School Solar,AZ,18814.305374820793
2028,2,p30,Apache Junction Landfill,400939,Avalon Solar,AZ,1009.587067707635
2028,2,p30,Apache Junction Landfill,401479,Avalon Solar II,AZ,1778.4451818095804
2028,2,p30,Apache Junction Landfill,400226,Avra Valley Solar,AZ,1052.4944193040747
2028,2,p30,Apache Junction Landfill,404704,Broadway 2 - Tucson Phase II,AZ,8642.175694984062
2028,2,p30,Apache Junction Landfill,405768,Broadway 3 - Tucson Phase I,AZ,18044.6619487813
2028,2,p30,Apache Junction Landfill,405269,Canyon Del Oro High School Solar,AZ,6576.28024283684
2028,2,p30,Apache Junction Landfill,400757,Cogenra-TEP,AZ,22101.572642095114
2028,2,p30,Apache Junction Landfill,401295,Davis Monthan AFB (AZ) West Airfield,AZ,2090.999562998412
2028,2,p30,Apache Junction Landfill,400330,FRB Solar Farm,AZ,12865.556608734134
2028,2,p30,Apache Junction Landfill,400761,"Gato Montes Solar, LLC",AZ,4443.562281646441
2028,2,p30,Apache Junction Landfill,404536,Iron Horse Battery Storage Hybrid,AZ,12282.79963667037
2028,2,p30,Apache Junction Landfill,400552,"Picture Rocks Solar, LLC",AZ,4082.810751647476
2028,2,p30,Apache Junction Landfill,405374,Pima Community College,AZ,27511.483060967897
2028,2,p30,Apache Junction Landfill,405303,Pima Community College - East Campus,AZ,17555.70134568453
2028,2,p30,Apache Junction Landfill,405516,Pima Community College NW,AZ,22393.737411173424
2028,2,p30,Apache Junction Landfill,400408,Prairie Fire,AZ,4891.233674904394
2028,2,p30,Apache Junction Landfill,400290,"RE Ajo 1, LLC",AZ,5227.647407013474
2028,2,p30,Apache Junction Landfill,404926,Raptor Ridge,AZ,1921.5248267896877
2028,2,p30,Apache Junction Landfill,400857,Rio Rico Solar,AZ,5087.010958038959
2028,2,p30,Apache Junction Landfill,400193,Roger Road WWTP,AZ,20249.408784664487
2028,2,p30,Apache Junction Landfill,401076,Tech Park Solar,AZ,4370.85885648761
2028,2,p30,Apache Junction Landfill,400156,UASTP I,AZ,23068.8914782988
2028,2,p30,Apache Junction Landfill,401075,Valencia Solar,AZ,3389.1656278078585
2028,2,p30,Apache Junction Landfill,404187,"Wilmot Energy Center, LLC",AZ,263.68413572683
2028,2,p31,City of Clovis Landfill,400211,Alamogordo Solar Energy Center,NM,33306.66778011171
2028,2,p31,Northeastern New Mexico Regional Landfill,400206,Albuquerque Solar Energy Center,NM,53066.198634578795
2028,2,p31,Northeastern New Mexico Regional Landfill,403675,Alcalde Solar Array,NM,23815.229922994426
2028,2,p31,Apache Junction Landfill,401595,Alta Luna,NM,5847.357074527145
2028,2,p31,Northeastern New Mexico Regional Landfill,404724,Angel Fire Energy Facility,NM,2792.5928680556985
2028,2,p31,Northeastern New Mexico Regional Landfill,405469,Arroyo Solar Energy Storage Hybrid,NM,489.6908746938248
2028,2,p31,Northeastern New Mexico Regional Landfill,403321,Bluewater CDEC 1,NM,60340.725733538326
2028,2,p31,Northeastern New Mexico Regional Landfill,403736,Britton Solar Energy Center,NM,1514.4269341632726
2028,2,p31,City of Clovis Landfill,404981,Buena Vista Energy Center,NM,1379.773030013957
2028,2,p31,Northeastern New Mexico Regional Landfill,402876,CNMEC Solar Energy Center,NM,67423.30666490462
2028,2,p31,City of Clovis Landfill,402519,Carrizozo Solar,NM,44112.437274435535
2028,2,p31,Northeastern New Mexico Regional Landfill,401202,Cibola,NM,15387.89386608863
2028,2,p31,Northeastern New Mexico Regional Landfill,400104,Cimarron Solar Facility,NM,590.5514289165467
2028,2,p31,Apache Junction Landfill,402988,City of Gallup Solar,NM,22852.356032810043
2028,2,p31,Northeastern New Mexico Regional Landfill,403604,City of Rio Rancho WWTP,NM,76283.48553735329
2028,2,p31,Apache Junction Landfill,401225,City of Truth or Consequences PV,NM,87182.87706852723
2028,2,p31,Apache Junction Landfill,402177,Columbus Solar Project,NM,89333.27354670761
2028,2,p31,Northeastern New Mexico Regional Landfill,404748,"Cuba 2.5ac, LLC",NM,34244.22074337552
2028,2,p31,Apache Junction Landfill,400209,Deming Solar Energy Center,NM,17603.50436423101
2028,2,p31,Northeastern New Mexico Regional Landfill,403868,Encino Solar Energy Center,NM,1842.844945453476
2028,2,p31,Northeastern New Mexico Regional Landfill,401038,Eubank Landfill Solar Array,NM,71453.49167153674
2028,2,p31,Northeastern New Mexico Regional Landfill,402441,Facebook 1 Solar Energy Center,NM,9974.157856860958
2028,2,p31,Northeastern New Mexico Regional Landfill,402442,Facebook 2 Solar Energy Center,NM,9599.756656090967
2028,2,p31,Northeastern New Mexico Regional Landfill,402443,Facebook 3 Solar Energy Center,NM,19181.105056281038
2028,2,p31,Northeastern New Mexico Regional Landfill,403322,Grants CDEC 2,NM,31435.635737340137
2028,2,p31,Apache Junction Landfill,400216,"Hatch Solar Energy Center I, LLC",NM,42631.49990858918
2028,2,p31,City of Clovis Landfill,401617,Holloman Solar Facility,NM,29245.408690567358
2028,2,p31,Northeastern New Mexico Regional Landfill,406109,"Jicarilla Solar 1, LLC",NM,2829.0931780660644
2028,2,p31,Northeastern New Mexico Regional Landfill,400427,Kit Carson,NM,47356.33116149655
2028,2,p31,Northeastern New Mexico Regional Landfill,400210,Las Vegas Solar Energy Center,NM,8413.465213184058
2028,2,p31,Northeastern New Mexico Regional Landfill,400434,Los Alamos PV Site,NM,69482.17947589328
2028,2,p31,Northeastern New Mexico Regional Landfill,400207,Los Lunas Solar Energy Center,NM,17735.699912652497
2028,2,p31,Apache Junction Landfill,400838,Macho Springs,NM,3155.190881156203
2028,2,p31,Northeastern New Mexico Regional Landfill,400582,Manzano Solar,NM,13666.460223986354
2028,2,p31,Northeastern New Mexico Regional Landfill,401201,Meadow Lake Solar Energy Center,NM,11299.189443490548
2028,2,p31,Northeastern New Mexico Regional Landfill,406177,"NMRD Data Center III, LLC",NM,1816.7810455057238
2028,2,p31,City of Clovis Landfill,405693,NMSU Solar and Storage,NM,81034.17746958252
2028,2,p31,Northeastern New Mexico Regional Landfill,406375,OE_ESCL,NM,774.0522688546716
2028,2,p31,City of Clovis Landfill,400581,Otero Solar,NM,16920.20561016189
2028,2,p31,Northeastern New Mexico Regional Landfill,400146,Questa Solar Facility,NM,90117.80549894068
2028,2,p31,Northeastern New Mexico Regional Landfill,403178,"RC Energy AA, LLC Solar Facility",NM,104464.83932532696
2028,2,p31,Northeastern New Mexico Regional Landfill,401566,Rio Communities Solar Energy Center,NM,14725.634565215441
2028,2,p31,Northeastern New Mexico Regional Landfill,403084,Rio De Oro Solar Energy Center,NM,14428.854209400886
2028,2,p31,Northeastern New Mexico Regional Landfill,400624,Rio Rancho High School,NM,94250.61892546664
2028,2,p31,City of Clovis Landfill,400135,Roadrunner Solar,NM,10020.862388865624
2028,2,p31,Northeastern New Mexico Regional Landfill,404648,"Route 66 Energy Center, LLC",NM,4099.427362695753
2028,2,p31,Northeastern New Mexico Regional Landfill,403387,San Miguel I Solar Energy Center,NM,4171.57303810715
2028,2,p31,Northeastern New Mexico Regional Landfill,405458,San Miguel II Solar Energy Center,NM,3639.258059284949
2028,2,p31,Northeastern New Mexico Regional Landfill,401161,Sandoval Solar Energy Center,NM,24452.53936134855
2028,2,p31,Northeastern New Mexico Regional Landfill,401564,Santa Fe Solar Energy Center,NM,12428.758915407954
2028,2,p31,Northeastern New Mexico Regional Landfill,401565,Santolina Solar Energy Center,NM,18538.671388249564
2028,2,p31,Apache Junction Landfill,400596,Silver City WWTP PV Project,NM,164707.07185826602
2028,2,p31,Northeastern New Mexico Regional Landfill,406343,Sky Ranch Solar,NM,570.753023017038
2028,2,p31,Northeastern New Mexico Regional Landfill,401563,South Valley Solar Energy Center,NM,18765.57902529026
2028,2,p31,Northeastern New Mexico Regional Landfill,401162,Springer Solar 1,NM,19537.818646607837
2028,2,p31,Northeastern New Mexico Regional Landfill,400735,Storrie Lake Solar Project,NM,20962.957394044308
2028,2,p31,Northeastern New Mexico Regional Landfill,400623,Sue Cleveland High School,NM,103632.74043553405
2028,2,p31,City of Clovis Landfill,400343,"SunE EPE1, LLC",NM,18337.881077048372
2028,2,p31,City of Clovis Landfill,400342,"SunE EPE2, LLC",NM,14707.12210660777
2028,2,p31,Northeastern New Mexico Regional Landfill,402854,Syncarpha Eagle Nest,NM,43535.45710748642
2028,2,p31,Northeastern New Mexico Regional Landfill,403412,Syncarpha El Rito,NM,40200.87515096381
2028,2,p31,Northeastern New Mexico Regional Landfill,403413,Syncarpha Questa,NM,32977.128914200286
2028,2,p31,Northeastern New Mexico Regional Landfill,403411,Syncarpha Taos,NM,15743.847069473497
2028,2,p31,Northeastern New Mexico Regional Landfill,404618,Taos Mesa Energy Facility Hybrid,NM,3774.567104718084
2028,2,p31,Northeastern New Mexico Regional Landfill,403011,Vista Solar Energy Center,NM,10968.565268030487
2028,2,p31,City of Clovis Landfill,400354,WSMR I,NM,38270.0994932976
2028,2,p31,Apache Junction Landfill,405245,Wal-Mart Truth or Consequences PV,NM,208809.72733536415
2028,2,p47,City of Clovis Landfill,400979,"Caprock Solar 1, LLC",NM,1321.610768546317
2028,2,p47,City of Clovis Landfill,404980,Chaves County Solar II,NM,1970.722261053197
2028,2,p47,City of Clovis Landfill,401681,"Chaves Solar, LLC",NM,851.8560048151639
2028,2,p47,City of Clovis Landfill,400614,GSE NM1,NM,42856.55130581299
2028,2,p47,City of Clovis Landfill,404982,Hayhurst New Mexico Solar,NM,6368.811695692897
2028,2,p47,City of Clovis Landfill,402530,Middle Daisy,NM,13024.300467922913
2028,2,p47,City of Clovis Landfill,401682,"Roswell Solar, LLC",NM,947.564699574642
2028,2,p47,City of Clovis Landfill,400546,SEV NM Phase 2,NM,64878.335977724586
2028,2,p47,City of Clovis Landfill,400260,SPS1 Dollarhide,NM,11791.67783938577
2028,2,p47,City of Clovis Landfill,400261,SPS2 Jal,NM,15326.955126309129
2028,2,p47,City of Clovis Landfill,400262,SPS3 Lea,NM,8747.191952456718
2028,2,p47,City of Clovis Landfill,400264,SPS5 Hopi,NM,10344.00469567176
2028,2,p47,City of Clovis Landfill,404698,SoCore Clovis 1,NM,1901.262498260256
2028,2,p48,City of Clovis Landfill,406439,"BESSP1, LLC",TX,16677.229935488554
2028,2,p48,City of Clovis Landfill,405590,"Hecate Energy Frye Solar, LLC",TX,157.51469854473962
2028,2,p57,Victoria Landfill,404918,"Hecate Energy Upshur Rural, LLC",TX,13392.882212637445
2028,2,p59,City of Clovis Landfill,402666,Fort Bliss (DEA EPIC),TX,26403.553160610914
2028,2,p59,City of Clovis Landfill,401616,Montana Solar Facility,TX,19648.91805441001
2028,2,p59,City of Clovis Landfill,401045,Newman Solar,TX,4002.4635815300894
2028,2,p60,City of Clovis Landfill,403962,"ANSON Solar Center, LLC",TX,578.5371196543115
2028,2,p60,City of Clovis Landfill,403883,Azure Sky Solar,TX,709.7526992112136
2028,2,p60,City of Clovis Landfill,403232,"ENGIE Long Draw Solar, LLC",TX,348.188333741862
2028,2,p60,City of Clovis Landfill,406252,Highpeak Solar 1,TX,8831.160877860402
2028,2,p60,City of Clovis Landfill,402721,Holstein 1 Solar Farm,TX,809.8439660083483
2028,2,p60,City of Clovis Landfill,405492,Juno Solar Project,TX,295.25362293624516
2028,2,p60,City of Clovis Landfill,402541,Lamesa II,TX,1906.815611996364
2028,2,p60,City of Clovis Landfill,401660,Lamesa Solar,TX,802.3943797695862
2028,2,p60,City of Clovis Landfill,405932,Lumina II Solar Project,TX,289.9410108087024
2028,2,p60,City of Clovis Landfill,405933,Lumina Solar Project,TX,309.63347386574316
2028,2,p60,City of Clovis Landfill,402909,Misae Solar,TX,388.5542387554913
2028,2,p60,City of Clovis Landfill,400968,"OCI Alamo 7, LLC",TX,1270.8645158817296
2028,2,p60,City of Clovis Landfill,405939,Texas Solar Nova 1,TX,356.5483357143814
2028,2,p61,City of Clovis Landfill,400967,Alamo 6,TX,616.9507498359385
2028,2,p61,City of Clovis Landfill,403557,Aragorn Solar Project,TX,282.3955192500132
2028,2,p61,City of Clovis Landfill,400691,Barilla Solar,TX,1931.1381690022063
2028,2,p61,City of Clovis Landfill,401946,Bluebell Solar,TX,2846.400176026448
2028,2,p61,City of Clovis Landfill,403574,Bluebell Solar II,TX,628.5839319352984
2028,2,p61,City of Clovis Landfill,400554,"Bryan Solar, LLC",TX,7252.028594894362
2028,2,p61,City of Clovis Landfill,401463,Buckthorn Westex,TX,590.3002188922225
2028,2,p61,City of Clovis Landfill,401703,East Pecos Solar,TX,565.8549171214679
2028,2,p61,City of Clovis Landfill,405363,Galloway 1 Solar Farm,TX,377.5666827592704
2028,2,p61,City of Clovis Landfill,405494,Galloway 2 Solar Farm,TX,557.7535544584968
2028,2,p61,City of Clovis Landfill,403210,Greasewood,TX,524.4131421711918
2028,2,p61,City of Clovis Landfill,406370,Hayhurst Texas Solar,TX,1615.4450062826238
2028,2,p61,City of Clovis Landfill,402304,Midway Solar-TX,TX,335.6551530442912
2028,2,p61,Victoria Landfill,400695,"OCI Alamo 4, LLC",TX,1800.065248645281
2028,2,p61,City of Clovis Landfill,401868,Pearl Solar,TX,1330.8547230958184
2028,2,p61,City of Clovis Landfill,402290,RE Maplewood,TX,326.90366717150516
2028,2,p61,City of Clovis Landfill,401430,RE Roserock,TX,430.49041559716727
2028,2,p61,City of Clovis Landfill,402848,Rambler,TX,356.48268629603797
2028,2,p61,City of Clovis Landfill,402083,Solaire Holman Solar Project,TX,1181.170620153218
2028,2,p61,City of Clovis Landfill,403023,"Taygete Energy Project, LLC",TX,574.2456451455437
2028,2,p61,City of Clovis Landfill,404647,Taygete II Energy Project,TX,368.8571051712154
2028,2,p61,City of Clovis Landfill,403551,Titan Solar Project,TX,390.13288703781535
2028,2,p61,Victoria Landfill,406103,Zier Solar,TX,394.72190187029736
2028,2,p62,City of Clovis Landfill,403502,2W Permian Solar Project Hybrid,TX,401.4270621329798
2028,2,p62,City of Clovis Landfill,403697,CED Crane Solar,TX,468.95281349672575
2028,2,p62,City of Clovis Landfill,401525,Castle Gap Solar Hybrid,TX,528.3158471544073
2028,2,p62,City of Clovis Landfill,404599,Emerald Grove,TX,684.876887678412
2028,2,p62,City of Clovis Landfill,403004,Lapetus,TX,497.37104971857707
2028,2,p62,City of Clovis Landfill,403280,Oberon IA,TX,534.1080160499492
2028,2,p62,City of Clovis Landfill,403279,Oberon IB,TX,2243.6149608615024
2028,2,p62,City of Clovis Landfill,403602,Oxy Renewable Energy-Goldsmith,TX,3117.2964398366357
2028,2,p62,City of Clovis Landfill,402679,Phoebe Solar,TX,268.7481339612046
2028,2,p62,City of Clovis Landfill,403177,Prospero Solar,TX,254.43982673226313
2028,2,p62,City of Clovis Landfill,404128,Prospero Solar II,TX,341.9485638731342
2028,2,p62,City of Clovis Landfill,403070,"Roadrunner, LLC",TX,409.301051575124
2028,2,p62,City of Clovis Landfill,401805,Upton County Solar,TX,896.5728963391589
2028,2,p62,City of Clovis Landfill,402995,West of the Pecos Solar,TX,642.3237521193073
2028,2,p63,Victoria Landfill,405599,"BPL Crown Solar, LLC",TX,1167.956507943781
2028,2,p63,Victoria Landfill,404966,BPL Files Solar,TX,994.3612105424547
2028,2,p63,Victoria Landfill,403825,Briar Creek Solar 1,TX,1181.0625878081305
2028,2,p63,Victoria Landfill,402610,Chisum,TX,15077.08361316771
2028,2,p63,Victoria Landfill,401697,CoServ Community Solar Station,TX,336907.78530662006
2028,2,p63,Victoria Landfill,403188,Coniglio Solar,TX,1953.1400395342444
2028,2,p63,Victoria Landfill,406415,Dileo Solar,TX,1674.1578373891505
2028,2,p63,Victoria Landfill,402655,Eddy II,TX,8620.637806531018
2028,2,p63,Victoria Landfill,406221,Eiffel Solar Project,TX,835.4061617624934
2028,2,p63,Victoria Landfill,405540,"Ellis Solar, LLC",TX,2043.7162643889865
2028,2,p63,Victoria Landfill,403823,Elm Branch Solar 1,TX,1027.7964697112834
2028,2,p63,Victoria Landfill,406206,Five Wells Solar Center - Hybrid,TX,381.65813275818545
2028,2,p63,Victoria Landfill,404567,G.S.E. One LLC,TX,2213.1322974231907
2028,2,p63,Victoria Landfill,403288,Griffin Solar,TX,23475.415258872443
2028,2,p63,Victoria Landfill,406202,Grizzly Ridge Solar,TX,1253.8732731905002
2028,2,p63,Victoria Landfill,402329,Highway 56 Solar,TX,27408.654569708167
2028,2,p63,Victoria Landfill,405319,IKEA Grand Prairie Rooftop PV System,TX,980753.9983894221
2028,2,p63,Victoria Landfill,405689,"IP Radian, LLC",TX,416.40771191572395
2028,2,p63,Victoria Landfill,403481,Impact Solar 1,TX,1098.909399918388
2028,2,p63,Victoria Landfill,403190,Kellam Solar,TX,2202.341576430891
2028,2,p63,Victoria Landfill,402421,Leon Solar,TX,26576.751088476958
2028,2,p63,Victoria Landfill,403874,Lily Solar Hybrid,TX,1031.1178074829033
2028,2,p63,Victoria Landfill,402404,Marlin Solar,TX,18051.082626723033
2028,2,p63,Victoria Landfill,405794,Noble Solar,TX,767.8380779135454
2028,2,p63,Victoria Landfill,402405,North Gainesville Solar,TX,93791.08263424785
2028,2,p63,Victoria Landfill,401933,Phantom Solar,TX,6163.453470302525
2028,2,p63,Victoria Landfill,404872,"Pisgah Ridge Solar, LLC",TX,689.3620222201372
2028,2,p63,Victoria Landfill,406416,Pitts Dudik Solar,TX,2167.6965400055747
2028,2,p63,Victoria Landfill,403189,Rippey Solar,TX,2720.309263875226
2028,2,p63,Victoria Landfill,404630,"Samson Solar Energy III, LLC",TX,890.9963278234654
2028,2,p63,Victoria Landfill,402652,Sterling Solar (TX),TX,132992.7144241377
2028,2,p63,Victoria Landfill,404812,Sun Valley Solar Project,TX,524.8341487501701
2028,2,p63,Victoria Landfill,404388,"TPE Erath Solar, LLC",TX,12426.494474531812
2028,2,p63,Victoria Landfill,403457,"TPE Whitney Solar, LLC",TX,12758.366618227737
2028,2,p63,Victoria Landfill,405984,Waco Solar,TX,376.3436706855736
2028,2,p63,Victoria Landfill,402306,Walnut Springs Solar,TX,40869.13595072515
2028,2,p63,Victoria Landfill,402330,Whitesboro Solar,TX,289964.0578217901
2028,2,p63,Victoria Landfill,402414,Whitewright Solar,TX,15852.181069702036
2028,2,p63,Victoria Landfill,402654,Yellow Jacket,TX,24365.348959659328
2028,2,p64,Victoria Landfill,405731,Austin TX GigaFactory,TX,28095.839551280544
2028,2,p64,Victoria Landfill,402203,Bandera Electric Coop PV,TX,34855.61853220462
2028,2,p64,Victoria Landfill,404721,"Blue Jay Solar I, LLC",TX,279.6591956808762
2028,2,p64,Victoria Landfill,402648,Bovine,TX,2362.7732322510738
2028,2,p64,Victoria Landfill,402389,"E-Volve Energy Holdings, LLC",TX,16701.952485011192
2028,2,p64,Victoria Landfill,400227,East Blackland Solar Project 1,TX,463.87285060284694
2028,2,p64,Victoria Landfill,405101,IKEA Round Rock 027,TX,30675.85042041091
2028,2,p64,Victoria Landfill,402653,Lampwick,TX,10288.572149655656
2028,2,p64,Victoria Landfill,405613,Niagara Bottling - Seguin,TX,6488.463413766773
2028,2,p64,Victoria Landfill,402544,PowerFin Kingsbery,TX,12863.744931294676
2028,2,p64,Victoria Landfill,400249,Webberville Solar Project,TX,1380.9776842232386
2028,2,p65,Victoria Landfill,405700,Aktina Solar,TX,623.1200918399709
2028,2,p65,Victoria Landfill,404074,"Alexis Solar, LLC",TX,72317.53781962296
2028,2,p65,Victoria Landfill,405727,Bernard Creek Solar,TX,2091.3586320255845
2028,2,p65,Victoria Landfill,400081,Blue Wing Solar Energy Generation,TX,33148.99365625698
2028,2,p65,Victoria Landfill,405477,Brightside,TX,7732.093867372655
2028,2,p65,Victoria Landfill,401728,CPS 1 Community Solar,TX,609319.4120171105
2028,2,p65,Victoria Landfill,402656,Cascade Solar (TX),TX,42054.73316920151
2028,2,p65,Victoria Landfill,403987,Catan Solar,TX,22880.07436511946
2028,2,p65,Victoria Landfill,403091,Commerce Solar,TX,106225.19298223425
2028,2,p65,Victoria Landfill,404247,"Corazon Energy, LLC",TX,3719.7972106643892
2028,2,p65,Victoria Landfill,404062,Elara Solar,TX,4922.110999520846
2028,2,p65,Victoria Landfill,404359,FELPS 1-Calaveras,TX,456109.77304713137
2028,2,p65,Victoria Landfill,404361,FELPS 2-Calaveras,TX,513493.48066900304
2028,2,p65,Victoria Landfill,404362,FELPS 3-Floresville South,TX,362229.58794486546
2028,2,p65,Victoria Landfill,404363,FELPS 4-Floresville South,TX,362283.73192579305
2028,2,p65,Victoria Landfill,404364,FELPS 5-Floresville South,TX,362379.3251050431
2028,2,p65,Victoria Landfill,404739,FELPS 6- Floresville West,TX,481533.35720424546
2028,2,p65,Victoria Landfill,404740,FELPS 7- Floresville West,TX,550231.174492117
2028,2,p65,Victoria Landfill,406516,Ganado Solar,TX,1190.2622889334814
2028,2,p65,Victoria Landfill,405801,Horizon Solar,TX,3505.667266248257
2028,2,p65,Victoria Landfill,405380,IKEA Live Oak Rooftop PV System,TX,317485.2134865787
2028,2,p65,Victoria Landfill,403343,Mars Solar,TX,84530.57932415928
2028,2,p65,Victoria Landfill,404877,Nebula Solar,TX,8076.886352874288
2028,2,p65,Victoria Landfill,400694,"OCI Alamo 2, LLC",TX,177233.35668515705
2028,2,p65,Victoria Landfill,400965,"OCI Alamo 3, LLC",TX,93284.63997684867
2028,2,p65,Victoria Landfill,400966,"OCI Alamo 5, LLC",TX,16864.067952792673
2028,2,p65,Victoria Landfill,400593,OCI Alamo Solar I Hybrid,TX,14391.893412376048
2028,2,p65,Victoria Landfill,405809,Shakes Solar,TX,4456.734713628573
2028,2,p65,Victoria Landfill,405545,Sparta Solar,TX,1761.5796312158996
2028,2,p65,Victoria Landfill,400379,"SunE CPS1, LLC",TX,57629.1633433627
2028,2,p65,Victoria Landfill,400364,"SunE CPS2, LLC",TX,51453.947811047656
2028,2,p65,Victoria Landfill,400353,"SunE CPS3, LLC",TX,61456.50502358262
2028,2,p65,Victoria Landfill,406032,Tres Bahias,TX,789.0524431206865
2028,2,p65,Victoria Landfill,404878,Vancourt Solar Interconnections,TX,19176.616027183416
2028,2,p66,Victoria Landfill,406386,Umbriel Solar,TX,2132.146735683108
2028,2,p67,Victoria Landfill,404939,Brazoria County Solar Project (Danciger),TX,289.6702984233468
2028,2,p67,Victoria Landfill,404681,Brazoria West,TX,383.4512907344496
2028,2,p67,Victoria Landfill,402649,Bronson,TX,4456.081202106176
2028,2,p67,Victoria Landfill,406178,"Cutlass Solar 1, LLC",TX,481.4739665480285
2028,2,p67,Victoria Landfill,404587,Fighting Jays Solar Project,TX,309.5851664632534
2028,2,p67,Victoria Landfill,405564,"Fort Bend Solar, LLC",TX,289.7749687093206
2028,2,p67,Victoria Landfill,404853,"Longbow Solar, LLC",TX,1063.3173703198288
2028,2,p67,Victoria Landfill,403514,Wagyu,TX,483.5661792800682
2028,3,p12,Apex Regional Landfill,402144,Battle Mountain Solar Project,NV,682.0980656595452
2028,3,p12,Apex Regional Landfill,405553,Dodge Flat,NV,1654.8098589028718
2028,3,p12,Apex Regional Landfill,402609,"EGP Stillwater Solar PV II, LLC",NV,2931.9690909447168
2028,3,p12,Apex Regional Landfill,404659,Fish Springs,NV,1260.6976417120952
2028,3,p12,Apex Regional Landfill,401086,Ft. Churchill PV,NV,8078.808124448857
2028,3,p12,Apex Regional Landfill,402130,Luning Energy,NV,958.2910185983503
2028,3,p12,Apex Regional Landfill,403107,NVSS-II,NV,719.4924553669001
2028,3,p12,Apex Regional Landfill,400468,"Patua Acquisition Project, LLC",NV,7306.577539011762
2028,3,p12,Apex Regional Landfill,405023,Steamboat II,NV,117853.86549774991
2028,3,p12,Apex Regional Landfill,400029,Stillwater Facility,NV,2989.637742583317
2028,3,p12,Apex Regional Landfill,401318,Sunshine Valley Solar,NV,224.88568632545827
2028,3,p12,Apex Regional Landfill,405026,TS Power Plant,NV,678.8673927072863
2028,3,p12,Apex Regional Landfill,405576,Tesla Reno GigaFactory,NV,15922.644622171754
2028,3,p12,Apex Regional Landfill,401943,Tungsten Mountain,NV,8239.060378642907
2028,3,p12,Apex Regional Landfill,403308,Turquoise Liberty Solar,NV,10844.570664243503
2028,3,p12,Apex Regional Landfill,403884,"Turquoise Nevada, LLC",NV,2425.481188616441
2028,3,p12,Apex Regional Landfill,400035,Western 102 Power Plant,NV,322635.6513304271
2028,3,p13,Apex Regional Landfill,400555,Apex Solar PV Power Project,NV,465.8729091071971
2028,3,p13,Apex Regional Landfill,405385,Arrow Canyon Solar Hybrid,NV,365.40965930870055
2028,3,p13,Apex Regional Landfill,402017,"Boulder Solar II, LLC",NV,236.4894057677465
2028,3,p13,Apex Regional Landfill,401649,"Boulder Solar Power, LLC",NV,142.86877838993684
2028,3,p13,Apex Regional Landfill,400059,CM10,NV,1221.7833747823665
2028,3,p13,Apex Regional Landfill,400086,CM48,NV,367.7251119130511
2028,3,p13,Apex Regional Landfill,400363,Copper Mountain Solar 2,NV,125.41565132879889
2028,3,p13,Apex Regional Landfill,400802,Copper Mountain Solar 3,NV,84.80943604063496
2028,3,p13,Apex Regional Landfill,401308,"Copper Mountain Solar 4, LLC",NV,162.6280818048426
2028,3,p13,Apex Regional Landfill,403688,"Copper Mountain Solar 5, LLC",NV,98.4764604788487
2028,3,p13,Apex Regional Landfill,405358,Dignity - San Martin,NV,3350.890694811922
2028,3,p13,Apex Regional Landfill,405355,Dignity - Siena Campus,NV,2972.923938326348
2028,3,p13,Apex Regional Landfill,405556,Dry Lake Solar Energy Center,NV,137.3736595773571
2028,3,p13,Apex Regional Landfill,405495,Gemini Solar,NV,96.99229232146924
2028,3,p13,Apex Regional Landfill,403386,"Harry Allen Solar Energy, LLC",NV,174.63466666719782
2028,3,p13,Apex Regional Landfill,406090,IGS LAS1,NV,7607.420810332452
2028,3,p13,Apex Regional Landfill,406089,IGS VGT,NV,3733.6805897220215
2028,3,p13,Apex Regional Landfill,405309,IKEA Las Vegas 462,NV,5067.095772687606
2028,3,p13,Apex Regional Landfill,400545,Las Vegas WPCF Solar Plant,NV,926.6132727883542
2028,3,p13,Apex Regional Landfill,400313,Moapa Southern Paiute,NV,102.31019189653331
2028,3,p13,Apex Regional Landfill,400600,Mountain View Solar,NV,465.1582212765078
2028,3,p13,Apex Regional Landfill,400036,Nellis Air Force Base Solar Array,NV,388.73065829622254
2028,3,p13,Apex Regional Landfill,401381,Nellis Solar PV II,NV,186.39449731661708
2028,3,p13,Apex Regional Landfill,401319,"Playa Solar 1, LLC",NV,182.40627755671588
2028,3,p13,Apex Regional Landfill,401596,Playa Solar 2,NV,134.80914419020274
2028,3,p13,Apex Regional Landfill,401274,River Mountains Solar,NV,509.5631682269163
2028,3,p13,Mohave Valley Landfill,401042,Searchlight Solar,NV,1208.973701098775
2028,3,p13,Apex Regional Landfill,400166,Silver State Solar Power North,NV,352.4973936125912
2028,3,p13,Apex Regional Landfill,400658,Silver State Solar Power South,NV,129.66699277812734
2028,3,p13,Apex Regional Landfill,405246,"Solar Las Vegas MB 2, LLC",NV,1980.2908700876337
2028,3,p13,Apex Regional Landfill,405188,Solar Las Vegas MB-1,NV,732.6089120098461
2028,3,p13,Apex Regional Landfill,400556,Spectrum Solar PV Power Project,NV,243.23201152809008
2028,3,p13,Apex Regional Landfill,402485,"Techren Solar I, LLC",NV,139.32087713712494
2028,3,p13,Apex Regional Landfill,402690,"Techren Solar II, LLC",NV,92.80738623111719
2028,3,p13,Apex Regional Landfill,402691,"Techren Solar III, LLC",NV,455.0509247997907
2028,3,p13,Apex Regional Landfill,402692,"Techren Solar IV, LLC",NV,416.2228306616404
2028,3,p13,Apex Regional Landfill,403001,Techren Solar V,NV,213.0532592400924
2028,3,p13,Apex Regional Landfill,401851,Townsite Solar Project Hybrid,NV,97.70252113511718
2028,3,p13,Apex Regional Landfill,406448,Yellow Pine II,NV,317.3805740233903
2028,3,p13,Apex Regional Landfill,404971,Yellow Pine Solar,NV,328.41026229824774
2028,3,p27,Mohave Valley Landfill,400374,"Black Mountain Solar, LLC",AZ,360.1391217801575
2028,3,p27,Mohave Valley Landfill,402236,Gray Hawk Solar,AZ,140.70361465947985
2028,3,p27,Mohave Valley Landfill,401819,Jacobson 5 MW Solar,AZ,1035.8168948561467
2028,3,p27,Mohave Valley Landfill,400199,La Senita,AZ,3365.2772572856616
2028,3,p27,Mohave Valley Landfill,403718,Mohave Electric Cooperative at Joy Lane,AZ,80.8088429952014
2028,3,p27,Mohave Valley Landfill,401311,Mohave Electric at Fort Mohave,AZ,116.30794547506773
2028,3,p27,Mohave Valley Landfill,406478,Mohave Energy - Hybrid,AZ,56.37377953798079
2028,3,p28,Apache Junction Landfill,405418,AZ State University - Tempe Campus Solar,AZ,5510.5934721791955
2028,3,p28,South Yuma County Landfill,400148,Agua Caliente Solar Project,AZ,156.7039599778906
2028,3,p28,Apache Junction Landfill,402067,Apache Solar 1,AZ,3268.3685716076907
2028,3,p28,South Yuma County Landfill,400274,Arizona Western College PV,AZ,856.8068064777922
2028,3,p28,Apache Junction Landfill,400240,Arlington Valley Solar Energy II,AZ,333.41563726196216
2028,3,p28,Apache Junction Landfill,400437,Badger 1,AZ,2246.864431138628
2028,3,p28,Apache Junction Landfill,401688,Bonnybrooke PV,AZ,237.29973545207528
2028,3,p28,Apache Junction Landfill,400371,Buckeye Union HS District 201,AZ,8047.284196791134
2028,3,p28,Apache Junction Landfill,405635,"Central Line Solar, LLC",AZ,285.9578003342459
2028,3,p28,Apache Junction Landfill,400201,Chino Solar Valley,AZ,2508.7494034961537
2028,3,p28,Apache Junction Landfill,400202,Cotton Center Solar Hybrid,AZ,2048.8244022123063
2028,3,p28,Apache Junction Landfill,401069,Desert Star Hybrid,AZ,2668.982110933826
2028,3,p28,Apache Junction Landfill,403257,East Line Solar,AZ,224.098124875894
2028,3,p28,Apache Junction Landfill,406171,Eleven Mile Solar Center,AZ,111.26273296592399
2028,3,p28,Apache Junction Landfill,405244,Estrella Mountain PV,AZ,10497.251556505822
2028,3,p28,South Yuma County Landfill,400349,Foothills Solar Plant Hybrid,AZ,174.4258271787623
2028,3,p28,Apache Junction Landfill,400825,Fort Huachuca Solar PV Project,AZ,4037.9657536344807
2028,3,p28,Apache Junction Landfill,400845,Gila Bend Hybrid,AZ,1217.1143099802528
2028,3,p28,Apache Junction Landfill,400599,"Gilbert Solar Facility I, LLC",AZ,2802.196470465121
2028,3,p28,South Yuma County Landfill,400507,Hyder II Hybrid,AZ,2271.1520659098337
2028,3,p28,South Yuma County Landfill,400204,Hyder Solar Hybrid,AZ,2851.505879607591
2028,3,p28,Apache Junction Landfill,405282,Intel - Ocotillo Campus Solar,AZ,3476.404081471062
2028,3,p28,Apache Junction Landfill,405125,Jewish Community Center PV,AZ,11155.829763130329
2028,3,p28,Apache Junction Landfill,402234,Kayenta Solar Project,AZ,2002.408015127377
2028,3,p28,Apache Junction Landfill,400595,Lake Pleasant WTP,AZ,3429.8744371021335
2028,3,p28,Apache Junction Landfill,400128,Luke Solar,AZ,2009.4227900763935
2028,3,p28,Apache Junction Landfill,405068,Macys Goodyear,AZ,8148.053638244457
2028,3,p28,South Yuma County Landfill,406279,McFarland A Solar and Storage,AZ,192.25697741528143
2028,3,p28,Apache Junction Landfill,405617,Mesa Carport PV,AZ,573.2392804180344
2028,3,p28,Apache Junction Landfill,404512,Mesa Solar Array,AZ,523.227399276274
2028,3,p28,Apache Junction Landfill,400250,Mesquite Solar 1,AZ,510.25373182994315
2028,3,p28,Apache Junction Landfill,401621,"Mesquite Solar 2, LLC",AZ,360.1660353369807
2028,3,p28,Apache Junction Landfill,401622,"Mesquite Solar 3, LLC",AZ,278.98362268501324
2028,3,p28,Apache Junction Landfill,406038,"Mesquite Solar 4, LLC",AZ,646.9919538739407
2028,3,p28,Apache Junction Landfill,404922,"Mesquite Solar 5, LLC",AZ,627.9345151405689
2028,3,p28,Mohave Valley Landfill,403572,OE_AZ1,AZ,1537.0049814163733
2028,3,p28,Apache Junction Landfill,400203,Paloma Solar Hybrid,AZ,1775.7324950021186
2028,3,p28,Apache Junction Landfill,405126,Paradise Valley H.S. PV,AZ,10034.589250074989
2028,3,p28,Apache Junction Landfill,405150,Phoenix Airport East Economy Lot,AZ,11890.985760048861
2028,3,p28,Apache Junction Landfill,405151,Phoenix Airport Rental Car Center,AZ,9255.687764684553
2028,3,p28,Apache Junction Landfill,402528,Pinal Central Energy Center Hybrid,AZ,714.7430732985621
2028,3,p28,Apache Junction Landfill,400125,"Poseidon Solar, LLC",AZ,366.8563342068736
2028,3,p28,Apache Junction Landfill,400031,Prescott Airport,AZ,19437.394076891735
2028,3,p28,Apache Junction Landfill,400401,Prescott Solar Plant,AZ,4974.568741898154
2028,3,p28,Apache Junction Landfill,400323,Queen Creek Solar Farm,AZ,218.71511044980937
2028,3,p28,Mohave Valley Landfill,400289,"RE Bagdad Solar I, LLC",AZ,2711.2863721364224
2028,3,p28,Apache Junction Landfill,405132,"RE Gillespie 1, LLC",AZ,1835.469866853674
2028,3,p28,Apache Junction Landfill,400758,Red Horse 2,AZ,837.8089405750239
2028,3,p28,Apache Junction Landfill,401609,Red Horse III,AZ,1492.6887435372805
2028,3,p28,Apache Junction Landfill,401726,Red Rock,AZ,617.3756946996747
2028,3,p28,Apache Junction Landfill,406380,SR McNeal,AZ,3280.9691850953054
2028,3,p28,Apache Junction Landfill,400416,Saddle Mountain Solar I,AZ,2549.2386635115804
2028,3,p28,Apache Junction Landfill,403674,Saint Solar,AZ,278.9719655846084
2028,3,p28,Apache Junction Landfill,401214,Sandstone Solar,AZ,297.1750304526153
2028,3,p28,Apache Junction Landfill,405029,Solana Generating Station,AZ,171.02021123839452
2028,3,p28,Apache Junction Landfill,406275,Sonoran Solar Energy,AZ,164.54568140312094
2028,3,p28,Apache Junction Landfill,406034,Storey Solar and Storage,AZ,179.05816741620626
2028,3,p28,Apache Junction Landfill,401664,Sulphur Springs,AZ,2536.2091354372783
2028,3,p28,Apache Junction Landfill,403643,Sun Streams 2,AZ,324.8465884414333
2028,3,p28,Apache Junction Landfill,406517,Sun Streams 3,AZ,195.64467139991783
2028,3,p28,Apache Junction Landfill,401975,"Sun Streams, LLC",AZ,359.00469687160296
2028,3,p28,Apache Junction Landfill,405311,T0588 Phoenix - AZ,AZ,26192.288573059395
2028,3,p28,Apache Junction Landfill,405134,Union HS at Casa Grande,AZ,9901.703540949627
2028,3,p28,Apache Junction Landfill,405135,Vista Grande HS at Casa Grande,AZ,12174.611537263412
2028,3,p28,Apache Junction Landfill,400334,Walmart Casa Grande,AZ,8166.764938088041
2028,3,p28,Apache Junction Landfill,406098,"West Line Solar, LLC",AZ,288.6972626095966
2028,3,p29,Apache Junction Landfill,400014,Springerville,AZ,4371.142467289739
2028,3,p30,Apache Junction Landfill,405143,Actus Lend Lease DMAFB,AZ,6833.276149369832
2028,3,p30,Apache Junction Landfill,405611,Amazon TUS2,AZ,10397.077998472156
2028,3,p30,Apache Junction Landfill,405268,Amphitheater High School Solar,AZ,18814.305374820793
2028,3,p30,Apache Junction Landfill,400939,Avalon Solar,AZ,902.5548401845646
2028,3,p30,Apache Junction Landfill,401479,Avalon Solar II,AZ,1778.4451818095804
2028,3,p30,Apache Junction Landfill,400226,Avra Valley Solar,AZ,800.9450694780563
2028,3,p30,Apache Junction Landfill,404704,Broadway 2 - Tucson Phase II,AZ,6731.9804338764925
2028,3,p30,Apache Junction Landfill,405768,Broadway 3 - Tucson Phase I,AZ,18044.6619487813
2028,3,p30,Apache Junction Landfill,405269,Canyon Del Oro High School Solar,AZ,3964.286953702103
2028,3,p30,Apache Junction Landfill,400757,Cogenra-TEP,AZ,22101.572642095114
2028,3,p30,Apache Junction Landfill,401295,Davis Monthan AFB (AZ) West Airfield,AZ,1682.0590543987303
2028,3,p30,Apache Junction Landfill,400330,FRB Solar Farm,AZ,11583.630649860717
2028,3,p30,Apache Junction Landfill,400761,"Gato Montes Solar, LLC",AZ,6328.104536637771
2028,3,p30,Apache Junction Landfill,404536,Iron Horse Battery Storage Hybrid,AZ,18401.050945005558
2028,3,p30,Apache Junction Landfill,400552,"Picture Rocks Solar, LLC",AZ,2064.5538858237387
2028,3,p30,Apache Junction Landfill,405374,Pima Community College,AZ,19271.927248677526
2028,3,p30,Apache Junction Landfill,405303,Pima Community College - East Campus,AZ,17555.70134568453
2028,3,p30,Apache Junction Landfill,405516,Pima Community College NW,AZ,19201.24592672008
2028,3,p30,Apache Junction Landfill,400408,Prairie Fire,AZ,4891.233674904394
2028,3,p30,Apache Junction Landfill,400290,"RE Ajo 1, LLC",AZ,5227.647407013474
2028,3,p30,Apache Junction Landfill,404926,Raptor Ridge,AZ,1921.5248267896877
2028,3,p30,Apache Junction Landfill,400857,Rio Rico Solar,AZ,6347.189442548697
2028,3,p30,Apache Junction Landfill,400193,Roger Road WWTP,AZ,20249.408784664487
2028,3,p30,Apache Junction Landfill,401076,Tech Park Solar,AZ,6224.242500696586
2028,3,p30,Apache Junction Landfill,400156,UASTP I,AZ,30743.08963106506
2028,3,p30,Apache Junction Landfill,401075,Valencia Solar,AZ,2971.3070518318755
2028,3,p30,Apache Junction Landfill,404187,"Wilmot Energy Center, LLC",AZ,263.68413572683
2028,3,p31,City of Clovis Landfill,400211,Alamogordo Solar Energy Center,NM,53280.23839095873
2028,3,p31,Northeastern New Mexico Regional Landfill,400206,Albuquerque Solar Energy Center,NM,53066.198634578795
2028,3,p31,Northeastern New Mexico Regional Landfill,403675,Alcalde Solar Array,NM,42839.820837469975
2028,3,p31,Apache Junction Landfill,401595,Alta Luna,NM,5847.357074527145
2028,3,p31,Northeastern New Mexico Regional Landfill,404724,Angel Fire Energy Facility,NM,2792.5928680556985
2028,3,p31,Northeastern New Mexico Regional Landfill,405469,Arroyo Solar Energy Storage Hybrid,NM,641.4240729584332
2028,3,p31,Northeastern New Mexico Regional Landfill,403321,Bluewater CDEC 1,NM,67879.00504024311
2028,3,p31,Northeastern New Mexico Regional Landfill,403736,Britton Solar Energy Center,NM,1514.4269341632726
2028,3,p31,City of Clovis Landfill,404981,Buena Vista Energy Center,NM,1379.773030013957
2028,3,p31,Northeastern New Mexico Regional Landfill,402876,CNMEC Solar Energy Center,NM,57796.3330384754
2028,3,p31,City of Clovis Landfill,402519,Carrizozo Solar,NM,44112.437274435535
2028,3,p31,Northeastern New Mexico Regional Landfill,401202,Cibola,NM,19774.58031928538
2028,3,p31,Northeastern New Mexico Regional Landfill,400104,Cimarron Solar Facility,NM,590.5514289165467
2028,3,p31,Apache Junction Landfill,402988,City of Gallup Solar,NM,20318.349475831146
2028,3,p31,Northeastern New Mexico Regional Landfill,403604,City of Rio Rancho WWTP,NM,84755.59601040365
2028,3,p31,Apache Junction Landfill,401225,City of Truth or Consequences PV,NM,108967.02208065907
2028,3,p31,Apache Junction Landfill,402177,Columbus Solar Project,NM,89333.27354670761
2028,3,p31,Northeastern New Mexico Regional Landfill,404748,"Cuba 2.5ac, LLC",NM,34244.22074337552
2028,3,p31,Apache Junction Landfill,400209,Deming Solar Energy Center,NM,21992.80620028876
2028,3,p31,Northeastern New Mexico Regional Landfill,403868,Encino Solar Energy Center,NM,2747.0217782302125
2028,3,p31,Northeastern New Mexico Regional Landfill,401038,Eubank Landfill Solar Array,NM,53598.74157362754
2028,3,p31,Northeastern New Mexico Regional Landfill,402441,Facebook 1 Solar Energy Center,NM,9974.157856860958
2028,3,p31,Northeastern New Mexico Regional Landfill,402442,Facebook 2 Solar Energy Center,NM,9599.756656090967
2028,3,p31,Northeastern New Mexico Regional Landfill,402443,Facebook 3 Solar Energy Center,NM,10671.49893344502
2028,3,p31,Northeastern New Mexico Regional Landfill,403322,Grants CDEC 2,NM,35360.778794520156
2028,3,p31,Apache Junction Landfill,400216,"Hatch Solar Energy Center I, LLC",NM,34114.459330871345
2028,3,p31,City of Clovis Landfill,401617,Holloman Solar Facility,NM,32898.911848300784
2028,3,p31,Northeastern New Mexico Regional Landfill,406109,"Jicarilla Solar 1, LLC",NM,2829.0931780660644
2028,3,p31,Northeastern New Mexico Regional Landfill,400427,Kit Carson,NM,42098.348952430264
2028,3,p31,Northeastern New Mexico Regional Landfill,400210,Las Vegas Solar Energy Center,NM,6551.471005787601
2028,3,p31,Northeastern New Mexico Regional Landfill,400434,Los Alamos PV Site,NM,69482.17947589328
2028,3,p31,Northeastern New Mexico Regional Landfill,400207,Los Lunas Solar Energy Center,NM,14195.458186101996
2028,3,p31,Apache Junction Landfill,400838,Macho Springs,NM,3932.4143464452545
2028,3,p31,Northeastern New Mexico Regional Landfill,400582,Manzano Solar,NM,13666.460223986354
2028,3,p31,Northeastern New Mexico Regional Landfill,401201,Meadow Lake Solar Energy Center,NM,14517.674633087847
2028,3,p31,Northeastern New Mexico Regional Landfill,406177,"NMRD Data Center III, LLC",NM,1816.7810455057238
2028,3,p31,City of Clovis Landfill,405693,NMSU Solar and Storage,NM,70907.07821447222
2028,3,p31,Northeastern New Mexico Regional Landfill,406375,OE_ESCL,NM,866.4973924740056
2028,3,p31,City of Clovis Landfill,400581,Otero Solar,NM,28188.75373113648
2028,3,p31,Northeastern New Mexico Regional Landfill,400146,Questa Solar Facility,NM,56336.56266680043
2028,3,p31,Northeastern New Mexico Regional Landfill,403178,"RC Energy AA, LLC Solar Facility",NM,119383.46047467369
2028,3,p31,Northeastern New Mexico Regional Landfill,401566,Rio Communities Solar Energy Center,NM,10318.29157962081
2028,3,p31,Northeastern New Mexico Regional Landfill,403084,Rio De Oro Solar Energy Center,NM,12629.558843213277
2028,3,p31,Northeastern New Mexico Regional Landfill,400624,Rio Rancho High School,NM,141358.68274824994
2028,3,p31,City of Clovis Landfill,400135,Roadrunner Solar,NM,9020.51449284906
2028,3,p31,Northeastern New Mexico Regional Landfill,404648,"Route 66 Energy Center, LLC",NM,2473.452929577451
2028,3,p31,Northeastern New Mexico Regional Landfill,403387,San Miguel I Solar Energy Center,NM,3654.4378183312556
2028,3,p31,Northeastern New Mexico Regional Landfill,405458,San Miguel II Solar Energy Center,NM,4840.846985746598
2028,3,p31,Northeastern New Mexico Regional Landfill,401161,Sandoval Solar Energy Center,NM,14685.320128769128
2028,3,p31,Northeastern New Mexico Regional Landfill,401564,Santa Fe Solar Energy Center,NM,6920.195521848863
2028,3,p31,Northeastern New Mexico Regional Landfill,401565,Santolina Solar Energy Center,NM,10314.5913400942
2028,3,p31,Apache Junction Landfill,400596,Silver City WWTP PV Project,NM,131774.9168906128
2028,3,p31,Northeastern New Mexico Regional Landfill,406343,Sky Ranch Solar,NM,570.753023017038
2028,3,p31,Northeastern New Mexico Regional Landfill,401563,South Valley Solar Energy Center,NM,11741.421120768911
2028,3,p31,Northeastern New Mexico Regional Landfill,401162,Springer Solar 1,NM,26038.927768843783
2028,3,p31,Northeastern New Mexico Regional Landfill,400735,Storrie Lake Solar Project,NM,26942.519140942673
2028,3,p31,Northeastern New Mexico Regional Landfill,400623,Sue Cleveland High School,NM,103632.74043553405
2028,3,p31,City of Clovis Landfill,400343,"SunE EPE1, LLC",NM,27498.129901222557
2028,3,p31,City of Clovis Landfill,400342,"SunE EPE2, LLC",NM,16339.315293041967
2028,3,p31,Northeastern New Mexico Regional Landfill,402854,Syncarpha Eagle Nest,NM,33868.575812467214
2028,3,p31,Northeastern New Mexico Regional Landfill,403412,Syncarpha El Rito,NM,45221.673134846795
2028,3,p31,Northeastern New Mexico Regional Landfill,403413,Syncarpha Questa,NM,29682.865150770253
2028,3,p31,Northeastern New Mexico Regional Landfill,403411,Syncarpha Taos,NM,17988.040753698282
2028,3,p31,Northeastern New Mexico Regional Landfill,404618,Taos Mesa Energy Facility Hybrid,NM,2943.4391436473984
2028,3,p31,Northeastern New Mexico Regional Landfill,403011,Vista Solar Energy Center,NM,12335.324516546798
2028,3,p31,City of Clovis Landfill,400354,WSMR I,NM,43051.68900137232
2028,3,p31,Apache Junction Landfill,405245,Wal-Mart Truth or Consequences PV,NM,238633.0745232733
2028,3,p47,City of Clovis Landfill,400979,"Caprock Solar 1, LLC",NM,1484.639186027107
2028,3,p47,City of Clovis Landfill,404980,Chaves County Solar II,NM,1970.722261053197
2028,3,p47,City of Clovis Landfill,401681,"Chaves Solar, LLC",NM,944.5751799390712
2028,3,p47,City of Clovis Landfill,400614,GSE NM1,NM,55096.3135564167
2028,3,p47,City of Clovis Landfill,404982,Hayhurst New Mexico Solar,NM,5663.097443804797
2028,3,p47,City of Clovis Landfill,402530,Middle Daisy,NM,14650.165097825779
2028,3,p47,City of Clovis Landfill,401682,"Roswell Solar, LLC",NM,854.5465724871777
2028,3,p47,City of Clovis Landfill,400546,SEV NM Phase 2,NM,56770.7169090965
2028,3,p47,City of Clovis Landfill,400260,SPS1 Dollarhide,NM,10483.42290486513
2028,3,p47,City of Clovis Landfill,400261,SPS2 Jal,NM,10223.76456043942
2028,3,p47,City of Clovis Landfill,400262,SPS3 Lea,NM,8747.191952456718
2028,3,p47,City of Clovis Landfill,400264,SPS5 Hopi,NM,13294.467914806546
2028,3,p47,City of Clovis Landfill,404698,SoCore Clovis 1,NM,1901.262498260256
2028,3,p48,City of Clovis Landfill,406439,"BESSP1, LLC",TX,3719.5715413196813
2028,3,p48,City of Clovis Landfill,405590,"Hecate Energy Frye Solar, LLC",TX,152.51001033599889
2028,3,p57,Victoria Landfill,404918,"Hecate Energy Upshur Rural, LLC",TX,13392.882212637445
2028,3,p59,City of Clovis Landfill,402666,Fort Bliss (DEA EPIC),TX,35198.943071247864
2028,3,p59,City of Clovis Landfill,401616,Montana Solar Facility,TX,15286.354804252229
2028,3,p59,City of Clovis Landfill,401045,Newman Solar,TX,4002.4635815300894
2028,3,p60,City of Clovis Landfill,403962,"ANSON Solar Center, LLC",TX,578.5371196543115
2028,3,p60,City of Clovis Landfill,403883,Azure Sky Solar,TX,848.2265533134562
2028,3,p60,City of Clovis Landfill,403232,"ENGIE Long Draw Solar, LLC",TX,311.4322331816551
2028,3,p60,City of Clovis Landfill,406252,Highpeak Solar 1,TX,7851.852272398135
2028,3,p60,City of Clovis Landfill,402721,Holstein 1 Solar Farm,TX,809.8439660083483
2028,3,p60,City of Clovis Landfill,405492,Juno Solar Project,TX,341.56532197561927
2028,3,p60,City of Clovis Landfill,402541,Lamesa II,TX,1906.815611996364
2028,3,p60,City of Clovis Landfill,401660,Lamesa Solar,TX,802.3943797695862
2028,3,p60,City of Clovis Landfill,405932,Lumina II Solar Project,TX,259.65683501884655
2028,3,p60,City of Clovis Landfill,405933,Lumina Solar Project,TX,309.63347386574316
2028,3,p60,City of Clovis Landfill,402909,Misae Solar,TX,388.5542387554913
2028,3,p60,City of Clovis Landfill,400968,"OCI Alamo 7, LLC",TX,1114.1793799840134
2028,3,p60,City of Clovis Landfill,405939,Texas Solar Nova 1,TX,356.5483357143814
2028,3,p61,City of Clovis Landfill,400967,Alamo 6,TX,616.9507498359385
2028,3,p61,City of Clovis Landfill,403557,Aragorn Solar Project,TX,282.3955192500132
2028,3,p61,City of Clovis Landfill,400691,Barilla Solar,TX,1931.1381690022063
2028,3,p61,City of Clovis Landfill,401946,Bluebell Solar,TX,2374.897384805373
2028,3,p61,City of Clovis Landfill,403574,Bluebell Solar II,TX,628.5839319352984
2028,3,p61,City of Clovis Landfill,400554,"Bryan Solar, LLC",TX,8156.3592406686585
2028,3,p61,City of Clovis Landfill,401463,Buckthorn Westex,TX,590.3002188922225
2028,3,p61,City of Clovis Landfill,401703,East Pecos Solar,TX,657.2668318583792
2028,3,p61,City of Clovis Landfill,405363,Galloway 1 Solar Farm,TX,377.5666827592704
2028,3,p61,City of Clovis Landfill,405494,Galloway 2 Solar Farm,TX,557.7535544584968
2028,3,p61,City of Clovis Landfill,403210,Greasewood,TX,524.4131421711918
2028,3,p61,City of Clovis Landfill,406370,Hayhurst Texas Solar,TX,2893.8942683487235
2028,3,p61,City of Clovis Landfill,402304,Midway Solar-TX,TX,381.1225422363328
2028,3,p61,Victoria Landfill,400695,"OCI Alamo 4, LLC",TX,1800.065248645281
2028,3,p61,City of Clovis Landfill,401868,Pearl Solar,TX,1330.8547230958184
2028,3,p61,City of Clovis Landfill,402290,RE Maplewood,TX,481.6637864072576
2028,3,p61,City of Clovis Landfill,401430,RE Roserock,TX,499.3415800800284
2028,3,p61,City of Clovis Landfill,402848,Rambler,TX,356.48268629603797
2028,3,p61,City of Clovis Landfill,402083,Solaire Holman Solar Project,TX,1181.170620153218
2028,3,p61,City of Clovis Landfill,403023,"Taygete Energy Project, LLC",TX,351.5007585673262
2028,3,p61,City of Clovis Landfill,404647,Taygete II Energy Project,TX,368.8571051712154
2028,3,p61,City of Clovis Landfill,403551,Titan Solar Project,TX,390.13288703781535
2028,3,p61,Victoria Landfill,406103,Zier Solar,TX,357.4753231958199
2028,3,p62,City of Clovis Landfill,403502,2W Permian Solar Project Hybrid,TX,401.4270621329798
2028,3,p62,City of Clovis Landfill,403697,CED Crane Solar,TX,468.95281349672575
2028,3,p62,City of Clovis Landfill,401525,Castle Gap Solar Hybrid,TX,528.3158471544073
2028,3,p62,City of Clovis Landfill,404599,Emerald Grove,TX,684.876887678412
2028,3,p62,City of Clovis Landfill,403004,Lapetus,TX,577.3689865550067
2028,3,p62,City of Clovis Landfill,403280,Oberon IA,TX,534.1080160499492
2028,3,p62,City of Clovis Landfill,403279,Oberon IB,TX,2243.6149608615024
2028,3,p62,City of Clovis Landfill,403602,Oxy Renewable Energy-Goldsmith,TX,3117.2964398366357
2028,3,p62,City of Clovis Landfill,402679,Phoebe Solar,TX,268.7481339612046
2028,3,p62,City of Clovis Landfill,403177,Prospero Solar,TX,254.43982673226313
2028,3,p62,City of Clovis Landfill,404128,Prospero Solar II,TX,341.9485638731342
2028,3,p62,City of Clovis Landfill,403070,"Roadrunner, LLC",TX,409.301051575124
2028,3,p62,City of Clovis Landfill,401805,Upton County Solar,TX,720.735002811327
2028,3,p62,City of Clovis Landfill,402995,West of the Pecos Solar,TX,746.4804726891919
2028,3,p63,Victoria Landfill,405599,"BPL Crown Solar, LLC",TX,1167.956507943781
2028,3,p63,Victoria Landfill,404966,BPL Files Solar,TX,994.3612105424547
2028,3,p63,Victoria Landfill,403825,Briar Creek Solar 1,TX,1040.8676010571141
2028,3,p63,Victoria Landfill,402610,Chisum,TX,18831.478843009638
2028,3,p63,Victoria Landfill,401697,CoServ Community Solar Station,TX,168483.64400020996
2028,3,p63,Victoria Landfill,403188,Coniglio Solar,TX,1953.1400395342444
2028,3,p63,Victoria Landfill,406415,Dileo Solar,TX,1674.1578373891505
2028,3,p63,Victoria Landfill,402655,Eddy II,TX,11066.676410168451
2028,3,p63,Victoria Landfill,406221,Eiffel Solar Project,TX,835.4061617624934
2028,3,p63,Victoria Landfill,405540,"Ellis Solar, LLC",TX,2043.7162643889865
2028,3,p63,Victoria Landfill,403823,Elm Branch Solar 1,TX,1027.7964697112834
2028,3,p63,Victoria Landfill,406206,Five Wells Solar Center - Hybrid,TX,381.65813275818545
2028,3,p63,Victoria Landfill,404567,G.S.E. One LLC,TX,2213.1322974231907
2028,3,p63,Victoria Landfill,403288,Griffin Solar,TX,27378.06735305118
2028,3,p63,Victoria Landfill,406202,Grizzly Ridge Solar,TX,1424.4976416748575
2028,3,p63,Victoria Landfill,402329,Highway 56 Solar,TX,273551.0214528817
2028,3,p63,Victoria Landfill,405689,"IP Radian, LLC",TX,461.02083918018934
2028,3,p63,Victoria Landfill,403481,Impact Solar 1,TX,1098.909399918388
2028,3,p63,Victoria Landfill,403190,Kellam Solar,TX,2202.341576430891
2028,3,p63,Victoria Landfill,402421,Leon Solar,TX,33206.0631871462
2028,3,p63,Victoria Landfill,403874,Lily Solar Hybrid,TX,1169.9199665804608
2028,3,p63,Victoria Landfill,402404,Marlin Solar,TX,14452.766640138429
2028,3,p63,Victoria Landfill,405794,Noble Solar,TX,767.8380779135454
2028,3,p63,Victoria Landfill,401933,Phantom Solar,TX,4942.66331500202
2028,3,p63,Victoria Landfill,404872,"Pisgah Ridge Solar, LLC",TX,531.897190115103
2028,3,p63,Victoria Landfill,406416,Pitts Dudik Solar,TX,2431.2207707812713
2028,3,p63,Victoria Landfill,403189,Rippey Solar,TX,2720.309263875226
2028,3,p63,Victoria Landfill,404630,"Samson Solar Energy III, LLC",TX,890.9963278234654
2028,3,p63,Victoria Landfill,402652,Sterling Solar (TX),TX,66526.10855896886
2028,3,p63,Victoria Landfill,404812,Sun Valley Solar Project,TX,473.1306537557067
2028,3,p63,Victoria Landfill,404388,"TPE Erath Solar, LLC",TX,12426.494474531812
2028,3,p63,Victoria Landfill,403457,"TPE Whitney Solar, LLC",TX,10218.593833342191
2028,3,p63,Victoria Landfill,405984,Waco Solar,TX,376.3436706855736
2028,3,p63,Victoria Landfill,402306,Walnut Springs Solar,TX,20464.319322262563
2028,3,p63,Victoria Landfill,402497,West Moore Solar II,TX,290382.8880442596
2028,3,p63,Victoria Landfill,402330,Whitesboro Solar,TX,96694.35440312998
2028,3,p63,Victoria Landfill,402654,Yellow Jacket,TX,24365.348959659328
2028,3,p64,Victoria Landfill,405731,Austin TX GigaFactory,TX,21086.755336910413
2028,3,p64,Victoria Landfill,402203,Bandera Electric Coop PV,TX,34855.61853220462
2028,3,p64,Victoria Landfill,404721,"Blue Jay Solar I, LLC",TX,279.6591956808762
2028,3,p64,Victoria Landfill,402648,Bovine,TX,2362.7732322510738
2028,3,p64,Victoria Landfill,402389,"E-Volve Energy Holdings, LLC",TX,18782.25870891259
2028,3,p64,Victoria Landfill,400227,East Blackland Solar Project 1,TX,406.1056853452975
2028,3,p64,Victoria Landfill,405101,IKEA Round Rock 027,TX,34502.893886237296
2028,3,p64,Victoria Landfill,402653,Lampwick,TX,9152.008876782807
2028,3,p64,Victoria Landfill,405613,Niagara Bottling - Seguin,TX,5774.134444881575
2028,3,p64,Victoria Landfill,402544,PowerFin Kingsbery,TX,12863.744931294676
2028,3,p64,Victoria Landfill,400249,Webberville Solar Project,TX,1569.7598257122725
2028,3,p65,Victoria Landfill,405700,Aktina Solar,TX,623.1200918399709
2028,3,p65,Victoria Landfill,404074,"Alexis Solar, LLC",TX,72317.53781962296
2028,3,p65,Victoria Landfill,405727,Bernard Creek Solar,TX,2091.3586320255845
2028,3,p65,Victoria Landfill,400081,Blue Wing Solar Energy Generation,TX,33148.99365625698
2028,3,p65,Victoria Landfill,405477,Brightside,TX,7732.093867372655
2028,3,p65,Victoria Landfill,401728,CPS 1 Community Solar,TX,473928.32105637476
2028,3,p65,Victoria Landfill,402656,Cascade Solar (TX),TX,49053.93824843509
2028,3,p65,Victoria Landfill,403987,Catan Solar,TX,22880.07436511946
2028,3,p65,Victoria Landfill,403091,Commerce Solar,TX,106225.19298223425
2028,3,p65,Victoria Landfill,404247,"Corazon Energy, LLC",TX,3719.7972106643892
2028,3,p65,Victoria Landfill,404062,Elara Solar,TX,4922.110999520846
2028,3,p65,Victoria Landfill,404359,FELPS 1-Calaveras,TX,456109.7730471314
2028,3,p65,Victoria Landfill,404361,FELPS 2-Calaveras,TX,513493.48066900304
2028,3,p65,Victoria Landfill,404362,FELPS 3-Floresville South,TX,362229.58794486546
2028,3,p65,Victoria Landfill,404363,FELPS 4-Floresville South,TX,362283.73192579305
2028,3,p65,Victoria Landfill,404364,FELPS 5-Floresville South,TX,362379.3251050431
2028,3,p65,Victoria Landfill,404739,FELPS 6- Floresville West,TX,481533.35720424546
2028,3,p65,Victoria Landfill,404740,FELPS 7- Floresville West,TX,481459.71551732725
2028,3,p65,Victoria Landfill,406516,Ganado Solar,TX,1190.2622889334814
2028,3,p65,Victoria Landfill,405801,Horizon Solar,TX,3936.4378378042884
2028,3,p65,Victoria Landfill,405380,IKEA Live Oak Rooftop PV System,TX,357163.427335676
2028,3,p65,Victoria Landfill,403343,Mars Solar,TX,75144.90414300823
2028,3,p65,Victoria Landfill,404877,Nebula Solar,TX,6473.40962105943
2028,3,p65,Victoria Landfill,400694,"OCI Alamo 2, LLC",TX,151922.80611496317
2028,3,p65,Victoria Landfill,400965,"OCI Alamo 3, LLC",TX,93284.63997684869
2028,3,p65,Victoria Landfill,400966,"OCI Alamo 5, LLC",TX,12062.763593080479
2028,3,p65,Victoria Landfill,400593,OCI Alamo Solar I Hybrid,TX,14391.893412376048
2028,3,p65,Victoria Landfill,405809,Shakes Solar,TX,7974.52032949143
2028,3,p65,Victoria Landfill,405545,Sparta Solar,TX,1383.340311790144
2028,3,p65,Victoria Landfill,400379,"SunE CPS1, LLC",TX,57629.1633433627
2028,3,p65,Victoria Landfill,400364,"SunE CPS2, LLC",TX,51453.947811047656
2028,3,p65,Victoria Landfill,400353,"SunE CPS3, LLC",TX,81922.17246684349
2028,3,p65,Victoria Landfill,406032,Tres Bahias,TX,893.2738358807843
2028,3,p65,Victoria Landfill,404878,Vancourt Solar Interconnections,TX,19176.616027183416
2028,3,p66,Victoria Landfill,406386,Umbriel Solar,TX,2362.4405181145644
2028,3,p67,Victoria Landfill,404939,Brazoria County Solar Project (Danciger),TX,289.6702984233468
2028,3,p67,Victoria Landfill,404681,Brazoria West,TX,342.9577161176434
2028,3,p67,Victoria Landfill,402649,Bronson,TX,4456.081202106176
2028,3,p67,Victoria Landfill,406178,"Cutlass Solar 1, LLC",TX,481.4739665480285
2028,3,p67,Victoria Landfill,404587,Fighting Jays Solar Project,TX,259.56867193060276
2028,3,p67,Victoria Landfill,405564,"Fort Bend Solar, LLC",TX,289.7749687093206
2028,3,p67,Victoria Landfill,404853,"Longbow Solar, LLC",TX,1063.3173703198288
2028,3,p67,Victoria Landfill,403514,Wagyu,TX,483.5661792800682
2028,4,p12,Apex Regional Landfill,402144,Battle Mountain Solar Project,NV,752.3751896217168
2028,4,p12,Apex Regional Landfill,405553,Dodge Flat,NV,1654.8098589028718
2028,4,p12,Apex Regional Landfill,402609,"EGP Stillwater Solar PV II, LLC",NV,3252.2318843830185
2028,4,p12,Apex Regional Landfill,404659,Fish Springs,NV,1502.9163800545148
2028,4,p12,Apex Regional Landfill,401086,Ft. Churchill PV,NV,8078.808124448857
2028,4,p12,Apex Regional Landfill,402130,Luning Energy,NV,958.2910185983503
2028,4,p12,Apex Regional Landfill,403107,NVSS-II,NV,719.4924553669001
2028,4,p12,Apex Regional Landfill,400468,"Patua Acquisition Project, LLC",NV,7306.577539011762
2028,4,p12,Apex Regional Landfill,405023,Steamboat II,NV,117853.86549774991
2028,4,p12,Apex Regional Landfill,400029,Stillwater Facility,NV,3357.1419666562315
2028,4,p12,Apex Regional Landfill,401318,Sunshine Valley Solar,NV,224.88568632545827
2028,4,p12,Apex Regional Landfill,405026,TS Power Plant,NV,836.1832533841078
2028,4,p12,Apex Regional Landfill,405576,Tesla Reno GigaFactory,NV,19097.252756606107
2028,4,p12,Apex Regional Landfill,401943,Tungsten Mountain,NV,8239.060378642907
2028,4,p12,Apex Regional Landfill,403308,Turquoise Liberty Solar,NV,10844.570664243503
2028,4,p12,Apex Regional Landfill,403884,"Turquoise Nevada, LLC",NV,2425.481188616441
2028,4,p12,Apex Regional Landfill,400035,Western 102 Power Plant,NV,215106.96887028456
2028,4,p13,Apex Regional Landfill,400555,Apex Solar PV Power Project,NV,465.8729091071971
2028,4,p13,Apex Regional Landfill,405385,Arrow Canyon Solar Hybrid,NV,365.40965930870055
2028,4,p13,Apex Regional Landfill,402017,"Boulder Solar II, LLC",NV,236.4894057677465
2028,4,p13,Apex Regional Landfill,401649,"Boulder Solar Power, LLC",NV,142.86877838993684
2028,4,p13,Apex Regional Landfill,400059,CM10,NV,1368.3058028801624
2028,4,p13,Apex Regional Landfill,400086,CM48,NV,327.9599666739197
2028,4,p13,Apex Regional Landfill,400363,Copper Mountain Solar 2,NV,125.41565132879889
2028,4,p13,Apex Regional Landfill,400802,Copper Mountain Solar 3,NV,81.28888743657149
2028,4,p13,Apex Regional Landfill,401308,"Copper Mountain Solar 4, LLC",NV,162.6280818048426
2028,4,p13,Apex Regional Landfill,403688,"Copper Mountain Solar 5, LLC",NV,98.4764604788487
2028,4,p13,Apex Regional Landfill,405358,Dignity - San Martin,NV,4451.319609749229
2028,4,p13,Apex Regional Landfill,405355,Dignity - Siena Campus,NV,3703.753935407935
2028,4,p13,Apex Regional Landfill,405556,Dry Lake Solar Energy Center,NV,152.00194450691666
2028,4,p13,Apex Regional Landfill,405495,Gemini Solar,NV,104.89034937504742
2028,4,p13,Apex Regional Landfill,403386,"Harry Allen Solar Energy, LLC",NV,159.0058270837981
2028,4,p13,Apex Regional Landfill,406090,IGS LAS1,NV,8867.056953721194
2028,4,p13,Apex Regional Landfill,406089,IGS VGT,NV,4143.022438580024
2028,4,p13,Apex Regional Landfill,405309,IKEA Las Vegas 462,NV,5067.095772687606
2028,4,p13,Apex Regional Landfill,400545,Las Vegas WPCF Solar Plant,NV,801.326226675732
2028,4,p13,Apex Regional Landfill,400313,Moapa Southern Paiute,NV,108.16644099614813
2028,4,p13,Apex Regional Landfill,400600,Mountain View Solar,NV,465.1582212765078
2028,4,p13,Apex Regional Landfill,400036,Nellis Air Force Base Solar Array,NV,351.04991292997556
2028,4,p13,Apex Regional Landfill,401381,Nellis Solar PV II,NV,186.39449731661708
2028,4,p13,Apex Regional Landfill,401319,"Playa Solar 1, LLC",NV,182.40627755671588
2028,4,p13,Apex Regional Landfill,401596,Playa Solar 2,NV,134.80914419020274
2028,4,p13,Apex Regional Landfill,401274,River Mountains Solar,NV,509.5631682269163
2028,4,p13,Mohave Valley Landfill,401042,Searchlight Solar,NV,1208.973701098775
2028,4,p13,Apex Regional Landfill,400166,Silver State Solar Power North,NV,352.4973936125912
2028,4,p13,Apex Regional Landfill,400658,Silver State Solar Power South,NV,120.77109913611321
2028,4,p13,Apex Regional Landfill,405246,"Solar Las Vegas MB 2, LLC",NV,1980.2908700876337
2028,4,p13,Apex Regional Landfill,405188,Solar Las Vegas MB-1,NV,527.7074234068923
2028,4,p13,Apex Regional Landfill,400556,Spectrum Solar PV Power Project,NV,243.23201152809008
2028,4,p13,Apex Regional Landfill,402485,"Techren Solar I, LLC",NV,149.28942459680553
2028,4,p13,Apex Regional Landfill,402690,"Techren Solar II, LLC",NV,92.80738623111719
2028,4,p13,Apex Regional Landfill,402691,"Techren Solar III, LLC",NV,455.0509247997907
2028,4,p13,Apex Regional Landfill,402692,"Techren Solar IV, LLC",NV,520.9710822792521
2028,4,p13,Apex Regional Landfill,403001,Techren Solar V,NV,213.0532592400924
2028,4,p13,Apex Regional Landfill,401851,Townsite Solar Project Hybrid,NV,97.70252113511718
2028,4,p13,Apex Regional Landfill,406448,Yellow Pine II,NV,432.141984319129
2028,4,p13,Apex Regional Landfill,404971,Yellow Pine Solar,NV,328.41026229824774
2028,4,p27,Mohave Valley Landfill,400374,"Black Mountain Solar, LLC",AZ,289.03691682901143
2028,4,p27,Mohave Valley Landfill,402236,Gray Hawk Solar,AZ,140.70361465947985
2028,4,p27,Mohave Valley Landfill,401819,Jacobson 5 MW Solar,AZ,1178.050851335596
2028,4,p27,Mohave Valley Landfill,400199,La Senita,AZ,3365.2772572856616
2028,4,p27,Mohave Valley Landfill,403718,Mohave Electric Cooperative at Joy Lane,AZ,68.61994994664099
2028,4,p27,Mohave Valley Landfill,401311,Mohave Electric at Fort Mohave,AZ,167.06044279177956
2028,4,p27,Mohave Valley Landfill,406478,Mohave Energy - Hybrid,AZ,56.37377953798079
2028,4,p28,Apache Junction Landfill,405418,AZ State University - Tempe Campus Solar,AZ,5510.5934721791955
2028,4,p28,South Yuma County Landfill,400148,Agua Caliente Solar Project,AZ,132.6384139823125
2028,4,p28,Apache Junction Landfill,402067,Apache Solar 1,AZ,3268.3685716076907
2028,4,p28,South Yuma County Landfill,400274,Arizona Western College PV,AZ,959.3606285375163
2028,4,p28,Apache Junction Landfill,400240,Arlington Valley Solar Energy II,AZ,301.51356867729965
2028,4,p28,Apache Junction Landfill,400437,Badger 1,AZ,2026.8076900247647
2028,4,p28,Apache Junction Landfill,401688,Bonnybrooke PV,AZ,285.05041431509414
2028,4,p28,Apache Junction Landfill,400371,Buckeye Union HS District 201,AZ,8047.284196791134
2028,4,p28,Apache Junction Landfill,405635,"Central Line Solar, LLC",AZ,285.9578003342459
2028,4,p28,Apache Junction Landfill,400201,Chino Solar Valley,AZ,2816.5559514331726
2028,4,p28,Apache Junction Landfill,400202,Cotton Center Solar Hybrid,AZ,1648.318925769845
2028,4,p28,Apache Junction Landfill,401069,Desert Star Hybrid,AZ,2996.8177473005544
2028,4,p28,Apache Junction Landfill,403257,East Line Solar,AZ,224.098124875894
2028,4,p28,Apache Junction Landfill,406171,Eleven Mile Solar Center,AZ,103.1420188451835
2028,4,p28,Apache Junction Landfill,405244,Estrella Mountain PV,AZ,10497.251556505822
2028,4,p28,South Yuma County Landfill,400349,Foothills Solar Plant Hybrid,AZ,213.8685692298372
2028,4,p28,Apache Junction Landfill,400825,Fort Huachuca Solar PV Project,AZ,4608.204144153691
2028,4,p28,Apache Junction Landfill,400845,Gila Bend Hybrid,AZ,865.8691229861769
2028,4,p28,Apache Junction Landfill,400599,"Gilbert Solar Facility I, LLC",AZ,2802.196470465121
2028,4,p28,South Yuma County Landfill,400507,Hyder II Hybrid,AZ,2271.1520659098337
2028,4,p28,South Yuma County Landfill,400204,Hyder Solar Hybrid,AZ,2225.921513028125
2028,4,p28,Apache Junction Landfill,405282,Intel - Ocotillo Campus Solar,AZ,2986.3887869751957
2028,4,p28,Apache Junction Landfill,405125,Jewish Community Center PV,AZ,12544.521356021618
2028,4,p28,Apache Junction Landfill,402234,Kayenta Solar Project,AZ,2002.408015127377
2028,4,p28,Apache Junction Landfill,400595,Lake Pleasant WTP,AZ,3429.8744371021335
2028,4,p28,Apache Junction Landfill,400128,Luke Solar,AZ,2009.4227900763935
2028,4,p28,Apache Junction Landfill,405068,Macys Goodyear,AZ,8148.053638244457
2028,4,p28,South Yuma County Landfill,406279,McFarland A Solar and Storage,AZ,192.25697741528143
2028,4,p28,Apache Junction Landfill,405617,Mesa Carport PV,AZ,456.1410003251379
2028,4,p28,Apache Junction Landfill,404512,Mesa Solar Array,AZ,523.227399276274
2028,4,p28,Apache Junction Landfill,400250,Mesquite Solar 1,AZ,510.25373182994315
2028,4,p28,Apache Junction Landfill,401621,"Mesquite Solar 2, LLC",AZ,360.1660353369807
2028,4,p28,Apache Junction Landfill,401622,"Mesquite Solar 3, LLC",AZ,255.71496241651192
2028,4,p28,Apache Junction Landfill,406038,"Mesquite Solar 4, LLC",AZ,713.7358354154894
2028,4,p28,Apache Junction Landfill,404922,"Mesquite Solar 5, LLC",AZ,627.9345151405689
2028,4,p28,Mohave Valley Landfill,403572,OE_AZ1,AZ,1537.0049814163733
2028,4,p28,Apache Junction Landfill,400203,Paloma Solar Hybrid,AZ,1991.9119293773833
2028,4,p28,Apache Junction Landfill,405126,Paradise Valley H.S. PV,AZ,14315.28592010713
2028,4,p28,Apache Junction Landfill,405150,Phoenix Airport East Economy Lot,AZ,10574.909233376768
2028,4,p28,Apache Junction Landfill,405151,Phoenix Airport Rental Car Center,AZ,12325.48467957941
2028,4,p28,Apache Junction Landfill,402528,Pinal Central Energy Center Hybrid,AZ,714.7430732985621
2028,4,p28,Apache Junction Landfill,400125,"Poseidon Solar, LLC",AZ,366.8563342068736
2028,4,p28,Apache Junction Landfill,400031,Prescott Airport,AZ,19437.394076891735
2028,4,p28,Apache Junction Landfill,400401,Prescott Solar Plant,AZ,6617.325982530872
2028,4,p28,Apache Junction Landfill,400323,Queen Creek Solar Farm,AZ,218.71511044980937
2028,4,p28,Mohave Valley Landfill,400289,"RE Bagdad Solar I, LLC",AZ,2414.496686287931
2028,4,p28,Apache Junction Landfill,405132,"RE Gillespie 1, LLC",AZ,1835.469866853674
2028,4,p28,Apache Junction Landfill,400758,Red Horse 2,AZ,837.8089405750239
2028,4,p28,Apache Junction Landfill,401609,Red Horse III,AZ,1492.6887435372805
2028,4,p28,Apache Junction Landfill,401726,Red Rock,AZ,617.3756946996747
2028,4,p28,Apache Junction Landfill,406380,SR McNeal,AZ,3280.9691850953054
2028,4,p28,Apache Junction Landfill,400416,Saddle Mountain Solar I,AZ,5052.180307023161
2028,4,p28,Apache Junction Landfill,403674,Saint Solar,AZ,278.9719655846084
2028,4,p28,Apache Junction Landfill,401214,Sandstone Solar,AZ,297.1750304526153
2028,4,p28,Apache Junction Landfill,405029,Solana Generating Station,AZ,184.87834359821613
2028,4,p28,Apache Junction Landfill,406275,Sonoran Solar Energy,AZ,164.54568140312094
2028,4,p28,Apache Junction Landfill,406034,Storey Solar and Storage,AZ,164.30692881440558
2028,4,p28,Apache Junction Landfill,401664,Sulphur Springs,AZ,2536.2091354372783
2028,4,p28,Apache Junction Landfill,403643,Sun Streams 2,AZ,324.8465884414333
2028,4,p28,Apache Junction Landfill,406517,Sun Streams 3,AZ,195.64467139991783
2028,4,p28,Apache Junction Landfill,401975,"Sun Streams, LLC",AZ,359.00469687160296
2028,4,p28,Apache Junction Landfill,405311,T0588 Phoenix - AZ,AZ,16387.541740662124
2028,4,p28,Apache Junction Landfill,405134,Union HS at Casa Grande,AZ,7930.622236759704
2028,4,p28,Apache Junction Landfill,405135,Vista Grande HS at Casa Grande,AZ,13907.227896872473
2028,4,p28,Apache Junction Landfill,400334,Walmart Casa Grande,AZ,9181.823427849047
2028,4,p28,Apache Junction Landfill,406098,"West Line Solar, LLC",AZ,337.17731113151586
2028,4,p29,Apache Junction Landfill,400014,Springerville,AZ,5812.7576163863205
2028,4,p30,Apache Junction Landfill,405143,Actus Lend Lease DMAFB,AZ,6833.276149369832
2028,4,p30,Apache Junction Landfill,405611,Amazon TUS2,AZ,10397.077998472156
2028,4,p30,Apache Junction Landfill,405268,Amphitheater High School Solar,AZ,18814.305374820793
2028,4,p30,Apache Junction Landfill,400939,Avalon Solar,AZ,902.5548401845646
2028,4,p30,Apache Junction Landfill,401479,Avalon Solar II,AZ,1432.0155494476644
2028,4,p30,Apache Junction Landfill,400226,Avra Valley Solar,AZ,717.0952862027167
2028,4,p30,Apache Junction Landfill,404704,Broadway 2 - Tucson Phase II,AZ,8642.175694984062
2028,4,p30,Apache Junction Landfill,405768,Broadway 3 - Tucson Phase I,AZ,18044.6619487813
2028,4,p30,Apache Junction Landfill,405269,Canyon Del Oro High School Solar,AZ,5643.425496717292
2028,4,p30,Apache Junction Landfill,400757,Cogenra-TEP,AZ,22101.572642095114
2028,4,p30,Apache Junction Landfill,401295,Davis Monthan AFB (AZ) West Airfield,AZ,2090.999562998412
2028,4,p30,Apache Junction Landfill,400330,FRB Solar Farm,AZ,11583.630649860717
2028,4,p30,Apache Junction Landfill,400761,"Gato Montes Solar, LLC",AZ,6328.104536637772
2028,4,p30,Apache Junction Landfill,404536,Iron Horse Battery Storage Hybrid,AZ,13812.362463754167
2028,4,p30,Apache Junction Landfill,400552,"Picture Rocks Solar, LLC",AZ,2737.30617443165
2028,4,p30,Apache Junction Landfill,405374,Pima Community College,AZ,24078.334805846906
2028,4,p30,Apache Junction Landfill,405303,Pima Community College - East Campus,AZ,17555.70134568453
2028,4,p30,Apache Junction Landfill,405516,Pima Community College NW,AZ,14944.590614115614
2028,4,p30,Apache Junction Landfill,400408,Prairie Fire,AZ,4891.233674904394
2028,4,p30,Apache Junction Landfill,400290,"RE Ajo 1, LLC",AZ,5227.647407013474
2028,4,p30,Apache Junction Landfill,404926,Raptor Ridge,AZ,1734.0020461107192
2028,4,p30,Apache Junction Landfill,400857,Rio Rico Solar,AZ,6347.189442548697
2028,4,p30,Apache Junction Landfill,400193,Roger Road WWTP,AZ,20249.408784664487
2028,4,p30,Apache Junction Landfill,401076,Tech Park Solar,AZ,7253.900080812683
2028,4,p30,Apache Junction Landfill,400156,UASTP I,AZ,26357.83354377005
2028,4,p30,Apache Junction Landfill,401075,Valencia Solar,AZ,3389.1656278078585
2028,4,p30,Apache Junction Landfill,404187,"Wilmot Energy Center, LLC",AZ,263.68413572683
2028,4,p31,City of Clovis Landfill,400211,Alamogordo Solar Energy Center,NM,38062.27983031338
2028,4,p31,Northeastern New Mexico Regional Landfill,400206,Albuquerque Solar Energy Center,NM,60642.15682810436
2028,4,p31,Northeastern New Mexico Regional Landfill,403675,Alcalde Solar Array,NM,23815.229922994426
2028,4,p31,Apache Junction Landfill,401595,Alta Luna,NM,5847.357074527145
2028,4,p31,Northeastern New Mexico Regional Landfill,404724,Angel Fire Energy Facility,NM,2792.5928680556985
2028,4,p31,Northeastern New Mexico Regional Landfill,405469,Arroyo Solar Energy Storage Hybrid,NM,554.7193882357999
2028,4,p31,Northeastern New Mexico Regional Landfill,403321,Bluewater CDEC 1,NM,60340.725733538326
2028,4,p31,Northeastern New Mexico Regional Landfill,403736,Britton Solar Energy Center,NM,1514.4269341632726
2028,4,p31,City of Clovis Landfill,404981,Buena Vista Energy Center,NM,1379.773030013957
2028,4,p31,Northeastern New Mexico Regional Landfill,402876,CNMEC Solar Energy Center,NM,57796.3330384754
2028,4,p31,City of Clovis Landfill,402519,Carrizozo Solar,NM,50411.73068096917
2028,4,p31,Northeastern New Mexico Regional Landfill,401202,Cibola,NM,23064.595159182933
2028,4,p31,Northeastern New Mexico Regional Landfill,400104,Cimarron Solar Facility,NM,590.5514289165467
2028,4,p31,Apache Junction Landfill,402988,City of Gallup Solar,NM,26110.364463211474
2028,4,p31,Northeastern New Mexico Regional Landfill,403604,City of Rio Rancho WWTP,NM,95345.73410171662
2028,4,p31,Apache Junction Landfill,401225,City of Truth or Consequences PV,NM,108967.02208065907
2028,4,p31,Apache Junction Landfill,402177,Columbus Solar Project,NM,89333.27354670761
2028,4,p31,Northeastern New Mexico Regional Landfill,404748,"Cuba 2.5ac, LLC",NM,34244.22074337552
2028,4,p31,Apache Junction Landfill,400209,Deming Solar Energy Center,NM,29308.309260385016
2028,4,p31,Northeastern New Mexico Regional Landfill,403868,Encino Solar Energy Center,NM,1842.844945453476
2028,4,p31,Northeastern New Mexico Regional Landfill,401038,Eubank Landfill Solar Array,NM,47647.15820765783
2028,4,p31,Northeastern New Mexico Regional Landfill,402441,Facebook 1 Solar Energy Center,NM,9974.157856860958
2028,4,p31,Northeastern New Mexico Regional Landfill,402442,Facebook 2 Solar Energy Center,NM,9599.756656090967
2028,4,p31,Northeastern New Mexico Regional Landfill,402443,Facebook 3 Solar Energy Center,NM,15990.00276021753
2028,4,p31,Northeastern New Mexico Regional Landfill,403322,Grants CDEC 2,NM,35360.778794520156
2028,4,p31,Apache Junction Landfill,400216,"Hatch Solar Energy Center I, LLC",NM,37899.81069874594
2028,4,p31,City of Clovis Landfill,401617,Holloman Solar Facility,NM,29245.408690567358
2028,4,p31,Northeastern New Mexico Regional Landfill,406109,"Jicarilla Solar 1, LLC",NM,2829.0931780660644
2028,4,p31,Northeastern New Mexico Regional Landfill,400427,Kit Carson,NM,47356.33116149655
2028,4,p31,Northeastern New Mexico Regional Landfill,400210,Las Vegas Solar Energy Center,NM,8413.465213184058
2028,4,p31,Northeastern New Mexico Regional Landfill,400434,Los Alamos PV Site,NM,89324.37610331994
2028,4,p31,Northeastern New Mexico Regional Landfill,400207,Los Lunas Solar Energy Center,NM,15768.89895345778
2028,4,p31,Apache Junction Landfill,400838,Macho Springs,NM,3932.4143464452545
2028,4,p31,Northeastern New Mexico Regional Landfill,400582,Manzano Solar,NM,20482.444696029528
2028,4,p31,Northeastern New Mexico Regional Landfill,401201,Meadow Lake Solar Energy Center,NM,10172.719627131492
2028,4,p31,Northeastern New Mexico Regional Landfill,406177,"NMRD Data Center III, LLC",NM,1816.7810455057238
2028,4,p31,City of Clovis Landfill,405693,NMSU Solar and Storage,NM,70907.07821447222
2028,4,p31,Northeastern New Mexico Regional Landfill,406375,OE_ESCL,NM,866.4973924740056
2028,4,p31,City of Clovis Landfill,400581,Otero Solar,NM,24164.27225935984
2028,4,p31,Northeastern New Mexico Regional Landfill,400146,Questa Solar Facility,NM,64379.715722071924
2028,4,p31,Northeastern New Mexico Regional Landfill,403178,"RC Energy AA, LLC Solar Facility",NM,92861.46732027951
2028,4,p31,Northeastern New Mexico Regional Landfill,401566,Rio Communities Solar Energy Center,NM,11460.936057367568
2028,4,p31,Northeastern New Mexico Regional Landfill,403084,Rio De Oro Solar Energy Center,NM,14428.854209400886
2028,4,p31,Northeastern New Mexico Regional Landfill,400624,Rio Rancho High School,NM,84829.00616090998
2028,4,p31,City of Clovis Landfill,400135,Roadrunner Solar,NM,9020.51449284906
2028,4,p31,Northeastern New Mexico Regional Landfill,404648,"Route 66 Energy Center, LLC",NM,3518.7222080106444
2028,4,p31,Northeastern New Mexico Regional Landfill,403387,San Miguel I Solar Energy Center,NM,3252.2215362833385
2028,4,p31,Northeastern New Mexico Regional Landfill,405458,San Miguel II Solar Energy Center,NM,3238.7284171310657
2028,4,p31,Northeastern New Mexico Regional Landfill,401161,Sandoval Solar Energy Center,NM,20964.24677828447
2028,4,p31,Northeastern New Mexico Regional Landfill,401564,Santa Fe Solar Energy Center,NM,6920.195521848863
2028,4,p31,Northeastern New Mexico Regional Landfill,401565,Santolina Solar Energy Center,NM,10314.5913400942
2028,4,p31,Apache Junction Landfill,400596,Silver City WWTP PV Project,NM,164707.07185826602
2028,4,p31,Northeastern New Mexico Regional Landfill,406343,Sky Ranch Solar,NM,570.753023017038
2028,4,p31,Northeastern New Mexico Regional Landfill,401563,South Valley Solar Energy Center,NM,18765.57902529026
2028,4,p31,Northeastern New Mexico Regional Landfill,401162,Springer Solar 1,NM,19537.818646607837
2028,4,p31,Northeastern New Mexico Regional Landfill,400735,Storrie Lake Solar Project,NM,26942.51914094268
2028,4,p31,Northeastern New Mexico Regional Landfill,400623,Sue Cleveland High School,NM,138165.49015407873
2028,4,p31,City of Clovis Landfill,400343,"SunE EPE1, LLC",NM,27498.129901222557
2028,4,p31,City of Clovis Landfill,400342,"SunE EPE2, LLC",NM,14707.12210660777
2028,4,p31,Northeastern New Mexico Regional Landfill,402854,Syncarpha Eagle Nest,NM,43535.45710748642
2028,4,p31,Northeastern New Mexico Regional Landfill,403412,Syncarpha El Rito,NM,40200.87515096381
2028,4,p31,Northeastern New Mexico Regional Landfill,403413,Syncarpha Questa,NM,29682.865150770253
2028,4,p31,Northeastern New Mexico Regional Landfill,403411,Syncarpha Taos,NM,15743.847069473497
2028,4,p31,Northeastern New Mexico Regional Landfill,404618,Taos Mesa Energy Facility Hybrid,NM,3774.567104718084
2028,4,p31,Northeastern New Mexico Regional Landfill,403011,Vista Solar Energy Center,NM,12335.324516546798
2028,4,p31,City of Clovis Landfill,400354,WSMR I,NM,57396.457525596416
2028,4,p31,Apache Junction Landfill,405245,Wal-Mart Truth or Consequences PV,NM,334067.7855245826
2028,4,p47,City of Clovis Landfill,400979,"Caprock Solar 1, LLC",NM,2364.9926404233706
2028,4,p47,City of Clovis Landfill,404980,Chaves County Solar II,NM,1970.722261053197
2028,4,p47,City of Clovis Landfill,401681,"Chaves Solar, LLC",NM,1060.4741488439552
2028,4,p47,City of Clovis Landfill,400614,GSE NM1,NM,64276.135244369485
2028,4,p47,City of Clovis Landfill,404982,Hayhurst New Mexico Solar,NM,5098.526042294317
2028,4,p47,City of Clovis Landfill,402530,Middle Daisy,NM,19527.75898753437
2028,4,p47,City of Clovis Landfill,401682,"Roswell Solar, LLC",NM,947.564699574642
2028,4,p47,City of Clovis Landfill,400546,SEV NM Phase 2,NM,45420.0502130172
2028,4,p47,City of Clovis Landfill,400260,SPS1 Dollarhide,NM,15716.442642947695
2028,4,p47,City of Clovis Landfill,400261,SPS2 Jal,NM,11499.562201906845
2028,4,p47,City of Clovis Landfill,400262,SPS3 Lea,NM,7777.213227594861
2028,4,p47,City of Clovis Landfill,400264,SPS5 Hopi,NM,11634.832354043228
2028,4,p47,City of Clovis Landfill,404698,SoCore Clovis 1,NM,1901.262498260256
2028,4,p48,City of Clovis Landfill,406439,"BESSP1, LLC",TX,3719.5715413196813
2028,4,p48,City of Clovis Landfill,405590,"Hecate Energy Frye Solar, LLC",TX,157.51469854473962
2028,4,p57,Victoria Landfill,404918,"Hecate Energy Upshur Rural, LLC",TX,15297.650715328511
2028,4,p59,City of Clovis Landfill,402666,Fort Bliss (DEA EPIC),TX,23471.75652373192
2028,4,p59,City of Clovis Landfill,401616,Montana Solar Facility,TX,27501.531904694017
2028,4,p59,City of Clovis Landfill,401045,Newman Solar,TX,4002.4635815300894
2028,4,p60,City of Clovis Landfill,403962,"ANSON Solar Center, LLC",TX,578.5371196543115
2028,4,p60,City of Clovis Landfill,403883,Azure Sky Solar,TX,709.7526992112136
2028,4,p60,City of Clovis Landfill,403232,"ENGIE Long Draw Solar, LLC",TX,348.188333741862
2028,4,p60,City of Clovis Landfill,406252,Highpeak Solar 1,TX,10090.271942026176
2028,4,p60,City of Clovis Landfill,402721,Holstein 1 Solar Farm,TX,809.8439660083483
2028,4,p60,City of Clovis Landfill,405492,Juno Solar Project,TX,295.25362293624516
2028,4,p60,City of Clovis Landfill,402541,Lamesa II,TX,1636.896728668312
2028,4,p60,City of Clovis Landfill,401660,Lamesa Solar,TX,802.3943797695862
2028,4,p60,City of Clovis Landfill,405932,Lumina II Solar Project,TX,259.65683501884655
2028,4,p60,City of Clovis Landfill,405933,Lumina Solar Project,TX,309.63347386574316
2028,4,p60,City of Clovis Landfill,402909,Misae Solar,TX,388.5542387554913
2028,4,p60,City of Clovis Landfill,400968,"OCI Alamo 7, LLC",TX,1270.8645158817296
2028,4,p60,City of Clovis Landfill,405939,Texas Solar Nova 1,TX,356.5483357143814
2028,4,p61,City of Clovis Landfill,400967,Alamo 6,TX,542.0048346939461
2028,4,p61,City of Clovis Landfill,403557,Aragorn Solar Project,TX,282.3955192500132
2028,4,p61,City of Clovis Landfill,400691,Barilla Solar,TX,2204.5317033310926
2028,4,p61,City of Clovis Landfill,401946,Bluebell Solar,TX,2374.897384805373
2028,4,p61,City of Clovis Landfill,403574,Bluebell Solar II,TX,628.5839319352984
2028,4,p61,City of Clovis Landfill,400554,"Bryan Solar, LLC",TX,9319.070070949894
2028,4,p61,City of Clovis Landfill,401463,Buckthorn Westex,TX,590.3002188922225
2028,4,p61,City of Clovis Landfill,401703,East Pecos Solar,TX,657.2668318583792
2028,4,p61,City of Clovis Landfill,405363,Galloway 1 Solar Farm,TX,449.60333357112467
2028,4,p61,City of Clovis Landfill,405494,Galloway 2 Solar Farm,TX,557.7535544584968
2028,4,p61,City of Clovis Landfill,403210,Greasewood,TX,524.4131421711918
2028,4,p61,City of Clovis Landfill,406370,Hayhurst Texas Solar,TX,2072.034028449088
2028,4,p61,City of Clovis Landfill,402304,Midway Solar-TX,TX,381.1225422363328
2028,4,p61,Victoria Landfill,400695,"OCI Alamo 4, LLC",TX,2148.177759614337
2028,4,p61,City of Clovis Landfill,401868,Pearl Solar,TX,1330.8547230958184
2028,4,p61,City of Clovis Landfill,402290,RE Maplewood,TX,481.6637864072576
2028,4,p61,City of Clovis Landfill,401430,RE Roserock,TX,499.3415800800284
2028,4,p61,City of Clovis Landfill,402848,Rambler,TX,356.48268629603797
2028,4,p61,City of Clovis Landfill,402083,Solaire Holman Solar Project,TX,1181.170620153218
2028,4,p61,City of Clovis Landfill,403023,"Taygete Energy Project, LLC",TX,574.2456451455437
2028,4,p61,City of Clovis Landfill,404647,Taygete II Energy Project,TX,368.8571051712154
2028,4,p61,City of Clovis Landfill,403551,Titan Solar Project,TX,390.13288703781535
2028,4,p61,Victoria Landfill,406103,Zier Solar,TX,357.4753231958199
2028,4,p62,City of Clovis Landfill,403502,2W Permian Solar Project Hybrid,TX,401.4270621329798
2028,4,p62,City of Clovis Landfill,403697,CED Crane Solar,TX,468.95281349672575
2028,4,p62,City of Clovis Landfill,401525,Castle Gap Solar Hybrid,TX,528.3158471544073
2028,4,p62,City of Clovis Landfill,404599,Emerald Grove,TX,610.7109477919219
2028,4,p62,City of Clovis Landfill,403004,Lapetus,TX,577.3689865550067
2028,4,p62,City of Clovis Landfill,403280,Oberon IA,TX,534.1080160499492
2028,4,p62,City of Clovis Landfill,403279,Oberon IB,TX,2243.6149608615024
2028,4,p62,City of Clovis Landfill,403602,Oxy Renewable Energy-Goldsmith,TX,3560.141155713297
2028,4,p62,City of Clovis Landfill,402679,Phoebe Solar,TX,268.7481339612046
2028,4,p62,City of Clovis Landfill,403177,Prospero Solar,TX,254.43982673226313
2028,4,p62,City of Clovis Landfill,404128,Prospero Solar II,TX,341.9485638731342
2028,4,p62,City of Clovis Landfill,403070,"Roadrunner, LLC",TX,409.301051575124
2028,4,p62,City of Clovis Landfill,401805,Upton County Solar,TX,720.735002811327
2028,4,p62,City of Clovis Landfill,402995,West of the Pecos Solar,TX,642.3237521193073
2028,4,p63,Victoria Landfill,405599,"BPL Crown Solar, LLC",TX,921.633438134052
2028,4,p63,Victoria Landfill,404966,BPL Files Solar,TX,1150.170963332864
2028,4,p63,Victoria Landfill,403825,Briar Creek Solar 1,TX,1040.8676010571141
2028,4,p63,Victoria Landfill,402610,Chisum,TX,37603.45499221928
2028,4,p63,Victoria Landfill,401697,CoServ Community Solar Station,TX,336907.78530662006
2028,4,p63,Victoria Landfill,403188,Coniglio Solar,TX,1953.1400395342444
2028,4,p63,Victoria Landfill,406415,Dileo Solar,TX,1351.2268086713207
2028,4,p63,Victoria Landfill,402655,Eddy II,TX,7764.5242952579165
2028,4,p63,Victoria Landfill,406221,Eiffel Solar Project,TX,749.1946653222165
2028,4,p63,Victoria Landfill,405540,"Ellis Solar, LLC",TX,2043.7162643889865
2028,4,p63,Victoria Landfill,403823,Elm Branch Solar 1,TX,1166.1241519843243
2028,4,p63,Victoria Landfill,406206,Five Wells Solar Center - Hybrid,TX,381.65813275818545
2028,4,p63,Victoria Landfill,404567,G.S.E. One LLC,TX,2213.1322974231907
2028,4,p63,Victoria Landfill,403288,Griffin Solar,TX,18271.879133300783
2028,4,p63,Victoria Landfill,406202,Grizzly Ridge Solar,TX,1424.4976416748575
2028,4,p63,Victoria Landfill,402329,Highway 56 Solar,TX,27408.654569708167
2028,4,p63,Victoria Landfill,405689,"IP Radian, LLC",TX,461.02083918018934
2028,4,p63,Victoria Landfill,403481,Impact Solar 1,TX,1098.909399918388
2028,4,p63,Victoria Landfill,403190,Kellam Solar,TX,2202.341576430891
2028,4,p63,Victoria Landfill,402421,Leon Solar,TX,26576.751088476958
2028,4,p63,Victoria Landfill,403874,Lily Solar Hybrid,TX,1169.9199665804608
2028,4,p63,Victoria Landfill,402404,Marlin Solar,TX,16052.018189731587
2028,4,p63,Victoria Landfill,405794,Noble Solar,TX,767.8380779135454
2028,4,p63,Victoria Landfill,401933,Phantom Solar,TX,6163.453470302525
2028,4,p63,Victoria Landfill,404872,"Pisgah Ridge Solar, LLC",TX,689.3620222201372
2028,4,p63,Victoria Landfill,406416,Pitts Dudik Solar,TX,2167.6965400055747
2028,4,p63,Victoria Landfill,403189,Rippey Solar,TX,2720.309263875226
2028,4,p63,Victoria Landfill,404630,"Samson Solar Energy III, LLC",TX,890.9963278234654
2028,4,p63,Victoria Landfill,402652,Sterling Solar (TX),TX,14829.859552726404
2028,4,p63,Victoria Landfill,404812,Sun Valley Solar Project,TX,473.1306537557067
2028,4,p63,Victoria Landfill,404388,"TPE Erath Solar, LLC",TX,11189.795296458631
2028,4,p63,Victoria Landfill,403457,"TPE Whitney Solar, LLC",TX,12758.366618227737
2028,4,p63,Victoria Landfill,405984,Waco Solar,TX,336.73854857487686
2028,4,p63,Victoria Landfill,402306,Walnut Springs Solar,TX,34067.53040790427
2028,4,p63,Victoria Landfill,402497,West Moore Solar II,TX,290382.8880442596
2028,4,p63,Victoria Landfill,402330,Whitesboro Solar,TX,289964.0578217901
2028,4,p63,Victoria Landfill,402414,Whitewright Solar,TX,47437.5378215061
2028,4,p63,Victoria Landfill,402654,Yellow Jacket,TX,24365.348959659328
2028,4,p64,Victoria Landfill,405731,Austin TX GigaFactory,TX,16881.30480828833
2028,4,p64,Victoria Landfill,402203,Bandera Electric Coop PV,TX,34855.61853220462
2028,4,p64,Victoria Landfill,404721,"Blue Jay Solar I, LLC",TX,342.5610533611266
2028,4,p64,Victoria Landfill,402648,Bovine,TX,2362.7732322510738
2028,4,p64,Victoria Landfill,402389,"E-Volve Energy Holdings, LLC",TX,16701.952485011192
2028,4,p64,Victoria Landfill,400227,East Blackland Solar Project 1,TX,362.7803114021352
2028,4,p64,Victoria Landfill,405101,IKEA Round Rock 027,TX,45984.02428371639
2028,4,p64,Victoria Landfill,402653,Lampwick,TX,8242.758258484526
2028,4,p64,Victoria Landfill,405613,Niagara Bottling - Seguin,TX,7406.886373762026
2028,4,p64,Victoria Landfill,402544,PowerFin Kingsbery,TX,12863.744931294676
2028,4,p64,Victoria Landfill,400249,Webberville Solar Project,TX,1821.4693476976527
2028,4,p65,Victoria Landfill,405700,Aktina Solar,TX,703.6368629885382
2028,4,p65,Victoria Landfill,404074,"Alexis Solar, LLC",TX,72317.53781962296
2028,4,p65,Victoria Landfill,405727,Bernard Creek Solar,TX,2430.0012883965155
2028,4,p65,Victoria Landfill,400081,Blue Wing Solar Energy Generation,TX,33148.99365625698
2028,4,p65,Victoria Landfill,405477,Brightside,TX,7732.093867372655
2028,4,p65,Victoria Landfill,401728,CPS 1 Community Solar,TX,473928.3210563749
2028,4,p65,Victoria Landfill,402656,Cascade Solar (TX),TX,58852.82535936212
2028,4,p65,Victoria Landfill,403987,Catan Solar,TX,22880.07436511946
2028,4,p65,Victoria Landfill,403091,Commerce Solar,TX,106225.19298223425
2028,4,p65,Victoria Landfill,404247,"Corazon Energy, LLC",TX,3719.79721066439
2028,4,p65,Victoria Landfill,404062,Elara Solar,TX,4922.110999520846
2028,4,p65,Victoria Landfill,404359,FELPS 1-Calaveras,TX,513116.0568412979
2028,4,p65,Victoria Landfill,404361,FELPS 2-Calaveras,TX,586841.1918083178
2028,4,p65,Victoria Landfill,404362,FELPS 3-Floresville South,TX,362229.58794486546
2028,4,p65,Victoria Landfill,404363,FELPS 4-Floresville South,TX,362283.73192579305
2028,4,p65,Victoria Landfill,404364,FELPS 5-Floresville South,TX,362379.3251050431
2028,4,p65,Victoria Landfill,404739,FELPS 6- Floresville West,TX,642024.6420410604
2028,4,p65,Victoria Landfill,404740,FELPS 7- Floresville West,TX,770299.8432114434
2028,4,p65,Victoria Landfill,406516,Ganado Solar,TX,1190.2622889334814
2028,4,p65,Victoria Landfill,405801,Horizon Solar,TX,3936.4378378042884
2028,4,p65,Victoria Landfill,405380,IKEA Live Oak Rooftop PV System,TX,317485.2134865787
2028,4,p65,Victoria Landfill,403343,Mars Solar,TX,84530.57932415928
2028,4,p65,Victoria Landfill,404877,Nebula Solar,TX,10749.347572565715
2028,4,p65,Victoria Landfill,400694,"OCI Alamo 2, LLC",TX,265820.2836808356
2028,4,p65,Victoria Landfill,400965,"OCI Alamo 3, LLC",TX,139897.20861837303
2028,4,p65,Victoria Landfill,400966,"OCI Alamo 5, LLC",TX,12062.763593080479
2028,4,p65,Victoria Landfill,400593,OCI Alamo Solar I Hybrid,TX,11525.415268660832
2028,4,p65,Victoria Landfill,405809,Shakes Solar,TX,5713.086719293878
2028,4,p65,Victoria Landfill,405545,Sparta Solar,TX,1383.340311790144
2028,4,p65,Victoria Landfill,400379,"SunE CPS1, LLC",TX,76819.05022655026
2028,4,p65,Victoria Landfill,400364,"SunE CPS2, LLC",TX,57878.25345070361
2028,4,p65,Victoria Landfill,400353,"SunE CPS3, LLC",TX,61456.50502358262
2028,4,p65,Victoria Landfill,406032,Tres Bahias,TX,707.9913598628323
2028,4,p65,Victoria Landfill,404878,Vancourt Solar Interconnections,TX,19176.616027183416
2028,4,p66,Victoria Landfill,406386,Umbriel Solar,TX,2132.146735683108
2028,4,p67,Victoria Landfill,404939,Brazoria County Solar Project (Danciger),TX,318.4412490012651
2028,4,p67,Victoria Landfill,404681,Brazoria West,TX,311.46271363790527
2028,4,p67,Victoria Landfill,402649,Bronson,TX,4456.081202106176
2028,4,p67,Victoria Landfill,406178,"Cutlass Solar 1, LLC",TX,481.4739665480285
2028,4,p67,Victoria Landfill,404587,Fighting Jays Solar Project,TX,281.79822505622536
2028,4,p67,Victoria Landfill,405564,"Fort Bend Solar, LLC",TX,289.7749687093206
2028,4,p67,Victoria Landfill,404853,"Longbow Solar, LLC",TX,1063.3173703198288
2028,4,p67,Victoria Landfill,403514,Wagyu,TX,483.5661792800682
2029,1,p12,Apex Regional Landfill,402144,Battle Mountain Solar Project,NV,1103.7608094325751
2029,1,p12,Apex Regional Landfill,405553,Dodge Flat,NV,1654.8098589028718
2029,1,p12,Apex Regional Landfill,402609,"EGP Stillwater Solar PV II, LLC",NV,3652.560376180896
2029,1,p12,Apex Regional Landfill,404659,Fish Springs,NV,1502.9163800545148
2029,1,p12,Apex Regional Landfill,401086,Ft. Churchill PV,NV,6472.96728955909
2029,1,p12,Apex Regional Landfill,402130,Luning Energy,NV,1059.2562484426119
2029,1,p12,Apex Regional Landfill,403107,NVSS-II,NV,719.4924553669001
2029,1,p12,Apex Regional Landfill,400468,"Patua Acquisition Project, LLC",NV,8343.288051727728
2029,1,p12,Apex Regional Landfill,405023,Steamboat II,NV,58951.734723874935
2029,1,p12,Apex Regional Landfill,400029,Stillwater Facility,NV,3357.1419666562315
2029,1,p12,Apex Regional Landfill,401318,Sunshine Valley Solar,NV,224.88568632545827
2029,1,p12,Apex Regional Landfill,405026,TS Power Plant,NV,678.8673927072863
2029,1,p12,Apex Regional Landfill,405576,Tesla Reno GigaFactory,NV,23859.164958257636
2029,1,p12,Apex Regional Landfill,401943,Tungsten Mountain,NV,8239.060378642907
2029,1,p12,Apex Regional Landfill,403308,Turquoise Liberty Solar,NV,13003.564007092205
2029,1,p12,Apex Regional Landfill,403884,"Turquoise Nevada, LLC",NV,2425.481188616441
2029,1,p12,Apex Regional Landfill,400035,Western 102 Power Plant,NV,161342.62764021344
2029,1,p13,Apex Regional Landfill,400555,Apex Solar PV Power Project,NV,584.806897423539
2029,1,p13,Apex Regional Landfill,405385,Arrow Canyon Solar Hybrid,NV,365.40965930870055
2029,1,p13,Apex Regional Landfill,402017,"Boulder Solar II, LLC",NV,236.4894057677465
2029,1,p13,Apex Regional Landfill,401649,"Boulder Solar Power, LLC",NV,166.18498548742102
2029,1,p13,Apex Regional Landfill,400059,CM10,NV,1221.7833747823668
2029,1,p13,Apex Regional Landfill,400086,CM48,NV,420.7453055652263
2029,1,p13,Apex Regional Landfill,400363,Copper Mountain Solar 2,NV,125.41565132879889
2029,1,p13,Apex Regional Landfill,400802,Copper Mountain Solar 3,NV,81.28888743657149
2029,1,p13,Apex Regional Landfill,401308,"Copper Mountain Solar 4, LLC",NV,162.6280818048426
2029,1,p13,Apex Regional Landfill,403688,"Copper Mountain Solar 5, LLC",NV,112.44003490137688
2029,1,p13,Apex Regional Landfill,405358,Dignity - San Martin,NV,2984.0810564994863
2029,1,p13,Apex Regional Landfill,405355,Dignity - Siena Campus,NV,3703.753935407935
2029,1,p13,Apex Regional Landfill,405556,Dry Lake Solar Energy Center,NV,172.48154340829996
2029,1,p13,Apex Regional Landfill,405495,Gemini Solar,NV,104.89034937504742
2029,1,p13,Apex Regional Landfill,403386,"Harry Allen Solar Energy, LLC",NV,159.0058270837981
2029,1,p13,Apex Regional Landfill,406090,IGS LAS1,NV,5927.905952480795
2029,1,p13,Apex Regional Landfill,406089,IGS VGT,NV,4654.699749652526
2029,1,p13,Apex Regional Landfill,405309,IKEA Las Vegas 462,NV,5067.095772687606
2029,1,p13,Apex Regional Landfill,400545,Las Vegas WPCF Solar Plant,NV,634.2768318589028
2029,1,p13,Apex Regional Landfill,400313,Moapa Southern Paiute,NV,108.16644099614813
2029,1,p13,Apex Regional Landfill,400600,Mountain View Solar,NV,465.1582212765078
2029,1,p13,Apex Regional Landfill,400036,Nellis Air Force Base Solar Array,NV,388.73065829622254
2029,1,p13,Apex Regional Landfill,401381,Nellis Solar PV II,NV,186.39449731661708
2029,1,p13,Apex Regional Landfill,401319,"Playa Solar 1, LLC",NV,182.40627755671588
2029,1,p13,Apex Regional Landfill,401596,Playa Solar 2,NV,134.80914419020274
2029,1,p13,Apex Regional Landfill,401274,River Mountains Solar,NV,575.2716279736184
2029,1,p13,Mohave Valley Landfill,401042,Searchlight Solar,NV,1208.973701098775
2029,1,p13,Apex Regional Landfill,400166,Silver State Solar Power North,NV,554.4263560209853
2029,1,p13,Apex Regional Landfill,400658,Silver State Solar Power South,NV,120.77109913611321
2029,1,p13,Apex Regional Landfill,405246,"Solar Las Vegas MB 2, LLC",NV,1765.7701011890076
2029,1,p13,Apex Regional Landfill,405188,Solar Las Vegas MB-1,NV,732.6089120098461
2029,1,p13,Apex Regional Landfill,400556,Spectrum Solar PV Power Project,NV,243.23201152809008
2029,1,p13,Apex Regional Landfill,402485,"Techren Solar I, LLC",NV,149.28942459680553
2029,1,p13,Apex Regional Landfill,402690,"Techren Solar II, LLC",NV,97.60776803457468
2029,1,p13,Apex Regional Landfill,402691,"Techren Solar III, LLC",NV,455.0509247997907
2029,1,p13,Apex Regional Landfill,402692,"Techren Solar IV, LLC",NV,599.5322709924607
2029,1,p13,Apex Regional Landfill,403001,Techren Solar V,NV,213.0532592400924
2029,1,p13,Apex Regional Landfill,401851,Townsite Solar Project Hybrid,NV,97.70252113511718
2029,1,p13,Apex Regional Landfill,406448,Yellow Pine II,NV,317.3805740233903
2029,1,p13,Apex Regional Landfill,404971,Yellow Pine Solar,NV,328.41026229824774
2029,1,p27,Mohave Valley Landfill,400374,"Black Mountain Solar, LLC",AZ,360.1391217801575
2029,1,p27,Mohave Valley Landfill,402236,Gray Hawk Solar,AZ,153.26916655441482
2029,1,p27,Mohave Valley Landfill,401819,Jacobson 5 MW Solar,AZ,1367.6961266415292
2029,1,p27,Mohave Valley Landfill,400199,La Senita,AZ,3365.2772572856616
2029,1,p27,Mohave Valley Landfill,403718,Mohave Electric Cooperative at Joy Lane,AZ,71.78003332960108
2029,1,p27,Mohave Valley Landfill,401311,Mohave Electric at Fort Mohave,AZ,167.06044279177956
2029,1,p27,Mohave Valley Landfill,406478,Mohave Energy - Hybrid,AZ,56.37377953798079
2029,1,p28,Apache Junction Landfill,405418,AZ State University - Tempe Campus Solar,AZ,5510.5934721791955
2029,1,p28,South Yuma County Landfill,400148,Agua Caliente Solar Project,AZ,196.81320330385412
2029,1,p28,Apache Junction Landfill,402067,Apache Solar 1,AZ,3268.3685716076907
2029,1,p28,South Yuma County Landfill,400274,Arizona Western College PV,AZ,1267.0220947166883
2029,1,p28,Apache Junction Landfill,400240,Arlington Valley Solar Energy II,AZ,333.41563726196216
2029,1,p28,Apache Junction Landfill,400437,Badger 1,AZ,2026.8076900247647
2029,1,p28,Apache Junction Landfill,401688,Bonnybrooke PV,AZ,258.5222593911947
2029,1,p28,Apache Junction Landfill,400371,Buckeye Union HS District 201,AZ,10333.28053301717
2029,1,p28,Apache Junction Landfill,405635,"Central Line Solar, LLC",AZ,285.9578003342459
2029,1,p28,Apache Junction Landfill,400201,Chino Solar Valley,AZ,3212.307227352199
2029,1,p28,Apache Junction Landfill,400202,Cotton Center Solar Hybrid,AZ,1648.318925769845
2029,1,p28,Apache Junction Landfill,401069,Desert Star Hybrid,AZ,4767.130183680887
2029,1,p28,Apache Junction Landfill,403257,East Line Solar,AZ,224.098124875894
2029,1,p28,Apache Junction Landfill,406171,Eleven Mile Solar Center,AZ,103.1420188451835
2029,1,p28,Apache Junction Landfill,405244,Estrella Mountain PV,AZ,11658.468727228688
2029,1,p28,South Yuma County Landfill,400349,Foothills Solar Plant Hybrid,AZ,213.86856922983733
2029,1,p28,Apache Junction Landfill,400825,Fort Huachuca Solar PV Project,AZ,4608.204144153691
2029,1,p28,Apache Junction Landfill,400845,Gila Bend Hybrid,AZ,956.932689984641
2029,1,p28,Apache Junction Landfill,400599,"Gilbert Solar Facility I, LLC",AZ,2802.196470465121
2029,1,p28,South Yuma County Landfill,400507,Hyder II Hybrid,AZ,2271.1520659098337
2029,1,p28,South Yuma County Landfill,400204,Hyder Solar Hybrid,AZ,2225.921513028125
2029,1,p28,Apache Junction Landfill,405282,Intel - Ocotillo Campus Solar,AZ,2986.3887869751957
2029,1,p28,Apache Junction Landfill,405125,Jewish Community Center PV,AZ,10044.876488817295
2029,1,p28,Apache Junction Landfill,402234,Kayenta Solar Project,AZ,2002.408015127377
2029,1,p28,Apache Junction Landfill,400595,Lake Pleasant WTP,AZ,3429.8744371021335
2029,1,p28,Apache Junction Landfill,400128,Luke Solar,AZ,2254.8135113359426
2029,1,p28,Apache Junction Landfill,405068,Macys Goodyear,AZ,9305.447440850803
2029,1,p28,South Yuma County Landfill,406279,McFarland A Solar and Storage,AZ,192.25697741528143
2029,1,p28,Apache Junction Landfill,405617,Mesa Carport PV,AZ,507.37149786578004
2029,1,p28,Apache Junction Landfill,404512,Mesa Solar Array,AZ,582.8436966858084
2029,1,p28,Apache Junction Landfill,400250,Mesquite Solar 1,AZ,664.9059691065905
2029,1,p28,Apache Junction Landfill,401621,"Mesquite Solar 2, LLC",AZ,360.1660353369807
2029,1,p28,Apache Junction Landfill,401622,"Mesquite Solar 3, LLC",AZ,255.71496241651192
2029,1,p28,Apache Junction Landfill,406038,"Mesquite Solar 4, LLC",AZ,904.4326398199153
2029,1,p28,Apache Junction Landfill,404922,"Mesquite Solar 5, LLC",AZ,700.6392020331401
2029,1,p28,Mohave Valley Landfill,403572,OE_AZ1,AZ,1537.0049814163733
2029,1,p28,Apache Junction Landfill,400203,Paloma Solar Hybrid,AZ,1991.9119293773842
2029,1,p28,Apache Junction Landfill,405126,Paradise Valley H.S. PV,AZ,12531.66230759374
2029,1,p28,Apache Junction Landfill,405150,Phoenix Airport East Economy Lot,AZ,10574.909233376768
2029,1,p28,Apache Junction Landfill,405151,Phoenix Airport Rental Car Center,AZ,12325.48467957941
2029,1,p28,Apache Junction Landfill,402528,Pinal Central Energy Center Hybrid,AZ,789.0148569984025
2029,1,p28,Apache Junction Landfill,400125,"Poseidon Solar, LLC",AZ,366.8563342068736
2029,1,p28,Apache Junction Landfill,400031,Prescott Airport,AZ,17013.506944780267
2029,1,p28,Apache Junction Landfill,400401,Prescott Solar Plant,AZ,4974.568741898154
2029,1,p28,Apache Junction Landfill,400323,Queen Creek Solar Farm,AZ,218.71511044980937
2029,1,p28,Mohave Valley Landfill,400289,"RE Bagdad Solar I, LLC",AZ,2414.496686287931
2029,1,p28,Apache Junction Landfill,405132,"RE Gillespie 1, LLC",AZ,1835.469866853674
2029,1,p28,Apache Junction Landfill,400758,Red Horse 2,AZ,925.7547095278046
2029,1,p28,Apache Junction Landfill,401609,Red Horse III,AZ,1492.6887435372805
2029,1,p28,Apache Junction Landfill,401726,Red Rock,AZ,617.3756946996747
2029,1,p28,Apache Junction Landfill,406380,SR McNeal,AZ,3280.9691850953054
2029,1,p28,Apache Junction Landfill,400416,Saddle Mountain Solar I,AZ,5052.180307023161
2029,1,p28,Apache Junction Landfill,403674,Saint Solar,AZ,245.73268764395016
2029,1,p28,Apache Junction Landfill,401214,Sandstone Solar,AZ,333.01474623156037
2029,1,p28,Apache Junction Landfill,405029,Solana Generating Station,AZ,202.20100904799315
2029,1,p28,Apache Junction Landfill,406275,Sonoran Solar Energy,AZ,181.43834731785248
2029,1,p28,Apache Junction Landfill,406034,Storey Solar and Storage,AZ,164.30692881440558
2029,1,p28,Apache Junction Landfill,401664,Sulphur Springs,AZ,2536.2091354372783
2029,1,p28,Apache Junction Landfill,403643,Sun Streams 2,AZ,324.8465884414333
2029,1,p28,Apache Junction Landfill,406517,Sun Streams 3,AZ,195.64467139991783
2029,1,p28,Apache Junction Landfill,401975,"Sun Streams, LLC",AZ,359.00469687160296
2029,1,p28,Apache Junction Landfill,405311,T0588 Phoenix - AZ,AZ,14571.84788281078
2029,1,p28,Apache Junction Landfill,405134,Union HS at Casa Grande,AZ,13186.839047932841
2029,1,p28,Apache Junction Landfill,405135,Vista Grande HS at Casa Grande,AZ,13907.227896872473
2029,1,p28,Apache Junction Landfill,400334,Walmart Casa Grande,AZ,7354.718146279239
2029,1,p28,Apache Junction Landfill,406098,"West Line Solar, LLC",AZ,337.17731113151586
2029,1,p29,Apache Junction Landfill,400014,Springerville,AZ,3506.1733778317916
2029,1,p30,Apache Junction Landfill,405143,Actus Lend Lease DMAFB,AZ,6833.276149369832
2029,1,p30,Apache Junction Landfill,405611,Amazon TUS2,AZ,20747.85897694431
2029,1,p30,Apache Junction Landfill,405268,Amphitheater High School Solar,AZ,18814.305374820793
2029,1,p30,Apache Junction Landfill,400939,Avalon Solar,AZ,902.5548401845646
2029,1,p30,Apache Junction Landfill,401479,Avalon Solar II,AZ,1778.4451818095804
2029,1,p30,Apache Junction Landfill,400226,Avra Valley Solar,AZ,800.9450694780563
2029,1,p30,Apache Junction Landfill,404704,Broadway 2 - Tucson Phase II,AZ,10074.822140814736
2029,1,p30,Apache Junction Landfill,405768,Broadway 3 - Tucson Phase I,AZ,18044.6619487813
2029,1,p30,Apache Junction Landfill,405269,Canyon Del Oro High School Solar,AZ,4943.784437127629
2029,1,p30,Apache Junction Landfill,400757,Cogenra-TEP,AZ,22101.572642095114
2029,1,p30,Apache Junction Landfill,401295,Davis Monthan AFB (AZ) West Airfield,AZ,2090.999562998412
2029,1,p30,Apache Junction Landfill,400330,FRB Solar Farm,AZ,11583.630649860717
2029,1,p30,Apache Junction Landfill,400761,"Gato Montes Solar, LLC",AZ,6328.104536637772
2029,1,p30,Apache Junction Landfill,404536,Iron Horse Battery Storage Hybrid,AZ,18401.050945005558
2029,1,p30,Apache Junction Landfill,400552,"Picture Rocks Solar, LLC",AZ,2737.30617443165
2029,1,p30,Apache Junction Landfill,405374,Pima Community College,AZ,32089.014067795873
2029,1,p30,Apache Junction Landfill,405303,Pima Community College - East Campus,AZ,17555.70134568453
2029,1,p30,Apache Junction Landfill,405516,Pima Community College NW,AZ,19201.24592672008
2029,1,p30,Apache Junction Landfill,400408,Prairie Fire,AZ,4891.233674904394
2029,1,p30,Apache Junction Landfill,400290,"RE Ajo 1, LLC",AZ,5227.647407013474
2029,1,p30,Apache Junction Landfill,404926,Raptor Ridge,AZ,2457.3042001581707
2029,1,p30,Apache Junction Landfill,400857,Rio Rico Solar,AZ,8447.486916731596
2029,1,p30,Apache Junction Landfill,400193,Roger Road WWTP,AZ,20249.408784664487
2029,1,p30,Apache Junction Landfill,401076,Tech Park Solar,AZ,4851.365727208456
2029,1,p30,Apache Junction Landfill,400156,UASTP I,AZ,18464.37258663904
2029,1,p30,Apache Junction Landfill,401075,Valencia Solar,AZ,2646.3059371838895
2029,1,p30,Apache Junction Landfill,404187,"Wilmot Energy Center, LLC",AZ,263.68413572683
2029,1,p31,City of Clovis Landfill,400211,Alamogordo Solar Energy Center,NM,38062.27983031338
2029,1,p31,Northeastern New Mexico Regional Landfill,400206,Albuquerque Solar Energy Center,NM,53066.198634578795
2029,1,p31,Northeastern New Mexico Regional Landfill,403675,Alcalde Solar Array,NM,23815.229922994426
2029,1,p31,Apache Junction Landfill,401595,Alta Luna,NM,5847.357074527145
2029,1,p31,Northeastern New Mexico Regional Landfill,404724,Angel Fire Energy Facility,NM,2792.5928680556985
2029,1,p31,Northeastern New Mexico Regional Landfill,405469,Arroyo Solar Energy Storage Hybrid,NM,641.4240729584332
2029,1,p31,Northeastern New Mexico Regional Landfill,403321,Bluewater CDEC 1,NM,60340.725733538326
2029,1,p31,Northeastern New Mexico Regional Landfill,403736,Britton Solar Energy Center,NM,1514.4269341632726
2029,1,p31,City of Clovis Landfill,404981,Buena Vista Energy Center,NM,1379.773030013957
2029,1,p31,Northeastern New Mexico Regional Landfill,402876,CNMEC Solar Energy Center,NM,50576.10281865346
2029,1,p31,City of Clovis Landfill,402519,Carrizozo Solar,NM,44112.437274435535
2029,1,p31,Northeastern New Mexico Regional Landfill,401202,Cibola,NM,13852.553607469765
2029,1,p31,Northeastern New Mexico Regional Landfill,400104,Cimarron Solar Facility,NM,590.5514289165467
2029,1,p31,Apache Junction Landfill,402988,City of Gallup Solar,NM,20318.349475831154
2029,1,p31,Northeastern New Mexico Regional Landfill,403604,City of Rio Rancho WWTP,NM,95345.73410171662
2029,1,p31,Apache Junction Landfill,401225,City of Truth or Consequences PV,NM,96864.71929614138
2029,1,p31,Apache Junction Landfill,402177,Columbus Solar Project,NM,89333.27354670761
2029,1,p31,Northeastern New Mexico Regional Landfill,404748,"Cuba 2.5ac, LLC",NM,34244.22074337552
2029,1,p31,Apache Junction Landfill,400209,Deming Solar Energy Center,NM,19554.305180256677
2029,1,p31,Northeastern New Mexico Regional Landfill,403868,Encino Solar Energy Center,NM,2747.0217782302125
2029,1,p31,Northeastern New Mexico Regional Landfill,401038,Eubank Landfill Solar Array,NM,53598.74157362754
2029,1,p31,Northeastern New Mexico Regional Landfill,402441,Facebook 1 Solar Energy Center,NM,9974.157856860958
2029,1,p31,Northeastern New Mexico Regional Landfill,402442,Facebook 2 Solar Energy Center,NM,9599.756656090967
2029,1,p31,Northeastern New Mexico Regional Landfill,402443,Facebook 3 Solar Energy Center,NM,10671.49893344502
2029,1,p31,Northeastern New Mexico Regional Landfill,403322,Grants CDEC 2,NM,31435.635737340148
2029,1,p31,Apache Junction Landfill,400216,"Hatch Solar Energy Center I, LLC",NM,34114.459330871345
2029,1,p31,City of Clovis Landfill,401617,Holloman Solar Facility,NM,29245.408690567358
2029,1,p31,Northeastern New Mexico Regional Landfill,406109,"Jicarilla Solar 1, LLC",NM,2829.0931780660644
2029,1,p31,Northeastern New Mexico Regional Landfill,400427,Kit Carson,NM,42098.348952430264
2029,1,p31,Northeastern New Mexico Regional Landfill,400210,Las Vegas Solar Energy Center,NM,7366.093471523549
2029,1,p31,Northeastern New Mexico Regional Landfill,400434,Los Alamos PV Site,NM,62537.41065629395
2029,1,p31,Northeastern New Mexico Regional Landfill,400207,Los Lunas Solar Energy Center,NM,20264.444003045708
2029,1,p31,Apache Junction Landfill,400838,Macho Springs,NM,4487.5739645088615
2029,1,p31,Northeastern New Mexico Regional Landfill,400582,Manzano Solar,NM,17561.30849372531
2029,1,p31,Northeastern New Mexico Regional Landfill,401201,Meadow Lake Solar Energy Center,NM,12707.276713939369
2029,1,p31,Northeastern New Mexico Regional Landfill,406177,"NMRD Data Center III, LLC",NM,1816.7810455057238
2029,1,p31,City of Clovis Landfill,405693,NMSU Solar and Storage,NM,63030.4454604975
2029,1,p31,Northeastern New Mexico Regional Landfill,406375,OE_ESCL,NM,866.4973924740056
2029,1,p31,City of Clovis Landfill,400581,Otero Solar,NM,18798.296963657656
2029,1,p31,Northeastern New Mexico Regional Landfill,400146,Questa Solar Facility,NM,56336.56266680043
2029,1,p31,Northeastern New Mexico Regional Landfill,403178,"RC Energy AA, LLC Solar Facility",NM,92861.46732027951
2029,1,p31,Northeastern New Mexico Regional Landfill,401566,Rio Communities Solar Energy Center,NM,12889.241654551013
2029,1,p31,Northeastern New Mexico Regional Landfill,403084,Rio De Oro Solar Energy Center,NM,12629.558843213277
2029,1,p31,Northeastern New Mexico Regional Landfill,400624,Rio Rancho High School,NM,94250.61892546664
2029,1,p31,City of Clovis Landfill,400135,Roadrunner Solar,NM,9020.51449284906
2029,1,p31,Northeastern New Mexico Regional Landfill,404648,"Route 66 Energy Center, LLC",NM,2744.4486684305016
2029,1,p31,Northeastern New Mexico Regional Landfill,403387,San Miguel I Solar Energy Center,NM,3654.4378183312556
2029,1,p31,Northeastern New Mexico Regional Landfill,405458,San Miguel II Solar Energy Center,NM,4840.846985746598
2029,1,p31,Northeastern New Mexico Regional Landfill,401161,Sandoval Solar Energy Center,NM,18348.02734098641
2029,1,p31,Northeastern New Mexico Regional Landfill,401564,Santa Fe Solar Energy Center,NM,8887.53959097711
2029,1,p31,Northeastern New Mexico Regional Landfill,401565,Santolina Solar Energy Center,NM,11599.603847618479
2029,1,p31,Apache Junction Landfill,400596,Silver City WWTP PV Project,NM,146411.4302095698
2029,1,p31,Northeastern New Mexico Regional Landfill,406343,Sky Ranch Solar,NM,704.8184587962976
2029,1,p31,Northeastern New Mexico Regional Landfill,401563,South Valley Solar Energy Center,NM,13413.839669464469
2029,1,p31,Northeastern New Mexico Regional Landfill,401162,Springer Solar 1,NM,22324.008270423237
2029,1,p31,Northeastern New Mexico Regional Landfill,400735,Storrie Lake Solar Project,NM,23579.01565831235
2029,1,p31,Northeastern New Mexico Regional Landfill,400623,Sue Cleveland High School,NM,118432.49031491035
2029,1,p31,City of Clovis Landfill,400343,"SunE EPE1, LLC",NM,18337.881077048372
2029,1,p31,City of Clovis Landfill,400342,"SunE EPE2, LLC",NM,14707.12210660777
2029,1,p31,Northeastern New Mexico Regional Landfill,402854,Syncarpha Eagle Nest,NM,43535.45710748642
2029,1,p31,Northeastern New Mexico Regional Landfill,403412,Syncarpha El Rito,NM,40200.87515096381
2029,1,p31,Northeastern New Mexico Regional Landfill,403413,Syncarpha Questa,NM,32977.128914200286
2029,1,p31,Northeastern New Mexico Regional Landfill,403411,Syncarpha Taos,NM,13998.363092854222
2029,1,p31,Northeastern New Mexico Regional Landfill,404618,Taos Mesa Energy Facility Hybrid,NM,2943.4391436473984
2029,1,p31,Northeastern New Mexico Regional Landfill,403011,Vista Solar Energy Center,NM,10968.565268030487
2029,1,p31,City of Clovis Landfill,400354,WSMR I,NM,43051.68900137232
2029,1,p31,Apache Junction Landfill,405245,Wal-Mart Truth or Consequences PV,NM,185613.79063365704
2029,1,p47,City of Clovis Landfill,400979,"Caprock Solar 1, LLC",NM,1484.639186027107
2029,1,p47,City of Clovis Landfill,404980,Chaves County Solar II,NM,1970.722261053197
2029,1,p47,City of Clovis Landfill,401681,"Chaves Solar, LLC",NM,1408.171055558607
2029,1,p47,City of Clovis Landfill,400614,GSE NM1,NM,48211.44729045212
2029,1,p47,City of Clovis Landfill,404982,Hayhurst New Mexico Solar,NM,7276.158590977596
2029,1,p47,City of Clovis Landfill,402530,Middle Daisy,NM,16740.562479129458
2029,1,p47,City of Clovis Landfill,401682,"Roswell Solar, LLC",NM,947.564699574642
2029,1,p47,City of Clovis Landfill,400546,SEV NM Phase 2,NM,75688.49473589534
2029,1,p47,City of Clovis Landfill,400260,SPS1 Dollarhide,NM,13473.719898055168
2029,1,p47,City of Clovis Landfill,400261,SPS2 Jal,NM,10223.76456043942
2029,1,p47,City of Clovis Landfill,400262,SPS3 Lea,NM,11657.128127042293
2029,1,p47,City of Clovis Landfill,400264,SPS5 Hopi,NM,11634.832354043228
2029,1,p47,City of Clovis Landfill,404698,SoCore Clovis 1,NM,1691.94260164245
2029,1,p48,City of Clovis Landfill,406439,"BESSP1, LLC",TX,3719.5715413196813
2029,1,p48,City of Clovis Landfill,405590,"Hecate Energy Frye Solar, LLC",TX,135.61918763149902
2029,1,p57,Victoria Landfill,404918,"Hecate Energy Upshur Rural, LLC",TX,13392.882212637445
2029,1,p59,City of Clovis Landfill,402666,Fort Bliss (DEA EPIC),TX,30173.005979455324
2029,1,p59,City of Clovis Landfill,401616,Montana Solar Facility,TX,22920.840492028346
2029,1,p59,City of Clovis Landfill,401045,Newman Solar,TX,6659.183683416818
2029,1,p60,City of Clovis Landfill,403962,"ANSON Solar Center, LLC",TX,578.5371196543115
2029,1,p60,City of Clovis Landfill,403883,Azure Sky Solar,TX,709.7526992112136
2029,1,p60,City of Clovis Landfill,403232,"ENGIE Long Draw Solar, LLC",TX,311.4322331816551
2029,1,p60,City of Clovis Landfill,406252,Highpeak Solar 1,TX,7851.852272398135
2029,1,p60,City of Clovis Landfill,402721,Holstein 1 Solar Farm,TX,809.8439660083483
2029,1,p60,City of Clovis Landfill,405492,Juno Solar Project,TX,295.25362293624516
2029,1,p60,City of Clovis Landfill,402541,Lamesa II,TX,1636.896728668312
2029,1,p60,City of Clovis Landfill,401660,Lamesa Solar,TX,933.2295382811839
2029,1,p60,City of Clovis Landfill,405932,Lumina II Solar Project,TX,259.65683501884655
2029,1,p60,City of Clovis Landfill,405933,Lumina Solar Project,TX,309.63347386574316
2029,1,p60,City of Clovis Landfill,402909,Misae Solar,TX,388.5542387554913
2029,1,p60,City of Clovis Landfill,400968,"OCI Alamo 7, LLC",TX,1270.8645158817296
2029,1,p60,City of Clovis Landfill,405939,Texas Solar Nova 1,TX,356.5483357143814
2029,1,p61,City of Clovis Landfill,400967,Alamo 6,TX,716.8786366919281
2029,1,p61,City of Clovis Landfill,403557,Aragorn Solar Project,TX,282.3955192500132
2029,1,p61,City of Clovis Landfill,400691,Barilla Solar,TX,2204.5317033310926
2029,1,p61,City of Clovis Landfill,401946,Bluebell Solar,TX,2374.897384805373
2029,1,p61,City of Clovis Landfill,403574,Bluebell Solar II,TX,628.5839319352984
2029,1,p61,City of Clovis Landfill,400554,"Bryan Solar, LLC",TX,8156.35924066866
2029,1,p61,City of Clovis Landfill,401463,Buckthorn Westex,TX,590.3002188922225
2029,1,p61,City of Clovis Landfill,401703,East Pecos Solar,TX,657.2668318583792
2029,1,p61,Victoria Landfill,405363,Galloway 1 Solar Farm,TX,2069.432471706122
2029,1,p61,City of Clovis Landfill,405363,Galloway 1 Solar Farm,TX,377.000917734843
2029,1,p61,City of Clovis Landfill,405494,Galloway 2 Solar Farm,TX,557.7535544584968
2029,1,p61,City of Clovis Landfill,403210,Greasewood,TX,524.4131421711918
2029,1,p61,City of Clovis Landfill,406370,Hayhurst Texas Solar,TX,1615.4450062826238
2029,1,p61,City of Clovis Landfill,402304,Midway Solar-TX,TX,381.1225422363328
2029,1,p61,Victoria Landfill,400695,"OCI Alamo 4, LLC",TX,1800.065248645281
2029,1,p61,City of Clovis Landfill,401868,Pearl Solar,TX,1330.8547230958184
2029,1,p61,City of Clovis Landfill,402290,RE Maplewood,TX,481.6637864072576
2029,1,p61,City of Clovis Landfill,401430,RE Roserock,TX,595.7332103560341
2029,1,p61,City of Clovis Landfill,402848,Rambler,TX,356.48268629603797
2029,1,p61,City of Clovis Landfill,402083,Solaire Holman Solar Project,TX,1181.170620153218
2029,1,p61,City of Clovis Landfill,403023,"Taygete Energy Project, LLC",TX,574.2456451455437
2029,1,p61,City of Clovis Landfill,404647,Taygete II Energy Project,TX,318.6465799610419
2029,1,p61,City of Clovis Landfill,403551,Titan Solar Project,TX,390.13288703781535
2029,1,p61,Victoria Landfill,406103,Zier Solar,TX,357.4753231958199
2029,1,p62,City of Clovis Landfill,403502,2W Permian Solar Project Hybrid,TX,401.4270621329798
2029,1,p62,City of Clovis Landfill,403697,CED Crane Solar,TX,468.95281349672575
2029,1,p62,City of Clovis Landfill,401525,Castle Gap Solar Hybrid,TX,528.3158471544073
2029,1,p62,City of Clovis Landfill,404599,Emerald Grove,TX,610.7109477919219
2029,1,p62,City of Clovis Landfill,403004,Lapetus,TX,497.37104971857707
2029,1,p62,City of Clovis Landfill,403280,Oberon IA,TX,534.1080160499492
2029,1,p62,City of Clovis Landfill,403279,Oberon IB,TX,2243.6149608615024
2029,1,p62,City of Clovis Landfill,403602,Oxy Renewable Energy-Goldsmith,TX,3117.2964398366357
2029,1,p62,City of Clovis Landfill,402679,Phoebe Solar,TX,268.7481339612046
2029,1,p62,City of Clovis Landfill,403177,Prospero Solar,TX,254.43982673226313
2029,1,p62,City of Clovis Landfill,404128,Prospero Solar II,TX,382.519205769776
2029,1,p62,City of Clovis Landfill,403070,"Roadrunner, LLC",TX,409.301051575124
2029,1,p62,City of Clovis Landfill,401805,Upton County Solar,TX,896.5728963391589
2029,1,p62,City of Clovis Landfill,402995,West of the Pecos Solar,TX,746.4804726891919
2029,1,p63,Victoria Landfill,405599,"BPL Crown Solar, LLC",TX,1029.3997811758084
2029,1,p63,Victoria Landfill,404966,BPL Files Solar,TX,1150.170963332864
2029,1,p63,Victoria Landfill,403825,Briar Creek Solar 1,TX,1040.8676010571141
2029,1,p63,Victoria Landfill,402610,Chisum,TX,37603.45499221928
2029,1,p63,Victoria Landfill,401697,CoServ Community Solar Station,TX,224625.02443567986
2029,1,p63,Victoria Landfill,403188,Coniglio Solar,TX,1953.1400395342444
2029,1,p63,Victoria Landfill,406415,Dileo Solar,TX,1351.2268086713207
2029,1,p63,Victoria Landfill,402655,Eddy II,TX,11066.676410168451
2029,1,p63,Victoria Landfill,406221,Eiffel Solar Project,TX,749.1946653222165
2029,1,p63,Victoria Landfill,405540,"Ellis Solar, LLC",TX,2374.4185261538178
2029,1,p63,Victoria Landfill,403823,Elm Branch Solar 1,TX,1027.7964697112834
2029,1,p63,Victoria Landfill,406206,Five Wells Solar Center - Hybrid,TX,381.65813275818545
2029,1,p63,Victoria Landfill,404567,G.S.E. One LLC,TX,1973.8401192428364
2029,1,p63,Victoria Landfill,403288,Griffin Solar,TX,16450.64148935071
2029,1,p63,Victoria Landfill,406202,Grizzly Ridge Solar,TX,1253.8732731905002
2029,1,p63,Victoria Landfill,405319,IKEA Grand Prairie Rooftop PV System,TX,490406.75054161105
2029,1,p63,Victoria Landfill,405689,"IP Radian, LLC",TX,416.40771191572395
2029,1,p63,Victoria Landfill,403481,Impact Solar 1,TX,968.9835616535897
2029,1,p63,Victoria Landfill,403190,Kellam Solar,TX,2202.341576430891
2029,1,p63,Victoria Landfill,402421,Leon Solar,TX,33206.0631871462
2029,1,p63,Victoria Landfill,403874,Lily Solar Hybrid,TX,1031.1178074829033
2029,1,p63,Victoria Landfill,402404,Marlin Solar,TX,20621.30833142632
2029,1,p63,Victoria Landfill,405794,Noble Solar,TX,767.8380779135454
2029,1,p63,Victoria Landfill,401933,Phantom Solar,TX,5485.2367173577995
2029,1,p63,Victoria Landfill,404872,"Pisgah Ridge Solar, LLC",TX,479.4089127467582
2029,1,p63,Victoria Landfill,406416,Pitts Dudik Solar,TX,2167.6965400055747
2029,1,p63,Victoria Landfill,403189,Rippey Solar,TX,2720.309263875226
2029,1,p63,Victoria Landfill,404630,"Samson Solar Energy III, LLC",TX,890.9963278234654
2029,1,p63,Victoria Landfill,402652,Sterling Solar (TX),TX,44370.57327057921
2029,1,p63,Victoria Landfill,404812,Sun Valley Solar Project,TX,473.1306537557067
2029,1,p63,Victoria Landfill,404388,"TPE Erath Solar, LLC",TX,11189.795296458631
2029,1,p63,Victoria Landfill,403457,"TPE Whitney Solar, LLC",TX,12758.366618227737
2029,1,p63,Victoria Landfill,405361,Toyota HQ Plan,TX,167907.94013329293
2029,1,p63,Victoria Landfill,405984,Waco Solar,TX,552.3664356220032
2029,1,p63,Victoria Landfill,402306,Walnut Springs Solar,TX,29209.240734460807
2029,1,p63,Victoria Landfill,402497,West Moore Solar II,TX,145221.1953690298
2029,1,p63,Victoria Landfill,402330,Whitesboro Solar,TX,289964.0578217901
2029,1,p63,Victoria Landfill,402414,Whitewright Solar,TX,15852.181069702036
2029,1,p63,Victoria Landfill,402654,Yellow Jacket,TX,24365.348959659328
2029,1,p64,Victoria Landfill,405731,Austin TX GigaFactory,TX,18750.39393212037
2029,1,p64,Victoria Landfill,402203,Bandera Electric Coop PV,TX,34855.61853220462
2029,1,p64,Victoria Landfill,404721,"Blue Jay Solar I, LLC",TX,307.1787584159857
2029,1,p64,Victoria Landfill,402648,Bovine,TX,2618.6921809678606
2029,1,p64,Victoria Landfill,402389,"E-Volve Energy Holdings, LLC",TX,25023.177380616788
2029,1,p64,Victoria Landfill,400227,East Blackland Solar Project 1,TX,362.7803114021352
2029,1,p64,Victoria Landfill,405101,IKEA Round Rock 027,TX,30675.85042041091
2029,1,p64,Victoria Landfill,402653,Lampwick,TX,10288.572149655656
2029,1,p64,Victoria Landfill,405613,Niagara Bottling - Seguin,TX,6488.463413766773
2029,1,p64,Victoria Landfill,402544,PowerFin Kingsbery,TX,12863.744931294676
2029,1,p64,Victoria Landfill,400249,Webberville Solar Project,TX,1380.9776842232386
2029,1,p65,Victoria Landfill,405700,Aktina Solar,TX,703.6368629885382
2029,1,p65,Victoria Landfill,404074,"Alexis Solar, LLC",TX,72317.53781962296
2029,1,p65,Victoria Landfill,405727,Bernard Creek Solar,TX,2430.0012883965155
2029,1,p65,Victoria Landfill,400081,Blue Wing Solar Energy Generation,TX,33148.99365625698
2029,1,p65,Victoria Landfill,405477,Brightside,TX,7732.093867372655
2029,1,p65,Victoria Landfill,401728,CPS 1 Community Solar,TX,533161.9233516967
2029,1,p65,Victoria Landfill,402656,Cascade Solar (TX),TX,42054.73316920151
2029,1,p65,Victoria Landfill,403987,Catan Solar,TX,22880.07436511946
2029,1,p65,Victoria Landfill,403091,Commerce Solar,TX,106225.19298223425
2029,1,p65,Victoria Landfill,404247,"Corazon Energy, LLC",TX,3719.79721066439
2029,1,p65,Victoria Landfill,404062,Elara Solar,TX,4922.110999520846
2029,1,p65,Victoria Landfill,404359,FELPS 1-Calaveras,TX,456109.7730471314
2029,1,p65,Victoria Landfill,404361,FELPS 2-Calaveras,TX,586841.1918083178
2029,1,p65,Victoria Landfill,404362,FELPS 3-Floresville South,TX,362229.58794486546
2029,1,p65,Victoria Landfill,404363,FELPS 4-Floresville South,TX,362283.73192579305
2029,1,p65,Victoria Landfill,404364,FELPS 5-Floresville South,TX,362379.3251050431
2029,1,p65,Victoria Landfill,404739,FELPS 6- Floresville West,TX,428036.26225864043
2029,1,p65,Victoria Landfill,404740,FELPS 7- Floresville West,TX,427970.80298137985
2029,1,p65,Victoria Landfill,406516,Ganado Solar,TX,1315.902243948313
2029,1,p65,Victoria Landfill,405801,Horizon Solar,TX,3505.667266248257
2029,1,p65,Victoria Landfill,405380,IKEA Live Oak Rooftop PV System,TX,357163.427335676
2029,1,p65,Victoria Landfill,403343,Mars Solar,TX,84530.57932415928
2029,1,p65,Victoria Landfill,404877,Nebula Solar,TX,7186.065946310478
2029,1,p65,Victoria Landfill,400694,"OCI Alamo 2, LLC",TX,132939.89318731776
2029,1,p65,Victoria Landfill,400965,"OCI Alamo 3, LLC",TX,93284.63997684867
2029,1,p65,Victoria Landfill,400966,"OCI Alamo 5, LLC",TX,12062.763593080479
2029,1,p65,Victoria Landfill,400593,OCI Alamo Solar I Hybrid,TX,16439.377800744052
2029,1,p65,Victoria Landfill,405809,Shakes Solar,TX,4456.734713628573
2029,1,p65,Victoria Landfill,405545,Sparta Solar,TX,1383.340311790144
2029,1,p65,Victoria Landfill,400379,"SunE CPS1, LLC",TX,57629.1633433627
2029,1,p65,Victoria Landfill,400364,"SunE CPS2, LLC",TX,51453.947811047656
2029,1,p65,Victoria Landfill,400353,"SunE CPS3, LLC",TX,70227.50535640871
2029,1,p65,Victoria Landfill,406032,Tres Bahias,TX,789.0524431206865
2029,1,p65,Victoria Landfill,404878,Vancourt Solar Interconnections,TX,19176.616027183416
2029,1,p66,Victoria Landfill,406386,Umbriel Solar,TX,2132.146735683108
2029,1,p67,Victoria Landfill,404939,Brazoria County Solar Project (Danciger),TX,318.4412490012651
2029,1,p67,Victoria Landfill,404681,Brazoria West,TX,286.2667116541148
2029,1,p67,Victoria Landfill,402649,Bronson,TX,4456.081202106176
2029,1,p67,Victoria Landfill,406178,"Cutlass Solar 1, LLC",TX,481.4739665480285
2029,1,p67,Victoria Landfill,404587,Fighting Jays Solar Project,TX,309.5851664632534
2029,1,p67,Victoria Landfill,405564,"Fort Bend Solar, LLC",TX,264.18916038606284
2029,1,p67,Victoria Landfill,404853,"Longbow Solar, LLC",TX,1063.3173703198288
2029,1,p67,Victoria Landfill,403514,Wagyu,TX,483.5661792800682
2029,2,p12,Apex Regional Landfill,402144,Battle Mountain Solar Project,NV,578.0900477288294
2029,2,p12,Apex Regional Landfill,405553,Dodge Flat,NV,1256.7236484440775
2029,2,p12,Apex Regional Landfill,402609,"EGP Stillwater Solar PV II, LLC",NV,2457.989843011892
2029,2,p12,Apex Regional Landfill,404659,Fish Springs,NV,1142.499292947922
2029,2,p12,Apex Regional Landfill,401086,Ft. Churchill PV,NV,6087.58977353281
2029,2,p12,Apex Regional Landfill,402130,Luning Energy,NV,808.8655321246397
2029,2,p12,Apex Regional Landfill,403107,NVSS-II,NV,553.3621321152988
2029,2,p12,Apex Regional Landfill,400468,"Patua Acquisition Project, LLC",NV,5506.870037670854
2029,2,p12,Apex Regional Landfill,405023,Steamboat II,NV,88638.7649331793
2029,2,p12,Apex Regional Landfill,400029,Stillwater Facility,NV,2260.5182541619047
2029,2,p12,Apex Regional Landfill,401318,Sunshine Valley Solar,NV,181.4163458567761
2029,2,p12,Apex Regional Landfill,405026,TS Power Plant,NV,575.3906301385215
2029,2,p12,Apex Regional Landfill,405576,Tesla Reno GigaFactory,NV,11986.178543522708
2029,2,p12,Apex Regional Landfill,401943,Tungsten Mountain,NV,6208.099953370054
2029,2,p12,Apex Regional Landfill,403308,Turquoise Liberty Solar,NV,8167.45156851381
2029,2,p12,Apex Regional Landfill,403884,"Turquoise Nevada, LLC",NV,1836.270819285965
2029,2,p12,Apex Regional Landfill,400035,Western 102 Power Plant,NV,485220.9705347079
2029,2,p13,Apex Regional Landfill,400555,Apex Solar PV Power Project,NV,361.6915699507313
2029,2,p13,Apex Regional Landfill,405385,Arrow Canyon Solar Hybrid,NV,260.0641451934407
2029,2,p13,Apex Regional Landfill,402017,"Boulder Solar II, LLC",NV,174.14872021898296
2029,2,p13,Apex Regional Landfill,401649,"Boulder Solar Power, LLC",NV,118.66375976790292
2029,2,p13,Apex Regional Landfill,400059,CM10,NV,928.4172240431891
2029,2,p13,Apex Regional Landfill,400086,CM48,NV,214.49537920098925
2029,2,p13,Apex Regional Landfill,400363,Copper Mountain Solar 2,NV,100.12661310996128
2029,2,p13,Apex Regional Landfill,400802,Copper Mountain Solar 3,NV,91.83509352295889
2029,2,p13,Apex Regional Landfill,401308,"Copper Mountain Solar 4, LLC",NV,124.92583348743378
2029,2,p13,Apex Regional Landfill,403688,"Copper Mountain Solar 5, LLC",NV,114.74348226170247
2029,2,p13,Apex Regional Landfill,405358,Dignity - San Martin,NV,2563.9507949040335
2029,2,p13,Apex Regional Landfill,405355,Dignity - Siena Campus,NV,1997.771691181174
2029,2,p13,Apex Regional Landfill,405556,Dry Lake Solar Energy Center,NV,108.0957051052433
2029,2,p13,Apex Regional Landfill,405495,Gemini Solar,NV,93.81690522295145
2029,2,p13,Apex Regional Landfill,403386,"Harry Allen Solar Energy, LLC",NV,107.93029363954
2029,2,p13,Apex Regional Landfill,406090,IGS LAS1,NV,5925.757627950703
2029,2,p13,Apex Regional Landfill,406089,IGS VGT,NV,3556.96607555108
2029,2,p13,Apex Regional Landfill,405309,IKEA Las Vegas 462,NV,4348.739460638062
2029,2,p13,Apex Regional Landfill,400545,Las Vegas WPCF Solar Plant,NV,487.9483524758303
2029,2,p13,Apex Regional Landfill,400313,Moapa Southern Paiute,NV,127.65873446252954
2029,2,p13,Apex Regional Landfill,400600,Mountain View Solar,NV,405.6631499699981
2029,2,p13,Apex Regional Landfill,400036,Nellis Air Force Base Solar Array,NV,275.6057958170593
2029,2,p13,Apex Regional Landfill,401381,Nellis Solar PV II,NV,140.76431993723736
2029,2,p13,Apex Regional Landfill,401319,"Playa Solar 1, LLC",NV,138.10647847205144
2029,2,p13,Apex Regional Landfill,401596,Playa Solar 2,NV,106.38665301071799
2029,2,p13,Apex Regional Landfill,401274,River Mountains Solar,NV,356.13136225281005
2029,2,p13,Mohave Valley Landfill,401042,Searchlight Solar,NV,930.3638440342592
2029,2,p13,Apex Regional Landfill,400166,Silver State Solar Power North,NV,453.3142781322033
2029,2,p13,Apex Regional Landfill,400658,Silver State Solar Power South,NV,102.95980492659503
2029,2,p13,Apex Regional Landfill,405246,"Solar Las Vegas MB 2, LLC",NV,1193.296582898399
2029,2,p13,Apex Regional Landfill,405188,Solar Las Vegas MB-1,NV,447.87790202946826
2029,2,p13,Apex Regional Landfill,400556,Spectrum Solar PV Power Project,NV,178.64214792660937
2029,2,p13,Apex Regional Landfill,402485,"Techren Solar I, LLC",NV,124.34073214513367
2029,2,p13,Apex Regional Landfill,402690,"Techren Solar II, LLC",NV,78.39571453817766
2029,2,p13,Apex Regional Landfill,402691,"Techren Solar III, LLC",NV,319.80314824673997
2029,2,p13,Apex Regional Landfill,402692,"Techren Solar IV, LLC",NV,293.92721240887175
2029,2,p13,Apex Regional Landfill,403001,Techren Solar V,NV,158.5303326236822
2029,2,p13,Apex Regional Landfill,401851,Townsite Solar Project Hybrid,NV,81.6579451344808
2029,2,p13,Apex Regional Landfill,406448,Yellow Pine II,NV,228.0564570289812
2029,2,p13,Apex Regional Landfill,404971,Yellow Pine Solar,NV,235.4068952219152
2029,2,p27,Mohave Valley Landfill,400374,"Black Mountain Solar, LLC",AZ,272.6732728250024
2029,2,p27,Mohave Valley Landfill,402236,Gray Hawk Solar,AZ,102.78881970088014
2029,2,p27,Mohave Valley Landfill,401819,Jacobson 5 MW Solar,AZ,536.2696098945884
2029,2,p27,Mohave Valley Landfill,400199,La Senita,AZ,2111.149980064766
2029,2,p27,Mohave Valley Landfill,403718,Mohave Electric Cooperative at Joy Lane,AZ,75.60670396977916
2029,2,p27,Mohave Valley Landfill,401311,Mohave Electric at Fort Mohave,AZ,92.86282825168732
2029,2,p27,Mohave Valley Landfill,406478,Mohave Energy - Hybrid,AZ,50.265669576768346
2029,2,p28,Apache Junction Landfill,405418,AZ State University - Tempe Campus Solar,AZ,3657.9659902515687
2029,2,p28,South Yuma County Landfill,400148,Agua Caliente Solar Project,AZ,163.6266989085505
2029,2,p28,Apache Junction Landfill,402067,Apache Solar 1,AZ,2175.950113442778
2029,2,p28,South Yuma County Landfill,400274,Arizona Western College PV,AZ,578.6461601259062
2029,2,p28,Apache Junction Landfill,400240,Arlington Valley Solar Energy II,AZ,214.98437025986735
2029,2,p28,Apache Junction Landfill,400437,Badger 1,AZ,1500.7790572230372
2029,2,p28,Apache Junction Landfill,401688,Bonnybrooke PV,AZ,204.1029211505814
2029,2,p28,Apache Junction Landfill,400371,Buckeye Union HS District 201,AZ,4805.779898284482
2029,2,p28,Apache Junction Landfill,405635,"Central Line Solar, LLC",AZ,204.70266495256786
2029,2,p28,Apache Junction Landfill,400201,Chino Solar Valley,AZ,2487.6624204757377
2029,2,p28,Apache Junction Landfill,400202,Cotton Center Solar Hybrid,AZ,1105.165779659764
2029,2,p28,Apache Junction Landfill,401069,Desert Star Hybrid,AZ,3166.568183948495
2029,2,p28,Apache Junction Landfill,403257,East Line Solar,AZ,163.81603438301622
2029,2,p28,Apache Junction Landfill,406171,Eleven Mile Solar Center,AZ,121.44130261345832
2029,2,p28,Apache Junction Landfill,405244,Estrella Mountain PV,AZ,6953.936189898047
2029,2,p28,South Yuma County Landfill,400349,Foothills Solar Plant Hybrid,AZ,127.6211781556631
2029,2,p28,Apache Junction Landfill,400825,Fort Huachuca Solar PV Project,AZ,2684.6213186462796
2029,2,p28,Apache Junction Landfill,400845,Gila Bend Hybrid,AZ,723.4251642962624
2029,2,p28,Apache Junction Landfill,400599,"Gilbert Solar Facility I, LLC",AZ,1867.8300604353797
2029,2,p28,South Yuma County Landfill,400507,Hyder II Hybrid,AZ,1513.4685899514234
2029,2,p28,South Yuma County Landfill,400204,Hyder Solar Hybrid,AZ,1664.4727160233017
2029,2,p28,Apache Junction Landfill,405282,Intel - Ocotillo Campus Solar,AZ,1557.7342009769154
2029,2,p28,Apache Junction Landfill,405125,Jewish Community Center PV,AZ,9487.208981115544
2029,2,p28,Apache Junction Landfill,402234,Kayenta Solar Project,AZ,1339.2036998072374
2029,2,p28,Apache Junction Landfill,400595,Lake Pleasant WTP,AZ,2282.6986634207506
2029,2,p28,Apache Junction Landfill,400128,Luke Solar,AZ,1506.0330632130003
2029,2,p28,Apache Junction Landfill,405068,Macys Goodyear,AZ,5401.215670318538
2029,2,p28,South Yuma County Landfill,406279,McFarland A Solar and Storage,AZ,139.40681471047466
2029,2,p28,Apache Junction Landfill,405617,Mesa Carport PV,AZ,290.0976116049698
2029,2,p28,Apache Junction Landfill,404512,Mesa Solar Array,AZ,361.5278400839802
2029,2,p28,Apache Junction Landfill,400250,Mesquite Solar 1,AZ,352.9527943198381
2029,2,p28,Apache Junction Landfill,401621,"Mesquite Solar 2, LLC",AZ,253.75117138739478
2029,2,p28,Apache Junction Landfill,401622,"Mesquite Solar 3, LLC",AZ,200.0930283361814
2029,2,p28,Apache Junction Landfill,406038,"Mesquite Solar 4, LLC",AZ,443.3309789453671
2029,2,p28,Apache Junction Landfill,404922,"Mesquite Solar 5, LLC",AZ,430.734817531332
2029,2,p28,Mohave Valley Landfill,403572,OE_AZ1,AZ,1029.5177681027242
2029,2,p28,Apache Junction Landfill,400203,Paloma Solar Hybrid,AZ,1515.976118071992
2029,2,p28,Apache Junction Landfill,405126,Paradise Valley H.S. PV,AZ,9477.495509757737
2029,2,p28,Apache Junction Landfill,405150,Phoenix Airport East Economy Lot,AZ,8993.541092049792
2029,2,p28,Apache Junction Landfill,405151,Phoenix Airport Rental Car Center,AZ,7002.889004470263
2029,2,p28,Apache Junction Landfill,402528,Pinal Central Energy Center Hybrid,AZ,488.11160493576847
2029,2,p28,Apache Junction Landfill,400125,"Poseidon Solar, LLC",AZ,258.1731761306523
2029,2,p28,Apache Junction Landfill,400031,Prescott Airport,AZ,11260.905548904859
2029,2,p28,Apache Junction Landfill,400401,Prescott Solar Plant,AZ,3769.016199619571
2029,2,p28,Apache Junction Landfill,400323,Queen Creek Solar Farm,AZ,160.25808939609058
2029,2,p28,Mohave Valley Landfill,400289,"RE Bagdad Solar I, LLC",AZ,1805.6681285971804
2029,2,p28,Apache Junction Landfill,405132,"RE Gillespie 1, LLC",AZ,1360.2610428261596
2029,2,p28,Apache Junction Landfill,400758,Red Horse 2,AZ,569.452941012481
2029,2,p28,Apache Junction Landfill,401609,Red Horse III,AZ,1002.3008079432705
2029,2,p28,Apache Junction Landfill,401726,Red Rock,AZ,423.7558835582993
2029,2,p28,Apache Junction Landfill,406380,SR McNeal,AZ,2718.7739778872533
2029,2,p28,Apache Junction Landfill,400416,Saddle Mountain Solar I,AZ,1700.6356429742557
2029,2,p28,Apache Junction Landfill,403674,Saint Solar,AZ,178.11556584478143
2029,2,p28,Apache Junction Landfill,401214,Sandstone Solar,AZ,212.1167798903709
2029,2,p28,Apache Junction Landfill,405029,Solana Generating Station,AZ,252.38891289447147
2029,2,p28,Apache Junction Landfill,406275,Sonoran Solar Energy,AZ,124.4543866255088
2029,2,p28,Apache Junction Landfill,406034,Storey Solar and Storage,AZ,124.29658125682558
2029,2,p28,Apache Junction Landfill,401664,Sulphur Springs,AZ,1692.0236756963436
2029,2,p28,Apache Junction Landfill,403643,Sun Streams 2,AZ,189.49328999962557
2029,2,p28,Apache Junction Landfill,406517,Sun Streams 3,AZ,145.00950440884233
2029,2,p28,Apache Junction Landfill,401975,"Sun Streams, LLC",AZ,294.32088690411985
2029,2,p28,Apache Junction Landfill,405311,T0588 Phoenix - AZ,AZ,12390.150722335116
2029,2,p28,Apache Junction Landfill,405134,Union HS at Casa Grande,AZ,5836.525559015255
2029,2,p28,Apache Junction Landfill,405135,Vista Grande HS at Casa Grande,AZ,7171.899875522285
2029,2,p28,Apache Junction Landfill,400334,Walmart Casa Grande,AZ,4876.854445702449
2029,2,p28,Apache Junction Landfill,406098,"West Line Solar, LLC",AZ,183.62528889863873
2029,2,p29,Apache Junction Landfill,400014,Springerville,AZ,1285.9756049416524
2029,2,p30,Apache Junction Landfill,405143,Actus Lend Lease DMAFB,AZ,5494.324247066195
2029,2,p30,Apache Junction Landfill,405611,Amazon TUS2,AZ,7642.871648104872
2029,2,p30,Apache Junction Landfill,405268,Amphitheater High School Solar,AZ,12098.624698144877
2029,2,p30,Apache Junction Landfill,400939,Avalon Solar,AZ,753.2682863364555
2029,2,p30,Apache Junction Landfill,401479,Avalon Solar II,AZ,1158.6375965035802
2029,2,p30,Apache Junction Landfill,400226,Avra Valley Solar,AZ,530.9124039038649
2029,2,p30,Apache Junction Landfill,404704,Broadway 2 - Tucson Phase II,AZ,5566.347124084415
2029,2,p30,Apache Junction Landfill,405768,Broadway 3 - Tucson Phase I,AZ,11604.379672749019
2029,2,p30,Apache Junction Landfill,405269,Canyon Del Oro High School Solar,AZ,3191.3362822854942
2029,2,p30,Apache Junction Landfill,400757,Cogenra-TEP,AZ,14209.622387500298
2029,2,p30,Apache Junction Landfill,401295,Davis Monthan AFB (AZ) West Airfield,AZ,1546.9311743182761
2029,2,p30,Apache Junction Landfill,400330,FRB Solar Farm,AZ,7455.273124992242
2029,2,p30,Apache Junction Landfill,400761,"Gato Montes Solar, LLC",AZ,3576.058997079561
2029,2,p30,Apache Junction Landfill,404536,Iron Horse Battery Storage Hybrid,AZ,8886.506829704995
2029,2,p30,Apache Junction Landfill,400552,"Picture Rocks Solar, LLC",AZ,1774.3932303667787
2029,2,p30,Apache Junction Landfill,405374,Pima Community College,AZ,17683.726397099
2029,2,p30,Apache Junction Landfill,405303,Pima Community College - East Campus,AZ,10165.973383808983
2029,2,p30,Apache Junction Landfill,405516,Pima Community College NW,AZ,10809.506517388514
2029,2,p30,Apache Junction Landfill,400408,Prairie Fire,AZ,3935.4126789987863
2029,2,p30,Apache Junction Landfill,400290,"RE Ajo 1, LLC",AZ,3373.6257114074074
2029,2,p30,Apache Junction Landfill,404926,Raptor Ridge,AZ,1130.0973686669197
2029,2,p30,Apache Junction Landfill,400857,Rio Rico Solar,AZ,6520.328250642819
2029,2,p30,Apache Junction Landfill,400193,Roger Road WWTP,AZ,13020.21084732284
2029,2,p30,Apache Junction Landfill,401076,Tech Park Solar,AZ,3517.6986820975603
2029,2,p30,Apache Junction Landfill,400156,UASTP I,AZ,13188.08582792402
2029,2,p30,Apache Junction Landfill,401075,Valencia Solar,AZ,2193.0004466284017
2029,2,p30,Apache Junction Landfill,404187,"Wilmot Energy Center, LLC",AZ,185.897381541483
2029,2,p31,City of Clovis Landfill,400211,Alamogordo Solar Energy Center,NM,15334.577288245477
2029,2,p31,Northeastern New Mexico Regional Landfill,400206,Albuquerque Solar Energy Center,NM,40703.08069140789
2029,2,p31,Northeastern New Mexico Regional Landfill,403675,Alcalde Solar Array,NM,12344.337072425016
2029,2,p31,Apache Junction Landfill,401595,Alta Luna,NM,3382.8046671781212
2029,2,p31,Northeastern New Mexico Regional Landfill,404724,Angel Fire Energy Facility,NM,1620.826700336484
2029,2,p31,Northeastern New Mexico Regional Landfill,405469,Arroyo Solar Energy Storage Hybrid,NM,333.7029835238626
2029,2,p31,Northeastern New Mexico Regional Landfill,403321,Bluewater CDEC 1,NM,31251.37051959164
2029,2,p31,Northeastern New Mexico Regional Landfill,403736,Britton Solar Energy Center,NM,885.6834036442618
2029,2,p31,City of Clovis Landfill,404981,Buena Vista Energy Center,NM,800.968373605469
2029,2,p31,Northeastern New Mexico Regional Landfill,402876,CNMEC Solar Energy Center,NM,23289.892439645788
2029,2,p31,City of Clovis Landfill,402519,Carrizozo Solar,NM,40595.75578854826
2029,2,p31,Northeastern New Mexico Regional Landfill,401202,Cibola,NM,11388.098623524535
2029,2,p31,Northeastern New Mexico Regional Landfill,400104,Cimarron Solar Facility,NM,354.3119544053154
2029,2,p31,Apache Junction Landfill,402988,City of Gallup Solar,NM,17535.650019395023
2029,2,p31,Northeastern New Mexico Regional Landfill,403604,City of Rio Rancho WWTP,NM,43889.46779080438
2029,2,p31,Apache Junction Landfill,401225,City of Truth or Consequences PV,NM,83574.67026791256
2029,2,p31,Apache Junction Landfill,402177,Columbus Solar Project,NM,51400.13186649277
2029,2,p31,Northeastern New Mexico Regional Landfill,404748,"Cuba 2.5ac, LLC",NM,19710.38204639967
2029,2,p31,Apache Junction Landfill,400209,Deming Solar Energy Center,NM,11266.421927535555
2029,2,p31,Northeastern New Mexico Regional Landfill,403868,Encino Solar Energy Center,NM,1204.5850212783184
2029,2,p31,Northeastern New Mexico Regional Landfill,401038,Eubank Landfill Solar Array,NM,35243.33321874309
2029,2,p31,Northeastern New Mexico Regional Landfill,402441,Facebook 1 Solar Energy Center,NM,5751.338413476909
2029,2,p31,Northeastern New Mexico Regional Landfill,402442,Facebook 2 Solar Energy Center,NM,5535.999758517309
2029,2,p31,Northeastern New Mexico Regional Landfill,402443,Facebook 3 Solar Energy Center,NM,5540.624872897987
2029,2,p31,Northeastern New Mexico Regional Landfill,403322,Grants CDEC 2,NM,23255.15929201325
2029,2,p31,Apache Junction Landfill,400216,"Hatch Solar Energy Center I, LLC",NM,32703.743247384118
2029,2,p31,City of Clovis Landfill,401617,Holloman Solar Facility,NM,21631.062897464486
2029,2,p31,Northeastern New Mexico Regional Landfill,406109,"Jicarilla Solar 1, LLC",NM,1284.6358629560016
2029,2,p31,Northeastern New Mexico Regional Landfill,400427,Kit Carson,NM,27251.87554405159
2029,2,p31,Northeastern New Mexico Regional Landfill,400210,Las Vegas Solar Energy Center,NM,3407.936346627728
2029,2,p31,Northeastern New Mexico Regional Landfill,400434,Los Alamos PV Site,NM,39977.663832293205
2029,2,p31,Northeastern New Mexico Regional Landfill,400207,Los Lunas Solar Energy Center,NM,11669.846082019762
2029,2,p31,Apache Junction Landfill,400838,Macho Springs,NM,2281.416128514877
2029,2,p31,Northeastern New Mexico Regional Landfill,400582,Manzano Solar,NM,7874.983914094283
2029,2,p31,Northeastern New Mexico Regional Landfill,401201,Meadow Lake Solar Energy Center,NM,8364.563983712584
2029,2,p31,Northeastern New Mexico Regional Landfill,406177,"NMRD Data Center III, LLC",NM,1059.5838279059556
2029,2,p31,City of Clovis Landfill,405693,NMSU Solar and Storage,NM,40789.93302060928
2029,2,p31,Northeastern New Mexico Regional Landfill,406375,OE_ESCL,NM,513.0236052007397
2029,2,p31,City of Clovis Landfill,400581,Otero Solar,NM,13905.582909790117
2029,2,p31,Northeastern New Mexico Regional Landfill,400146,Questa Solar Facility,NM,28818.853673231417
2029,2,p31,Northeastern New Mexico Regional Landfill,403178,"RC Energy AA, LLC Solar Facility",NM,80119.31522033899
2029,2,p31,Northeastern New Mexico Regional Landfill,401566,Rio Communities Solar Energy Center,NM,6606.466060669034
2029,2,p31,Northeastern New Mexico Regional Landfill,403084,Rio De Oro Solar Energy Center,NM,8313.478488980312
2029,2,p31,Northeastern New Mexico Regional Landfill,400624,Rio Rancho High School,NM,60996.95863068618
2029,2,p31,City of Clovis Landfill,400135,Roadrunner Solar,NM,5195.5776486749855
2029,2,p31,Northeastern New Mexico Regional Landfill,404648,"Route 66 Energy Center, LLC",NM,1437.271826702371
2029,2,p31,Northeastern New Mexico Regional Landfill,403387,San Miguel I Solar Energy Center,NM,1700.115037533911
2029,2,p31,Northeastern New Mexico Regional Landfill,405458,San Miguel II Solar Energy Center,NM,1877.4237114303992
2029,2,p31,Northeastern New Mexico Regional Landfill,401161,Sandoval Solar Energy Center,NM,12072.341020729866
2029,2,p31,Northeastern New Mexico Regional Landfill,401564,Santa Fe Solar Energy Center,NM,5126.364681157839
2029,2,p31,Northeastern New Mexico Regional Landfill,401565,Santolina Solar Energy Center,NM,7636.46868402341
2029,2,p31,Apache Junction Landfill,400596,Silver City WWTP PV Project,NM,151574.99812611018
2029,2,p31,Northeastern New Mexico Regional Landfill,406343,Sky Ranch Solar,NM,342.9248058385469
2029,2,p31,Northeastern New Mexico Regional Landfill,401563,South Valley Solar Energy Center,NM,6019.644272535354
2029,2,p31,Northeastern New Mexico Regional Landfill,401162,Springer Solar 1,NM,9008.437461154383
2029,2,p31,Northeastern New Mexico Regional Landfill,400735,Storrie Lake Solar Project,NM,15510.773180961765
2029,2,p31,Northeastern New Mexico Regional Landfill,400623,Sue Cleveland High School,NM,59619.52354866393
2029,2,p31,City of Clovis Landfill,400343,"SunE EPE1, LLC",NM,10554.505942389555
2029,2,p31,City of Clovis Landfill,400342,"SunE EPE2, LLC",NM,8466.257422969064
2029,2,p31,Northeastern New Mexico Regional Landfill,402854,Syncarpha Eagle Nest,NM,19494.328054057165
2029,2,p31,Northeastern New Mexico Regional Landfill,403412,Syncarpha El Rito,NM,20826.1916100215
2029,2,p31,Northeastern New Mexico Regional Landfill,403413,Syncarpha Questa,NM,24395.07001569154
2029,2,p31,Northeastern New Mexico Regional Landfill,403411,Syncarpha Taos,NM,9069.802969743596
2029,2,p31,Northeastern New Mexico Regional Landfill,404618,Taos Mesa Energy Facility Hybrid,NM,1916.7235855617862
2029,2,p31,Northeastern New Mexico Regional Landfill,403011,Vista Solar Energy Center,NM,11354.304907054113
2029,2,p31,City of Clovis Landfill,400354,WSMR I,NM,24768.7716723311
2029,2,p31,Apache Junction Landfill,405245,Wal-Mart Truth or Consequences PV,NM,96103.33144490916
2029,2,p47,City of Clovis Landfill,400979,"Caprock Solar 1, LLC",NM,767.4334409111785
2029,2,p47,City of Clovis Landfill,404980,Chaves County Solar II,NM,1140.7319204067635
2029,2,p47,City of Clovis Landfill,401681,"Chaves Solar, LLC",NM,702.9520811480843
2029,2,p47,City of Clovis Landfill,400614,GSE NM1,NM,31692.806073758587
2029,2,p47,City of Clovis Landfill,404982,Hayhurst New Mexico Solar,NM,3264.18537541364
2029,2,p47,City of Clovis Landfill,402530,Middle Daisy,NM,8432.57128306945
2029,2,p47,City of Clovis Landfill,401682,"Roswell Solar, LLC",NM,552.3227389435239
2029,2,p47,City of Clovis Landfill,400546,SEV NM Phase 2,NM,29029.256960239
2029,2,p47,City of Clovis Landfill,400260,SPS1 Dollarhide,NM,7756.007689058526
2029,2,p47,City of Clovis Landfill,400261,SPS2 Jal,NM,5886.9861111550035
2029,2,p47,City of Clovis Landfill,400262,SPS3 Lea,NM,5037.821806120102
2029,2,p47,City of Clovis Landfill,400264,SPS5 Hopi,NM,6698.479156491755
2029,2,p47,City of Clovis Landfill,404698,SoCore Clovis 1,NM,1100.7862036292195
2029,2,p48,City of Clovis Landfill,406439,"BESSP1, LLC",TX,1143.6248145797833
2029,2,p48,City of Clovis Landfill,405590,"Hecate Energy Frye Solar, LLC",TX,134.6139649596055
2029,2,p57,Victoria Landfill,404918,"Hecate Energy Upshur Rural, LLC",TX,11559.494609896201
2029,2,p59,City of Clovis Landfill,402666,Fort Bliss (DEA EPIC),TX,15907.610447437526
2029,2,p59,City of Clovis Landfill,401616,Montana Solar Facility,TX,10362.039434514245
2029,2,p59,City of Clovis Landfill,401045,Newman Solar,TX,2417.270527120078
2029,2,p60,City of Clovis Landfill,403962,"ANSON Solar Center, LLC",TX,419.29198585167296
2029,2,p60,City of Clovis Landfill,403883,Azure Sky Solar,TX,513.2709885841505
2029,2,p60,City of Clovis Landfill,403232,"ENGIE Long Draw Solar, LLC",TX,227.98657120168326
2029,2,p60,City of Clovis Landfill,406252,Highpeak Solar 1,TX,5628.573588860275
2029,2,p60,City of Clovis Landfill,402721,Holstein 1 Solar Farm,TX,698.4731400215343
2029,2,p60,City of Clovis Landfill,405492,Juno Solar Project,TX,216.3991540550653
2029,2,p60,City of Clovis Landfill,402541,Lamesa II,TX,1177.3085333024112
2029,2,p60,City of Clovis Landfill,401660,Lamesa Solar,TX,579.6226579494568
2029,2,p60,City of Clovis Landfill,405932,Lumina II Solar Project,TX,364.4247357053443
2029,2,p60,City of Clovis Landfill,405933,Lumina Solar Project,TX,342.98428799093875
2029,2,p60,City of Clovis Landfill,402909,Misae Solar,TX,283.22276492984236
2029,2,p60,City of Clovis Landfill,400968,"OCI Alamo 7, LLC",TX,1064.777242257446
2029,2,p60,City of Clovis Landfill,405939,Texas Solar Nova 1,TX,260.2995506323244
2029,2,p61,City of Clovis Landfill,400967,Alamo 6,TX,328.9107554254517
2029,2,p61,City of Clovis Landfill,403557,Aragorn Solar Project,TX,371.4609427803609
2029,2,p61,City of Clovis Landfill,400691,Barilla Solar,TX,1478.486622896302
2029,2,p61,City of Clovis Landfill,401946,Bluebell Solar,TX,1592.297764221637
2029,2,p61,City of Clovis Landfill,403574,Bluebell Solar II,TX,425.68999754573076
2029,2,p61,City of Clovis Landfill,400554,"Bryan Solar, LLC",TX,4850.417971356398
2029,2,p61,City of Clovis Landfill,401463,Buckthorn Westex,TX,400.11493431762494
2029,2,p61,City of Clovis Landfill,401703,East Pecos Solar,TX,444.8513306764236
2029,2,p61,Victoria Landfill,405363,Galloway 1 Solar Farm,TX,729.3952150748562
2029,2,p61,City of Clovis Landfill,405363,Galloway 1 Solar Farm,TX,377.000917734843
2029,2,p61,Victoria Landfill,405494,Galloway 2 Solar Farm,TX,3546.98971864619
2029,2,p61,City of Clovis Landfill,405494,Galloway 2 Solar Farm,TX,373.46750558549905
2029,2,p61,City of Clovis Landfill,403210,Greasewood,TX,356.09971167818486
2029,2,p61,City of Clovis Landfill,406370,Hayhurst Texas Solar,TX,1389.9728361360808
2029,2,p61,City of Clovis Landfill,402304,Midway Solar-TX,TX,442.6201064833067
2029,2,p61,Victoria Landfill,400695,"OCI Alamo 4, LLC",TX,1222.2686288218797
2029,2,p61,City of Clovis Landfill,401868,Pearl Solar,TX,894.8351890524525
2029,2,p61,City of Clovis Landfill,402290,RE Maplewood,TX,327.5414191376145
2029,2,p61,City of Clovis Landfill,401430,RE Roserock,TX,339.3508977638341
2029,2,p61,City of Clovis Landfill,402848,Rambler,TX,470.44736969571056
2029,2,p61,City of Clovis Landfill,402083,Solaire Holman Solar Project,TX,794.8401756980288
2029,2,p61,City of Clovis Landfill,403023,"Taygete Energy Project, LLC",TX,389.38983202126184
2029,2,p61,City of Clovis Landfill,404647,Taygete II Energy Project,TX,486.9805907439216
2029,2,p61,City of Clovis Landfill,403551,Titan Solar Project,TX,390.90091985239013
2029,2,p61,Victoria Landfill,406103,Zier Solar,TX,457.61814453846176
2029,2,p62,City of Clovis Landfill,403502,2W Permian Solar Project Hybrid,TX,321.6011467906846
2029,2,p62,City of Clovis Landfill,403697,CED Crane Solar,TX,375.09124063394745
2029,2,p62,City of Clovis Landfill,401525,Castle Gap Solar Hybrid,TX,364.2964523612177
2029,2,p62,City of Clovis Landfill,404599,Emerald Grove,TX,621.6699338279425
2029,2,p62,City of Clovis Landfill,403004,Lapetus,TX,397.60256544954893
2029,2,p62,City of Clovis Landfill,403280,Oberon IA,TX,426.7035193359638
2029,2,p62,City of Clovis Landfill,403279,Oberon IB,TX,1780.8785571093886
2029,2,p62,City of Clovis Landfill,403602,Oxy Renewable Energy-Goldsmith,TX,2200.117959490834
2029,2,p62,City of Clovis Landfill,402679,Phoebe Solar,TX,296.1471590171813
2029,2,p62,City of Clovis Landfill,403177,Prospero Solar,TX,205.16614449069775
2029,2,p62,City of Clovis Landfill,404128,Prospero Solar II,TX,274.4856332373825
2029,2,p62,City of Clovis Landfill,403070,"Roadrunner, LLC",TX,327.8384773745732
2029,2,p62,City of Clovis Landfill,401805,Upton County Solar,TX,945.9758778571241
2029,2,p62,City of Clovis Landfill,402995,West of the Pecos Solar,TX,594.933008174445
2029,2,p63,Victoria Landfill,405599,"BPL Crown Solar, LLC",TX,612.8746635152319
2029,2,p63,Victoria Landfill,404966,BPL Files Solar,TX,759.5650133307914
2029,2,p63,Victoria Landfill,403825,Briar Creek Solar 1,TX,779.3932809061304
2029,2,p63,Victoria Landfill,402610,Chisum,TX,9698.769577998226
2029,2,p63,Victoria Landfill,401697,CoServ Community Solar Station,TX,216270.789519715
2029,2,p63,Victoria Landfill,403188,Coniglio Solar,TX,1274.9631501426352
2029,2,p63,Victoria Landfill,406415,Dileo Solar,TX,888.6158213305039
2029,2,p63,Victoria Landfill,402655,Eddy II,TX,5005.090133197817
2029,2,p63,Victoria Landfill,406221,Eiffel Solar Project,TX,557.5283508097656
2029,2,p63,Victoria Landfill,405540,"Ellis Solar, LLC",TX,1333.1009027824105
2029,2,p63,Victoria Landfill,403823,Elm Branch Solar 1,TX,769.804814527206
2029,2,p63,Victoria Landfill,406206,Five Wells Solar Center - Hybrid,TX,266.28315138415826
2029,2,p63,Victoria Landfill,404567,G.S.E. One LLC,TX,1639.320423470711
2029,2,p63,Victoria Landfill,403288,Griffin Solar,TX,11749.398559080506
2029,2,p63,Victoria Landfill,406202,Grizzly Ridge Solar,TX,826.127946907957
2029,2,p63,Victoria Landfill,405689,"IP Radian, LLC",TX,403.1302134783072
2029,2,p63,Victoria Landfill,403481,Impact Solar 1,TX,726.6619849864511
2029,2,p63,Victoria Landfill,403190,Kellam Solar,TX,1434.9170158815043
2029,2,p63,Victoria Landfill,402421,Leon Solar,TX,17080.009237648213
2029,2,p63,Victoria Landfill,403874,Lily Solar Hybrid,TX,683.1489015212119
2029,2,p63,Victoria Landfill,402404,Marlin Solar,TX,15457.06830466511
2029,2,p63,City of Clovis Landfill,405794,Noble Solar,TX,503.45579210741806
2029,2,p63,Victoria Landfill,401933,Phantom Solar,TX,3542.094102932909
2029,2,p63,Victoria Landfill,404872,"Pisgah Ridge Solar, LLC",TX,406.0326632162452
2029,2,p63,Victoria Landfill,406416,Pitts Dudik Solar,TX,1412.679562718478
2029,2,p63,Victoria Landfill,403189,Rippey Solar,TX,1767.382597620292
2029,2,p63,Victoria Landfill,404630,"Samson Solar Energy III, LLC",TX,593.2097597980493
2029,2,p63,Victoria Landfill,402652,Sterling Solar (TX),TX,12248.822783959895
2029,2,p63,Victoria Landfill,404812,Sun Valley Solar Project,TX,590.4897173674923
2029,2,p63,Victoria Landfill,404388,"TPE Erath Solar, LLC",TX,11966.420489270638
2029,2,p63,Victoria Landfill,403457,"TPE Whitney Solar, LLC",TX,8210.465165779115
2029,2,p63,Victoria Landfill,405361,Toyota HQ Plan,TX,53927.56217894382
2029,2,p63,Victoria Landfill,405984,Waco Solar,TX,466.24126939992595
2029,2,p63,Victoria Landfill,402306,Walnut Springs Solar,TX,16430.93713628191
2029,2,p63,Victoria Landfill,402497,West Moore Solar II,TX,93233.7831968556
2029,2,p63,Victoria Landfill,402330,Whitesboro Solar,TX,186139.23103536785
2029,2,p63,Victoria Landfill,402414,Whitewright Solar,TX,10196.277884090456
2029,2,p63,Victoria Landfill,402654,Yellow Jacket,TX,13927.132774147505
2029,2,p64,Victoria Landfill,405731,Austin TX GigaFactory,TX,13626.131952462249
2029,2,p64,Victoria Landfill,402203,Bandera Electric Coop PV,TX,22509.701549225534
2029,2,p64,Victoria Landfill,404721,"Blue Jay Solar I, LLC",TX,315.18074376078766
2029,2,p64,Victoria Landfill,402648,Bovine,TX,1545.5559603832303
2029,2,p64,Victoria Landfill,402389,"E-Volve Energy Holdings, LLC",TX,16165.882597922231
2029,2,p64,Victoria Landfill,400227,East Blackland Solar Project 1,TX,283.1284030663499
2029,2,p64,Victoria Landfill,405101,IKEA Round Rock 027,TX,22282.126193402735
2029,2,p64,Victoria Landfill,402653,Lampwick,TX,5339.279194289959
2029,2,p64,Victoria Landfill,405613,Niagara Bottling - Seguin,TX,3746.541206751228
2029,2,p64,Victoria Landfill,402544,PowerFin Kingsbery,TX,8320.705920038428
2029,2,p64,Victoria Landfill,400249,Webberville Solar Project,TX,1033.9095239104297
2029,2,p65,Victoria Landfill,405700,Aktina Solar,TX,169.79582282979058
2029,2,p65,Victoria Landfill,404074,"Alexis Solar, LLC",TX,14199.52892309383
2029,2,p65,Victoria Landfill,405727,Bernard Creek Solar,TX,407.4111884649779
2029,2,p65,Victoria Landfill,400081,Blue Wing Solar Energy Generation,TX,6534.71710155953
2029,2,p65,Victoria Landfill,405477,Brightside,TX,1560.9362748827252
2029,2,p65,Victoria Landfill,401728,CPS 1 Community Solar,TX,92789.91681623868
2029,2,p65,Victoria Landfill,402656,Cascade Solar (TX),TX,8277.462944080942
2029,2,p65,Victoria Landfill,403987,Catan Solar,TX,4525.213412864642
2029,2,p65,Victoria Landfill,403091,Commerce Solar,TX,20834.848199881508
2029,2,p65,Victoria Landfill,404247,"Corazon Energy, LLC",TX,775.7781970748811
2029,2,p65,Victoria Landfill,404062,Elara Solar,TX,1011.0565087625505
2029,2,p65,Victoria Landfill,404359,FELPS 1-Calaveras,TX,114801.1958514119
2029,2,p65,Victoria Landfill,404361,FELPS 2-Calaveras,TX,89368.69274290052
2029,2,p65,Victoria Landfill,404362,FELPS 3-Floresville South,TX,70931.82154385292
2029,2,p65,Victoria Landfill,404363,FELPS 4-Floresville South,TX,70942.41686808423
2029,2,p65,Victoria Landfill,404364,FELPS 5-Floresville South,TX,70961.12330065719
2029,2,p65,Victoria Landfill,404739,FELPS 6- Floresville West,TX,94278.13069333021
2029,2,p65,Victoria Landfill,404740,FELPS 7- Floresville West,TX,107721.46521874677
2029,2,p65,Victoria Landfill,406516,Ganado Solar,TX,280.7787125344078
2029,2,p65,Victoria Landfill,405801,Horizon Solar,TX,733.8755488053972
2029,2,p65,Victoria Landfill,405380,IKEA Live Oak Rooftop PV System,TX,55964.24853669229
2029,2,p65,Victoria Landfill,403343,Mars Solar,TX,16589.473887870245
2029,2,p65,Victoria Landfill,404877,Nebula Solar,TX,1454.0851944139345
2029,2,p65,Victoria Landfill,400694,"OCI Alamo 2, LLC",TX,26062.59291989545
2029,2,p65,Victoria Landfill,400965,"OCI Alamo 3, LLC",TX,27424.05566254114
2029,2,p65,Victoria Landfill,400966,"OCI Alamo 5, LLC",TX,2114.784444821476
2029,2,p65,Victoria Landfill,400593,OCI Alamo Solar I Hybrid,TX,2552.548073443909
2029,2,p65,Victoria Landfill,405809,Shakes Solar,TX,1608.376210483871
2029,2,p65,Victoria Landfill,405545,Sparta Solar,TX,318.5617535863743
2029,2,p65,Victoria Landfill,400379,"SunE CPS1, LLC",TX,15080.420624544158
2029,2,p65,Victoria Landfill,400364,"SunE CPS2, LLC",TX,10116.775919295938
2029,2,p65,Victoria Landfill,400353,"SunE CPS3, LLC",TX,9671.225147436295
2029,2,p65,Victoria Landfill,406032,Tres Bahias,TX,173.71396536869122
2029,2,p65,Victoria Landfill,404878,Vancourt Solar Interconnections,TX,3800.491270249971
2029,2,p66,Victoria Landfill,406386,Umbriel Solar,TX,914.4616836599298
2029,2,p67,Victoria Landfill,404939,Brazoria County Solar Project (Danciger),TX,189.37193970631049
2029,2,p67,Victoria Landfill,404681,Brazoria West,TX,201.6680425180997
2029,2,p67,Victoria Landfill,402649,Bronson,TX,2540.2181549353063
2029,2,p67,Victoria Landfill,406178,"Cutlass Solar 1, LLC",TX,297.59480530974383
2029,2,p67,Victoria Landfill,404587,Fighting Jays Solar Project,TX,200.60865956920654
2029,2,p67,Victoria Landfill,405564,"Fort Bend Solar, LLC",TX,174.99452031598412
2029,2,p67,Victoria Landfill,404853,"Longbow Solar, LLC",TX,625.8928045310469
2029,2,p67,Victoria Landfill,403514,Wagyu,TX,328.6843877727401
2029,3,p12,Apex Regional Landfill,402144,Battle Mountain Solar Project,NV,578.0900477288294
2029,3,p12,Apex Regional Landfill,405553,Dodge Flat,NV,1256.7236484440775
2029,3,p12,Apex Regional Landfill,402609,"EGP Stillwater Solar PV II, LLC",NV,2759.038079638379
2029,3,p12,Apex Regional Landfill,404659,Fish Springs,NV,1142.499292947922
2029,3,p12,Apex Regional Landfill,401086,Ft. Churchill PV,NV,4879.992608826247
2029,3,p12,Apex Regional Landfill,402130,Luning Energy,NV,808.8655321246397
2029,3,p12,Apex Regional Landfill,403107,NVSS-II,NV,553.3621321152988
2029,3,p12,Apex Regional Landfill,400468,"Patua Acquisition Project, LLC",NV,5506.870037670854
2029,3,p12,Apex Regional Landfill,405023,Steamboat II,NV,88638.7649331793
2029,3,p12,Apex Regional Landfill,400029,Stillwater Facility,NV,2260.5182541619047
2029,3,p12,Apex Regional Landfill,401318,Sunshine Valley Solar,NV,219.07703038728363
2029,3,p12,Apex Regional Landfill,405026,TS Power Plant,NV,575.3906301385215
2029,3,p12,Apex Regional Landfill,405576,Tesla Reno GigaFactory,NV,10280.95360159089
2029,3,p12,Apex Regional Landfill,401943,Tungsten Mountain,NV,6208.099953370054
2029,3,p12,Apex Regional Landfill,403308,Turquoise Liberty Solar,NV,9791.021092216572
2029,3,p12,Apex Regional Landfill,403884,"Turquoise Nevada, LLC",NV,1836.270819285965
2029,3,p12,Apex Regional Landfill,400035,Western 102 Power Plant,NV,485220.9705347079
2029,3,p13,Apex Regional Landfill,400555,Apex Solar PV Power Project,NV,361.6915699507313
2029,3,p13,Apex Regional Landfill,405385,Arrow Canyon Solar Hybrid,NV,260.0641451934407
2029,3,p13,Apex Regional Landfill,402017,"Boulder Solar II, LLC",NV,174.14872021898296
2029,3,p13,Apex Regional Landfill,401649,"Boulder Solar Power, LLC",NV,127.29623598889079
2029,3,p13,Apex Regional Landfill,400059,CM10,NV,830.771304705057
2029,3,p13,Apex Regional Landfill,400086,CM48,NV,261.6072161155576
2029,3,p13,Apex Regional Landfill,400363,Copper Mountain Solar 2,NV,100.12661310996128
2029,3,p13,Apex Regional Landfill,400802,Copper Mountain Solar 3,NV,91.83509352295889
2029,3,p13,Apex Regional Landfill,401308,"Copper Mountain Solar 4, LLC",NV,124.92583348743378
2029,3,p13,Apex Regional Landfill,403688,"Copper Mountain Solar 5, LLC",NV,86.24493689720765
2029,3,p13,Apex Regional Landfill,405358,Dignity - San Martin,NV,1809.6467414328235
2029,3,p13,Apex Regional Landfill,405355,Dignity - Siena Campus,NV,2832.7007231159632
2029,3,p13,Apex Regional Landfill,405556,Dry Lake Solar Energy Center,NV,117.84433095611719
2029,3,p13,Apex Regional Landfill,405495,Gemini Solar,NV,86.44807935245953
2029,3,p13,Apex Regional Landfill,403386,"Harry Allen Solar Energy, LLC",NV,114.4109984883778
2029,3,p13,Apex Regional Landfill,406090,IGS LAS1,NV,5086.307102529174
2029,3,p13,Apex Regional Landfill,406089,IGS VGT,NV,3556.96607555108
2029,3,p13,Apex Regional Landfill,405309,IKEA Las Vegas 462,NV,4348.739460638062
2029,3,p13,Apex Regional Landfill,400545,Las Vegas WPCF Solar Plant,NV,750.9549939613285
2029,3,p13,Apex Regional Landfill,400313,Moapa Southern Paiute,NV,127.65873446252954
2029,3,p13,Apex Regional Landfill,400600,Mountain View Solar,NV,361.1557499737483
2029,3,p13,Apex Regional Landfill,400036,Nellis Air Force Base Solar Array,NV,275.6057958170593
2029,3,p13,Apex Regional Landfill,401381,Nellis Solar PV II,NV,140.76431993723736
2029,3,p13,Apex Regional Landfill,401319,"Playa Solar 1, LLC",NV,138.10647847205144
2029,3,p13,Apex Regional Landfill,401596,Playa Solar 2,NV,106.38665301071799
2029,3,p13,Apex Regional Landfill,401274,River Mountains Solar,NV,322.0727608913867
2029,3,p13,Mohave Valley Landfill,401042,Searchlight Solar,NV,732.5450341377573
2029,3,p13,Apex Regional Landfill,400166,Silver State Solar Power North,NV,273.88746562900184
2029,3,p13,Apex Regional Landfill,400658,Silver State Solar Power South,NV,102.95980492659503
2029,3,p13,Apex Regional Landfill,405246,"Solar Las Vegas MB 2, LLC",NV,1336.258162010699
2029,3,p13,Apex Regional Landfill,405188,Solar Las Vegas MB-1,NV,447.87790202946826
2029,3,p13,Apex Regional Landfill,400556,Spectrum Solar PV Power Project,NV,178.64214792660937
2029,3,p13,Apex Regional Landfill,402485,"Techren Solar I, LLC",NV,124.34073214513367
2029,3,p13,Apex Regional Landfill,402690,"Techren Solar II, LLC",NV,78.39571453817766
2029,3,p13,Apex Regional Landfill,402691,"Techren Solar III, LLC",NV,397.0029191743799
2029,3,p13,Apex Regional Landfill,402692,"Techren Solar IV, LLC",NV,293.92721240887175
2029,3,p13,Apex Regional Landfill,403001,Techren Solar V,NV,158.5303326236822
2029,3,p13,Apex Regional Landfill,401851,Townsite Solar Project Hybrid,NV,85.21950014942311
2029,3,p13,Apex Regional Landfill,406448,Yellow Pine II,NV,247.88451336553467
2029,3,p13,Apex Regional Landfill,404971,Yellow Pine Solar,NV,235.4068952219152
2029,3,p27,Mohave Valley Landfill,400374,"Black Mountain Solar, LLC",AZ,272.6732728250024
2029,3,p27,Mohave Valley Landfill,402236,Gray Hawk Solar,AZ,102.78881970088014
2029,3,p27,Mohave Valley Landfill,401819,Jacobson 5 MW Solar,AZ,660.2922124932355
2029,3,p27,Mohave Valley Landfill,400199,La Senita,AZ,2111.149980064766
2029,3,p27,Mohave Valley Landfill,403718,Mohave Electric Cooperative at Joy Lane,AZ,62.32138979361198
2029,3,p27,Mohave Valley Landfill,401311,Mohave Electric at Fort Mohave,AZ,99.44828184564821
2029,3,p27,Mohave Valley Landfill,406478,Mohave Energy - Hybrid,AZ,50.265669576768346
2029,3,p28,Apache Junction Landfill,405418,AZ State University - Tempe Campus Solar,AZ,2855.3728857512197
2029,3,p28,South Yuma County Landfill,400148,Agua Caliente Solar Project,AZ,163.6266989085505
2029,3,p28,Apache Junction Landfill,402067,Apache Solar 1,AZ,3453.7419695084454
2029,3,p28,South Yuma County Landfill,400274,Arizona Western College PV,AZ,646.4299013916444
2029,3,p28,Apache Junction Landfill,400240,Arlington Valley Solar Energy II,AZ,214.98437025986735
2029,3,p28,Apache Junction Landfill,400437,Badger 1,AZ,1355.3308535007334
2029,3,p28,Apache Junction Landfill,401688,Bonnybrooke PV,AZ,226.6466213149502
2029,3,p28,Apache Junction Landfill,400371,Buckeye Union HS District 201,AZ,5334.611329204981
2029,3,p28,Apache Junction Landfill,405635,"Central Line Solar, LLC",AZ,204.70266495256786
2029,3,p28,Apache Junction Landfill,400201,Chino Solar Valley,AZ,1673.8739536504916
2029,3,p28,Apache Junction Landfill,400202,Cotton Center Solar Hybrid,AZ,1369.8829695747047
2029,3,p28,Apache Junction Landfill,401069,Desert Star Hybrid,AZ,2275.0621371060683
2029,3,p28,Apache Junction Landfill,403257,East Line Solar,AZ,180.60446500916146
2029,3,p28,Apache Junction Landfill,406171,Eleven Mile Solar Center,AZ,121.44130261345832
2029,3,p28,Apache Junction Landfill,405244,Estrella Mountain PV,AZ,6953.936189898047
2029,3,p28,South Yuma County Landfill,400349,Foothills Solar Plant Hybrid,AZ,127.6211781556631
2029,3,p28,Apache Junction Landfill,400825,Fort Huachuca Solar PV Project,AZ,4267.615897834047
2029,3,p28,Apache Junction Landfill,400845,Gila Bend Hybrid,AZ,820.1577563385856
2029,3,p28,Apache Junction Landfill,400599,"Gilbert Solar Facility I, LLC",AZ,1867.8300604353797
2029,3,p28,South Yuma County Landfill,400507,Hyder II Hybrid,AZ,1513.4685899514234
2029,3,p28,South Yuma County Landfill,400204,Hyder Solar Hybrid,AZ,1483.5731064651575
2029,3,p28,Apache Junction Landfill,405282,Intel - Ocotillo Campus Solar,AZ,1746.6638485990302
2029,3,p28,Apache Junction Landfill,405125,Jewish Community Center PV,AZ,9487.208981115544
2029,3,p28,Apache Junction Landfill,402234,Kayenta Solar Project,AZ,1339.2036998072374
2029,3,p28,Apache Junction Landfill,400595,Lake Pleasant WTP,AZ,2531.1877349119454
2029,3,p28,Apache Junction Landfill,400128,Luke Solar,AZ,1506.0330632130003
2029,3,p28,Apache Junction Landfill,405068,Macys Goodyear,AZ,4806.224709172035
2029,3,p28,South Yuma County Landfill,406279,McFarland A Solar and Storage,AZ,139.40681471047466
2029,3,p28,Apache Junction Landfill,405617,Mesa Carport PV,AZ,317.18656622774427
2029,3,p28,Apache Junction Landfill,404512,Mesa Solar Array,AZ,361.5278400839802
2029,3,p28,Apache Junction Landfill,400250,Mesquite Solar 1,AZ,352.9527943198381
2029,3,p28,Apache Junction Landfill,401621,"Mesquite Solar 2, LLC",AZ,253.75117138739478
2029,3,p28,Apache Junction Landfill,401622,"Mesquite Solar 3, LLC",AZ,276.99103250427197
2029,3,p28,Apache Junction Landfill,406038,"Mesquite Solar 4, LLC",AZ,487.4458632726301
2029,3,p28,Apache Junction Landfill,404922,"Mesquite Solar 5, LLC",AZ,430.734817531332
2029,3,p28,Mohave Valley Landfill,403572,OE_AZ1,AZ,1029.5177681027242
2029,3,p28,Apache Junction Landfill,400203,Paloma Solar Hybrid,AZ,1760.9226344173244
2029,3,p28,Apache Junction Landfill,405126,Paradise Valley H.S. PV,AZ,7381.673623144905
2029,3,p28,Apache Junction Landfill,405150,Phoenix Airport East Economy Lot,AZ,8993.541092049792
2029,3,p28,Apache Junction Landfill,405151,Phoenix Airport Rental Car Center,AZ,8162.3210018819755
2029,3,p28,Apache Junction Landfill,402528,Pinal Central Energy Center Hybrid,AZ,537.2021143730761
2029,3,p28,Apache Junction Landfill,400125,"Poseidon Solar, LLC",AZ,258.1731761306523
2029,3,p28,Apache Junction Landfill,400031,Prescott Airport,AZ,11260.905548904859
2029,3,p28,Apache Junction Landfill,400401,Prescott Solar Plant,AZ,3769.016199619571
2029,3,p28,Apache Junction Landfill,400323,Queen Creek Solar Farm,AZ,160.25808939609058
2029,3,p28,Mohave Valley Landfill,400289,"RE Bagdad Solar I, LLC",AZ,1452.5703427777444
2029,3,p28,Apache Junction Landfill,405132,"RE Gillespie 1, LLC",AZ,1360.2610428261596
2029,3,p28,Apache Junction Landfill,400758,Red Horse 2,AZ,569.452941012481
2029,3,p28,Apache Junction Landfill,401609,Red Horse III,AZ,1002.3008079432705
2029,3,p28,Apache Junction Landfill,401726,Red Rock,AZ,423.7558835582993
2029,3,p28,Apache Junction Landfill,406380,SR McNeal,AZ,2718.7739778872533
2029,3,p28,Apache Junction Landfill,400416,Saddle Mountain Solar I,AZ,2114.22029871782
2029,3,p28,Apache Junction Landfill,403674,Saint Solar,AZ,178.11556584478143
2029,3,p28,Apache Junction Landfill,401214,Sandstone Solar,AZ,212.1167798903709
2029,3,p28,Apache Junction Landfill,405029,Solana Generating Station,AZ,229.48981368397463
2029,3,p28,Apache Junction Landfill,406275,Sonoran Solar Energy,AZ,124.4543866255088
2029,3,p28,Apache Junction Landfill,406034,Storey Solar and Storage,AZ,124.29658125682558
2029,3,p28,Apache Junction Landfill,401664,Sulphur Springs,AZ,1692.0236756963436
2029,3,p28,Apache Junction Landfill,403643,Sun Streams 2,AZ,207.39282374957878
2029,3,p28,Apache Junction Landfill,406517,Sun Streams 3,AZ,145.00950440884233
2029,3,p28,Apache Junction Landfill,401975,"Sun Streams, LLC",AZ,294.32088690411985
2029,3,p28,Apache Junction Landfill,405311,T0588 Phoenix - AZ,AZ,8686.994611634578
2029,3,p28,Apache Junction Landfill,405134,Union HS at Casa Grande,AZ,7490.876570162468
2029,3,p28,Apache Junction Landfill,405135,Vista Grande HS at Casa Grande,AZ,9207.786405671512
2029,3,p28,Apache Junction Landfill,400334,Walmart Casa Grande,AZ,5413.583048558276
2029,3,p28,Apache Junction Landfill,406098,"West Line Solar, LLC",AZ,238.55659645809422
2029,3,p29,Apache Junction Landfill,400014,Springerville,AZ,1640.1694863535529
2029,3,p30,Apache Junction Landfill,405143,Actus Lend Lease DMAFB,AZ,5494.324247066195
2029,3,p30,Apache Junction Landfill,405611,Amazon TUS2,AZ,5363.899259673411
2029,3,p30,Apache Junction Landfill,405268,Amphitheater High School Solar,AZ,12098.624698144877
2029,3,p30,Apache Junction Landfill,400939,Avalon Solar,AZ,664.8968780443986
2029,3,p30,Apache Junction Landfill,401479,Avalon Solar II,AZ,1035.0441991142939
2029,3,p30,Apache Junction Landfill,400226,Avra Valley Solar,AZ,477.0662501367688
2029,3,p30,Apache Junction Landfill,404704,Broadway 2 - Tucson Phase II,AZ,4876.340861073863
2029,3,p30,Apache Junction Landfill,405768,Broadway 3 - Tucson Phase I,AZ,11604.379672749019
2029,3,p30,Apache Junction Landfill,405269,Canyon Del Oro High School Solar,AZ,3640.6276054691366
2029,3,p30,Apache Junction Landfill,400757,Cogenra-TEP,AZ,14209.622387500298
2029,3,p30,Apache Junction Landfill,401295,Davis Monthan AFB (AZ) West Airfield,AZ,1546.9311743182761
2029,3,p30,Apache Junction Landfill,400330,FRB Solar Farm,AZ,7455.273124992242
2029,3,p30,Apache Junction Landfill,400761,"Gato Montes Solar, LLC",AZ,3183.863221848498
2029,3,p30,Apache Junction Landfill,404536,Iron Horse Battery Storage Hybrid,AZ,7118.464867763996
2029,3,p30,Apache Junction Landfill,400552,"Picture Rocks Solar, LLC",AZ,1774.3932303667787
2029,3,p30,Apache Junction Landfill,405374,Pima Community College,AZ,13764.297646632554
2029,3,p30,Apache Junction Landfill,405303,Pima Community College - East Campus,AZ,11290.381868676646
2029,3,p30,Apache Junction Landfill,405516,Pima Community College NW,AZ,12347.107874158299
2029,3,p30,Apache Junction Landfill,400408,Prairie Fire,AZ,3157.589547199029
2029,3,p30,Apache Junction Landfill,400290,"RE Ajo 1, LLC",AZ,3373.6257114074074
2029,3,p30,Apache Junction Landfill,404926,Raptor Ridge,AZ,1401.0474558336496
2029,3,p30,Apache Junction Landfill,400857,Rio Rico Solar,AZ,3642.981037023788
2029,3,p30,Apache Junction Landfill,400193,Roger Road WWTP,AZ,13020.210847322845
2029,3,p30,Apache Junction Landfill,401076,Tech Park Solar,AZ,4013.613205254357
2029,3,p30,Apache Junction Landfill,400156,UASTP I,AZ,11873.906947131618
2029,3,p30,Apache Junction Landfill,401075,Valencia Solar,AZ,1715.9552407109795
2029,3,p30,Apache Junction Landfill,404187,"Wilmot Energy Center, LLC",AZ,185.897381541483
2029,3,p31,City of Clovis Landfill,400211,Alamogordo Solar Energy Center,NM,21899.088942336395
2029,3,p31,Northeastern New Mexico Regional Landfill,400206,Albuquerque Solar Energy Center,NM,24435.644926804733
2029,3,p31,Northeastern New Mexico Regional Landfill,403675,Alcalde Solar Array,NM,20550.90093410837
2029,3,p31,Apache Junction Landfill,401595,Alta Luna,NM,3382.8046671781212
2029,3,p31,Northeastern New Mexico Regional Landfill,404724,Angel Fire Energy Facility,NM,1620.826700336484
2029,3,p31,Northeastern New Mexico Regional Landfill,405469,Arroyo Solar Energy Storage Hybrid,NM,383.57160079450637
2029,3,p31,Northeastern New Mexico Regional Landfill,403321,Bluewater CDEC 1,NM,39055.59032951455
2029,3,p31,Northeastern New Mexico Regional Landfill,403736,Britton Solar Energy Center,NM,885.6834036442618
2029,3,p31,City of Clovis Landfill,404981,Buena Vista Energy Center,NM,800.968373605469
2029,3,p31,Northeastern New Mexico Regional Landfill,402876,CNMEC Solar Energy Center,NM,33256.49293667969
2029,3,p31,City of Clovis Landfill,402519,Carrizozo Solar,NM,29001.935114305903
2029,3,p31,Northeastern New Mexico Regional Landfill,401202,Cibola,NM,8865.074769385748
2029,3,p31,Northeastern New Mexico Regional Landfill,400104,Cimarron Solar Facility,NM,354.3119544053154
2029,3,p31,Apache Junction Landfill,402988,City of Gallup Solar,NM,11705.865686263347
2029,3,p31,Northeastern New Mexico Regional Landfill,403604,City of Rio Rancho WWTP,NM,62684.45772404911
2029,3,p31,Apache Junction Landfill,401225,City of Truth or Consequences PV,NM,62692.57695593442
2029,3,p31,Apache Junction Landfill,402177,Columbus Solar Project,NM,51400.13186649277
2029,3,p31,Northeastern New Mexico Regional Landfill,404748,"Cuba 2.5ac, LLC",NM,19710.38204639967
2029,3,p31,Apache Junction Landfill,400209,Deming Solar Energy Center,NM,11266.421927535555
2029,3,p31,Northeastern New Mexico Regional Landfill,403868,Encino Solar Energy Center,NM,1074.574605569616
2029,3,p31,Northeastern New Mexico Regional Landfill,401038,Eubank Landfill Solar Array,NM,30842.227976387712
2029,3,p31,Northeastern New Mexico Regional Landfill,402441,Facebook 1 Solar Energy Center,NM,5751.338413476909
2029,3,p31,Northeastern New Mexico Regional Landfill,402442,Facebook 2 Solar Energy Center,NM,5535.999758517309
2029,3,p31,Northeastern New Mexico Regional Landfill,402443,Facebook 3 Solar Energy Center,NM,6917.158271147484
2029,3,p31,Northeastern New Mexico Regional Landfill,403322,Grants CDEC 2,NM,18095.010844876975
2029,3,p31,Apache Junction Landfill,400216,"Hatch Solar Energy Center I, LLC",NM,21817.927838256077
2029,3,p31,City of Clovis Landfill,401617,Holloman Solar Facility,NM,25233.342808925234
2029,3,p31,Northeastern New Mexico Regional Landfill,406109,"Jicarilla Solar 1, LLC",NM,1159.6214046504012
2029,3,p31,Northeastern New Mexico Regional Landfill,400427,Kit Carson,NM,21808.39869122127
2029,3,p31,Northeastern New Mexico Regional Landfill,400210,Las Vegas Solar Energy Center,NM,4853.698518082469
2029,3,p31,Northeastern New Mexico Regional Landfill,400434,Los Alamos PV Site,NM,39977.66383229321
2029,3,p31,Northeastern New Mexico Regional Landfill,400207,Los Lunas Solar Energy Center,NM,8179.239641383832
2029,3,p31,Apache Junction Landfill,400838,Macho Springs,NM,2281.416128514877
2029,3,p31,Northeastern New Mexico Regional Landfill,400582,Manzano Solar,NM,8855.045493368569
2029,3,p31,Northeastern New Mexico Regional Landfill,401201,Meadow Lake Solar Energy Center,NM,7323.30489573601
2029,3,p31,Northeastern New Mexico Regional Landfill,406177,"NMRD Data Center III, LLC",NM,1059.5838279059556
2029,3,p31,City of Clovis Landfill,405693,NMSU Solar and Storage,NM,40789.93302060928
2029,3,p31,Northeastern New Mexico Regional Landfill,406375,OE_ESCL,NM,513.0236052007397
2029,3,p31,City of Clovis Landfill,400581,Otero Solar,NM,16220.28282330514
2029,3,p31,Northeastern New Mexico Regional Landfill,400146,Questa Solar Facility,NM,32416.898972397837
2029,3,p31,Northeastern New Mexico Regional Landfill,403178,"RC Energy AA, LLC Solar Facility",NM,53424.37390685931
2029,3,p31,Northeastern New Mexico Regional Landfill,401566,Rio Communities Solar Energy Center,NM,8484.17314088876
2029,3,p31,Northeastern New Mexico Regional Landfill,403084,Rio De Oro Solar Energy Center,NM,7278.6050878452725
2029,3,p31,Northeastern New Mexico Regional Landfill,400624,Rio Rancho High School,NM,54223.35114726549
2029,3,p31,City of Clovis Landfill,400135,Roadrunner Solar,NM,5195.5776486749855
2029,3,p31,Northeastern New Mexico Regional Landfill,404648,"Route 66 Energy Center, LLC",NM,2840.0523735047423
2029,3,p31,Northeastern New Mexico Regional Landfill,403387,San Miguel I Solar Energy Center,NM,2116.5209769423886
2029,3,p31,Northeastern New Mexico Regional Landfill,405458,San Miguel II Solar Energy Center,NM,1877.4237114303994
2029,3,p31,Northeastern New Mexico Regional Landfill,401161,Sandoval Solar Energy Center,NM,10567.609803126134
2029,3,p31,Northeastern New Mexico Regional Landfill,401564,Santa Fe Solar Energy Center,NM,3994.8372586560968
2029,3,p31,Northeastern New Mexico Regional Landfill,401565,Santolina Solar Energy Center,NM,5947.140371995986
2029,3,p31,Apache Junction Landfill,400596,Silver City WWTP PV Project,NM,94751.73521131885
2029,3,p31,Northeastern New Mexico Regional Landfill,406343,Sky Ranch Solar,NM,342.9248058385469
2029,3,p31,Northeastern New Mexico Regional Landfill,401563,South Valley Solar Energy Center,NM,6019.644272535354
2029,3,p31,Northeastern New Mexico Regional Landfill,401162,Springer Solar 1,NM,12854.41439597769
2029,3,p31,Northeastern New Mexico Regional Landfill,400735,Storrie Lake Solar Project,NM,15510.773180961765
2029,3,p31,Northeastern New Mexico Regional Landfill,400623,Sue Cleveland High School,NM,59619.52354866393
2029,3,p31,City of Clovis Landfill,400343,"SunE EPE1, LLC",NM,13565.112374872286
2029,3,p31,City of Clovis Landfill,400342,"SunE EPE2, LLC",NM,8466.257422969064
2029,3,p31,Northeastern New Mexico Regional Landfill,402854,Syncarpha Eagle Nest,NM,19494.328054057165
2029,3,p31,Northeastern New Mexico Regional Landfill,403412,Syncarpha El Rito,NM,29736.92032293072
2029,3,p31,Northeastern New Mexico Regional Landfill,403413,Syncarpha Questa,NM,21349.997673717597
2029,3,p31,Northeastern New Mexico Regional Landfill,403411,Syncarpha Taos,NM,7262.740631774875
2029,3,p31,Northeastern New Mexico Regional Landfill,404618,Taos Mesa Energy Facility Hybrid,NM,1540.2771244294286
2029,3,p31,Northeastern New Mexico Regional Landfill,403011,Vista Solar Energy Center,NM,7109.374796871318
2029,3,p31,City of Clovis Landfill,400354,WSMR I,NM,19818.49402360488
2029,3,p31,Apache Junction Landfill,405245,Wal-Mart Truth or Consequences PV,NM,106776.33526989908
2029,3,p47,City of Clovis Landfill,400979,"Caprock Solar 1, LLC",NM,767.4334409111785
2029,3,p47,City of Clovis Landfill,404980,Chaves County Solar II,NM,1140.7319204067635
2029,3,p47,City of Clovis Landfill,401681,"Chaves Solar, LLC",NM,497.281485413659
2029,3,p47,City of Clovis Landfill,400614,GSE NM1,NM,27733.378243126263
2029,3,p47,City of Clovis Landfill,404982,Hayhurst New Mexico Solar,NM,3670.035618752845
2029,3,p47,City of Clovis Landfill,402530,Middle Daisy,NM,8432.57128306945
2029,3,p47,City of Clovis Landfill,401682,"Roswell Solar, LLC",NM,498.8288079191714
2029,3,p47,City of Clovis Landfill,400546,SEV NM Phase 2,NM,37318.363683535856
2029,3,p47,City of Clovis Landfill,400260,SPS1 Dollarhide,NM,6036.313408978855
2029,3,p47,City of Clovis Landfill,400261,SPS2 Jal,NM,6620.686446461879
2029,3,p47,City of Clovis Landfill,400262,SPS3 Lea,NM,6711.3012652601365
2029,3,p47,City of Clovis Landfill,400264,SPS5 Hopi,NM,7652.921403319149
2029,3,p47,City of Clovis Landfill,404698,SoCore Clovis 1,NM,980.4081175259729
2029,3,p48,City of Clovis Landfill,406439,"BESSP1, LLC",TX,1143.6248145797833
2029,3,p48,City of Clovis Landfill,405590,"Hecate Energy Frye Solar, LLC",TX,134.6139649596055
2029,3,p57,Victoria Landfill,404918,"Hecate Energy Upshur Rural, LLC",TX,9916.638621882455
2029,3,p59,City of Clovis Landfill,402666,Fort Bliss (DEA EPIC),TX,14142.029667577803
2029,3,p59,City of Clovis Landfill,401616,Montana Solar Facility,TX,16568.833038002795
2029,3,p59,City of Clovis Landfill,401045,Newman Solar,TX,4017.19525940013
2029,3,p60,City of Clovis Landfill,403962,"ANSON Solar Center, LLC",TX,419.29198585167296
2029,3,p60,City of Clovis Landfill,403883,Azure Sky Solar,TX,513.2709885841505
2029,3,p60,City of Clovis Landfill,403232,"ENGIE Long Draw Solar, LLC",TX,227.98657120168326
2029,3,p60,City of Clovis Landfill,406252,Highpeak Solar 1,TX,7231.770777477496
2029,3,p60,City of Clovis Landfill,402721,Holstein 1 Solar Farm,TX,503.87607964395306
2029,3,p60,City of Clovis Landfill,405492,Juno Solar Project,TX,365.6609480713642
2029,3,p60,City of Clovis Landfill,402541,Lamesa II,TX,1370.62938406948
2029,3,p60,City of Clovis Landfill,401660,Lamesa Solar,TX,579.6226579494568
2029,3,p60,City of Clovis Landfill,405932,Lumina II Solar Project,TX,364.4247357053443
2029,3,p60,City of Clovis Landfill,405933,Lumina Solar Project,TX,342.98428799093875
2029,3,p60,City of Clovis Landfill,402909,Misae Solar,TX,283.22276492984236
2029,3,p60,City of Clovis Landfill,400968,"OCI Alamo 7, LLC",TX,802.9287888680844
2029,3,p60,City of Clovis Landfill,405939,Texas Solar Nova 1,TX,260.2995506323244
2029,3,p61,City of Clovis Landfill,400967,Alamo 6,TX,367.8516712661332
2029,3,p61,City of Clovis Landfill,403557,Aragorn Solar Project,TX,371.4609427803609
2029,3,p61,City of Clovis Landfill,400691,Barilla Solar,TX,1722.003821929019
2029,3,p61,City of Clovis Landfill,401946,Bluebell Solar,TX,1592.297764221637
2029,3,p61,City of Clovis Landfill,403574,Bluebell Solar II,TX,425.68999754573076
2029,3,p61,City of Clovis Landfill,400554,"Bryan Solar, LLC",TX,5454.547289188448
2029,3,p61,City of Clovis Landfill,401463,Buckthorn Westex,TX,400.11493431762494
2029,3,p61,City of Clovis Landfill,401703,East Pecos Solar,TX,444.8513306764236
2029,3,p61,Victoria Landfill,405363,Galloway 1 Solar Farm,TX,729.3952150748562
2029,3,p61,City of Clovis Landfill,405363,Galloway 1 Solar Farm,TX,377.000917734843
2029,3,p61,Victoria Landfill,405494,Galloway 2 Solar Farm,TX,3546.98971864619
2029,3,p61,City of Clovis Landfill,405494,Galloway 2 Solar Farm,TX,373.46750558549905
2029,3,p61,City of Clovis Landfill,403210,Greasewood,TX,356.09971167818486
2029,3,p61,City of Clovis Landfill,406370,Hayhurst Texas Solar,TX,1084.9529678169517
2029,3,p61,City of Clovis Landfill,402304,Midway Solar-TX,TX,503.36820330949325
2029,3,p61,Victoria Landfill,400695,"OCI Alamo 4, LLC",TX,1454.821815826256
2029,3,p61,City of Clovis Landfill,401868,Pearl Solar,TX,894.8351890524525
2029,3,p61,City of Clovis Landfill,402290,RE Maplewood,TX,327.5414191376145
2029,3,p61,City of Clovis Landfill,401430,RE Roserock,TX,339.3508977638341
2029,3,p61,City of Clovis Landfill,402848,Rambler,TX,470.44736969571056
2029,3,p61,City of Clovis Landfill,402083,Solaire Holman Solar Project,TX,892.0222690727823
2029,3,p61,City of Clovis Landfill,403023,"Taygete Energy Project, LLC",TX,336.2460601182244
2029,3,p61,City of Clovis Landfill,404647,Taygete II Energy Project,TX,419.8952818805043
2029,3,p61,City of Clovis Landfill,403551,Titan Solar Project,TX,390.90091985239013
2029,3,p61,Victoria Landfill,406103,Zier Solar,TX,457.61814453846176
2029,3,p62,City of Clovis Landfill,403502,2W Permian Solar Project Hybrid,TX,321.6011467906846
2029,3,p62,City of Clovis Landfill,403697,CED Crane Solar,TX,375.09124063394745
2029,3,p62,City of Clovis Landfill,401525,Castle Gap Solar Hybrid,TX,422.1152896380873
2029,3,p62,City of Clovis Landfill,404599,Emerald Grove,TX,546.1341206869496
2029,3,p62,City of Clovis Landfill,403004,Lapetus,TX,397.60256544954893
2029,3,p62,City of Clovis Landfill,403280,Oberon IA,TX,426.7035193359638
2029,3,p62,City of Clovis Landfill,403279,Oberon IB,TX,1780.8785571093886
2029,3,p62,City of Clovis Landfill,403602,Oxy Renewable Energy-Goldsmith,TX,2472.9597758396885
2029,3,p62,City of Clovis Landfill,402679,Phoebe Solar,TX,415.6173291531161
2029,3,p62,City of Clovis Landfill,403177,Prospero Solar,TX,205.16614449069775
2029,3,p62,City of Clovis Landfill,404128,Prospero Solar II,TX,306.62340880455537
2029,3,p62,City of Clovis Landfill,403070,"Roadrunner, LLC",TX,327.8384773745732
2029,3,p62,City of Clovis Landfill,401805,Upton County Solar,TX,945.9758778571241
2029,3,p62,City of Clovis Landfill,402995,West of the Pecos Solar,TX,710.442924069334
2029,3,p63,Victoria Landfill,405599,"BPL Crown Solar, LLC",TX,612.8746635152319
2029,3,p63,Victoria Landfill,404966,BPL Files Solar,TX,759.5650133307914
2029,3,p63,Victoria Landfill,403825,Briar Creek Solar 1,TX,779.3932809061304
2029,3,p63,Victoria Landfill,402610,Chisum,TX,32190.3923077941
2029,3,p63,Victoria Landfill,401697,CoServ Community Solar Station,TX,144200.3605777433
2029,3,p63,Victoria Landfill,403188,Coniglio Solar,TX,1274.9631501426352
2029,3,p63,Victoria Landfill,406415,Dileo Solar,TX,980.7395021672265
2029,3,p63,Victoria Landfill,402655,Eddy II,TX,7124.627607225453
2029,3,p63,Victoria Landfill,406221,Eiffel Solar Project,TX,944.8816395951388
2029,3,p63,Victoria Landfill,405540,"Ellis Solar, LLC",TX,1333.1009027824105
2029,3,p63,Victoria Landfill,403823,Elm Branch Solar 1,TX,681.0170494363049
2029,3,p63,Victoria Landfill,406206,Five Wells Solar Center - Hybrid,TX,266.28315138415826
2029,3,p63,Victoria Landfill,404567,G.S.E. One LLC,TX,1288.2498168772195
2029,3,p63,Victoria Landfill,403288,Griffin Solar,TX,11749.398559080506
2029,3,p63,Victoria Landfill,406202,Grizzly Ridge Solar,TX,740.9473632292951
2029,3,p63,Victoria Landfill,402329,Highway 56 Solar,TX,175604.26946003703
2029,3,p63,Victoria Landfill,405689,"IP Radian, LLC",TX,574.9439733174609
2029,3,p63,Victoria Landfill,403481,Impact Solar 1,TX,643.2670735881447
2029,3,p63,Victoria Landfill,403190,Kellam Solar,TX,1434.9170158815043
2029,3,p63,Victoria Landfill,402421,Leon Solar,TX,28427.013600213686
2029,3,p63,Victoria Landfill,403874,Lily Solar Hybrid,TX,683.1489015212119
2029,3,p63,Victoria Landfill,402404,Marlin Solar,TX,10324.546434376742
2029,3,p63,Victoria Landfill,405794,Noble Solar,TX,2620.3331838788654
2029,3,p63,City of Clovis Landfill,405794,Noble Solar,TX,456.0088597773527
2029,3,p63,Victoria Landfill,401933,Phantom Solar,TX,4537.120219828026
2029,3,p63,Victoria Landfill,404872,"Pisgah Ridge Solar, LLC",TX,463.78765811895283
2029,3,p63,Victoria Landfill,406416,Pitts Dudik Solar,TX,1412.679562718478
2029,3,p63,Victoria Landfill,403189,Rippey Solar,TX,1767.382597620292
2029,3,p63,Victoria Landfill,404630,"Samson Solar Energy III, LLC",TX,593.2097597980493
2029,3,p63,Victoria Landfill,402652,Sterling Solar (TX),TX,14280.376132319876
2029,3,p63,Victoria Landfill,404812,Sun Valley Solar Project,TX,537.391015010743
2029,3,p63,Victoria Landfill,404388,"TPE Erath Solar, LLC",TX,7997.447890780426
2029,3,p63,Victoria Landfill,403457,"TPE Whitney Solar, LLC",TX,7304.8026688925465
2029,3,p63,Victoria Landfill,405361,Toyota HQ Plan,TX,35971.54235056254
2029,3,p63,Victoria Landfill,405907,Verizon Hidden Ridge Solar Project,TX,272695.9141727033
2029,3,p63,Victoria Landfill,405984,Waco Solar,TX,415.39894744993524
2029,3,p63,Victoria Landfill,402306,Walnut Springs Solar,TX,14611.888864895032
2029,3,p63,Victoria Landfill,402497,West Moore Solar II,TX,37329.21489502224
2029,3,p63,Victoria Landfill,402330,Whitesboro Solar,TX,62086.07880765588
2029,3,p63,Victoria Landfill,402331,Whitesboro Solar II,TX,186417.73534010292
2029,3,p63,Victoria Landfill,402414,Whitewright Solar,TX,15264.665479235684
2029,3,p63,Victoria Landfill,402654,Yellow Jacket,TX,15660.586534190945
2029,3,p64,Victoria Landfill,405731,Austin TX GigaFactory,TX,12118.728701499776
2029,3,p64,Victoria Landfill,402203,Bandera Electric Coop PV,TX,22509.701549225534
2029,3,p64,Victoria Landfill,404721,"Blue Jay Solar I, LLC",TX,343.5894159786529
2029,3,p64,Victoria Landfill,402648,Bovine,TX,1545.5559603832303
2029,3,p64,Victoria Landfill,402389,"E-Volve Energy Holdings, LLC",TX,16165.882597922231
2029,3,p64,Victoria Landfill,400227,East Blackland Solar Project 1,TX,283.1284030663499
2029,3,p64,Victoria Landfill,405101,IKEA Round Rock 027,TX,22282.126193402735
2029,3,p64,Victoria Landfill,402653,Lampwick,TX,6659.223319412449
2029,3,p64,Victoria Landfill,405613,Niagara Bottling - Seguin,TX,3377.8373554561053
2029,3,p64,Victoria Landfill,402544,PowerFin Kingsbery,TX,8320.705920038428
2029,3,p64,Victoria Landfill,400249,Webberville Solar Project,TX,1033.9095239104297
2029,3,p65,Victoria Landfill,405700,Aktina Solar,TX,157.5410307153694
2029,3,p65,Victoria Landfill,404074,"Alexis Solar, LLC",TX,14199.528923093834
2029,3,p65,Victoria Landfill,405727,Bernard Creek Solar,TX,368.7546890577581
2029,3,p65,Victoria Landfill,400081,Blue Wing Solar Energy Generation,TX,6534.71710155953
2029,3,p65,Victoria Landfill,405477,Brightside,TX,1260.64955866618
2029,3,p65,Victoria Landfill,401728,CPS 1 Community Solar,TX,104381.21858154351
2029,3,p65,Victoria Landfill,402656,Cascade Solar (TX),TX,9647.122985794433
2029,3,p65,Victoria Landfill,403987,Catan Solar,TX,4525.213412864642
2029,3,p65,Victoria Landfill,403091,Commerce Solar,TX,20834.848199881508
2029,3,p65,Victoria Landfill,404247,"Corazon Energy, LLC",TX,775.7781970748811
2029,3,p65,Victoria Landfill,404062,Elara Solar,TX,1011.0565087625505
2029,3,p65,Victoria Landfill,404359,FELPS 1-Calaveras,TX,160697.87311445668
2029,3,p65,Victoria Landfill,404361,FELPS 2-Calaveras,TX,89368.69274290052
2029,3,p65,Victoria Landfill,404362,FELPS 3-Floresville South,TX,70931.82154385292
2029,3,p65,Victoria Landfill,404363,FELPS 4-Floresville South,TX,70942.41686808423
2029,3,p65,Victoria Landfill,404364,FELPS 5-Floresville South,TX,70961.12330065719
2029,3,p65,Victoria Landfill,404739,FELPS 6- Floresville West,TX,75434.40509342417
2029,3,p65,Victoria Landfill,404740,FELPS 7- Floresville West,TX,83796.58465764749
2029,3,p65,Victoria Landfill,406516,Ganado Solar,TX,280.7787125344078
2029,3,p65,Victoria Landfill,405801,Horizon Solar,TX,733.8755488053973
2029,3,p65,Victoria Landfill,405380,IKEA Live Oak Rooftop PV System,TX,55964.24853669229
2029,3,p65,Victoria Landfill,403343,Mars Solar,TX,18950.898344166
2029,3,p65,Victoria Landfill,404877,Nebula Solar,TX,1852.5373374464873
2029,3,p65,Victoria Landfill,400694,"OCI Alamo 2, LLC",TX,26062.59291989545
2029,3,p65,Victoria Landfill,400965,"OCI Alamo 3, LLC",TX,23514.833809863827
2029,3,p65,Victoria Landfill,400966,"OCI Alamo 5, LLC",TX,1886.4198058190893
2029,3,p65,Victoria Landfill,400593,OCI Alamo Solar I Hybrid,TX,3799.0707632658628
2029,3,p65,Victoria Landfill,405809,Shakes Solar,TX,1165.840920002765
2029,3,p65,Victoria Landfill,405545,Sparta Solar,TX,318.5617535863743
2029,3,p65,Victoria Landfill,400379,"SunE CPS1, LLC",TX,11325.19114185812
2029,3,p65,Victoria Landfill,400364,"SunE CPS2, LLC",TX,11373.935072482927
2029,3,p65,Victoria Landfill,400353,"SunE CPS3, LLC",TX,13790.534770423277
2029,3,p65,Victoria Landfill,406032,Tres Bahias,TX,186.40410665410138
2029,3,p65,Victoria Landfill,404878,Vancourt Solar Interconnections,TX,3800.491270249971
2029,3,p66,Victoria Landfill,406386,Umbriel Solar,TX,914.4616836599298
2029,3,p67,Victoria Landfill,404939,Brazoria County Solar Project (Danciger),TX,205.6055954445993
2029,3,p67,Victoria Landfill,404681,Brazoria West,TX,242.28671358041393
2029,3,p67,Victoria Landfill,402649,Bronson,TX,2540.2181549353063
2029,3,p67,Victoria Landfill,406178,"Cutlass Solar 1, LLC",TX,297.59480530974383
2029,3,p67,Victoria Landfill,404587,Fighting Jays Solar Project,TX,200.60865956920654
2029,3,p67,Victoria Landfill,405564,"Fort Bend Solar, LLC",TX,174.99452031598412
2029,3,p67,Victoria Landfill,404853,"Longbow Solar, LLC",TX,625.8928045310469
2029,3,p67,Victoria Landfill,403514,Wagyu,TX,367.1389154831315
2029,4,p12,Apex Regional Landfill,402144,Battle Mountain Solar Project,NV,578.0900477288294
2029,4,p12,Apex Regional Landfill,405553,Dodge Flat,NV,1256.7236484440775
2029,4,p12,Apex Regional Landfill,402609,"EGP Stillwater Solar PV II, LLC",NV,2457.989843011892
2029,4,p12,Apex Regional Landfill,404659,Fish Springs,NV,1142.499292947922
2029,4,p12,Apex Regional Landfill,401086,Ft. Churchill PV,NV,6087.58977353281
2029,4,p12,Apex Regional Landfill,402130,Luning Energy,NV,808.8655321246397
2029,4,p12,Apex Regional Landfill,403107,NVSS-II,NV,553.3621321152988
2029,4,p12,Apex Regional Landfill,400468,"Patua Acquisition Project, LLC",NV,5506.870037670854
2029,4,p12,Apex Regional Landfill,405023,Steamboat II,NV,88638.7649331793
2029,4,p12,Apex Regional Landfill,400029,Stillwater Facility,NV,2260.5182541619047
2029,4,p12,Apex Regional Landfill,401318,Sunshine Valley Solar,NV,219.07703038728363
2029,4,p12,Apex Regional Landfill,405026,TS Power Plant,NV,522.8119621246697
2029,4,p12,Apex Regional Landfill,405576,Tesla Reno GigaFactory,NV,10280.95360159089
2029,4,p12,Apex Regional Landfill,401943,Tungsten Mountain,NV,6208.099953370054
2029,4,p12,Apex Regional Landfill,403308,Turquoise Liberty Solar,NV,9791.021092216572
2029,4,p12,Apex Regional Landfill,403884,"Turquoise Nevada, LLC",NV,1836.270819285965
2029,4,p12,Apex Regional Landfill,400035,Western 102 Power Plant,NV,485220.9705347079
2029,4,p13,Apex Regional Landfill,400555,Apex Solar PV Power Project,NV,361.6915699507313
2029,4,p13,Apex Regional Landfill,405385,Arrow Canyon Solar Hybrid,NV,260.0641451934407
2029,4,p13,Apex Regional Landfill,402017,"Boulder Solar II, LLC",NV,174.14872021898296
2029,4,p13,Apex Regional Landfill,401649,"Boulder Solar Power, LLC",NV,127.29623598889079
2029,4,p13,Apex Regional Landfill,400059,CM10,NV,1455.7051884691025
2029,4,p13,Apex Regional Landfill,400086,CM48,NV,261.6072161155576
2029,4,p13,Apex Regional Landfill,400363,Copper Mountain Solar 2,NV,100.12661310996128
2029,4,p13,Apex Regional Landfill,400802,Copper Mountain Solar 3,NV,91.83509352295889
2029,4,p13,Apex Regional Landfill,401308,"Copper Mountain Solar 4, LLC",NV,124.92583348743378
2029,4,p13,Apex Regional Landfill,403688,"Copper Mountain Solar 5, LLC",NV,114.74348226170247
2029,4,p13,Apex Regional Landfill,405358,Dignity - San Martin,NV,2249.6574392910293
2029,4,p13,Apex Regional Landfill,405355,Dignity - Siena Campus,NV,2214.2347735346375
2029,4,p13,Apex Regional Landfill,405556,Dry Lake Solar Energy Center,NV,117.84433095611719
2029,4,p13,Apex Regional Landfill,405495,Gemini Solar,NV,86.44807935245953
2029,4,p13,Apex Regional Landfill,403386,"Harry Allen Solar Energy, LLC",NV,132.92729805648574
2029,4,p13,Apex Regional Landfill,406090,IGS LAS1,NV,4456.719208463027
2029,4,p13,Apex Regional Landfill,406089,IGS VGT,NV,3556.96607555108
2029,4,p13,Apex Regional Landfill,405309,IKEA Las Vegas 462,NV,5065.262045744405
2029,4,p13,Apex Regional Landfill,400545,Las Vegas WPCF Solar Plant,NV,487.9483524758303
2029,4,p13,Apex Regional Landfill,400313,Moapa Southern Paiute,NV,127.65873446252954
2029,4,p13,Apex Regional Landfill,400600,Mountain View Solar,NV,361.1557499737483
2029,4,p13,Apex Regional Landfill,400036,Nellis Air Force Base Solar Array,NV,250.49447961516387
2029,4,p13,Apex Regional Landfill,401381,Nellis Solar PV II,NV,140.76431993723736
2029,4,p13,Apex Regional Landfill,401319,"Playa Solar 1, LLC",NV,138.10647847205144
2029,4,p13,Apex Regional Landfill,401596,Playa Solar 2,NV,106.38665301071799
2029,4,p13,Apex Regional Landfill,401274,River Mountains Solar,NV,356.13136225281005
2029,4,p13,Mohave Valley Landfill,401042,Searchlight Solar,NV,930.3638440342592
2029,4,p13,Apex Regional Landfill,400166,Silver State Solar Power North,NV,337.9684700944309
2029,4,p13,Apex Regional Landfill,400658,Silver State Solar Power South,NV,102.95980492659503
2029,4,p13,Apex Regional Landfill,405246,"Solar Las Vegas MB 2, LLC",NV,1336.258162010699
2029,4,p13,Apex Regional Landfill,405188,Solar Las Vegas MB-1,NV,368.22311162357454
2029,4,p13,Apex Regional Landfill,400556,Spectrum Solar PV Power Project,NV,178.64214792660937
2029,4,p13,Apex Regional Landfill,402485,"Techren Solar I, LLC",NV,135.0174153087242
2029,4,p13,Apex Regional Landfill,402690,"Techren Solar II, LLC",NV,78.39571453817766
2029,4,p13,Apex Regional Landfill,402691,"Techren Solar III, LLC",NV,353.57804802758244
2029,4,p13,Apex Regional Landfill,402692,"Techren Solar IV, LLC",NV,324.46762020998074
2029,4,p13,Apex Regional Landfill,403001,Techren Solar V,NV,158.5303326236822
2029,4,p13,Apex Regional Landfill,401851,Townsite Solar Project Hybrid,NV,85.21950014942311
2029,4,p13,Apex Regional Landfill,406448,Yellow Pine II,NV,304.5361028985445
2029,4,p13,Apex Regional Landfill,404971,Yellow Pine Solar,NV,235.4068952219152
2029,4,p27,Mohave Valley Landfill,400374,"Black Mountain Solar, LLC",AZ,195.17524838333495
2029,4,p27,Mohave Valley Landfill,402236,Gray Hawk Solar,AZ,110.61502222599016
2029,4,p27,Mohave Valley Landfill,401819,Jacobson 5 MW Solar,AZ,660.2922124932355
2029,4,p27,Mohave Valley Landfill,400199,La Senita,AZ,2111.149980064766
2029,4,p27,Mohave Valley Landfill,403718,Mohave Electric Cooperative at Joy Lane,AZ,59.86114642765509
2029,4,p27,Mohave Valley Landfill,401311,Mohave Electric at Fort Mohave,AZ,87.59446537651858
2029,4,p27,Mohave Valley Landfill,406478,Mohave Energy - Hybrid,AZ,50.265669576768346
2029,4,p28,Apache Junction Landfill,405418,AZ State University - Tempe Campus Solar,AZ,3206.507368970122
2029,4,p28,South Yuma County Landfill,400148,Agua Caliente Solar Project,AZ,195.43931613568813
2029,4,p28,Apache Junction Landfill,402067,Apache Solar 1,AZ,2175.950113442778
2029,4,p28,South Yuma County Landfill,400274,Arizona Western College PV,AZ,646.4299013916444
2029,4,p28,Apache Junction Landfill,400240,Arlington Valley Solar Energy II,AZ,214.98437025986735
2029,4,p28,Apache Junction Landfill,400437,Badger 1,AZ,1355.3308535007334
2029,4,p28,Apache Junction Landfill,401688,Bonnybrooke PV,AZ,226.6466213149502
2029,4,p28,Apache Junction Landfill,400371,Buckeye Union HS District 201,AZ,5334.611329204981
2029,4,p28,Apache Junction Landfill,405635,"Central Line Solar, LLC",AZ,204.70266495256786
2029,4,p28,Apache Junction Landfill,400201,Chino Solar Valley,AZ,1877.3210703568034
2029,4,p28,Apache Junction Landfill,400202,Cotton Center Solar Hybrid,AZ,1369.8829695747047
2029,4,p28,Apache Junction Landfill,401069,Desert Star Hybrid,AZ,2646.522989957079
2029,4,p28,Apache Junction Landfill,403257,East Line Solar,AZ,180.60446500916146
2029,4,p28,Apache Junction Landfill,406171,Eleven Mile Solar Center,AZ,132.17620012966665
2029,4,p28,Apache Junction Landfill,405244,Estrella Mountain PV,AZ,6953.936189898047
2029,4,p28,South Yuma County Landfill,400349,Foothills Solar Plant Hybrid,AZ,139.02679667512098
2029,4,p28,Apache Junction Landfill,400825,Fort Huachuca Solar PV Project,AZ,2156.9564589170236
2029,4,p28,Apache Junction Landfill,400845,Gila Bend Hybrid,AZ,723.4251642962624
2029,4,p28,Apache Junction Landfill,400599,"Gilbert Solar Facility I, LLC",AZ,1867.8300604353797
2029,4,p28,South Yuma County Landfill,400507,Hyder II Hybrid,AZ,1513.4685899514234
2029,4,p28,South Yuma County Landfill,400204,Hyder Solar Hybrid,AZ,2207.1715446977355
2029,4,p28,Apache Junction Landfill,405282,Intel - Ocotillo Campus Solar,AZ,1989.5733955417488
2029,4,p28,Apache Junction Landfill,405125,Jewish Community Center PV,AZ,8307.094985976099
2029,4,p28,Apache Junction Landfill,402234,Kayenta Solar Project,AZ,1339.2036998072374
2029,4,p28,Apache Junction Landfill,400595,Lake Pleasant WTP,AZ,3241.156510601072
2029,4,p28,Apache Junction Landfill,400128,Luke Solar,AZ,1714.5667836720002
2029,4,p28,Apache Junction Landfill,405068,Macys Goodyear,AZ,5401.215670318538
2029,4,p28,South Yuma County Landfill,406279,McFarland A Solar and Storage,AZ,139.40681471047466
2029,4,p28,Apache Junction Landfill,405617,Mesa Carport PV,AZ,351.04775950621234
2029,4,p28,Apache Junction Landfill,404512,Mesa Solar Array,AZ,361.5278400839802
2029,4,p28,Apache Junction Landfill,400250,Mesquite Solar 1,AZ,352.9527943198381
2029,4,p28,Apache Junction Landfill,401621,"Mesquite Solar 2, LLC",AZ,305.6147092342435
2029,4,p28,Apache Junction Landfill,401622,"Mesquite Solar 3, LLC",AZ,200.0930283361814
2029,4,p28,Apache Junction Landfill,406038,"Mesquite Solar 4, LLC",AZ,542.589468681709
2029,4,p28,Apache Junction Landfill,404922,"Mesquite Solar 5, LLC",AZ,430.734817531332
2029,4,p28,Mohave Valley Landfill,403572,OE_AZ1,AZ,1029.5177681027242
2029,4,p28,Apache Junction Landfill,400203,Paloma Solar Hybrid,AZ,1332.2662308129932
2029,4,p28,Apache Junction Landfill,405126,Paradise Valley H.S. PV,AZ,9477.495509757737
2029,4,p28,Apache Junction Landfill,405150,Phoenix Airport East Economy Lot,AZ,7005.264631594283
2029,4,p28,Apache Junction Landfill,405151,Phoenix Airport Rental Car Center,AZ,6133.31500641148
2029,4,p28,Apache Junction Landfill,402528,Pinal Central Energy Center Hybrid,AZ,488.11160493576847
2029,4,p28,Apache Junction Landfill,400125,"Poseidon Solar, LLC",AZ,258.1731761306523
2029,4,p28,Apache Junction Landfill,400031,Prescott Airport,AZ,12862.99248160555
2029,4,p28,Apache Junction Landfill,400401,Prescott Solar Plant,AZ,2652.2004457337002
2029,4,p28,Apache Junction Landfill,400323,Queen Creek Solar Farm,AZ,172.92043044010063
2029,4,p28,Mohave Valley Landfill,400289,"RE Bagdad Solar I, LLC",AZ,1609.5026920308271
2029,4,p28,Apache Junction Landfill,405132,"RE Gillespie 1, LLC",AZ,1360.2610428261596
2029,4,p28,Apache Junction Landfill,400758,Red Horse 2,AZ,627.5813766805345
2029,4,p28,Apache Junction Landfill,401609,Red Horse III,AZ,1002.3008079432705
2029,4,p28,Apache Junction Landfill,401726,Red Rock,AZ,423.7558835582993
2029,4,p28,Apache Junction Landfill,406380,SR McNeal,AZ,2718.7739778872533
2029,4,p28,Apache Junction Landfill,400416,Saddle Mountain Solar I,AZ,1884.4510455269508
2029,4,p28,Apache Junction Landfill,403674,Saint Solar,AZ,200.08532348557833
2029,4,p28,Apache Junction Landfill,401214,Sandstone Solar,AZ,235.80531701756672
2029,4,p28,Apache Junction Landfill,405029,Solana Generating Station,AZ,229.48981368397463
2029,4,p28,Apache Junction Landfill,406275,Sonoran Solar Energy,AZ,135.61972471486717
2029,4,p28,Apache Junction Landfill,406034,Storey Solar and Storage,AZ,124.29658125682558
2029,4,p28,Apache Junction Landfill,401664,Sulphur Springs,AZ,1692.0236756963436
2029,4,p28,Apache Junction Landfill,403643,Sun Streams 2,AZ,189.49328999962557
2029,4,p28,Apache Junction Landfill,406517,Sun Streams 3,AZ,145.00950440884233
2029,4,p28,Apache Junction Landfill,401975,"Sun Streams, LLC",AZ,294.32088690411985
2029,4,p28,Apache Junction Landfill,405311,T0588 Phoenix - AZ,AZ,12390.150722335116
2029,4,p28,Apache Junction Landfill,405134,Union HS at Casa Grande,AZ,6560.30412639216
2029,4,p28,Apache Junction Landfill,405135,Vista Grande HS at Casa Grande,AZ,8062.6002324625715
2029,4,p28,Apache Junction Landfill,400334,Walmart Casa Grande,AZ,6947.093342432067
2029,4,p28,Apache Junction Landfill,406098,"West Line Solar, LLC",AZ,238.55659645809422
2029,4,p29,Apache Junction Landfill,400014,Springerville,AZ,1640.1694863535529
2029,4,p30,Apache Junction Landfill,405143,Actus Lend Lease DMAFB,AZ,5494.324247066195
2029,4,p30,Apache Junction Landfill,405611,Amazon TUS2,AZ,6693.2998195917635
2029,4,p30,Apache Junction Landfill,405268,Amphitheater High School Solar,AZ,60307.93541072438
2029,4,p30,Apache Junction Landfill,400939,Avalon Solar,AZ,664.8968780443986
2029,4,p30,Apache Junction Landfill,401479,Avalon Solar II,AZ,1035.0441991142939
2029,4,p30,Apache Junction Landfill,400226,Avra Valley Solar,AZ,530.9124039038649
2029,4,p30,Apache Junction Landfill,404704,Broadway 2 - Tucson Phase II,AZ,4876.340861073863
2029,4,p30,Apache Junction Landfill,405768,Broadway 3 - Tucson Phase I,AZ,11604.379672749019
2029,4,p30,Apache Junction Landfill,405269,Canyon Del Oro High School Solar,AZ,3191.3362822854942
2029,4,p30,Apache Junction Landfill,400757,Cogenra-TEP,AZ,14209.622387500298
2029,4,p30,Apache Junction Landfill,401295,Davis Monthan AFB (AZ) West Airfield,AZ,1096.7409280227928
2029,4,p30,Apache Junction Landfill,400330,FRB Solar Farm,AZ,14864.249229984483
2029,4,p30,Apache Junction Landfill,400761,"Gato Montes Solar, LLC",AZ,3576.058997079561
2029,4,p30,Apache Junction Landfill,404536,Iron Horse Battery Storage Hybrid,AZ,11833.243432939993
2029,4,p30,Apache Junction Landfill,400552,"Picture Rocks Solar, LLC",AZ,1774.3932303667787
2029,4,p30,Apache Junction Landfill,405374,Pima Community College,AZ,13764.297646632554
2029,4,p30,Apache Junction Landfill,405303,Pima Community College - East Campus,AZ,14502.97753972712
2029,4,p30,Apache Junction Landfill,405516,Pima Community College NW,AZ,12347.107874158302
2029,4,p30,Apache Junction Landfill,400408,Prairie Fire,AZ,3157.589547199029
2029,4,p30,Apache Junction Landfill,400290,"RE Ajo 1, LLC",AZ,3373.6257114074074
2029,4,p30,Apache Junction Landfill,404926,Raptor Ridge,AZ,1401.0474558336498
2029,4,p30,Apache Junction Landfill,400857,Rio Rico Solar,AZ,4670.605041887728
2029,4,p30,Apache Junction Landfill,400193,Roger Road WWTP,AZ,13020.210847322845
2029,4,p30,Apache Junction Landfill,401076,Tech Park Solar,AZ,2823.4183496780493
2029,4,p30,Apache Junction Landfill,400156,UASTP I,AZ,29615.321837829044
2029,4,p30,Apache Junction Landfill,401075,Valencia Solar,AZ,1924.6625182998519
2029,4,p30,Apache Junction Landfill,404187,"Wilmot Energy Center, LLC",AZ,185.897381541483
2029,4,p31,City of Clovis Landfill,400211,Alamogordo Solar Energy Center,NM,19163.87575313184
2029,4,p31,Northeastern New Mexico Regional Landfill,400206,Albuquerque Solar Energy Center,NM,34893.28220404962
2029,4,p31,Northeastern New Mexico Regional Landfill,403675,Alcalde Solar Array,NM,12344.337072425016
2029,4,p31,Apache Junction Landfill,401595,Alta Luna,NM,3382.8046671781212
2029,4,p31,Northeastern New Mexico Regional Landfill,404724,Angel Fire Energy Facility,NM,1620.826700336484
2029,4,p31,Northeastern New Mexico Regional Landfill,405469,Arroyo Solar Energy Storage Hybrid,NM,383.57160079450637
2029,4,p31,Northeastern New Mexico Regional Landfill,403321,Bluewater CDEC 1,NM,34719.91265733517
2029,4,p31,Northeastern New Mexico Regional Landfill,403736,Britton Solar Energy Center,NM,885.6834036442618
2029,4,p31,City of Clovis Landfill,404981,Buena Vista Energy Center,NM,888.0333674838544
2029,4,p31,Northeastern New Mexico Regional Landfill,402876,CNMEC Solar Energy Center,NM,29103.742729582238
2029,4,p31,City of Clovis Landfill,402519,Carrizozo Solar,NM,29001.935114305903
2029,4,p31,Northeastern New Mexico Regional Landfill,401202,Cibola,NM,15929.541560974345
2029,4,p31,Northeastern New Mexico Regional Landfill,400104,Cimarron Solar Facility,NM,354.3119544053154
2029,4,p31,Apache Junction Landfill,402988,City of Gallup Solar,NM,13163.311769546264
2029,4,p31,Northeastern New Mexico Regional Landfill,403604,City of Rio Rancho WWTP,NM,48762.24295868265
2029,4,p31,Apache Junction Landfill,401225,City of Truth or Consequences PV,NM,55731.87918527505
2029,4,p31,Apache Junction Landfill,402177,Columbus Solar Project,NM,51400.13186649277
2029,4,p31,Northeastern New Mexico Regional Landfill,404748,"Cuba 2.5ac, LLC",NM,19710.38204639967
2029,4,p31,Apache Junction Landfill,400209,Deming Solar Energy Center,NM,14472.171901117143
2029,4,p31,Northeastern New Mexico Regional Landfill,403868,Encino Solar Energy Center,NM,1204.5850212783184
2029,4,p31,Northeastern New Mexico Regional Landfill,401038,Eubank Landfill Solar Array,NM,49326.869994280336
2029,4,p31,Northeastern New Mexico Regional Landfill,402441,Facebook 1 Solar Energy Center,NM,5751.338413476909
2029,4,p31,Northeastern New Mexico Regional Landfill,402442,Facebook 2 Solar Energy Center,NM,5535.999758517309
2029,4,p31,Northeastern New Mexico Regional Landfill,402443,Facebook 3 Solar Energy Center,NM,7900.396412754267
2029,4,p31,Northeastern New Mexico Regional Landfill,403322,Grants CDEC 2,NM,23255.15929201325
2029,4,p31,Apache Junction Landfill,400216,"Hatch Solar Energy Center I, LLC",NM,24539.381690538085
2029,4,p31,City of Clovis Landfill,401617,Holloman Solar Facility,NM,18929.352963868925
2029,4,p31,Northeastern New Mexico Regional Landfill,406109,"Jicarilla Solar 1, LLC",NM,1440.9039358380016
2029,4,p31,Northeastern New Mexico Regional Landfill,400427,Kit Carson,NM,27251.87554405159
2029,4,p31,Northeastern New Mexico Regional Landfill,400210,Las Vegas Solar Energy Center,NM,4251.297613309662
2029,4,p31,Northeastern New Mexico Regional Landfill,400434,Los Alamos PV Site,NM,59949.250108489796
2029,4,p31,Northeastern New Mexico Regional Landfill,400207,Los Lunas Solar Energy Center,NM,10215.42673175479
2029,4,p31,Apache Junction Landfill,400838,Macho Springs,NM,2281.416128514877
2029,4,p31,Northeastern New Mexico Regional Landfill,400582,Manzano Solar,NM,7874.983914094283
2029,4,p31,Northeastern New Mexico Regional Landfill,401201,Meadow Lake Solar Energy Center,NM,5865.542172568807
2029,4,p31,Northeastern New Mexico Regional Landfill,406177,"NMRD Data Center III, LLC",NM,1059.5838279059556
2029,4,p31,City of Clovis Landfill,405693,NMSU Solar and Storage,NM,32635.42310222742
2029,4,p31,Northeastern New Mexico Regional Landfill,406375,OE_ESCL,NM,581.385365957988
2029,4,p31,City of Clovis Landfill,400581,Otero Solar,NM,10819.316358436761
2029,4,p31,Northeastern New Mexico Regional Landfill,400146,Questa Solar Facility,NM,37042.957214183254
2029,4,p31,Northeastern New Mexico Regional Landfill,403178,"RC Energy AA, LLC Solar Facility",NM,60098.10923522924
2029,4,p31,Northeastern New Mexico Regional Landfill,401566,Rio Communities Solar Energy Center,NM,8484.17314088876
2029,4,p31,Northeastern New Mexico Regional Landfill,403084,Rio De Oro Solar Energy Center,NM,11625.073372612442
2029,4,p31,Northeastern New Mexico Regional Landfill,400624,Rio Rancho High School,NM,81317.78108094823
2029,4,p31,City of Clovis Landfill,400135,Roadrunner Solar,NM,5195.5776486749855
2029,4,p31,Northeastern New Mexico Regional Landfill,404648,"Route 66 Energy Center, LLC",NM,1787.9669634029638
2029,4,p31,Northeastern New Mexico Regional Landfill,403387,San Miguel I Solar Energy Center,NM,2810.530875956518
2029,4,p31,Northeastern New Mexico Regional Landfill,405458,San Miguel II Solar Energy Center,NM,1877.4237114303994
2029,4,p31,Northeastern New Mexico Regional Landfill,401161,Sandoval Solar Energy Center,NM,10567.609803126134
2029,4,p31,Northeastern New Mexico Regional Landfill,401564,Santa Fe Solar Energy Center,NM,3994.8372586560977
2029,4,p31,Northeastern New Mexico Regional Landfill,401565,Santolina Solar Energy Center,NM,8903.46491804398
2029,4,p31,Apache Junction Landfill,400596,Silver City WWTP PV Project,NM,94751.73521131885
2029,4,p31,Northeastern New Mexico Regional Landfill,406343,Sky Ranch Solar,NM,342.9248058385469
2029,4,p31,Northeastern New Mexico Regional Landfill,401563,South Valley Solar Energy Center,NM,6019.644272535354
2029,4,p31,Northeastern New Mexico Regional Landfill,401162,Springer Solar 1,NM,11251.924006467978
2029,4,p31,Northeastern New Mexico Regional Landfill,400735,Storrie Lake Solar Project,NM,15510.773180961765
2029,4,p31,Northeastern New Mexico Regional Landfill,400623,Sue Cleveland High School,NM,59619.52354866393
2029,4,p31,City of Clovis Landfill,400343,"SunE EPE1, LLC",NM,15823.067199234327
2029,4,p31,City of Clovis Landfill,400342,"SunE EPE2, LLC",NM,8466.257422969064
2029,4,p31,Northeastern New Mexico Regional Landfill,402854,Syncarpha Eagle Nest,NM,21926.80765082681
2029,4,p31,Northeastern New Mexico Regional Landfill,403412,Syncarpha El Rito,NM,23136.38053559056
2029,4,p31,Northeastern New Mexico Regional Landfill,403413,Syncarpha Questa,NM,18981.608074404532
2029,4,p31,Northeastern New Mexico Regional Landfill,403411,Syncarpha Taos,NM,10360.561782578394
2029,4,p31,Northeastern New Mexico Regional Landfill,404618,Taos Mesa Energy Facility Hybrid,NM,1707.5866627104765
2029,4,p31,Northeastern New Mexico Regional Landfill,403011,Vista Solar Energy Center,NM,8120.072442152935
2029,4,p31,City of Clovis Landfill,400354,WSMR I,NM,19818.494023604882
2029,4,p31,Apache Junction Landfill,405245,Wal-Mart Truth or Consequences PV,NM,120117.59005113647
2029,4,p47,City of Clovis Landfill,400979,"Caprock Solar 1, LLC",NM,861.1896924375758
2029,4,p47,City of Clovis Landfill,404980,Chaves County Solar II,NM,1265.548419485293
2029,4,p47,City of Clovis Landfill,401681,"Chaves Solar, LLC",NM,702.9520811480843
2029,4,p47,City of Clovis Landfill,400614,GSE NM1,NM,27733.378243126263
2029,4,p47,City of Clovis Landfill,404982,Hayhurst New Mexico Solar,NM,3264.18537541364
2029,4,p47,City of Clovis Landfill,402530,Middle Daisy,NM,8432.57128306945
2029,4,p47,City of Clovis Landfill,401682,"Roswell Solar, LLC",NM,498.8288079191714
2029,4,p47,City of Clovis Landfill,400546,SEV NM Phase 2,NM,43535.1937260085
2029,4,p47,City of Clovis Landfill,400260,SPS1 Dollarhide,NM,6036.313408978855
2029,4,p47,City of Clovis Landfill,400261,SPS2 Jal,NM,7564.01544899929
2029,4,p47,City of Clovis Landfill,400262,SPS3 Lea,NM,6711.3012652601365
2029,4,p47,City of Clovis Landfill,400264,SPS5 Hopi,NM,10707.136593166808
2029,4,p47,City of Clovis Landfill,404698,SoCore Clovis 1,NM,1461.9204619389595
2029,4,p48,City of Clovis Landfill,406439,"BESSP1, LLC",TX,1143.6248145797833
2029,4,p48,City of Clovis Landfill,405590,"Hecate Energy Frye Solar, LLC",TX,137.27829532914205
2029,4,p57,Victoria Landfill,404918,"Hecate Energy Upshur Rural, LLC",TX,11559.494609896201
2029,4,p59,City of Clovis Landfill,402666,Fort Bliss (DEA EPIC),TX,18177.642878685743
2029,4,p59,City of Clovis Landfill,401616,Montana Solar Facility,TX,10362.039434514245
2029,4,p59,City of Clovis Landfill,401045,Newman Solar,TX,8017.007090100259
2029,4,p60,City of Clovis Landfill,403962,"ANSON Solar Center, LLC",TX,419.29198585167296
2029,4,p60,City of Clovis Landfill,403883,Azure Sky Solar,TX,513.2709885841505
2029,4,p60,City of Clovis Landfill,403232,"ENGIE Long Draw Solar, LLC",TX,227.98657120168326
2029,4,p60,City of Clovis Landfill,406252,Highpeak Solar 1,TX,5628.573588860275
2029,4,p60,City of Clovis Landfill,402721,Holstein 1 Solar Farm,TX,584.9581881346119
2029,4,p60,City of Clovis Landfill,405492,Juno Solar Project,TX,326.96344591899043
2029,4,p60,City of Clovis Landfill,402541,Lamesa II,TX,1641.2785751433757
2029,4,p60,City of Clovis Landfill,401660,Lamesa Solar,TX,579.6226579494568
2029,4,p60,City of Clovis Landfill,405932,Lumina II Solar Project,TX,364.4247357053443
2029,4,p60,City of Clovis Landfill,405933,Lumina Solar Project,TX,383.68439540230605
2029,4,p60,City of Clovis Landfill,402909,Misae Solar,TX,283.22276492984236
2029,4,p60,City of Clovis Landfill,400968,"OCI Alamo 7, LLC",TX,802.9287888680844
2029,4,p60,City of Clovis Landfill,405939,Texas Solar Nova 1,TX,260.2995506323244
2029,4,p61,City of Clovis Landfill,400967,Alamo 6,TX,328.9107554254517
2029,4,p61,City of Clovis Landfill,403557,Aragorn Solar Project,TX,371.4609427803609
2029,4,p61,City of Clovis Landfill,400691,Barilla Solar,TX,1722.003821929019
2029,4,p61,City of Clovis Landfill,401946,Bluebell Solar,TX,1592.297764221637
2029,4,p61,City of Clovis Landfill,403574,Bluebell Solar II,TX,425.68999754573076
2029,4,p61,City of Clovis Landfill,400554,"Bryan Solar, LLC",TX,4850.417971356398
2029,4,p61,City of Clovis Landfill,401463,Buckthorn Westex,TX,400.11493431762494
2029,4,p61,City of Clovis Landfill,401703,East Pecos Solar,TX,444.8513306764236
2029,4,p61,City of Clovis Landfill,405363,Galloway 1 Solar Farm,TX,378.3088234980162
2029,4,p61,Victoria Landfill,405494,Galloway 2 Solar Farm,TX,3546.98971864619
2029,4,p61,City of Clovis Landfill,405494,Galloway 2 Solar Farm,TX,373.46750558549905
2029,4,p61,City of Clovis Landfill,403210,Greasewood,TX,356.09971167818486
2029,4,p61,City of Clovis Landfill,406370,Hayhurst Texas Solar,TX,978.1960139052566
2029,4,p61,City of Clovis Landfill,402304,Midway Solar-TX,TX,503.36820330949325
2029,4,p61,Victoria Landfill,400695,"OCI Alamo 4, LLC",TX,1222.2686288218797
2029,4,p61,City of Clovis Landfill,401868,Pearl Solar,TX,894.8351890524525
2029,4,p61,City of Clovis Landfill,402290,RE Maplewood,TX,327.5414191376145
2029,4,p61,City of Clovis Landfill,401430,RE Roserock,TX,403.7443915766009
2029,4,p61,City of Clovis Landfill,402848,Rambler,TX,470.44736969571056
2029,4,p61,City of Clovis Landfill,402083,Solaire Holman Solar Project,TX,794.8401756980288
2029,4,p61,City of Clovis Landfill,403023,"Taygete Energy Project, LLC",TX,389.38983202126184
2029,4,p61,City of Clovis Landfill,404647,Taygete II Energy Project,TX,419.8952818805043
2029,4,p61,City of Clovis Landfill,403551,Titan Solar Project,TX,390.90091985239013
2029,4,p61,Victoria Landfill,406103,Zier Solar,TX,457.61814453846176
2029,4,p62,City of Clovis Landfill,403502,2W Permian Solar Project Hybrid,TX,321.6011467906846
2029,4,p62,City of Clovis Landfill,403697,CED Crane Solar,TX,375.09124063394745
2029,4,p62,City of Clovis Landfill,401525,Castle Gap Solar Hybrid,TX,503.0616618257049
2029,4,p62,City of Clovis Landfill,404599,Emerald Grove,TX,487.38404379951066
2029,4,p62,City of Clovis Landfill,403004,Lapetus,TX,397.60256544954893
2029,4,p62,City of Clovis Landfill,403280,Oberon IA,TX,426.7035193359638
2029,4,p62,City of Clovis Landfill,403279,Oberon IB,TX,1780.8785571093886
2029,4,p62,City of Clovis Landfill,403602,Oxy Renewable Energy-Goldsmith,TX,2472.9597758396885
2029,4,p62,City of Clovis Landfill,402679,Phoebe Solar,TX,296.1471590171813
2029,4,p62,City of Clovis Landfill,403177,Prospero Solar,TX,205.16614449069775
2029,4,p62,City of Clovis Landfill,404128,Prospero Solar II,TX,306.62340880455537
2029,4,p62,City of Clovis Landfill,403070,"Roadrunner, LLC",TX,327.8384773745732
2029,4,p62,City of Clovis Landfill,401805,Upton County Solar,TX,945.9758778571241
2029,4,p62,City of Clovis Landfill,402995,West of the Pecos Solar,TX,710.442924069334
2029,4,p63,Victoria Landfill,405599,"BPL Crown Solar, LLC",TX,612.8746635152319
2029,4,p63,Victoria Landfill,404966,BPL Files Solar,TX,659.5561105406783
2029,4,p63,Victoria Landfill,403825,Briar Creek Solar 1,TX,779.3932809061304
2029,4,p63,Victoria Landfill,402610,Chisum,TX,9698.769577998226
2029,4,p63,Victoria Landfill,401697,CoServ Community Solar Station,TX,72129.93163577166
2029,4,p63,Victoria Landfill,403188,Coniglio Solar,TX,1274.9631501426352
2029,4,p63,Victoria Landfill,406415,Dileo Solar,TX,980.7395021672265
2029,4,p63,Victoria Landfill,402655,Eddy II,TX,7124.627607225453
2029,4,p63,Victoria Landfill,406221,Eiffel Solar Project,TX,944.8816395951388
2029,4,p63,Victoria Landfill,405540,"Ellis Solar, LLC",TX,1173.9011266596092
2029,4,p63,Victoria Landfill,403823,Elm Branch Solar 1,TX,681.0170494363049
2029,4,p63,Victoria Landfill,406206,Five Wells Solar Center - Hybrid,TX,266.28315138415826
2029,4,p63,Victoria Landfill,404567,G.S.E. One LLC,TX,1165.3751045694974
2029,4,p63,Victoria Landfill,403288,Griffin Solar,TX,11749.398559080506
2029,4,p63,Victoria Landfill,406202,Grizzly Ridge Solar,TX,826.127946907957
2029,4,p63,Victoria Landfill,402329,Highway 56 Solar,TX,58574.424949212305
2029,4,p63,Victoria Landfill,405689,"IP Radian, LLC",TX,574.9439733174609
2029,4,p63,Victoria Landfill,403481,Impact Solar 1,TX,643.2670735881447
2029,4,p63,Victoria Landfill,403190,Kellam Solar,TX,1434.9170158815043
2029,4,p63,Victoria Landfill,402421,Leon Solar,TX,21335.135873610267
2029,4,p63,Victoria Landfill,403874,Lily Solar Hybrid,TX,683.1489015212119
2029,4,p63,Victoria Landfill,402404,Marlin Solar,TX,15457.06830466511
2029,4,p63,City of Clovis Landfill,405794,Noble Solar,TX,503.45579210741806
2029,4,p63,Victoria Landfill,402405,North Gainesville Solar,TX,25843.673908323923
2029,4,p63,Victoria Landfill,401933,Phantom Solar,TX,5283.389807499365
2029,4,p63,Victoria Landfill,404872,"Pisgah Ridge Solar, LLC",TX,362.71641703921466
2029,4,p63,Victoria Landfill,406416,Pitts Dudik Solar,TX,1412.679562718478
2029,4,p63,Victoria Landfill,403189,Rippey Solar,TX,1767.382597620292
2029,4,p63,Victoria Landfill,404630,"Samson Solar Energy III, LLC",TX,593.2097597980493
2029,4,p63,Victoria Landfill,402652,Sterling Solar (TX),TX,10725.157772689907
2029,4,p63,Victoria Landfill,404812,Sun Valley Solar Project,TX,358.1828945567144
2029,4,p63,Victoria Landfill,404388,"TPE Erath Solar, LLC",TX,7203.653371082383
2029,4,p63,Victoria Landfill,403457,"TPE Whitney Solar, LLC",TX,9374.888376061845
2029,4,p63,Victoria Landfill,405361,Toyota HQ Plan,TX,35971.54235056254
2029,4,p63,Victoria Landfill,405984,Waco Solar,TX,466.24126939992595
2029,4,p63,Victoria Landfill,402306,Walnut Springs Solar,TX,16430.93713628191
2029,4,p63,Victoria Landfill,402497,West Moore Solar II,TX,31117.59619481853
2029,4,p63,Victoria Landfill,402330,Whitesboro Solar,TX,62086.07880765588
2029,4,p63,Victoria Landfill,402331,Whitesboro Solar II,TX,186417.73534010292
2029,4,p63,Victoria Landfill,402414,Whitewright Solar,TX,18305.69803632282
2029,4,p63,Victoria Landfill,402654,Yellow Jacket,TX,15660.586534190945
2029,4,p64,Victoria Landfill,405731,Austin TX GigaFactory,TX,21766.109507659596
2029,4,p64,Victoria Landfill,402203,Bandera Electric Coop PV,TX,22509.701549225534
2029,4,p64,Victoria Landfill,404721,"Blue Jay Solar I, LLC",TX,343.5894159786529
2029,4,p64,Victoria Landfill,402648,Bovine,TX,1545.5559603832303
2029,4,p64,Victoria Landfill,402389,"E-Volve Energy Holdings, LLC",TX,10797.08929654816
2029,4,p64,Victoria Landfill,400227,East Blackland Solar Project 1,TX,255.17518940805616
2029,4,p64,Victoria Landfill,405101,IKEA Round Rock 027,TX,19812.94580455799
2029,4,p64,Victoria Landfill,402653,Lampwick,TX,6659.223319412449
2029,4,p64,Victoria Landfill,405613,Niagara Bottling - Seguin,TX,4207.4210208701315
2029,4,p64,Victoria Landfill,402544,PowerFin Kingsbery,TX,8320.705920038428
2029,4,p64,Victoria Landfill,400249,Webberville Solar Project,TX,741.5874748773007
2029,4,p65,Victoria Landfill,405700,Aktina Solar,TX,157.5410307153694
2029,4,p65,Victoria Landfill,404074,"Alexis Solar, LLC",TX,14199.528923093834
2029,4,p65,Victoria Landfill,405727,Bernard Creek Solar,TX,368.7546890577581
2029,4,p65,Victoria Landfill,400081,Blue Wing Solar Energy Generation,TX,6534.71710155953
2029,4,p65,Victoria Landfill,405477,Brightside,TX,1394.110321429089
2029,4,p65,Victoria Landfill,401728,CPS 1 Community Solar,TX,92789.91681623868
2029,4,p65,Victoria Landfill,402656,Cascade Solar (TX),TX,7250.217912795826
2029,4,p65,Victoria Landfill,403987,Catan Solar,TX,4525.213412864642
2029,4,p65,Victoria Landfill,403091,Commerce Solar,TX,20834.848199881508
2029,4,p65,Victoria Landfill,404247,"Corazon Energy, LLC",TX,775.7781970748811
2029,4,p65,Victoria Landfill,404062,Elara Solar,TX,1248.9449625031882
2029,4,p65,Victoria Landfill,404359,FELPS 1-Calaveras,TX,100458.4842067104
2029,4,p65,Victoria Landfill,404361,FELPS 2-Calaveras,TX,100532.3414990381
2029,4,p65,Victoria Landfill,404362,FELPS 3-Floresville South,TX,70931.82154385292
2029,4,p65,Victoria Landfill,404363,FELPS 4-Floresville South,TX,70942.41686808423
2029,4,p65,Victoria Landfill,404364,FELPS 5-Floresville South,TX,70961.12330065719
2029,4,p65,Victoria Landfill,404739,FELPS 6- Floresville West,TX,83809.39424893797
2029,4,p65,Victoria Landfill,404740,FELPS 7- Floresville West,TX,107721.46521874677
2029,4,p65,Victoria Landfill,406516,Ganado Solar,TX,280.7787125344078
2029,4,p65,Victoria Landfill,405801,Horizon Solar,TX,733.8755488053972
2029,4,p65,Victoria Landfill,405380,IKEA Live Oak Rooftop PV System,TX,62175.88696368032
2029,4,p65,Victoria Landfill,403343,Mars Solar,TX,22099.46428589366
2029,4,p65,Victoria Landfill,404877,Nebula Solar,TX,2151.376444720902
2029,4,p65,Victoria Landfill,400694,"OCI Alamo 2, LLC",TX,23173.36067255151
2029,4,p65,Victoria Landfill,400965,"OCI Alamo 3, LLC",TX,20582.91742035585
2029,4,p65,Victoria Landfill,400966,"OCI Alamo 5, LLC",TX,2114.784444821476
2029,4,p65,Victoria Landfill,400593,OCI Alamo Solar I Hybrid,TX,2552.548073443909
2029,4,p65,Victoria Landfill,405809,Shakes Solar,TX,1027.5486417274192
2029,4,p65,Victoria Landfill,405545,Sparta Solar,TX,318.5617535863743
2029,4,p65,Victoria Landfill,400379,"SunE CPS1, LLC",TX,11325.19114185812
2029,4,p65,Victoria Landfill,400364,"SunE CPS2, LLC",TX,11373.935072482927
2029,4,p65,Victoria Landfill,400353,"SunE CPS3, LLC",TX,12074.155760845366
2029,4,p65,Victoria Landfill,406032,Tres Bahias,TX,202.26678326086406
2029,4,p65,Victoria Landfill,404878,Vancourt Solar Interconnections,TX,3800.491270249971
2029,4,p66,Victoria Landfill,406386,Umbriel Solar,TX,914.4616836599298
2029,4,p67,Victoria Landfill,404939,Brazoria County Solar Project (Danciger),TX,226.47743853668487
2029,4,p67,Victoria Landfill,404681,Brazoria West,TX,219.43871110786216
2029,4,p67,Victoria Landfill,402649,Bronson,TX,2540.2181549353063
2029,4,p67,Victoria Landfill,406178,"Cutlass Solar 1, LLC",TX,297.59480530974383
2029,4,p67,Victoria Landfill,404587,Fighting Jays Solar Project,TX,200.60865956920654
2029,4,p67,Victoria Landfill,405564,"Fort Bend Solar, LLC",TX,232.7404335739762
2029,4,p67,Victoria Landfill,404853,"Longbow Solar, LLC",TX,625.8928045310469
2029,4,p67,Victoria Landfill,403514,Wagyu,TX,367.1389154831315
2030,1,p12,Apex Regional Landfill,402144,Battle Mountain Solar Project,NV,1000.8789259118929
2030,1,p12,Apex Regional Landfill,405553,Dodge Flat,NV,1256.7236484440775
2030,1,p12,Apex Regional Landfill,402609,"EGP Stillwater Solar PV II, LLC",NV,2759.038079638379
2030,1,p12,Apex Regional Landfill,404659,Fish Springs,NV,1142.499292947922
2030,1,p12,Apex Regional Landfill,401086,Ft. Churchill PV,NV,6087.58977353281
2030,1,p12,Apex Regional Landfill,402130,Luning Energy,NV,808.8655321246397
2030,1,p12,Apex Regional Landfill,403107,NVSS-II,NV,553.3621321152988
2030,1,p12,Apex Regional Landfill,400468,"Patua Acquisition Project, LLC",NV,5506.870037670854
2030,1,p12,Apex Regional Landfill,405023,Steamboat II,NV,88638.7649331793
2030,1,p12,Apex Regional Landfill,400029,Stillwater Facility,NV,2260.5182541619047
2030,1,p12,Apex Regional Landfill,401318,Sunshine Valley Solar,NV,197.89289533887316
2030,1,p12,Apex Regional Landfill,405026,TS Power Plant,NV,641.1139651558369
2030,1,p12,Apex Regional Landfill,405576,Tesla Reno GigaFactory,NV,9002.03489514203
2030,1,p12,Apex Regional Landfill,401943,Tungsten Mountain,NV,6208.099953370054
2030,1,p12,Apex Regional Landfill,403308,Turquoise Liberty Solar,NV,7007.759051583265
2030,1,p12,Apex Regional Landfill,403884,"Turquoise Nevada, LLC",NV,1836.270819285965
2030,1,p12,Apex Regional Landfill,400035,Western 102 Power Plant,NV,242635.28724235418
2030,1,p13,Apex Regional Landfill,400555,Apex Solar PV Power Project,NV,465.720776600975
2030,1,p13,Apex Regional Landfill,405385,Arrow Canyon Solar Hybrid,NV,260.0641451934407
2030,1,p13,Apex Regional Landfill,402017,"Boulder Solar II, LLC",NV,174.14872021898296
2030,1,p13,Apex Regional Landfill,401649,"Boulder Solar Power, LLC",NV,118.66375976790292
2030,1,p13,Apex Regional Landfill,400059,CM10,NV,928.4172240431891
2030,1,p13,Apex Regional Landfill,400086,CM48,NV,214.49537920098925
2030,1,p13,Apex Regional Landfill,400363,Copper Mountain Solar 2,NV,100.12661310996128
2030,1,p13,Apex Regional Landfill,400802,Copper Mountain Solar 3,NV,91.83509352295889
2030,1,p13,Apex Regional Landfill,401308,"Copper Mountain Solar 4, LLC",NV,124.92583348743378
2030,1,p13,Apex Regional Landfill,403688,"Copper Mountain Solar 5, LLC",NV,86.24493689720765
2030,1,p13,Apex Regional Landfill,405358,Dignity - San Martin,NV,2249.6574392910293
2030,1,p13,Apex Regional Landfill,405355,Dignity - Siena Campus,NV,2214.234773534638
2030,1,p13,Apex Regional Landfill,405556,Dry Lake Solar Energy Center,NV,131.4924071473406
2030,1,p13,Apex Regional Landfill,405495,Gemini Solar,NV,86.44807935245953
2030,1,p13,Apex Regional Landfill,403386,"Harry Allen Solar Energy, LLC",NV,114.4109984883778
2030,1,p13,Apex Regional Landfill,406090,IGS LAS1,NV,3575.296156770422
2030,1,p13,Apex Regional Landfill,406089,IGS VGT,NV,3118.545809857195
2030,1,p13,Apex Regional Landfill,405309,IKEA Las Vegas 462,NV,3811.347521808303
2030,1,p13,Apex Regional Landfill,400545,Las Vegas WPCF Solar Plant,NV,487.9483524758303
2030,1,p13,Apex Regional Landfill,400313,Moapa Southern Paiute,NV,127.65873446252954
2030,1,p13,Apex Regional Landfill,400600,Mountain View Solar,NV,405.6631499699981
2030,1,p13,Apex Regional Landfill,400036,Nellis Air Force Base Solar Array,NV,275.6057958170593
2030,1,p13,Apex Regional Landfill,401381,Nellis Solar PV II,NV,140.76431993723736
2030,1,p13,Apex Regional Landfill,401319,"Playa Solar 1, LLC",NV,138.10647847205144
2030,1,p13,Apex Regional Landfill,401596,Playa Solar 2,NV,106.38665301071799
2030,1,p13,Apex Regional Landfill,401274,River Mountains Solar,NV,322.0727608913867
2030,1,p13,Mohave Valley Landfill,401042,Searchlight Solar,NV,819.0907634674769
2030,1,p13,Apex Regional Landfill,400166,Silver State Solar Power North,NV,301.9229050826271
2030,1,p13,Apex Regional Landfill,400658,Silver State Solar Power South,NV,102.95980492659503
2030,1,p13,Apex Regional Landfill,405246,"Solar Las Vegas MB 2, LLC",NV,1336.258162010699
2030,1,p13,Apex Regional Landfill,405188,Solar Las Vegas MB-1,NV,403.62524069286053
2030,1,p13,Apex Regional Landfill,400556,Spectrum Solar PV Power Project,NV,178.64214792660937
2030,1,p13,Apex Regional Landfill,402485,"Techren Solar I, LLC",NV,124.34073214513367
2030,1,p13,Apex Regional Landfill,402690,"Techren Solar II, LLC",NV,81.59479948686409
2030,1,p13,Apex Regional Landfill,402691,"Techren Solar III, LLC",NV,319.80314824674
2030,1,p13,Apex Regional Landfill,402692,"Techren Solar IV, LLC",NV,363.7338588114065
2030,1,p13,Apex Regional Landfill,403001,Techren Solar V,NV,158.5303326236822
2030,1,p13,Apex Regional Landfill,401851,Townsite Solar Project Hybrid,NV,81.6579451344808
2030,1,p13,Apex Regional Landfill,406448,Yellow Pine II,NV,347.024795048302
2030,1,p13,Apex Regional Landfill,404971,Yellow Pine Solar,NV,235.4068952219152
2030,1,p27,Mohave Valley Landfill,400374,"Black Mountain Solar, LLC",AZ,214.5497544937518
2030,1,p27,Mohave Valley Landfill,402236,Gray Hawk Solar,AZ,110.61502222599016
2030,1,p27,Mohave Valley Landfill,401819,Jacobson 5 MW Solar,AZ,591.3907666050984
2030,1,p27,Mohave Valley Landfill,400199,La Senita,AZ,2111.149980064766
2030,1,p27,Mohave Valley Landfill,403718,Mohave Electric Cooperative at Joy Lane,AZ,59.86114642765509
2030,1,p27,Mohave Valley Landfill,401311,Mohave Electric at Fort Mohave,AZ,99.44828184564821
2030,1,p27,Mohave Valley Landfill,406478,Mohave Energy - Hybrid,AZ,50.265669576768346
2030,1,p28,Apache Junction Landfill,405418,AZ State University - Tempe Campus Solar,AZ,3657.9659902515687
2030,1,p28,South Yuma County Landfill,400148,Agua Caliente Solar Project,AZ,195.4393161356882
2030,1,p28,Apache Junction Landfill,402067,Apache Solar 1,AZ,2175.950113442778
2030,1,p28,South Yuma County Landfill,400274,Arizona Western College PV,AZ,578.6461601259062
2030,1,p28,Apache Junction Landfill,400240,Arlington Valley Solar Energy II,AZ,236.07028904235082
2030,1,p28,Apache Junction Landfill,400437,Badger 1,AZ,1500.7790572230372
2030,1,p28,Apache Junction Landfill,401688,Bonnybrooke PV,AZ,204.10292115058147
2030,1,p28,Apache Junction Landfill,400371,Buckeye Union HS District 201,AZ,4805.779898284482
2030,1,p28,Apache Junction Landfill,405635,"Central Line Solar, LLC",AZ,204.70266495256786
2030,1,p28,Apache Junction Landfill,400201,Chino Solar Valley,AZ,1877.3210703568034
2030,1,p28,Apache Junction Landfill,400202,Cotton Center Solar Hybrid,AZ,1558.9666766568055
2030,1,p28,Apache Junction Landfill,401069,Desert Star Hybrid,AZ,2275.0621371060683
2030,1,p28,Apache Junction Landfill,403257,East Line Solar,AZ,180.60446500916146
2030,1,p28,Apache Junction Landfill,406171,Eleven Mile Solar Center,AZ,132.17620012966665
2030,1,p28,Apache Junction Landfill,405244,Estrella Mountain PV,AZ,7721.451653220053
2030,1,p28,South Yuma County Landfill,400349,Foothills Solar Plant Hybrid,AZ,153.6911633429954
2030,1,p28,Apache Junction Landfill,400825,Fort Huachuca Solar PV Project,AZ,2684.6213186462796
2030,1,p28,Apache Junction Landfill,400845,Gila Bend Hybrid,AZ,723.4251642962624
2030,1,p28,Apache Junction Landfill,400599,"Gilbert Solar Facility I, LLC",AZ,1867.8300604353797
2030,1,p28,South Yuma County Landfill,400507,Hyder II Hybrid,AZ,1513.4685899514234
2030,1,p28,South Yuma County Landfill,400204,Hyder Solar Hybrid,AZ,1664.4727160233017
2030,1,p28,Apache Junction Landfill,405282,Intel - Ocotillo Campus Solar,AZ,1746.6638485990302
2030,1,p28,Apache Junction Landfill,405125,Jewish Community Center PV,AZ,7389.2285453120885
2030,1,p28,Apache Junction Landfill,402234,Kayenta Solar Project,AZ,1339.2036998072374
2030,1,p28,Apache Junction Landfill,400595,Lake Pleasant WTP,AZ,2841.799074275939
2030,1,p28,Apache Junction Landfill,400128,Luke Solar,AZ,1992.6117442840005
2030,1,p28,Apache Junction Landfill,405068,Macys Goodyear,AZ,5401.215670318538
2030,1,p28,South Yuma County Landfill,406279,McFarland A Solar and Storage,AZ,152.2856377992839
2030,1,p28,Apache Junction Landfill,405617,Mesa Carport PV,AZ,351.04775950621234
2030,1,p28,Apache Junction Landfill,404512,Mesa Solar Array,AZ,330.0047580755823
2030,1,p28,Apache Junction Landfill,400250,Mesquite Solar 1,AZ,352.9527943198381
2030,1,p28,Apache Junction Landfill,401621,"Mesquite Solar 2, LLC",AZ,305.6147092342435
2030,1,p28,Apache Junction Landfill,401622,"Mesquite Solar 3, LLC",AZ,276.99103250427197
2030,1,p28,Apache Junction Landfill,406038,"Mesquite Solar 4, LLC",AZ,542.589468681709
2030,1,p28,Apache Junction Landfill,404922,"Mesquite Solar 5, LLC",AZ,430.734817531332
2030,1,p28,Mohave Valley Landfill,403572,OE_AZ1,AZ,1029.5177681027242
2030,1,p28,Apache Junction Landfill,400203,Paloma Solar Hybrid,AZ,1515.976118071992
2030,1,p28,Apache Junction Landfill,405126,Paradise Valley H.S. PV,AZ,8298.59569853802
2030,1,p28,Apache Junction Landfill,405150,Phoenix Airport East Economy Lot,AZ,7005.264631594283
2030,1,p28,Apache Junction Landfill,405151,Phoenix Airport Rental Car Center,AZ,8162.3210018819755
2030,1,p28,Apache Junction Landfill,402528,Pinal Central Energy Center Hybrid,AZ,598.5652511697106
2030,1,p28,Apache Junction Landfill,400125,"Poseidon Solar, LLC",AZ,258.1731761306523
2030,1,p28,Apache Junction Landfill,400031,Prescott Airport,AZ,12862.992481605555
2030,1,p28,Apache Junction Landfill,400401,Prescott Solar Plant,AZ,3769.016199619571
2030,1,p28,Apache Junction Landfill,400323,Queen Creek Solar Farm,AZ,188.74835674511323
2030,1,p28,Mohave Valley Landfill,400289,"RE Bagdad Solar I, LLC",AZ,2057.8808327539214
2030,1,p28,Apache Junction Landfill,405132,"RE Gillespie 1, LLC",AZ,1524.5065456794296
2030,1,p28,Apache Junction Landfill,400758,Red Horse 2,AZ,569.452941012481
2030,1,p28,Apache Junction Landfill,401609,Red Horse III,AZ,1002.3008079432705
2030,1,p28,Apache Junction Landfill,401726,Red Rock,AZ,423.7558835582993
2030,1,p28,Apache Junction Landfill,406380,SR McNeal,AZ,3100.5564004425755
2030,1,p28,Apache Junction Landfill,400416,Saddle Mountain Solar I,AZ,2114.22029871782
2030,1,p28,Apache Junction Landfill,403674,Saint Solar,AZ,178.11556584478143
2030,1,p28,Apache Junction Landfill,401214,Sandstone Solar,AZ,235.80531701756672
2030,1,p28,Apache Junction Landfill,405029,Solana Generating Station,AZ,164.063815939698
2030,1,p28,Apache Junction Landfill,406275,Sonoran Solar Energy,AZ,135.61972471486717
2030,1,p28,Apache Junction Landfill,406034,Storey Solar and Storage,AZ,146.58217018734717
2030,1,p28,Apache Junction Landfill,401664,Sulphur Springs,AZ,1692.0236756963436
2030,1,p28,Apache Junction Landfill,403643,Sun Streams 2,AZ,189.49328999962557
2030,1,p28,Apache Junction Landfill,406517,Sun Streams 3,AZ,145.00950440884233
2030,1,p28,Apache Junction Landfill,401975,"Sun Streams, LLC",AZ,294.32088690411985
2030,1,p28,Apache Junction Landfill,405311,T0588 Phoenix - AZ,AZ,10847.169009543222
2030,1,p28,Apache Junction Landfill,405134,Union HS at Casa Grande,AZ,6560.30412639216
2030,1,p28,Apache Junction Landfill,405135,Vista Grande HS at Casa Grande,AZ,9207.786405671512
2030,1,p28,Apache Junction Landfill,400334,Walmart Casa Grande,AZ,4876.854445702449
2030,1,p28,Apache Junction Landfill,406098,"West Line Solar, LLC",AZ,238.55659645809422
2030,1,p29,Apache Junction Landfill,400014,Springerville,AZ,2277.718472894974
2030,1,p30,Apache Junction Landfill,405143,Actus Lend Lease DMAFB,AZ,4888.987888503285
2030,1,p30,Apache Junction Landfill,405611,Amazon TUS2,AZ,6693.2998195917635
2030,1,p30,Apache Junction Landfill,405268,Amphitheater High School Solar,AZ,12098.624698144877
2030,1,p30,Apache Junction Landfill,400939,Avalon Solar,AZ,664.8968780443986
2030,1,p30,Apache Junction Landfill,401479,Avalon Solar II,AZ,1158.6375965035802
2030,1,p30,Apache Junction Landfill,400226,Avra Valley Solar,AZ,477.0662501367688
2030,1,p30,Apache Junction Landfill,404704,Broadway 2 - Tucson Phase II,AZ,4339.669323176767
2030,1,p30,Apache Junction Landfill,405768,Broadway 3 - Tucson Phase I,AZ,11604.379672749019
2030,1,p30,Apache Junction Landfill,405269,Canyon Del Oro High School Solar,AZ,2841.8874753648843
2030,1,p30,Apache Junction Landfill,400757,Cogenra-TEP,AZ,14209.622387500298
2030,1,p30,Apache Junction Landfill,401295,Davis Monthan AFB (AZ) West Airfield,AZ,1213.4569178031031
2030,1,p30,Apache Junction Landfill,400330,FRB Solar Farm,AZ,7455.273124992242
2030,1,p30,Apache Junction Landfill,400761,"Gato Montes Solar, LLC",AZ,4080.3107080909263
2030,1,p30,Apache Junction Landfill,404536,Iron Horse Battery Storage Hybrid,AZ,8886.506829704995
2030,1,p30,Apache Junction Landfill,400552,"Picture Rocks Solar, LLC",AZ,2638.441335550167
2030,1,p30,Apache Junction Landfill,405374,Pima Community College,AZ,13764.297646632554
2030,1,p30,Apache Junction Landfill,405303,Pima Community College - East Campus,AZ,12695.89247476123
2030,1,p30,Apache Junction Landfill,405516,Pima Community College NW,AZ,12347.107874158299
2030,1,p30,Apache Junction Landfill,400408,Prairie Fire,AZ,3157.589547199029
2030,1,p30,Apache Junction Landfill,400290,"RE Ajo 1, LLC",AZ,3373.6257114074074
2030,1,p30,Apache Junction Landfill,404926,Raptor Ridge,AZ,1852.6309344448666
2030,1,p30,Apache Junction Landfill,400857,Rio Rico Solar,AZ,3642.981037023788
2030,1,p30,Apache Junction Landfill,400193,Roger Road WWTP,AZ,13020.210847322845
2030,1,p30,Apache Junction Landfill,401076,Tech Park Solar,AZ,3131.9873863089438
2030,1,p30,Apache Junction Landfill,400156,UASTP I,AZ,14830.809428914525
2030,1,p30,Apache Junction Landfill,401075,Valencia Solar,AZ,2193.0004466284017
2030,1,p30,Apache Junction Landfill,404187,"Wilmot Energy Center, LLC",AZ,185.897381541483
2030,1,p31,City of Clovis Landfill,400211,Alamogordo Solar Energy Center,NM,17036.48771708386
2030,1,p31,Northeastern New Mexico Regional Landfill,400206,Albuquerque Solar Energy Center,NM,30535.933338530926
2030,1,p31,Northeastern New Mexico Regional Landfill,403675,Alcalde Solar Array,NM,17619.98526922145
2030,1,p31,Apache Junction Landfill,401595,Alta Luna,NM,3753.5277390868014
2030,1,p31,Northeastern New Mexico Regional Landfill,404724,Angel Fire Energy Facility,NM,1620.826700336484
2030,1,p31,Northeastern New Mexico Regional Landfill,405469,Arroyo Solar Energy Storage Hybrid,NM,296.30152057087975
2030,1,p31,Northeastern New Mexico Regional Landfill,403321,Bluewater CDEC 1,NM,52062.62334605273
2030,1,p31,Northeastern New Mexico Regional Landfill,403736,Britton Solar Energy Center,NM,885.6834036442618
2030,1,p31,City of Clovis Landfill,404981,Buena Vista Energy Center,NM,800.968373605469
2030,1,p31,Northeastern New Mexico Regional Landfill,402876,CNMEC Solar Energy Center,NM,33256.49293667969
2030,1,p31,City of Clovis Landfill,402519,Carrizozo Solar,NM,22560.9236286157
2030,1,p31,Northeastern New Mexico Regional Landfill,401202,Cibola,NM,8865.074769385748
2030,1,p31,Northeastern New Mexico Regional Landfill,400104,Cimarron Solar Facility,NM,354.3119544053154
2030,1,p31,Apache Junction Landfill,402988,City of Gallup Solar,NM,13163.311769546264
2030,1,p31,Northeastern New Mexico Regional Landfill,403604,City of Rio Rancho WWTP,NM,62684.45772404911
2030,1,p31,Apache Junction Landfill,401225,City of Truth or Consequences PV,NM,71642.04551821078
2030,1,p31,Apache Junction Landfill,402177,Columbus Solar Project,NM,51400.13186649277
2030,1,p31,Northeastern New Mexico Regional Landfill,404748,"Cuba 2.5ac, LLC",NM,19710.38204639967
2030,1,p31,Apache Junction Landfill,400209,Deming Solar Energy Center,NM,14472.171901117143
2030,1,p31,Northeastern New Mexico Regional Landfill,403868,Encino Solar Energy Center,NM,1074.574605569616
2030,1,p31,Northeastern New Mexico Regional Landfill,401038,Eubank Landfill Solar Array,NM,27419.14612122241
2030,1,p31,Northeastern New Mexico Regional Landfill,402441,Facebook 1 Solar Energy Center,NM,5751.338413476909
2030,1,p31,Northeastern New Mexico Regional Landfill,402442,Facebook 2 Solar Energy Center,NM,5535.999758517309
2030,1,p31,Northeastern New Mexico Regional Landfill,402443,Facebook 3 Solar Energy Center,NM,6152.417494342207
2030,1,p31,Northeastern New Mexico Regional Landfill,403322,Grants CDEC 2,NM,18095.010844876975
2030,1,p31,Apache Junction Landfill,400216,"Hatch Solar Energy Center I, LLC",NM,19640.764756430464
2030,1,p31,City of Clovis Landfill,401617,Holloman Solar Facility,NM,16828.02301551682
2030,1,p31,Northeastern New Mexico Regional Landfill,406109,"Jicarilla Solar 1, LLC",NM,1440.9039358380016
2030,1,p31,Northeastern New Mexico Regional Landfill,400427,Kit Carson,NM,36324.33696543545
2030,1,p31,Northeastern New Mexico Regional Landfill,400210,Las Vegas Solar Energy Center,NM,3407.936346627728
2030,1,p31,Northeastern New Mexico Regional Landfill,400434,Los Alamos PV Site,NM,35983.3465770539
2030,1,p31,Northeastern New Mexico Regional Landfill,400207,Los Lunas Solar Energy Center,NM,9084.211681548702
2030,1,p31,Apache Junction Landfill,400838,Macho Springs,NM,2281.416128514877
2030,1,p31,Northeastern New Mexico Regional Landfill,400582,Manzano Solar,NM,8855.045493368569
2030,1,p31,Northeastern New Mexico Regional Landfill,401201,Meadow Lake Solar Energy Center,NM,8364.563983712584
2030,1,p31,Northeastern New Mexico Regional Landfill,406177,"NMRD Data Center III, LLC",NM,1059.5838279059556
2030,1,p31,City of Clovis Landfill,405693,NMSU Solar and Storage,NM,65253.462775754844
2030,1,p31,Northeastern New Mexico Regional Landfill,406375,OE_ESCL,NM,459.85334683399077
2030,1,p31,City of Clovis Landfill,400581,Otero Solar,NM,10819.316358436761
2030,1,p31,Northeastern New Mexico Regional Landfill,400146,Questa Solar Facility,NM,32416.898972397837
2030,1,p31,Northeastern New Mexico Regional Landfill,403178,"RC Energy AA, LLC Solar Facility",NM,60098.10923522924
2030,1,p31,Northeastern New Mexico Regional Landfill,401566,Rio Communities Solar Energy Center,NM,7427.962908265167
2030,1,p31,Northeastern New Mexico Regional Landfill,403084,Rio De Oro Solar Energy Center,NM,9693.309690493696
2030,1,p31,Northeastern New Mexico Regional Landfill,400624,Rio Rancho High School,NM,54223.35114726549
2030,1,p31,City of Clovis Landfill,400135,Roadrunner Solar,NM,5195.5776486749855
2030,1,p31,Northeastern New Mexico Regional Landfill,404648,"Route 66 Energy Center, LLC",NM,2372.458857903952
2030,1,p31,Northeastern New Mexico Regional Landfill,403387,San Miguel I Solar Energy Center,NM,2413.9537908055872
2030,1,p31,Northeastern New Mexico Regional Landfill,405458,San Miguel II Solar Energy Center,NM,2107.7902653716988
2030,1,p31,Northeastern New Mexico Regional Landfill,401161,Sandoval Solar Energy Center,NM,10567.609803126134
2030,1,p31,Northeastern New Mexico Regional Landfill,401564,Santa Fe Solar Energy Center,NM,3598.8026607804877
2030,1,p31,Northeastern New Mexico Regional Landfill,401565,Santolina Solar Energy Center,NM,7636.46868402341
2030,1,p31,Apache Junction Landfill,400596,Silver City WWTP PV Project,NM,75810.64757305507
2030,1,p31,Northeastern New Mexico Regional Landfill,406343,Sky Ranch Solar,NM,377.1951976094966
2030,1,p31,Northeastern New Mexico Regional Landfill,401563,South Valley Solar Energy Center,NM,6019.644272535354
2030,1,p31,Northeastern New Mexico Regional Landfill,401162,Springer Solar 1,NM,11251.924006467978
2030,1,p31,Northeastern New Mexico Regional Landfill,400735,Storrie Lake Solar Project,NM,27117.98460675809
2030,1,p31,Northeastern New Mexico Regional Landfill,400623,Sue Cleveland High School,NM,52998.96440769016
2030,1,p31,City of Clovis Landfill,400343,"SunE EPE1, LLC",NM,10554.505942389555
2030,1,p31,City of Clovis Landfill,400342,"SunE EPE2, LLC",NM,8466.257422969064
2030,1,p31,Northeastern New Mexico Regional Landfill,402854,Syncarpha Eagle Nest,NM,35062.1974733829
2030,1,p31,Northeastern New Mexico Regional Landfill,403412,Syncarpha El Rito,NM,26024.116692551874
2030,1,p31,Northeastern New Mexico Regional Landfill,403413,Syncarpha Questa,NM,21349.997673717597
2030,1,p31,Northeastern New Mexico Regional Landfill,403411,Syncarpha Taos,NM,8065.879448649861
2030,1,p31,Northeastern New Mexico Regional Landfill,404618,Taos Mesa Energy Facility Hybrid,NM,1707.5866627104765
2030,1,p31,Northeastern New Mexico Regional Landfill,403011,Vista Solar Energy Center,NM,6323.27662831895
2030,1,p31,City of Clovis Landfill,400354,WSMR I,NM,19818.49402360488
2030,1,p31,Apache Junction Landfill,405245,Wal-Mart Truth or Consequences PV,NM,160141.35439484863
2030,1,p47,City of Clovis Landfill,400979,"Caprock Solar 1, LLC",NM,767.4334409111785
2030,1,p47,City of Clovis Landfill,404980,Chaves County Solar II,NM,1140.7319204067635
2030,1,p47,City of Clovis Landfill,401681,"Chaves Solar, LLC",NM,550.6034917151767
2030,1,p47,City of Clovis Landfill,400614,GSE NM1,NM,27733.378243126263
2030,1,p47,City of Clovis Landfill,404982,Hayhurst New Mexico Solar,NM,5861.626932784552
2030,1,p47,City of Clovis Landfill,402530,Middle Daisy,NM,9634.740976550796
2030,1,p47,City of Clovis Landfill,401682,"Roswell Solar, LLC",NM,498.8288079191714
2030,1,p47,City of Clovis Landfill,400546,SEV NM Phase 2,NM,29029.256960239
2030,1,p47,City of Clovis Landfill,400260,SPS1 Dollarhide,NM,7756.007689058526
2030,1,p47,City of Clovis Landfill,400261,SPS2 Jal,NM,5886.9861111550035
2030,1,p47,City of Clovis Landfill,400262,SPS3 Lea,NM,8050.0848325721645
2030,1,p47,City of Clovis Landfill,400264,SPS5 Hopi,NM,7652.921403319149
2030,1,p47,City of Clovis Landfill,404698,SoCore Clovis 1,NM,980.4081175259729
2030,1,p48,City of Clovis Landfill,406439,"BESSP1, LLC",TX,1143.6248145797833
2030,1,p48,City of Clovis Landfill,405590,"Hecate Energy Frye Solar, LLC",TX,134.6139649596055
2030,1,p57,Victoria Landfill,404918,"Hecate Energy Upshur Rural, LLC",TX,8684.496630872152
2030,1,p59,City of Clovis Landfill,402666,Fort Bliss (DEA EPIC),TX,15907.610447437526
2030,1,p59,City of Clovis Landfill,401616,Montana Solar Facility,TX,10362.039434514245
2030,1,p59,City of Clovis Landfill,401045,Newman Solar,TX,3445.7935693001123
2030,1,p60,City of Clovis Landfill,403962,"ANSON Solar Center, LLC",TX,419.29198585167296
2030,1,p60,City of Clovis Landfill,403883,Azure Sky Solar,TX,513.2709885841505
2030,1,p60,City of Clovis Landfill,403232,"ENGIE Long Draw Solar, LLC",TX,227.98657120168326
2030,1,p60,City of Clovis Landfill,406252,Highpeak Solar 1,TX,5628.573588860275
2030,1,p60,City of Clovis Landfill,402721,Holstein 1 Solar Farm,TX,584.9581881346119
2030,1,p60,City of Clovis Landfill,405492,Juno Solar Project,TX,216.3991540550653
2030,1,p60,City of Clovis Landfill,402541,Lamesa II,TX,1370.62938406948
2030,1,p60,City of Clovis Landfill,401660,Lamesa Solar,TX,579.6226579494568
2030,1,p60,City of Clovis Landfill,405932,Lumina II Solar Project,TX,364.4247357053443
2030,1,p60,City of Clovis Landfill,405933,Lumina Solar Project,TX,383.68439540230605
2030,1,p60,City of Clovis Landfill,402909,Misae Solar,TX,283.22276492984236
2030,1,p60,City of Clovis Landfill,400968,"OCI Alamo 7, LLC",TX,915.1495546063821
2030,1,p60,City of Clovis Landfill,405939,Texas Solar Nova 1,TX,260.2995506323244
2030,1,p61,City of Clovis Landfill,400967,Alamo 6,TX,328.9107554254517
2030,1,p61,City of Clovis Landfill,403557,Aragorn Solar Project,TX,371.4609427803609
2030,1,p61,City of Clovis Landfill,400691,Barilla Solar,TX,1478.486622896302
2030,1,p61,City of Clovis Landfill,401946,Bluebell Solar,TX,1907.2806313259644
2030,1,p61,City of Clovis Landfill,403574,Bluebell Solar II,TX,425.68999754573076
2030,1,p61,City of Clovis Landfill,400554,"Bryan Solar, LLC",TX,5454.547289188449
2030,1,p61,City of Clovis Landfill,401463,Buckthorn Westex,TX,336.32635004802086
2030,1,p61,City of Clovis Landfill,401703,East Pecos Solar,TX,383.78448753693453
2030,1,p61,City of Clovis Landfill,405363,Galloway 1 Solar Farm,TX,378.3088234980162
2030,1,p61,City of Clovis Landfill,405494,Galloway 2 Solar Farm,TX,378.37245077586647
2030,1,p61,City of Clovis Landfill,403210,Greasewood,TX,356.09971167818486
2030,1,p61,City of Clovis Landfill,406370,Hayhurst Texas Solar,TX,1218.399160206571
2030,1,p61,City of Clovis Landfill,402304,Midway Solar-TX,TX,442.6201064833067
2030,1,p61,Victoria Landfill,400695,"OCI Alamo 4, LLC",TX,1222.2686288218797
2030,1,p61,City of Clovis Landfill,401868,Pearl Solar,TX,894.8351890524525
2030,1,p61,City of Clovis Landfill,402290,RE Maplewood,TX,327.5414191376145
2030,1,p61,City of Clovis Landfill,401430,RE Roserock,TX,339.3508977638341
2030,1,p61,City of Clovis Landfill,402848,Rambler,TX,470.44736969571056
2030,1,p61,City of Clovis Landfill,402083,Solaire Holman Solar Project,TX,794.8401756980288
2030,1,p61,City of Clovis Landfill,403023,"Taygete Energy Project, LLC",TX,336.2460601182244
2030,1,p61,City of Clovis Landfill,404647,Taygete II Energy Project,TX,419.8952818805043
2030,1,p61,City of Clovis Landfill,403551,Titan Solar Project,TX,390.90091985239013
2030,1,p61,Victoria Landfill,406103,Zier Solar,TX,457.61814453846176
2030,1,p62,City of Clovis Landfill,403502,2W Permian Solar Project Hybrid,TX,321.6011467906846
2030,1,p62,City of Clovis Landfill,403697,CED Crane Solar,TX,375.09124063394745
2030,1,p62,City of Clovis Landfill,401525,Castle Gap Solar Hybrid,TX,503.0616618257049
2030,1,p62,City of Clovis Landfill,404599,Emerald Grove,TX,722.3843513492661
2030,1,p62,City of Clovis Landfill,403004,Lapetus,TX,460.9724215744738
2030,1,p62,City of Clovis Landfill,403280,Oberon IA,TX,426.7035193359638
2030,1,p62,City of Clovis Landfill,403279,Oberon IB,TX,2074.7944118442865
2030,1,p62,City of Clovis Landfill,403602,Oxy Renewable Energy-Goldsmith,TX,2472.9597758396885
2030,1,p62,City of Clovis Landfill,402679,Phoebe Solar,TX,249.6865372976511
2030,1,p62,City of Clovis Landfill,403177,Prospero Solar,TX,205.16614449069775
2030,1,p62,City of Clovis Landfill,404128,Prospero Solar II,TX,274.4856332373825
2030,1,p62,City of Clovis Landfill,403070,"Roadrunner, LLC",TX,327.8384773745732
2030,1,p62,City of Clovis Landfill,401805,Upton County Solar,TX,945.9758778571241
2030,1,p62,City of Clovis Landfill,402995,West of the Pecos Solar,TX,594.933008174445
2030,1,p63,Victoria Landfill,405599,"BPL Crown Solar, LLC",TX,612.8746635152319
2030,1,p63,Victoria Landfill,404966,BPL Files Solar,TX,659.5561105406783
2030,1,p63,Victoria Landfill,403825,Briar Creek Solar 1,TX,779.3932809061304
2030,1,p63,Victoria Landfill,402610,Chisum,TX,9698.769577998226
2030,1,p63,Victoria Landfill,401697,CoServ Community Solar Station,TX,86544.01742416596
2030,1,p63,Victoria Landfill,403188,Coniglio Solar,TX,1274.9631501426352
2030,1,p63,Victoria Landfill,406415,Dileo Solar,TX,980.7395021672265
2030,1,p63,Victoria Landfill,402655,Eddy II,TX,7124.627607225453
2030,1,p63,Victoria Landfill,406221,Eiffel Solar Project,TX,944.8816395951388
2030,1,p63,Victoria Landfill,405540,"Ellis Solar, LLC",TX,1333.1009027824105
2030,1,p63,Victoria Landfill,403823,Elm Branch Solar 1,TX,681.0170494363049
2030,1,p63,Victoria Landfill,406206,Five Wells Solar Center - Hybrid,TX,266.28315138415826
2030,1,p63,Victoria Landfill,404567,G.S.E. One LLC,TX,1902.6233784158296
2030,1,p63,Victoria Landfill,403288,Griffin Solar,TX,11749.398559080506
2030,1,p63,Victoria Landfill,406202,Grizzly Ridge Solar,TX,826.127946907957
2030,1,p63,Victoria Landfill,402329,Highway 56 Solar,TX,35168.456047047366
2030,1,p63,Victoria Landfill,405689,"IP Radian, LLC",TX,403.1302134783072
2030,1,p63,Victoria Landfill,403481,Impact Solar 1,TX,643.2670735881447
2030,1,p63,Victoria Landfill,403190,Kellam Solar,TX,1434.9170158815043
2030,1,p63,Victoria Landfill,402421,Leon Solar,TX,14243.258147006844
2030,1,p63,Victoria Landfill,403874,Lily Solar Hybrid,TX,772.2412169099564
2030,1,p63,Victoria Landfill,402404,Marlin Solar,TX,13257.416074541525
2030,1,p63,Victoria Landfill,405794,Noble Solar,TX,1650.798819772632
2030,1,p63,Victoria Landfill,401933,Phantom Solar,TX,3977.4180290745235
2030,1,p63,Victoria Landfill,404872,"Pisgah Ridge Solar, LLC",TX,362.71641703921466
2030,1,p63,Victoria Landfill,406416,Pitts Dudik Solar,TX,1412.679562718478
2030,1,p63,Victoria Landfill,403189,Rippey Solar,TX,1767.382597620292
2030,1,p63,Victoria Landfill,404630,"Samson Solar Energy III, LLC",TX,593.2097597980493
2030,1,p63,Victoria Landfill,402652,Sterling Solar (TX),TX,17124.550820023847
2030,1,p63,Victoria Landfill,404812,Sun Valley Solar Project,TX,537.391015010743
2030,1,p63,Victoria Landfill,404388,"TPE Erath Solar, LLC",TX,7203.653371082383
2030,1,p63,Victoria Landfill,403457,"TPE Whitney Solar, LLC",TX,9374.888376061845
2030,1,p63,Victoria Landfill,405361,Toyota HQ Plan,TX,35971.54235056254
2030,1,p63,Victoria Landfill,405984,Waco Solar,TX,375.85491926660904
2030,1,p63,Victoria Landfill,402306,Walnut Springs Solar,TX,14611.888864895032
2030,1,p63,Victoria Landfill,402497,West Moore Solar II,TX,31117.59619481853
2030,1,p63,Victoria Landfill,402330,Whitesboro Solar,TX,46579.434779191906
2030,1,p63,Victoria Landfill,402331,Whitesboro Solar II,TX,93238.61901695142
2030,1,p63,Victoria Landfill,402414,Whitewright Solar,TX,30469.828264671367
2030,1,p63,Victoria Landfill,402654,Yellow Jacket,TX,15660.586534190945
2030,1,p64,Victoria Landfill,405731,Austin TX GigaFactory,TX,10912.806100729798
2030,1,p64,Victoria Landfill,402203,Bandera Electric Coop PV,TX,22509.701549225538
2030,1,p64,Victoria Landfill,404721,"Blue Jay Solar I, LLC",TX,343.5894159786529
2030,1,p64,Victoria Landfill,402648,Bovine,TX,1545.5559603832303
2030,1,p64,Victoria Landfill,402389,"E-Volve Energy Holdings, LLC",TX,10797.08929654816
2030,1,p64,Victoria Landfill,400227,East Blackland Solar Project 1,TX,255.17518940805616
2030,1,p64,Victoria Landfill,405101,IKEA Round Rock 027,TX,19812.94580455799
2030,1,p64,Victoria Landfill,402653,Lampwick,TX,5925.921027677733
2030,1,p64,Victoria Landfill,405613,Niagara Bottling - Seguin,TX,4207.4210208701315
2030,1,p64,Victoria Landfill,402544,PowerFin Kingsbery,TX,8320.705920038428
2030,1,p64,Victoria Landfill,400249,Webberville Solar Project,TX,1196.310662262168
2030,1,p65,Victoria Landfill,405700,Aktina Solar,TX,157.5410307153694
2030,1,p65,Victoria Landfill,404074,"Alexis Solar, LLC",TX,14199.52892309383
2030,1,p65,Victoria Landfill,405727,Bernard Creek Solar,TX,407.4111884649779
2030,1,p65,Victoria Landfill,400081,Blue Wing Solar Energy Generation,TX,6534.71710155953
2030,1,p65,Victoria Landfill,405477,Brightside,TX,1394.110321429089
2030,1,p65,Victoria Landfill,401728,CPS 1 Community Solar,TX,119284.32085122116
2030,1,p65,Victoria Landfill,402656,Cascade Solar (TX),TX,6451.249555129622
2030,1,p65,Victoria Landfill,403987,Catan Solar,TX,4525.213412864642
2030,1,p65,Victoria Landfill,403091,Commerce Solar,TX,20834.848199881508
2030,1,p65,Victoria Landfill,404247,"Corazon Energy, LLC",TX,855.3643641054234
2030,1,p65,Victoria Landfill,404062,Elara Solar,TX,1116.7847104250563
2030,1,p65,Victoria Landfill,404359,FELPS 1-Calaveras,TX,80378.68790412832
2030,1,p65,Victoria Landfill,404361,FELPS 2-Calaveras,TX,89368.69274290052
2030,1,p65,Victoria Landfill,404362,FELPS 3-Floresville South,TX,70931.82154385292
2030,1,p65,Victoria Landfill,404363,FELPS 4-Floresville South,TX,70942.41686808423
2030,1,p65,Victoria Landfill,404364,FELPS 5-Floresville South,TX,70961.12330065719
2030,1,p65,Victoria Landfill,404739,FELPS 6- Floresville West,TX,107737.9346932631
2030,1,p65,Victoria Landfill,404740,FELPS 7- Floresville West,TX,94263.71990312843
2030,1,p65,Victoria Landfill,406516,Ganado Solar,TX,305.36493683823085
2030,1,p65,Victoria Landfill,405801,Horizon Solar,TX,1273.3738328097152
2030,1,p65,Victoria Landfill,405380,IKEA Live Oak Rooftop PV System,TX,93234.07909862051
2030,1,p65,Victoria Landfill,403343,Mars Solar,TX,14752.81042186244
2030,1,p65,Victoria Landfill,404877,Nebula Solar,TX,1852.5373374464873
2030,1,p65,Victoria Landfill,400694,"OCI Alamo 2, LLC",TX,29777.32009505194
2030,1,p65,Victoria Landfill,400965,"OCI Alamo 3, LLC",TX,23514.833809863827
2030,1,p65,Victoria Landfill,400966,"OCI Alamo 5, LLC",TX,3347.953495434361
2030,1,p65,Victoria Landfill,400593,OCI Alamo Solar I Hybrid,TX,2864.178745899397
2030,1,p65,Victoria Landfill,405809,Shakes Solar,TX,1027.5486417274192
2030,1,p65,Victoria Landfill,405545,Sparta Solar,TX,318.5617535863743
2030,1,p65,Victoria Landfill,400379,"SunE CPS1, LLC",TX,12934.575205866422
2030,1,p65,Victoria Landfill,400364,"SunE CPS2, LLC",TX,9111.048596746343
2030,1,p65,Victoria Landfill,400353,"SunE CPS3, LLC",TX,16079.040116527156
2030,1,p65,Victoria Landfill,406032,Tres Bahias,TX,202.26678326086406
2030,1,p65,Victoria Landfill,404878,Vancourt Solar Interconnections,TX,3800.491270249971
2030,1,p66,Victoria Landfill,406386,Umbriel Solar,TX,914.4616836599298
2030,1,p67,Victoria Landfill,404939,Brazoria County Solar Project (Danciger),TX,205.6055954445993
2030,1,p67,Victoria Landfill,404681,Brazoria West,TX,242.28671358041393
2030,1,p67,Victoria Landfill,402649,Bronson,TX,2540.2181549353063
2030,1,p67,Victoria Landfill,406178,"Cutlass Solar 1, LLC",TX,297.59480530974383
2030,1,p67,Victoria Landfill,404587,Fighting Jays Solar Project,TX,247.64398149227534
2030,1,p67,Victoria Landfill,405564,"Fort Bend Solar, LLC",TX,174.99452031598412
2030,1,p67,Victoria Landfill,404853,"Longbow Solar, LLC",TX,625.8928045310469
2030,1,p67,Victoria Landfill,403514,Wagyu,TX,367.1389154831315
2030,2,p12,Apex Regional Landfill,402144,Battle Mountain Solar Project,NV,700.749956993668
2030,2,p12,Apex Regional Landfill,405553,Dodge Flat,NV,1536.8922154494553
2030,2,p12,Apex Regional Landfill,402609,"EGP Stillwater Solar PV II, LLC",NV,1957.195380701187
2030,2,p12,Apex Regional Landfill,404659,Fish Springs,NV,722.8803537509839
2030,2,p12,Apex Regional Landfill,401086,Ft. Churchill PV,NV,3769.295325207285
2030,2,p12,Apex Regional Landfill,402130,Luning Energy,NV,517.3458164263802
2030,2,p12,Apex Regional Landfill,403107,NVSS-II,NV,359.9433611826528
2030,2,p12,Apex Regional Landfill,400468,"Patua Acquisition Project, LLC",NV,3411.543873642183
2030,2,p12,Apex Regional Landfill,405023,Steamboat II,NV,27337.208432414776
2030,2,p12,Apex Regional Landfill,400029,Stillwater Facility,NV,1411.6341217935574
2030,2,p12,Apex Regional Landfill,401318,Sunshine Valley Solar,NV,232.31027861236424
2030,2,p12,Apex Regional Landfill,405026,TS Power Plant,NV,697.424013335564
2030,2,p12,Apex Regional Landfill,405576,Tesla Reno GigaFactory,NV,7403.111371629932
2030,2,p12,Apex Regional Landfill,401943,Tungsten Mountain,NV,3843.5354260730737
2030,2,p12,Apex Regional Landfill,403308,Turquoise Liberty Solar,NV,5050.5908112386505
2030,2,p12,Apex Regional Landfill,403884,"Turquoise Nevada, LLC",NV,1150.277177510683
2030,2,p12,Apex Regional Landfill,400035,Western 102 Power Plant,NV,298938.6375659741
2030,2,p13,Apex Regional Landfill,400555,Apex Solar PV Power Project,NV,247.3118526721933
2030,2,p13,Apex Regional Landfill,405385,Arrow Canyon Solar Hybrid,NV,182.93075032051388
2030,2,p13,Apex Regional Landfill,402017,"Boulder Solar II, LLC",NV,137.26980526587633
2030,2,p13,Apex Regional Landfill,401649,"Boulder Solar Power, LLC",NV,93.35342699081498
2030,2,p13,Apex Regional Landfill,400059,CM10,NV,606.3332726145649
2030,2,p13,Apex Regional Landfill,400086,CM48,NV,167.12024549173213
2030,2,p13,Apex Regional Landfill,400363,Copper Mountain Solar 2,NV,113.61629219070358
2030,2,p13,Apex Regional Landfill,400802,Copper Mountain Solar 3,NV,76.35743293114187
2030,2,p13,Apex Regional Landfill,401308,"Copper Mountain Solar 4, LLC",NV,97.32045862655421
2030,2,p13,Apex Regional Landfill,403688,"Copper Mountain Solar 5, LLC",NV,96.02817325134119
2030,2,p13,Apex Regional Landfill,405358,Dignity - San Martin,NV,1443.3406230632816
2030,2,p13,Apex Regional Landfill,405355,Dignity - Siena Campus,NV,1592.312365602003
2030,2,p13,Apex Regional Landfill,405556,Dry Lake Solar Energy Center,NV,92.83431780028413
2030,2,p13,Apex Regional Landfill,405495,Gemini Solar,NV,96.28555525693224
2030,2,p13,Apex Regional Landfill,403386,"Harry Allen Solar Energy, LLC",NV,86.55376259856301
2030,2,p13,Apex Regional Landfill,406090,IGS LAS1,NV,4516.664910497696
2030,2,p13,Apex Regional Landfill,406089,IGS VGT,NV,1604.9467953997714
2030,2,p13,Apex Regional Landfill,405309,IKEA Las Vegas 462,NV,2167.887789192298
2030,2,p13,Apex Regional Landfill,400545,Las Vegas WPCF Solar Plant,NV,327.295684376627
2030,2,p13,Apex Regional Landfill,400313,Moapa Southern Paiute,NV,99.05175485702394
2030,2,p13,Apex Regional Landfill,400600,Mountain View Solar,NV,225.0425811447636
2030,2,p13,Apex Regional Landfill,400036,Nellis Air Force Base Solar Array,NV,164.14191454621076
2030,2,p13,Apex Regional Landfill,401381,Nellis Solar PV II,NV,107.35415986080045
2030,2,p13,Apex Regional Landfill,401319,"Playa Solar 1, LLC",NV,105.67041392496336
2030,2,p13,Apex Regional Landfill,401596,Playa Solar 2,NV,85.57586430432065
2030,2,p13,Apex Regional Landfill,401274,River Mountains Solar,NV,243.7894540504493
2030,2,p13,Mohave Valley Landfill,401042,Searchlight Solar,NV,434.93236966019776
2030,2,p13,Apex Regional Landfill,400166,Silver State Solar Power North,NV,232.28323885466168
2030,2,p13,Apex Regional Landfill,400658,Silver State Solar Power South,NV,103.68555272161642
2030,2,p13,Apex Regional Landfill,405246,"Solar Las Vegas MB 2, LLC",NV,981.1434626576956
2030,2,p13,Apex Regional Landfill,405188,Solar Las Vegas MB-1,NV,386.0133543296461
2030,2,p13,Apex Regional Landfill,400556,Spectrum Solar PV Power Project,NV,131.34981188550768
2030,2,p13,Apex Regional Landfill,402485,"Techren Solar I, LLC",NV,96.94979618484915
2030,2,p13,Apex Regional Landfill,402690,"Techren Solar II, LLC",NV,90.13643736843966
2030,2,p13,Apex Regional Landfill,402691,"Techren Solar III, LLC",NV,220.77548444761612
2030,2,p13,Apex Regional Landfill,402692,"Techren Solar IV, LLC",NV,204.38304630799115
2030,2,p13,Apex Regional Landfill,403001,Techren Solar V,NV,126.27617378694248
2030,2,p13,Apex Regional Landfill,401851,Townsite Solar Project Hybrid,NV,94.72894229332063
2030,2,p13,Apex Regional Landfill,406448,Yellow Pine II,NV,175.21493812522414
2030,2,p13,Apex Regional Landfill,404971,Yellow Pine Solar,NV,167.31035122136382
2030,2,p27,Mohave Valley Landfill,400374,"Black Mountain Solar, LLC",AZ,157.3941463502835
2030,2,p27,Mohave Valley Landfill,402236,Gray Hawk Solar,AZ,134.87559153108307
2030,2,p27,Mohave Valley Landfill,401819,Jacobson 5 MW Solar,AZ,410.71328734413606
2030,2,p27,Mohave Valley Landfill,400199,La Senita,AZ,1432.3220987474533
2030,2,p27,Mohave Valley Landfill,403718,Mohave Electric Cooperative at Joy Lane,AZ,52.086694586002764
2030,2,p27,Mohave Valley Landfill,401311,Mohave Electric at Fort Mohave,AZ,85.71259056567243
2030,2,p27,Mohave Valley Landfill,406478,Mohave Energy - Hybrid,AZ,46.959501678872705
2030,2,p28,Apache Junction Landfill,405418,AZ State University - Tempe Campus Solar,AZ,2363.6581220623607
2030,2,p28,South Yuma County Landfill,400148,Agua Caliente Solar Project,AZ,153.01612667806867
2030,2,p28,Apache Junction Landfill,402067,Apache Solar 1,AZ,1139.459273856796
2030,2,p28,South Yuma County Landfill,400274,Arizona Western College PV,AZ,384.3137772233047
2030,2,p28,Apache Junction Landfill,400240,Arlington Valley Solar Energy II,AZ,168.06155476557868
2030,2,p28,Apache Junction Landfill,400437,Badger 1,AZ,886.2145517628512
2030,2,p28,Apache Junction Landfill,401688,Bonnybrooke PV,AZ,162.01503134105857
2030,2,p28,Apache Junction Landfill,400371,Buckeye Union HS District 201,AZ,3439.4468287372606
2030,2,p28,Apache Junction Landfill,405635,"Central Line Solar, LLC",AZ,147.93509452558774
2030,2,p28,Apache Junction Landfill,400201,Chino Solar Valley,AZ,1388.974703661255
2030,2,p28,Apache Junction Landfill,400202,Cotton Center Solar Hybrid,AZ,725.7007239484376
2030,2,p28,Apache Junction Landfill,401069,Desert Star Hybrid,AZ,3383.071552208136
2030,2,p28,Apache Junction Landfill,403257,East Line Solar,AZ,132.47292685780133
2030,2,p28,Apache Junction Landfill,406171,Eleven Mile Solar Center,AZ,101.39981960558907
2030,2,p28,Apache Junction Landfill,405244,Estrella Mountain PV,AZ,4970.919111846634
2030,2,p28,South Yuma County Landfill,400349,Foothills Solar Plant Hybrid,AZ,94.9218761700315
2030,2,p28,Apache Junction Landfill,400825,Fort Huachuca Solar PV Project,AZ,1739.1293794072312
2030,2,p28,Apache Junction Landfill,400845,Gila Bend Hybrid,AZ,432.48977111461346
2030,2,p28,Apache Junction Landfill,400599,"Gilbert Solar Facility I, LLC",AZ,1215.0502608963584
2030,2,p28,South Yuma County Landfill,400507,Hyder II Hybrid,AZ,984.1254305216916
2030,2,p28,South Yuma County Landfill,400204,Hyder Solar Hybrid,AZ,1081.0144563134204
2030,2,p28,Apache Junction Landfill,405282,Intel - Ocotillo Campus Solar,AZ,1293.164637251064
2030,2,p28,Apache Junction Landfill,405125,Jewish Community Center PV,AZ,5346.68640674257
2030,2,p28,Apache Junction Landfill,402234,Kayenta Solar Project,AZ,792.9098756504652
2030,2,p28,Apache Junction Landfill,400595,Lake Pleasant WTP,AZ,1481.2430850294863
2030,2,p28,Apache Junction Landfill,400128,Luke Solar,AZ,982.9098584641536
2030,2,p28,Apache Junction Landfill,405068,Macys Goodyear,AZ,3482.1822816805848
2030,2,p28,South Yuma County Landfill,406279,McFarland A Solar and Storage,AZ,185.11851796136582
2030,2,p28,Apache Junction Landfill,405617,Mesa Carport PV,AZ,220.10832512073839
2030,2,p28,Apache Junction Landfill,404512,Mesa Solar Array,AZ,248.55908960018033
2030,2,p28,Apache Junction Landfill,400250,Mesquite Solar 1,AZ,243.05706888180768
2030,2,p28,Apache Junction Landfill,401621,"Mesquite Solar 2, LLC",AZ,212.68345548394572
2030,2,p28,Apache Junction Landfill,401622,"Mesquite Solar 3, LLC",AZ,173.1718017444277
2030,2,p28,Apache Junction Landfill,406038,"Mesquite Solar 4, LLC",AZ,364.7339601778713
2030,2,p28,Apache Junction Landfill,404922,"Mesquite Solar 5, LLC",AZ,292.9644763753224
2030,2,p28,Mohave Valley Landfill,403572,OE_AZ1,AZ,674.9701325932714
2030,2,p28,Apache Junction Landfill,400203,Paloma Solar Hybrid,AZ,706.391851975764
2030,2,p28,Apache Junction Landfill,405126,Paradise Valley H.S. PV,AZ,4282.2457999708495
2030,2,p28,Apache Junction Landfill,405150,Phoenix Airport East Economy Lot,AZ,5069.52758452742
2030,2,p28,Apache Junction Landfill,405151,Phoenix Airport Rental Car Center,AZ,3951.920382896791
2030,2,p28,Apache Junction Landfill,402528,Pinal Central Energy Center Hybrid,AZ,361.2772631713945
2030,2,p28,Apache Junction Landfill,400125,"Poseidon Solar, LLC",AZ,182.2434665641394
2030,2,p28,Apache Junction Landfill,400031,Prescott Airport,AZ,6442.428323849986
2030,2,p28,Apache Junction Landfill,400401,Prescott Solar Plant,AZ,2434.911450560893
2030,2,p28,Apache Junction Landfill,400323,Queen Creek Solar Farm,AZ,137.69830550787938
2030,2,p28,Mohave Valley Landfill,400289,"RE Bagdad Solar I, LLC",AZ,946.414051943094
2030,2,p28,Apache Junction Landfill,405132,"RE Gillespie 1, LLC",AZ,994.7630294053301
2030,2,p28,Apache Junction Landfill,400758,Red Horse 2,AZ,419.26745790671265
2030,2,p28,Apache Junction Landfill,401609,Red Horse III,AZ,659.6993029477907
2030,2,p28,Apache Junction Landfill,401726,Red Rock,AZ,288.4865714908554
2030,2,p28,Apache Junction Landfill,406380,SR McNeal,AZ,1418.0936490658132
2030,2,p28,Apache Junction Landfill,400416,Saddle Mountain Solar I,AZ,1225.714810899811
2030,2,p28,Apache Junction Landfill,403674,Saint Solar,AZ,130.87597039307636
2030,2,p28,Apache Junction Landfill,401214,Sandstone Solar,AZ,152.69222528829098
2030,2,p28,Apache Junction Landfill,405029,Solana Generating Station,AZ,222.61046030616194
2030,2,p28,Apache Junction Landfill,406275,Sonoran Solar Energy,AZ,132.26543092394644
2030,2,p28,Apache Junction Landfill,406034,Storey Solar and Storage,AZ,102.59988013577991
2030,2,p28,Apache Junction Landfill,401664,Sulphur Springs,AZ,1102.2473210798462
2030,2,p28,Apache Junction Landfill,403643,Sun Streams 2,AZ,211.67968486310568
2030,2,p28,Apache Junction Landfill,406517,Sun Streams 3,AZ,172.97112747837997
2030,2,p28,Apache Junction Landfill,401975,"Sun Streams, LLC",AZ,159.96842120395937
2030,2,p28,Apache Junction Landfill,405311,T0588 Phoenix - AZ,AZ,7966.504174906385
2030,2,p28,Apache Junction Landfill,405134,Union HS at Casa Grande,AZ,4822.9748420413025
2030,2,p28,Apache Junction Landfill,405135,Vista Grande HS at Casa Grande,AZ,4618.309300788196
2030,2,p28,Apache Junction Landfill,400334,Walmart Casa Grande,AZ,3145.7355266308073
2030,2,p28,Apache Junction Landfill,406098,"West Line Solar, LLC",AZ,169.65684828236286
2030,2,p29,Apache Junction Landfill,400014,Springerville,AZ,475.99044328476685
2030,2,p30,Apache Junction Landfill,405143,Actus Lend Lease DMAFB,AZ,3698.171598705284
2030,2,p30,Apache Junction Landfill,405611,Amazon TUS2,AZ,4501.858553873566
2030,2,p30,Apache Junction Landfill,405268,Amphitheater High School Solar,AZ,8125.109262967625
2030,2,p30,Apache Junction Landfill,400939,Avalon Solar,AZ,460.95153654865373
2030,2,p30,Apache Junction Landfill,401479,Avalon Solar II,AZ,642.7886460351792
2030,2,p30,Apache Junction Landfill,400226,Avra Valley Solar,AZ,417.5463920160903
2030,2,p30,Apache Junction Landfill,404704,Broadway 2 - Tucson Phase II,AZ,5226.510284609033
2030,2,p30,Apache Junction Landfill,405768,Broadway 3 - Tucson Phase I,AZ,7793.811204300131
2030,2,p30,Apache Junction Landfill,405269,Canyon Del Oro High School Solar,AZ,1920.2130800553477
2030,2,p30,Apache Junction Landfill,400757,Cogenra-TEP,AZ,9540.135010115748
2030,2,p30,Apache Junction Landfill,401295,Davis Monthan AFB (AZ) West Airfield,AZ,926.4526350927205
2030,2,p30,Apache Junction Landfill,400330,FRB Solar Farm,AZ,5012.6179219288015
2030,2,p30,Apache Junction Landfill,400761,"Gato Montes Solar, LLC",AZ,2750.3422502624667
2030,2,p30,Apache Junction Landfill,404536,Iron Horse Battery Storage Hybrid,AZ,5313.579796185973
2030,2,p30,Apache Junction Landfill,400552,"Picture Rocks Solar, LLC",AZ,1204.6595532933193
2030,2,p30,Apache Junction Landfill,405374,Pima Community College,AZ,11868.86641832195
2030,2,p30,Apache Junction Landfill,405303,Pima Community College - East Campus,AZ,8525.46464285064
2030,2,p30,Apache Junction Landfill,405516,Pima Community College NW,AZ,6459.365173635562
2030,2,p30,Apache Junction Landfill,400408,Prairie Fire,AZ,2131.831767430476
2030,2,p30,Apache Junction Landfill,400290,"RE Ajo 1, LLC",AZ,2276.6432640092885
2030,2,p30,Apache Junction Landfill,404926,Raptor Ridge,AZ,1084.1308677210607
2030,2,p30,Apache Junction Landfill,400857,Rio Rico Solar,AZ,2758.5574731360994
2030,2,p30,Apache Junction Landfill,400193,Roger Road WWTP,AZ,8742.858934545951
2030,2,p30,Apache Junction Landfill,401076,Tech Park Solar,AZ,2705.634155952307
2030,2,p30,Apache Junction Landfill,400156,UASTP I,AZ,13259.932653448044
2030,2,p30,Apache Junction Landfill,401075,Valencia Solar,AZ,1165.4879045551434
2030,2,p30,Apache Junction Landfill,404187,"Wilmot Energy Center, LLC",AZ,233.4484383918428
2030,2,p31,City of Clovis Landfill,400211,Alamogordo Solar Energy Center,NM,9180.013743240048
2030,2,p31,Northeastern New Mexico Regional Landfill,400206,Albuquerque Solar Energy Center,NM,18801.531485877673
2030,2,p31,Northeastern New Mexico Regional Landfill,403675,Alcalde Solar Array,NM,9502.050652733447
2030,2,p31,Apache Junction Landfill,401595,Alta Luna,NM,2042.1708329881003
2030,2,p31,Northeastern New Mexico Regional Landfill,404724,Angel Fire Energy Facility,NM,888.5318196386638
2030,2,p31,Northeastern New Mexico Regional Landfill,405469,Arroyo Solar Energy Storage Hybrid,NM,316.394534875098
2030,2,p31,Northeastern New Mexico Regional Landfill,403321,Bluewater CDEC 1,NM,24043.537584592104
2030,2,p31,Northeastern New Mexico Regional Landfill,403736,Britton Solar Energy Center,NM,492.7503412678829
2030,2,p31,City of Clovis Landfill,404981,Buena Vista Energy Center,NM,486.11805699053053
2030,2,p31,Northeastern New Mexico Regional Landfill,402876,CNMEC Solar Energy Center,NM,15684.59836195364
2030,2,p31,City of Clovis Landfill,402519,Carrizozo Solar,NM,18222.641590298703
2030,2,p31,Northeastern New Mexico Regional Landfill,401202,Cibola,NM,8591.960996794262
2030,2,p31,Northeastern New Mexico Regional Landfill,400104,Cimarron Solar Facility,NM,206.67417259425005
2030,2,p31,Apache Junction Landfill,402988,City of Gallup Solar,NM,8116.98242280637
2030,2,p31,Northeastern New Mexico Regional Landfill,403604,City of Rio Rancho WWTP,NM,29547.42351280512
2030,2,p31,Apache Junction Landfill,401225,City of Truth or Consequences PV,NM,33773.37771166328
2030,2,p31,Apache Junction Landfill,402177,Columbus Solar Project,NM,27693.82746339211
2030,2,p31,Northeastern New Mexico Regional Landfill,404748,"Cuba 2.5ac, LLC",NM,10627.464338168287
2030,2,p31,Apache Junction Landfill,400209,Deming Solar Energy Center,NM,5482.850517870731
2030,2,p31,Northeastern New Mexico Regional Landfill,403868,Encino Solar Energy Center,NM,754.4308895420297
2030,2,p31,Northeastern New Mexico Regional Landfill,401038,Eubank Landfill Solar Array,NM,16620.55229665235
2030,2,p31,Northeastern New Mexico Regional Landfill,402441,Facebook 1 Solar Energy Center,NM,3112.2887927488578
2030,2,p31,Northeastern New Mexico Regional Landfill,402442,Facebook 2 Solar Energy Center,NM,2996.356223420177
2030,2,p31,Northeastern New Mexico Regional Landfill,402443,Facebook 3 Solar Energy Center,NM,2998.8462612338317
2030,2,p31,Northeastern New Mexico Regional Landfill,403322,Grants CDEC 2,NM,9757.791710895592
2030,2,p31,Apache Junction Landfill,400216,"Hatch Solar Energy Center I, LLC",NM,13232.718367217649
2030,2,p31,City of Clovis Landfill,401617,Holloman Solar Facility,NM,10199.081738690888
2030,2,p31,Northeastern New Mexico Regional Landfill,406109,"Jicarilla Solar 1, LLC",NM,707.5356693209596
2030,2,p31,Northeastern New Mexico Regional Landfill,400427,Kit Carson,NM,14687.602625566604
2030,2,p31,Northeastern New Mexico Regional Landfill,400210,Las Vegas Solar Energy Center,NM,2304.7069673034175
2030,2,p31,Northeastern New Mexico Regional Landfill,400434,Los Alamos PV Site,NM,21538.826495547008
2030,2,p31,Northeastern New Mexico Regional Landfill,400207,Los Lunas Solar Energy Center,NM,4906.618571983948
2030,2,p31,Apache Junction Landfill,400838,Macho Springs,NM,1115.9221896271922
2030,2,p31,Northeastern New Mexico Regional Landfill,400582,Manzano Solar,NM,3833.491559017308
2030,2,p31,Northeastern New Mexico Regional Landfill,401201,Meadow Lake Solar Energy Center,NM,3522.582125045082
2030,2,p31,Northeastern New Mexico Regional Landfill,406177,"NMRD Data Center III, LLC",NM,586.3736760834003
2030,2,p31,City of Clovis Landfill,405693,NMSU Solar and Storage,NM,21968.233048142047
2030,2,p31,Northeastern New Mexico Regional Landfill,406375,OE_ESCL,NM,292.12027822986806
2030,2,p31,City of Clovis Landfill,400581,Otero Solar,NM,5832.855056380652
2030,2,p31,Northeastern New Mexico Regional Landfill,400146,Questa Solar Facility,NM,15531.221717697315
2030,2,p31,Northeastern New Mexico Regional Landfill,403178,"RC Energy AA, LLC Solar Facility",NM,36990.65652996825
2030,2,p31,Northeastern New Mexico Regional Landfill,401566,Rio Communities Solar Energy Center,NM,4583.5738788331055
2030,2,p31,Northeastern New Mexico Regional Landfill,403084,Rio De Oro Solar Energy Center,NM,3934.528300294832
2030,2,p31,Northeastern New Mexico Regional Landfill,400624,Rio Rancho High School,NM,32855.05233485045
2030,2,p31,City of Clovis Landfill,400135,Roadrunner Solar,NM,3114.9403160505644
2030,2,p31,Northeastern New Mexico Regional Landfill,404648,"Route 66 Energy Center, LLC",NM,1113.3762909512238
2030,2,p31,Northeastern New Mexico Regional Landfill,403387,San Miguel I Solar Energy Center,NM,1315.5302209220517
2030,2,p31,Northeastern New Mexico Regional Landfill,405458,San Miguel II Solar Energy Center,NM,927.4582334360521
2030,2,p31,Northeastern New Mexico Regional Landfill,401161,Sandoval Solar Energy Center,NM,5075.157186333542
2030,2,p31,Northeastern New Mexico Regional Landfill,401564,Santa Fe Solar Energy Center,NM,2775.819659679004
2030,2,p31,Northeastern New Mexico Regional Landfill,401565,Santolina Solar Energy Center,NM,4809.309351329266
2030,2,p31,Apache Junction Landfill,400596,Silver City WWTP PV Project,NM,58317.009691379564
2030,2,p31,Northeastern New Mexico Regional Landfill,406343,Sky Ranch Solar,NM,403.4965168512631
2030,2,p31,Northeastern New Mexico Regional Landfill,401563,South Valley Solar Energy Center,NM,3659.5182632838855
2030,2,p31,Northeastern New Mexico Regional Landfill,401162,Springer Solar 1,NM,6073.656879344453
2030,2,p31,Northeastern New Mexico Regional Landfill,400735,Storrie Lake Solar Project,NM,7325.0053038868045
2030,2,p31,Northeastern New Mexico Regional Landfill,400623,Sue Cleveland High School,NM,28549.146272969294
2030,2,p31,City of Clovis Landfill,400343,"SunE EPE1, LLC",NM,12781.419197325384
2030,2,p31,City of Clovis Landfill,400342,"SunE EPE2, LLC",NM,4566.03109380988
2030,2,p31,Northeastern New Mexico Regional Landfill,402854,Syncarpha Eagle Nest,NM,9463.48111329169
2030,2,p31,Northeastern New Mexico Regional Landfill,403412,Syncarpha El Rito,NM,22421.881416010885
2030,2,p31,Northeastern New Mexico Regional Landfill,403413,Syncarpha Questa,NM,13149.574977733026
2030,2,p31,Northeastern New Mexico Regional Landfill,403411,Syncarpha Taos,NM,4358.375748546958
2030,2,p31,Northeastern New Mexico Regional Landfill,404618,Taos Mesa Energy Facility Hybrid,NM,935.2410616684501
2030,2,p31,Northeastern New Mexico Regional Landfill,403011,Vista Solar Energy Center,NM,3843.419240267818
2030,2,p31,City of Clovis Landfill,400354,WSMR I,NM,13342.86850742034
2030,2,p31,Apache Junction Landfill,405245,Wal-Mart Truth or Consequences PV,NM,51760.833850661125
2030,2,p47,City of Clovis Landfill,400979,"Caprock Solar 1, LLC",NM,616.2392303108273
2030,2,p47,City of Clovis Landfill,404980,Chaves County Solar II,NM,615.3202333904411
2030,2,p47,City of Clovis Landfill,401681,"Chaves Solar, LLC",NM,336.68406506412254
2030,2,p47,City of Clovis Landfill,400614,GSE NM1,NM,13130.886693865557
2030,2,p47,City of Clovis Landfill,404982,Hayhurst New Mexico Solar,NM,1961.6199637465625
2030,2,p47,City of Clovis Landfill,402530,Middle Daisy,NM,3600.777592601154
2030,2,p47,City of Clovis Landfill,401682,"Roswell Solar, LLC",NM,302.1213388247032
2030,2,p47,City of Clovis Landfill,400546,SEV NM Phase 2,NM,23181.07717859098
2030,2,p47,City of Clovis Landfill,400260,SPS1 Dollarhide,NM,3221.144137538782
2030,2,p47,City of Clovis Landfill,400261,SPS2 Jal,NM,4034.3105619143607
2030,2,p47,City of Clovis Landfill,400262,SPS3 Lea,NM,2392.7459403350995
2030,2,p47,City of Clovis Landfill,400264,SPS5 Hopi,NM,3178.4668113422204
2030,2,p47,City of Clovis Landfill,404698,SoCore Clovis 1,NM,529.9829554948616
2030,2,p48,City of Clovis Landfill,406439,"BESSP1, LLC",TX,458.04567765060307
2030,2,p48,City of Clovis Landfill,405590,"Hecate Energy Frye Solar, LLC",TX,134.1397658923701
2030,2,p57,Victoria Landfill,404918,"Hecate Energy Upshur Rural, LLC",TX,7871.362994440961
2030,2,p59,City of Clovis Landfill,402666,Fort Bliss (DEA EPIC),TX,8687.88358760986
2030,2,p59,City of Clovis Landfill,401616,Montana Solar Facility,TX,5661.943537030429
2030,2,p59,City of Clovis Landfill,401045,Newman Solar,TX,1654.256004818662
2030,2,p60,City of Clovis Landfill,403962,"ANSON Solar Center, LLC",TX,447.40521527539903
2030,2,p60,City of Clovis Landfill,403883,Azure Sky Solar,TX,547.9579851442504
2030,2,p60,City of Clovis Landfill,403232,"ENGIE Long Draw Solar, LLC",TX,242.71811736349622
2030,2,p60,City of Clovis Landfill,406252,Highpeak Solar 1,TX,4520.15024197755
2030,2,p60,City of Clovis Landfill,402721,Holstein 1 Solar Farm,TX,321.02154205207125
2030,2,p60,City of Clovis Landfill,405492,Juno Solar Project,TX,230.32016829145735
2030,2,p60,City of Clovis Landfill,402541,Lamesa II,TX,637.9139659318187
2030,2,p60,City of Clovis Landfill,401660,Lamesa Solar,TX,368.297791929498
2030,2,p60,City of Clovis Landfill,405932,Lumina II Solar Project,TX,295.8708859804525
2030,2,p60,City of Clovis Landfill,405933,Lumina Solar Project,TX,278.6657416751167
2030,2,p60,City of Clovis Landfill,402909,Misae Solar,TX,301.81804516534174
2030,2,p60,City of Clovis Landfill,400968,"OCI Alamo 7, LLC",TX,497.66555571558075
2030,2,p60,City of Clovis Landfill,405939,Texas Solar Nova 1,TX,277.2913676640479
2030,2,p61,City of Clovis Landfill,400967,Alamo 6,TX,450.91303607150195
2030,2,p61,City of Clovis Landfill,403557,Aragorn Solar Project,TX,345.87913889841474
2030,2,p61,City of Clovis Landfill,400691,Barilla Solar,TX,921.0765700117148
2030,2,p61,City of Clovis Landfill,401946,Bluebell Solar,TX,991.4688244596546
2030,2,p61,City of Clovis Landfill,403574,Bluebell Solar II,TX,522.4591102590574
2030,2,p61,City of Clovis Landfill,400554,"Bryan Solar, LLC",TX,5398.005641754938
2030,2,p61,City of Clovis Landfill,401463,Buckthorn Westex,TX,411.91617852493044
2030,2,p61,City of Clovis Landfill,401703,East Pecos Solar,TX,470.62194758835454
2030,2,p61,City of Clovis Landfill,405363,Galloway 1 Solar Farm,TX,400.06781414999773
2030,2,p61,City of Clovis Landfill,405494,Galloway 2 Solar Farm,TX,463.9272520720749
2030,2,p61,City of Clovis Landfill,403210,Greasewood,TX,384.00179640955935
2030,2,p61,City of Clovis Landfill,406370,Hayhurst Texas Solar,TX,1007.8219626161214
2030,2,p61,City of Clovis Landfill,402304,Midway Solar-TX,TX,411.8971126136821
2030,2,p61,Victoria Landfill,400695,"OCI Alamo 4, LLC",TX,778.6740737573022
2030,2,p61,City of Clovis Landfill,401868,Pearl Solar,TX,560.0878323397254
2030,2,p61,City of Clovis Landfill,402290,RE Maplewood,TX,401.0492091798963
2030,2,p61,City of Clovis Landfill,401430,RE Roserock,TX,415.6575474264666
2030,2,p61,City of Clovis Landfill,402848,Rambler,TX,437.7138793619997
2030,2,p61,City of Clovis Landfill,402083,Solaire Holman Solar Project,TX,558.3480397619088
2030,2,p61,City of Clovis Landfill,403023,"Taygete Energy Project, LLC",TX,313.20850201909315
2030,2,p61,City of Clovis Landfill,404647,Taygete II Energy Project,TX,390.81413755828856
2030,2,p61,City of Clovis Landfill,403551,Titan Solar Project,TX,325.41113110564265
2030,2,p61,Victoria Landfill,406103,Zier Solar,TX,428.8546366110637
2030,2,p62,City of Clovis Landfill,403502,2W Permian Solar Project Hybrid,TX,306.34048962474554
2030,2,p62,City of Clovis Landfill,403697,CED Crane Solar,TX,470.401960537315
2030,2,p62,City of Clovis Landfill,401525,Castle Gap Solar Hybrid,TX,529.9554981738795
2030,2,p62,City of Clovis Landfill,404599,Emerald Grove,TX,314.999222249306
2030,2,p62,City of Clovis Landfill,403004,Lapetus,TX,258.1474117054063
2030,2,p62,City of Clovis Landfill,403280,Oberon IA,TX,276.57484181018043
2030,2,p62,City of Clovis Landfill,403279,Oberon IB,TX,1320.1859841304895
2030,2,p62,City of Clovis Landfill,403602,Oxy Renewable Energy-Goldsmith,TX,1572.3139536742112
2030,2,p62,City of Clovis Landfill,402679,Phoebe Solar,TX,269.55479719171075
2030,2,p62,City of Clovis Landfill,403177,Prospero Solar,TX,255.2005726756929
2030,2,p62,City of Clovis Landfill,404128,Prospero Solar II,TX,292.1140889570412
2030,2,p62,City of Clovis Landfill,403070,"Roadrunner, LLC",TX,312.264933226677
2030,2,p62,City of Clovis Landfill,401805,Upton County Solar,TX,605.3906988208659
2030,2,p62,City of Clovis Landfill,402995,West of the Pecos Solar,TX,383.10183605349255
2030,2,p63,Victoria Landfill,405599,"BPL Crown Solar, LLC",TX,361.42082738414535
2030,2,p63,Victoria Landfill,404966,BPL Files Solar,TX,632.4306350564716
2030,2,p63,Victoria Landfill,403825,Briar Creek Solar 1,TX,452.2728996268799
2030,2,p63,Victoria Landfill,402610,Chisum,TX,52651.06182705769
2030,2,p63,Victoria Landfill,401697,CoServ Community Solar Station,TX,33763.57350270377
2030,2,p63,Victoria Landfill,403188,Coniglio Solar,TX,722.6543756843326
2030,2,p63,Victoria Landfill,406415,Dileo Solar,TX,562.1268110178985
2030,2,p63,Victoria Landfill,402655,Eddy II,TX,3914.214251557359
2030,2,p63,Victoria Landfill,406221,Eiffel Solar Project,TX,542.5628657250917
2030,2,p63,Victoria Landfill,405540,"Ellis Solar, LLC",TX,754.3741640516589
2030,2,p63,Victoria Landfill,403823,Elm Branch Solar 1,TX,398.59911450600333
2030,2,p63,Victoria Landfill,406206,Five Wells Solar Center - Hybrid,TX,285.14032357590577
2030,2,p63,Victoria Landfill,404567,G.S.E. One LLC,TX,729.9035423237716
2030,2,p63,Victoria Landfill,403288,Griffin Solar,TX,6437.475801571884
2030,2,p63,Victoria Landfill,406202,Grizzly Ridge Solar,TX,477.7711971648108
2030,2,p63,Victoria Landfill,402329,Highway 56 Solar,TX,24003.6809514196
2030,2,p63,Victoria Landfill,405689,"IP Radian, LLC",TX,380.9007047498374
2030,2,p63,Victoria Landfill,403481,Impact Solar 1,TX,696.5029816506535
2030,2,p63,Victoria Landfill,403190,Kellam Solar,TX,809.9247385621277
2030,2,p63,Victoria Landfill,402421,Leon Solar,TX,11667.42613772651
2030,2,p63,Victoria Landfill,403874,Lily Solar Hybrid,TX,740.0217997782573
2030,2,p63,Victoria Landfill,402404,Marlin Solar,TX,6360.152878562861
2030,2,p63,City of Clovis Landfill,405794,Noble Solar,TX,547.7827578251182
2030,2,p63,Victoria Landfill,402405,North Gainesville Solar,TX,24678.097836848236
2030,2,p63,Victoria Landfill,401933,Phantom Solar,TX,2197.1058799091675
2030,2,p63,Victoria Landfill,404872,"Pisgah Ridge Solar, LLC",TX,353.6049578428143
2030,2,p63,Victoria Landfill,406416,Pitts Dudik Solar,TX,797.7920489390868
2030,2,p63,City of Clovis Landfill,403189,Rippey Solar,TX,982.6343426458441
2030,2,p63,Victoria Landfill,404630,"Samson Solar Energy III, LLC",TX,641.8807326794275
2030,2,p63,Victoria Landfill,402652,Sterling Solar (TX),TX,5878.653014203487
2030,2,p63,Victoria Landfill,404812,Sun Valley Solar Project,TX,349.20766601859043
2030,2,p63,Victoria Landfill,404388,"TPE Erath Solar, LLC",TX,3957.3304779557147
2030,2,p63,Victoria Landfill,403457,"TPE Whitney Solar, LLC",TX,4012.517239988325
2030,2,p63,Victoria Landfill,405361,Toyota HQ Plan,TX,19653.00684607784
2030,2,p63,Victoria Landfill,405907,Verizon Hidden Ridge Solar Project,TX,148809.1340550501
2030,2,p63,Victoria Landfill,405984,Waco Solar,TX,404.70439788060446
2030,2,p63,Victoria Landfill,402306,Walnut Springs Solar,TX,7999.242168196804
2030,2,p63,Victoria Landfill,402497,West Moore Solar II,TX,20393.749028687205
2030,2,p63,Victoria Landfill,402330,Whitesboro Solar,TX,33901.02181257156
2030,2,p63,Victoria Landfill,402331,Whitesboro Solar II,TX,101736.01118693153
2030,2,p63,Victoria Landfill,402414,Whitewright Solar,TX,10014.573684586003
2030,2,p63,Victoria Landfill,402654,Yellow Jacket,TX,8571.408559585943
2030,2,p64,Victoria Landfill,405731,Austin TX GigaFactory,TX,6611.127625430944
2030,2,p64,Victoria Landfill,402203,Bandera Electric Coop PV,TX,10901.199605902539
2030,2,p64,Victoria Landfill,404721,"Blue Jay Solar I, LLC",TX,368.1841382944623
2030,2,p64,Victoria Landfill,402648,Bovine,TX,777.1506404969923
2030,2,p64,Victoria Landfill,402389,"E-Volve Energy Holdings, LLC",TX,6726.468365412887
2030,2,p64,Victoria Landfill,400227,East Blackland Solar Project 1,TX,275.4902827949012
2030,2,p64,Victoria Landfill,405101,IKEA Round Rock 027,TX,12324.412117848382
2030,2,p64,Victoria Landfill,402653,Lampwick,TX,3701.9608265496113
2030,2,p64,Victoria Landfill,405613,Niagara Bottling - Seguin,TX,1840.0550318032783
2030,2,p64,Victoria Landfill,402544,PowerFin Kingsbery,TX,4049.0202069829807
2030,2,p64,Victoria Landfill,400249,Webberville Solar Project,TX,471.24495232184205
2030,2,p65,Victoria Landfill,405700,Aktina Solar,TX,143.52919551318118
2030,2,p65,Victoria Landfill,404074,"Alexis Solar, LLC",TX,4099.204493331179
2030,2,p65,Victoria Landfill,405727,Bernard Creek Solar,TX,158.89759938077165
2030,2,p65,Victoria Landfill,400081,Blue Wing Solar Energy Generation,TX,1909.42396489249
2030,2,p65,Victoria Landfill,405477,Brightside,TX,440.7903058294524
2030,2,p65,Victoria Landfill,401728,CPS 1 Community Solar,TX,29863.451892198653
2030,2,p65,Victoria Landfill,402656,Cascade Solar (TX),TX,1885.577898976656
2030,2,p65,Victoria Landfill,403987,Catan Solar,TX,1335.323497485458
2030,2,p65,Victoria Landfill,403091,Commerce Solar,TX,5994.866551395251
2030,2,p65,Victoria Landfill,404247,"Corazon Energy, LLC",TX,264.1373523655622
2030,2,p65,Victoria Landfill,404062,Elara Solar,TX,331.3546406295885
2030,2,p65,Victoria Landfill,404359,FELPS 1-Calaveras,TX,28742.755448208572
2030,2,p65,Victoria Landfill,404361,FELPS 2-Calaveras,TX,28763.85593500304
2030,2,p65,Victoria Landfill,404362,FELPS 3-Floresville South,TX,20307.204455652005
2030,2,p65,Victoria Landfill,404363,FELPS 4-Floresville South,TX,20310.231462085354
2030,2,p65,Victoria Landfill,404364,FELPS 5-Floresville South,TX,20315.57575269009
2030,2,p65,Victoria Landfill,404739,FELPS 6- Floresville West,TX,23986.23254136749
2030,2,p65,Victoria Landfill,404740,FELPS 7- Floresville West,TX,23982.572935073396
2030,2,p65,Victoria Landfill,406516,Ganado Solar,TX,129.74373363489678
2030,2,p65,Victoria Landfill,405801,Horizon Solar,TX,307.2127528267031
2030,2,p65,Victoria Landfill,405380,IKEA Live Oak Rooftop PV System,TX,16031.078610398836
2030,2,p65,Victoria Landfill,403343,Mars Solar,TX,5456.635893336526
2030,2,p65,Victoria Landfill,404877,Nebula Solar,TX,507.7274364005605
2030,2,p65,Victoria Landfill,400694,"OCI Alamo 2, LLC",TX,6662.962415637714
2030,2,p65,Victoria Landfill,400965,"OCI Alamo 3, LLC",TX,6760.5187868157445
2030,2,p65,Victoria Landfill,400966,"OCI Alamo 5, LLC",TX,646.6816179058355
2030,2,p65,Victoria Landfill,400593,OCI Alamo Solar I Hybrid,TX,975.2459856068741
2030,2,p65,Victoria Landfill,405809,Shakes Solar,TX,305.33703004407306
2030,2,p65,Victoria Landfill,405545,Sparta Solar,TX,207.52524100515265
2030,2,p65,Victoria Landfill,400379,"SunE CPS1, LLC",TX,3737.81649270493
2030,2,p65,Victoria Landfill,400364,"SunE CPS2, LLC",TX,2932.791900523184
2030,2,p65,Victoria Landfill,400353,"SunE CPS3, LLC",TX,3110.6122700175197
2030,2,p65,Victoria Landfill,406032,Tres Bahias,TX,100.289347215726
2030,2,p65,Victoria Landfill,404878,Vancourt Solar Interconnections,TX,1128.275696002929
2030,2,p66,Victoria Landfill,406386,Umbriel Solar,TX,431.50933719495214
2030,2,p67,Victoria Landfill,404939,Brazoria County Solar Project (Danciger),TX,206.62468588102698
2030,2,p67,Victoria Landfill,404681,Brazoria West,TX,188.34397050004065
2030,2,p67,Victoria Landfill,402649,Bronson,TX,1308.512112231084
2030,2,p67,Victoria Landfill,406178,"Cutlass Solar 1, LLC",TX,179.37911428786916
2030,2,p67,Victoria Landfill,404587,Fighting Jays Solar Project,TX,201.5928956016167
2030,2,p67,Victoria Landfill,405564,"Fort Bend Solar, LLC",TX,233.9487937218224
2030,2,p67,Victoria Landfill,404853,"Longbow Solar, LLC",TX,344.6730786717688
2030,2,p67,Victoria Landfill,403514,Wagyu,TX,214.39370986071964
2030,3,p12,Apex Regional Landfill,402144,Battle Mountain Solar Project,NV,635.635356294301
2030,3,p12,Apex Regional Landfill,405553,Dodge Flat,NV,1536.8922154494553
2030,3,p12,Apex Regional Landfill,402609,"EGP Stillwater Solar PV II, LLC",NV,1533.2861738787012
2030,3,p12,Apex Regional Landfill,404659,Fish Springs,NV,722.8803537509839
2030,3,p12,Apex Regional Landfill,401086,Ft. Churchill PV,NV,3769.295325207285
2030,3,p12,Apex Regional Landfill,402130,Luning Energy,NV,517.3458164263802
2030,3,p12,Apex Regional Landfill,403107,NVSS-II,NV,359.9433611826528
2030,3,p12,Apex Regional Landfill,400468,"Patua Acquisition Project, LLC",NV,3411.543873642183
2030,3,p12,Apex Regional Landfill,405023,Steamboat II,NV,54624.812914829585
2030,3,p12,Apex Regional Landfill,400029,Stillwater Facility,NV,1411.6341217935574
2030,3,p12,Apex Regional Landfill,401318,Sunshine Valley Solar,NV,232.31027861236424
2030,3,p12,Apex Regional Landfill,405026,TS Power Plant,NV,778.4015212525095
2030,3,p12,Apex Regional Landfill,405576,Tesla Reno GigaFactory,NV,6352.610311397086
2030,3,p12,Apex Regional Landfill,401943,Tungsten Mountain,NV,3843.5354260730737
2030,3,p12,Apex Regional Landfill,403308,Turquoise Liberty Solar,NV,4336.164116775986
2030,3,p12,Apex Regional Landfill,403884,"Turquoise Nevada, LLC",NV,1150.277177510683
2030,3,p12,Apex Regional Landfill,400035,Western 102 Power Plant,NV,99679.28182199133
2030,3,p13,Apex Regional Landfill,400555,Apex Solar PV Power Project,NV,247.3118526721933
2030,3,p13,Apex Regional Landfill,405385,Arrow Canyon Solar Hybrid,NV,182.93075032051388
2030,3,p13,Apex Regional Landfill,402017,"Boulder Solar II, LLC",NV,137.26980526587633
2030,3,p13,Apex Regional Landfill,401649,"Boulder Solar Power, LLC",NV,93.35342699081498
2030,3,p13,Apex Regional Landfill,400059,CM10,NV,494.98740809165184
2030,3,p13,Apex Regional Landfill,400086,CM48,NV,183.9082877048367
2030,3,p13,Apex Regional Landfill,400363,Copper Mountain Solar 2,NV,113.61629219070358
2030,3,p13,Apex Regional Landfill,400802,Copper Mountain Solar 3,NV,76.35743293114187
2030,3,p13,Apex Regional Landfill,401308,"Copper Mountain Solar 4, LLC",NV,97.32045862655421
2030,3,p13,Apex Regional Landfill,403688,"Copper Mountain Solar 5, LLC",NV,96.02817325134119
2030,3,p13,Apex Regional Landfill,405358,Dignity - San Martin,NV,1164.593288450625
2030,3,p13,Apex Regional Landfill,405355,Dignity - Siena Campus,NV,1283.7706824816023
2030,3,p13,Apex Regional Landfill,405556,Dry Lake Solar Energy Center,NV,92.83431780028413
2030,3,p13,Apex Regional Landfill,405495,Gemini Solar,NV,96.28555525693224
2030,3,p13,Apex Regional Landfill,403386,"Harry Allen Solar Energy, LLC",NV,90.6592973317367
2030,3,p13,Apex Regional Landfill,406090,IGS LAS1,NV,3240.3617789269256
2030,3,p13,Apex Regional Landfill,406089,IGS VGT,NV,1777.762667110857
2030,3,p13,Apex Regional Landfill,405309,IKEA Las Vegas 462,NV,3227.029708788448
2030,3,p13,Apex Regional Landfill,400545,Las Vegas WPCF Solar Plant,NV,296.44104722366836
2030,3,p13,Apex Regional Landfill,400313,Moapa Southern Paiute,NV,99.05175485702394
2030,3,p13,Apex Regional Landfill,400600,Mountain View Solar,NV,246.97241003785908
2030,3,p13,Apex Regional Landfill,400036,Nellis Air Force Base Solar Array,NV,192.77640568276345
2030,3,p13,Apex Regional Landfill,401381,Nellis Solar PV II,NV,107.35415986080045
2030,3,p13,Apex Regional Landfill,401319,"Playa Solar 1, LLC",NV,105.67041392496336
2030,3,p13,Apex Regional Landfill,401596,Playa Solar 2,NV,89.57274367146738
2030,3,p13,Apex Regional Landfill,401274,River Mountains Solar,NV,243.7894540504493
2030,3,p13,Mohave Valley Landfill,401042,Searchlight Solar,NV,533.6206622002472
2030,3,p13,Apex Regional Landfill,400166,Silver State Solar Power North,NV,191.68784133140343
2030,3,p13,Apex Regional Landfill,400658,Silver State Solar Power South,NV,103.68555272161642
2030,3,p13,Apex Regional Landfill,405246,"Solar Las Vegas MB 2, LLC",NV,981.1434626576956
2030,3,p13,Apex Regional Landfill,405188,Solar Las Vegas MB-1,NV,301.9110032472346
2030,3,p13,Apex Regional Landfill,400556,Spectrum Solar PV Power Project,NV,131.34981188550768
2030,3,p13,Apex Regional Landfill,402485,"Techren Solar I, LLC",NV,96.94979618484915
2030,3,p13,Apex Regional Landfill,402690,"Techren Solar II, LLC",NV,90.13643736843966
2030,3,p13,Apex Regional Landfill,402691,"Techren Solar III, LLC",NV,269.68163714693503
2030,3,p13,Apex Regional Landfill,402692,"Techren Solar IV, LLC",NV,248.60564525313148
2030,3,p13,Apex Regional Landfill,403001,Techren Solar V,NV,135.8602017603103
2030,3,p13,Apex Regional Landfill,401851,Townsite Solar Project Hybrid,NV,94.72894229332063
2030,3,p13,Apex Regional Landfill,406448,Yellow Pine II,NV,332.2286732817543
2030,3,p13,Apex Regional Landfill,404971,Yellow Pine Solar,NV,167.31035122136382
2030,3,p27,Mohave Valley Landfill,400374,"Black Mountain Solar, LLC",AZ,157.3941463502835
2030,3,p27,Mohave Valley Landfill,402236,Gray Hawk Solar,AZ,134.87559153108307
2030,3,p27,Mohave Valley Landfill,401819,Jacobson 5 MW Solar,AZ,516.5801695853178
2030,3,p27,Mohave Valley Landfill,400199,La Senita,AZ,1432.3220987474533
2030,3,p27,Mohave Valley Landfill,403718,Mohave Electric Cooperative at Joy Lane,AZ,53.409749595558615
2030,3,p27,Mohave Valley Landfill,401311,Mohave Electric at Fort Mohave,AZ,103.9259469919414
2030,3,p27,Mohave Valley Landfill,406478,Mohave Energy - Hybrid,AZ,46.959501678872705
2030,3,p28,Apache Junction Landfill,405418,AZ State University - Tempe Campus Solar,AZ,2073.9879843045655
2030,3,p28,South Yuma County Landfill,400148,Agua Caliente Solar Project,AZ,138.4361395933101
2030,3,p28,Apache Junction Landfill,402067,Apache Solar 1,AZ,1607.9573826525657
2030,3,p28,South Yuma County Landfill,400274,Arizona Western College PV,AZ,427.8059706262178
2030,3,p28,Apache Junction Landfill,400240,Arlington Valley Solar Energy II,AZ,154.53216201384774
2030,3,p28,Apache Junction Landfill,400437,Badger 1,AZ,886.2145517628512
2030,3,p28,Apache Junction Landfill,401688,Bonnybrooke PV,AZ,162.01503134105857
2030,3,p28,Apache Junction Landfill,400371,Buckeye Union HS District 201,AZ,3439.4468287372606
2030,3,p28,Apache Junction Landfill,405635,"Central Line Solar, LLC",AZ,147.93509452558774
2030,3,p28,Apache Junction Landfill,400201,Chino Solar Valley,AZ,1221.1399932035981
2030,3,p28,Apache Junction Landfill,400202,Cotton Center Solar Hybrid,AZ,725.7007239484376
2030,3,p28,Apache Junction Landfill,401069,Desert Star Hybrid,AZ,1714.684286104068
2030,3,p28,Apache Junction Landfill,403257,East Line Solar,AZ,132.47292685780133
2030,3,p28,Apache Junction Landfill,406171,Eleven Mile Solar Center,AZ,101.39981960558907
2030,3,p28,Apache Junction Landfill,405244,Estrella Mountain PV,AZ,4970.919111846634
2030,3,p28,South Yuma County Landfill,400349,Foothills Solar Plant Hybrid,AZ,89.06731155302836
2030,3,p28,Apache Junction Landfill,400825,Fort Huachuca Solar PV Project,AZ,1739.1293794072312
2030,3,p28,Apache Junction Landfill,400845,Gila Bend Hybrid,AZ,625.5861466719201
2030,3,p28,Apache Junction Landfill,400599,"Gilbert Solar Facility I, LLC",AZ,1215.0502608963584
2030,3,p28,South Yuma County Landfill,400507,Hyder II Hybrid,AZ,984.1254305216916
2030,3,p28,South Yuma County Landfill,400204,Hyder Solar Hybrid,AZ,1081.0144563134204
2030,3,p28,Apache Junction Landfill,405282,Intel - Ocotillo Campus Solar,AZ,1500.9759067929076
2030,3,p28,Apache Junction Landfill,405125,Jewish Community Center PV,AZ,5346.686406742571
2030,3,p28,Apache Junction Landfill,402234,Kayenta Solar Project,AZ,792.9098756504652
2030,3,p28,Apache Junction Landfill,400595,Lake Pleasant WTP,AZ,1640.6815366994292
2030,3,p28,Apache Junction Landfill,400128,Luke Solar,AZ,1544.877561542646
2030,3,p28,Apache Junction Landfill,405068,Macys Goodyear,AZ,3973.02303334924
2030,3,p28,South Yuma County Landfill,406279,McFarland A Solar and Storage,AZ,185.11851796136582
2030,3,p28,Apache Junction Landfill,405617,Mesa Carport PV,AZ,202.72719460866458
2030,3,p28,Apache Junction Landfill,404512,Mesa Solar Array,AZ,248.55908960018033
2030,3,p28,Apache Junction Landfill,400250,Mesquite Solar 1,AZ,308.6437518424101
2030,3,p28,Apache Junction Landfill,401621,"Mesquite Solar 2, LLC",AZ,194.19607376350731
2030,3,p28,Apache Junction Landfill,401622,"Mesquite Solar 3, LLC",AZ,194.31759870183228
2030,3,p28,Apache Junction Landfill,406038,"Mesquite Solar 4, LLC",AZ,329.35207793588563
2030,3,p28,Apache Junction Landfill,404922,"Mesquite Solar 5, LLC",AZ,292.9644763753224
2030,3,p28,Mohave Valley Landfill,403572,OE_AZ1,AZ,674.9701325932714
2030,3,p28,Apache Junction Landfill,400203,Paloma Solar Hybrid,AZ,779.7357221952932
2030,3,p28,Apache Junction Landfill,405126,Paradise Valley H.S. PV,AZ,5341.232994963561
2030,3,p28,Apache Junction Landfill,405150,Phoenix Airport East Economy Lot,AZ,5069.52758452742
2030,3,p28,Apache Junction Landfill,405151,Phoenix Airport Rental Car Center,AZ,4509.866577596333
2030,3,p28,Apache Junction Landfill,402528,Pinal Central Energy Center Hybrid,AZ,361.2772631713945
2030,3,p28,Apache Junction Landfill,400125,"Poseidon Solar, LLC",AZ,182.2434665641394
2030,3,p28,Apache Junction Landfill,400031,Prescott Airport,AZ,7241.944736831234
2030,3,p28,Apache Junction Landfill,400401,Prescott Solar Plant,AZ,4226.372273481563
2030,3,p28,Apache Junction Landfill,400323,Queen Creek Solar Farm,AZ,127.54260711811499
2030,3,p28,Mohave Valley Landfill,400289,"RE Bagdad Solar I, LLC",AZ,1047.10681332566
2030,3,p28,Apache Junction Landfill,405132,"RE Gillespie 1, LLC",AZ,889.3779172491822
2030,3,p28,Apache Junction Landfill,400758,Red Horse 2,AZ,419.26745790671265
2030,3,p28,Apache Junction Landfill,401609,Red Horse III,AZ,659.6993029477907
2030,3,p28,Apache Junction Landfill,401726,Red Rock,AZ,288.4865714908554
2030,3,p28,Apache Junction Landfill,406380,SR McNeal,AZ,1418.0936490658132
2030,3,p28,Apache Junction Landfill,400416,Saddle Mountain Solar I,AZ,1107.7730318098297
2030,3,p28,Apache Junction Landfill,403674,Saint Solar,AZ,130.87597039307636
2030,3,p28,Apache Junction Landfill,401214,Sandstone Solar,AZ,152.69222528829098
2030,3,p28,Apache Junction Landfill,405029,Solana Generating Station,AZ,257.8731483673943
2030,3,p28,Apache Junction Landfill,406275,Sonoran Solar Energy,AZ,132.26543092394644
2030,3,p28,Apache Junction Landfill,406034,Storey Solar and Storage,AZ,102.59988013577991
2030,3,p28,Apache Junction Landfill,401664,Sulphur Springs,AZ,1554.7974501140661
2030,3,p28,Apache Junction Landfill,403643,Sun Streams 2,AZ,149.66118553944108
2030,3,p28,Apache Junction Landfill,406517,Sun Streams 3,AZ,188.8053909131775
2030,3,p28,Apache Junction Landfill,401975,"Sun Streams, LLC",AZ,178.91365473795258
2030,3,p28,Apache Junction Landfill,405311,T0588 Phoenix - AZ,AZ,6976.478280543088
2030,3,p28,Apache Junction Landfill,405134,Union HS at Casa Grande,AZ,4225.8901142861405
2030,3,p28,Apache Junction Landfill,405135,Vista Grande HS at Casa Grande,AZ,5189.81083588672
2030,3,p28,Apache Junction Landfill,400334,Walmart Casa Grande,AZ,3920.595153288509
2030,3,p28,Apache Junction Landfill,406098,"West Line Solar, LLC",AZ,149.09687690196907
2030,3,p29,Apache Junction Landfill,400014,Springerville,AZ,529.7021211953627
2030,3,p30,Apache Junction Landfill,405143,Actus Lend Lease DMAFB,AZ,7350.04617741057
2030,3,p30,Apache Junction Landfill,405611,Amazon TUS2,AZ,4501.858553873566
2030,3,p30,Apache Junction Landfill,405268,Amphitheater High School Solar,AZ,11587.457367096607
2030,3,p30,Apache Junction Landfill,400939,Avalon Solar,AZ,460.95153654865373
2030,3,p30,Apache Junction Landfill,401479,Avalon Solar II,AZ,642.7886460351792
2030,3,p30,Apache Junction Landfill,400226,Avra Valley Solar,AZ,335.0465315680702
2030,3,p30,Apache Junction Landfill,404704,Broadway 2 - Tucson Phase II,AZ,2636.4036523045156
2030,3,p30,Apache Junction Landfill,405768,Broadway 3 - Tucson Phase I,AZ,7793.811204300131
2030,3,p30,Apache Junction Landfill,405269,Canyon Del Oro High School Solar,AZ,3419.345928099626
2030,3,p30,Apache Junction Landfill,400757,Cogenra-TEP,AZ,9540.135010115748
2030,3,p30,Apache Junction Landfill,401295,Davis Monthan AFB (AZ) West Airfield,AZ,926.4526350927205
2030,3,p30,Apache Junction Landfill,400330,FRB Solar Farm,AZ,5012.6179219288015
2030,3,p30,Apache Junction Landfill,400761,"Gato Montes Solar, LLC",AZ,3831.960342367453
2030,3,p30,Apache Junction Landfill,404536,Iron Horse Battery Storage Hybrid,AZ,5971.990143209219
2030,3,p30,Apache Junction Landfill,400552,"Picture Rocks Solar, LLC",AZ,915.0689199699893
2030,3,p30,Apache Junction Landfill,405374,Pima Community College,AZ,10391.045243531706
2030,3,p30,Apache Junction Landfill,405303,Pima Community College - East Campus,AZ,7583.334906978344
2030,3,p30,Apache Junction Landfill,405516,Pima Community College NW,AZ,6459.365173635562
2030,3,p30,Apache Junction Landfill,400408,Prairie Fire,AZ,2363.5578504783066
2030,3,p30,Apache Junction Landfill,400290,"RE Ajo 1, LLC",AZ,2276.6432640092885
2030,3,p30,Apache Junction Landfill,404926,Raptor Ridge,AZ,1257.1031756745708
2030,3,p30,Apache Junction Landfill,400857,Rio Rico Solar,AZ,3662.644290848133
2030,3,p30,Apache Junction Landfill,400193,Roger Road WWTP,AZ,8742.858934545951
2030,3,p30,Apache Junction Landfill,401076,Tech Park Solar,AZ,3769.369010333229
2030,3,p30,Apache Junction Landfill,400156,UASTP I,AZ,9956.523745086033
2030,3,p30,Apache Junction Landfill,401075,Valencia Solar,AZ,1485.256728713756
2030,3,p30,Apache Junction Landfill,404187,"Wilmot Energy Center, LLC",AZ,233.4484383918428
2030,3,p31,City of Clovis Landfill,400211,Alamogordo Solar Energy Center,NM,10325.342532557555
2030,3,p31,Northeastern New Mexico Regional Landfill,400206,Albuquerque Solar Energy Center,NM,13171.419424084368
2030,3,p31,Northeastern New Mexico Regional Landfill,403675,Alcalde Solar Array,NM,7398.148569881568
2030,3,p31,Apache Junction Landfill,401595,Alta Luna,NM,1842.5834516892903
2030,3,p31,Northeastern New Mexico Regional Landfill,404724,Angel Fire Energy Facility,NM,888.531819638664
2030,3,p31,Northeastern New Mexico Regional Landfill,405469,Arroyo Solar Energy Storage Hybrid,NM,410.362286533464
2030,3,p31,Northeastern New Mexico Regional Landfill,403321,Bluewater CDEC 1,NM,16840.823693184473
2030,3,p31,Northeastern New Mexico Regional Landfill,403736,Britton Solar Energy Center,NM,492.7503412678829
2030,3,p31,City of Clovis Landfill,404981,Buena Vista Energy Center,NM,439.24459416147744
2030,3,p31,Northeastern New Mexico Regional Landfill,402876,CNMEC Solar Energy Center,NM,17920.327945104164
2030,3,p31,City of Clovis Landfill,402519,Carrizozo Solar,NM,10940.538325659221
2030,3,p31,Northeastern New Mexico Regional Landfill,401202,Cibola,NM,4788.641122619034
2030,3,p31,Northeastern New Mexico Regional Landfill,400104,Cimarron Solar Facility,NM,206.67417259425005
2030,3,p31,Apache Junction Landfill,402988,City of Gallup Solar,NM,8116.98242280637
2030,3,p31,Northeastern New Mexico Regional Landfill,403604,City of Rio Rancho WWTP,NM,33763.55668893441
2030,3,p31,Apache Junction Landfill,401225,City of Truth or Consequences PV,NM,33773.37771166328
2030,3,p31,Apache Junction Landfill,402177,Columbus Solar Project,NM,27693.82746339211
2030,3,p31,Northeastern New Mexico Regional Landfill,404748,"Cuba 2.5ac, LLC",NM,10627.464338168287
2030,3,p31,Apache Junction Landfill,400209,Deming Solar Energy Center,NM,6086.9120176341485
2030,3,p31,Northeastern New Mexico Regional Landfill,403868,Encino Solar Energy Center,NM,538.4490066494209
2030,3,p31,Northeastern New Mexico Regional Landfill,401038,Eubank Landfill Solar Array,NM,22149.239302236467
2030,3,p31,Northeastern New Mexico Regional Landfill,402441,Facebook 1 Solar Energy Center,NM,3112.2887927488578
2030,3,p31,Northeastern New Mexico Regional Landfill,402442,Facebook 2 Solar Energy Center,NM,2996.356223420177
2030,3,p31,Northeastern New Mexico Regional Landfill,402443,Facebook 3 Solar Energy Center,NM,4269.284110376904
2030,3,p31,Northeastern New Mexico Regional Landfill,403322,Grants CDEC 2,NM,12535.877548322904
2030,3,p31,Apache Junction Landfill,400216,"Hatch Solar Energy Center I, LLC",NM,13232.718367217649
2030,3,p31,City of Clovis Landfill,401617,Holloman Solar Facility,NM,11653.610068689588
2030,3,p31,Northeastern New Mexico Regional Landfill,406109,"Jicarilla Solar 1, LLC",NM,899.8340662983765
2030,3,p31,Northeastern New Mexico Regional Landfill,400427,Kit Carson,NM,16780.90424637612
2030,3,p31,Northeastern New Mexico Regional Landfill,400210,Las Vegas Solar Energy Center,NM,2052.460779814149
2030,3,p31,Northeastern New Mexico Regional Landfill,400434,Los Alamos PV Site,NM,24226.868397502876
2030,3,p31,Northeastern New Mexico Regional Landfill,400207,Los Lunas Solar Energy Center,NM,5515.63448349444
2030,3,p31,Apache Junction Landfill,400838,Macho Springs,NM,1421.5293809492473
2030,3,p31,Northeastern New Mexico Regional Landfill,400582,Manzano Solar,NM,4783.241628796635
2030,3,p31,Northeastern New Mexico Regional Landfill,401201,Meadow Lake Solar Energy Center,NM,3173.773040530574
2030,3,p31,Northeastern New Mexico Regional Landfill,406177,"NMRD Data Center III, LLC",NM,586.3736760834003
2030,3,p31,City of Clovis Landfill,405693,NMSU Solar and Storage,NM,17578.063124253636
2030,3,p31,Northeastern New Mexico Regional Landfill,406375,OE_ESCL,NM,492.4983880419877
2030,3,p31,City of Clovis Landfill,400581,Otero Solar,NM,5832.855056380652
2030,3,p31,Northeastern New Mexico Regional Landfill,400146,Questa Solar Facility,NM,19958.858985639406
2030,3,p31,Northeastern New Mexico Regional Landfill,403178,"RC Energy AA, LLC Solar Facility",NM,32371.13587370971
2030,3,p31,Northeastern New Mexico Regional Landfill,401566,Rio Communities Solar Energy Center,NM,4583.5738788331055
2030,3,p31,Northeastern New Mexico Regional Landfill,403084,Rio De Oro Solar Energy Center,NM,3501.1908535842963
2030,3,p31,Northeastern New Mexico Regional Landfill,400624,Rio Rancho High School,NM,37543.703914129095
2030,3,p31,City of Clovis Landfill,400135,Roadrunner Solar,NM,2805.184627315508
2030,3,p31,Northeastern New Mexico Regional Landfill,404648,"Route 66 Energy Center, LLC",NM,978.5156645698212
2030,3,p31,Northeastern New Mexico Regional Landfill,403387,San Miguel I Solar Energy Center,NM,931.2185386154359
2030,3,p31,Northeastern New Mexico Regional Landfill,405458,San Miguel II Solar Energy Center,NM,1150.699971820065
2030,3,p31,Northeastern New Mexico Regional Landfill,401161,Sandoval Solar Energy Center,NM,5075.157186333542
2030,3,p31,Northeastern New Mexico Regional Landfill,401564,Santa Fe Solar Energy Center,NM,2166.63557528367
2030,3,p31,Northeastern New Mexico Regional Landfill,401565,Santolina Solar Energy Center,NM,3217.703327519511
2030,3,p31,Apache Junction Landfill,400596,Silver City WWTP PV Project,NM,40835.79588996569
2030,3,p31,Northeastern New Mexico Regional Landfill,406343,Sky Ranch Solar,NM,366.59599315613673
2030,3,p31,Northeastern New Mexico Regional Landfill,401563,South Valley Solar Energy Center,NM,3256.737487352343
2030,3,p31,Northeastern New Mexico Regional Landfill,401162,Springer Solar 1,NM,6073.656879344453
2030,3,p31,Northeastern New Mexico Regional Landfill,400735,Storrie Lake Solar Project,NM,8366.507307313492
2030,3,p31,Northeastern New Mexico Regional Landfill,400623,Sue Cleveland High School,NM,36696.190556703375
2030,3,p31,City of Clovis Landfill,400343,"SunE EPE1, LLC",NM,7311.118153628794
2030,3,p31,City of Clovis Landfill,400342,"SunE EPE2, LLC",NM,4566.03109380988
2030,3,p31,Northeastern New Mexico Regional Landfill,402854,Syncarpha Eagle Nest,NM,15749.47433555282
2030,3,p31,Northeastern New Mexico Regional Landfill,403412,Syncarpha El Rito,NM,12471.930244406049
2030,3,p31,Northeastern New Mexico Regional Landfill,403413,Syncarpha Questa,NM,10235.11193377013
2030,3,p31,Northeastern New Mexico Regional Landfill,403411,Syncarpha Taos,NM,5593.771311017517
2030,3,p31,Northeastern New Mexico Regional Landfill,404618,Taos Mesa Energy Facility Hybrid,NM,1192.598142173722
2030,3,p31,Northeastern New Mexico Regional Landfill,403011,Vista Solar Energy Center,NM,3843.419240267818
2030,3,p31,City of Clovis Landfill,400354,WSMR I,NM,15246.509232951817
2030,3,p31,Apache Junction Landfill,405245,Wal-Mart Truth or Consequences PV,NM,86237.19173776855
2030,3,p47,City of Clovis Landfill,400979,"Caprock Solar 1, LLC",NM,466.5252799081206
2030,3,p47,City of Clovis Landfill,404980,Chaves County Solar II,NM,615.3202333904411
2030,3,p47,City of Clovis Landfill,401681,"Chaves Solar, LLC",NM,301.20621657922004
2030,3,p47,City of Clovis Landfill,400614,GSE NM1,NM,29522.7657753225
2030,3,p47,City of Clovis Landfill,404982,Hayhurst New Mexico Solar,NM,1745.593682074722
2030,3,p47,City of Clovis Landfill,402530,Middle Daisy,NM,3998.932499701283
2030,3,p47,City of Clovis Landfill,401682,"Roswell Solar, LLC",NM,273.64754781223286
2030,3,p47,City of Clovis Landfill,400546,SEV NM Phase 2,NM,13915.59967863459
2030,3,p47,City of Clovis Landfill,400260,SPS1 Dollarhide,NM,3621.61422614363
2030,3,p47,City of Clovis Landfill,400261,SPS2 Jal,NM,3141.660087866725
2030,3,p47,City of Clovis Landfill,400262,SPS3 Lea,NM,2689.666254289487
2030,3,p47,City of Clovis Landfill,400264,SPS5 Hopi,NM,4081.633492097141
2030,3,p47,City of Clovis Landfill,404698,SoCore Clovis 1,NM,676.439963150536
2030,3,p48,City of Clovis Landfill,406439,"BESSP1, LLC",TX,458.04567765060307
2030,3,p48,City of Clovis Landfill,405590,"Hecate Energy Frye Solar, LLC",TX,134.1397658923701
2030,3,p57,Victoria Landfill,404918,"Hecate Energy Upshur Rural, LLC",TX,6755.382951492251
2030,3,p59,City of Clovis Landfill,402666,Fort Bliss (DEA EPIC),TX,11165.16934729839
2030,3,p59,City of Clovis Landfill,401616,Montana Solar Facility,TX,6367.513550571733
2030,3,p59,City of Clovis Landfill,401045,Newman Solar,TX,4928.001157055984
2030,3,p60,City of Clovis Landfill,403962,"ANSON Solar Center, LLC",TX,447.40521527539903
2030,3,p60,City of Clovis Landfill,403883,Azure Sky Solar,TX,547.9579851442504
2030,3,p60,City of Clovis Landfill,403232,"ENGIE Long Draw Solar, LLC",TX,270.88495344643326
2030,3,p60,City of Clovis Landfill,406252,Highpeak Solar 1,TX,4520.15024197755
2030,3,p60,City of Clovis Landfill,402721,Holstein 1 Solar Farm,TX,321.02154205207125
2030,3,p60,City of Clovis Landfill,405492,Juno Solar Project,TX,230.32016829145735
2030,3,p60,City of Clovis Landfill,402541,Lamesa II,TX,637.9139659318187
2030,3,p60,City of Clovis Landfill,401660,Lamesa Solar,TX,318.1671686109983
2030,3,p60,City of Clovis Landfill,405932,Lumina II Solar Project,TX,295.8708859804525
2030,3,p60,City of Clovis Landfill,405933,Lumina Solar Project,TX,311.3260307970063
2030,3,p60,City of Clovis Landfill,402909,Misae Solar,TX,301.81804516534174
2030,3,p60,City of Clovis Landfill,400968,"OCI Alamo 7, LLC",TX,390.9361941565628
2030,3,p60,City of Clovis Landfill,405939,Texas Solar Nova 1,TX,277.2913676640479
2030,3,p61,City of Clovis Landfill,400967,Alamo 6,TX,450.91303607150195
2030,3,p61,City of Clovis Landfill,403557,Aragorn Solar Project,TX,345.87913889841474
2030,3,p61,City of Clovis Landfill,400691,Barilla Solar,TX,921.0765700117148
2030,3,p61,City of Clovis Landfill,401946,Bluebell Solar,TX,1186.2859036115854
2030,3,p61,City of Clovis Landfill,403574,Bluebell Solar II,TX,522.4591102590574
2030,3,p61,City of Clovis Landfill,400554,"Bryan Solar, LLC",TX,3380.272311859336
2030,3,p61,City of Clovis Landfill,401463,Buckthorn Westex,TX,411.91617852493044
2030,3,p61,City of Clovis Landfill,401703,East Pecos Solar,TX,470.62194758835454
2030,3,p61,City of Clovis Landfill,405363,Galloway 1 Solar Farm,TX,400.06781414999773
2030,3,p61,City of Clovis Landfill,405494,Galloway 2 Solar Farm,TX,463.9272520720749
2030,3,p61,City of Clovis Landfill,403210,Greasewood,TX,384.00179640955935
2030,3,p61,City of Clovis Landfill,406370,Hayhurst Texas Solar,TX,677.6757846440811
2030,3,p61,City of Clovis Landfill,402304,Midway Solar-TX,TX,411.8971126136821
2030,3,p61,Victoria Landfill,400695,"OCI Alamo 4, LLC",TX,675.9353051919734
2030,3,p61,City of Clovis Landfill,401868,Pearl Solar,TX,560.0878323397254
2030,3,p61,City of Clovis Landfill,402290,RE Maplewood,TX,346.23981196848257
2030,3,p61,City of Clovis Landfill,401430,RE Roserock,TX,495.3123711717597
2030,3,p61,City of Clovis Landfill,402848,Rambler,TX,437.7138793619997
2030,3,p61,City of Clovis Landfill,402083,Solaire Holman Solar Project,TX,635.6286984850387
2030,3,p61,City of Clovis Landfill,403023,"Taygete Energy Project, LLC",TX,313.20850201909315
2030,3,p61,City of Clovis Landfill,404647,Taygete II Energy Project,TX,390.81413755828856
2030,3,p61,City of Clovis Landfill,403551,Titan Solar Project,TX,325.41113110564265
2030,3,p61,Victoria Landfill,406103,Zier Solar,TX,428.8546366110637
2030,3,p62,City of Clovis Landfill,403502,2W Permian Solar Project Hybrid,TX,306.34048962474554
2030,3,p62,City of Clovis Landfill,403697,CED Crane Solar,TX,470.401960537315
2030,3,p62,City of Clovis Landfill,401525,Castle Gap Solar Hybrid,TX,529.9554981738795
2030,3,p62,City of Clovis Landfill,404599,Emerald Grove,TX,352.20119644296915
2030,3,p62,City of Clovis Landfill,403004,Lapetus,TX,258.1474117054063
2030,3,p62,City of Clovis Landfill,403280,Oberon IA,TX,276.57484181018043
2030,3,p62,City of Clovis Landfill,403279,Oberon IB,TX,1134.0713333547055
2030,3,p62,City of Clovis Landfill,403602,Oxy Renewable Energy-Goldsmith,TX,1572.3139536742112
2030,3,p62,City of Clovis Landfill,402679,Phoebe Solar,TX,370.42334458839514
2030,3,p62,City of Clovis Landfill,403177,Prospero Solar,TX,255.2005726756929
2030,3,p62,City of Clovis Landfill,404128,Prospero Solar II,TX,261.5884600395922
2030,3,p62,City of Clovis Landfill,403070,"Roadrunner, LLC",TX,312.264933226677
2030,3,p62,City of Clovis Landfill,401805,Upton County Solar,TX,605.3906988208659
2030,3,p62,City of Clovis Landfill,402995,West of the Pecos Solar,TX,383.10183605349255
2030,3,p63,Victoria Landfill,405599,"BPL Crown Solar, LLC",TX,361.42082738414535
2030,3,p63,Victoria Landfill,404966,BPL Files Solar,TX,632.4306350564716
2030,3,p63,Victoria Landfill,403825,Briar Creek Solar 1,TX,452.2728996268799
2030,3,p63,Victoria Landfill,402610,Chisum,TX,8824.762549342944
2030,3,p63,Victoria Landfill,401697,CoServ Community Solar Station,TX,23652.352260032643
2030,3,p63,Victoria Landfill,403188,Coniglio Solar,TX,722.6543756843326
2030,3,p63,Victoria Landfill,406415,Dileo Solar,TX,624.9548256701358
2030,3,p63,Victoria Landfill,402655,Eddy II,TX,3914.214251557359
2030,3,p63,Victoria Landfill,406221,Eiffel Solar Project,TX,542.5628657250917
2030,3,p63,Victoria Landfill,405540,"Ellis Solar, LLC",TX,754.3741640516589
2030,3,p63,Victoria Landfill,403823,Elm Branch Solar 1,TX,398.59911450600333
2030,3,p63,Victoria Landfill,406206,Five Wells Solar Center - Hybrid,TX,285.14032357590577
2030,3,p63,Victoria Landfill,404567,G.S.E. One LLC,TX,1065.1039665856576
2030,3,p63,Victoria Landfill,403288,Griffin Solar,TX,11539.854287789392
2030,3,p63,Victoria Landfill,406202,Grizzly Ridge Solar,TX,477.7711971648108
2030,3,p63,Victoria Landfill,402329,Highway 56 Solar,TX,19214.845299895682
2030,3,p63,Victoria Landfill,405689,"IP Radian, LLC",TX,434.4670399081436
2030,3,p63,Victoria Landfill,403481,Impact Solar 1,TX,696.5029816506535
2030,3,p63,Victoria Landfill,403190,Kellam Solar,TX,809.9247385621277
2030,3,p63,Victoria Landfill,402421,Leon Solar,TX,9345.84144894121
2030,3,p63,Victoria Landfill,403874,Lily Solar Hybrid,TX,740.0217997782573
2030,3,p63,Victoria Landfill,402404,Marlin Solar,TX,6360.152878562861
2030,3,p63,Victoria Landfill,405794,Noble Solar,TX,3302.7992380077526
2030,3,p63,City of Clovis Landfill,405794,Noble Solar,TX,456.0088597773527
2030,3,p63,Victoria Landfill,402405,North Gainesville Solar,TX,32884.296217864314
2030,3,p63,Victoria Landfill,401933,Phantom Solar,TX,1959.5944147859266
2030,3,p63,Victoria Landfill,404872,"Pisgah Ridge Solar, LLC",TX,353.6049578428143
2030,3,p63,Victoria Landfill,406416,Pitts Dudik Solar,TX,797.7920489390868
2030,3,p63,City of Clovis Landfill,403189,Rippey Solar,TX,982.6343426458441
2030,3,p63,Victoria Landfill,404630,"Samson Solar Energy III, LLC",TX,641.8807326794275
2030,3,p63,Victoria Landfill,402652,Sterling Solar (TX),TX,5878.653014203487
2030,3,p63,Victoria Landfill,404812,Sun Valley Solar Project,TX,385.42078754591427
2030,3,p63,Victoria Landfill,404388,"TPE Erath Solar, LLC",TX,3957.3304779557147
2030,3,p63,Victoria Landfill,403457,"TPE Whitney Solar, LLC",TX,5141.949967470703
2030,3,p63,Victoria Landfill,405361,Toyota HQ Plan,TX,11815.605185166702
2030,3,p63,Victoria Landfill,405907,Verizon Hidden Ridge Solar Project,TX,74434.31837442504
2030,3,p63,Victoria Landfill,405984,Waco Solar,TX,350.7666316180101
2030,3,p63,Victoria Landfill,402306,Walnut Springs Solar,TX,11969.111905395208
2030,3,p63,Victoria Landfill,402497,West Moore Solar II,TX,12768.406653104501
2030,3,p63,Victoria Landfill,402330,Whitesboro Solar,TX,20364.414165062943
2030,3,p63,Victoria Landfill,402331,Whitesboro Solar II,TX,25478.62981708287
2030,3,p63,Victoria Landfill,402414,Whitewright Solar,TX,8355.395186121668
2030,3,p63,Victoria Landfill,402654,Yellow Jacket,TX,7625.641241165284
2030,3,p64,Victoria Landfill,405731,Austin TX GigaFactory,TX,8795.00260264126
2030,3,p64,Victoria Landfill,402203,Bandera Electric Coop PV,TX,10901.199605902539
2030,3,p64,Victoria Landfill,404721,"Blue Jay Solar I, LLC",TX,291.01377717084665
2030,3,p64,Victoria Landfill,402648,Bovine,TX,777.1506404969923
2030,3,p64,Victoria Landfill,402389,"E-Volve Energy Holdings, LLC",TX,5244.9204383878
2030,3,p64,Victoria Landfill,400227,East Blackland Solar Project 1,TX,248.49183417053854
2030,3,p64,Victoria Landfill,405101,IKEA Round Rock 027,TX,9598.876690282075
2030,3,p64,Victoria Landfill,402653,Lampwick,TX,3701.960826549612
2030,3,p64,Victoria Landfill,405613,Niagara Bottling - Seguin,TX,1840.0550318032783
2030,3,p64,Victoria Landfill,402544,PowerFin Kingsbery,TX,4049.0202069829807
2030,3,p64,Victoria Landfill,400249,Webberville Solar Project,TX,608.4923718291227
2030,3,p65,Victoria Landfill,405700,Aktina Solar,TX,143.52919551318118
2030,3,p65,Victoria Landfill,404074,"Alexis Solar, LLC",TX,4099.204493331179
2030,3,p65,Victoria Landfill,405727,Bernard Creek Solar,TX,236.20474816581628
2030,3,p65,Victoria Landfill,400081,Blue Wing Solar Energy Generation,TX,1909.42396489249
2030,3,p65,Victoria Landfill,405477,Brightside,TX,402.6615446265071
2030,3,p65,Victoria Landfill,401728,CPS 1 Community Solar,TX,29863.451892198653
2030,3,p65,Victoria Landfill,402656,Cascade Solar (TX),TX,1885.5778989766568
2030,3,p65,Victoria Landfill,403987,Catan Solar,TX,1335.323497485458
2030,3,p65,Victoria Landfill,403091,Commerce Solar,TX,5994.866551395251
2030,3,p65,Victoria Landfill,404247,"Corazon Energy, LLC",TX,286.87453665062463
2030,3,p65,Victoria Landfill,404062,Elara Solar,TX,331.3546406295885
2030,3,p65,Victoria Landfill,404359,FELPS 1-Calaveras,TX,38303.8396996781
2030,3,p65,Victoria Landfill,404361,FELPS 2-Calaveras,TX,25574.48335264715
2030,3,p65,Victoria Landfill,404362,FELPS 3-Floresville South,TX,20307.204455652005
2030,3,p65,Victoria Landfill,404363,FELPS 4-Floresville South,TX,20310.231462085354
2030,3,p65,Victoria Landfill,404364,FELPS 5-Floresville South,TX,20315.57575269009
2030,3,p65,Victoria Landfill,404739,FELPS 6- Floresville West,TX,26977.07377231343
2030,3,p65,Victoria Landfill,404740,FELPS 7- Floresville West,TX,23982.572935073396
2030,3,p65,Victoria Landfill,406516,Ganado Solar,TX,129.74373363489678
2030,3,p65,Victoria Landfill,405801,Horizon Solar,TX,276.2489954483652
2030,3,p65,Victoria Landfill,405380,IKEA Live Oak Rooftop PV System,TX,20023.972589548546
2030,3,p65,Victoria Landfill,403343,Mars Solar,TX,5456.635893336526
2030,3,p65,Victoria Landfill,404877,Nebula Solar,TX,507.7274364005605
2030,3,p65,Victoria Landfill,400694,"OCI Alamo 2, LLC",TX,7488.394880867426
2030,3,p65,Victoria Landfill,400965,"OCI Alamo 3, LLC",TX,6760.5187868157445
2030,3,p65,Victoria Landfill,400966,"OCI Alamo 5, LLC",TX,581.4395152274094
2030,3,p65,Victoria Landfill,400593,OCI Alamo Solar I Hybrid,TX,1127.8698675746866
2030,3,p65,Victoria Landfill,405809,Shakes Solar,TX,280.7535964196657
2030,3,p65,Victoria Landfill,405545,Sparta Solar,TX,207.52524100515265
2030,3,p65,Victoria Landfill,400379,"SunE CPS1, LLC",TX,3278.027267841814
2030,3,p65,Victoria Landfill,400364,"SunE CPS2, LLC",TX,3753.7316738726645
2030,3,p65,Victoria Landfill,400353,"SunE CPS3, LLC",TX,2805.5013123957674
2030,3,p65,Victoria Landfill,406032,Tres Bahias,TX,92.13201653258082
2030,3,p65,Victoria Landfill,404878,Vancourt Solar Interconnections,TX,1128.275696002929
2030,3,p66,Victoria Landfill,406386,Umbriel Solar,TX,431.50933719495214
2030,3,p67,Victoria Landfill,404939,Brazoria County Solar Project (Danciger),TX,206.62468588102698
2030,3,p67,Victoria Landfill,404681,Brazoria West,TX,220.5542896750508
2030,3,p67,Victoria Landfill,402649,Bronson,TX,1308.512112231084
2030,3,p67,Victoria Landfill,406178,"Cutlass Solar 1, LLC",TX,179.37911428786916
2030,3,p67,Victoria Landfill,404587,Fighting Jays Solar Project,TX,201.59289560161676
2030,3,p67,Victoria Landfill,405564,"Fort Bend Solar, LLC",TX,190.33726874136678
2030,3,p67,Victoria Landfill,404853,"Longbow Solar, LLC",TX,376.35867699085424
2030,3,p67,Victoria Landfill,403514,Wagyu,TX,240.2088792041729
2030,4,p12,Apex Regional Landfill,402144,Battle Mountain Solar Project,NV,700.749956993668
2030,4,p12,Apex Regional Landfill,405025,Brady,NV,36210.2836962702
2030,4,p12,Apex Regional Landfill,405553,Dodge Flat,NV,793.2480827247279
2030,4,p12,Apex Regional Landfill,402609,"EGP Stillwater Solar PV II, LLC",NV,1533.2861738787012
2030,4,p12,Apex Regional Landfill,404659,Fish Springs,NV,722.8803537509839
2030,4,p12,Apex Regional Landfill,401086,Ft. Churchill PV,NV,3025.357050165828
2030,4,p12,Apex Regional Landfill,402130,Luning Energy,NV,517.3458164263802
2030,4,p12,Apex Regional Landfill,403107,NVSS-II,NV,359.9433611826528
2030,4,p12,Apex Regional Landfill,400468,"Patua Acquisition Project, LLC",NV,3411.543873642183
2030,4,p12,Apex Regional Landfill,405023,Steamboat II,NV,54624.812914829585
2030,4,p12,Apex Regional Landfill,405024,Steamboat III,NV,54653.43019621381
2030,4,p12,Apex Regional Landfill,400029,Stillwater Facility,NV,1411.6341217935574
2030,4,p12,Apex Regional Landfill,401318,Sunshine Valley Solar,NV,212.00957543321263
2030,4,p12,Apex Regional Landfill,405026,TS Power Plant,NV,697.424013335564
2030,4,p12,Apex Regional Landfill,405576,Tesla Reno GigaFactory,NV,6352.610311397086
2030,4,p12,Apex Regional Landfill,401943,Tungsten Mountain,NV,3843.5354260730737
2030,4,p12,Apex Regional Landfill,403308,Turquoise Liberty Solar,NV,4336.164116775986
2030,4,p12,Apex Regional Landfill,403884,"Turquoise Nevada, LLC",NV,1150.277177510683
2030,4,p13,Apex Regional Landfill,400555,Apex Solar PV Power Project,NV,247.3118526721933
2030,4,p13,Apex Regional Landfill,405385,Arrow Canyon Solar Hybrid,NV,182.93075032051388
2030,4,p13,Apex Regional Landfill,402017,"Boulder Solar II, LLC",NV,137.26980526587633
2030,4,p13,Apex Regional Landfill,401649,"Boulder Solar Power, LLC",NV,93.35342699081498
2030,4,p13,Apex Regional Landfill,400059,CM10,NV,544.4744589907242
2030,4,p13,Apex Regional Landfill,400086,CM48,NV,143.61698639338567
2030,4,p13,Apex Regional Landfill,400363,Copper Mountain Solar 2,NV,113.61629219070358
2030,4,p13,Apex Regional Landfill,400802,Copper Mountain Solar 3,NV,76.35743293114187
2030,4,p13,Apex Regional Landfill,401308,"Copper Mountain Solar 4, LLC",NV,97.32045862655421
2030,4,p13,Apex Regional Landfill,403688,"Copper Mountain Solar 5, LLC",NV,96.02817325134119
2030,4,p13,Apex Regional Landfill,405358,Dignity - San Martin,NV,1642.4458620723217
2030,4,p13,Apex Regional Landfill,405355,Dignity - Siena Campus,NV,1592.312365602003
2030,4,p13,Apex Regional Landfill,405556,Dry Lake Solar Energy Center,NV,101.48039136034096
2030,4,p13,Apex Regional Landfill,405495,Gemini Solar,NV,91.61739473123903
2030,4,p13,Apex Regional Landfill,403386,"Harry Allen Solar Energy, LLC",NV,86.55376259856301
2030,4,p13,Apex Regional Landfill,406090,IGS LAS1,NV,3772.154750414747
2030,4,p13,Apex Regional Landfill,406089,IGS VGT,NV,1777.762667110857
2030,4,p13,Apex Regional Landfill,405309,IKEA Las Vegas 462,NV,3227.029708788448
2030,4,p13,Apex Regional Landfill,400545,Las Vegas WPCF Solar Plant,NV,296.44104722366836
2030,4,p13,Apex Regional Landfill,400313,Moapa Southern Paiute,NV,99.05175485702394
2030,4,p13,Apex Regional Landfill,400600,Mountain View Solar,NV,275.1679043289818
2030,4,p13,Apex Regional Landfill,400036,Nellis Air Force Base Solar Array,NV,176.8683550513453
2030,4,p13,Apex Regional Landfill,401381,Nellis Solar PV II,NV,107.35415986080045
2030,4,p13,Apex Regional Landfill,401319,"Playa Solar 1, LLC",NV,105.67041392496336
2030,4,p13,Apex Regional Landfill,401596,Playa Solar 2,NV,85.57586430432065
2030,4,p13,Apex Regional Landfill,401274,River Mountains Solar,NV,222.21328693373272
2030,4,p13,Mohave Valley Landfill,401042,Searchlight Solar,NV,829.6855398203955
2030,4,p13,Apex Regional Landfill,400166,Silver State Solar Power North,NV,177.47945219826315
2030,4,p13,Apex Regional Landfill,400658,Silver State Solar Power South,NV,126.86338245945203
2030,4,p13,Apex Regional Landfill,405246,"Solar Las Vegas MB 2, LLC",NV,864.7010235754835
2030,4,p13,Apex Regional Landfill,405188,Solar Las Vegas MB-1,NV,273.87688621976406
2030,4,p13,Apex Regional Landfill,400556,Spectrum Solar PV Power Project,NV,131.34981188550768
2030,4,p13,Apex Regional Landfill,402485,"Techren Solar I, LLC",NV,96.94979618484915
2030,4,p13,Apex Regional Landfill,402690,"Techren Solar II, LLC",NV,90.13643736843966
2030,4,p13,Apex Regional Landfill,402691,"Techren Solar III, LLC",NV,220.77548444761612
2030,4,p13,Apex Regional Landfill,402692,"Techren Solar IV, LLC",NV,204.38304630799115
2030,4,p13,Apex Regional Landfill,403001,Techren Solar V,NV,126.27617378694248
2030,4,p13,Apex Regional Landfill,401851,Townsite Solar Project Hybrid,NV,78.61287361713467
2030,4,p13,Apex Regional Landfill,406448,Yellow Pine II,NV,332.2286732817543
2030,4,p13,Apex Regional Landfill,404971,Yellow Pine Solar,NV,167.31035122136382
2030,4,p27,Mohave Valley Landfill,400374,"Black Mountain Solar, LLC",AZ,133.9511569802268
2030,4,p27,Mohave Valley Landfill,402236,Gray Hawk Solar,AZ,134.87559153108307
2030,4,p27,Mohave Valley Landfill,401819,Jacobson 5 MW Solar,AZ,410.71328734413606
2030,4,p27,Mohave Valley Landfill,400199,La Senita,AZ,1432.3220987474533
2030,4,p27,Mohave Valley Landfill,403718,Mohave Electric Cooperative at Joy Lane,AZ,55.06356835750344
2030,4,p27,Mohave Valley Landfill,401311,Mohave Electric at Fort Mohave,AZ,80.02091668246338
2030,4,p27,Mohave Valley Landfill,406478,Mohave Energy - Hybrid,AZ,46.959501678872705
2030,4,p28,Apache Junction Landfill,405418,AZ State University - Tempe Campus Solar,AZ,2073.9879843045655
2030,4,p28,South Yuma County Landfill,400148,Agua Caliente Solar Project,AZ,138.4361395933101
2030,4,p28,Apache Junction Landfill,402067,Apache Solar 1,AZ,1412.749837320995
2030,4,p28,South Yuma County Landfill,400274,Arizona Western College PV,AZ,349.5200225009742
2030,4,p28,Apache Junction Landfill,400240,Arlington Valley Solar Energy II,AZ,185.4564883035185
2030,4,p28,Apache Junction Landfill,400437,Badger 1,AZ,886.2145517628512
2030,4,p28,Apache Junction Landfill,401688,Bonnybrooke PV,AZ,162.01503134105857
2030,4,p28,Apache Junction Landfill,400371,Buckeye Union HS District 201,AZ,3439.4468287372606
2030,4,p28,Apache Junction Landfill,405635,"Central Line Solar, LLC",AZ,147.93509452558774
2030,4,p28,Apache Junction Landfill,400201,Chino Solar Valley,AZ,986.1713985628785
2030,4,p28,Apache Junction Landfill,400202,Cotton Center Solar Hybrid,AZ,725.7007239484376
2030,4,p28,Apache Junction Landfill,401069,Desert Star Hybrid,AZ,1476.3432480892009
2030,4,p28,Apache Junction Landfill,403257,East Line Solar,AZ,132.47292685780133
2030,4,p28,Apache Junction Landfill,406171,Eleven Mile Solar Center,AZ,101.39981960558907
2030,4,p28,Apache Junction Landfill,405244,Estrella Mountain PV,AZ,4970.919111846634
2030,4,p28,South Yuma County Landfill,400349,Foothills Solar Plant Hybrid,AZ,102.24008194128544
2030,4,p28,Apache Junction Landfill,400825,Fort Huachuca Solar PV Project,AZ,2754.8287950515696
2030,4,p28,Apache Junction Landfill,400845,Gila Bend Hybrid,AZ,393.8704960031521
2030,4,p28,Apache Junction Landfill,400599,"Gilbert Solar Facility I, LLC",AZ,1215.0502608963584
2030,4,p28,South Yuma County Landfill,400507,Hyder II Hybrid,AZ,984.1254305216916
2030,4,p28,South Yuma County Landfill,400204,Hyder Solar Hybrid,AZ,1707.7973921014723
2030,4,p28,Apache Junction Landfill,405282,Intel - Ocotillo Campus Solar,AZ,1293.164637251064
2030,4,p28,Apache Junction Landfill,405125,Jewish Community Center PV,AZ,5346.68640674257
2030,4,p28,Apache Junction Landfill,402234,Kayenta Solar Project,AZ,875.8668596116282
2030,4,p28,Apache Junction Landfill,400595,Lake Pleasant WTP,AZ,1640.6815366994292
2030,4,p28,Apache Junction Landfill,400128,Luke Solar,AZ,982.9098584641536
2030,4,p28,Apache Junction Landfill,405068,Macys Goodyear,AZ,3482.1822816805848
2030,4,p28,South Yuma County Landfill,406279,McFarland A Solar and Storage,AZ,185.11851796136582
2030,4,p28,Apache Junction Landfill,405617,Mesa Carport PV,AZ,220.10832512073839
2030,4,p28,Apache Junction Landfill,404512,Mesa Solar Array,AZ,248.55908960018033
2030,4,p28,Apache Junction Landfill,400250,Mesquite Solar 1,AZ,243.05706888180768
2030,4,p28,Apache Junction Landfill,401621,"Mesquite Solar 2, LLC",AZ,179.40616838715655
2030,4,p28,Apache Junction Landfill,401622,"Mesquite Solar 3, LLC",AZ,157.31245402637424
2030,4,p28,Apache Junction Landfill,406038,"Mesquite Solar 4, LLC",AZ,364.7339601778713
2030,4,p28,Apache Junction Landfill,404922,"Mesquite Solar 5, LLC",AZ,292.9644763753224
2030,4,p28,Mohave Valley Landfill,403572,OE_AZ1,AZ,674.9701325932714
2030,4,p28,Apache Junction Landfill,400203,Paloma Solar Hybrid,AZ,779.7357221952932
2030,4,p28,Apache Junction Landfill,405126,Paradise Valley H.S. PV,AZ,4282.2457999708495
2030,4,p28,Apache Junction Landfill,405150,Phoenix Airport East Economy Lot,AZ,6743.937772703228
2030,4,p28,Apache Junction Landfill,405151,Phoenix Airport Rental Car Center,AZ,3951.920382896791
2030,4,p28,Apache Junction Landfill,402528,Pinal Central Energy Center Hybrid,AZ,400.6497935678189
2030,4,p28,Apache Junction Landfill,400125,"Poseidon Solar, LLC",AZ,182.2434665641394
2030,4,p28,Apache Junction Landfill,400031,Prescott Airport,AZ,7241.944736831234
2030,4,p28,Apache Junction Landfill,400401,Prescott Solar Plant,AZ,1718.3271213926253
2030,4,p28,Apache Junction Landfill,400323,Queen Creek Solar Farm,AZ,127.54260711811499
2030,4,p28,Mohave Valley Landfill,400289,"RE Bagdad Solar I, LLC",AZ,1047.10681332566
2030,4,p28,Apache Junction Landfill,405132,"RE Gillespie 1, LLC",AZ,994.7630294053301
2030,4,p28,Apache Junction Landfill,400758,Red Horse 2,AZ,419.26745790671265
2030,4,p28,Apache Junction Landfill,401609,Red Horse III,AZ,659.6993029477907
2030,4,p28,Apache Junction Landfill,401726,Red Rock,AZ,315.39652165650597
2030,4,p28,Apache Junction Landfill,406380,SR McNeal,AZ,2006.0064900940188
2030,4,p28,Apache Junction Landfill,400416,Saddle Mountain Solar I,AZ,1373.1420347622873
2030,4,p28,Apache Junction Landfill,403674,Saint Solar,AZ,144.97246212525573
2030,4,p28,Apache Junction Landfill,401214,Sandstone Solar,AZ,152.69222528829098
2030,4,p28,Apache Junction Landfill,405029,Solana Generating Station,AZ,178.5321002296215
2030,4,p28,Apache Junction Landfill,406275,Sonoran Solar Energy,AZ,132.26543092394644
2030,4,p28,Apache Junction Landfill,406034,Storey Solar and Storage,AZ,102.59988013577991
2030,4,p28,Apache Junction Landfill,401664,Sulphur Springs,AZ,1366.234896349808
2030,4,p28,Apache Junction Landfill,403643,Sun Streams 2,AZ,164.42749490221837
2030,4,p28,Apache Junction Landfill,406517,Sun Streams 3,AZ,209.16372961505996
2030,4,p28,Apache Junction Landfill,401975,"Sun Streams, LLC",AZ,159.96842120395937
2030,4,p28,Apache Junction Landfill,405311,T0588 Phoenix - AZ,AZ,6976.478280543088
2030,4,p28,Apache Junction Landfill,405134,Union HS at Casa Grande,AZ,5619.087812381522
2030,4,p28,Apache Junction Landfill,405135,Vista Grande HS at Casa Grande,AZ,4618.309300788196
2030,4,p28,Apache Junction Landfill,400334,Walmart Casa Grande,AZ,3145.7355266308073
2030,4,p28,Apache Junction Landfill,406098,"West Line Solar, LLC",AZ,149.09687690196907
2030,4,p29,Apache Junction Landfill,400014,Springerville,AZ,690.8371549271501
2030,4,p30,Apache Junction Landfill,405143,Actus Lend Lease DMAFB,AZ,4219.867967091754
2030,4,p30,Apache Junction Landfill,405611,Amazon TUS2,AZ,4006.7961612209474
2030,4,p30,Apache Junction Landfill,405268,Amphitheater High School Solar,AZ,9022.755067741806
2030,4,p30,Apache Junction Landfill,400939,Avalon Solar,AZ,599.1697087315384
2030,4,p30,Apache Junction Landfill,401479,Avalon Solar II,AZ,642.7886460351792
2030,4,p30,Apache Junction Landfill,400226,Avra Valley Solar,AZ,417.5463920160903
2030,4,p30,Apache Junction Landfill,404704,Broadway 2 - Tucson Phase II,AZ,3283.9303103806446
2030,4,p30,Apache Junction Landfill,405768,Broadway 3 - Tucson Phase I,AZ,7793.811204300131
2030,4,p30,Apache Junction Landfill,405269,Canyon Del Oro High School Solar,AZ,2154.452587562266
2030,4,p30,Apache Junction Landfill,400757,Cogenra-TEP,AZ,9540.135010115748
2030,4,p30,Apache Junction Landfill,401295,Davis Monthan AFB (AZ) West Airfield,AZ,926.4526350927205
2030,4,p30,Apache Junction Landfill,400330,FRB Solar Farm,AZ,5012.6179219288015
2030,4,p30,Apache Junction Landfill,400761,"Gato Montes Solar, LLC",AZ,1939.1286811837265
2030,4,p30,Apache Junction Landfill,404536,Iron Horse Battery Storage Hybrid,AZ,5313.579796185973
2030,4,p30,Apache Junction Landfill,400552,"Picture Rocks Solar, LLC",AZ,1204.6595532933193
2030,4,p30,Apache Junction Landfill,405374,Pima Community College,AZ,13839.294651375607
2030,4,p30,Apache Junction Landfill,405303,Pima Community College - East Campus,AZ,8525.46464285064
2030,4,p30,Apache Junction Landfill,405516,Pima Community College NW,AZ,6459.365173635562
2030,4,p30,Apache Junction Landfill,400408,Prairie Fire,AZ,2131.831767430476
2030,4,p30,Apache Junction Landfill,400290,"RE Ajo 1, LLC",AZ,2276.6432640092885
2030,4,p30,Apache Junction Landfill,404926,Raptor Ridge,AZ,954.401636755928
2030,4,p30,Apache Junction Landfill,400857,Rio Rico Solar,AZ,3146.0232521555427
2030,4,p30,Apache Junction Landfill,400193,Roger Road WWTP,AZ,8742.858934545951
2030,4,p30,Apache Junction Landfill,401076,Tech Park Solar,AZ,2705.634155952307
2030,4,p30,Apache Junction Landfill,400156,UASTP I,AZ,8855.387442298696
2030,4,p30,Apache Junction Landfill,401075,Valencia Solar,AZ,1305.3867651245364
2030,4,p30,Apache Junction Landfill,404187,"Wilmot Energy Center, LLC",AZ,233.4484383918428
2030,4,p31,City of Clovis Landfill,400211,Alamogordo Solar Energy Center,NM,20633.301636415108
2030,4,p31,Northeastern New Mexico Regional Landfill,400206,Albuquerque Solar Energy Center,NM,18801.531485877673
2030,4,p31,Northeastern New Mexico Regional Landfill,403675,Alcalde Solar Array,NM,9502.050652733447
2030,4,p31,Apache Junction Landfill,401595,Alta Luna,NM,1842.5834516892903
2030,4,p31,Northeastern New Mexico Regional Landfill,404724,Angel Fire Energy Facility,NM,888.531819638664
2030,4,p31,Northeastern New Mexico Regional Landfill,405469,Arroyo Solar Energy Storage Hybrid,NM,410.362286533464
2030,4,p31,Northeastern New Mexico Regional Landfill,403321,Bluewater CDEC 1,NM,21042.40679650559
2030,4,p31,Northeastern New Mexico Regional Landfill,403736,Britton Solar Energy Center,NM,543.6680147532032
2030,4,p31,City of Clovis Landfill,404981,Buena Vista Energy Center,NM,439.24459416147744
2030,4,p31,Northeastern New Mexico Regional Landfill,402876,CNMEC Solar Energy Center,NM,13945.697575058792
2030,4,p31,City of Clovis Landfill,402519,Carrizozo Solar,NM,12154.222203099134
2030,4,p31,Northeastern New Mexico Regional Landfill,401202,Cibola,NM,4313.226138347131
2030,4,p31,Northeastern New Mexico Regional Landfill,400104,Cimarron Solar Facility,NM,206.67417259425005
2030,4,p31,Apache Junction Landfill,402988,City of Gallup Solar,NM,7108.146747455576
2030,4,p31,Northeastern New Mexico Regional Landfill,403604,City of Rio Rancho WWTP,NM,29547.42351280512
2030,4,p31,Apache Junction Landfill,401225,City of Truth or Consequences PV,NM,33773.37771166328
2030,4,p31,Apache Junction Landfill,402177,Columbus Solar Project,NM,27693.82746339211
2030,4,p31,Northeastern New Mexico Regional Landfill,404748,"Cuba 2.5ac, LLC",NM,10627.464338168287
2030,4,p31,Apache Junction Landfill,400209,Deming Solar Energy Center,NM,9107.219516451221
2030,4,p31,Northeastern New Mexico Regional Landfill,403868,Encino Solar Energy Center,NM,664.438438336776
2030,4,p31,Northeastern New Mexico Regional Landfill,401038,Eubank Landfill Solar Array,NM,16620.55229665235
2030,4,p31,Northeastern New Mexico Regional Landfill,402441,Facebook 1 Solar Energy Center,NM,3112.2887927488578
2030,4,p31,Northeastern New Mexico Regional Landfill,402442,Facebook 2 Solar Energy Center,NM,2996.356223420177
2030,4,p31,Northeastern New Mexico Regional Landfill,402443,Facebook 3 Solar Energy Center,NM,2998.8462612338317
2030,4,p31,Northeastern New Mexico Regional Landfill,403322,Grants CDEC 2,NM,9757.791710895592
2030,4,p31,Apache Junction Landfill,400216,"Hatch Solar Energy Center I, LLC",NM,11767.56043974902
2030,4,p31,City of Clovis Landfill,401617,Holloman Solar Facility,NM,9067.78192646968
2030,4,p31,Northeastern New Mexico Regional Landfill,406109,"Jicarilla Solar 1, LLC",NM,899.8340662983765
2030,4,p31,Northeastern New Mexico Regional Landfill,400427,Kit Carson,NM,11756.980356433285
2030,4,p31,Northeastern New Mexico Regional Landfill,400210,Las Vegas Solar Energy Center,NM,2629.0234940753344
2030,4,p31,Northeastern New Mexico Regional Landfill,400434,Los Alamos PV Site,NM,19388.392973982307
2030,4,p31,Northeastern New Mexico Regional Landfill,400207,Los Lunas Solar Energy Center,NM,4906.618571983948
2030,4,p31,Apache Junction Landfill,400838,Macho Springs,NM,1650.7347744407882
2030,4,p31,Northeastern New Mexico Regional Landfill,400582,Manzano Solar,NM,4783.241628796635
2030,4,p31,Northeastern New Mexico Regional Landfill,401201,Meadow Lake Solar Energy Center,NM,4519.179509372248
2030,4,p31,Northeastern New Mexico Regional Landfill,406177,"NMRD Data Center III, LLC",NM,586.3736760834003
2030,4,p31,City of Clovis Landfill,405693,NMSU Solar and Storage,NM,19529.24975709293
2030,4,p31,Northeastern New Mexico Regional Landfill,406375,OE_ESCL,NM,492.4983880419877
2030,4,p31,City of Clovis Landfill,400581,Otero Solar,NM,5832.855056380652
2030,4,p31,Northeastern New Mexico Regional Landfill,400146,Questa Solar Facility,NM,15531.221717697315
2030,4,p31,Northeastern New Mexico Regional Landfill,403178,"RC Energy AA, LLC Solar Facility",NM,25903.806954947773
2030,4,p31,Northeastern New Mexico Regional Landfill,401566,Rio Communities Solar Energy Center,NM,5341.75431198862
2030,4,p31,Northeastern New Mexico Regional Landfill,403084,Rio De Oro Solar Energy Center,NM,3154.5208962158667
2030,4,p31,Northeastern New Mexico Regional Landfill,400624,Rio Rancho High School,NM,32855.05233485045
2030,4,p31,City of Clovis Landfill,400135,Roadrunner Solar,NM,3114.9403160505644
2030,4,p31,Northeastern New Mexico Regional Landfill,404648,"Route 66 Energy Center, LLC",NM,1113.376290951224
2030,4,p31,Northeastern New Mexico Regional Landfill,403387,San Miguel I Solar Energy Center,NM,1827.945797330872
2030,4,p31,Northeastern New Mexico Regional Landfill,405458,San Miguel II Solar Energy Center,NM,1522.76953579342
2030,4,p31,Northeastern New Mexico Regional Landfill,401161,Sandoval Solar Energy Center,NM,4571.090595690189
2030,4,p31,Northeastern New Mexico Regional Landfill,401564,Santa Fe Solar Energy Center,NM,2433.1536122066286
2030,4,p31,Northeastern New Mexico Regional Landfill,401565,Santolina Solar Energy Center,NM,2899.38212275756
2030,4,p31,Apache Junction Landfill,400596,Silver City WWTP PV Project,NM,40835.79588996569
2030,4,p31,Northeastern New Mexico Regional Landfill,406343,Sky Ranch Solar,NM,366.59599315613673
2030,4,p31,Northeastern New Mexico Regional Landfill,401563,South Valley Solar Energy Center,NM,4867.860591078513
2030,4,p31,Northeastern New Mexico Regional Landfill,401162,Springer Solar 1,NM,6073.656879344453
2030,4,p31,Northeastern New Mexico Regional Landfill,400735,Storrie Lake Solar Project,NM,9755.176645215743
2030,4,p31,Northeastern New Mexico Regional Landfill,400623,Sue Cleveland High School,NM,25697.680773662367
2030,4,p31,City of Clovis Landfill,400343,"SunE EPE1, LLC",NM,6399.401313012694
2030,4,p31,City of Clovis Landfill,400342,"SunE EPE2, LLC",NM,4566.03109380988
2030,4,p31,Northeastern New Mexico Regional Landfill,402854,Syncarpha Eagle Nest,NM,10511.14665033521
2030,4,p31,Northeastern New Mexico Regional Landfill,403412,Syncarpha El Rito,NM,14026.610114969302
2030,4,p31,Northeastern New Mexico Regional Landfill,403413,Syncarpha Questa,NM,10235.11193377013
2030,4,p31,Northeastern New Mexico Regional Landfill,403411,Syncarpha Taos,NM,6520.317982870435
2030,4,p31,Northeastern New Mexico Regional Landfill,404618,Taos Mesa Energy Facility Hybrid,NM,1047.8347843895062
2030,4,p31,Northeastern New Mexico Regional Landfill,403011,Vista Solar Energy Center,NM,3081.6336481942544
2030,4,p31,City of Clovis Landfill,400354,WSMR I,NM,15246.509232951817
2030,4,p31,Apache Junction Landfill,405245,Wal-Mart Truth or Consequences PV,NM,64689.46805832641
2030,4,p47,City of Clovis Landfill,400979,"Caprock Solar 1, LLC",NM,530.6884015092804
2030,4,p47,City of Clovis Landfill,404980,Chaves County Solar II,NM,681.7576561338233
2030,4,p47,City of Clovis Landfill,401681,"Chaves Solar, LLC",NM,301.20621657922004
2030,4,p47,City of Clovis Landfill,400614,GSE NM1,NM,13130.886693865557
2030,4,p47,City of Clovis Landfill,404982,Hayhurst New Mexico Solar,NM,2239.368040181786
2030,4,p47,City of Clovis Landfill,402530,Middle Daisy,NM,3600.777592601154
2030,4,p47,City of Clovis Landfill,401682,"Roswell Solar, LLC",NM,302.1213388247032
2030,4,p47,City of Clovis Landfill,400546,SEV NM Phase 2,NM,17390.153741118233
2030,4,p47,City of Clovis Landfill,400260,SPS1 Dollarhide,NM,3621.61422614363
2030,4,p47,City of Clovis Landfill,400261,SPS2 Jal,NM,3141.660087866725
2030,4,p47,City of Clovis Landfill,400262,SPS3 Lea,NM,2689.666254289487
2030,4,p47,City of Clovis Landfill,400264,SPS5 Hopi,NM,3178.4668113422204
2030,4,p47,City of Clovis Landfill,404698,SoCore Clovis 1,NM,478.7230028153753
2030,4,p48,City of Clovis Landfill,406439,"BESSP1, LLC",TX,458.04567765060307
2030,4,p48,City of Clovis Landfill,405590,"Hecate Energy Frye Solar, LLC",TX,134.1397658923701
2030,4,p57,Victoria Landfill,404918,"Hecate Energy Upshur Rural, LLC",TX,7871.362994440961
2030,4,p59,City of Clovis Landfill,402666,Fort Bliss (DEA EPIC),TX,9771.696107473592
2030,4,p59,City of Clovis Landfill,401616,Montana Solar Facility,TX,8484.223591195643
2030,4,p59,City of Clovis Landfill,401045,Newman Solar,TX,3700.346724966989
2030,4,p60,City of Clovis Landfill,403962,"ANSON Solar Center, LLC",TX,447.40521527539903
2030,4,p60,City of Clovis Landfill,403883,Azure Sky Solar,TX,547.9579851442504
2030,4,p60,City of Clovis Landfill,403232,"ENGIE Long Draw Solar, LLC",TX,307.099456981638
2030,4,p60,City of Clovis Landfill,406252,Highpeak Solar 1,TX,4520.15024197755
2030,4,p60,City of Clovis Landfill,402721,Holstein 1 Solar Farm,TX,321.02154205207125
2030,4,p60,City of Clovis Landfill,405492,Juno Solar Project,TX,230.32016829145735
2030,4,p60,City of Clovis Landfill,402541,Lamesa II,TX,741.3357221371219
2030,4,p60,City of Clovis Landfill,401660,Lamesa Solar,TX,318.1671686109983
2030,4,p60,City of Clovis Landfill,405932,Lumina II Solar Project,TX,295.8708859804525
2030,4,p60,City of Clovis Landfill,405933,Lumina Solar Project,TX,311.3260307970063
2030,4,p60,City of Clovis Landfill,402909,Misae Solar,TX,301.81804516534174
2030,4,p60,City of Clovis Landfill,400968,"OCI Alamo 7, LLC",TX,437.63028983863313
2030,4,p60,City of Clovis Landfill,405939,Texas Solar Nova 1,TX,277.2913676640479
2030,4,p61,City of Clovis Landfill,400967,Alamo 6,TX,402.7430796968907
2030,4,p61,City of Clovis Landfill,403557,Aragorn Solar Project,TX,345.87913889841474
2030,4,p61,City of Clovis Landfill,400691,Barilla Solar,TX,921.0765700117148
2030,4,p61,City of Clovis Landfill,401946,Bluebell Solar,TX,991.4688244596546
2030,4,p61,City of Clovis Landfill,403574,Bluebell Solar II,TX,522.4591102590574
2030,4,p61,City of Clovis Landfill,400554,"Bryan Solar, LLC",TX,3380.272311859336
2030,4,p61,City of Clovis Landfill,401463,Buckthorn Westex,TX,411.91617852493044
2030,4,p61,City of Clovis Landfill,401703,East Pecos Solar,TX,413.96713272731023
2030,4,p61,Victoria Landfill,405363,Galloway 1 Solar Farm,TX,855.0832345250033
2030,4,p61,City of Clovis Landfill,405363,Galloway 1 Solar Farm,TX,377.000917734843
2030,4,p61,City of Clovis Landfill,405494,Galloway 2 Solar Farm,TX,463.9272520720749
2030,4,p61,City of Clovis Landfill,403210,Greasewood,TX,331.62774387962224
2030,4,p61,City of Clovis Landfill,406370,Hayhurst Texas Solar,TX,677.6757846440811
2030,4,p61,City of Clovis Landfill,402304,Midway Solar-TX,TX,411.8971126136821
2030,4,p61,Victoria Landfill,400695,"OCI Alamo 4, LLC",TX,675.9353051919734
2030,4,p61,City of Clovis Landfill,401868,Pearl Solar,TX,560.0878323397254
2030,4,p61,City of Clovis Landfill,402290,RE Maplewood,TX,401.0492091798963
2030,4,p61,City of Clovis Landfill,401430,RE Roserock,TX,358.76124475125704
2030,4,p61,City of Clovis Landfill,402848,Rambler,TX,437.7138793619997
2030,4,p61,City of Clovis Landfill,402083,Solaire Holman Solar Project,TX,635.6286984850387
2030,4,p61,City of Clovis Landfill,403023,"Taygete Energy Project, LLC",TX,313.20850201909315
2030,4,p61,City of Clovis Landfill,404647,Taygete II Energy Project,TX,390.81413755828856
2030,4,p61,City of Clovis Landfill,403551,Titan Solar Project,TX,325.41113110564265
2030,4,p61,Victoria Landfill,406103,Zier Solar,TX,428.8546366110637
2030,4,p62,City of Clovis Landfill,403502,2W Permian Solar Project Hybrid,TX,306.34048962474554
2030,4,p62,City of Clovis Landfill,403697,CED Crane Solar,TX,535.1188936569314
2030,4,p62,City of Clovis Landfill,401525,Castle Gap Solar Hybrid,TX,529.9554981738795
2030,4,p62,City of Clovis Landfill,404599,Emerald Grove,TX,352.20119644296915
2030,4,p62,City of Clovis Landfill,403004,Lapetus,TX,298.27474220630734
2030,4,p62,City of Clovis Landfill,403280,Oberon IA,TX,276.57484181018043
2030,4,p62,City of Clovis Landfill,403279,Oberon IB,TX,1134.0713333547055
2030,4,p62,City of Clovis Landfill,403602,Oxy Renewable Energy-Goldsmith,TX,1572.3139536742112
2030,4,p62,City of Clovis Landfill,402679,Phoebe Solar,TX,269.55479719171075
2030,4,p62,City of Clovis Landfill,403177,Prospero Solar,TX,255.2005726756929
2030,4,p62,City of Clovis Landfill,404128,Prospero Solar II,TX,261.5884600395922
2030,4,p62,City of Clovis Landfill,403070,"Roadrunner, LLC",TX,312.264933226677
2030,4,p62,City of Clovis Landfill,401805,Upton County Solar,TX,605.3906988208659
2030,4,p62,City of Clovis Landfill,402995,West of the Pecos Solar,TX,456.24551752419114
2030,4,p63,Victoria Landfill,405599,"BPL Crown Solar, LLC",TX,361.42082738414535
2030,4,p63,Victoria Landfill,404966,BPL Files Solar,TX,386.8900888036981
2030,4,p63,Victoria Landfill,403825,Briar Creek Solar 1,TX,403.17662389851984
2030,4,p63,Victoria Landfill,402610,Chisum,TX,6633.447585457209
2030,4,p63,Victoria Landfill,401697,CoServ Community Solar Station,TX,23652.352260032643
2030,4,p63,Victoria Landfill,403188,Coniglio Solar,TX,722.6543756843326
2030,4,p63,Victoria Landfill,406415,Dileo Solar,TX,562.1268110178985
2030,4,p63,Victoria Landfill,402655,Eddy II,TX,3914.214251557359
2030,4,p63,Victoria Landfill,406221,Eiffel Solar Project,TX,542.5628657250917
2030,4,p63,Victoria Landfill,405540,"Ellis Solar, LLC",TX,754.3741640516589
2030,4,p63,Victoria Landfill,403823,Elm Branch Solar 1,TX,398.59911450600333
2030,4,p63,Victoria Landfill,406206,Five Wells Solar Center - Hybrid,TX,285.14032357590577
2030,4,p63,Victoria Landfill,404567,G.S.E. One LLC,TX,1266.2242211427892
2030,4,p63,Victoria Landfill,403288,Griffin Solar,TX,6437.475801571884
2030,4,p63,Victoria Landfill,406202,Grizzly Ridge Solar,TX,477.7711971648108
2030,4,p63,Victoria Landfill,402329,Highway 56 Solar,TX,19214.845299895682
2030,4,p63,Victoria Landfill,405689,"IP Radian, LLC",TX,434.4670399081436
2030,4,p63,Victoria Landfill,403481,Impact Solar 1,TX,696.5029816506535
2030,4,p63,Victoria Landfill,403190,Kellam Solar,TX,809.9247385621277
2030,4,p63,Victoria Landfill,402421,Leon Solar,TX,9345.84144894121
2030,4,p63,Victoria Landfill,403874,Lily Solar Hybrid,TX,740.0217997782573
2030,4,p63,Victoria Landfill,402404,Marlin Solar,TX,5100.022841610286
2030,4,p63,Victoria Landfill,405794,Noble Solar,TX,3302.7992380077526
2030,4,p63,City of Clovis Landfill,405794,Noble Solar,TX,456.0088597773527
2030,4,p63,Victoria Landfill,402405,North Gainesville Solar,TX,14127.271346970423
2030,4,p63,Victoria Landfill,401933,Phantom Solar,TX,2502.4777636390486
2030,4,p63,Victoria Landfill,404872,"Pisgah Ridge Solar, LLC",TX,437.6341761407614
2030,4,p63,Victoria Landfill,406416,Pitts Dudik Solar,TX,797.7920489390868
2030,4,p63,City of Clovis Landfill,403189,Rippey Solar,TX,982.6343426458441
2030,4,p63,Victoria Landfill,404630,"Samson Solar Energy III, LLC",TX,641.8807326794275
2030,4,p63,Victoria Landfill,402652,Sterling Solar (TX),TX,5878.653014203487
2030,4,p63,Victoria Landfill,404812,Sun Valley Solar Project,TX,385.42078754591427
2030,4,p63,Victoria Landfill,404388,"TPE Erath Solar, LLC",TX,3957.3304779557147
2030,4,p63,Victoria Landfill,403457,"TPE Whitney Solar, LLC",TX,4506.644058261866
2030,4,p63,Victoria Landfill,405361,Toyota HQ Plan,TX,8456.718759061925
2030,4,p63,Victoria Landfill,405907,Verizon Hidden Ridge Solar Project,TX,49642.71314755001
2030,4,p63,Victoria Landfill,405984,Waco Solar,TX,350.7666316180101
2030,4,p63,Victoria Landfill,402306,Walnut Springs Solar,TX,8991.709602496405
2030,4,p63,Victoria Landfill,402497,West Moore Solar II,TX,12768.406653104501
2030,4,p63,Victoria Landfill,402330,Whitesboro Solar,TX,16980.262253185785
2030,4,p63,Victoria Landfill,402331,Whitesboro Solar II,TX,20394.8043924263
2030,4,p63,Victoria Landfill,402414,Whitewright Solar,TX,10014.573684586003
2030,4,p63,Victoria Landfill,402654,Yellow Jacket,TX,9787.39511184108
2030,4,p64,Victoria Landfill,405731,Austin TX GigaFactory,TX,7547.074044235365
2030,4,p64,Victoria Landfill,402203,Bandera Electric Coop PV,TX,10901.199605902539
2030,4,p64,Victoria Landfill,404721,"Blue Jay Solar I, LLC",TX,265.2903234629748
2030,4,p64,Victoria Landfill,402648,Bovine,TX,777.1506404969923
2030,4,p64,Victoria Landfill,402389,"E-Volve Energy Holdings, LLC",TX,5244.9204383878
2030,4,p64,Victoria Landfill,400227,East Blackland Solar Project 1,TX,311.4882142940514
2030,4,p64,Victoria Landfill,405101,IKEA Round Rock 027,TX,12324.412117848382
2030,4,p64,Victoria Landfill,402653,Lampwick,TX,2892.525685938587
2030,4,p64,Victoria Landfill,405613,Niagara Bottling - Seguin,TX,2730.3312008049174
2030,4,p64,Victoria Landfill,402544,PowerFin Kingsbery,TX,4049.0202069829807
2030,4,p64,Victoria Landfill,400249,Webberville Solar Project,TX,471.24495232184205
2030,4,p65,Victoria Landfill,405700,Aktina Solar,TX,122.52257008488588
2030,4,p65,Victoria Landfill,404074,"Alexis Solar, LLC",TX,4099.204493331179
2030,4,p65,Victoria Landfill,405727,Bernard Creek Solar,TX,158.89759938077165
2030,4,p65,Victoria Landfill,400081,Blue Wing Solar Energy Generation,TX,1909.42396489249
2030,4,p65,Victoria Landfill,405477,Brightside,TX,402.6615446265071
2030,4,p65,Victoria Landfill,401728,CPS 1 Community Solar,TX,23902.662052518925
2030,4,p65,Victoria Landfill,402656,Cascade Solar (TX),TX,2113.8372996237385
2030,4,p65,Victoria Landfill,403987,Catan Solar,TX,1335.323497485458
2030,4,p65,Victoria Landfill,403091,Commerce Solar,TX,5994.866551395251
2030,4,p65,Victoria Landfill,404247,"Corazon Energy, LLC",TX,286.87453665062463
2030,4,p65,Victoria Landfill,404062,Elara Solar,TX,399.31762733698565
2030,4,p65,Victoria Landfill,404359,FELPS 1-Calaveras,TX,25555.727364385402
2030,4,p65,Victoria Landfill,404361,FELPS 2-Calaveras,TX,25574.48335264715
2030,4,p65,Victoria Landfill,404362,FELPS 3-Floresville South,TX,20307.204455652005
2030,4,p65,Victoria Landfill,404363,FELPS 4-Floresville South,TX,20310.231462085354
2030,4,p65,Victoria Landfill,404364,FELPS 5-Floresville South,TX,20315.57575269009
2030,4,p65,Victoria Landfill,404739,FELPS 6- Floresville West,TX,23986.23254136749
2030,4,p65,Victoria Landfill,404740,FELPS 7- Floresville West,TX,23982.572935073396
2030,4,p65,Victoria Landfill,406516,Ganado Solar,TX,129.74373363489678
2030,4,p65,Victoria Landfill,405801,Horizon Solar,TX,307.2127528267031
2030,4,p65,Victoria Landfill,405380,IKEA Live Oak Rooftop PV System,TX,26678.795888131393
2030,4,p65,Victoria Landfill,403343,Mars Solar,TX,4257.272960106186
2030,4,p65,Victoria Landfill,404877,Nebula Solar,TX,507.7274364005605
2030,4,p65,Victoria Landfill,400694,"OCI Alamo 2, LLC",TX,6662.962415637714
2030,4,p65,Victoria Landfill,400965,"OCI Alamo 3, LLC",TX,5271.404099478913
2030,4,p65,Victoria Landfill,400966,"OCI Alamo 5, LLC",TX,730.5643213495263
2030,4,p65,Victoria Landfill,400593,OCI Alamo Solar I Hybrid,TX,700.522998064812
2030,4,p65,Victoria Landfill,405809,Shakes Solar,TX,336.06632207458216
2030,4,p65,Victoria Landfill,405545,Sparta Solar,TX,207.52524100515265
2030,4,p65,Victoria Landfill,400379,"SunE CPS1, LLC",TX,3278.027267841814
2030,4,p65,Victoria Landfill,400364,"SunE CPS2, LLC",TX,3753.7316738726645
2030,4,p65,Victoria Landfill,400353,"SunE CPS3, LLC",TX,3492.00096704471
2030,4,p65,Victoria Landfill,406032,Tres Bahias,TX,95.7574968362009
2030,4,p65,Victoria Landfill,404878,Vancourt Solar Interconnections,TX,1128.275696002929
2030,4,p66,Victoria Landfill,406386,Umbriel Solar,TX,431.50933719495214
2030,4,p67,Victoria Landfill,404939,Brazoria County Solar Project (Danciger),TX,227.6421133211737
2030,4,p67,Victoria Landfill,404681,Brazoria West,TX,243.5616605143438
2030,4,p67,Victoria Landfill,402649,Bronson,TX,1308.512112231084
2030,4,p67,Victoria Landfill,406178,"Cutlass Solar 1, LLC",TX,179.37911428786916
2030,4,p67,Victoria Landfill,404587,Fighting Jays Solar Project,TX,221.89149585899054
2030,4,p67,Victoria Landfill,405564,"Fort Bend Solar, LLC",TX,175.8000937478816
2030,4,p67,Victoria Landfill,404853,"Longbow Solar, LLC",TX,376.35867699085424
2030,4,p67,Victoria Landfill,403514,Wagyu,TX,240.2088792041729
