Year,Quarter,PCA,Landfill Name,case_id,Site,State,Cost
2026,1,p12,Apex Regional Landfill,402144,Battle Mountain Solar Project,NV,665.2442080323557
2026,1,p12,Apex Regional Landfill,405025,Brady,NV,649.9221075184321
2026,1,p12,Apex Regional Landfill,405553,Dodge Flat,NV,663.2314380189883
2026,1,p12,Apex Regional Landfill,402609,"EGP Stillwater Solar PV II, LLC",NV,500.37181441825163
2026,1,p12,Apex Regional Landfill,404659,Fish Springs,NV,634.9643138756434
2026,1,p12,Apex Regional Landfill,401086,Ft. Churchill PV,NV,570.1016178471998
2026,1,p12,Apex Regional Landfill,405028,Galena 2 Geothermal Power Plant,NV,575.0907531882086
2026,1,p12,Apex Regional Landfill,402130,Luning Energy,NV,380.479534084716
2026,1,p12,Apex Regional Landfill,403107,NVSS-II,NV,126.50724216406512
2026,1,p12,Apex Regional Landfill,400468,"Patua Acquisition Project, LLC",NV,593.849840516579
2026,1,p12,Apex Regional Landfill,405021,Steamboat Hills LP,NV,500.28687855097985
2026,1,p12,Apex Regional Landfill,405023,Steamboat II,NV,611.5874417617152
2026,1,p12,Apex Regional Landfill,405024,Steamboat III,NV,730.7364075961815
2026,1,p12,Apex Regional Landfill,400029,Stillwater Facility,NV,791.181515129989
2026,1,p12,Apex Regional Landfill,401318,Sunshine Valley Solar,NV,236.96430666659123
2026,1,p12,Apex Regional Landfill,405026,TS Power Plant,NV,612.1439494017243
2026,1,p12,Apex Regional Landfill,405576,Tesla Reno GigaFactory,NV,565.8910018913458
2026,1,p12,Apex Regional Landfill,401943,Tungsten Mountain,NV,483.982704597814
2026,1,p12,Apex Regional Landfill,403308,Turquoise Liberty Solar,NV,633.7095889566592
2026,1,p12,Apex Regional Landfill,403884,"Turquoise Nevada, LLC",NV,721.8854922012375
2026,1,p12,Apex Regional Landfill,400035,Western 102 Power Plant,NV,542.1137930420556
2026,1,p13,Apex Regional Landfill,400555,Apex Solar PV Power Project,NV,74.64644632733297
2026,1,p13,Apex Regional Landfill,405385,Arrow Canyon Solar Hybrid,NV,86.17023676156973
2026,1,p13,Apex Regional Landfill,402017,"Boulder Solar II, LLC",NV,76.8707535251313
2026,1,p13,Apex Regional Landfill,401649,"Boulder Solar Power, LLC",NV,78.61579713909568
2026,1,p13,Apex Regional Landfill,400059,CM10,NV,80.30622562506282
2026,1,p13,Apex Regional Landfill,400086,CM48,NV,81.83698077114683
2026,1,p13,Apex Regional Landfill,400363,Copper Mountain Solar 2,NV,83.47233908990754
2026,1,p13,Apex Regional Landfill,400802,Copper Mountain Solar 3,NV,74.33965945805522
2026,1,p13,Apex Regional Landfill,401308,"Copper Mountain Solar 4, LLC",NV,80.61545819823002
2026,1,p13,Apex Regional Landfill,403688,"Copper Mountain Solar 5, LLC",NV,83.84638114485662
2026,1,p13,Apex Regional Landfill,405358,Dignity - San Martin,NV,63.98267136752375
2026,1,p13,Apex Regional Landfill,405355,Dignity - Siena Campus,NV,61.44228502628744
2026,1,p13,Apex Regional Landfill,405556,Dry Lake Solar Energy Center,NV,77.66948304366639
2026,1,p13,Apex Regional Landfill,405495,Gemini Solar,NV,82.89795086142364
2026,1,p13,Apex Regional Landfill,403386,"Harry Allen Solar Energy, LLC",NV,75.19228783833266
2026,1,p13,Apex Regional Landfill,406090,IGS LAS1,NV,65.92892330538113
2026,1,p13,Apex Regional Landfill,406089,IGS VGT,NV,60.802107336075615
2026,1,p13,Apex Regional Landfill,405309,IKEA Las Vegas 462,NV,64.0146827183036
2026,1,p13,Apex Regional Landfill,400545,Las Vegas WPCF Solar Plant,NV,55.209688947751495
2026,1,p13,Apex Regional Landfill,400313,Moapa Southern Paiute,NV,91.69914757293317
2026,1,p13,Apex Regional Landfill,400600,Mountain View Solar,NV,72.43575435498614
2026,1,p13,Apex Regional Landfill,400036,Nellis Air Force Base Solar Array,NV,59.09110952874968
2026,1,p13,Apex Regional Landfill,401381,Nellis Solar PV II,NV,55.852099337450504
2026,1,p13,Apex Regional Landfill,401319,"Playa Solar 1, LLC",NV,74.54680662208429
2026,1,p13,Apex Regional Landfill,401596,Playa Solar 2,NV,76.97395621660631
2026,1,p13,Apex Regional Landfill,401274,River Mountains Solar,NV,65.73433241927397
2026,1,p13,Mohave Valley Landfill,401042,Searchlight Solar,NV,87.24139145084237
2026,1,p13,Apex Regional Landfill,400166,Silver State Solar Power North,NV,100.03762096330982
2026,1,p13,Apex Regional Landfill,400658,Silver State Solar Power South,NV,102.94528267931113
2026,1,p13,Apex Regional Landfill,405246,"Solar Las Vegas MB 2, LLC",NV,57.16053721636569
2026,1,p13,Apex Regional Landfill,405188,Solar Las Vegas MB-1,NV,56.895760366348924
2026,1,p13,Apex Regional Landfill,400556,Spectrum Solar PV Power Project,NV,68.95308900943309
2026,1,p13,Apex Regional Landfill,402485,"Techren Solar I, LLC",NV,75.79347215193022
2026,1,p13,Apex Regional Landfill,402690,"Techren Solar II, LLC",NV,75.37862635263116
2026,1,p13,Apex Regional Landfill,402691,"Techren Solar III, LLC",NV,78.9759979622043
2026,1,p13,Apex Regional Landfill,402692,"Techren Solar IV, LLC",NV,77.62841741660877
2026,1,p13,Apex Regional Landfill,403001,Techren Solar V,NV,76.28478777709938
2026,1,p13,Apex Regional Landfill,401851,Townsite Solar Project Hybrid,NV,74.52150050128687
2026,1,p13,Apex Regional Landfill,406448,Yellow Pine II,NV,97.7669251185064
2026,1,p13,Apex Regional Landfill,404971,Yellow Pine Solar,NV,96.65699993587715
2026,1,p27,Mohave Valley Landfill,400374,"Black Mountain Solar, LLC",AZ,116.20294474940852
2026,1,p27,Mohave Valley Landfill,402236,Gray Hawk Solar,AZ,173.11939214521948
2026,1,p27,Mohave Valley Landfill,401819,Jacobson 5 MW Solar,AZ,175.17649070038277
2026,1,p27,Mohave Valley Landfill,400199,La Senita,AZ,304.8573008012823
2026,1,p27,Mohave Valley Landfill,403718,Mohave Electric Cooperative at Joy Lane,AZ,58.02761597952217
2026,1,p27,Mohave Valley Landfill,401311,Mohave Electric at Fort Mohave,AZ,50.225218403169755
2026,1,p27,Mohave Valley Landfill,406478,Mohave Energy - Hybrid,AZ,44.770792948286044
2026,1,p28,Apache Junction Landfill,405418,AZ State University - Tempe Campus Solar,AZ,73.62210679008255
2026,1,p28,South Yuma County Landfill,400148,Agua Caliente Solar Project,AZ,122.45319731112048
2026,1,p28,Apache Junction Landfill,402067,Apache Solar 1,AZ,207.35344700777307
2026,1,p28,South Yuma County Landfill,400274,Arizona Western College PV,AZ,48.95187081014616
2026,1,p28,Apache Junction Landfill,400240,Arlington Valley Solar Energy II,AZ,139.3855814795509
2026,1,p28,Apache Junction Landfill,400437,Badger 1,AZ,137.77929447887303
2026,1,p28,Apache Junction Landfill,401688,Bonnybrooke PV,AZ,75.41050131590868
2026,1,p28,Apache Junction Landfill,400371,Buckeye Union HS District 201,AZ,120.7594536569524
2026,1,p28,Apache Junction Landfill,405635,"Central Line Solar, LLC",AZ,89.36341021500242
2026,1,p28,Apache Junction Landfill,400201,Chino Solar Valley,AZ,174.8129195489294
2026,1,p28,Apache Junction Landfill,400202,Cotton Center Solar Hybrid,AZ,129.9399793730585
2026,1,p28,Apache Junction Landfill,401069,Desert Star Hybrid,AZ,127.78629584830634
2026,1,p28,Apache Junction Landfill,403257,East Line Solar,AZ,90.89765641687912
2026,1,p28,Apache Junction Landfill,406171,Eleven Mile Solar Center,AZ,88.26375636485844
2026,1,p28,Apache Junction Landfill,405244,Estrella Mountain PV,AZ,104.49960032586776
2026,1,p28,South Yuma County Landfill,400349,Foothills Solar Plant Hybrid,AZ,51.900598636276506
2026,1,p28,Apache Junction Landfill,400825,Fort Huachuca Solar PV Project,AZ,215.4032921035963
2026,1,p28,Apache Junction Landfill,400845,Gila Bend Hybrid,AZ,141.47299882033627
2026,1,p28,Apache Junction Landfill,400599,"Gilbert Solar Facility I, LLC",AZ,65.86238262364743
2026,1,p28,South Yuma County Landfill,400507,Hyder II Hybrid,AZ,131.0464596062245
2026,1,p28,South Yuma County Landfill,400204,Hyder Solar Hybrid,AZ,131.60551992199083
2026,1,p28,Apache Junction Landfill,405282,Intel - Ocotillo Campus Solar,AZ,73.1962375048467
2026,1,p28,Apache Junction Landfill,405125,Jewish Community Center PV,AZ,79.81908353300918
2026,1,p28,Apache Junction Landfill,402234,Kayenta Solar Project,AZ,343.24021141378256
2026,1,p28,Apache Junction Landfill,400595,Lake Pleasant WTP,AZ,112.16322992491753
2026,1,p28,Apache Junction Landfill,400128,Luke Solar,AZ,110.59853001657044
2026,1,p28,Apache Junction Landfill,405068,Macys Goodyear,AZ,106.81190361379265
2026,1,p28,South Yuma County Landfill,406279,McFarland A Solar and Storage,AZ,125.42282872897486
2026,1,p28,Apache Junction Landfill,405617,Mesa Carport PV,AZ,51.46225499760438
2026,1,p28,Apache Junction Landfill,404512,Mesa Solar Array,AZ,51.57399723157987
2026,1,p28,Apache Junction Landfill,400250,Mesquite Solar 1,AZ,143.56030552840056
2026,1,p28,Apache Junction Landfill,401621,"Mesquite Solar 2, LLC",AZ,145.85838867415114
2026,1,p28,Apache Junction Landfill,401622,"Mesquite Solar 3, LLC",AZ,143.24474912538594
2026,1,p28,Apache Junction Landfill,406038,"Mesquite Solar 4, LLC",AZ,140.06690770064205
2026,1,p28,Apache Junction Landfill,404922,"Mesquite Solar 5, LLC",AZ,140.9110195680698
2026,1,p28,South Yuma County Landfill,403572,OE_AZ1,AZ,154.05160347486773
2026,1,p28,Apache Junction Landfill,400203,Paloma Solar Hybrid,AZ,127.47187696372539
2026,1,p28,Apache Junction Landfill,405126,Paradise Valley H.S. PV,AZ,85.38911153159076
2026,1,p28,Apache Junction Landfill,405150,Phoenix Airport East Economy Lot,AZ,78.3872671365746
2026,1,p28,Apache Junction Landfill,405151,Phoenix Airport Rental Car Center,AZ,83.66750527499498
2026,1,p28,Apache Junction Landfill,402528,Pinal Central Energy Center Hybrid,AZ,88.10664153796347
2026,1,p28,Apache Junction Landfill,400125,"Poseidon Solar, LLC",AZ,64.40097840249618
2026,1,p28,Apache Junction Landfill,400031,Prescott Airport,AZ,174.0088144364157
2026,1,p28,Apache Junction Landfill,400401,Prescott Solar Plant,AZ,174.73894568677346
2026,1,p28,Apache Junction Landfill,400323,Queen Creek Solar Farm,AZ,56.76373793888606
2026,1,p28,Mohave Valley Landfill,400289,"RE Bagdad Solar I, LLC",AZ,136.45738523522144
2026,1,p28,Apache Junction Landfill,405132,"RE Gillespie 1, LLC",AZ,129.75449771997876
2026,1,p28,Apache Junction Landfill,400758,Red Horse 2,AZ,183.389328805576
2026,1,p28,Apache Junction Landfill,401609,Red Horse III,AZ,189.04579375319202
2026,1,p28,Apache Junction Landfill,401726,Red Rock,AZ,114.78787562852513
2026,1,p28,Apache Junction Landfill,406380,SR McNeal,AZ,246.02617615294483
2026,1,p28,Apache Junction Landfill,400416,Saddle Mountain Solar I,AZ,351.9635610479351
2026,1,p28,South Yuma County Landfill,400416,Saddle Mountain Solar I,AZ,153.1559583824192
2026,1,p28,Apache Junction Landfill,403674,Saint Solar,AZ,91.30972775456252
2026,1,p28,Apache Junction Landfill,401214,Sandstone Solar,AZ,73.47707083114267
2026,1,p28,Apache Junction Landfill,405029,Solana Generating Station,AZ,154.56078754515096
2026,1,p28,Apache Junction Landfill,406275,Sonoran Solar Energy,AZ,118.68895758518947
2026,1,p28,Apache Junction Landfill,406034,Storey Solar and Storage,AZ,86.13284740632464
2026,1,p28,Apache Junction Landfill,401664,Sulphur Springs,AZ,203.654941616666
2026,1,p28,Apache Junction Landfill,403643,Sun Streams 2,AZ,135.57486175321108
2026,1,p28,Apache Junction Landfill,406517,Sun Streams 3,AZ,136.21981086701598
2026,1,p28,Apache Junction Landfill,401975,"Sun Streams, LLC",AZ,140.7321310698629
2026,1,p28,Apache Junction Landfill,405311,T0588 Phoenix - AZ,AZ,94.74354443227642
2026,1,p28,Apache Junction Landfill,405134,Union HS at Casa Grande,AZ,84.12739189545401
2026,1,p28,Apache Junction Landfill,405135,Vista Grande HS at Casa Grande,AZ,87.56722973195865
2026,1,p28,Apache Junction Landfill,400334,Walmart Casa Grande,AZ,90.82133590549442
2026,1,p28,Apache Junction Landfill,406098,"West Line Solar, LLC",AZ,91.05999254024502
2026,1,p29,Apache Junction Landfill,400014,Springerville,AZ,2664.2284863675773
2026,1,p30,Apache Junction Landfill,405143,Actus Lend Lease DMAFB,AZ,167.11307703785423
2026,1,p30,Apache Junction Landfill,405611,Amazon TUS2,AZ,166.08318638940486
2026,1,p30,Apache Junction Landfill,405268,Amphitheater High School Solar,AZ,175.86238061052785
2026,1,p30,Apache Junction Landfill,400939,Avalon Solar,AZ,249.8001379485475
2026,1,p30,Apache Junction Landfill,401479,Avalon Solar II,AZ,223.52022381066203
2026,1,p30,Apache Junction Landfill,400226,Avra Valley Solar,AZ,169.33343771289836
2026,1,p30,Apache Junction Landfill,404704,Broadway 2 - Tucson Phase II,AZ,143.78262390583458
2026,1,p30,Apache Junction Landfill,405768,Broadway 3 - Tucson Phase I,AZ,150.88061097475057
2026,1,p30,Apache Junction Landfill,405269,Canyon Del Oro High School Solar,AZ,155.03758263836556
2026,1,p30,Apache Junction Landfill,400757,Cogenra-TEP,AZ,252.75337175990182
2026,1,p30,Apache Junction Landfill,401295,Davis Monthan AFB (AZ) West Airfield,AZ,176.22815120713236
2026,1,p30,Apache Junction Landfill,400330,FRB Solar Farm,AZ,266.745637479846
2026,1,p30,Apache Junction Landfill,400761,"Gato Montes Solar, LLC",AZ,215.85125597229012
2026,1,p30,Apache Junction Landfill,404536,Iron Horse Battery Storage Hybrid,AZ,196.3385537495233
2026,1,p30,Apache Junction Landfill,400552,"Picture Rocks Solar, LLC",AZ,152.76508509631654
2026,1,p30,Apache Junction Landfill,405374,Pima Community College,AZ,166.21122196549166
2026,1,p30,Apache Junction Landfill,405303,Pima Community College - East Campus,AZ,214.46399370105308
2026,1,p30,Apache Junction Landfill,405516,Pima Community College NW,AZ,170.79624015474636
2026,1,p30,Apache Junction Landfill,400408,Prairie Fire,AZ,257.2542499931885
2026,1,p30,South Yuma County Landfill,400290,"RE Ajo 1, LLC",AZ,173.43534816746683
2026,1,p30,Apache Junction Landfill,404926,Raptor Ridge,AZ,159.69329936795387
2026,1,p30,Apache Junction Landfill,400857,Rio Rico Solar,AZ,237.8849073253926
2026,1,p30,Apache Junction Landfill,400193,Roger Road WWTP,AZ,184.36368206110816
2026,1,p30,Apache Junction Landfill,401076,Tech Park Solar,AZ,175.3458058985504
2026,1,p30,Apache Junction Landfill,400156,UASTP I,AZ,205.35881568138643
2026,1,p30,Apache Junction Landfill,401075,Valencia Solar,AZ,210.57738337518484
2026,1,p30,Apache Junction Landfill,404187,"Wilmot Energy Center, LLC",AZ,164.27387957870008
2026,1,p31,City of Clovis Landfill,400211,Alamogordo Solar Energy Center,NM,258.38622553723616
2026,1,p31,Northeastern New Mexico Regional Landfill,400206,Albuquerque Solar Energy Center,NM,209.10399424283617
2026,1,p31,Northeastern New Mexico Regional Landfill,403675,Alcalde Solar Array,NM,132.9001134817023
2026,1,p31,Apache Junction Landfill,401595,Alta Luna,NM,412.18366348637886
2026,1,p31,Northeastern New Mexico Regional Landfill,404724,Angel Fire Energy Facility,NM,94.81138496360998
2026,1,p31,Northeastern New Mexico Regional Landfill,405469,Arroyo Solar Energy Storage Hybrid,NM,262.4627671315029
2026,1,p31,Northeastern New Mexico Regional Landfill,403321,Bluewater CDEC 1,NM,278.75314303347864
2026,1,p31,Northeastern New Mexico Regional Landfill,403736,Britton Solar Energy Center,NM,175.48113184564573
2026,1,p31,City of Clovis Landfill,404981,Buena Vista Energy Center,NM,383.27023311607246
2026,1,p31,Northeastern New Mexico Regional Landfill,402876,CNMEC Solar Energy Center,NM,182.16096915706422
2026,1,p31,City of Clovis Landfill,402519,Carrizozo Solar,NM,258.82958146896357
2026,1,p31,Northeastern New Mexico Regional Landfill,401202,Cibola,NM,254.86053441419477
2026,1,p31,Northeastern New Mexico Regional Landfill,400104,Cimarron Solar Facility,NM,71.18961185764151
2026,1,p31,Apache Junction Landfill,402988,City of Gallup Solar,NM,325.7365226172168
2026,1,p31,Northeastern New Mexico Regional Landfill,403604,City of Rio Rancho WWTP,NM,193.88988292582107
2026,1,p31,Apache Junction Landfill,401225,City of Truth or Consequences PV,NM,3898.9135502553486
2026,1,p31,City of Clovis Landfill,401225,City of Truth or Consequences PV,NM,311.3942386760596
2026,1,p31,Apache Junction Landfill,402177,Columbus Solar Project,NM,367.6765779163251
2026,1,p31,Northeastern New Mexico Regional Landfill,404748,"Cuba 2.5ac, LLC",NM,220.79084448211475
2026,1,p31,Apache Junction Landfill,400209,Deming Solar Energy Center,NM,323.77981285493087
2026,1,p31,Northeastern New Mexico Regional Landfill,403868,Encino Solar Energy Center,NM,213.358102249128
2026,1,p31,Northeastern New Mexico Regional Landfill,401038,Eubank Landfill Solar Array,NM,186.03812791059548
2026,1,p31,Northeastern New Mexico Regional Landfill,402441,Facebook 1 Solar Energy Center,NM,244.3625460438863
2026,1,p31,Northeastern New Mexico Regional Landfill,402442,Facebook 2 Solar Energy Center,NM,214.16047308611024
2026,1,p31,Northeastern New Mexico Regional Landfill,402443,Facebook 3 Solar Energy Center,NM,212.34750029564015
2026,1,p31,Northeastern New Mexico Regional Landfill,403322,Grants CDEC 2,NM,260.88496703674684
2026,1,p31,City of Clovis Landfill,400216,"Hatch Solar Energy Center I, LLC",NM,346.90186297893547
2026,1,p31,City of Clovis Landfill,401617,Holloman Solar Facility,NM,277.11118079756073
2026,1,p31,Northeastern New Mexico Regional Landfill,406109,"Jicarilla Solar 1, LLC",NM,209.40151744333193
2026,1,p31,Northeastern New Mexico Regional Landfill,400427,Kit Carson,NM,124.85595827968575
2026,1,p31,Northeastern New Mexico Regional Landfill,400210,Las Vegas Solar Energy Center,NM,86.75267186861545
2026,1,p31,Northeastern New Mexico Regional Landfill,400434,Los Alamos PV Site,NM,185.99718978881148
2026,1,p31,Northeastern New Mexico Regional Landfill,400207,Los Lunas Solar Energy Center,NM,209.16773158950832
2026,1,p31,Apache Junction Landfill,400838,Macho Springs,NM,346.7565549888438
2026,1,p31,Northeastern New Mexico Regional Landfill,400582,Manzano Solar,NM,232.7703939640775
2026,1,p31,Northeastern New Mexico Regional Landfill,401201,Meadow Lake Solar Energy Center,NM,223.72986477060542
2026,1,p31,Northeastern New Mexico Regional Landfill,406177,"NMRD Data Center III, LLC",NM,238.36907816748283
2026,1,p31,City of Clovis Landfill,405693,NMSU Solar and Storage,NM,377.8422116455271
2026,1,p31,Northeastern New Mexico Regional Landfill,406375,OE_ESCL,NM,297.141857013351
2026,1,p31,City of Clovis Landfill,400581,Otero Solar,NM,320.347315473162
2026,1,p31,Northeastern New Mexico Regional Landfill,400146,Questa Solar Facility,NM,131.00383830031205
2026,1,p31,Northeastern New Mexico Regional Landfill,403178,"RC Energy AA, LLC Solar Facility",NM,200.1607518674941
2026,1,p31,Northeastern New Mexico Regional Landfill,401566,Rio Communities Solar Energy Center,NM,248.3034762465707
2026,1,p31,Northeastern New Mexico Regional Landfill,403084,Rio De Oro Solar Energy Center,NM,243.1498549015886
2026,1,p31,Northeastern New Mexico Regional Landfill,400624,Rio Rancho High School,NM,189.45928094189682
2026,1,p31,City of Clovis Landfill,400135,Roadrunner Solar,NM,422.57099163113475
2026,1,p31,Northeastern New Mexico Regional Landfill,404648,"Route 66 Energy Center, LLC",NM,263.85131477367406
2026,1,p31,Northeastern New Mexico Regional Landfill,403387,San Miguel I Solar Energy Center,NM,103.80985442491703
2026,1,p31,Northeastern New Mexico Regional Landfill,405458,San Miguel II Solar Energy Center,NM,86.593005634431
2026,1,p31,Northeastern New Mexico Regional Landfill,401161,Sandoval Solar Energy Center,NM,267.6048000259806
2026,1,p31,Northeastern New Mexico Regional Landfill,401564,Santa Fe Solar Energy Center,NM,145.35973541832593
2026,1,p31,Northeastern New Mexico Regional Landfill,401565,Santolina Solar Energy Center,NM,214.4691007176091
2026,1,p31,Apache Junction Landfill,400596,Silver City WWTP PV Project,NM,281.1948214515569
2026,1,p31,Northeastern New Mexico Regional Landfill,406343,Sky Ranch Solar,NM,223.70736779632074
2026,1,p31,Northeastern New Mexico Regional Landfill,401563,South Valley Solar Energy Center,NM,232.5506119153209
2026,1,p31,Northeastern New Mexico Regional Landfill,401162,Springer Solar 1,NM,65.3223587633632
2026,1,p31,Northeastern New Mexico Regional Landfill,400735,Storrie Lake Solar Project,NM,96.20146970416505
2026,1,p31,Northeastern New Mexico Regional Landfill,400623,Sue Cleveland High School,NM,181.8210557972385
2026,1,p31,City of Clovis Landfill,400343,"SunE EPE1, LLC",NM,381.2104654885775
2026,1,p31,City of Clovis Landfill,400342,"SunE EPE2, LLC",NM,385.28525221541815
2026,1,p31,Northeastern New Mexico Regional Landfill,402854,Syncarpha Eagle Nest,NM,96.84460387879622
2026,1,p31,Northeastern New Mexico Regional Landfill,403412,Syncarpha El Rito,NM,146.3969405605022
2026,1,p31,Northeastern New Mexico Regional Landfill,403413,Syncarpha Questa,NM,125.28810846431415
2026,1,p31,Northeastern New Mexico Regional Landfill,403411,Syncarpha Taos,NM,111.4561767925591
2026,1,p31,Northeastern New Mexico Regional Landfill,404618,Taos Mesa Energy Facility Hybrid,NM,123.37701877575553
2026,1,p31,Northeastern New Mexico Regional Landfill,403011,Vista Solar Energy Center,NM,250.68080051842762
2026,1,p31,City of Clovis Landfill,400354,WSMR I,NM,382.3945191709157
2026,1,p31,City of Clovis Landfill,405245,Wal-Mart Truth or Consequences PV,NM,381.04181672873494
2026,1,p47,City of Clovis Landfill,400979,"Caprock Solar 1, LLC",NM,80.20958557773274
2026,1,p47,City of Clovis Landfill,404980,Chaves County Solar II,NM,154.6329981847081
2026,1,p47,City of Clovis Landfill,401681,"Chaves Solar, LLC",NM,202.64856583471564
2026,1,p47,City of Clovis Landfill,400614,GSE NM1,NM,178.1970921841095
2026,1,p47,City of Clovis Landfill,404982,Hayhurst New Mexico Solar,NM,338.3593542900075
2026,1,p47,City of Clovis Landfill,402530,Middle Daisy,NM,207.46331917581534
2026,1,p47,City of Clovis Landfill,401682,"Roswell Solar, LLC",NM,230.49612332852618
2026,1,p47,City of Clovis Landfill,400546,SEV NM Phase 2,NM,142.25642800424518
2026,1,p47,City of Clovis Landfill,400260,SPS1 Dollarhide,NM,327.7711811777774
2026,1,p47,City of Clovis Landfill,400261,SPS2 Jal,NM,218.35370051525794
2026,1,p47,City of Clovis Landfill,400262,SPS3 Lea,NM,262.16882824597
2026,1,p47,City of Clovis Landfill,400264,SPS5 Hopi,NM,339.30058305790135
2026,1,p47,City of Clovis Landfill,404698,SoCore Clovis 1,NM,27.460706434399167
2026,1,p48,City of Clovis Landfill,406439,"BESSP1, LLC",TX,2650.456312987147
2026,1,p48,City of Clovis Landfill,405590,"Hecate Energy Frye Solar, LLC",TX,1747.8628031275512
2026,1,p57,Victoria Landfill,404918,"Hecate Energy Upshur Rural, LLC",TX,16822.592888813746
2026,1,p59,City of Clovis Landfill,402666,Fort Bliss (DEA EPIC),TX,18181.276768513053
2026,1,p59,City of Clovis Landfill,401616,Montana Solar Facility,TX,14760.33291920114
2026,1,p59,City of Clovis Landfill,401045,Newman Solar,TX,9894.945897954189
2026,1,p60,City of Clovis Landfill,403962,"ANSON Solar Center, LLC",TX,4916.28759773175
2026,1,p60,City of Clovis Landfill,403883,Azure Sky Solar,TX,4644.544598779827
2026,1,p60,City of Clovis Landfill,403232,"ENGIE Long Draw Solar, LLC",TX,3561.21648082618
2026,1,p60,City of Clovis Landfill,406252,Highpeak Solar 1,TX,4185.341519355174
2026,1,p60,City of Clovis Landfill,402721,Holstein 1 Solar Farm,TX,7016.687429435708
2026,1,p60,City of Clovis Landfill,405492,Juno Solar Project,TX,2321.0900310407787
2026,1,p60,City of Clovis Landfill,402541,Lamesa II,TX,6119.069865827688
2026,1,p60,City of Clovis Landfill,401660,Lamesa Solar,TX,4912.354121369072
2026,1,p60,City of Clovis Landfill,405932,Lumina II Solar Project,TX,3901.8263061563484
2026,1,p60,City of Clovis Landfill,405933,Lumina Solar Project,TX,4095.3509298218814
2026,1,p60,City of Clovis Landfill,402909,Misae Solar,TX,4988.131904921175
2026,1,p60,City of Clovis Landfill,400968,"OCI Alamo 7, LLC",TX,4544.201782434669
2026,1,p60,City of Clovis Landfill,405939,Texas Solar Nova 1,TX,3627.987985156543
2026,1,p61,City of Clovis Landfill,400967,Alamo 6,TX,2066.048813021342
2026,1,p61,City of Clovis Landfill,403557,Aragorn Solar Project,TX,1327.840391926499
2026,1,p61,City of Clovis Landfill,400691,Barilla Solar,TX,3068.985998484448
2026,1,p61,City of Clovis Landfill,401946,Bluebell Solar,TX,1504.4730090404023
2026,1,p61,City of Clovis Landfill,403574,Bluebell Solar II,TX,1115.386776913649
2026,1,p61,City of Clovis Landfill,400554,"Bryan Solar, LLC",TX,1757.1773973887118
2026,1,p61,City of Clovis Landfill,401463,Buckthorn Westex,TX,2209.525508961548
2026,1,p61,City of Clovis Landfill,401703,East Pecos Solar,TX,1344.1400298426452
2026,1,p61,Victoria Landfill,405363,Galloway 1 Solar Farm,TX,2278.5664298181514
2026,1,p61,Victoria Landfill,405494,Galloway 2 Solar Farm,TX,1643.6938149242337
2026,1,p61,City of Clovis Landfill,403210,Greasewood,TX,1841.5006191473478
2026,1,p61,City of Clovis Landfill,406370,Hayhurst Texas Solar,TX,1166.0851061077014
2026,1,p61,City of Clovis Landfill,402304,Midway Solar-TX,TX,2295.7220951885074
2026,1,p61,Victoria Landfill,400695,"OCI Alamo 4, LLC",TX,1273.857846079982
2026,1,p61,City of Clovis Landfill,401868,Pearl Solar,TX,2536.06191231517
2026,1,p61,City of Clovis Landfill,402290,RE Maplewood,TX,1466.722413130517
2026,1,p61,City of Clovis Landfill,401430,RE Roserock,TX,1171.6983104753697
2026,1,p61,City of Clovis Landfill,402848,Rambler,TX,2608.9155851670494
2026,1,p61,City of Clovis Landfill,402083,Solaire Holman Solar Project,TX,2656.918717987078
2026,1,p61,City of Clovis Landfill,403023,"Taygete Energy Project, LLC",TX,2147.634959521484
2026,1,p61,City of Clovis Landfill,404647,Taygete II Energy Project,TX,1417.821207628117
2026,1,p61,City of Clovis Landfill,403551,Titan Solar Project,TX,1461.135639457955
2026,1,p61,Victoria Landfill,406103,Zier Solar,TX,1594.855818740352
2026,1,p62,City of Clovis Landfill,403502,2W Permian Solar Project Hybrid,TX,7690.318548089459
2026,1,p62,City of Clovis Landfill,403697,CED Crane Solar,TX,14572.047596294999
2026,1,p62,City of Clovis Landfill,401525,Castle Gap Solar Hybrid,TX,13094.435980297998
2026,1,p62,City of Clovis Landfill,404599,Emerald Grove,TX,7359.173443894398
2026,1,p62,City of Clovis Landfill,403004,Lapetus,TX,7845.782924002956
2026,1,p62,City of Clovis Landfill,403280,Oberon IA,TX,8829.11285556284
2026,1,p62,City of Clovis Landfill,403279,Oberon IB,TX,9247.32954907406
2026,1,p62,City of Clovis Landfill,403602,Oxy Renewable Energy-Goldsmith,TX,8294.832620863643
2026,1,p62,City of Clovis Landfill,402679,Phoebe Solar,TX,8894.37580555438
2026,1,p62,City of Clovis Landfill,403177,Prospero Solar,TX,5591.141648749005
2026,1,p62,City of Clovis Landfill,404128,Prospero Solar II,TX,7515.775137780411
2026,1,p62,City of Clovis Landfill,403070,"Roadrunner, LLC",TX,10680.667459721548
2026,1,p62,City of Clovis Landfill,401805,Upton County Solar,TX,11350.084464212323
2026,1,p62,City of Clovis Landfill,402995,West of the Pecos Solar,TX,14640.568604651406
2026,1,p63,Victoria Landfill,405599,"BPL Crown Solar, LLC",TX,1712.5517983044683
2026,1,p63,Victoria Landfill,404966,BPL Files Solar,TX,1876.074929171577
2026,1,p63,Victoria Landfill,403825,Briar Creek Solar 1,TX,1309.0448430563595
2026,1,p63,Victoria Landfill,402610,Chisum,TX,3645.9931240597884
2026,1,p63,Victoria Landfill,401697,CoServ Community Solar Station,TX,1674.0030885728706
2026,1,p63,Victoria Landfill,403188,Coniglio Solar,TX,2333.924107019939
2026,1,p63,Victoria Landfill,406415,Dileo Solar,TX,2002.8874410369344
2026,1,p63,Victoria Landfill,402655,Eddy II,TX,1050.7777324360663
2026,1,p63,Victoria Landfill,406221,Eiffel Solar Project,TX,2819.2557335348256
2026,1,p63,Victoria Landfill,405540,"Ellis Solar, LLC",TX,1941.4032899227975
2026,1,p63,Victoria Landfill,403823,Elm Branch Solar 1,TX,1583.225071431548
2026,1,p63,Victoria Landfill,406206,Five Wells Solar Center - Hybrid,TX,1178.5374722657461
2026,1,p63,Victoria Landfill,404567,G.S.E. One LLC,TX,1909.2259856587789
2026,1,p63,Victoria Landfill,403288,Griffin Solar,TX,1301.743304387728
2026,1,p63,Victoria Landfill,406202,Grizzly Ridge Solar,TX,1406.708034856439
2026,1,p63,Victoria Landfill,402329,Highway 56 Solar,TX,3130.6599107757784
2026,1,p63,Victoria Landfill,405319,IKEA Grand Prairie Rooftop PV System,TX,1220.5659016541977
2026,1,p63,Victoria Landfill,405689,"IP Radian, LLC",TX,1532.067089299155
2026,1,p63,Victoria Landfill,403481,Impact Solar 1,TX,1792.5296906956144
2026,1,p63,Victoria Landfill,403190,Kellam Solar,TX,1626.3795684464571
2026,1,p63,Victoria Landfill,402421,Leon Solar,TX,2443.191277491798
2026,1,p63,Victoria Landfill,403874,Lily Solar Hybrid,TX,2172.717598991465
2026,1,p63,Victoria Landfill,402404,Marlin Solar,TX,975.5788287621937
2026,1,p63,Victoria Landfill,405794,Noble Solar,TX,2520.211621674616
2026,1,p63,City of Clovis Landfill,402405,North Gainesville Solar,TX,1491.8763792367924
2026,1,p63,Victoria Landfill,401933,Phantom Solar,TX,1159.695083385999
2026,1,p63,Victoria Landfill,404872,"Pisgah Ridge Solar, LLC",TX,1289.3756966906396
2026,1,p63,Victoria Landfill,406416,Pitts Dudik Solar,TX,1550.854188659607
2026,1,p63,Victoria Landfill,403189,Rippey Solar,TX,2144.2326422030505
2026,1,p63,Victoria Landfill,404630,"Samson Solar Energy III, LLC",TX,2485.1041656140815
2026,1,p63,Victoria Landfill,402652,Sterling Solar (TX),TX,1631.4006182150297
2026,1,p63,Victoria Landfill,404812,Sun Valley Solar Project,TX,1292.9854595369463
2026,1,p63,Victoria Landfill,404388,"TPE Erath Solar, LLC",TX,1674.1413525383482
2026,1,p63,Victoria Landfill,403457,"TPE Whitney Solar, LLC",TX,1373.1407216178059
2026,1,p63,Victoria Landfill,405361,Toyota HQ Plan,TX,1457.724204806577
2026,1,p63,Victoria Landfill,405907,Verizon Hidden Ridge Solar Project,TX,1822.8032887052764
2026,1,p63,Victoria Landfill,405984,Waco Solar,TX,1609.2203714709249
2026,1,p63,Victoria Landfill,402306,Walnut Springs Solar,TX,2107.692377954041
2026,1,p63,Victoria Landfill,402497,West Moore Solar II,TX,3197.097426911693
2026,1,p63,Victoria Landfill,402330,Whitesboro Solar,TX,2364.2761972833246
2026,1,p63,Victoria Landfill,402331,Whitesboro Solar II,TX,2704.9361760443066
2026,1,p63,Victoria Landfill,402414,Whitewright Solar,TX,3269.8569108758516
2026,1,p63,Victoria Landfill,402654,Yellow Jacket,TX,1671.9969518474643
2026,1,p64,Victoria Landfill,405731,Austin TX GigaFactory,TX,232.55578724027805
2026,1,p64,Victoria Landfill,402203,Bandera Electric Coop PV,TX,686.9008944962018
2026,1,p64,Victoria Landfill,404721,"Blue Jay Solar I, LLC",TX,704.9599967376956
2026,1,p64,Victoria Landfill,402648,Bovine,TX,196.44178260894986
2026,1,p64,Victoria Landfill,402389,"E-Volve Energy Holdings, LLC",TX,336.79465896225844
2026,1,p64,Victoria Landfill,400227,East Blackland Solar Project 1,TX,391.1091161376698
2026,1,p64,Victoria Landfill,405101,IKEA Round Rock 027,TX,278.94159986113414
2026,1,p64,Victoria Landfill,402653,Lampwick,TX,441.80626179593276
2026,1,p64,Victoria Landfill,405613,Niagara Bottling - Seguin,TX,236.53324337415603
2026,1,p64,Victoria Landfill,402544,PowerFin Kingsbery,TX,373.91744104389414
2026,1,p64,Victoria Landfill,400249,Webberville Solar Project,TX,424.741320615416
2026,1,p65,Victoria Landfill,405700,Aktina Solar,TX,142.8456904206103
2026,1,p65,Victoria Landfill,404074,"Alexis Solar, LLC",TX,287.07399974913966
2026,1,p65,Victoria Landfill,405727,Bernard Creek Solar,TX,187.97095810628227
2026,1,p65,Victoria Landfill,400081,Blue Wing Solar Energy Generation,TX,263.5723443353343
2026,1,p65,Victoria Landfill,405477,Brightside,TX,148.6190229525205
2026,1,p65,Victoria Landfill,401728,CPS 1 Community Solar,TX,248.32664393718832
2026,1,p65,Victoria Landfill,402656,Cascade Solar (TX),TX,203.78339267777292
2026,1,p65,Victoria Landfill,403987,Catan Solar,TX,124.16479356641413
2026,1,p65,Victoria Landfill,403091,Commerce Solar,TX,289.40971192765363
2026,1,p65,Victoria Landfill,404247,"Corazon Energy, LLC",TX,253.74193224819524
2026,1,p65,Victoria Landfill,404062,Elara Solar,TX,336.852943692065
2026,1,p65,Victoria Landfill,404359,FELPS 1-Calaveras,TX,183.94449932498617
2026,1,p65,Victoria Landfill,404361,FELPS 2-Calaveras,TX,196.33303980657976
2026,1,p65,Victoria Landfill,404362,FELPS 3-Floresville South,TX,158.37559251227063
2026,1,p65,Victoria Landfill,404363,FELPS 4-Floresville South,TX,168.65723791704113
2026,1,p65,Victoria Landfill,404364,FELPS 5-Floresville South,TX,194.28913778616047
2026,1,p65,Victoria Landfill,404739,FELPS 6- Floresville West,TX,169.66019349101575
2026,1,p65,Victoria Landfill,404740,FELPS 7- Floresville West,TX,249.46933188241243
2026,1,p65,Victoria Landfill,406516,Ganado Solar,TX,127.5621868767708
2026,1,p65,Victoria Landfill,405801,Horizon Solar,TX,314.0855860248226
2026,1,p65,Victoria Landfill,405380,IKEA Live Oak Rooftop PV System,TX,249.07925797943568
2026,1,p65,Victoria Landfill,403343,Mars Solar,TX,240.59142072261417
2026,1,p65,Victoria Landfill,404877,Nebula Solar,TX,285.13475345107304
2026,1,p65,Victoria Landfill,400694,"OCI Alamo 2, LLC",TX,199.41436601970645
2026,1,p65,Victoria Landfill,400965,"OCI Alamo 3, LLC",TX,282.0840043914253
2026,1,p65,Victoria Landfill,400966,"OCI Alamo 5, LLC",TX,278.5742061525197
2026,1,p65,Victoria Landfill,400593,OCI Alamo Solar I Hybrid,TX,284.63124696434573
2026,1,p65,Victoria Landfill,405809,Shakes Solar,TX,290.58527165008337
2026,1,p65,Victoria Landfill,405545,Sparta Solar,TX,184.64667003180278
2026,1,p65,Victoria Landfill,400379,"SunE CPS1, LLC",TX,187.85202104968187
2026,1,p65,Victoria Landfill,400364,"SunE CPS2, LLC",TX,186.65201390039894
2026,1,p65,Victoria Landfill,400353,"SunE CPS3, LLC",TX,219.75072996507856
2026,1,p65,Victoria Landfill,406032,Tres Bahias,TX,111.26280829806831
2026,1,p65,Victoria Landfill,404878,Vancourt Solar Interconnections,TX,485.844205727097
2026,1,p66,Victoria Landfill,406386,Umbriel Solar,TX,7344.275627178173
2026,1,p67,Victoria Landfill,404939,Brazoria County Solar Project (Danciger),TX,1055.4416587599785
2026,1,p67,Victoria Landfill,404681,Brazoria West,TX,1012.2342634350973
2026,1,p67,Victoria Landfill,402649,Bronson,TX,1076.7995368921245
2026,1,p67,Victoria Landfill,406178,"Cutlass Solar 1, LLC",TX,1029.6397233294958
2026,1,p67,Victoria Landfill,404587,Fighting Jays Solar Project,TX,1400.3837932780293
2026,1,p67,Victoria Landfill,405564,"Fort Bend Solar, LLC",TX,1402.3507602828024
2026,1,p67,Victoria Landfill,404853,"Longbow Solar, LLC",TX,1876.008191522051
2026,1,p67,Victoria Landfill,403514,Wagyu,TX,1680.2952433243834
2026,2,p12,Apex Regional Landfill,402144,Battle Mountain Solar Project,NV,517.1465238028221
2026,2,p12,Apex Regional Landfill,405025,Brady,NV,508.69127299800675
2026,2,p12,Apex Regional Landfill,405553,Dodge Flat,NV,597.2938014139329
2026,2,p12,Apex Regional Landfill,402609,"EGP Stillwater Solar PV II, LLC",NV,730.1148722327906
2026,2,p12,Apex Regional Landfill,404659,Fish Springs,NV,514.9978367207758
2026,2,p12,Apex Regional Landfill,401086,Ft. Churchill PV,NV,430.17118470658596
2026,2,p12,Apex Regional Landfill,405028,Galena 2 Geothermal Power Plant,NV,521.6334708538826
2026,2,p12,Apex Regional Landfill,402130,Luning Energy,NV,481.5755588328973
2026,2,p12,Apex Regional Landfill,403107,NVSS-II,NV,139.33705473321248
2026,2,p12,Apex Regional Landfill,400468,"Patua Acquisition Project, LLC",NV,533.898923077475
2026,2,p12,Apex Regional Landfill,405021,Steamboat Hills LP,NV,749.370499050317
2026,2,p12,Apex Regional Landfill,405023,Steamboat II,NV,550.7455846745611
2026,2,p12,Apex Regional Landfill,405024,Steamboat III,NV,643.406257587487
2026,2,p12,Apex Regional Landfill,400029,Stillwater Facility,NV,501.00779083943803
2026,2,p12,Apex Regional Landfill,401318,Sunshine Valley Solar,NV,151.79288102444445
2026,2,p12,Apex Regional Landfill,405026,TS Power Plant,NV,536.7395653329233
2026,2,p12,Apex Regional Landfill,405576,Tesla Reno GigaFactory,NV,518.1349914205264
2026,2,p12,Apex Regional Landfill,401943,Tungsten Mountain,NV,392.8902247016527
2026,2,p12,Apex Regional Landfill,403308,Turquoise Liberty Solar,NV,568.242136732029
2026,2,p12,Apex Regional Landfill,403884,"Turquoise Nevada, LLC",NV,706.7560891290935
2026,2,p12,Apex Regional Landfill,400035,Western 102 Power Plant,NV,494.5685660375077
2026,2,p13,Apex Regional Landfill,400555,Apex Solar PV Power Project,NV,73.45540601881686
2026,2,p13,Apex Regional Landfill,405385,Arrow Canyon Solar Hybrid,NV,87.03282836752982
2026,2,p13,Apex Regional Landfill,402017,"Boulder Solar II, LLC",NV,77.20435935703281
2026,2,p13,Apex Regional Landfill,401649,"Boulder Solar Power, LLC",NV,78.7289118896742
2026,2,p13,Apex Regional Landfill,400059,CM10,NV,80.55626964937706
2026,2,p13,Apex Regional Landfill,400086,CM48,NV,82.66520393629368
2026,2,p13,Apex Regional Landfill,400363,Copper Mountain Solar 2,NV,83.43803237862706
2026,2,p13,Apex Regional Landfill,400802,Copper Mountain Solar 3,NV,74.60747189301993
2026,2,p13,Apex Regional Landfill,401308,"Copper Mountain Solar 4, LLC",NV,81.38624710682748
2026,2,p13,Apex Regional Landfill,403688,"Copper Mountain Solar 5, LLC",NV,81.2709662763366
2026,2,p13,Apex Regional Landfill,405358,Dignity - San Martin,NV,63.97844270546138
2026,2,p13,Apex Regional Landfill,405355,Dignity - Siena Campus,NV,61.69068069758185
2026,2,p13,Apex Regional Landfill,405556,Dry Lake Solar Energy Center,NV,78.38367396143005
2026,2,p13,Apex Regional Landfill,405495,Gemini Solar,NV,83.929263289407
2026,2,p13,Apex Regional Landfill,403386,"Harry Allen Solar Energy, LLC",NV,75.46600655470753
2026,2,p13,Apex Regional Landfill,406090,IGS LAS1,NV,66.00843983446339
2026,2,p13,Apex Regional Landfill,406089,IGS VGT,NV,60.965773349136526
2026,2,p13,Apex Regional Landfill,405309,IKEA Las Vegas 462,NV,63.18713379034972
2026,2,p13,Apex Regional Landfill,400545,Las Vegas WPCF Solar Plant,NV,55.0908446375975
2026,2,p13,Apex Regional Landfill,400313,Moapa Southern Paiute,NV,92.23109569360209
2026,2,p13,Apex Regional Landfill,400600,Mountain View Solar,NV,71.90219221840294
2026,2,p13,Apex Regional Landfill,400036,Nellis Air Force Base Solar Array,NV,59.5132414312642
2026,2,p13,Apex Regional Landfill,401381,Nellis Solar PV II,NV,55.9008367403867
2026,2,p13,Apex Regional Landfill,401319,"Playa Solar 1, LLC",NV,74.92111496415083
2026,2,p13,Apex Regional Landfill,401596,Playa Solar 2,NV,74.15247954298461
2026,2,p13,Apex Regional Landfill,401274,River Mountains Solar,NV,64.96714449291102
2026,2,p13,Mohave Valley Landfill,401042,Searchlight Solar,NV,88.75058927904175
2026,2,p13,Apex Regional Landfill,400166,Silver State Solar Power North,NV,100.02370351896913
2026,2,p13,Apex Regional Landfill,400658,Silver State Solar Power South,NV,96.02853443627293
2026,2,p13,Apex Regional Landfill,405246,"Solar Las Vegas MB 2, LLC",NV,57.07353613741383
2026,2,p13,Apex Regional Landfill,405188,Solar Las Vegas MB-1,NV,57.07883319227132
2026,2,p13,Apex Regional Landfill,400556,Spectrum Solar PV Power Project,NV,67.82112244104985
2026,2,p13,Apex Regional Landfill,402485,"Techren Solar I, LLC",NV,76.00005787540283
2026,2,p13,Apex Regional Landfill,402690,"Techren Solar II, LLC",NV,75.99958290372757
2026,2,p13,Apex Regional Landfill,402691,"Techren Solar III, LLC",NV,77.99323074613758
2026,2,p13,Apex Regional Landfill,402692,"Techren Solar IV, LLC",NV,75.97944575418657
2026,2,p13,Apex Regional Landfill,403001,Techren Solar V,NV,73.44003607822135
2026,2,p13,Apex Regional Landfill,401851,Townsite Solar Project Hybrid,NV,72.49630054387352
2026,2,p13,Apex Regional Landfill,406448,Yellow Pine II,NV,97.99581301430402
2026,2,p13,Apex Regional Landfill,404971,Yellow Pine Solar,NV,97.85019156047487
2026,2,p27,Mohave Valley Landfill,400374,"Black Mountain Solar, LLC",AZ,105.0519075085934
2026,2,p27,Mohave Valley Landfill,402236,Gray Hawk Solar,AZ,156.22461370894186
2026,2,p27,Mohave Valley Landfill,401819,Jacobson 5 MW Solar,AZ,155.01595437279497
2026,2,p27,Mohave Valley Landfill,400199,La Senita,AZ,183.66313811148027
2026,2,p27,Mohave Valley Landfill,403718,Mohave Electric Cooperative at Joy Lane,AZ,54.373681151425714
2026,2,p27,Mohave Valley Landfill,401311,Mohave Electric at Fort Mohave,AZ,49.0171676491765
2026,2,p27,Mohave Valley Landfill,406478,Mohave Energy - Hybrid,AZ,43.85747784952957
2026,2,p28,Apache Junction Landfill,405418,AZ State University - Tempe Campus Solar,AZ,74.17581268890542
2026,2,p28,South Yuma County Landfill,400148,Agua Caliente Solar Project,AZ,122.21626157991179
2026,2,p28,Apache Junction Landfill,402067,Apache Solar 1,AZ,206.563691503176
2026,2,p28,South Yuma County Landfill,400274,Arizona Western College PV,AZ,48.9707256246819
2026,2,p28,Apache Junction Landfill,400240,Arlington Valley Solar Energy II,AZ,138.82010392180547
2026,2,p28,Apache Junction Landfill,400437,Badger 1,AZ,135.1032566869094
2026,2,p28,Apache Junction Landfill,401688,Bonnybrooke PV,AZ,75.36123389558736
2026,2,p28,Apache Junction Landfill,400371,Buckeye Union HS District 201,AZ,119.90162439076303
2026,2,p28,Apache Junction Landfill,405635,"Central Line Solar, LLC",AZ,90.03555356316305
2026,2,p28,Apache Junction Landfill,400201,Chino Solar Valley,AZ,176.73148460670578
2026,2,p28,Apache Junction Landfill,400202,Cotton Center Solar Hybrid,AZ,129.6164754150553
2026,2,p28,Apache Junction Landfill,401069,Desert Star Hybrid,AZ,127.5178831219724
2026,2,p28,Apache Junction Landfill,403257,East Line Solar,AZ,90.27554080619282
2026,2,p28,Apache Junction Landfill,406171,Eleven Mile Solar Center,AZ,88.6452183113545
2026,2,p28,Apache Junction Landfill,405244,Estrella Mountain PV,AZ,104.96735100186815
2026,2,p28,South Yuma County Landfill,400349,Foothills Solar Plant Hybrid,AZ,50.27756673075059
2026,2,p28,Apache Junction Landfill,400825,Fort Huachuca Solar PV Project,AZ,213.9507252637203
2026,2,p28,Apache Junction Landfill,400845,Gila Bend Hybrid,AZ,139.68021981361102
2026,2,p28,Apache Junction Landfill,400599,"Gilbert Solar Facility I, LLC",AZ,65.70739587617312
2026,2,p28,South Yuma County Landfill,400507,Hyder II Hybrid,AZ,133.11668925159503
2026,2,p28,South Yuma County Landfill,400204,Hyder Solar Hybrid,AZ,132.59539423792884
2026,2,p28,Apache Junction Landfill,405282,Intel - Ocotillo Campus Solar,AZ,72.47089398089601
2026,2,p28,Apache Junction Landfill,405125,Jewish Community Center PV,AZ,79.15227680348876
2026,2,p28,Apache Junction Landfill,402234,Kayenta Solar Project,AZ,356.3364772623565
2026,2,p28,Apache Junction Landfill,400595,Lake Pleasant WTP,AZ,111.39313555636011
2026,2,p28,Apache Junction Landfill,400128,Luke Solar,AZ,105.9208548252033
2026,2,p28,Apache Junction Landfill,405068,Macys Goodyear,AZ,106.81417324491022
2026,2,p28,South Yuma County Landfill,406279,McFarland A Solar and Storage,AZ,123.36738426066044
2026,2,p28,Apache Junction Landfill,405617,Mesa Carport PV,AZ,51.32460264813322
2026,2,p28,Apache Junction Landfill,404512,Mesa Solar Array,AZ,51.46307744801017
2026,2,p28,Apache Junction Landfill,400250,Mesquite Solar 1,AZ,141.62132365238227
2026,2,p28,Apache Junction Landfill,401621,"Mesquite Solar 2, LLC",AZ,144.88286319589392
2026,2,p28,Apache Junction Landfill,401622,"Mesquite Solar 3, LLC",AZ,143.65574927657383
2026,2,p28,Apache Junction Landfill,406038,"Mesquite Solar 4, LLC",AZ,140.1691123281891
2026,2,p28,Apache Junction Landfill,404922,"Mesquite Solar 5, LLC",AZ,140.91210681168633
2026,2,p28,South Yuma County Landfill,403572,OE_AZ1,AZ,154.14753417162476
2026,2,p28,Apache Junction Landfill,400203,Paloma Solar Hybrid,AZ,127.69492310867128
2026,2,p28,Apache Junction Landfill,405126,Paradise Valley H.S. PV,AZ,85.80766095706765
2026,2,p28,Apache Junction Landfill,405150,Phoenix Airport East Economy Lot,AZ,77.21147363969398
2026,2,p28,Apache Junction Landfill,405151,Phoenix Airport Rental Car Center,AZ,81.68975532686716
2026,2,p28,Apache Junction Landfill,402528,Pinal Central Energy Center Hybrid,AZ,87.84317046296796
2026,2,p28,Apache Junction Landfill,400125,"Poseidon Solar, LLC",AZ,63.81446091606774
2026,2,p28,Apache Junction Landfill,400031,Prescott Airport,AZ,173.14219352914782
2026,2,p28,Apache Junction Landfill,400401,Prescott Solar Plant,AZ,175.77849995982447
2026,2,p28,Apache Junction Landfill,400323,Queen Creek Solar Farm,AZ,56.63859595276638
2026,2,p28,Mohave Valley Landfill,400289,"RE Bagdad Solar I, LLC",AZ,137.89099933906417
2026,2,p28,Apache Junction Landfill,405132,"RE Gillespie 1, LLC",AZ,126.0785919860412
2026,2,p28,Apache Junction Landfill,400758,Red Horse 2,AZ,182.56668247726483
2026,2,p28,Apache Junction Landfill,401609,Red Horse III,AZ,176.71049607593542
2026,2,p28,Apache Junction Landfill,401726,Red Rock,AZ,115.69271245628646
2026,2,p28,Apache Junction Landfill,406380,SR McNeal,AZ,248.4304254920977
2026,2,p28,South Yuma County Landfill,400416,Saddle Mountain Solar I,AZ,153.65114737567578
2026,2,p28,Apache Junction Landfill,403674,Saint Solar,AZ,87.67941628503372
2026,2,p28,Apache Junction Landfill,401214,Sandstone Solar,AZ,73.48369557389086
2026,2,p28,Apache Junction Landfill,405029,Solana Generating Station,AZ,153.7679033197656
2026,2,p28,Apache Junction Landfill,406275,Sonoran Solar Energy,AZ,118.40995449415315
2026,2,p28,Apache Junction Landfill,406034,Storey Solar and Storage,AZ,85.75359182969905
2026,2,p28,Apache Junction Landfill,401664,Sulphur Springs,AZ,205.75606601075873
2026,2,p28,Apache Junction Landfill,403643,Sun Streams 2,AZ,134.79936427480925
2026,2,p28,Apache Junction Landfill,406517,Sun Streams 3,AZ,132.3400795663247
2026,2,p28,Apache Junction Landfill,401975,"Sun Streams, LLC",AZ,135.96075060744752
2026,2,p28,Apache Junction Landfill,405311,T0588 Phoenix - AZ,AZ,94.98915795336029
2026,2,p28,Apache Junction Landfill,405134,Union HS at Casa Grande,AZ,84.69873579370751
2026,2,p28,Apache Junction Landfill,405135,Vista Grande HS at Casa Grande,AZ,87.53236497587832
2026,2,p28,Apache Junction Landfill,400334,Walmart Casa Grande,AZ,89.90692657156589
2026,2,p28,Apache Junction Landfill,406098,"West Line Solar, LLC",AZ,90.97614583686571
2026,2,p29,Apache Junction Landfill,400014,Springerville,AZ,1844.6907505305744
2026,2,p30,Apache Junction Landfill,405143,Actus Lend Lease DMAFB,AZ,152.6163090802228
2026,2,p30,Apache Junction Landfill,405611,Amazon TUS2,AZ,205.6082486362161
2026,2,p30,Apache Junction Landfill,405268,Amphitheater High School Solar,AZ,194.56476675669055
2026,2,p30,Apache Junction Landfill,400939,Avalon Solar,AZ,214.58621053033494
2026,2,p30,Apache Junction Landfill,401479,Avalon Solar II,AZ,196.01946265641035
2026,2,p30,Apache Junction Landfill,400226,Avra Valley Solar,AZ,139.96680509984625
2026,2,p30,Apache Junction Landfill,404704,Broadway 2 - Tucson Phase II,AZ,202.49953439769837
2026,2,p30,Apache Junction Landfill,405768,Broadway 3 - Tucson Phase I,AZ,142.33190297854418
2026,2,p30,Apache Junction Landfill,405269,Canyon Del Oro High School Solar,AZ,141.27137903227415
2026,2,p30,Apache Junction Landfill,400757,Cogenra-TEP,AZ,216.205433822064
2026,2,p30,Apache Junction Landfill,401295,Davis Monthan AFB (AZ) West Airfield,AZ,159.787658673339
2026,2,p30,Apache Junction Landfill,400330,FRB Solar Farm,AZ,228.7905105259743
2026,2,p30,Apache Junction Landfill,400761,"Gato Montes Solar, LLC",AZ,167.41477744747078
2026,2,p30,Apache Junction Landfill,404536,Iron Horse Battery Storage Hybrid,AZ,176.03059380134053
2026,2,p30,Apache Junction Landfill,400552,"Picture Rocks Solar, LLC",AZ,149.7639528393471
2026,2,p30,Apache Junction Landfill,405374,Pima Community College,AZ,205.4335421842089
2026,2,p30,Apache Junction Landfill,405303,Pima Community College - East Campus,AZ,152.33649976495258
2026,2,p30,Apache Junction Landfill,405516,Pima Community College NW,AZ,139.90383701330586
2026,2,p30,Apache Junction Landfill,400408,Prairie Fire,AZ,218.88114975374242
2026,2,p30,Apache Junction Landfill,400290,"RE Ajo 1, LLC",AZ,1183.3937159076163
2026,2,p30,South Yuma County Landfill,400290,"RE Ajo 1, LLC",AZ,158.8007910964716
2026,2,p30,Apache Junction Landfill,404926,Raptor Ridge,AZ,235.6654251625611
2026,2,p30,Apache Junction Landfill,400857,Rio Rico Solar,AZ,215.69264040163557
2026,2,p30,Apache Junction Landfill,400193,Roger Road WWTP,AZ,180.82781855275675
2026,2,p30,Apache Junction Landfill,401076,Tech Park Solar,AZ,160.05110864749236
2026,2,p30,Apache Junction Landfill,400156,UASTP I,AZ,205.48553587735736
2026,2,p30,Apache Junction Landfill,401075,Valencia Solar,AZ,185.6062660973691
2026,2,p30,Apache Junction Landfill,404187,"Wilmot Energy Center, LLC",AZ,244.26820837670678
2026,2,p31,City of Clovis Landfill,400211,Alamogordo Solar Energy Center,NM,261.6465374506977
2026,2,p31,Northeastern New Mexico Regional Landfill,400206,Albuquerque Solar Energy Center,NM,188.76639043908344
2026,2,p31,Northeastern New Mexico Regional Landfill,403675,Alcalde Solar Array,NM,125.45746732399671
2026,2,p31,Apache Junction Landfill,401595,Alta Luna,NM,376.5674700541345
2026,2,p31,Northeastern New Mexico Regional Landfill,404724,Angel Fire Energy Facility,NM,88.3899853094747
2026,2,p31,Northeastern New Mexico Regional Landfill,405469,Arroyo Solar Energy Storage Hybrid,NM,224.30779136476045
2026,2,p31,Northeastern New Mexico Regional Landfill,403321,Bluewater CDEC 1,NM,314.58454073465504
2026,2,p31,Northeastern New Mexico Regional Landfill,403736,Britton Solar Energy Center,NM,181.96821241514397
2026,2,p31,City of Clovis Landfill,404981,Buena Vista Energy Center,NM,344.2221208062944
2026,2,p31,Northeastern New Mexico Regional Landfill,402876,CNMEC Solar Energy Center,NM,195.59436460643505
2026,2,p31,City of Clovis Landfill,402519,Carrizozo Solar,NM,232.61582768175532
2026,2,p31,Northeastern New Mexico Regional Landfill,401202,Cibola,NM,219.44812518482647
2026,2,p31,Northeastern New Mexico Regional Landfill,400104,Cimarron Solar Facility,NM,68.38031743628345
2026,2,p31,Apache Junction Landfill,402988,City of Gallup Solar,NM,327.3180560006536
2026,2,p31,Northeastern New Mexico Regional Landfill,403604,City of Rio Rancho WWTP,NM,216.78652140648543
2026,2,p31,City of Clovis Landfill,401225,City of Truth or Consequences PV,NM,358.89775537435946
2026,2,p31,Apache Junction Landfill,402177,Columbus Solar Project,NM,423.8887540842016
2026,2,p31,Northeastern New Mexico Regional Landfill,404748,"Cuba 2.5ac, LLC",NM,195.78304284467268
2026,2,p31,Apache Junction Landfill,400209,Deming Solar Energy Center,NM,329.9663574324679
2026,2,p31,Northeastern New Mexico Regional Landfill,403868,Encino Solar Energy Center,NM,196.11739222003573
2026,2,p31,Northeastern New Mexico Regional Landfill,401038,Eubank Landfill Solar Array,NM,214.0491278596296
2026,2,p31,Northeastern New Mexico Regional Landfill,402441,Facebook 1 Solar Energy Center,NM,223.10307680524744
2026,2,p31,Northeastern New Mexico Regional Landfill,402442,Facebook 2 Solar Energy Center,NM,238.61037384542922
2026,2,p31,Northeastern New Mexico Regional Landfill,402443,Facebook 3 Solar Energy Center,NM,214.39512798355446
2026,2,p31,Northeastern New Mexico Regional Landfill,403322,Grants CDEC 2,NM,302.4029111422082
2026,2,p31,Apache Junction Landfill,400216,"Hatch Solar Energy Center I, LLC",NM,2101.546326888714
2026,2,p31,City of Clovis Landfill,400216,"Hatch Solar Energy Center I, LLC",NM,326.1394364285098
2026,2,p31,City of Clovis Landfill,401617,Holloman Solar Facility,NM,245.10384839758945
2026,2,p31,Northeastern New Mexico Regional Landfill,406109,"Jicarilla Solar 1, LLC",NM,215.50865747748293
2026,2,p31,Northeastern New Mexico Regional Landfill,400427,Kit Carson,NM,137.36376542837812
2026,2,p31,Northeastern New Mexico Regional Landfill,400210,Las Vegas Solar Energy Center,NM,97.03345624090737
2026,2,p31,Northeastern New Mexico Regional Landfill,400434,Los Alamos PV Site,NM,163.7038484171188
2026,2,p31,Northeastern New Mexico Regional Landfill,400207,Los Lunas Solar Energy Center,NM,230.41615625769106
2026,2,p31,Apache Junction Landfill,400838,Macho Springs,NM,338.0185689492596
2026,2,p31,Northeastern New Mexico Regional Landfill,400582,Manzano Solar,NM,233.17094914074048
2026,2,p31,Northeastern New Mexico Regional Landfill,401201,Meadow Lake Solar Energy Center,NM,208.4879492036352
2026,2,p31,Northeastern New Mexico Regional Landfill,406177,"NMRD Data Center III, LLC",NM,218.17863772559173
2026,2,p31,City of Clovis Landfill,405693,NMSU Solar and Storage,NM,347.93392948784214
2026,2,p31,Northeastern New Mexico Regional Landfill,406375,OE_ESCL,NM,272.1140752572802
2026,2,p31,City of Clovis Landfill,400581,Otero Solar,NM,276.3041676482128
2026,2,p31,Northeastern New Mexico Regional Landfill,400146,Questa Solar Facility,NM,121.09734041407333
2026,2,p31,Northeastern New Mexico Regional Landfill,403178,"RC Energy AA, LLC Solar Facility",NM,199.88637433959852
2026,2,p31,Northeastern New Mexico Regional Landfill,401566,Rio Communities Solar Energy Center,NM,226.94334951921934
2026,2,p31,Northeastern New Mexico Regional Landfill,403084,Rio De Oro Solar Energy Center,NM,216.34523597660015
2026,2,p31,Northeastern New Mexico Regional Landfill,400624,Rio Rancho High School,NM,212.56547862128974
2026,2,p31,City of Clovis Landfill,400135,Roadrunner Solar,NM,379.6064152902897
2026,2,p31,Northeastern New Mexico Regional Landfill,404648,"Route 66 Energy Center, LLC",NM,303.87759032751575
2026,2,p31,Northeastern New Mexico Regional Landfill,403387,San Miguel I Solar Energy Center,NM,93.98705580275133
2026,2,p31,Northeastern New Mexico Regional Landfill,405458,San Miguel II Solar Energy Center,NM,101.08323532151717
2026,2,p31,Northeastern New Mexico Regional Landfill,401161,Sandoval Solar Energy Center,NM,223.14024429213293
2026,2,p31,Northeastern New Mexico Regional Landfill,401564,Santa Fe Solar Energy Center,NM,160.41748142549923
2026,2,p31,Northeastern New Mexico Regional Landfill,401565,Santolina Solar Energy Center,NM,246.50449293544872
2026,2,p31,Apache Junction Landfill,400596,Silver City WWTP PV Project,NM,342.29108902713693
2026,2,p31,Northeastern New Mexico Regional Landfill,406343,Sky Ranch Solar,NM,259.95731898491624
2026,2,p31,Northeastern New Mexico Regional Landfill,401563,South Valley Solar Energy Center,NM,212.16077075880463
2026,2,p31,Northeastern New Mexico Regional Landfill,401162,Springer Solar 1,NM,62.44430733666892
2026,2,p31,Northeastern New Mexico Regional Landfill,400735,Storrie Lake Solar Project,NM,94.88788580826652
2026,2,p31,Northeastern New Mexico Regional Landfill,400623,Sue Cleveland High School,NM,202.69184293232942
2026,2,p31,City of Clovis Landfill,400343,"SunE EPE1, LLC",NM,304.25694829691395
2026,2,p31,City of Clovis Landfill,400342,"SunE EPE2, LLC",NM,355.1773281366022
2026,2,p31,Northeastern New Mexico Regional Landfill,402854,Syncarpha Eagle Nest,NM,88.912760034596
2026,2,p31,Northeastern New Mexico Regional Landfill,403412,Syncarpha El Rito,NM,148.65401127012882
2026,2,p31,Northeastern New Mexico Regional Landfill,403413,Syncarpha Questa,NM,119.08070290769949
2026,2,p31,Northeastern New Mexico Regional Landfill,403411,Syncarpha Taos,NM,101.96809640542897
2026,2,p31,Northeastern New Mexico Regional Landfill,404618,Taos Mesa Energy Facility Hybrid,NM,111.04412838910054
2026,2,p31,Northeastern New Mexico Regional Landfill,403011,Vista Solar Energy Center,NM,245.8115572766718
2026,2,p31,City of Clovis Landfill,400354,WSMR I,NM,367.51303740418393
2026,2,p31,City of Clovis Landfill,405245,Wal-Mart Truth or Consequences PV,NM,318.1472305985722
2026,2,p47,City of Clovis Landfill,400979,"Caprock Solar 1, LLC",NM,127.17431220308096
2026,2,p47,City of Clovis Landfill,404980,Chaves County Solar II,NM,134.13129328825042
2026,2,p47,City of Clovis Landfill,401681,"Chaves Solar, LLC",NM,182.96132563620955
2026,2,p47,City of Clovis Landfill,400614,GSE NM1,NM,153.2105643148379
2026,2,p47,City of Clovis Landfill,404982,Hayhurst New Mexico Solar,NM,307.3063610196974
2026,2,p47,City of Clovis Landfill,402530,Middle Daisy,NM,186.8337325655182
2026,2,p47,City of Clovis Landfill,401682,"Roswell Solar, LLC",NM,207.20510972393902
2026,2,p47,City of Clovis Landfill,400546,SEV NM Phase 2,NM,176.14856272460588
2026,2,p47,City of Clovis Landfill,400260,SPS1 Dollarhide,NM,274.1079485423758
2026,2,p47,City of Clovis Landfill,400261,SPS2 Jal,NM,362.1908658466435
2026,2,p47,City of Clovis Landfill,400262,SPS3 Lea,NM,233.9890231464124
2026,2,p47,City of Clovis Landfill,400264,SPS5 Hopi,NM,301.97329163026984
2026,2,p47,City of Clovis Landfill,404698,SoCore Clovis 1,NM,26.33834981284357
2026,2,p48,City of Clovis Landfill,406439,"BESSP1, LLC",TX,1600.4999829578069
2026,2,p48,City of Clovis Landfill,405590,"Hecate Energy Frye Solar, LLC",TX,1528.9222516396053
2026,2,p57,Victoria Landfill,404918,"Hecate Energy Upshur Rural, LLC",TX,13358.152030920728
2026,2,p59,City of Clovis Landfill,402666,Fort Bliss (DEA EPIC),TX,13297.252765718411
2026,2,p59,City of Clovis Landfill,401616,Montana Solar Facility,TX,11308.686650873118
2026,2,p59,City of Clovis Landfill,401045,Newman Solar,TX,8223.192637212187
2026,2,p60,City of Clovis Landfill,403962,"ANSON Solar Center, LLC",TX,3187.735418394344
2026,2,p60,City of Clovis Landfill,403883,Azure Sky Solar,TX,3589.5471974442953
2026,2,p60,City of Clovis Landfill,403232,"ENGIE Long Draw Solar, LLC",TX,1986.9831609196694
2026,2,p60,City of Clovis Landfill,406252,Highpeak Solar 1,TX,2910.157706951973
2026,2,p60,City of Clovis Landfill,402721,Holstein 1 Solar Farm,TX,4571.045629646237
2026,2,p60,City of Clovis Landfill,405492,Juno Solar Project,TX,1347.591058296007
2026,2,p60,City of Clovis Landfill,402541,Lamesa II,TX,3402.0244292789357
2026,2,p60,City of Clovis Landfill,401660,Lamesa Solar,TX,2981.74511474336
2026,2,p60,City of Clovis Landfill,405932,Lumina II Solar Project,TX,1961.791462615284
2026,2,p60,City of Clovis Landfill,405933,Lumina Solar Project,TX,2819.8064398814095
2026,2,p60,City of Clovis Landfill,402909,Misae Solar,TX,3287.2768378742308
2026,2,p60,City of Clovis Landfill,400968,"OCI Alamo 7, LLC",TX,3342.026876723844
2026,2,p60,City of Clovis Landfill,405939,Texas Solar Nova 1,TX,2507.3756599062785
2026,2,p61,City of Clovis Landfill,400967,Alamo 6,TX,1484.4042844567327
2026,2,p61,City of Clovis Landfill,403557,Aragorn Solar Project,TX,990.8118690203063
2026,2,p61,City of Clovis Landfill,400691,Barilla Solar,TX,1761.8450930839597
2026,2,p61,City of Clovis Landfill,401946,Bluebell Solar,TX,1085.2446154653262
2026,2,p61,City of Clovis Landfill,403574,Bluebell Solar II,TX,867.4462911051066
2026,2,p61,City of Clovis Landfill,400554,"Bryan Solar, LLC",TX,1356.367085413216
2026,2,p61,City of Clovis Landfill,401463,Buckthorn Westex,TX,1398.7707662943928
2026,2,p61,City of Clovis Landfill,401703,East Pecos Solar,TX,1248.2692139000926
2026,2,p61,Victoria Landfill,405363,Galloway 1 Solar Farm,TX,1241.3380893684377
2026,2,p61,Victoria Landfill,405494,Galloway 2 Solar Farm,TX,1476.88808308718
2026,2,p61,City of Clovis Landfill,403210,Greasewood,TX,1314.3731242216784
2026,2,p61,City of Clovis Landfill,406370,Hayhurst Texas Solar,TX,921.4646170074291
2026,2,p61,City of Clovis Landfill,402304,Midway Solar-TX,TX,1486.5325504984721
2026,2,p61,Victoria Landfill,400695,"OCI Alamo 4, LLC",TX,871.6484847142957
2026,2,p61,City of Clovis Landfill,401868,Pearl Solar,TX,1578.1199072041225
2026,2,p61,City of Clovis Landfill,402290,RE Maplewood,TX,1119.7568084374345
2026,2,p61,City of Clovis Landfill,401430,RE Roserock,TX,916.4327579134343
2026,2,p61,City of Clovis Landfill,402848,Rambler,TX,1688.9201221125943
2026,2,p61,City of Clovis Landfill,402083,Solaire Holman Solar Project,TX,1704.3821274261225
2026,2,p61,City of Clovis Landfill,403023,"Taygete Energy Project, LLC",TX,1433.6000665938807
2026,2,p61,City of Clovis Landfill,404647,Taygete II Energy Project,TX,889.9578707240875
2026,2,p61,City of Clovis Landfill,403551,Titan Solar Project,TX,689.6631302968303
2026,2,p61,Victoria Landfill,406103,Zier Solar,TX,1017.0033097666038
2026,2,p62,City of Clovis Landfill,403502,2W Permian Solar Project Hybrid,TX,4516.5709162147605
2026,2,p62,City of Clovis Landfill,403697,CED Crane Solar,TX,7370.415174671506
2026,2,p62,City of Clovis Landfill,401525,Castle Gap Solar Hybrid,TX,5466.592916554363
2026,2,p62,City of Clovis Landfill,404599,Emerald Grove,TX,5170.431547255032
2026,2,p62,City of Clovis Landfill,403004,Lapetus,TX,4435.272457682515
2026,2,p62,City of Clovis Landfill,403280,Oberon IA,TX,4175.813363112304
2026,2,p62,City of Clovis Landfill,403279,Oberon IB,TX,5346.736324488648
2026,2,p62,City of Clovis Landfill,403602,Oxy Renewable Energy-Goldsmith,TX,4784.0256817294085
2026,2,p62,City of Clovis Landfill,402679,Phoebe Solar,TX,5095.4113651766365
2026,2,p62,City of Clovis Landfill,403177,Prospero Solar,TX,3558.051817022684
2026,2,p62,City of Clovis Landfill,404128,Prospero Solar II,TX,2872.6158815139456
2026,2,p62,City of Clovis Landfill,403070,"Roadrunner, LLC",TX,6279.237066611043
2026,2,p62,City of Clovis Landfill,401805,Upton County Solar,TX,6461.901243407653
2026,2,p62,City of Clovis Landfill,402995,West of the Pecos Solar,TX,6930.414556896256
2026,2,p63,Victoria Landfill,405599,"BPL Crown Solar, LLC",TX,820.0720707712428
2026,2,p63,Victoria Landfill,404966,BPL Files Solar,TX,932.5379458999236
2026,2,p63,Victoria Landfill,403825,Briar Creek Solar 1,TX,1107.377164755268
2026,2,p63,Victoria Landfill,402610,Chisum,TX,1399.7633461769185
2026,2,p63,Victoria Landfill,401697,CoServ Community Solar Station,TX,1423.0881358306426
2026,2,p63,Victoria Landfill,403188,Coniglio Solar,TX,1880.9099059296864
2026,2,p63,Victoria Landfill,406415,Dileo Solar,TX,1327.5555191887456
2026,2,p63,Victoria Landfill,402655,Eddy II,TX,767.1176377686667
2026,2,p63,Victoria Landfill,406221,Eiffel Solar Project,TX,1793.6918093146894
2026,2,p63,Victoria Landfill,405540,"Ellis Solar, LLC",TX,1552.9700893412435
2026,2,p63,Victoria Landfill,403823,Elm Branch Solar 1,TX,957.4323637208071
2026,2,p63,Victoria Landfill,406206,Five Wells Solar Center - Hybrid,TX,741.0040404448117
2026,2,p63,Victoria Landfill,404567,G.S.E. One LLC,TX,1654.2627742891227
2026,2,p63,Victoria Landfill,403288,Griffin Solar,TX,1067.1851005944548
2026,2,p63,Victoria Landfill,406202,Grizzly Ridge Solar,TX,932.1233347386894
2026,2,p63,Victoria Landfill,402329,Highway 56 Solar,TX,1909.3953027741265
2026,2,p63,Victoria Landfill,405319,IKEA Grand Prairie Rooftop PV System,TX,1067.7989556137964
2026,2,p63,Victoria Landfill,405689,"IP Radian, LLC",TX,1266.519265480226
2026,2,p63,Victoria Landfill,403481,Impact Solar 1,TX,1108.251855665212
2026,2,p63,Victoria Landfill,403190,Kellam Solar,TX,1378.6692193709005
2026,2,p63,Victoria Landfill,402421,Leon Solar,TX,1968.7730603903258
2026,2,p63,Victoria Landfill,403874,Lily Solar Hybrid,TX,1702.798860607714
2026,2,p63,Victoria Landfill,402404,Marlin Solar,TX,832.9444027803465
2026,2,p63,Victoria Landfill,405794,Noble Solar,TX,1510.303449129923
2026,2,p63,City of Clovis Landfill,402405,North Gainesville Solar,TX,1296.7841324535775
2026,2,p63,Victoria Landfill,401933,Phantom Solar,TX,1226.9448668775792
2026,2,p63,Victoria Landfill,404872,"Pisgah Ridge Solar, LLC",TX,928.3289939518756
2026,2,p63,Victoria Landfill,406416,Pitts Dudik Solar,TX,1258.957301279788
2026,2,p63,Victoria Landfill,403189,Rippey Solar,TX,1394.554923040257
2026,2,p63,Victoria Landfill,404630,"Samson Solar Energy III, LLC",TX,1642.6468409084002
2026,2,p63,Victoria Landfill,402652,Sterling Solar (TX),TX,1377.2012731150332
2026,2,p63,Victoria Landfill,404812,Sun Valley Solar Project,TX,875.7088217330859
2026,2,p63,Victoria Landfill,404388,"TPE Erath Solar, LLC",TX,1377.5464076652415
2026,2,p63,Victoria Landfill,403457,"TPE Whitney Solar, LLC",TX,1153.6728775807137
2026,2,p63,Victoria Landfill,405361,Toyota HQ Plan,TX,1258.5218635889746
2026,2,p63,Victoria Landfill,405907,Verizon Hidden Ridge Solar Project,TX,1505.031322615871
2026,2,p63,Victoria Landfill,405984,Waco Solar,TX,1307.8326952708428
2026,2,p63,Victoria Landfill,402306,Walnut Springs Solar,TX,1625.0427139827957
2026,2,p63,Victoria Landfill,402497,West Moore Solar II,TX,2415.17987910132
2026,2,p63,Victoria Landfill,402330,Whitesboro Solar,TX,1369.8967013508218
2026,2,p63,Victoria Landfill,402331,Whitesboro Solar II,TX,1665.7646526161745
2026,2,p63,Victoria Landfill,402414,Whitewright Solar,TX,2443.0857733659855
2026,2,p63,Victoria Landfill,402654,Yellow Jacket,TX,1344.6665749673036
2026,2,p64,Victoria Landfill,405731,Austin TX GigaFactory,TX,216.47930687766203
2026,2,p64,Victoria Landfill,402203,Bandera Electric Coop PV,TX,570.6775216205288
2026,2,p64,Victoria Landfill,404721,"Blue Jay Solar I, LLC",TX,570.120914055417
2026,2,p64,Victoria Landfill,402648,Bovine,TX,176.5894947848223
2026,2,p64,Victoria Landfill,402389,"E-Volve Energy Holdings, LLC",TX,287.00434500244353
2026,2,p64,Victoria Landfill,400227,East Blackland Solar Project 1,TX,270.87115670965994
2026,2,p64,Victoria Landfill,405101,IKEA Round Rock 027,TX,256.2640540870658
2026,2,p64,Victoria Landfill,402653,Lampwick,TX,528.9215593161994
2026,2,p64,Victoria Landfill,405613,Niagara Bottling - Seguin,TX,215.77012310269242
2026,2,p64,Victoria Landfill,402544,PowerFin Kingsbery,TX,326.26334640720523
2026,2,p64,Victoria Landfill,400249,Webberville Solar Project,TX,359.41310115026175
2026,2,p65,Victoria Landfill,405700,Aktina Solar,TX,134.46163044556826
2026,2,p65,Victoria Landfill,404074,"Alexis Solar, LLC",TX,368.9596171324422
2026,2,p65,Victoria Landfill,405727,Bernard Creek Solar,TX,174.32765283065837
2026,2,p65,Victoria Landfill,400081,Blue Wing Solar Energy Generation,TX,241.57518466931563
2026,2,p65,Victoria Landfill,405477,Brightside,TX,142.17267335993125
2026,2,p65,Victoria Landfill,401728,CPS 1 Community Solar,TX,226.0205522162705
2026,2,p65,Victoria Landfill,402656,Cascade Solar (TX),TX,170.74514506872876
2026,2,p65,Victoria Landfill,403987,Catan Solar,TX,151.7206056931741
2026,2,p65,Victoria Landfill,403091,Commerce Solar,TX,245.53084198618618
2026,2,p65,Victoria Landfill,404247,"Corazon Energy, LLC",TX,394.23742398504237
2026,2,p65,Victoria Landfill,404062,Elara Solar,TX,269.8030707865035
2026,2,p65,Victoria Landfill,404359,FELPS 1-Calaveras,TX,216.88456568062674
2026,2,p65,Victoria Landfill,404361,FELPS 2-Calaveras,TX,224.4868358431342
2026,2,p65,Victoria Landfill,404362,FELPS 3-Floresville South,TX,196.49658429652712
2026,2,p65,Victoria Landfill,404363,FELPS 4-Floresville South,TX,151.82285823930505
2026,2,p65,Victoria Landfill,404364,FELPS 5-Floresville South,TX,167.01204171113662
2026,2,p65,Victoria Landfill,404739,FELPS 6- Floresville West,TX,201.78624860335592
2026,2,p65,Victoria Landfill,404740,FELPS 7- Floresville West,TX,229.20780328382062
2026,2,p65,Victoria Landfill,406516,Ganado Solar,TX,120.21584805463428
2026,2,p65,Victoria Landfill,405801,Horizon Solar,TX,340.0247389202804
2026,2,p65,Victoria Landfill,405380,IKEA Live Oak Rooftop PV System,TX,196.12381668990236
2026,2,p65,Victoria Landfill,403343,Mars Solar,TX,298.74147011436094
2026,2,p65,Victoria Landfill,404877,Nebula Solar,TX,356.87476403731415
2026,2,p65,Victoria Landfill,400694,"OCI Alamo 2, LLC",TX,255.90091228219825
2026,2,p65,Victoria Landfill,400965,"OCI Alamo 3, LLC",TX,253.73839761754064
2026,2,p65,Victoria Landfill,400966,"OCI Alamo 5, LLC",TX,352.9519348194782
2026,2,p65,Victoria Landfill,400593,OCI Alamo Solar I Hybrid,TX,293.38971050111536
2026,2,p65,Victoria Landfill,405809,Shakes Solar,TX,356.6960438358963
2026,2,p65,Victoria Landfill,405545,Sparta Solar,TX,171.7994632138127
2026,2,p65,Victoria Landfill,400379,"SunE CPS1, LLC",TX,243.9017218895716
2026,2,p65,Victoria Landfill,400364,"SunE CPS2, LLC",TX,176.79812874534173
2026,2,p65,Victoria Landfill,400353,"SunE CPS3, LLC",TX,206.09925120927986
2026,2,p65,Victoria Landfill,406032,Tres Bahias,TX,98.69170756221318
2026,2,p65,Victoria Landfill,404878,Vancourt Solar Interconnections,TX,440.1799916927711
2026,2,p66,Victoria Landfill,406386,Umbriel Solar,TX,6331.250105780318
2026,2,p67,Victoria Landfill,404939,Brazoria County Solar Project (Danciger),TX,897.4637581384752
2026,2,p67,Victoria Landfill,404681,Brazoria West,TX,887.6061443109738
2026,2,p67,Victoria Landfill,402649,Bronson,TX,932.1444005126265
2026,2,p67,Victoria Landfill,406178,"Cutlass Solar 1, LLC",TX,775.7465441926048
2026,2,p67,Victoria Landfill,404587,Fighting Jays Solar Project,TX,965.3259768303187
2026,2,p67,Victoria Landfill,405564,"Fort Bend Solar, LLC",TX,881.7082435444403
2026,2,p67,Victoria Landfill,404853,"Longbow Solar, LLC",TX,1144.2973031980464
2026,2,p67,Victoria Landfill,403514,Wagyu,TX,1324.061952345581
2026,3,p12,Apex Regional Landfill,402144,Battle Mountain Solar Project,NV,512.4054127107637
2026,3,p12,Apex Regional Landfill,405025,Brady,NV,504.0150610781041
2026,3,p12,Apex Regional Landfill,405553,Dodge Flat,NV,597.2938014139329
2026,3,p12,Apex Regional Landfill,402609,"EGP Stillwater Solar PV II, LLC",NV,724.5387785688342
2026,3,p12,Apex Regional Landfill,404659,Fish Springs,NV,510.8628081924866
2026,3,p12,Apex Regional Landfill,401086,Ft. Churchill PV,NV,423.2846744748025
2026,3,p12,Apex Regional Landfill,405028,Galena 2 Geothermal Power Plant,NV,807.9276149456305
2026,3,p12,Apex Regional Landfill,402130,Luning Energy,NV,475.90237716432785
2026,3,p12,Apex Regional Landfill,403107,NVSS-II,NV,137.56991787106557
2026,3,p12,Apex Regional Landfill,400468,"Patua Acquisition Project, LLC",NV,533.898923077475
2026,3,p12,Apex Regional Landfill,405021,Steamboat Hills LP,NV,744.1358176331481
2026,3,p12,Apex Regional Landfill,405023,Steamboat II,NV,496.7574933960396
2026,3,p12,Apex Regional Landfill,405024,Steamboat III,NV,643.406257587487
2026,3,p12,Apex Regional Landfill,400029,Stillwater Facility,NV,747.2490128325136
2026,3,p12,Apex Regional Landfill,401318,Sunshine Valley Solar,NV,224.10766805279178
2026,3,p12,Apex Regional Landfill,405026,TS Power Plant,NV,531.5176626530675
2026,3,p12,Apex Regional Landfill,405576,Tesla Reno GigaFactory,NV,513.3685757347287
2026,3,p12,Apex Regional Landfill,401943,Tungsten Mountain,NV,389.85162654155096
2026,3,p12,Apex Regional Landfill,403308,Turquoise Liberty Solar,NV,568.242136732029
2026,3,p12,Apex Regional Landfill,403884,"Turquoise Nevada, LLC",NV,693.0681816668406
2026,3,p12,Apex Regional Landfill,400035,Western 102 Power Plant,NV,494.5685660375077
2026,3,p13,Apex Regional Landfill,400555,Apex Solar PV Power Project,NV,73.16193399451785
2026,3,p13,Apex Regional Landfill,405385,Arrow Canyon Solar Hybrid,NV,87.03282836752982
2026,3,p13,Apex Regional Landfill,402017,"Boulder Solar II, LLC",NV,76.97426428216414
2026,3,p13,Apex Regional Landfill,401649,"Boulder Solar Power, LLC",NV,78.44691933163915
2026,3,p13,Apex Regional Landfill,400059,CM10,NV,80.55626964937706
2026,3,p13,Apex Regional Landfill,400086,CM48,NV,82.66520393629368
2026,3,p13,Apex Regional Landfill,400363,Copper Mountain Solar 2,NV,81.51307052037849
2026,3,p13,Apex Regional Landfill,400802,Copper Mountain Solar 3,NV,74.30828569605772
2026,3,p13,Apex Regional Landfill,401308,"Copper Mountain Solar 4, LLC",NV,80.89571518396589
2026,3,p13,Apex Regional Landfill,403688,"Copper Mountain Solar 5, LLC",NV,84.12641601331089
2026,3,p13,Apex Regional Landfill,405358,Dignity - San Martin,NV,63.97844270546138
2026,3,p13,Apex Regional Landfill,405355,Dignity - Siena Campus,NV,62.41015090955037
2026,3,p13,Apex Regional Landfill,405556,Dry Lake Solar Energy Center,NV,78.03619853846101
2026,3,p13,Apex Regional Landfill,405495,Gemini Solar,NV,83.929263289407
2026,3,p13,Apex Regional Landfill,403386,"Harry Allen Solar Energy, LLC",NV,77.1510647644989
2026,3,p13,Apex Regional Landfill,406090,IGS LAS1,NV,65.2405582183549
2026,3,p13,Apex Regional Landfill,406089,IGS VGT,NV,60.887950941415
2026,3,p13,Apex Regional Landfill,405309,IKEA Las Vegas 462,NV,62.93603156557601
2026,3,p13,Apex Regional Landfill,400545,Las Vegas WPCF Solar Plant,NV,54.98439225179951
2026,3,p13,Apex Regional Landfill,400313,Moapa Southern Paiute,NV,92.2310956936021
2026,3,p13,Apex Regional Landfill,400600,Mountain View Solar,NV,73.09594875734906
2026,3,p13,Apex Regional Landfill,400036,Nellis Air Force Base Solar Array,NV,59.15469538295341
2026,3,p13,Apex Regional Landfill,401381,Nellis Solar PV II,NV,55.9008367403867
2026,3,p13,Apex Regional Landfill,401319,"Playa Solar 1, LLC",NV,74.7056124628428
2026,3,p13,Apex Regional Landfill,401596,Playa Solar 2,NV,77.30249427305137
2026,3,p13,Apex Regional Landfill,401274,River Mountains Solar,NV,65.24189226414721
2026,3,p13,Mohave Valley Landfill,401042,Searchlight Solar,NV,88.75058927904175
2026,3,p13,Apex Regional Landfill,400166,Silver State Solar Power North,NV,100.02370351896913
2026,3,p13,Apex Regional Landfill,400658,Silver State Solar Power South,NV,96.02853443627293
2026,3,p13,Apex Regional Landfill,405246,"Solar Las Vegas MB 2, LLC",NV,56.66282890825471
2026,3,p13,Apex Regional Landfill,405188,Solar Las Vegas MB-1,NV,56.79790573494602
2026,3,p13,Apex Regional Landfill,400556,Spectrum Solar PV Power Project,NV,66.98197977089193
2026,3,p13,Apex Regional Landfill,402485,"Techren Solar I, LLC",NV,76.00005787540283
2026,3,p13,Apex Regional Landfill,402690,"Techren Solar II, LLC",NV,75.7220382423881
2026,3,p13,Apex Regional Landfill,402691,"Techren Solar III, LLC",NV,77.68919564016929
2026,3,p13,Apex Regional Landfill,402692,"Techren Solar IV, LLC",NV,74.44379817825732
2026,3,p13,Apex Regional Landfill,403001,Techren Solar V,NV,75.3533934963301
2026,3,p13,Apex Regional Landfill,401851,Townsite Solar Project Hybrid,NV,71.77438303855676
2026,3,p13,Apex Regional Landfill,406448,Yellow Pine II,NV,97.99581301430402
2026,3,p13,Apex Regional Landfill,404971,Yellow Pine Solar,NV,96.8017206332975
2026,3,p27,Mohave Valley Landfill,400374,"Black Mountain Solar, LLC",AZ,105.0519075085934
2026,3,p27,Mohave Valley Landfill,402236,Gray Hawk Solar,AZ,156.22461370894186
2026,3,p27,Mohave Valley Landfill,401819,Jacobson 5 MW Solar,AZ,138.49726401116942
2026,3,p27,Mohave Valley Landfill,400199,La Senita,AZ,180.8956621856654
2026,3,p27,Mohave Valley Landfill,403718,Mohave Electric Cooperative at Joy Lane,AZ,53.75602492251677
2026,3,p27,Mohave Valley Landfill,401311,Mohave Electric at Fort Mohave,AZ,49.0171676491765
2026,3,p27,Mohave Valley Landfill,406478,Mohave Energy - Hybrid,AZ,43.833595587951656
2026,3,p28,Apache Junction Landfill,405418,AZ State University - Tempe Campus Solar,AZ,73.93861416665871
2026,3,p28,South Yuma County Landfill,400148,Agua Caliente Solar Project,AZ,120.82894774953382
2026,3,p28,Apache Junction Landfill,402067,Apache Solar 1,AZ,206.563691503176
2026,3,p28,South Yuma County Landfill,400274,Arizona Western College PV,AZ,48.9707256246819
2026,3,p28,Apache Junction Landfill,400240,Arlington Valley Solar Energy II,AZ,138.07475636610062
2026,3,p28,Apache Junction Landfill,400437,Badger 1,AZ,134.17302821172643
2026,3,p28,Apache Junction Landfill,401688,Bonnybrooke PV,AZ,75.36123389558736
2026,3,p28,Apache Junction Landfill,400371,Buckeye Union HS District 201,AZ,118.96769824230205
2026,3,p28,Apache Junction Landfill,405635,"Central Line Solar, LLC",AZ,89.67063269506164
2026,3,p28,Apache Junction Landfill,400201,Chino Solar Valley,AZ,176.73148460670578
2026,3,p28,Apache Junction Landfill,400202,Cotton Center Solar Hybrid,AZ,129.6164754150553
2026,3,p28,Apache Junction Landfill,401069,Desert Star Hybrid,AZ,125.96168451519091
2026,3,p28,Apache Junction Landfill,403257,East Line Solar,AZ,89.88655041354824
2026,3,p28,Apache Junction Landfill,406171,Eleven Mile Solar Center,AZ,88.16590589509916
2026,3,p28,Apache Junction Landfill,405244,Estrella Mountain PV,AZ,104.33491516283753
2026,3,p28,South Yuma County Landfill,400349,Foothills Solar Plant Hybrid,AZ,51.12163772845091
2026,3,p28,Apache Junction Landfill,400825,Fort Huachuca Solar PV Project,AZ,215.47862802831168
2026,3,p28,Apache Junction Landfill,400845,Gila Bend Hybrid,AZ,137.81435832858168
2026,3,p28,Apache Junction Landfill,400599,"Gilbert Solar Facility I, LLC",AZ,65.48586577213261
2026,3,p28,South Yuma County Landfill,400507,Hyder II Hybrid,AZ,131.81073295302258
2026,3,p28,South Yuma County Landfill,400204,Hyder Solar Hybrid,AZ,132.59539423792884
2026,3,p28,Apache Junction Landfill,405282,Intel - Ocotillo Campus Solar,AZ,72.22272957396146
2026,3,p28,Apache Junction Landfill,405125,Jewish Community Center PV,AZ,79.87789637750566
2026,3,p28,Apache Junction Landfill,402234,Kayenta Solar Project,AZ,356.3364772623565
2026,3,p28,Apache Junction Landfill,400595,Lake Pleasant WTP,AZ,111.39313555636011
2026,3,p28,Apache Junction Landfill,400128,Luke Solar,AZ,106.01353826297866
2026,3,p28,Apache Junction Landfill,405068,Macys Goodyear,AZ,106.81417324491022
2026,3,p28,South Yuma County Landfill,406279,McFarland A Solar and Storage,AZ,121.61307632916586
2026,3,p28,Apache Junction Landfill,405617,Mesa Carport PV,AZ,51.36183642004152
2026,3,p28,Apache Junction Landfill,404512,Mesa Solar Array,AZ,51.416595813998605
2026,3,p28,Apache Junction Landfill,400250,Mesquite Solar 1,AZ,140.775405484019
2026,3,p28,Apache Junction Landfill,401621,"Mesquite Solar 2, LLC",AZ,144.88286319589392
2026,3,p28,Apache Junction Landfill,401622,"Mesquite Solar 3, LLC",AZ,143.73799727889218
2026,3,p28,Apache Junction Landfill,406038,"Mesquite Solar 4, LLC",AZ,142.82950415030604
2026,3,p28,Apache Junction Landfill,404922,"Mesquite Solar 5, LLC",AZ,140.91210681168633
2026,3,p28,South Yuma County Landfill,403572,OE_AZ1,AZ,154.14753417162476
2026,3,p28,Apache Junction Landfill,400203,Paloma Solar Hybrid,AZ,127.69492310867128
2026,3,p28,Apache Junction Landfill,405126,Paradise Valley H.S. PV,AZ,85.27585420650199
2026,3,p28,Apache Junction Landfill,405150,Phoenix Airport East Economy Lot,AZ,78.44075734537276
2026,3,p28,Apache Junction Landfill,405151,Phoenix Airport Rental Car Center,AZ,81.25428450416746
2026,3,p28,Apache Junction Landfill,402528,Pinal Central Energy Center Hybrid,AZ,87.84317046296796
2026,3,p28,Apache Junction Landfill,400125,"Poseidon Solar, LLC",AZ,63.630598596751184
2026,3,p28,Apache Junction Landfill,400031,Prescott Airport,AZ,173.14219352914782
2026,3,p28,Apache Junction Landfill,400401,Prescott Solar Plant,AZ,175.77849995982447
2026,3,p28,Apache Junction Landfill,400323,Queen Creek Solar Farm,AZ,56.63859595276638
2026,3,p28,Mohave Valley Landfill,400289,"RE Bagdad Solar I, LLC",AZ,136.4987114789518
2026,3,p28,Apache Junction Landfill,405132,"RE Gillespie 1, LLC",AZ,129.09958497618587
2026,3,p28,Apache Junction Landfill,400758,Red Horse 2,AZ,182.56668247726483
2026,3,p28,Apache Junction Landfill,401609,Red Horse III,AZ,184.61938650856393
2026,3,p28,Apache Junction Landfill,401726,Red Rock,AZ,114.82890368240588
2026,3,p28,Apache Junction Landfill,406380,SR McNeal,AZ,246.24761878713485
2026,3,p28,Apache Junction Landfill,400416,Saddle Mountain Solar I,AZ,830.8087469068108
2026,3,p28,South Yuma County Landfill,400416,Saddle Mountain Solar I,AZ,153.1559583824192
2026,3,p28,Apache Junction Landfill,403674,Saint Solar,AZ,89.68304056212807
2026,3,p28,Apache Junction Landfill,401214,Sandstone Solar,AZ,73.48369557389086
2026,3,p28,Apache Junction Landfill,405029,Solana Generating Station,AZ,152.73247286305076
2026,3,p28,Apache Junction Landfill,406275,Sonoran Solar Energy,AZ,118.40995449415315
2026,3,p28,Apache Junction Landfill,406034,Storey Solar and Storage,AZ,85.0914236007101
2026,3,p28,Apache Junction Landfill,401664,Sulphur Springs,AZ,203.04708408017507
2026,3,p28,Apache Junction Landfill,403643,Sun Streams 2,AZ,133.8225909782163
2026,3,p28,Apache Junction Landfill,406517,Sun Streams 3,AZ,136.1337738933726
2026,3,p28,Apache Junction Landfill,401975,"Sun Streams, LLC",AZ,134.5969364036611
2026,3,p28,Apache Junction Landfill,405311,T0588 Phoenix - AZ,AZ,94.43807883491031
2026,3,p28,Apache Junction Landfill,405134,Union HS at Casa Grande,AZ,84.69873579370751
2026,3,p28,Apache Junction Landfill,405135,Vista Grande HS at Casa Grande,AZ,87.53236497587832
2026,3,p28,Apache Junction Landfill,400334,Walmart Casa Grande,AZ,91.26467340436349
2026,3,p28,Apache Junction Landfill,406098,"West Line Solar, LLC",AZ,90.97614583686571
2026,3,p29,Apache Junction Landfill,400014,Springerville,AZ,1522.7940663626725
2026,3,p30,Apache Junction Landfill,405143,Actus Lend Lease DMAFB,AZ,152.6163090802228
2026,3,p30,Apache Junction Landfill,405611,Amazon TUS2,AZ,171.4612646820073
2026,3,p30,Apache Junction Landfill,405268,Amphitheater High School Solar,AZ,191.92117641832908
2026,3,p30,Apache Junction Landfill,400939,Avalon Solar,AZ,214.58621053033494
2026,3,p30,Apache Junction Landfill,401479,Avalon Solar II,AZ,208.43202812843361
2026,3,p30,Apache Junction Landfill,400226,Avra Valley Solar,AZ,138.72330184765087
2026,3,p30,Apache Junction Landfill,404704,Broadway 2 - Tucson Phase II,AZ,202.49953439769837
2026,3,p30,Apache Junction Landfill,405768,Broadway 3 - Tucson Phase I,AZ,152.74614447525065
2026,3,p30,Apache Junction Landfill,405269,Canyon Del Oro High School Solar,AZ,156.0143669193711
2026,3,p30,Apache Junction Landfill,400757,Cogenra-TEP,AZ,178.74424634729888
2026,3,p30,Apache Junction Landfill,401295,Davis Monthan AFB (AZ) West Airfield,AZ,159.28375905776375
2026,3,p30,Apache Junction Landfill,400330,FRB Solar Farm,AZ,228.7905105259743
2026,3,p30,Apache Junction Landfill,400761,"Gato Montes Solar, LLC",AZ,203.62628854997237
2026,3,p30,Apache Junction Landfill,404536,Iron Horse Battery Storage Hybrid,AZ,176.03059380134053
2026,3,p30,Apache Junction Landfill,400552,"Picture Rocks Solar, LLC",AZ,147.77161291510816
2026,3,p30,Apache Junction Landfill,405374,Pima Community College,AZ,170.87222178062285
2026,3,p30,Apache Junction Landfill,405303,Pima Community College - East Campus,AZ,178.6511303878559
2026,3,p30,Apache Junction Landfill,405516,Pima Community College NW,AZ,139.14004459561954
2026,3,p30,Apache Junction Landfill,400408,Prairie Fire,AZ,218.88114975374242
2026,3,p30,Apache Junction Landfill,400290,"RE Ajo 1, LLC",AZ,755.0727736241647
2026,3,p30,South Yuma County Landfill,400290,"RE Ajo 1, LLC",AZ,158.8007910964716
2026,3,p30,Apache Junction Landfill,404926,Raptor Ridge,AZ,224.01185634560943
2026,3,p30,Apache Junction Landfill,400857,Rio Rico Solar,AZ,215.69264040163557
2026,3,p30,Apache Junction Landfill,400193,Roger Road WWTP,AZ,178.57879913262906
2026,3,p30,Apache Junction Landfill,401076,Tech Park Solar,AZ,189.76153906726103
2026,3,p30,Apache Junction Landfill,400156,UASTP I,AZ,203.74824216360167
2026,3,p30,Apache Junction Landfill,401075,Valencia Solar,AZ,199.2916251049069
2026,3,p30,Apache Junction Landfill,404187,"Wilmot Energy Center, LLC",AZ,244.26820837670678
2026,3,p31,City of Clovis Landfill,400211,Alamogordo Solar Energy Center,NM,256.0708504545467
2026,3,p31,Northeastern New Mexico Regional Landfill,400206,Albuquerque Solar Energy Center,NM,211.26174854742217
2026,3,p31,Northeastern New Mexico Regional Landfill,403675,Alcalde Solar Array,NM,125.45746732399671
2026,3,p31,Apache Junction Landfill,401595,Alta Luna,NM,376.5674700541345
2026,3,p31,Northeastern New Mexico Regional Landfill,404724,Angel Fire Energy Facility,NM,87.93486109961702
2026,3,p31,Northeastern New Mexico Regional Landfill,405469,Arroyo Solar Energy Storage Hybrid,NM,267.4406159191337
2026,3,p31,Northeastern New Mexico Regional Landfill,403321,Bluewater CDEC 1,NM,312.03588095020103
2026,3,p31,Northeastern New Mexico Regional Landfill,403736,Britton Solar Energy Center,NM,180.92954389361586
2026,3,p31,City of Clovis Landfill,404981,Buena Vista Energy Center,NM,344.2221208062944
2026,3,p31,Northeastern New Mexico Regional Landfill,402876,CNMEC Solar Energy Center,NM,189.47263655489107
2026,3,p31,City of Clovis Landfill,402519,Carrizozo Solar,NM,214.86559613241653
2026,3,p31,Northeastern New Mexico Regional Landfill,401202,Cibola,NM,217.72539051800047
2026,3,p31,Northeastern New Mexico Regional Landfill,400104,Cimarron Solar Facility,NM,63.94861733055471
2026,3,p31,Apache Junction Landfill,402988,City of Gallup Solar,NM,325.02622036727035
2026,3,p31,Northeastern New Mexico Regional Landfill,403604,City of Rio Rancho WWTP,NM,216.78652140648543
2026,3,p31,City of Clovis Landfill,401225,City of Truth or Consequences PV,NM,312.0451830762029
2026,3,p31,Apache Junction Landfill,402177,Columbus Solar Project,NM,423.8887540842016
2026,3,p31,Northeastern New Mexico Regional Landfill,404748,"Cuba 2.5ac, LLC",NM,195.78304284467268
2026,3,p31,Apache Junction Landfill,400209,Deming Solar Energy Center,NM,327.2736630442625
2026,3,p31,Northeastern New Mexico Regional Landfill,403868,Encino Solar Energy Center,NM,196.11739222003573
2026,3,p31,Northeastern New Mexico Regional Landfill,401038,Eubank Landfill Solar Array,NM,212.45678132622362
2026,3,p31,Northeastern New Mexico Regional Landfill,402441,Facebook 1 Solar Energy Center,NM,223.10307680524744
2026,3,p31,Northeastern New Mexico Regional Landfill,402442,Facebook 2 Solar Energy Center,NM,238.61037384542922
2026,3,p31,Northeastern New Mexico Regional Landfill,402443,Facebook 3 Solar Energy Center,NM,210.33840571030518
2026,3,p31,Northeastern New Mexico Regional Landfill,403322,Grants CDEC 2,NM,302.4029111422082
2026,3,p31,Apache Junction Landfill,400216,"Hatch Solar Energy Center I, LLC",NM,1680.5120998172426
2026,3,p31,City of Clovis Landfill,400216,"Hatch Solar Energy Center I, LLC",NM,326.1394364285098
2026,3,p31,City of Clovis Landfill,401617,Holloman Solar Facility,NM,245.10384839758945
2026,3,p31,Northeastern New Mexico Regional Landfill,406109,"Jicarilla Solar 1, LLC",NM,215.50865747748293
2026,3,p31,Northeastern New Mexico Regional Landfill,400427,Kit Carson,NM,137.36376542837812
2026,3,p31,Northeastern New Mexico Regional Landfill,400210,Las Vegas Solar Energy Center,NM,96.32945540871803
2026,3,p31,Northeastern New Mexico Regional Landfill,400434,Los Alamos PV Site,NM,163.7038484171188
2026,3,p31,Northeastern New Mexico Regional Landfill,400207,Los Lunas Solar Energy Center,NM,227.16348565644412
2026,3,p31,Apache Junction Landfill,400838,Macho Springs,NM,334.33320571220696
2026,3,p31,Northeastern New Mexico Regional Landfill,400582,Manzano Solar,NM,223.67929380875879
2026,3,p31,Northeastern New Mexico Regional Landfill,401201,Meadow Lake Solar Energy Center,NM,205.05353402081317
2026,3,p31,Northeastern New Mexico Regional Landfill,406177,"NMRD Data Center III, LLC",NM,216.17942075558116
2026,3,p31,City of Clovis Landfill,405693,NMSU Solar and Storage,NM,340.6345505473641
2026,3,p31,Northeastern New Mexico Regional Landfill,406375,OE_ESCL,NM,272.1140752572802
2026,3,p31,City of Clovis Landfill,400581,Otero Solar,NM,268.7239091089781
2026,3,p31,Northeastern New Mexico Regional Landfill,400146,Questa Solar Facility,NM,131.18956613699797
2026,3,p31,Northeastern New Mexico Regional Landfill,403178,"RC Energy AA, LLC Solar Facility",NM,195.27447309886392
2026,3,p31,Northeastern New Mexico Regional Landfill,401566,Rio Communities Solar Energy Center,NM,226.94334951921934
2026,3,p31,Northeastern New Mexico Regional Landfill,403084,Rio De Oro Solar Energy Center,NM,216.34523597660015
2026,3,p31,Northeastern New Mexico Regional Landfill,400624,Rio Rancho High School,NM,210.98259507668718
2026,3,p31,City of Clovis Landfill,400135,Roadrunner Solar,NM,369.998912395752
2026,3,p31,Northeastern New Mexico Regional Landfill,404648,"Route 66 Energy Center, LLC",NM,303.87759032751575
2026,3,p31,Northeastern New Mexico Regional Landfill,403387,San Miguel I Solar Energy Center,NM,93.34163130073958
2026,3,p31,Northeastern New Mexico Regional Landfill,405458,San Miguel II Solar Energy Center,NM,93.77314516281712
2026,3,p31,Northeastern New Mexico Regional Landfill,401161,Sandoval Solar Energy Center,NM,217.6368584138218
2026,3,p31,Northeastern New Mexico Regional Landfill,401564,Santa Fe Solar Energy Center,NM,160.41748142549923
2026,3,p31,Northeastern New Mexico Regional Landfill,401565,Santolina Solar Energy Center,NM,246.50449293544872
2026,3,p31,Apache Junction Landfill,400596,Silver City WWTP PV Project,NM,323.9251169839977
2026,3,p31,Northeastern New Mexico Regional Landfill,406343,Sky Ranch Solar,NM,249.40956240243545
2026,3,p31,Northeastern New Mexico Regional Landfill,401563,South Valley Solar Energy Center,NM,210.37954438152477
2026,3,p31,Northeastern New Mexico Regional Landfill,401162,Springer Solar 1,NM,62.208676316826946
2026,3,p31,Northeastern New Mexico Regional Landfill,400735,Storrie Lake Solar Project,NM,94.34149988420609
2026,3,p31,Northeastern New Mexico Regional Landfill,400623,Sue Cleveland High School,NM,202.69184293232942
2026,3,p31,City of Clovis Landfill,400343,"SunE EPE1, LLC",NM,369.43574178773787
2026,3,p31,City of Clovis Landfill,400342,"SunE EPE2, LLC",NM,355.1773281366022
2026,3,p31,Northeastern New Mexico Regional Landfill,402854,Syncarpha Eagle Nest,NM,92.03817392830922
2026,3,p31,Northeastern New Mexico Regional Landfill,403412,Syncarpha El Rito,NM,146.29788277910527
2026,3,p31,Northeastern New Mexico Regional Landfill,403413,Syncarpha Questa,NM,118.283077266693
2026,3,p31,Northeastern New Mexico Regional Landfill,403411,Syncarpha Taos,NM,109.10976404506333
2026,3,p31,Northeastern New Mexico Regional Landfill,404618,Taos Mesa Energy Facility Hybrid,NM,111.04412838910054
2026,3,p31,Northeastern New Mexico Regional Landfill,403011,Vista Solar Energy Center,NM,237.21529104346214
2026,3,p31,City of Clovis Landfill,400354,WSMR I,NM,363.42888657372356
2026,3,p31,City of Clovis Landfill,405245,Wal-Mart Truth or Consequences PV,NM,315.2993144947047
2026,3,p47,City of Clovis Landfill,400979,"Caprock Solar 1, LLC",NM,125.65570100602163
2026,3,p47,City of Clovis Landfill,404980,Chaves County Solar II,NM,134.13129328825042
2026,3,p47,City of Clovis Landfill,401681,"Chaves Solar, LLC",NM,182.96132563620955
2026,3,p47,City of Clovis Landfill,400614,GSE NM1,NM,153.2105643148379
2026,3,p47,City of Clovis Landfill,404982,Hayhurst New Mexico Solar,NM,301.23465352885535
2026,3,p47,City of Clovis Landfill,402530,Middle Daisy,NM,186.8337325655182
2026,3,p47,City of Clovis Landfill,401682,"Roswell Solar, LLC",NM,204.92770418948336
2026,3,p47,City of Clovis Landfill,400546,SEV NM Phase 2,NM,193.7607521210162
2026,3,p47,City of Clovis Landfill,400260,SPS1 Dollarhide,NM,271.4854558194055
2026,3,p47,City of Clovis Landfill,400261,SPS2 Jal,NM,362.1908658466435
2026,3,p47,City of Clovis Landfill,400262,SPS3 Lea,NM,233.9890231464124
2026,3,p47,City of Clovis Landfill,400264,SPS5 Hopi,NM,242.96351210210247
2026,3,p47,City of Clovis Landfill,404698,SoCore Clovis 1,NM,24.439494283628946
2026,3,p48,City of Clovis Landfill,406439,"BESSP1, LLC",TX,1234.9905419047043
2026,3,p48,City of Clovis Landfill,405590,"Hecate Energy Frye Solar, LLC",TX,1528.9222516396053
2026,3,p57,Victoria Landfill,404918,"Hecate Energy Upshur Rural, LLC",TX,11108.327819985901
2026,3,p59,City of Clovis Landfill,402666,Fort Bliss (DEA EPIC),TX,13297.252765718411
2026,3,p59,City of Clovis Landfill,401616,Montana Solar Facility,TX,11308.686650873118
2026,3,p59,City of Clovis Landfill,401045,Newman Solar,TX,8223.192637212187
2026,3,p60,City of Clovis Landfill,403962,"ANSON Solar Center, LLC",TX,3106.393945767714
2026,3,p60,City of Clovis Landfill,403883,Azure Sky Solar,TX,4043.111362229542
2026,3,p60,City of Clovis Landfill,403232,"ENGIE Long Draw Solar, LLC",TX,1797.5905972906805
2026,3,p60,City of Clovis Landfill,406252,Highpeak Solar 1,TX,1794.2641951811045
2026,3,p60,City of Clovis Landfill,402721,Holstein 1 Solar Farm,TX,4571.045629646237
2026,3,p60,City of Clovis Landfill,405492,Juno Solar Project,TX,1109.9516344745514
2026,3,p60,City of Clovis Landfill,402541,Lamesa II,TX,3402.0244292789357
2026,3,p60,City of Clovis Landfill,401660,Lamesa Solar,TX,2981.74511474336
2026,3,p60,City of Clovis Landfill,405932,Lumina II Solar Project,TX,1589.6266100885282
2026,3,p60,City of Clovis Landfill,405933,Lumina Solar Project,TX,2819.8064398814095
2026,3,p60,City of Clovis Landfill,402909,Misae Solar,TX,3287.2768378742308
2026,3,p60,City of Clovis Landfill,400968,"OCI Alamo 7, LLC",TX,3342.026876723844
2026,3,p60,City of Clovis Landfill,405939,Texas Solar Nova 1,TX,2507.3756599062785
2026,3,p61,City of Clovis Landfill,400967,Alamo 6,TX,1026.3445031625672
2026,3,p61,City of Clovis Landfill,403557,Aragorn Solar Project,TX,912.6868049128943
2026,3,p61,City of Clovis Landfill,400691,Barilla Solar,TX,1761.8450930839597
2026,3,p61,City of Clovis Landfill,401946,Bluebell Solar,TX,1085.2446154653262
2026,3,p61,City of Clovis Landfill,403574,Bluebell Solar II,TX,867.4462911051066
2026,3,p61,City of Clovis Landfill,400554,"Bryan Solar, LLC",TX,1356.367085413216
2026,3,p61,City of Clovis Landfill,401463,Buckthorn Westex,TX,1398.7707662943928
2026,3,p61,City of Clovis Landfill,401703,East Pecos Solar,TX,1248.2692139000926
2026,3,p61,Victoria Landfill,405363,Galloway 1 Solar Farm,TX,941.5697701303263
2026,3,p61,Victoria Landfill,405494,Galloway 2 Solar Farm,TX,1433.5185552187395
2026,3,p61,City of Clovis Landfill,403210,Greasewood,TX,994.8860129402507
2026,3,p61,City of Clovis Landfill,406370,Hayhurst Texas Solar,TX,921.4646170074291
2026,3,p61,City of Clovis Landfill,402304,Midway Solar-TX,TX,1486.5325504984721
2026,3,p61,Victoria Landfill,400695,"OCI Alamo 4, LLC",TX,693.2406576574659
2026,3,p61,City of Clovis Landfill,401868,Pearl Solar,TX,1578.1199072041225
2026,3,p61,City of Clovis Landfill,402290,RE Maplewood,TX,856.4730389269025
2026,3,p61,City of Clovis Landfill,401430,RE Roserock,TX,730.6766321934098
2026,3,p61,City of Clovis Landfill,402848,Rambler,TX,1688.9201221125943
2026,3,p61,City of Clovis Landfill,402083,Solaire Holman Solar Project,TX,1704.3821274261225
2026,3,p61,City of Clovis Landfill,403023,"Taygete Energy Project, LLC",TX,1433.6000665938807
2026,3,p61,City of Clovis Landfill,404647,Taygete II Energy Project,TX,870.5528081207352
2026,3,p61,City of Clovis Landfill,403551,Titan Solar Project,TX,640.5837857850097
2026,3,p61,Victoria Landfill,406103,Zier Solar,TX,993.6503852457821
2026,3,p62,City of Clovis Landfill,403502,2W Permian Solar Project Hybrid,TX,4516.5709162147605
2026,3,p62,City of Clovis Landfill,403697,CED Crane Solar,TX,5152.576275690587
2026,3,p62,City of Clovis Landfill,401525,Castle Gap Solar Hybrid,TX,5274.145856444955
2026,3,p62,City of Clovis Landfill,404599,Emerald Grove,TX,5005.2119360418765
2026,3,p62,City of Clovis Landfill,403004,Lapetus,TX,4435.272457682515
2026,3,p62,City of Clovis Landfill,403280,Oberon IA,TX,4042.387292832874
2026,3,p62,City of Clovis Landfill,403279,Oberon IB,TX,3910.626888433698
2026,3,p62,City of Clovis Landfill,403602,Oxy Renewable Energy-Goldsmith,TX,4784.025681729408
2026,3,p62,City of Clovis Landfill,402679,Phoebe Solar,TX,5095.4113651766365
2026,3,p62,City of Clovis Landfill,403177,Prospero Solar,TX,3433.447123246588
2026,3,p62,City of Clovis Landfill,404128,Prospero Solar II,TX,2194.787518716166
2026,3,p62,City of Clovis Landfill,403070,"Roadrunner, LLC",TX,4732.224276214058
2026,3,p62,City of Clovis Landfill,401805,Upton County Solar,TX,6461.901243407653
2026,3,p62,City of Clovis Landfill,402995,West of the Pecos Solar,TX,6930.414556896256
2026,3,p63,Victoria Landfill,405599,"BPL Crown Solar, LLC",TX,639.7317062875103
2026,3,p63,Victoria Landfill,404966,BPL Files Solar,TX,662.7611829470699
2026,3,p63,Victoria Landfill,403825,Briar Creek Solar 1,TX,1107.377164755268
2026,3,p63,Victoria Landfill,402610,Chisum,TX,1346.8334494019027
2026,3,p63,Victoria Landfill,401697,CoServ Community Solar Station,TX,1423.0881358306426
2026,3,p63,Victoria Landfill,403188,Coniglio Solar,TX,1477.4598180108985
2026,3,p63,Victoria Landfill,406415,Dileo Solar,TX,1093.795597909479
2026,3,p63,Victoria Landfill,402655,Eddy II,TX,757.2766598433501
2026,3,p63,Victoria Landfill,406221,Eiffel Solar Project,TX,1763.2346659149973
2026,3,p63,Victoria Landfill,405540,"Ellis Solar, LLC",TX,1552.9700893412435
2026,3,p63,Victoria Landfill,403823,Elm Branch Solar 1,TX,761.6894384509515
2026,3,p63,Victoria Landfill,406206,Five Wells Solar Center - Hybrid,TX,730.7773945964403
2026,3,p63,Victoria Landfill,404567,G.S.E. One LLC,TX,1627.2507556385358
2026,3,p63,Victoria Landfill,403288,Griffin Solar,TX,1067.1851005944548
2026,3,p63,Victoria Landfill,406202,Grizzly Ridge Solar,TX,920.0542687563726
2026,3,p63,Victoria Landfill,402329,Highway 56 Solar,TX,1873.836724257097
2026,3,p63,Victoria Landfill,405319,IKEA Grand Prairie Rooftop PV System,TX,1067.7989556137964
2026,3,p63,Victoria Landfill,405689,"IP Radian, LLC",TX,962.7737363215144
2026,3,p63,Victoria Landfill,403481,Impact Solar 1,TX,1085.3721714699525
2026,3,p63,Victoria Landfill,403190,Kellam Solar,TX,1378.6692193709005
2026,3,p63,Victoria Landfill,402421,Leon Solar,TX,1927.4647546829326
2026,3,p63,Victoria Landfill,403874,Lily Solar Hybrid,TX,1702.798860607714
2026,3,p63,Victoria Landfill,402404,Marlin Solar,TX,832.9444027803465
2026,3,p63,Victoria Landfill,405794,Noble Solar,TX,1486.979212677551
2026,3,p63,City of Clovis Landfill,402405,North Gainesville Solar,TX,1296.7841324535775
2026,3,p63,Victoria Landfill,401933,Phantom Solar,TX,867.6632404484244
2026,3,p63,Victoria Landfill,404872,"Pisgah Ridge Solar, LLC",TX,916.2302240521942
2026,3,p63,Victoria Landfill,406416,Pitts Dudik Solar,TX,932.6482059929693
2026,3,p63,Victoria Landfill,403189,Rippey Solar,TX,1375.711217129061
2026,3,p63,Victoria Landfill,404630,"Samson Solar Energy III, LLC",TX,1616.630388756873
2026,3,p63,Victoria Landfill,402652,Sterling Solar (TX),TX,1377.2012731150332
2026,3,p63,Victoria Landfill,404812,Sun Valley Solar Project,TX,864.8621236117283
2026,3,p63,Victoria Landfill,404388,"TPE Erath Solar, LLC",TX,1163.533165897904
2026,3,p63,Victoria Landfill,403457,"TPE Whitney Solar, LLC",TX,1153.6728775807137
2026,3,p63,Victoria Landfill,405361,Toyota HQ Plan,TX,1258.5218635889746
2026,3,p63,Victoria Landfill,405907,Verizon Hidden Ridge Solar Project,TX,1505.031322615871
2026,3,p63,Victoria Landfill,405984,Waco Solar,TX,1281.4283634530595
2026,3,p63,Victoria Landfill,402306,Walnut Springs Solar,TX,1147.1172269127264
2026,3,p63,Victoria Landfill,402497,West Moore Solar II,TX,1629.1621696890481
2026,3,p63,Victoria Landfill,402330,Whitesboro Solar,TX,1334.4957423051865
2026,3,p63,Victoria Landfill,402331,Whitesboro Solar II,TX,1638.9272150378413
2026,3,p63,Victoria Landfill,402414,Whitewright Solar,TX,2443.0857733659855
2026,3,p63,Victoria Landfill,402654,Yellow Jacket,TX,1344.6665749673036
2026,3,p64,Victoria Landfill,405731,Austin TX GigaFactory,TX,311.31323626148367
2026,3,p64,Victoria Landfill,402203,Bandera Electric Coop PV,TX,570.6775216205288
2026,3,p64,Victoria Landfill,404721,"Blue Jay Solar I, LLC",TX,427.7428659958026
2026,3,p64,Victoria Landfill,402648,Bovine,TX,175.47438468116155
2026,3,p64,Victoria Landfill,402389,"E-Volve Energy Holdings, LLC",TX,287.00434500244353
2026,3,p64,Victoria Landfill,400227,East Blackland Solar Project 1,TX,268.47977565516686
2026,3,p64,Victoria Landfill,405101,IKEA Round Rock 027,TX,256.2640540870658
2026,3,p64,Victoria Landfill,402653,Lampwick,TX,522.2273608066567
2026,3,p64,Victoria Landfill,405613,Niagara Bottling - Seguin,TX,215.77012310269242
2026,3,p64,Victoria Landfill,402544,PowerFin Kingsbery,TX,326.26334640720523
2026,3,p64,Victoria Landfill,400249,Webberville Solar Project,TX,290.56898573733855
2026,3,p65,Victoria Landfill,405700,Aktina Solar,TX,134.46163044556826
2026,3,p65,Victoria Landfill,404074,"Alexis Solar, LLC",TX,364.79559162530904
2026,3,p65,Victoria Landfill,405727,Bernard Creek Solar,TX,174.32765283065837
2026,3,p65,Victoria Landfill,400081,Blue Wing Solar Energy Generation,TX,239.42032299679286
2026,3,p65,Victoria Landfill,405477,Brightside,TX,141.51352184789204
2026,3,p65,Victoria Landfill,401728,CPS 1 Community Solar,TX,226.0205522162705
2026,3,p65,Victoria Landfill,402656,Cascade Solar (TX),TX,170.74514506872876
2026,3,p65,Victoria Landfill,403987,Catan Solar,TX,150.60674042567612
2026,3,p65,Victoria Landfill,403091,Commerce Solar,TX,245.53084198618618
2026,3,p65,Victoria Landfill,404247,"Corazon Energy, LLC",TX,394.23742398504237
2026,3,p65,Victoria Landfill,404062,Elara Solar,TX,225.26679270270805
2026,3,p65,Victoria Landfill,404359,FELPS 1-Calaveras,TX,176.88427007769607
2026,3,p65,Victoria Landfill,404361,FELPS 2-Calaveras,TX,182.97288835113864
2026,3,p65,Victoria Landfill,404362,FELPS 3-Floresville South,TX,173.33629099683642
2026,3,p65,Victoria Landfill,404363,FELPS 4-Floresville South,TX,171.483309417517
2026,3,p65,Victoria Landfill,404364,FELPS 5-Floresville South,TX,162.39347896403564
2026,3,p65,Victoria Landfill,404739,FELPS 6- Floresville West,TX,200.2136203854071
2026,3,p65,Victoria Landfill,404740,FELPS 7- Floresville West,TX,229.20780328382062
2026,3,p65,Victoria Landfill,406516,Ganado Solar,TX,120.21584805463428
2026,3,p65,Victoria Landfill,405801,Horizon Solar,TX,336.23831037891495
2026,3,p65,Victoria Landfill,405380,IKEA Live Oak Rooftop PV System,TX,194.97082102200045
2026,3,p65,Victoria Landfill,403343,Mars Solar,TX,296.20608309764873
2026,3,p65,Victoria Landfill,404877,Nebula Solar,TX,293.52332755550106
2026,3,p65,Victoria Landfill,400694,"OCI Alamo 2, LLC",TX,253.43717022858254
2026,3,p65,Victoria Landfill,400965,"OCI Alamo 3, LLC",TX,253.73839761754064
2026,3,p65,Victoria Landfill,400966,"OCI Alamo 5, LLC",TX,346.5659780531787
2026,3,p65,Victoria Landfill,400593,OCI Alamo Solar I Hybrid,TX,289.8960614091554
2026,3,p65,Victoria Landfill,405809,Shakes Solar,TX,350.0935891529135
2026,3,p65,Victoria Landfill,405545,Sparta Solar,TX,170.53298496600877
2026,3,p65,Victoria Landfill,400379,"SunE CPS1, LLC",TX,239.49683885967266
2026,3,p65,Victoria Landfill,400364,"SunE CPS2, LLC",TX,205.31233751982413
2026,3,p65,Victoria Landfill,400353,"SunE CPS3, LLC",TX,206.09925120927986
2026,3,p65,Victoria Landfill,406032,Tres Bahias,TX,98.29028829734547
2026,3,p65,Victoria Landfill,404878,Vancourt Solar Interconnections,TX,381.97573880708234
2026,3,p66,Victoria Landfill,406386,Umbriel Solar,TX,6331.250105780318
2026,3,p67,Victoria Landfill,404939,Brazoria County Solar Project (Danciger),TX,897.4637581384752
2026,3,p67,Victoria Landfill,404681,Brazoria West,TX,887.6061443109738
2026,3,p67,Victoria Landfill,402649,Bronson,TX,932.1444005126265
2026,3,p67,Victoria Landfill,406178,"Cutlass Solar 1, LLC",TX,767.1252853621311
2026,3,p67,Victoria Landfill,404587,Fighting Jays Solar Project,TX,937.5071958647485
2026,3,p67,Victoria Landfill,405564,"Fort Bend Solar, LLC",TX,732.55243789962
2026,3,p67,Victoria Landfill,404853,"Longbow Solar, LLC",TX,1128.1691800293574
2026,3,p67,Victoria Landfill,403514,Wagyu,TX,1324.061952345581
2026,4,p12,Apex Regional Landfill,402144,Battle Mountain Solar Project,NV,512.4054127107637
2026,4,p12,Apex Regional Landfill,405025,Brady,NV,454.236289640401
2026,4,p12,Apex Regional Landfill,405553,Dodge Flat,NV,597.2938014139329
2026,4,p12,Apex Regional Landfill,402609,"EGP Stillwater Solar PV II, LLC",NV,634.4489083022581
2026,4,p12,Apex Regional Landfill,404659,Fish Springs,NV,815.3774173051906
2026,4,p12,Apex Regional Landfill,401086,Ft. Churchill PV,NV,423.2846744748025
2026,4,p12,Apex Regional Landfill,405028,Galena 2 Geothermal Power Plant,NV,807.9276149456305
2026,4,p12,Apex Regional Landfill,402130,Luning Energy,NV,475.90237716432785
2026,4,p12,Apex Regional Landfill,403107,NVSS-II,NV,137.56991787106557
2026,4,p12,Apex Regional Landfill,400468,"Patua Acquisition Project, LLC",NV,533.898923077475
2026,4,p12,Apex Regional Landfill,405021,Steamboat Hills LP,NV,744.1358176331481
2026,4,p12,Apex Regional Landfill,405023,Steamboat II,NV,496.7574933960396
2026,4,p12,Apex Regional Landfill,405024,Steamboat III,NV,458.6369037989421
2026,4,p12,Apex Regional Landfill,400029,Stillwater Facility,NV,614.6017705326625
2026,4,p12,Apex Regional Landfill,401318,Sunshine Valley Solar,NV,224.10766805279178
2026,4,p12,Apex Regional Landfill,405026,TS Power Plant,NV,450.6905144249096
2026,4,p12,Apex Regional Landfill,405576,Tesla Reno GigaFactory,NV,513.3685757347287
2026,4,p12,Apex Regional Landfill,401943,Tungsten Mountain,NV,595.961814803065
2026,4,p12,Apex Regional Landfill,403308,Turquoise Liberty Solar,NV,568.242136732029
2026,4,p12,Apex Regional Landfill,403884,"Turquoise Nevada, LLC",NV,589.1614361388511
2026,4,p12,Apex Regional Landfill,400035,Western 102 Power Plant,NV,806.3881883888291
2026,4,p13,Apex Regional Landfill,400555,Apex Solar PV Power Project,NV,73.16193399451785
2026,4,p13,Apex Regional Landfill,405385,Arrow Canyon Solar Hybrid,NV,86.23826402395733
2026,4,p13,Apex Regional Landfill,402017,"Boulder Solar II, LLC",NV,76.97426428216414
2026,4,p13,Apex Regional Landfill,401649,"Boulder Solar Power, LLC",NV,76.43672844478363
2026,4,p13,Apex Regional Landfill,400059,CM10,NV,80.55626964937706
2026,4,p13,Apex Regional Landfill,400086,CM48,NV,82.66520393629368
2026,4,p13,Apex Regional Landfill,400363,Copper Mountain Solar 2,NV,79.83114979809436
2026,4,p13,Apex Regional Landfill,400802,Copper Mountain Solar 3,NV,73.43744110098173
2026,4,p13,Apex Regional Landfill,401308,"Copper Mountain Solar 4, LLC",NV,81.59182703954063
2026,4,p13,Apex Regional Landfill,403688,"Copper Mountain Solar 5, LLC",NV,81.83852627701219
2026,4,p13,Apex Regional Landfill,405358,Dignity - San Martin,NV,63.97844270546138
2026,4,p13,Apex Regional Landfill,405355,Dignity - Siena Campus,NV,62.41015090955037
2026,4,p13,Apex Regional Landfill,405556,Dry Lake Solar Energy Center,NV,78.03619853846101
2026,4,p13,Apex Regional Landfill,405495,Gemini Solar,NV,83.929263289407
2026,4,p13,Apex Regional Landfill,403386,"Harry Allen Solar Energy, LLC",NV,77.1510647644989
2026,4,p13,Apex Regional Landfill,406090,IGS LAS1,NV,65.61420532590489
2026,4,p13,Apex Regional Landfill,406089,IGS VGT,NV,60.887950941415
2026,4,p13,Apex Regional Landfill,405309,IKEA Las Vegas 462,NV,63.28704859666453
2026,4,p13,Apex Regional Landfill,400545,Las Vegas WPCF Solar Plant,NV,54.98439225179951
2026,4,p13,Apex Regional Landfill,400313,Moapa Southern Paiute,NV,89.28145828177801
2026,4,p13,Apex Regional Landfill,400600,Mountain View Solar,NV,71.53787411925089
2026,4,p13,Apex Regional Landfill,400036,Nellis Air Force Base Solar Array,NV,59.15469538295341
2026,4,p13,Apex Regional Landfill,401381,Nellis Solar PV II,NV,55.9008367403867
2026,4,p13,Apex Regional Landfill,401319,"Playa Solar 1, LLC",NV,74.7056124628428
2026,4,p13,Apex Regional Landfill,401596,Playa Solar 2,NV,74.48495595384433
2026,4,p13,Apex Regional Landfill,401274,River Mountains Solar,NV,65.24189226414721
2026,4,p13,Mohave Valley Landfill,401042,Searchlight Solar,NV,88.75058927904175
2026,4,p13,Apex Regional Landfill,400166,Silver State Solar Power North,NV,100.02370351896913
2026,4,p13,Apex Regional Landfill,400658,Silver State Solar Power South,NV,98.68572569359894
2026,4,p13,Apex Regional Landfill,405246,"Solar Las Vegas MB 2, LLC",NV,56.66282890825471
2026,4,p13,Apex Regional Landfill,405188,Solar Las Vegas MB-1,NV,56.342380991040585
2026,4,p13,Apex Regional Landfill,400556,Spectrum Solar PV Power Project,NV,67.62379662025842
2026,4,p13,Apex Regional Landfill,402485,"Techren Solar I, LLC",NV,76.00005787540283
2026,4,p13,Apex Regional Landfill,402690,"Techren Solar II, LLC",NV,74.56186801437651
2026,4,p13,Apex Regional Landfill,402691,"Techren Solar III, LLC",NV,77.68919564016929
2026,4,p13,Apex Regional Landfill,402692,"Techren Solar IV, LLC",NV,74.91604771152075
2026,4,p13,Apex Regional Landfill,403001,Techren Solar V,NV,75.3533934963301
2026,4,p13,Apex Regional Landfill,401851,Townsite Solar Project Hybrid,NV,72.54329637504743
2026,4,p13,Apex Regional Landfill,406448,Yellow Pine II,NV,98.8951501806855
2026,4,p13,Apex Regional Landfill,404971,Yellow Pine Solar,NV,97.68643593519587
2026,4,p27,Mohave Valley Landfill,400374,"Black Mountain Solar, LLC",AZ,105.0519075085934
2026,4,p27,Mohave Valley Landfill,402236,Gray Hawk Solar,AZ,156.22461370894186
2026,4,p27,Mohave Valley Landfill,401819,Jacobson 5 MW Solar,AZ,119.77422625562802
2026,4,p27,Mohave Valley Landfill,400199,La Senita,AZ,144.0406919413264
2026,4,p27,Mohave Valley Landfill,403718,Mohave Electric Cooperative at Joy Lane,AZ,46.931676442468145
2026,4,p27,Mohave Valley Landfill,401311,Mohave Electric at Fort Mohave,AZ,46.78774576839741
2026,4,p27,Mohave Valley Landfill,406478,Mohave Energy - Hybrid,AZ,43.833595587951656
2026,4,p28,Apache Junction Landfill,405418,AZ State University - Tempe Campus Solar,AZ,73.71935772410627
2026,4,p28,South Yuma County Landfill,400148,Agua Caliente Solar Project,AZ,119.2924793219832
2026,4,p28,Apache Junction Landfill,402067,Apache Solar 1,AZ,207.0680145306317
2026,4,p28,South Yuma County Landfill,400274,Arizona Western College PV,AZ,48.90929732015805
2026,4,p28,Apache Junction Landfill,400240,Arlington Valley Solar Energy II,AZ,138.07475636610062
2026,4,p28,Apache Junction Landfill,400437,Badger 1,AZ,134.17302821172643
2026,4,p28,Apache Junction Landfill,401688,Bonnybrooke PV,AZ,75.97083445649636
2026,4,p28,Apache Junction Landfill,400371,Buckeye Union HS District 201,AZ,118.96769824230205
2026,4,p28,Apache Junction Landfill,405635,"Central Line Solar, LLC",AZ,89.67063269506164
2026,4,p28,Apache Junction Landfill,400201,Chino Solar Valley,AZ,176.73148460670578
2026,4,p28,Apache Junction Landfill,400202,Cotton Center Solar Hybrid,AZ,129.6164754150553
2026,4,p28,Apache Junction Landfill,401069,Desert Star Hybrid,AZ,125.96168451519091
2026,4,p28,Apache Junction Landfill,403257,East Line Solar,AZ,89.88655041354824
2026,4,p28,Apache Junction Landfill,406171,Eleven Mile Solar Center,AZ,88.16590589509916
2026,4,p28,Apache Junction Landfill,405244,Estrella Mountain PV,AZ,102.76779060577601
2026,4,p28,South Yuma County Landfill,400349,Foothills Solar Plant Hybrid,AZ,50.90305366024682
2026,4,p28,Apache Junction Landfill,400825,Fort Huachuca Solar PV Project,AZ,215.4786280283117
2026,4,p28,Apache Junction Landfill,400845,Gila Bend Hybrid,AZ,138.8231308453967
2026,4,p28,Apache Junction Landfill,400599,"Gilbert Solar Facility I, LLC",AZ,65.51605967663541
2026,4,p28,South Yuma County Landfill,400507,Hyder II Hybrid,AZ,133.65464961348778
2026,4,p28,South Yuma County Landfill,400204,Hyder Solar Hybrid,AZ,132.59539423792884
2026,4,p28,Apache Junction Landfill,405282,Intel - Ocotillo Campus Solar,AZ,72.22272957396146
2026,4,p28,Apache Junction Landfill,405125,Jewish Community Center PV,AZ,79.87789637750566
2026,4,p28,Apache Junction Landfill,402234,Kayenta Solar Project,AZ,356.3364772623565
2026,4,p28,Apache Junction Landfill,400595,Lake Pleasant WTP,AZ,107.62681407634055
2026,4,p28,Apache Junction Landfill,400128,Luke Solar,AZ,106.01353826297866
2026,4,p28,Apache Junction Landfill,405068,Macys Goodyear,AZ,106.81417324491022
2026,4,p28,South Yuma County Landfill,406279,McFarland A Solar and Storage,AZ,120.5479769492435
2026,4,p28,Apache Junction Landfill,405617,Mesa Carport PV,AZ,51.44397004029704
2026,4,p28,Apache Junction Landfill,404512,Mesa Solar Array,AZ,51.416595813998605
2026,4,p28,Apache Junction Landfill,400250,Mesquite Solar 1,AZ,140.775405484019
2026,4,p28,Apache Junction Landfill,401621,"Mesquite Solar 2, LLC",AZ,144.88286319589392
2026,4,p28,Apache Junction Landfill,401622,"Mesquite Solar 3, LLC",AZ,143.73799727889218
2026,4,p28,Apache Junction Landfill,406038,"Mesquite Solar 4, LLC",AZ,139.88227222155743
2026,4,p28,Apache Junction Landfill,404922,"Mesquite Solar 5, LLC",AZ,139.90731463876114
2026,4,p28,South Yuma County Landfill,403572,OE_AZ1,AZ,156.25406315977347
2026,4,p28,Apache Junction Landfill,400203,Paloma Solar Hybrid,AZ,129.3003080242256
2026,4,p28,Apache Junction Landfill,405126,Paradise Valley H.S. PV,AZ,85.27585420650199
2026,4,p28,Apache Junction Landfill,405150,Phoenix Airport East Economy Lot,AZ,78.23534636858386
2026,4,p28,Apache Junction Landfill,405151,Phoenix Airport Rental Car Center,AZ,81.25428450416746
2026,4,p28,Apache Junction Landfill,402528,Pinal Central Energy Center Hybrid,AZ,87.84317046296796
2026,4,p28,Apache Junction Landfill,400125,"Poseidon Solar, LLC",AZ,63.630598596751184
2026,4,p28,Apache Junction Landfill,400031,Prescott Airport,AZ,167.9835462763138
2026,4,p28,Apache Junction Landfill,400401,Prescott Solar Plant,AZ,175.77849995982447
2026,4,p28,Apache Junction Landfill,400323,Queen Creek Solar Farm,AZ,56.63859595276638
2026,4,p28,Mohave Valley Landfill,400289,"RE Bagdad Solar I, LLC",AZ,136.4987114789518
2026,4,p28,Apache Junction Landfill,405132,"RE Gillespie 1, LLC",AZ,129.09958497618587
2026,4,p28,Apache Junction Landfill,400758,Red Horse 2,AZ,182.56668247726483
2026,4,p28,Apache Junction Landfill,401609,Red Horse III,AZ,176.32207628223858
2026,4,p28,Apache Junction Landfill,401726,Red Rock,AZ,114.82890368240588
2026,4,p28,Apache Junction Landfill,406380,SR McNeal,AZ,238.9037961204065
2026,4,p28,Apache Junction Landfill,400416,Saddle Mountain Solar I,AZ,830.8087469068108
2026,4,p28,South Yuma County Landfill,400416,Saddle Mountain Solar I,AZ,153.1559583824192
2026,4,p28,Apache Junction Landfill,403674,Saint Solar,AZ,89.68304056212807
2026,4,p28,Apache Junction Landfill,401214,Sandstone Solar,AZ,74.36651233700172
2026,4,p28,Apache Junction Landfill,405029,Solana Generating Station,AZ,152.73247286305076
2026,4,p28,Apache Junction Landfill,406275,Sonoran Solar Energy,AZ,118.40995449415315
2026,4,p28,Apache Junction Landfill,406034,Storey Solar and Storage,AZ,85.48520379024681
2026,4,p28,Apache Junction Landfill,401664,Sulphur Springs,AZ,203.68529660136224
2026,4,p28,Apache Junction Landfill,403643,Sun Streams 2,AZ,133.8225909782163
2026,4,p28,Apache Junction Landfill,406517,Sun Streams 3,AZ,136.1337738933726
2026,4,p28,Apache Junction Landfill,401975,"Sun Streams, LLC",AZ,134.5969364036611
2026,4,p28,Apache Junction Landfill,405311,T0588 Phoenix - AZ,AZ,93.35378726872456
2026,4,p28,Apache Junction Landfill,405134,Union HS at Casa Grande,AZ,85.50116766128967
2026,4,p28,Apache Junction Landfill,405135,Vista Grande HS at Casa Grande,AZ,87.53236497587832
2026,4,p28,Apache Junction Landfill,400334,Walmart Casa Grande,AZ,91.26467340436349
2026,4,p28,Apache Junction Landfill,406098,"West Line Solar, LLC",AZ,90.1371629078305
2026,4,p29,Apache Junction Landfill,400014,Springerville,AZ,1522.7940663626725
2026,4,p30,Apache Junction Landfill,405143,Actus Lend Lease DMAFB,AZ,152.6163090802228
2026,4,p30,Apache Junction Landfill,405611,Amazon TUS2,AZ,181.1715740271452
2026,4,p30,Apache Junction Landfill,405268,Amphitheater High School Solar,AZ,191.92117641832908
2026,4,p30,Apache Junction Landfill,400939,Avalon Solar,AZ,214.58621053033494
2026,4,p30,Apache Junction Landfill,401479,Avalon Solar II,AZ,170.0187500031549
2026,4,p30,Apache Junction Landfill,400226,Avra Valley Solar,AZ,138.72330184765087
2026,4,p30,Apache Junction Landfill,404704,Broadway 2 - Tucson Phase II,AZ,157.75443702377615
2026,4,p30,Apache Junction Landfill,405768,Broadway 3 - Tucson Phase I,AZ,151.19288608876766
2026,4,p30,Apache Junction Landfill,405269,Canyon Del Oro High School Solar,AZ,144.3961016560104
2026,4,p30,Apache Junction Landfill,400757,Cogenra-TEP,AZ,178.74424634729888
2026,4,p30,Apache Junction Landfill,401295,Davis Monthan AFB (AZ) West Airfield,AZ,159.28375905776375
2026,4,p30,Apache Junction Landfill,400330,FRB Solar Farm,AZ,228.7905105259743
2026,4,p30,Apache Junction Landfill,400761,"Gato Montes Solar, LLC",AZ,203.62628854997237
2026,4,p30,Apache Junction Landfill,404536,Iron Horse Battery Storage Hybrid,AZ,176.03059380134053
2026,4,p30,Apache Junction Landfill,400552,"Picture Rocks Solar, LLC",AZ,147.77161291510816
2026,4,p30,Apache Junction Landfill,405374,Pima Community College,AZ,188.84222845948602
2026,4,p30,Apache Junction Landfill,405303,Pima Community College - East Campus,AZ,178.6511303878559
2026,4,p30,Apache Junction Landfill,405516,Pima Community College NW,AZ,153.55296878045777
2026,4,p30,Apache Junction Landfill,400408,Prairie Fire,AZ,218.88114975374242
2026,4,p30,Apache Junction Landfill,400290,"RE Ajo 1, LLC",AZ,755.0727736241647
2026,4,p30,South Yuma County Landfill,400290,"RE Ajo 1, LLC",AZ,158.8007910964716
2026,4,p30,Apache Junction Landfill,404926,Raptor Ridge,AZ,224.01185634560943
2026,4,p30,Apache Junction Landfill,400857,Rio Rico Solar,AZ,233.58480289374626
2026,4,p30,Apache Junction Landfill,400193,Roger Road WWTP,AZ,178.57879913262906
2026,4,p30,Apache Junction Landfill,401076,Tech Park Solar,AZ,189.76153906726103
2026,4,p30,Apache Junction Landfill,400156,UASTP I,AZ,203.74824216360167
2026,4,p30,Apache Junction Landfill,401075,Valencia Solar,AZ,194.49509774719579
2026,4,p30,Apache Junction Landfill,404187,"Wilmot Energy Center, LLC",AZ,240.3632443200624
2026,4,p31,City of Clovis Landfill,400211,Alamogordo Solar Energy Center,NM,256.0708504545467
2026,4,p31,Northeastern New Mexico Regional Landfill,400206,Albuquerque Solar Energy Center,NM,211.26174854742217
2026,4,p31,Northeastern New Mexico Regional Landfill,403675,Alcalde Solar Array,NM,125.45746732399671
2026,4,p31,Apache Junction Landfill,401595,Alta Luna,NM,376.5674700541345
2026,4,p31,Northeastern New Mexico Regional Landfill,404724,Angel Fire Energy Facility,NM,85.92628860438091
2026,4,p31,Northeastern New Mexico Regional Landfill,405469,Arroyo Solar Energy Storage Hybrid,NM,267.4406159191337
2026,4,p31,Northeastern New Mexico Regional Landfill,403321,Bluewater CDEC 1,NM,312.03588095020103
2026,4,p31,Northeastern New Mexico Regional Landfill,403736,Britton Solar Energy Center,NM,180.92954389361586
2026,4,p31,City of Clovis Landfill,404981,Buena Vista Energy Center,NM,344.2221208062944
2026,4,p31,Northeastern New Mexico Regional Landfill,402876,CNMEC Solar Energy Center,NM,189.47263655489107
2026,4,p31,City of Clovis Landfill,402519,Carrizozo Solar,NM,214.86559613241653
2026,4,p31,Northeastern New Mexico Regional Landfill,401202,Cibola,NM,217.72539051800047
2026,4,p31,Northeastern New Mexico Regional Landfill,400104,Cimarron Solar Facility,NM,63.94861733055471
2026,4,p31,Apache Junction Landfill,402988,City of Gallup Solar,NM,325.02622036727035
2026,4,p31,Northeastern New Mexico Regional Landfill,403604,City of Rio Rancho WWTP,NM,216.78652140648543
2026,4,p31,Apache Junction Landfill,401225,City of Truth or Consequences PV,NM,2558.1507310640836
2026,4,p31,City of Clovis Landfill,401225,City of Truth or Consequences PV,NM,311.39423867605956
2026,4,p31,Apache Junction Landfill,402177,Columbus Solar Project,NM,423.8887540842016
2026,4,p31,Northeastern New Mexico Regional Landfill,404748,"Cuba 2.5ac, LLC",NM,195.78304284467268
2026,4,p31,Apache Junction Landfill,400209,Deming Solar Energy Center,NM,380.9645366930677
2026,4,p31,Northeastern New Mexico Regional Landfill,403868,Encino Solar Energy Center,NM,196.11739222003573
2026,4,p31,Northeastern New Mexico Regional Landfill,401038,Eubank Landfill Solar Array,NM,212.45678132622362
2026,4,p31,Northeastern New Mexico Regional Landfill,402441,Facebook 1 Solar Energy Center,NM,217.3335955562665
2026,4,p31,Northeastern New Mexico Regional Landfill,402442,Facebook 2 Solar Energy Center,NM,238.61037384542922
2026,4,p31,Northeastern New Mexico Regional Landfill,402443,Facebook 3 Solar Energy Center,NM,210.33840571030518
2026,4,p31,Northeastern New Mexico Regional Landfill,403322,Grants CDEC 2,NM,302.4029111422082
2026,4,p31,Apache Junction Landfill,400216,"Hatch Solar Energy Center I, LLC",NM,1680.5120998172426
2026,4,p31,City of Clovis Landfill,400216,"Hatch Solar Energy Center I, LLC",NM,326.1394364285098
2026,4,p31,City of Clovis Landfill,401617,Holloman Solar Facility,NM,261.58594933424536
2026,4,p31,Northeastern New Mexico Regional Landfill,406109,"Jicarilla Solar 1, LLC",NM,213.73779274355707
2026,4,p31,Northeastern New Mexico Regional Landfill,400427,Kit Carson,NM,137.36376542837812
2026,4,p31,Northeastern New Mexico Regional Landfill,400210,Las Vegas Solar Energy Center,NM,96.32945540871803
2026,4,p31,Northeastern New Mexico Regional Landfill,400434,Los Alamos PV Site,NM,163.7038484171188
2026,4,p31,Northeastern New Mexico Regional Landfill,400207,Los Lunas Solar Energy Center,NM,227.16348565644412
2026,4,p31,Apache Junction Landfill,400838,Macho Springs,NM,357.68634581303195
2026,4,p31,Northeastern New Mexico Regional Landfill,400582,Manzano Solar,NM,213.6287531090486
2026,4,p31,Northeastern New Mexico Regional Landfill,401201,Meadow Lake Solar Energy Center,NM,213.67372771068332
2026,4,p31,Northeastern New Mexico Regional Landfill,406177,"NMRD Data Center III, LLC",NM,216.17942075558116
2026,4,p31,City of Clovis Landfill,405693,NMSU Solar and Storage,NM,340.6345505473641
2026,4,p31,Northeastern New Mexico Regional Landfill,406375,OE_ESCL,NM,284.4813711316057
2026,4,p31,City of Clovis Landfill,400581,Otero Solar,NM,277.24912041779606
2026,4,p31,Northeastern New Mexico Regional Landfill,400146,Questa Solar Facility,NM,131.18956613699797
2026,4,p31,Northeastern New Mexico Regional Landfill,403178,"RC Energy AA, LLC Solar Facility",NM,198.75858571090265
2026,4,p31,Northeastern New Mexico Regional Landfill,401566,Rio Communities Solar Energy Center,NM,226.94334951921934
2026,4,p31,Northeastern New Mexico Regional Landfill,403084,Rio De Oro Solar Energy Center,NM,210.7633130357109
2026,4,p31,Northeastern New Mexico Regional Landfill,400624,Rio Rancho High School,NM,210.98259507668718
2026,4,p31,City of Clovis Landfill,400135,Roadrunner Solar,NM,369.998912395752
2026,4,p31,Northeastern New Mexico Regional Landfill,404648,"Route 66 Energy Center, LLC",NM,247.9664357117157
2026,4,p31,Northeastern New Mexico Regional Landfill,403387,San Miguel I Solar Energy Center,NM,93.34163130073958
2026,4,p31,Northeastern New Mexico Regional Landfill,405458,San Miguel II Solar Energy Center,NM,85.20757448058194
2026,4,p31,Northeastern New Mexico Regional Landfill,401161,Sandoval Solar Energy Center,NM,200.09505251246344
2026,4,p31,Northeastern New Mexico Regional Landfill,401564,Santa Fe Solar Energy Center,NM,160.41748142549923
2026,4,p31,Northeastern New Mexico Regional Landfill,401565,Santolina Solar Energy Center,NM,232.17719669174153
2026,4,p31,Apache Junction Landfill,400596,Silver City WWTP PV Project,NM,323.9251169839977
2026,4,p31,Northeastern New Mexico Regional Landfill,406343,Sky Ranch Solar,NM,249.40956240243545
2026,4,p31,Northeastern New Mexico Regional Landfill,401563,South Valley Solar Energy Center,NM,210.37954438152477
2026,4,p31,Northeastern New Mexico Regional Landfill,401162,Springer Solar 1,NM,62.208676316826946
2026,4,p31,Northeastern New Mexico Regional Landfill,400735,Storrie Lake Solar Project,NM,90.81821135831078
2026,4,p31,Northeastern New Mexico Regional Landfill,400623,Sue Cleveland High School,NM,202.69184293232942
2026,4,p31,City of Clovis Landfill,400343,"SunE EPE1, LLC",NM,311.5844474542951
2026,4,p31,City of Clovis Landfill,400342,"SunE EPE2, LLC",NM,355.1773281366022
2026,4,p31,Northeastern New Mexico Regional Landfill,402854,Syncarpha Eagle Nest,NM,94.73296808613927
2026,4,p31,Northeastern New Mexico Regional Landfill,403412,Syncarpha El Rito,NM,146.29788277910527
2026,4,p31,Northeastern New Mexico Regional Landfill,403413,Syncarpha Questa,NM,118.283077266693
2026,4,p31,Northeastern New Mexico Regional Landfill,403411,Syncarpha Taos,NM,109.10976404506334
2026,4,p31,Northeastern New Mexico Regional Landfill,404618,Taos Mesa Energy Facility Hybrid,NM,111.04412838910054
2026,4,p31,Northeastern New Mexico Regional Landfill,403011,Vista Solar Energy Center,NM,237.21529104346214
2026,4,p31,City of Clovis Landfill,400354,WSMR I,NM,339.9426960254976
2026,4,p31,City of Clovis Landfill,405245,Wal-Mart Truth or Consequences PV,NM,309.04080953705494
2026,4,p47,City of Clovis Landfill,400979,"Caprock Solar 1, LLC",NM,125.65570100602163
2026,4,p47,City of Clovis Landfill,404980,Chaves County Solar II,NM,134.13129328825042
2026,4,p47,City of Clovis Landfill,401681,"Chaves Solar, LLC",NM,155.22255661428807
2026,4,p47,City of Clovis Landfill,400614,GSE NM1,NM,153.2105643148379
2026,4,p47,City of Clovis Landfill,404982,Hayhurst New Mexico Solar,NM,301.23465352885535
2026,4,p47,City of Clovis Landfill,402530,Middle Daisy,NM,186.8337325655182
2026,4,p47,City of Clovis Landfill,401682,"Roswell Solar, LLC",NM,186.02508070123315
2026,4,p47,City of Clovis Landfill,400546,SEV NM Phase 2,NM,193.7607521210162
2026,4,p47,City of Clovis Landfill,400260,SPS1 Dollarhide,NM,271.4854558194055
2026,4,p47,City of Clovis Landfill,400261,SPS2 Jal,NM,243.98267143895555
2026,4,p47,City of Clovis Landfill,400262,SPS3 Lea,NM,233.9890231464124
2026,4,p47,City of Clovis Landfill,400264,SPS5 Hopi,NM,242.96351210210247
2026,4,p47,City of Clovis Landfill,404698,SoCore Clovis 1,NM,24.439494283628946
2026,4,p48,City of Clovis Landfill,406439,"BESSP1, LLC",TX,1234.9905419047043
2026,4,p48,City of Clovis Landfill,405590,"Hecate Energy Frye Solar, LLC",TX,1528.9222516396053
2026,4,p57,Victoria Landfill,404918,"Hecate Energy Upshur Rural, LLC",TX,11108.327819985901
2026,4,p59,City of Clovis Landfill,402666,Fort Bliss (DEA EPIC),TX,13297.252765718411
2026,4,p59,City of Clovis Landfill,401616,Montana Solar Facility,TX,8934.158240656014
2026,4,p59,City of Clovis Landfill,401045,Newman Solar,TX,5713.825517755227
2026,4,p60,City of Clovis Landfill,403962,"ANSON Solar Center, LLC",TX,3497.8430392016185
2026,4,p60,City of Clovis Landfill,403883,Azure Sky Solar,TX,4043.111362229542
2026,4,p60,City of Clovis Landfill,403232,"ENGIE Long Draw Solar, LLC",TX,1504.0321170700627
2026,4,p60,City of Clovis Landfill,406252,Highpeak Solar 1,TX,1794.2641951811045
2026,4,p60,City of Clovis Landfill,402721,Holstein 1 Solar Farm,TX,4571.045629646237
2026,4,p60,City of Clovis Landfill,405492,Juno Solar Project,TX,1109.9516344745514
2026,4,p60,City of Clovis Landfill,402541,Lamesa II,TX,2169.7876189277335
2026,4,p60,City of Clovis Landfill,401660,Lamesa Solar,TX,2869.265007947797
2026,4,p60,City of Clovis Landfill,405932,Lumina II Solar Project,TX,1589.6266100885282
2026,4,p60,City of Clovis Landfill,405933,Lumina Solar Project,TX,2015.9724627582975
2026,4,p60,City of Clovis Landfill,402909,Misae Solar,TX,3287.2768378742308
2026,4,p60,City of Clovis Landfill,400968,"OCI Alamo 7, LLC",TX,3277.3967677984083
2026,4,p60,City of Clovis Landfill,405939,Texas Solar Nova 1,TX,2507.3756599062785
2026,4,p61,City of Clovis Landfill,400967,Alamo 6,TX,1026.3445031625672
2026,4,p61,City of Clovis Landfill,403557,Aragorn Solar Project,TX,912.6868049128943
2026,4,p61,City of Clovis Landfill,400691,Barilla Solar,TX,1114.8731779179986
2026,4,p61,City of Clovis Landfill,401946,Bluebell Solar,TX,1085.2446154653262
2026,4,p61,City of Clovis Landfill,403574,Bluebell Solar II,TX,687.7738558395063
2026,4,p61,City of Clovis Landfill,400554,"Bryan Solar, LLC",TX,1356.367085413216
2026,4,p61,City of Clovis Landfill,401463,Buckthorn Westex,TX,992.6917647795249
2026,4,p61,City of Clovis Landfill,401703,East Pecos Solar,TX,925.6264746649123
2026,4,p61,Victoria Landfill,405363,Galloway 1 Solar Farm,TX,941.5697701303263
2026,4,p61,Victoria Landfill,405494,Galloway 2 Solar Farm,TX,1004.4316802277475
2026,4,p61,City of Clovis Landfill,403210,Greasewood,TX,994.8860129402507
2026,4,p61,City of Clovis Landfill,406370,Hayhurst Texas Solar,TX,921.4646170074291
2026,4,p61,City of Clovis Landfill,402304,Midway Solar-TX,TX,1004.1907746034391
2026,4,p61,Victoria Landfill,400695,"OCI Alamo 4, LLC",TX,578.3947672740553
2026,4,p61,City of Clovis Landfill,401868,Pearl Solar,TX,1041.8732035355038
2026,4,p61,City of Clovis Landfill,402290,RE Maplewood,TX,674.0167680710322
2026,4,p61,City of Clovis Landfill,401430,RE Roserock,TX,736.9662001680208
2026,4,p61,City of Clovis Landfill,402848,Rambler,TX,1688.9201221125943
2026,4,p61,City of Clovis Landfill,402083,Solaire Holman Solar Project,TX,1198.4938931350484
2026,4,p61,City of Clovis Landfill,403023,"Taygete Energy Project, LLC",TX,1433.6000665938807
2026,4,p61,City of Clovis Landfill,404647,Taygete II Energy Project,TX,870.5528081207352
2026,4,p61,City of Clovis Landfill,403551,Titan Solar Project,TX,640.5837857850097
2026,4,p61,Victoria Landfill,406103,Zier Solar,TX,993.6503852457821
2026,4,p62,City of Clovis Landfill,403502,2W Permian Solar Project Hybrid,TX,3222.3048152359793
2026,4,p62,City of Clovis Landfill,403697,CED Crane Solar,TX,3096.176242813571
2026,4,p62,City of Clovis Landfill,401525,Castle Gap Solar Hybrid,TX,5274.145856444955
2026,4,p62,City of Clovis Landfill,404599,Emerald Grove,TX,5005.2119360418765
2026,4,p62,City of Clovis Landfill,403004,Lapetus,TX,4435.272457682515
2026,4,p62,City of Clovis Landfill,403280,Oberon IA,TX,4042.387292832874
2026,4,p62,City of Clovis Landfill,403279,Oberon IB,TX,3910.626888433698
2026,4,p62,City of Clovis Landfill,403602,Oxy Renewable Energy-Goldsmith,TX,4784.025681729408
2026,4,p62,City of Clovis Landfill,402679,Phoebe Solar,TX,5095.4113651766365
2026,4,p62,City of Clovis Landfill,403177,Prospero Solar,TX,3433.447123246588
2026,4,p62,City of Clovis Landfill,404128,Prospero Solar II,TX,2194.787518716166
2026,4,p62,City of Clovis Landfill,403070,"Roadrunner, LLC",TX,4732.224276214058
2026,4,p62,City of Clovis Landfill,401805,Upton County Solar,TX,6461.901243407653
2026,4,p62,City of Clovis Landfill,402995,West of the Pecos Solar,TX,6930.414556896256
2026,4,p63,Victoria Landfill,405599,"BPL Crown Solar, LLC",TX,524.3633365742185
2026,4,p63,Victoria Landfill,404966,BPL Files Solar,TX,662.7611829470699
2026,4,p63,Victoria Landfill,403825,Briar Creek Solar 1,TX,1107.377164755268
2026,4,p63,Victoria Landfill,402610,Chisum,TX,1346.8334494019027
2026,4,p63,Victoria Landfill,401697,CoServ Community Solar Station,TX,1423.0881358306426
2026,4,p63,Victoria Landfill,403188,Coniglio Solar,TX,1204.8015817104133
2026,4,p63,Victoria Landfill,406415,Dileo Solar,TX,818.4235447909352
2026,4,p63,Victoria Landfill,402655,Eddy II,TX,599.1517939891057
2026,4,p63,Victoria Landfill,406221,Eiffel Solar Project,TX,1763.2346659149973
2026,4,p63,Victoria Landfill,405540,"Ellis Solar, LLC",TX,962.107457214961
2026,4,p63,Victoria Landfill,403823,Elm Branch Solar 1,TX,853.8068647666948
2026,4,p63,Victoria Landfill,406206,Five Wells Solar Center - Hybrid,TX,637.6482681213995
2026,4,p63,Victoria Landfill,404567,G.S.E. One LLC,TX,1627.2507556385358
2026,4,p63,Victoria Landfill,403288,Griffin Solar,TX,1067.1851005944548
2026,4,p63,Victoria Landfill,406202,Grizzly Ridge Solar,TX,765.2635280718279
2026,4,p63,Victoria Landfill,402329,Highway 56 Solar,TX,1873.836724257097
2026,4,p63,Victoria Landfill,405319,IKEA Grand Prairie Rooftop PV System,TX,1067.7989556137964
2026,4,p63,Victoria Landfill,405689,"IP Radian, LLC",TX,962.7737363215144
2026,4,p63,Victoria Landfill,403481,Impact Solar 1,TX,1085.3721714699525
2026,4,p63,Victoria Landfill,403190,Kellam Solar,TX,1355.8970758990652
2026,4,p63,Victoria Landfill,402421,Leon Solar,TX,1927.4647546829326
2026,4,p63,Victoria Landfill,403874,Lily Solar Hybrid,TX,1702.798860607714
2026,4,p63,Victoria Landfill,402404,Marlin Solar,TX,641.8916261615708
2026,4,p63,Victoria Landfill,405794,Noble Solar,TX,1118.901852995493
2026,4,p63,City of Clovis Landfill,402405,North Gainesville Solar,TX,1296.7841324535775
2026,4,p63,Victoria Landfill,401933,Phantom Solar,TX,659.1549961400523
2026,4,p63,Victoria Landfill,404872,"Pisgah Ridge Solar, LLC",TX,916.2302240521942
2026,4,p63,Victoria Landfill,406416,Pitts Dudik Solar,TX,932.6482059929693
2026,4,p63,Victoria Landfill,403189,Rippey Solar,TX,1375.711217129061
2026,4,p63,Victoria Landfill,404630,"Samson Solar Energy III, LLC",TX,1616.630388756873
2026,4,p63,Victoria Landfill,402652,Sterling Solar (TX),TX,1127.576790888556
2026,4,p63,Victoria Landfill,404812,Sun Valley Solar Project,TX,864.8621236117283
2026,4,p63,Victoria Landfill,404388,"TPE Erath Solar, LLC",TX,1163.533165897904
2026,4,p63,Victoria Landfill,403457,"TPE Whitney Solar, LLC",TX,924.505854136047
2026,4,p63,Victoria Landfill,405361,Toyota HQ Plan,TX,981.7052104632279
2026,4,p63,Victoria Landfill,405907,Verizon Hidden Ridge Solar Project,TX,1505.031322615871
2026,4,p63,Victoria Landfill,405984,Waco Solar,TX,1281.4283634530595
2026,4,p63,Victoria Landfill,402306,Walnut Springs Solar,TX,862.8843109965136
2026,4,p63,Victoria Landfill,402497,West Moore Solar II,TX,1629.1621696890481
2026,4,p63,Victoria Landfill,402330,Whitesboro Solar,TX,1115.4945177159861
2026,4,p63,Victoria Landfill,402331,Whitesboro Solar II,TX,1227.695464213497
2026,4,p63,Victoria Landfill,402414,Whitewright Solar,TX,1767.6762252200376
2026,4,p63,Victoria Landfill,402654,Yellow Jacket,TX,1319.0972704301328
2026,4,p64,Victoria Landfill,405731,Austin TX GigaFactory,TX,311.31323626148367
2026,4,p64,Victoria Landfill,402203,Bandera Electric Coop PV,TX,437.1818439915769
2026,4,p64,Victoria Landfill,404721,"Blue Jay Solar I, LLC",TX,338.599430864452
2026,4,p64,Victoria Landfill,402648,Bovine,TX,175.47438468116155
2026,4,p64,Victoria Landfill,402389,"E-Volve Energy Holdings, LLC",TX,190.51038614048176
2026,4,p64,Victoria Landfill,400227,East Blackland Solar Project 1,TX,329.08848368818764
2026,4,p64,Victoria Landfill,405101,IKEA Round Rock 027,TX,254.38392067194593
2026,4,p64,Victoria Landfill,402653,Lampwick,TX,441.6669198674078
2026,4,p64,Victoria Landfill,405613,Niagara Bottling - Seguin,TX,215.77012310269242
2026,4,p64,Victoria Landfill,402544,PowerFin Kingsbery,TX,326.26334640720523
2026,4,p64,Victoria Landfill,400249,Webberville Solar Project,TX,290.56898573733855
2026,4,p65,Victoria Landfill,405700,Aktina Solar,TX,134.46163044556826
2026,4,p65,Victoria Landfill,404074,"Alexis Solar, LLC",TX,302.8947892258576
2026,4,p65,Victoria Landfill,405727,Bernard Creek Solar,TX,174.32765283065837
2026,4,p65,Victoria Landfill,400081,Blue Wing Solar Energy Generation,TX,192.67636867346081
2026,4,p65,Victoria Landfill,405477,Brightside,TX,141.51352184789204
2026,4,p65,Victoria Landfill,401728,CPS 1 Community Solar,TX,226.0205522162705
2026,4,p65,Victoria Landfill,402656,Cascade Solar (TX),TX,170.74514506872876
2026,4,p65,Victoria Landfill,403987,Catan Solar,TX,150.60674042567612
2026,4,p65,Victoria Landfill,403091,Commerce Solar,TX,244.98459604320854
2026,4,p65,Victoria Landfill,404247,"Corazon Energy, LLC",TX,394.23742398504237
2026,4,p65,Victoria Landfill,404062,Elara Solar,TX,246.9386735324708
2026,4,p65,Victoria Landfill,404359,FELPS 1-Calaveras,TX,176.88427007769607
2026,4,p65,Victoria Landfill,404361,FELPS 2-Calaveras,TX,182.97288835113864
2026,4,p65,Victoria Landfill,404362,FELPS 3-Floresville South,TX,173.33629099683642
2026,4,p65,Victoria Landfill,404363,FELPS 4-Floresville South,TX,171.483309417517
2026,4,p65,Victoria Landfill,404364,FELPS 5-Floresville South,TX,182.4979950135685
2026,4,p65,Victoria Landfill,404739,FELPS 6- Floresville West,TX,166.47687092343907
2026,4,p65,Victoria Landfill,404740,FELPS 7- Floresville West,TX,229.20780328382062
2026,4,p65,Victoria Landfill,406516,Ganado Solar,TX,115.8955751982771
2026,4,p65,Victoria Landfill,405801,Horizon Solar,TX,293.9879981675853
2026,4,p65,Victoria Landfill,405380,IKEA Live Oak Rooftop PV System,TX,194.97082102200045
2026,4,p65,Victoria Landfill,403343,Mars Solar,TX,296.20608309764873
2026,4,p65,Victoria Landfill,404877,Nebula Solar,TX,293.52332755550106
2026,4,p65,Victoria Landfill,400694,"OCI Alamo 2, LLC",TX,253.43717022858254
2026,4,p65,Victoria Landfill,400965,"OCI Alamo 3, LLC",TX,227.2811931272436
2026,4,p65,Victoria Landfill,400966,"OCI Alamo 5, LLC",TX,346.5659780531787
2026,4,p65,Victoria Landfill,400593,OCI Alamo Solar I Hybrid,TX,289.8960614091554
2026,4,p65,Victoria Landfill,405809,Shakes Solar,TX,350.0935891529135
2026,4,p65,Victoria Landfill,405545,Sparta Solar,TX,142.7042279559141
2026,4,p65,Victoria Landfill,400379,"SunE CPS1, LLC",TX,239.49683885967266
2026,4,p65,Victoria Landfill,400364,"SunE CPS2, LLC",TX,205.31233751982413
2026,4,p65,Victoria Landfill,400353,"SunE CPS3, LLC",TX,207.7755279100033
2026,4,p65,Victoria Landfill,406032,Tres Bahias,TX,98.29028829734547
2026,4,p65,Victoria Landfill,404878,Vancourt Solar Interconnections,TX,381.97573880708234
2026,4,p66,Victoria Landfill,406386,Umbriel Solar,TX,6331.250105780318
2026,4,p67,Victoria Landfill,404939,Brazoria County Solar Project (Danciger),TX,897.4637581384752
2026,4,p67,Victoria Landfill,404681,Brazoria West,TX,887.6061443109738
2026,4,p67,Victoria Landfill,402649,Bronson,TX,932.1444005126265
2026,4,p67,Victoria Landfill,406178,"Cutlass Solar 1, LLC",TX,767.1252853621311
2026,4,p67,Victoria Landfill,404587,Fighting Jays Solar Project,TX,763.6450709766495
2026,4,p67,Victoria Landfill,405564,"Fort Bend Solar, LLC",TX,732.55243789962
2026,4,p67,Victoria Landfill,404853,"Longbow Solar, LLC",TX,1128.1691800293574
2026,4,p67,Victoria Landfill,403514,Wagyu,TX,1324.061952345581
2027,1,p12,Apex Regional Landfill,402144,Battle Mountain Solar Project,NV,817.4978566593231
2027,1,p12,Apex Regional Landfill,405025,Brady,NV,454.236289640401
2027,1,p12,Apex Regional Landfill,405553,Dodge Flat,NV,597.2938014139329
2027,1,p12,Apex Regional Landfill,402609,"EGP Stillwater Solar PV II, LLC",NV,634.4489083022581
2027,1,p12,Apex Regional Landfill,404659,Fish Springs,NV,815.3774173051906
2027,1,p12,Apex Regional Landfill,401086,Ft. Churchill PV,NV,423.2846744748025
2027,1,p12,Apex Regional Landfill,405028,Galena 2 Geothermal Power Plant,NV,807.9276149456305
2027,1,p12,Apex Regional Landfill,402130,Luning Energy,NV,475.90237716432785
2027,1,p12,Apex Regional Landfill,403107,NVSS-II,NV,137.56991787106557
2027,1,p12,Apex Regional Landfill,400468,"Patua Acquisition Project, LLC",NV,779.3348094848201
2027,1,p12,Apex Regional Landfill,405021,Steamboat Hills LP,NV,744.1358176331481
2027,1,p12,Apex Regional Landfill,405023,Steamboat II,NV,496.7574933960396
2027,1,p12,Apex Regional Landfill,405024,Steamboat III,NV,458.6369037989421
2027,1,p12,Apex Regional Landfill,400029,Stillwater Facility,NV,614.6017705326625
2027,1,p12,Apex Regional Landfill,401318,Sunshine Valley Solar,NV,224.10766805279178
2027,1,p12,Apex Regional Landfill,405026,TS Power Plant,NV,450.6905144249096
2027,1,p12,Apex Regional Landfill,405576,Tesla Reno GigaFactory,NV,818.6745078140871
2027,1,p12,Apex Regional Landfill,401943,Tungsten Mountain,NV,595.961814803065
2027,1,p12,Apex Regional Landfill,403308,Turquoise Liberty Solar,NV,568.242136732029
2027,1,p12,Apex Regional Landfill,403884,"Turquoise Nevada, LLC",NV,586.0383796776773
2027,1,p12,Apex Regional Landfill,400035,Western 102 Power Plant,NV,753.756338230979
2027,1,p13,Apex Regional Landfill,400555,Apex Solar PV Power Project,NV,73.16193399451785
2027,1,p13,Apex Regional Landfill,405385,Arrow Canyon Solar Hybrid,NV,86.75580809560543
2027,1,p13,Apex Regional Landfill,402017,"Boulder Solar II, LLC",NV,76.97426428216414
2027,1,p13,Apex Regional Landfill,401649,"Boulder Solar Power, LLC",NV,76.43672844478363
2027,1,p13,Apex Regional Landfill,400059,CM10,NV,80.55626964937706
2027,1,p13,Apex Regional Landfill,400086,CM48,NV,82.66520393629368
2027,1,p13,Apex Regional Landfill,400363,Copper Mountain Solar 2,NV,80.44567279729097
2027,1,p13,Apex Regional Landfill,400802,Copper Mountain Solar 3,NV,73.65409663015676
2027,1,p13,Apex Regional Landfill,401308,"Copper Mountain Solar 4, LLC",NV,81.59182703954063
2027,1,p13,Apex Regional Landfill,403688,"Copper Mountain Solar 5, LLC",NV,81.35567012472585
2027,1,p13,Apex Regional Landfill,405358,Dignity - San Martin,NV,62.667650036380515
2027,1,p13,Apex Regional Landfill,405355,Dignity - Siena Campus,NV,62.41015090955037
2027,1,p13,Apex Regional Landfill,405556,Dry Lake Solar Energy Center,NV,78.03619853846101
2027,1,p13,Apex Regional Landfill,405495,Gemini Solar,NV,84.47958393981388
2027,1,p13,Apex Regional Landfill,403386,"Harry Allen Solar Energy, LLC",NV,77.1510647644989
2027,1,p13,Apex Regional Landfill,406090,IGS LAS1,NV,65.6142053259049
2027,1,p13,Apex Regional Landfill,406089,IGS VGT,NV,60.887950941415
2027,1,p13,Apex Regional Landfill,405309,IKEA Las Vegas 462,NV,63.28704859666453
2027,1,p13,Apex Regional Landfill,400545,Las Vegas WPCF Solar Plant,NV,54.98439225179951
2027,1,p13,Apex Regional Landfill,400313,Moapa Southern Paiute,NV,89.28145828177801
2027,1,p13,Apex Regional Landfill,400600,Mountain View Solar,NV,71.75497272910754
2027,1,p13,Apex Regional Landfill,400036,Nellis Air Force Base Solar Array,NV,59.00125729088303
2027,1,p13,Apex Regional Landfill,401381,Nellis Solar PV II,NV,56.03058756916316
2027,1,p13,Apex Regional Landfill,401319,"Playa Solar 1, LLC",NV,74.7056124628428
2027,1,p13,Apex Regional Landfill,401596,Playa Solar 2,NV,74.48495595384433
2027,1,p13,Apex Regional Landfill,401274,River Mountains Solar,NV,65.24189226414721
2027,1,p13,Mohave Valley Landfill,401042,Searchlight Solar,NV,89.26080208866034
2027,1,p13,Apex Regional Landfill,400166,Silver State Solar Power North,NV,99.64256938882222
2027,1,p13,Apex Regional Landfill,400658,Silver State Solar Power South,NV,98.68572569359894
2027,1,p13,Apex Regional Landfill,405246,"Solar Las Vegas MB 2, LLC",NV,56.66282890825471
2027,1,p13,Apex Regional Landfill,405188,Solar Las Vegas MB-1,NV,56.342380991040585
2027,1,p13,Apex Regional Landfill,400556,Spectrum Solar PV Power Project,NV,66.38588249710799
2027,1,p13,Apex Regional Landfill,402485,"Techren Solar I, LLC",NV,76.00005787540283
2027,1,p13,Apex Regional Landfill,402690,"Techren Solar II, LLC",NV,74.92340235130833
2027,1,p13,Apex Regional Landfill,402691,"Techren Solar III, LLC",NV,76.43141961355485
2027,1,p13,Apex Regional Landfill,402692,"Techren Solar IV, LLC",NV,74.91604771152075
2027,1,p13,Apex Regional Landfill,403001,Techren Solar V,NV,73.58536027846593
2027,1,p13,Apex Regional Landfill,401851,Townsite Solar Project Hybrid,NV,72.52204929587596
2027,1,p13,Apex Regional Landfill,406448,Yellow Pine II,NV,98.8951501806855
2027,1,p13,Apex Regional Landfill,404971,Yellow Pine Solar,NV,96.94090423723588
2027,1,p27,Mohave Valley Landfill,400374,"Black Mountain Solar, LLC",AZ,74.41725864141326
2027,1,p27,Mohave Valley Landfill,402236,Gray Hawk Solar,AZ,113.27376304596007
2027,1,p27,Mohave Valley Landfill,401819,Jacobson 5 MW Solar,AZ,119.77422625562802
2027,1,p27,Mohave Valley Landfill,400199,La Senita,AZ,144.0406919413264
2027,1,p27,Mohave Valley Landfill,403718,Mohave Electric Cooperative at Joy Lane,AZ,46.931676442468145
2027,1,p27,Mohave Valley Landfill,401311,Mohave Electric at Fort Mohave,AZ,46.78774576839741
2027,1,p27,Mohave Valley Landfill,406478,Mohave Energy - Hybrid,AZ,43.833595587951656
2027,1,p28,Apache Junction Landfill,405418,AZ State University - Tempe Campus Solar,AZ,73.71935772410627
2027,1,p28,South Yuma County Landfill,400148,Agua Caliente Solar Project,AZ,119.2924793219832
2027,1,p28,Apache Junction Landfill,402067,Apache Solar 1,AZ,205.71504790775867
2027,1,p28,South Yuma County Landfill,400274,Arizona Western College PV,AZ,48.90929732015805
2027,1,p28,Apache Junction Landfill,400240,Arlington Valley Solar Energy II,AZ,138.07475636610062
2027,1,p28,Apache Junction Landfill,400437,Badger 1,AZ,135.66208865410863
2027,1,p28,Apache Junction Landfill,401688,Bonnybrooke PV,AZ,75.01869864554311
2027,1,p28,Apache Junction Landfill,400371,Buckeye Union HS District 201,AZ,118.96769824230205
2027,1,p28,Apache Junction Landfill,405635,"Central Line Solar, LLC",AZ,89.48402014874071
2027,1,p28,Apache Junction Landfill,400201,Chino Solar Valley,AZ,176.73148460670578
2027,1,p28,Apache Junction Landfill,400202,Cotton Center Solar Hybrid,AZ,129.6164754150553
2027,1,p28,Apache Junction Landfill,401069,Desert Star Hybrid,AZ,125.39247590799937
2027,1,p28,Apache Junction Landfill,403257,East Line Solar,AZ,89.88655041354824
2027,1,p28,Apache Junction Landfill,406171,Eleven Mile Solar Center,AZ,88.16590589509916
2027,1,p28,Apache Junction Landfill,405244,Estrella Mountain PV,AZ,102.49632131108534
2027,1,p28,South Yuma County Landfill,400349,Foothills Solar Plant Hybrid,AZ,50.90305366024682
2027,1,p28,Apache Junction Landfill,400825,Fort Huachuca Solar PV Project,AZ,215.4786280283117
2027,1,p28,Apache Junction Landfill,400845,Gila Bend Hybrid,AZ,138.8231308453967
2027,1,p28,Apache Junction Landfill,400599,"Gilbert Solar Facility I, LLC",AZ,65.51605967663541
2027,1,p28,South Yuma County Landfill,400507,Hyder II Hybrid,AZ,133.65464961348778
2027,1,p28,South Yuma County Landfill,400204,Hyder Solar Hybrid,AZ,133.8914664874349
2027,1,p28,Apache Junction Landfill,405282,Intel - Ocotillo Campus Solar,AZ,72.22272957396146
2027,1,p28,Apache Junction Landfill,405125,Jewish Community Center PV,AZ,79.87789637750566
2027,1,p28,Apache Junction Landfill,402234,Kayenta Solar Project,AZ,356.3364772623565
2027,1,p28,Apache Junction Landfill,400595,Lake Pleasant WTP,AZ,107.62681407634055
2027,1,p28,Apache Junction Landfill,400128,Luke Solar,AZ,106.01353826297866
2027,1,p28,Apache Junction Landfill,405068,Macys Goodyear,AZ,106.81417324491022
2027,1,p28,South Yuma County Landfill,406279,McFarland A Solar and Storage,AZ,120.5479769492435
2027,1,p28,Apache Junction Landfill,405617,Mesa Carport PV,AZ,51.44397004029704
2027,1,p28,Apache Junction Landfill,404512,Mesa Solar Array,AZ,51.416595813998605
2027,1,p28,Apache Junction Landfill,400250,Mesquite Solar 1,AZ,140.775405484019
2027,1,p28,Apache Junction Landfill,401621,"Mesquite Solar 2, LLC",AZ,144.88286319589392
2027,1,p28,Apache Junction Landfill,401622,"Mesquite Solar 3, LLC",AZ,143.73799727889218
2027,1,p28,Apache Junction Landfill,406038,"Mesquite Solar 4, LLC",AZ,142.23870967325558
2027,1,p28,Apache Junction Landfill,404922,"Mesquite Solar 5, LLC",AZ,142.03797514581026
2027,1,p28,South Yuma County Landfill,403572,OE_AZ1,AZ,156.25406315977347
2027,1,p28,Apache Junction Landfill,400203,Paloma Solar Hybrid,AZ,129.3003080242256
2027,1,p28,Apache Junction Landfill,405126,Paradise Valley H.S. PV,AZ,85.60728209500571
2027,1,p28,Apache Junction Landfill,405150,Phoenix Airport East Economy Lot,AZ,78.23534636858386
2027,1,p28,Apache Junction Landfill,405151,Phoenix Airport Rental Car Center,AZ,81.6223132085984
2027,1,p28,Apache Junction Landfill,402528,Pinal Central Energy Center Hybrid,AZ,86.14521028254727
2027,1,p28,Apache Junction Landfill,400125,"Poseidon Solar, LLC",AZ,63.630598596751184
2027,1,p28,Apache Junction Landfill,400031,Prescott Airport,AZ,167.31222383817152
2027,1,p28,Apache Junction Landfill,400401,Prescott Solar Plant,AZ,175.77849995982447
2027,1,p28,Apache Junction Landfill,400323,Queen Creek Solar Farm,AZ,56.63859595276638
2027,1,p28,Mohave Valley Landfill,400289,"RE Bagdad Solar I, LLC",AZ,136.4987114789518
2027,1,p28,Apache Junction Landfill,405132,"RE Gillespie 1, LLC",AZ,129.09958497618587
2027,1,p28,Apache Junction Landfill,400758,Red Horse 2,AZ,182.56668247726483
2027,1,p28,Apache Junction Landfill,401609,Red Horse III,AZ,180.3521775911351
2027,1,p28,Apache Junction Landfill,401726,Red Rock,AZ,114.82890368240588
2027,1,p28,Apache Junction Landfill,406380,SR McNeal,AZ,238.9037961204065
2027,1,p28,Apache Junction Landfill,400416,Saddle Mountain Solar I,AZ,830.8087469068108
2027,1,p28,South Yuma County Landfill,400416,Saddle Mountain Solar I,AZ,153.1559583824192
2027,1,p28,Apache Junction Landfill,403674,Saint Solar,AZ,89.29362190604871
2027,1,p28,Apache Junction Landfill,401214,Sandstone Solar,AZ,74.36651233700172
2027,1,p28,Apache Junction Landfill,405029,Solana Generating Station,AZ,152.73247286305076
2027,1,p28,Apache Junction Landfill,406275,Sonoran Solar Energy,AZ,115.97755970792635
2027,1,p28,Apache Junction Landfill,406034,Storey Solar and Storage,AZ,86.27678884402077
2027,1,p28,Apache Junction Landfill,401664,Sulphur Springs,AZ,201.80495545865523
2027,1,p28,Apache Junction Landfill,403643,Sun Streams 2,AZ,133.8225909782163
2027,1,p28,Apache Junction Landfill,406517,Sun Streams 3,AZ,136.1337738933726
2027,1,p28,Apache Junction Landfill,401975,"Sun Streams, LLC",AZ,134.5969364036611
2027,1,p28,Apache Junction Landfill,405311,T0588 Phoenix - AZ,AZ,93.35378726872456
2027,1,p28,Apache Junction Landfill,405134,Union HS at Casa Grande,AZ,85.01930283073705
2027,1,p28,Apache Junction Landfill,405135,Vista Grande HS at Casa Grande,AZ,87.53236497587832
2027,1,p28,Apache Junction Landfill,400334,Walmart Casa Grande,AZ,91.26467340436349
2027,1,p28,Apache Junction Landfill,406098,"West Line Solar, LLC",AZ,90.1371629078305
2027,1,p29,Apache Junction Landfill,400014,Springerville,AZ,1306.0913450116839
2027,1,p30,Apache Junction Landfill,405143,Actus Lend Lease DMAFB,AZ,152.6163090802228
2027,1,p30,Apache Junction Landfill,405611,Amazon TUS2,AZ,175.46357429241758
2027,1,p30,Apache Junction Landfill,405268,Amphitheater High School Solar,AZ,189.08311991626934
2027,1,p30,Apache Junction Landfill,400939,Avalon Solar,AZ,214.58621053033494
2027,1,p30,Apache Junction Landfill,401479,Avalon Solar II,AZ,170.0187500031549
2027,1,p30,Apache Junction Landfill,400226,Avra Valley Solar,AZ,138.72330184765087
2027,1,p30,Apache Junction Landfill,404704,Broadway 2 - Tucson Phase II,AZ,157.75443702377615
2027,1,p30,Apache Junction Landfill,405768,Broadway 3 - Tucson Phase I,AZ,138.49783896484524
2027,1,p30,Apache Junction Landfill,405269,Canyon Del Oro High School Solar,AZ,144.3961016560104
2027,1,p30,Apache Junction Landfill,400757,Cogenra-TEP,AZ,178.74424634729888
2027,1,p30,Apache Junction Landfill,401295,Davis Monthan AFB (AZ) West Airfield,AZ,159.28375905776375
2027,1,p30,Apache Junction Landfill,400330,FRB Solar Farm,AZ,228.7905105259743
2027,1,p30,Apache Junction Landfill,400761,"Gato Montes Solar, LLC",AZ,203.62628854997237
2027,1,p30,Apache Junction Landfill,404536,Iron Horse Battery Storage Hybrid,AZ,176.03059380134053
2027,1,p30,Apache Junction Landfill,400552,"Picture Rocks Solar, LLC",AZ,147.77161291510816
2027,1,p30,Apache Junction Landfill,405374,Pima Community College,AZ,188.84222845948602
2027,1,p30,Apache Junction Landfill,405303,Pima Community College - East Campus,AZ,154.73277782531684
2027,1,p30,Apache Junction Landfill,405516,Pima Community College NW,AZ,140.37761834527598
2027,1,p30,Apache Junction Landfill,400408,Prairie Fire,AZ,218.88114975374242
2027,1,p30,South Yuma County Landfill,400290,"RE Ajo 1, LLC",AZ,185.01026441691474
2027,1,p30,Apache Junction Landfill,404926,Raptor Ridge,AZ,224.01185634560943
2027,1,p30,Apache Junction Landfill,400857,Rio Rico Solar,AZ,233.58480289374626
2027,1,p30,Apache Junction Landfill,400193,Roger Road WWTP,AZ,177.55330772940678
2027,1,p30,Apache Junction Landfill,401076,Tech Park Solar,AZ,189.76153906726103
2027,1,p30,Apache Junction Landfill,400156,UASTP I,AZ,203.74824216360167
2027,1,p30,Apache Junction Landfill,401075,Valencia Solar,AZ,194.49509774719579
2027,1,p30,Apache Junction Landfill,404187,"Wilmot Energy Center, LLC",AZ,240.3632443200624
2027,1,p31,City of Clovis Landfill,400211,Alamogordo Solar Energy Center,NM,256.0708504545467
2027,1,p31,Northeastern New Mexico Regional Landfill,400206,Albuquerque Solar Energy Center,NM,211.26174854742217
2027,1,p31,Northeastern New Mexico Regional Landfill,403675,Alcalde Solar Array,NM,125.45746732399671
2027,1,p31,Apache Junction Landfill,401595,Alta Luna,NM,334.6985101472164
2027,1,p31,Northeastern New Mexico Regional Landfill,404724,Angel Fire Energy Facility,NM,85.92628860438091
2027,1,p31,Northeastern New Mexico Regional Landfill,405469,Arroyo Solar Energy Storage Hybrid,NM,267.4406159191337
2027,1,p31,Northeastern New Mexico Regional Landfill,403321,Bluewater CDEC 1,NM,312.03588095020103
2027,1,p31,Northeastern New Mexico Regional Landfill,403736,Britton Solar Energy Center,NM,180.92954389361586
2027,1,p31,City of Clovis Landfill,404981,Buena Vista Energy Center,NM,344.2221208062944
2027,1,p31,Northeastern New Mexico Regional Landfill,402876,CNMEC Solar Energy Center,NM,189.47263655489107
2027,1,p31,City of Clovis Landfill,402519,Carrizozo Solar,NM,205.88565822008286
2027,1,p31,Northeastern New Mexico Regional Landfill,401202,Cibola,NM,245.82295138826169
2027,1,p31,Northeastern New Mexico Regional Landfill,400104,Cimarron Solar Facility,NM,67.78764802157589
2027,1,p31,Apache Junction Landfill,402988,City of Gallup Solar,NM,325.02622036727035
2027,1,p31,Northeastern New Mexico Regional Landfill,403604,City of Rio Rancho WWTP,NM,216.78652140648543
2027,1,p31,Apache Junction Landfill,401225,City of Truth or Consequences PV,NM,2558.1507310640836
2027,1,p31,City of Clovis Landfill,401225,City of Truth or Consequences PV,NM,311.39423867605956
2027,1,p31,Apache Junction Landfill,402177,Columbus Solar Project,NM,387.4723730187538
2027,1,p31,Northeastern New Mexico Regional Landfill,404748,"Cuba 2.5ac, LLC",NM,195.78304284467268
2027,1,p31,Apache Junction Landfill,400209,Deming Solar Energy Center,NM,380.9645366930677
2027,1,p31,Northeastern New Mexico Regional Landfill,403868,Encino Solar Energy Center,NM,196.11739222003573
2027,1,p31,Northeastern New Mexico Regional Landfill,401038,Eubank Landfill Solar Array,NM,212.45678132622362
2027,1,p31,Northeastern New Mexico Regional Landfill,402441,Facebook 1 Solar Energy Center,NM,217.3335955562665
2027,1,p31,Northeastern New Mexico Regional Landfill,402442,Facebook 2 Solar Energy Center,NM,238.61037384542922
2027,1,p31,Northeastern New Mexico Regional Landfill,402443,Facebook 3 Solar Energy Center,NM,210.33840571030518
2027,1,p31,Northeastern New Mexico Regional Landfill,403322,Grants CDEC 2,NM,277.8578520481847
2027,1,p31,Apache Junction Landfill,400216,"Hatch Solar Energy Center I, LLC",NM,4032.1523216262776
2027,1,p31,City of Clovis Landfill,400216,"Hatch Solar Energy Center I, LLC",NM,326.1394364285098
2027,1,p31,City of Clovis Landfill,401617,Holloman Solar Facility,NM,257.50634041885945
2027,1,p31,Northeastern New Mexico Regional Landfill,406109,"Jicarilla Solar 1, LLC",NM,213.73779274355707
2027,1,p31,Northeastern New Mexico Regional Landfill,400427,Kit Carson,NM,137.36376542837812
2027,1,p31,Northeastern New Mexico Regional Landfill,400210,Las Vegas Solar Energy Center,NM,91.192721368961
2027,1,p31,Northeastern New Mexico Regional Landfill,400434,Los Alamos PV Site,NM,163.7038484171188
2027,1,p31,Northeastern New Mexico Regional Landfill,400207,Los Lunas Solar Energy Center,NM,227.16348565644412
2027,1,p31,Apache Junction Landfill,400838,Macho Springs,NM,357.68634581303195
2027,1,p31,Northeastern New Mexico Regional Landfill,400582,Manzano Solar,NM,213.6287531090486
2027,1,p31,Northeastern New Mexico Regional Landfill,401201,Meadow Lake Solar Energy Center,NM,213.67372771068332
2027,1,p31,Northeastern New Mexico Regional Landfill,406177,"NMRD Data Center III, LLC",NM,216.17942075558116
2027,1,p31,City of Clovis Landfill,405693,NMSU Solar and Storage,NM,340.6345505473641
2027,1,p31,Northeastern New Mexico Regional Landfill,406375,OE_ESCL,NM,284.4813711316057
2027,1,p31,City of Clovis Landfill,400581,Otero Solar,NM,260.53300179621687
2027,1,p31,Northeastern New Mexico Regional Landfill,400146,Questa Solar Facility,NM,131.18956613699797
2027,1,p31,Northeastern New Mexico Regional Landfill,403178,"RC Energy AA, LLC Solar Facility",NM,198.75858571090265
2027,1,p31,Northeastern New Mexico Regional Landfill,401566,Rio Communities Solar Energy Center,NM,217.3232216636094
2027,1,p31,Northeastern New Mexico Regional Landfill,403084,Rio De Oro Solar Energy Center,NM,225.86429008613385
2027,1,p31,Northeastern New Mexico Regional Landfill,400624,Rio Rancho High School,NM,210.98259507668718
2027,1,p31,City of Clovis Landfill,400135,Roadrunner Solar,NM,340.10820950615255
2027,1,p31,Northeastern New Mexico Regional Landfill,404648,"Route 66 Energy Center, LLC",NM,247.9664357117157
2027,1,p31,Northeastern New Mexico Regional Landfill,403387,San Miguel I Solar Energy Center,NM,93.34163130073958
2027,1,p31,Northeastern New Mexico Regional Landfill,405458,San Miguel II Solar Energy Center,NM,85.20757448058194
2027,1,p31,Northeastern New Mexico Regional Landfill,401161,Sandoval Solar Energy Center,NM,200.09505251246344
2027,1,p31,Northeastern New Mexico Regional Landfill,401564,Santa Fe Solar Energy Center,NM,160.41748142549923
2027,1,p31,Northeastern New Mexico Regional Landfill,401565,Santolina Solar Energy Center,NM,234.8740045979637
2027,1,p31,Apache Junction Landfill,400596,Silver City WWTP PV Project,NM,323.9251169839977
2027,1,p31,Northeastern New Mexico Regional Landfill,406343,Sky Ranch Solar,NM,249.40956240243545
2027,1,p31,Northeastern New Mexico Regional Landfill,401563,South Valley Solar Energy Center,NM,212.5456189775728
2027,1,p31,Northeastern New Mexico Regional Landfill,401162,Springer Solar 1,NM,59.391330963885686
2027,1,p31,Northeastern New Mexico Regional Landfill,400735,Storrie Lake Solar Project,NM,90.81821135831078
2027,1,p31,Northeastern New Mexico Regional Landfill,400623,Sue Cleveland High School,NM,185.16328339290516
2027,1,p31,City of Clovis Landfill,400343,"SunE EPE1, LLC",NM,311.5844474542951
2027,1,p31,City of Clovis Landfill,400342,"SunE EPE2, LLC",NM,355.1773281366022
2027,1,p31,Northeastern New Mexico Regional Landfill,402854,Syncarpha Eagle Nest,NM,90.8563472607588
2027,1,p31,Northeastern New Mexico Regional Landfill,403412,Syncarpha El Rito,NM,146.29788277910527
2027,1,p31,Northeastern New Mexico Regional Landfill,403413,Syncarpha Questa,NM,118.283077266693
2027,1,p31,Northeastern New Mexico Regional Landfill,403411,Syncarpha Taos,NM,104.62466797811211
2027,1,p31,Northeastern New Mexico Regional Landfill,404618,Taos Mesa Energy Facility Hybrid,NM,104.99452390895128
2027,1,p31,Northeastern New Mexico Regional Landfill,403011,Vista Solar Energy Center,NM,237.21529104346214
2027,1,p31,City of Clovis Landfill,400354,WSMR I,NM,339.9426960254976
2027,1,p31,City of Clovis Landfill,405245,Wal-Mart Truth or Consequences PV,NM,319.90899853686165
2027,1,p47,City of Clovis Landfill,400979,"Caprock Solar 1, LLC",NM,125.65570100602163
2027,1,p47,City of Clovis Landfill,404980,Chaves County Solar II,NM,178.9198447891896
2027,1,p47,City of Clovis Landfill,401681,"Chaves Solar, LLC",NM,155.22255661428807
2027,1,p47,City of Clovis Landfill,400614,GSE NM1,NM,153.2105643148379
2027,1,p47,City of Clovis Landfill,404982,Hayhurst New Mexico Solar,NM,301.23465352885535
2027,1,p47,City of Clovis Landfill,402530,Middle Daisy,NM,186.8337325655182
2027,1,p47,City of Clovis Landfill,401682,"Roswell Solar, LLC",NM,186.02508070123315
2027,1,p47,City of Clovis Landfill,400546,SEV NM Phase 2,NM,193.7607521210162
2027,1,p47,City of Clovis Landfill,400260,SPS1 Dollarhide,NM,271.4854558194055
2027,1,p47,City of Clovis Landfill,400261,SPS2 Jal,NM,194.61109895340869
2027,1,p47,City of Clovis Landfill,400262,SPS3 Lea,NM,233.9890231464124
2027,1,p47,City of Clovis Landfill,400264,SPS5 Hopi,NM,282.96024996818284
2027,1,p47,City of Clovis Landfill,404698,SoCore Clovis 1,NM,24.439494283628946
2027,1,p48,City of Clovis Landfill,406439,"BESSP1, LLC",TX,1234.9905419047043
2027,1,p48,City of Clovis Landfill,405590,"Hecate Energy Frye Solar, LLC",TX,1150.0870165124913
2027,1,p57,Victoria Landfill,404918,"Hecate Energy Upshur Rural, LLC",TX,9856.110005270717
2027,1,p59,City of Clovis Landfill,402666,Fort Bliss (DEA EPIC),TX,13297.252765718411
2027,1,p59,City of Clovis Landfill,401616,Montana Solar Facility,TX,8934.158240656014
2027,1,p59,City of Clovis Landfill,401045,Newman Solar,TX,5713.825517755227
2027,1,p60,City of Clovis Landfill,403962,"ANSON Solar Center, LLC",TX,3497.8430392016185
2027,1,p60,City of Clovis Landfill,403883,Azure Sky Solar,TX,4043.111362229542
2027,1,p60,City of Clovis Landfill,403232,"ENGIE Long Draw Solar, LLC",TX,1504.0321170700627
2027,1,p60,City of Clovis Landfill,406252,Highpeak Solar 1,TX,1794.2641951811045
2027,1,p60,City of Clovis Landfill,402721,Holstein 1 Solar Farm,TX,4571.045629646237
2027,1,p60,City of Clovis Landfill,405492,Juno Solar Project,TX,1109.9516344745514
2027,1,p60,City of Clovis Landfill,402541,Lamesa II,TX,2169.7876189277335
2027,1,p60,City of Clovis Landfill,401660,Lamesa Solar,TX,2869.265007947797
2027,1,p60,City of Clovis Landfill,405932,Lumina II Solar Project,TX,1589.6266100885282
2027,1,p60,City of Clovis Landfill,405933,Lumina Solar Project,TX,2015.9724627582975
2027,1,p60,City of Clovis Landfill,402909,Misae Solar,TX,3287.2768378742308
2027,1,p60,City of Clovis Landfill,400968,"OCI Alamo 7, LLC",TX,2369.0382632299634
2027,1,p60,City of Clovis Landfill,405939,Texas Solar Nova 1,TX,2507.3756599062785
2027,1,p61,City of Clovis Landfill,400967,Alamo 6,TX,1026.3445031625672
2027,1,p61,City of Clovis Landfill,403557,Aragorn Solar Project,TX,759.7444547186344
2027,1,p61,City of Clovis Landfill,400691,Barilla Solar,TX,1114.8731779179986
2027,1,p61,City of Clovis Landfill,401946,Bluebell Solar,TX,1085.2446154653262
2027,1,p61,City of Clovis Landfill,403574,Bluebell Solar II,TX,687.7738558395063
2027,1,p61,City of Clovis Landfill,400554,"Bryan Solar, LLC",TX,1356.367085413216
2027,1,p61,City of Clovis Landfill,401463,Buckthorn Westex,TX,992.6917647795249
2027,1,p61,City of Clovis Landfill,401703,East Pecos Solar,TX,925.6264746649123
2027,1,p61,Victoria Landfill,405363,Galloway 1 Solar Farm,TX,941.5697701303263
2027,1,p61,Victoria Landfill,405494,Galloway 2 Solar Farm,TX,984.9574912925273
2027,1,p61,City of Clovis Landfill,403210,Greasewood,TX,994.8860129402507
2027,1,p61,City of Clovis Landfill,406370,Hayhurst Texas Solar,TX,921.4646170074291
2027,1,p61,City of Clovis Landfill,402304,Midway Solar-TX,TX,1126.4765495540437
2027,1,p61,Victoria Landfill,400695,"OCI Alamo 4, LLC",TX,578.3947672740553
2027,1,p61,City of Clovis Landfill,401868,Pearl Solar,TX,1041.8732035355038
2027,1,p61,City of Clovis Landfill,402290,RE Maplewood,TX,674.0167680710322
2027,1,p61,City of Clovis Landfill,401430,RE Roserock,TX,736.9662001680208
2027,1,p61,City of Clovis Landfill,402848,Rambler,TX,1688.9201221125943
2027,1,p61,City of Clovis Landfill,402083,Solaire Holman Solar Project,TX,1169.387788433687
2027,1,p61,City of Clovis Landfill,403023,"Taygete Energy Project, LLC",TX,1433.6000665938807
2027,1,p61,City of Clovis Landfill,404647,Taygete II Energy Project,TX,870.5528081207352
2027,1,p61,City of Clovis Landfill,403551,Titan Solar Project,TX,640.5837857850097
2027,1,p61,Victoria Landfill,406103,Zier Solar,TX,993.6503852457821
2027,1,p62,City of Clovis Landfill,403502,2W Permian Solar Project Hybrid,TX,3222.3048152359793
2027,1,p62,City of Clovis Landfill,403697,CED Crane Solar,TX,3096.176242813571
2027,1,p62,City of Clovis Landfill,401525,Castle Gap Solar Hybrid,TX,5274.145856444955
2027,1,p62,City of Clovis Landfill,404599,Emerald Grove,TX,5005.2119360418765
2027,1,p62,City of Clovis Landfill,403004,Lapetus,TX,4435.272457682515
2027,1,p62,City of Clovis Landfill,403280,Oberon IA,TX,3132.184006745159
2027,1,p62,City of Clovis Landfill,403279,Oberon IB,TX,3910.626888433698
2027,1,p62,City of Clovis Landfill,403602,Oxy Renewable Energy-Goldsmith,TX,4784.025681729408
2027,1,p62,City of Clovis Landfill,402679,Phoebe Solar,TX,5095.4113651766365
2027,1,p62,City of Clovis Landfill,403177,Prospero Solar,TX,3433.447123246588
2027,1,p62,City of Clovis Landfill,404128,Prospero Solar II,TX,1729.0520961591062
2027,1,p62,City of Clovis Landfill,403070,"Roadrunner, LLC",TX,4732.224276214058
2027,1,p62,City of Clovis Landfill,401805,Upton County Solar,TX,6461.901243407653
2027,1,p62,City of Clovis Landfill,402995,West of the Pecos Solar,TX,2854.7959619386043
2027,1,p63,Victoria Landfill,405599,"BPL Crown Solar, LLC",TX,524.3633365742185
2027,1,p63,Victoria Landfill,404966,BPL Files Solar,TX,662.7611829470699
2027,1,p63,Victoria Landfill,403825,Briar Creek Solar 1,TX,1107.377164755268
2027,1,p63,Victoria Landfill,402610,Chisum,TX,1346.8334494019027
2027,1,p63,Victoria Landfill,401697,CoServ Community Solar Station,TX,1423.0881358306426
2027,1,p63,Victoria Landfill,403188,Coniglio Solar,TX,1057.7086398661424
2027,1,p63,Victoria Landfill,406415,Dileo Solar,TX,645.9054539964292
2027,1,p63,Victoria Landfill,402655,Eddy II,TX,599.1517939891057
2027,1,p63,Victoria Landfill,406221,Eiffel Solar Project,TX,1716.0029842779775
2027,1,p63,Victoria Landfill,405540,"Ellis Solar, LLC",TX,962.107457214961
2027,1,p63,Victoria Landfill,403823,Elm Branch Solar 1,TX,853.8068647666948
2027,1,p63,Victoria Landfill,406206,Five Wells Solar Center - Hybrid,TX,637.6482681213995
2027,1,p63,Victoria Landfill,404567,G.S.E. One LLC,TX,1627.2507556385358
2027,1,p63,Victoria Landfill,403288,Griffin Solar,TX,756.681310095025
2027,1,p63,Victoria Landfill,406202,Grizzly Ridge Solar,TX,765.2635280718279
2027,1,p63,Victoria Landfill,402329,Highway 56 Solar,TX,1873.836724257097
2027,1,p63,Victoria Landfill,405319,IKEA Grand Prairie Rooftop PV System,TX,1067.7989556137964
2027,1,p63,Victoria Landfill,405689,"IP Radian, LLC",TX,962.7737363215144
2027,1,p63,Victoria Landfill,403481,Impact Solar 1,TX,1085.3721714699525
2027,1,p63,Victoria Landfill,403190,Kellam Solar,TX,1301.7160528999505
2027,1,p63,Victoria Landfill,402421,Leon Solar,TX,1927.4647546829326
2027,1,p63,Victoria Landfill,403874,Lily Solar Hybrid,TX,1702.798860607714
2027,1,p63,Victoria Landfill,402404,Marlin Solar,TX,513.4692040364644
2027,1,p63,Victoria Landfill,405794,Noble Solar,TX,1431.2576957023705
2027,1,p63,City of Clovis Landfill,402405,North Gainesville Solar,TX,1124.4435591127406
2027,1,p63,Victoria Landfill,401933,Phantom Solar,TX,659.1549961400523
2027,1,p63,Victoria Landfill,404872,"Pisgah Ridge Solar, LLC",TX,916.2302240521942
2027,1,p63,Victoria Landfill,406416,Pitts Dudik Solar,TX,932.6482059929693
2027,1,p63,Victoria Landfill,403189,Rippey Solar,TX,1375.711217129061
2027,1,p63,Victoria Landfill,404630,"Samson Solar Energy III, LLC",TX,1616.630388756873
2027,1,p63,Victoria Landfill,402652,Sterling Solar (TX),TX,1114.5588048142217
2027,1,p63,Victoria Landfill,404812,Sun Valley Solar Project,TX,864.8621236117283
2027,1,p63,Victoria Landfill,404388,"TPE Erath Solar, LLC",TX,1163.533165897904
2027,1,p63,Victoria Landfill,403457,"TPE Whitney Solar, LLC",TX,924.505854136047
2027,1,p63,Victoria Landfill,405361,Toyota HQ Plan,TX,981.7052104632279
2027,1,p63,Victoria Landfill,405907,Verizon Hidden Ridge Solar Project,TX,1505.031322615871
2027,1,p63,Victoria Landfill,405984,Waco Solar,TX,1281.4283634530595
2027,1,p63,Victoria Landfill,402306,Walnut Springs Solar,TX,862.8843109965136
2027,1,p63,Victoria Landfill,402497,West Moore Solar II,TX,1629.1621696890481
2027,1,p63,Victoria Landfill,402330,Whitesboro Solar,TX,1115.4945177159861
2027,1,p63,Victoria Landfill,402331,Whitesboro Solar II,TX,1227.695464213497
2027,1,p63,Victoria Landfill,402414,Whitewright Solar,TX,1767.6762252200376
2027,1,p63,Victoria Landfill,402654,Yellow Jacket,TX,1319.0972704301328
2027,1,p64,Victoria Landfill,405731,Austin TX GigaFactory,TX,304.3485146135365
2027,1,p64,Victoria Landfill,402203,Bandera Electric Coop PV,TX,323.30074059548826
2027,1,p64,Victoria Landfill,404721,"Blue Jay Solar I, LLC",TX,338.599430864452
2027,1,p64,Victoria Landfill,402648,Bovine,TX,175.47438468116155
2027,1,p64,Victoria Landfill,402389,"E-Volve Energy Holdings, LLC",TX,190.51038614048176
2027,1,p64,Victoria Landfill,400227,East Blackland Solar Project 1,TX,277.32464633005947
2027,1,p64,Victoria Landfill,405101,IKEA Round Rock 027,TX,293.62355676398613
2027,1,p64,Victoria Landfill,402653,Lampwick,TX,441.6669198674078
2027,1,p64,Victoria Landfill,405613,Niagara Bottling - Seguin,TX,239.9693306253449
2027,1,p64,Victoria Landfill,402544,PowerFin Kingsbery,TX,326.26334640720523
2027,1,p64,Victoria Landfill,400249,Webberville Solar Project,TX,309.03312128385267
2027,1,p65,Victoria Landfill,405700,Aktina Solar,TX,140.90269637494384
2027,1,p65,Victoria Landfill,404074,"Alexis Solar, LLC",TX,302.8947892258576
2027,1,p65,Victoria Landfill,405727,Bernard Creek Solar,TX,182.33362989810786
2027,1,p65,Victoria Landfill,400081,Blue Wing Solar Energy Generation,TX,228.4470408240491
2027,1,p65,Victoria Landfill,405477,Brightside,TX,141.51352184789204
2027,1,p65,Victoria Landfill,401728,CPS 1 Community Solar,TX,203.4327902216629
2027,1,p65,Victoria Landfill,402656,Cascade Solar (TX),TX,170.74514506872876
2027,1,p65,Victoria Landfill,403987,Catan Solar,TX,150.60674042567612
2027,1,p65,Victoria Landfill,403091,Commerce Solar,TX,244.98459604320854
2027,1,p65,Victoria Landfill,404247,"Corazon Energy, LLC",TX,290.08686856362823
2027,1,p65,Victoria Landfill,404062,Elara Solar,TX,246.9386735324708
2027,1,p65,Victoria Landfill,404359,FELPS 1-Calaveras,TX,176.88427007769607
2027,1,p65,Victoria Landfill,404361,FELPS 2-Calaveras,TX,182.97288835113864
2027,1,p65,Victoria Landfill,404362,FELPS 3-Floresville South,TX,173.33629099683642
2027,1,p65,Victoria Landfill,404363,FELPS 4-Floresville South,TX,171.483309417517
2027,1,p65,Victoria Landfill,404364,FELPS 5-Floresville South,TX,182.4979950135685
2027,1,p65,Victoria Landfill,404739,FELPS 6- Floresville West,TX,166.47687092343907
2027,1,p65,Victoria Landfill,404740,FELPS 7- Floresville West,TX,177.74042172823988
2027,1,p65,Victoria Landfill,406516,Ganado Solar,TX,115.8955751982771
2027,1,p65,Victoria Landfill,405801,Horizon Solar,TX,293.9879981675853
2027,1,p65,Victoria Landfill,405380,IKEA Live Oak Rooftop PV System,TX,194.97082102200045
2027,1,p65,Victoria Landfill,403343,Mars Solar,TX,296.20608309764873
2027,1,p65,Victoria Landfill,404877,Nebula Solar,TX,293.52332755550106
2027,1,p65,Victoria Landfill,400694,"OCI Alamo 2, LLC",TX,268.94912534740286
2027,1,p65,Victoria Landfill,400965,"OCI Alamo 3, LLC",TX,227.2811931272436
2027,1,p65,Victoria Landfill,400966,"OCI Alamo 5, LLC",TX,346.5659780531787
2027,1,p65,Victoria Landfill,400593,OCI Alamo Solar I Hybrid,TX,289.8960614091554
2027,1,p65,Victoria Landfill,405809,Shakes Solar,TX,350.0935891529135
2027,1,p65,Victoria Landfill,405545,Sparta Solar,TX,142.7042279559141
2027,1,p65,Victoria Landfill,400379,"SunE CPS1, LLC",TX,239.49683885967266
2027,1,p65,Victoria Landfill,400364,"SunE CPS2, LLC",TX,205.31233751982413
2027,1,p65,Victoria Landfill,400353,"SunE CPS3, LLC",TX,207.7755279100033
2027,1,p65,Victoria Landfill,406032,Tres Bahias,TX,98.29028829734547
2027,1,p65,Victoria Landfill,404878,Vancourt Solar Interconnections,TX,381.97573880708234
2027,1,p66,Victoria Landfill,406386,Umbriel Solar,TX,6331.250105780318
2027,1,p67,Victoria Landfill,404939,Brazoria County Solar Project (Danciger),TX,897.4637581384752
2027,1,p67,Victoria Landfill,404681,Brazoria West,TX,714.8065304241463
2027,1,p67,Victoria Landfill,402649,Bronson,TX,932.1444005126265
2027,1,p67,Victoria Landfill,406178,"Cutlass Solar 1, LLC",TX,600.9316713786119
2027,1,p67,Victoria Landfill,404587,Fighting Jays Solar Project,TX,763.6450709766495
2027,1,p67,Victoria Landfill,405564,"Fort Bend Solar, LLC",TX,732.55243789962
2027,1,p67,Victoria Landfill,404853,"Longbow Solar, LLC",TX,1128.1691800293574
2027,1,p67,Victoria Landfill,403514,Wagyu,TX,1324.061952345581
2027,2,p12,Apex Regional Landfill,402144,Battle Mountain Solar Project,NV,733.0497789622725
2027,2,p12,Apex Regional Landfill,405025,Brady,NV,699.0908333701433
2027,2,p12,Apex Regional Landfill,405553,Dodge Flat,NV,522.6368698985272
2027,2,p12,Apex Regional Landfill,402609,"EGP Stillwater Solar PV II, LLC",NV,579.2178407458638
2027,2,p12,Apex Regional Landfill,404659,Fish Springs,NV,648.0973545714548
2027,2,p12,Apex Regional Landfill,401086,Ft. Churchill PV,NV,672.2151290852177
2027,2,p12,Apex Regional Landfill,405028,Galena 2 Geothermal Power Plant,NV,602.7715691833956
2027,2,p12,Apex Regional Landfill,402130,Luning Energy,NV,438.4035645222288
2027,2,p12,Apex Regional Landfill,403107,NVSS-II,NV,116.35988859005445
2027,2,p12,Apex Regional Landfill,400468,"Patua Acquisition Project, LLC",NV,570.7740384513293
2027,2,p12,Apex Regional Landfill,405021,Steamboat Hills LP,NV,675.3804616377882
2027,2,p12,Apex Regional Landfill,405023,Steamboat II,NV,832.7913550772471
2027,2,p12,Apex Regional Landfill,405024,Steamboat III,NV,553.23433555707
2027,2,p12,Apex Regional Landfill,400029,Stillwater Facility,NV,562.9194356209812
2027,2,p12,Apex Regional Landfill,401318,Sunshine Valley Solar,NV,161.97048118528494
2027,2,p12,Apex Regional Landfill,405026,TS Power Plant,NV,758.8400558053058
2027,2,p12,Apex Regional Landfill,405576,Tesla Reno GigaFactory,NV,733.8963400436892
2027,2,p12,Apex Regional Landfill,401943,Tungsten Mountain,NV,481.41581306685833
2027,2,p12,Apex Regional Landfill,403308,Turquoise Liberty Solar,NV,494.9319620238167
2027,2,p12,Apex Regional Landfill,403884,"Turquoise Nevada, LLC",NV,544.0070171174374
2027,2,p12,Apex Regional Landfill,400035,Western 102 Power Plant,NV,597.5335299635864
2027,2,p13,Apex Regional Landfill,400555,Apex Solar PV Power Project,NV,72.07477688406159
2027,2,p13,Apex Regional Landfill,405385,Arrow Canyon Solar Hybrid,NV,86.24657035676216
2027,2,p13,Apex Regional Landfill,402017,"Boulder Solar II, LLC",NV,78.44450043612274
2027,2,p13,Apex Regional Landfill,401649,"Boulder Solar Power, LLC",NV,77.6294738529909
2027,2,p13,Apex Regional Landfill,400059,CM10,NV,80.57801694148209
2027,2,p13,Apex Regional Landfill,400086,CM48,NV,81.16520125641281
2027,2,p13,Apex Regional Landfill,400363,Copper Mountain Solar 2,NV,81.69127625894673
2027,2,p13,Apex Regional Landfill,400802,Copper Mountain Solar 3,NV,73.0919749729781
2027,2,p13,Apex Regional Landfill,401308,"Copper Mountain Solar 4, LLC",NV,80.80052918825206
2027,2,p13,Apex Regional Landfill,403688,"Copper Mountain Solar 5, LLC",NV,83.17651710206988
2027,2,p13,Apex Regional Landfill,405358,Dignity - San Martin,NV,62.524586010223665
2027,2,p13,Apex Regional Landfill,405355,Dignity - Siena Campus,NV,61.98648548965714
2027,2,p13,Apex Regional Landfill,405556,Dry Lake Solar Energy Center,NV,77.11855392101855
2027,2,p13,Apex Regional Landfill,405495,Gemini Solar,NV,83.94083720765346
2027,2,p13,Apex Regional Landfill,403386,"Harry Allen Solar Energy, LLC",NV,76.18318005367789
2027,2,p13,Apex Regional Landfill,406090,IGS LAS1,NV,65.08100607648157
2027,2,p13,Apex Regional Landfill,406089,IGS VGT,NV,60.62368844226376
2027,2,p13,Apex Regional Landfill,405309,IKEA Las Vegas 462,NV,63.175643025216246
2027,2,p13,Apex Regional Landfill,400545,Las Vegas WPCF Solar Plant,NV,54.788957591927456
2027,2,p13,Apex Regional Landfill,400313,Moapa Southern Paiute,NV,88.44358669090677
2027,2,p13,Apex Regional Landfill,400600,Mountain View Solar,NV,71.30344797582478
2027,2,p13,Apex Regional Landfill,400036,Nellis Air Force Base Solar Array,NV,59.39411268625259
2027,2,p13,Apex Regional Landfill,401381,Nellis Solar PV II,NV,55.85908980826441
2027,2,p13,Apex Regional Landfill,401319,"Playa Solar 1, LLC",NV,74.07988175489902
2027,2,p13,Apex Regional Landfill,401596,Playa Solar 2,NV,74.77613562494912
2027,2,p13,Apex Regional Landfill,401274,River Mountains Solar,NV,65.84604495421834
2027,2,p13,Mohave Valley Landfill,401042,Searchlight Solar,NV,88.87307741073641
2027,2,p13,Apex Regional Landfill,400166,Silver State Solar Power North,NV,97.67411110285855
2027,2,p13,Apex Regional Landfill,400658,Silver State Solar Power South,NV,96.58446127623763
2027,2,p13,Apex Regional Landfill,405246,"Solar Las Vegas MB 2, LLC",NV,56.368046929118925
2027,2,p13,Apex Regional Landfill,405188,Solar Las Vegas MB-1,NV,56.83260848383274
2027,2,p13,Apex Regional Landfill,400556,Spectrum Solar PV Power Project,NV,67.0457728364635
2027,2,p13,Apex Regional Landfill,402485,"Techren Solar I, LLC",NV,76.04616009227445
2027,2,p13,Apex Regional Landfill,402690,"Techren Solar II, LLC",NV,76.0165302575949
2027,2,p13,Apex Regional Landfill,402691,"Techren Solar III, LLC",NV,75.86527261661614
2027,2,p13,Apex Regional Landfill,402692,"Techren Solar IV, LLC",NV,74.12434744363168
2027,2,p13,Apex Regional Landfill,403001,Techren Solar V,NV,74.31328715080004
2027,2,p13,Apex Regional Landfill,401851,Townsite Solar Project Hybrid,NV,72.0963330853539
2027,2,p13,Apex Regional Landfill,406448,Yellow Pine II,NV,97.69096788478643
2027,2,p13,Apex Regional Landfill,404971,Yellow Pine Solar,NV,95.66838160235031
2027,2,p27,Mohave Valley Landfill,400374,"Black Mountain Solar, LLC",AZ,78.10739097485488
2027,2,p27,Mohave Valley Landfill,402236,Gray Hawk Solar,AZ,96.43801003551917
2027,2,p27,Mohave Valley Landfill,401819,Jacobson 5 MW Solar,AZ,109.3595971771311
2027,2,p27,Mohave Valley Landfill,400199,La Senita,AZ,102.04041350030062
2027,2,p27,Mohave Valley Landfill,403718,Mohave Electric Cooperative at Joy Lane,AZ,46.09392028334
2027,2,p27,Mohave Valley Landfill,401311,Mohave Electric at Fort Mohave,AZ,46.02346437382747
2027,2,p27,Mohave Valley Landfill,406478,Mohave Energy - Hybrid,AZ,45.73413742357764
2027,2,p28,Apache Junction Landfill,405418,AZ State University - Tempe Campus Solar,AZ,74.28976113701634
2027,2,p28,South Yuma County Landfill,400148,Agua Caliente Solar Project,AZ,120.44669829743907
2027,2,p28,Apache Junction Landfill,402067,Apache Solar 1,AZ,200.7241214387237
2027,2,p28,South Yuma County Landfill,400274,Arizona Western College PV,AZ,48.98533176976138
2027,2,p28,Apache Junction Landfill,400240,Arlington Valley Solar Energy II,AZ,134.9581803536715
2027,2,p28,Apache Junction Landfill,400437,Badger 1,AZ,135.3939095548844
2027,2,p28,Apache Junction Landfill,401688,Bonnybrooke PV,AZ,75.50874062164124
2027,2,p28,Apache Junction Landfill,400371,Buckeye Union HS District 201,AZ,117.93450820222743
2027,2,p28,Apache Junction Landfill,405635,"Central Line Solar, LLC",AZ,88.93511238605436
2027,2,p28,Apache Junction Landfill,400201,Chino Solar Valley,AZ,174.46521339791906
2027,2,p28,Apache Junction Landfill,400202,Cotton Center Solar Hybrid,AZ,130.16570366778595
2027,2,p28,Apache Junction Landfill,401069,Desert Star Hybrid,AZ,125.88796631773866
2027,2,p28,Apache Junction Landfill,403257,East Line Solar,AZ,88.97762667057367
2027,2,p28,Apache Junction Landfill,406171,Eleven Mile Solar Center,AZ,86.91101393180854
2027,2,p28,Apache Junction Landfill,405244,Estrella Mountain PV,AZ,102.77621125950162
2027,2,p28,South Yuma County Landfill,400349,Foothills Solar Plant Hybrid,AZ,50.47952277183558
2027,2,p28,Apache Junction Landfill,400825,Fort Huachuca Solar PV Project,AZ,216.88273901650174
2027,2,p28,Apache Junction Landfill,400845,Gila Bend Hybrid,AZ,136.95761001063462
2027,2,p28,Apache Junction Landfill,400599,"Gilbert Solar Facility I, LLC",AZ,64.78198905951356
2027,2,p28,South Yuma County Landfill,400507,Hyder II Hybrid,AZ,129.7476496260306
2027,2,p28,South Yuma County Landfill,400204,Hyder Solar Hybrid,AZ,130.48226485515602
2027,2,p28,Apache Junction Landfill,405282,Intel - Ocotillo Campus Solar,AZ,72.58888282787211
2027,2,p28,Apache Junction Landfill,405125,Jewish Community Center PV,AZ,79.98354748976374
2027,2,p28,Apache Junction Landfill,402234,Kayenta Solar Project,AZ,344.7414332767297
2027,2,p28,Apache Junction Landfill,400595,Lake Pleasant WTP,AZ,108.02222724801473
2027,2,p28,Apache Junction Landfill,400128,Luke Solar,AZ,106.56528224415243
2027,2,p28,Apache Junction Landfill,405068,Macys Goodyear,AZ,105.92965966819072
2027,2,p28,South Yuma County Landfill,406279,McFarland A Solar and Storage,AZ,121.68242551243353
2027,2,p28,Apache Junction Landfill,405617,Mesa Carport PV,AZ,51.35642646408164
2027,2,p28,Apache Junction Landfill,404512,Mesa Solar Array,AZ,51.44937151744826
2027,2,p28,Apache Junction Landfill,400250,Mesquite Solar 1,AZ,141.35676027129801
2027,2,p28,Apache Junction Landfill,401621,"Mesquite Solar 2, LLC",AZ,145.11141796515463
2027,2,p28,Apache Junction Landfill,401622,"Mesquite Solar 3, LLC",AZ,143.60779446703964
2027,2,p28,Apache Junction Landfill,406038,"Mesquite Solar 4, LLC",AZ,142.54378113344697
2027,2,p28,Apache Junction Landfill,404922,"Mesquite Solar 5, LLC",AZ,142.36632945994188
2027,2,p28,South Yuma County Landfill,403572,OE_AZ1,AZ,153.2782539098226
2027,2,p28,Apache Junction Landfill,400203,Paloma Solar Hybrid,AZ,129.79753834054694
2027,2,p28,Apache Junction Landfill,405126,Paradise Valley H.S. PV,AZ,86.34267790036148
2027,2,p28,Apache Junction Landfill,405150,Phoenix Airport East Economy Lot,AZ,77.57481731395
2027,2,p28,Apache Junction Landfill,405151,Phoenix Airport Rental Car Center,AZ,81.86760190718626
2027,2,p28,Apache Junction Landfill,402528,Pinal Central Energy Center Hybrid,AZ,86.70449454206688
2027,2,p28,Apache Junction Landfill,400125,"Poseidon Solar, LLC",AZ,63.65735471602633
2027,2,p28,Apache Junction Landfill,400031,Prescott Airport,AZ,169.63352093745175
2027,2,p28,Apache Junction Landfill,400401,Prescott Solar Plant,AZ,169.25026620609907
2027,2,p28,Apache Junction Landfill,400323,Queen Creek Solar Farm,AZ,56.135641603999545
2027,2,p28,Mohave Valley Landfill,400289,"RE Bagdad Solar I, LLC",AZ,137.28085615446193
2027,2,p28,Apache Junction Landfill,405132,"RE Gillespie 1, LLC",AZ,127.90374258997092
2027,2,p28,Apache Junction Landfill,400758,Red Horse 2,AZ,182.6999044370066
2027,2,p28,Apache Junction Landfill,401609,Red Horse III,AZ,175.6578048614376
2027,2,p28,Apache Junction Landfill,401726,Red Rock,AZ,115.3433979248956
2027,2,p28,Apache Junction Landfill,406380,SR McNeal,AZ,240.170806581537
2027,2,p28,South Yuma County Landfill,400416,Saddle Mountain Solar I,AZ,155.52223610471674
2027,2,p28,Apache Junction Landfill,403674,Saint Solar,AZ,88.19325798397556
2027,2,p28,Apache Junction Landfill,401214,Sandstone Solar,AZ,73.30979242009589
2027,2,p28,Apache Junction Landfill,405029,Solana Generating Station,AZ,149.9674267470904
2027,2,p28,Apache Junction Landfill,406275,Sonoran Solar Energy,AZ,117.01289204804408
2027,2,p28,Apache Junction Landfill,406034,Storey Solar and Storage,AZ,85.07413109831428
2027,2,p28,Apache Junction Landfill,401664,Sulphur Springs,AZ,198.68222288989952
2027,2,p28,Apache Junction Landfill,403643,Sun Streams 2,AZ,134.44705310926022
2027,2,p28,Apache Junction Landfill,406517,Sun Streams 3,AZ,133.37355811333472
2027,2,p28,Apache Junction Landfill,401975,"Sun Streams, LLC",AZ,137.1280238020893
2027,2,p28,Apache Junction Landfill,405311,T0588 Phoenix - AZ,AZ,94.33642939975459
2027,2,p28,Apache Junction Landfill,405134,Union HS at Casa Grande,AZ,84.16439518270823
2027,2,p28,Apache Junction Landfill,405135,Vista Grande HS at Casa Grande,AZ,87.72639179840799
2027,2,p28,Apache Junction Landfill,400334,Walmart Casa Grande,AZ,91.39970904772098
2027,2,p28,Apache Junction Landfill,406098,"West Line Solar, LLC",AZ,90.31899715922553
2027,2,p29,Apache Junction Landfill,400014,Springerville,AZ,1183.4234673731387
2027,2,p30,Apache Junction Landfill,405143,Actus Lend Lease DMAFB,AZ,184.15209665662067
2027,2,p30,Apache Junction Landfill,405611,Amazon TUS2,AZ,168.03131005666972
2027,2,p30,Apache Junction Landfill,405268,Amphitheater High School Solar,AZ,168.41057477278713
2027,2,p30,Apache Junction Landfill,400939,Avalon Solar,AZ,183.88137962648258
2027,2,p30,Apache Junction Landfill,401479,Avalon Solar II,AZ,170.92194593354117
2027,2,p30,Apache Junction Landfill,400226,Avra Valley Solar,AZ,162.52458326397894
2027,2,p30,Apache Junction Landfill,404704,Broadway 2 - Tucson Phase II,AZ,145.48905589432636
2027,2,p30,Apache Junction Landfill,405768,Broadway 3 - Tucson Phase I,AZ,145.04518740915924
2027,2,p30,Apache Junction Landfill,405269,Canyon Del Oro High School Solar,AZ,162.39514700243916
2027,2,p30,Apache Junction Landfill,400757,Cogenra-TEP,AZ,211.79539723179985
2027,2,p30,Apache Junction Landfill,401295,Davis Monthan AFB (AZ) West Airfield,AZ,180.56731815140282
2027,2,p30,Apache Junction Landfill,400330,FRB Solar Farm,AZ,192.28210184112814
2027,2,p30,Apache Junction Landfill,400761,"Gato Montes Solar, LLC",AZ,180.74463433094752
2027,2,p30,Apache Junction Landfill,404536,Iron Horse Battery Storage Hybrid,AZ,188.828640378564
2027,2,p30,Apache Junction Landfill,400552,"Picture Rocks Solar, LLC",AZ,135.32176710859227
2027,2,p30,Apache Junction Landfill,405374,Pima Community College,AZ,181.40696998612526
2027,2,p30,Apache Junction Landfill,405303,Pima Community College - East Campus,AZ,164.8936392221812
2027,2,p30,Apache Junction Landfill,405516,Pima Community College NW,AZ,149.27584481545068
2027,2,p30,Apache Junction Landfill,400408,Prairie Fire,AZ,188.09113522110934
2027,2,p30,Apache Junction Landfill,400290,"RE Ajo 1, LLC",AZ,4165.617058484729
2027,2,p30,South Yuma County Landfill,400290,"RE Ajo 1, LLC",AZ,158.8007910964716
2027,2,p30,Apache Junction Landfill,404926,Raptor Ridge,AZ,202.66190031354074
2027,2,p30,Apache Junction Landfill,400857,Rio Rico Solar,AZ,231.9042971997221
2027,2,p30,Apache Junction Landfill,400193,Roger Road WWTP,AZ,144.4460700475704
2027,2,p30,Apache Junction Landfill,401076,Tech Park Solar,AZ,171.62178298305648
2027,2,p30,Apache Junction Landfill,400156,UASTP I,AZ,182.20428211956042
2027,2,p30,Apache Junction Landfill,401075,Valencia Solar,AZ,188.197669405986
2027,2,p30,Apache Junction Landfill,404187,"Wilmot Energy Center, LLC",AZ,200.5802374895542
2027,2,p31,City of Clovis Landfill,400211,Alamogordo Solar Energy Center,NM,260.46850951305964
2027,2,p31,Northeastern New Mexico Regional Landfill,400206,Albuquerque Solar Energy Center,NM,189.84546648618482
2027,2,p31,Northeastern New Mexico Regional Landfill,403675,Alcalde Solar Array,NM,133.06689105900315
2027,2,p31,Apache Junction Landfill,401595,Alta Luna,NM,367.8767873819067
2027,2,p31,Northeastern New Mexico Regional Landfill,404724,Angel Fire Energy Facility,NM,82.22357273536883
2027,2,p31,Northeastern New Mexico Regional Landfill,405469,Arroyo Solar Energy Storage Hybrid,NM,242.20369095602126
2027,2,p31,Northeastern New Mexico Regional Landfill,403321,Bluewater CDEC 1,NM,314.2092132457389
2027,2,p31,Northeastern New Mexico Regional Landfill,403736,Britton Solar Energy Center,NM,169.28569185823898
2027,2,p31,City of Clovis Landfill,404981,Buena Vista Energy Center,NM,301.21903723753127
2027,2,p31,Northeastern New Mexico Regional Landfill,402876,CNMEC Solar Energy Center,NM,205.82200121671025
2027,2,p31,City of Clovis Landfill,402519,Carrizozo Solar,NM,219.14562774848437
2027,2,p31,Northeastern New Mexico Regional Landfill,401202,Cibola,NM,228.10651204752546
2027,2,p31,Northeastern New Mexico Regional Landfill,400104,Cimarron Solar Facility,NM,65.42816663454022
2027,2,p31,Apache Junction Landfill,402988,City of Gallup Solar,NM,301.6818121709917
2027,2,p31,Northeastern New Mexico Regional Landfill,403604,City of Rio Rancho WWTP,NM,197.14013079386058
2027,2,p31,City of Clovis Landfill,401225,City of Truth or Consequences PV,NM,330.2576911022226
2027,2,p31,Apache Junction Landfill,402177,Columbus Solar Project,NM,355.0190855886271
2027,2,p31,Northeastern New Mexico Regional Landfill,404748,"Cuba 2.5ac, LLC",NM,187.43341343809215
2027,2,p31,Apache Junction Landfill,400209,Deming Solar Energy Center,NM,347.7960151726472
2027,2,p31,Northeastern New Mexico Regional Landfill,403868,Encino Solar Energy Center,NM,216.5896300897321
2027,2,p31,Northeastern New Mexico Regional Landfill,401038,Eubank Landfill Solar Array,NM,192.5569182887113
2027,2,p31,Northeastern New Mexico Regional Landfill,402441,Facebook 1 Solar Energy Center,NM,231.88724674100564
2027,2,p31,Northeastern New Mexico Regional Landfill,402442,Facebook 2 Solar Energy Center,NM,204.69125625440043
2027,2,p31,Northeastern New Mexico Regional Landfill,402443,Facebook 3 Solar Energy Center,NM,205.77078679477995
2027,2,p31,Northeastern New Mexico Regional Landfill,403322,Grants CDEC 2,NM,263.0992529003128
2027,2,p31,City of Clovis Landfill,400216,"Hatch Solar Energy Center I, LLC",NM,360.61966462290553
2027,2,p31,City of Clovis Landfill,401617,Holloman Solar Facility,NM,262.21048993027716
2027,2,p31,Northeastern New Mexico Regional Landfill,406109,"Jicarilla Solar 1, LLC",NM,233.6552418721392
2027,2,p31,Northeastern New Mexico Regional Landfill,400427,Kit Carson,NM,126.944414055598
2027,2,p31,Northeastern New Mexico Regional Landfill,400210,Las Vegas Solar Energy Center,NM,85.24347621276343
2027,2,p31,Northeastern New Mexico Regional Landfill,400434,Los Alamos PV Site,NM,143.25568476899315
2027,2,p31,Northeastern New Mexico Regional Landfill,400207,Los Lunas Solar Energy Center,NM,212.48120909875334
2027,2,p31,Apache Junction Landfill,400838,Macho Springs,NM,359.48164780806167
2027,2,p31,Northeastern New Mexico Regional Landfill,400582,Manzano Solar,NM,224.22364396239618
2027,2,p31,Northeastern New Mexico Regional Landfill,401201,Meadow Lake Solar Energy Center,NM,194.7975397126249
2027,2,p31,Northeastern New Mexico Regional Landfill,406177,"NMRD Data Center III, LLC",NM,212.14916090032492
2027,2,p31,City of Clovis Landfill,405693,NMSU Solar and Storage,NM,312.32266426217967
2027,2,p31,Northeastern New Mexico Regional Landfill,406375,OE_ESCL,NM,303.81573610456263
2027,2,p31,City of Clovis Landfill,400581,Otero Solar,NM,239.05230759377764
2027,2,p31,Northeastern New Mexico Regional Landfill,400146,Questa Solar Facility,NM,120.05289944018885
2027,2,p31,Northeastern New Mexico Regional Landfill,403178,"RC Energy AA, LLC Solar Facility",NM,182.3339659449066
2027,2,p31,Northeastern New Mexico Regional Landfill,401566,Rio Communities Solar Energy Center,NM,222.64903605974808
2027,2,p31,Northeastern New Mexico Regional Landfill,403084,Rio De Oro Solar Energy Center,NM,213.01613653167826
2027,2,p31,Northeastern New Mexico Regional Landfill,400624,Rio Rancho High School,NM,191.20657991232196
2027,2,p31,City of Clovis Landfill,400135,Roadrunner Solar,NM,362.9166482155345
2027,2,p31,Northeastern New Mexico Regional Landfill,404648,"Route 66 Energy Center, LLC",NM,266.0582802342185
2027,2,p31,Northeastern New Mexico Regional Landfill,403387,San Miguel I Solar Energy Center,NM,92.68663358211319
2027,2,p31,Northeastern New Mexico Regional Landfill,405458,San Miguel II Solar Energy Center,NM,86.31142426946245
2027,2,p31,Northeastern New Mexico Regional Landfill,401161,Sandoval Solar Energy Center,NM,213.14511495619237
2027,2,p31,Northeastern New Mexico Regional Landfill,401564,Santa Fe Solar Energy Center,NM,137.76625502218155
2027,2,p31,Northeastern New Mexico Regional Landfill,401565,Santolina Solar Energy Center,NM,215.96236725060479
2027,2,p31,Apache Junction Landfill,400596,Silver City WWTP PV Project,NM,289.0319855995221
2027,2,p31,Northeastern New Mexico Regional Landfill,406343,Sky Ranch Solar,NM,228.50688845885682
2027,2,p31,Northeastern New Mexico Regional Landfill,401563,South Valley Solar Energy Center,NM,211.3667597529505
2027,2,p31,Northeastern New Mexico Regional Landfill,401162,Springer Solar 1,NM,61.470884277385856
2027,2,p31,Northeastern New Mexico Regional Landfill,400735,Storrie Lake Solar Project,NM,85.33613692281331
2027,2,p31,Northeastern New Mexico Regional Landfill,400623,Sue Cleveland High School,NM,197.3475963269167
2027,2,p31,City of Clovis Landfill,400343,"SunE EPE1, LLC",NM,332.23480319341536
2027,2,p31,City of Clovis Landfill,400342,"SunE EPE2, LLC",NM,380.5443689877039
2027,2,p31,Northeastern New Mexico Regional Landfill,402854,Syncarpha Eagle Nest,NM,92.41745560364686
2027,2,p31,Northeastern New Mexico Regional Landfill,403412,Syncarpha El Rito,NM,137.2644073051315
2027,2,p31,Northeastern New Mexico Regional Landfill,403413,Syncarpha Questa,NM,126.86548405323059
2027,2,p31,Northeastern New Mexico Regional Landfill,403411,Syncarpha Taos,NM,110.36990270033661
2027,2,p31,Northeastern New Mexico Regional Landfill,404618,Taos Mesa Energy Facility Hybrid,NM,112.06577406084973
2027,2,p31,Northeastern New Mexico Regional Landfill,403011,Vista Solar Energy Center,NM,218.10463875979093
2027,2,p31,City of Clovis Landfill,400354,WSMR I,NM,308.34638844472727
2027,2,p31,City of Clovis Landfill,405245,Wal-Mart Truth or Consequences PV,NM,340.8897144892722
2027,2,p47,City of Clovis Landfill,400979,"Caprock Solar 1, LLC",NM,107.55108552312923
2027,2,p47,City of Clovis Landfill,404980,Chaves County Solar II,NM,157.84829819732715
2027,2,p47,City of Clovis Landfill,401681,"Chaves Solar, LLC",NM,139.53617642756132
2027,2,p47,City of Clovis Landfill,400614,GSE NM1,NM,184.78856937898072
2027,2,p47,City of Clovis Landfill,404982,Hayhurst New Mexico Solar,NM,263.7810962255094
2027,2,p47,City of Clovis Landfill,402530,Middle Daisy,NM,137.4493253069888
2027,2,p47,City of Clovis Landfill,401682,"Roswell Solar, LLC",NM,133.7573788368829
2027,2,p47,City of Clovis Landfill,400546,SEV NM Phase 2,NM,177.62887599645438
2027,2,p47,City of Clovis Landfill,400260,SPS1 Dollarhide,NM,241.56625463365202
2027,2,p47,City of Clovis Landfill,400261,SPS2 Jal,NM,225.09050062755446
2027,2,p47,City of Clovis Landfill,400262,SPS3 Lea,NM,157.992423783651
2027,2,p47,City of Clovis Landfill,400264,SPS5 Hopi,NM,257.7858629240873
2027,2,p47,City of Clovis Landfill,404698,SoCore Clovis 1,NM,23.642172112737054
2027,2,p48,City of Clovis Landfill,406439,"BESSP1, LLC",TX,835.963121541037
2027,2,p48,City of Clovis Landfill,405590,"Hecate Energy Frye Solar, LLC",TX,814.1009160677171
2027,2,p57,Victoria Landfill,404918,"Hecate Energy Upshur Rural, LLC",TX,7461.89729194038
2027,2,p59,City of Clovis Landfill,402666,Fort Bliss (DEA EPIC),TX,9432.739265859333
2027,2,p59,City of Clovis Landfill,401616,Montana Solar Facility,TX,8723.696313625282
2027,2,p59,City of Clovis Landfill,401045,Newman Solar,TX,4847.5500393210505
2027,2,p60,City of Clovis Landfill,403962,"ANSON Solar Center, LLC",TX,2455.9154268500993
2027,2,p60,City of Clovis Landfill,403883,Azure Sky Solar,TX,2641.5942395742004
2027,2,p60,City of Clovis Landfill,403232,"ENGIE Long Draw Solar, LLC",TX,1123.5275120786298
2027,2,p60,City of Clovis Landfill,406252,Highpeak Solar 1,TX,1109.449316650187
2027,2,p60,City of Clovis Landfill,402721,Holstein 1 Solar Farm,TX,2184.3851806709918
2027,2,p60,City of Clovis Landfill,405492,Juno Solar Project,TX,887.3737927182578
2027,2,p60,City of Clovis Landfill,402541,Lamesa II,TX,1430.4775006625523
2027,2,p60,City of Clovis Landfill,401660,Lamesa Solar,TX,1693.9366490976508
2027,2,p60,City of Clovis Landfill,405932,Lumina II Solar Project,TX,1222.9191933644724
2027,2,p60,City of Clovis Landfill,405933,Lumina Solar Project,TX,1432.679911772311
2027,2,p60,City of Clovis Landfill,402909,Misae Solar,TX,2020.7698535954391
2027,2,p60,City of Clovis Landfill,400968,"OCI Alamo 7, LLC",TX,1430.4341397734313
2027,2,p60,City of Clovis Landfill,405939,Texas Solar Nova 1,TX,966.5123575895574
2027,2,p61,City of Clovis Landfill,400967,Alamo 6,TX,740.5316651439548
2027,2,p61,City of Clovis Landfill,403557,Aragorn Solar Project,TX,550.8422744666124
2027,2,p61,City of Clovis Landfill,400691,Barilla Solar,TX,584.0583977813584
2027,2,p61,City of Clovis Landfill,401946,Bluebell Solar,TX,726.1843399285715
2027,2,p61,City of Clovis Landfill,403574,Bluebell Solar II,TX,525.2549359472517
2027,2,p61,City of Clovis Landfill,400554,"Bryan Solar, LLC",TX,964.3498386798536
2027,2,p61,City of Clovis Landfill,401463,Buckthorn Westex,TX,713.7584336404934
2027,2,p61,City of Clovis Landfill,401703,East Pecos Solar,TX,686.605273025967
2027,2,p61,Victoria Landfill,405363,Galloway 1 Solar Farm,TX,585.4391669683608
2027,2,p61,Victoria Landfill,405494,Galloway 2 Solar Farm,TX,734.8541126890483
2027,2,p61,City of Clovis Landfill,403210,Greasewood,TX,719.9364825722263
2027,2,p61,City of Clovis Landfill,406370,Hayhurst Texas Solar,TX,480.6056521816375
2027,2,p61,City of Clovis Landfill,402304,Midway Solar-TX,TX,765.8621265715896
2027,2,p61,Victoria Landfill,400695,"OCI Alamo 4, LLC",TX,368.9063232321828
2027,2,p61,City of Clovis Landfill,401868,Pearl Solar,TX,724.6034791267482
2027,2,p61,City of Clovis Landfill,402290,RE Maplewood,TX,540.0824467792936
2027,2,p61,City of Clovis Landfill,401430,RE Roserock,TX,467.1654676841329
2027,2,p61,City of Clovis Landfill,402848,Rambler,TX,1037.914398787966
2027,2,p61,City of Clovis Landfill,402083,Solaire Holman Solar Project,TX,815.8251723483404
2027,2,p61,City of Clovis Landfill,403023,"Taygete Energy Project, LLC",TX,981.8056763268237
2027,2,p61,City of Clovis Landfill,404647,Taygete II Energy Project,TX,468.48686005039036
2027,2,p61,City of Clovis Landfill,403551,Titan Solar Project,TX,488.21447744838923
2027,2,p61,Victoria Landfill,406103,Zier Solar,TX,709.0012184889624
2027,2,p62,City of Clovis Landfill,403502,2W Permian Solar Project Hybrid,TX,1613.127030143694
2027,2,p62,City of Clovis Landfill,403697,CED Crane Solar,TX,2188.9669051617593
2027,2,p62,City of Clovis Landfill,401525,Castle Gap Solar Hybrid,TX,3087.66940575556
2027,2,p62,City of Clovis Landfill,404599,Emerald Grove,TX,3046.688951039452
2027,2,p62,City of Clovis Landfill,403004,Lapetus,TX,2369.218987535655
2027,2,p62,City of Clovis Landfill,403280,Oberon IA,TX,2092.971099380147
2027,2,p62,City of Clovis Landfill,403279,Oberon IB,TX,2416.880215985474
2027,2,p62,City of Clovis Landfill,403602,Oxy Renewable Energy-Goldsmith,TX,1994.2949191544958
2027,2,p62,City of Clovis Landfill,402679,Phoebe Solar,TX,2743.1771393511776
2027,2,p62,City of Clovis Landfill,403177,Prospero Solar,TX,2015.5035661346444
2027,2,p62,City of Clovis Landfill,404128,Prospero Solar II,TX,1284.8832765105672
2027,2,p62,City of Clovis Landfill,403070,"Roadrunner, LLC",TX,2915.8033671089247
2027,2,p62,City of Clovis Landfill,401805,Upton County Solar,TX,3464.0816187801397
2027,2,p62,City of Clovis Landfill,402995,West of the Pecos Solar,TX,1992.7769155646831
2027,2,p63,Victoria Landfill,405599,"BPL Crown Solar, LLC",TX,463.90755011916286
2027,2,p63,Victoria Landfill,404966,BPL Files Solar,TX,585.8845671154776
2027,2,p63,Victoria Landfill,403825,Briar Creek Solar 1,TX,889.673054506839
2027,2,p63,Victoria Landfill,402610,Chisum,TX,935.6250363187922
2027,2,p63,Victoria Landfill,401697,CoServ Community Solar Station,TX,1148.1729341759699
2027,2,p63,Victoria Landfill,403188,Coniglio Solar,TX,907.3331628158584
2027,2,p63,Victoria Landfill,406415,Dileo Solar,TX,437.5372120526544
2027,2,p63,Victoria Landfill,402655,Eddy II,TX,518.8707887810697
2027,2,p63,Victoria Landfill,406221,Eiffel Solar Project,TX,1356.2189243603693
2027,2,p63,Victoria Landfill,405540,"Ellis Solar, LLC",TX,809.9900439551474
2027,2,p63,Victoria Landfill,403823,Elm Branch Solar 1,TX,727.0139243114286
2027,2,p63,Victoria Landfill,406206,Five Wells Solar Center - Hybrid,TX,475.1304209045374
2027,2,p63,Victoria Landfill,404567,G.S.E. One LLC,TX,1049.0458772475113
2027,2,p63,Victoria Landfill,403288,Griffin Solar,TX,465.00988453849556
2027,2,p63,Victoria Landfill,406202,Grizzly Ridge Solar,TX,560.1365199944481
2027,2,p63,Victoria Landfill,402329,Highway 56 Solar,TX,1475.7386932187446
2027,2,p63,Victoria Landfill,405319,IKEA Grand Prairie Rooftop PV System,TX,890.2033877234618
2027,2,p63,Victoria Landfill,405689,"IP Radian, LLC",TX,666.7563271345813
2027,2,p63,Victoria Landfill,403481,Impact Solar 1,TX,930.9216367764003
2027,2,p63,Victoria Landfill,403190,Kellam Solar,TX,671.1853807180503
2027,2,p63,Victoria Landfill,402421,Leon Solar,TX,1441.5940471834035
2027,2,p63,Victoria Landfill,403874,Lily Solar Hybrid,TX,900.9063331493953
2027,2,p63,Victoria Landfill,402404,Marlin Solar,TX,454.77450539232206
2027,2,p63,Victoria Landfill,405794,Noble Solar,TX,1156.0053917270388
2027,2,p63,City of Clovis Landfill,402405,North Gainesville Solar,TX,803.5383412673639
2027,2,p63,Victoria Landfill,401933,Phantom Solar,TX,559.6413623032939
2027,2,p63,Victoria Landfill,404872,"Pisgah Ridge Solar, LLC",TX,758.1491923834924
2027,2,p63,Victoria Landfill,406416,Pitts Dudik Solar,TX,768.5077584765083
2027,2,p63,City of Clovis Landfill,403189,Rippey Solar,TX,1113.874765197105
2027,2,p63,Victoria Landfill,404630,"Samson Solar Energy III, LLC",TX,830.5291321199674
2027,2,p63,Victoria Landfill,402652,Sterling Solar (TX),TX,940.1533381477446
2027,2,p63,Victoria Landfill,404812,Sun Valley Solar Project,TX,499.79212349756756
2027,2,p63,Victoria Landfill,404388,"TPE Erath Solar, LLC",TX,942.7215184983938
2027,2,p63,Victoria Landfill,403457,"TPE Whitney Solar, LLC",TX,510.20618334193455
2027,2,p63,Victoria Landfill,405361,Toyota HQ Plan,TX,722.6315447829749
2027,2,p63,Victoria Landfill,405907,Verizon Hidden Ridge Solar Project,TX,1177.6217967860161
2027,2,p63,Victoria Landfill,405984,Waco Solar,TX,756.0976377105217
2027,2,p63,Victoria Landfill,402306,Walnut Springs Solar,TX,730.9531106010662
2027,2,p63,Victoria Landfill,402497,West Moore Solar II,TX,1295.6340698545973
2027,2,p63,Victoria Landfill,402330,Whitesboro Solar,TX,953.061906616159
2027,2,p63,Victoria Landfill,402331,Whitesboro Solar II,TX,1066.0131215328668
2027,2,p63,Victoria Landfill,402414,Whitewright Solar,TX,1373.6032424627174
2027,2,p63,Victoria Landfill,402654,Yellow Jacket,TX,1011.3781140215832
2027,2,p64,Victoria Landfill,405731,Austin TX GigaFactory,TX,281.4578356297276
2027,2,p64,Victoria Landfill,402203,Bandera Electric Coop PV,TX,291.7021551090779
2027,2,p64,Victoria Landfill,404721,"Blue Jay Solar I, LLC",TX,299.57760313554394
2027,2,p64,Victoria Landfill,402648,Bovine,TX,161.62909770798095
2027,2,p64,Victoria Landfill,402389,"E-Volve Energy Holdings, LLC",TX,173.70161595164979
2027,2,p64,Victoria Landfill,400227,East Blackland Solar Project 1,TX,260.4577693580352
2027,2,p64,Victoria Landfill,405101,IKEA Round Rock 027,TX,222.72197177239812
2027,2,p64,Victoria Landfill,402653,Lampwick,TX,412.1086388968792
2027,2,p64,Victoria Landfill,405613,Niagara Bottling - Seguin,TX,215.8527852009287
2027,2,p64,Victoria Landfill,402544,PowerFin Kingsbery,TX,278.9232858286695
2027,2,p64,Victoria Landfill,400249,Webberville Solar Project,TX,265.41288217711985
2027,2,p65,Victoria Landfill,405700,Aktina Solar,TX,129.87662019991225
2027,2,p65,Victoria Landfill,404074,"Alexis Solar, LLC",TX,270.4399683640937
2027,2,p65,Victoria Landfill,405727,Bernard Creek Solar,TX,165.12406318019478
2027,2,p65,Victoria Landfill,400081,Blue Wing Solar Energy Generation,TX,213.70027575965744
2027,2,p65,Victoria Landfill,405477,Brightside,TX,169.89488552089057
2027,2,p65,Victoria Landfill,401728,CPS 1 Community Solar,TX,214.77435853400792
2027,2,p65,Victoria Landfill,402656,Cascade Solar (TX),TX,163.21754867850171
2027,2,p65,Victoria Landfill,403987,Catan Solar,TX,137.154572368325
2027,2,p65,Victoria Landfill,403091,Commerce Solar,TX,222.71231109223945
2027,2,p65,Victoria Landfill,404247,"Corazon Energy, LLC",TX,262.35986122492466
2027,2,p65,Victoria Landfill,404062,Elara Solar,TX,225.57104330137918
2027,2,p65,Victoria Landfill,404359,FELPS 1-Calaveras,TX,174.65589249819251
2027,2,p65,Victoria Landfill,404361,FELPS 2-Calaveras,TX,168.72565157165369
2027,2,p65,Victoria Landfill,404362,FELPS 3-Floresville South,TX,151.35798490702823
2027,2,p65,Victoria Landfill,404363,FELPS 4-Floresville South,TX,158.23786843682487
2027,2,p65,Victoria Landfill,404364,FELPS 5-Floresville South,TX,171.49934522092408
2027,2,p65,Victoria Landfill,404739,FELPS 6- Floresville West,TX,202.7056798266049
2027,2,p65,Victoria Landfill,404740,FELPS 7- Floresville West,TX,193.46474000960714
2027,2,p65,Victoria Landfill,406516,Ganado Solar,TX,110.96243962456903
2027,2,p65,Victoria Landfill,405801,Horizon Solar,TX,241.05605629034142
2027,2,p65,Victoria Landfill,405380,IKEA Live Oak Rooftop PV System,TX,213.6173731036358
2027,2,p65,Victoria Landfill,403343,Mars Solar,TX,264.97488270518005
2027,2,p65,Victoria Landfill,404877,Nebula Solar,TX,373.6859791768148
2027,2,p65,Victoria Landfill,400694,"OCI Alamo 2, LLC",TX,234.87270903292222
2027,2,p65,Victoria Landfill,400965,"OCI Alamo 3, LLC",TX,221.6340415793489
2027,2,p65,Victoria Landfill,400966,"OCI Alamo 5, LLC",TX,266.7915105471303
2027,2,p65,Victoria Landfill,400593,OCI Alamo Solar I Hybrid,TX,206.83611761839137
2027,2,p65,Victoria Landfill,405809,Shakes Solar,TX,310.1598962413659
2027,2,p65,Victoria Landfill,405545,Sparta Solar,TX,148.94519526000707
2027,2,p65,Victoria Landfill,400379,"SunE CPS1, LLC",TX,200.20639143444822
2027,2,p65,Victoria Landfill,400364,"SunE CPS2, LLC",TX,177.74104737325231
2027,2,p65,Victoria Landfill,400353,"SunE CPS3, LLC",TX,196.48964165532394
2027,2,p65,Victoria Landfill,406032,Tres Bahias,TX,93.32185315389779
2027,2,p65,Victoria Landfill,404878,Vancourt Solar Interconnections,TX,336.86006287328905
2027,2,p66,Victoria Landfill,406386,Umbriel Solar,TX,3697.2220858059823
2027,2,p67,Victoria Landfill,404939,Brazoria County Solar Project (Danciger),TX,730.2322909471965
2027,2,p67,Victoria Landfill,404681,Brazoria West,TX,502.1014293673648
2027,2,p67,Victoria Landfill,402649,Bronson,TX,736.1526774968216
2027,2,p67,Victoria Landfill,406178,"Cutlass Solar 1, LLC",TX,532.4644747130428
2027,2,p67,Victoria Landfill,404587,Fighting Jays Solar Project,TX,572.9714826024695
2027,2,p67,Victoria Landfill,405564,"Fort Bend Solar, LLC",TX,624.8659323516489
2027,2,p67,Victoria Landfill,404853,"Longbow Solar, LLC",TX,925.7373568904246
2027,2,p67,Victoria Landfill,403514,Wagyu,TX,625.2847715071972
2027,3,p12,Apex Regional Landfill,402144,Battle Mountain Solar Project,NV,733.0497789622725
2027,3,p12,Apex Regional Landfill,405025,Brady,NV,552.3782278729001
2027,3,p12,Apex Regional Landfill,405553,Dodge Flat,NV,522.6368698985272
2027,3,p12,Apex Regional Landfill,402609,"EGP Stillwater Solar PV II, LLC",NV,579.2178407458638
2027,3,p12,Apex Regional Landfill,404659,Fish Springs,NV,643.0728797299121
2027,3,p12,Apex Regional Landfill,401086,Ft. Churchill PV,NV,521.7638581614711
2027,3,p12,Apex Regional Landfill,405028,Galena 2 Geothermal Power Plant,NV,517.6037300135356
2027,3,p12,Apex Regional Landfill,402130,Luning Energy,NV,438.4035645222288
2027,3,p12,Apex Regional Landfill,403107,NVSS-II,NV,115.87499607145534
2027,3,p12,Apex Regional Landfill,400468,"Patua Acquisition Project, LLC",NV,566.2761827117541
2027,3,p12,Apex Regional Landfill,405021,Steamboat Hills LP,NV,675.3804616377882
2027,3,p12,Apex Regional Landfill,405023,Steamboat II,NV,832.7913550772471
2027,3,p12,Apex Regional Landfill,405024,Steamboat III,NV,545.3169251101671
2027,3,p12,Apex Regional Landfill,400029,Stillwater Facility,NV,562.9194356209812
2027,3,p12,Apex Regional Landfill,401318,Sunshine Valley Solar,NV,160.34876994203142
2027,3,p12,Apex Regional Landfill,405026,TS Power Plant,NV,739.0454817682381
2027,3,p12,Apex Regional Landfill,405576,Tesla Reno GigaFactory,NV,733.8963400436892
2027,3,p12,Apex Regional Landfill,401943,Tungsten Mountain,NV,402.05753787686075
2027,3,p12,Apex Regional Landfill,403308,Turquoise Liberty Solar,NV,494.9319620238167
2027,3,p12,Apex Regional Landfill,403884,"Turquoise Nevada, LLC",NV,540.1633266537492
2027,3,p12,Apex Regional Landfill,400035,Western 102 Power Plant,NV,592.7915324995528
2027,3,p13,Apex Regional Landfill,400555,Apex Solar PV Power Project,NV,72.07477688406159
2027,3,p13,Apex Regional Landfill,405385,Arrow Canyon Solar Hybrid,NV,86.24657035676216
2027,3,p13,Apex Regional Landfill,402017,"Boulder Solar II, LLC",NV,77.21281084731167
2027,3,p13,Apex Regional Landfill,401649,"Boulder Solar Power, LLC",NV,77.37547372317633
2027,3,p13,Apex Regional Landfill,400059,CM10,NV,80.26189764951683
2027,3,p13,Apex Regional Landfill,400086,CM48,NV,80.74539321220827
2027,3,p13,Apex Regional Landfill,400363,Copper Mountain Solar 2,NV,81.69127625894673
2027,3,p13,Apex Regional Landfill,400802,Copper Mountain Solar 3,NV,73.0919749729781
2027,3,p13,Apex Regional Landfill,401308,"Copper Mountain Solar 4, LLC",NV,80.80052918825206
2027,3,p13,Apex Regional Landfill,403688,"Copper Mountain Solar 5, LLC",NV,82.65871844353124
2027,3,p13,Apex Regional Landfill,405358,Dignity - San Martin,NV,63.37925860792254
2027,3,p13,Apex Regional Landfill,405355,Dignity - Siena Campus,NV,61.873497541073995
2027,3,p13,Apex Regional Landfill,405556,Dry Lake Solar Energy Center,NV,77.51452452590287
2027,3,p13,Apex Regional Landfill,405495,Gemini Solar,NV,84.0525587593364
2027,3,p13,Apex Regional Landfill,403386,"Harry Allen Solar Energy, LLC",NV,74.87982049561079
2027,3,p13,Apex Regional Landfill,406090,IGS LAS1,NV,64.94441233934954
2027,3,p13,Apex Regional Landfill,406089,IGS VGT,NV,60.54071319044682
2027,3,p13,Apex Regional Landfill,405309,IKEA Las Vegas 462,NV,62.6543979573653
2027,3,p13,Apex Regional Landfill,400545,Las Vegas WPCF Solar Plant,NV,54.788957591927456
2027,3,p13,Apex Regional Landfill,400313,Moapa Southern Paiute,NV,89.53375386311471
2027,3,p13,Apex Regional Landfill,400600,Mountain View Solar,NV,72.0535797619131
2027,3,p13,Apex Regional Landfill,400036,Nellis Air Force Base Solar Array,NV,59.31568055258236
2027,3,p13,Apex Regional Landfill,401381,Nellis Solar PV II,NV,55.85908980826441
2027,3,p13,Apex Regional Landfill,401319,"Playa Solar 1, LLC",NV,75.33869057730801
2027,3,p13,Apex Regional Landfill,401596,Playa Solar 2,NV,74.35877225935155
2027,3,p13,Apex Regional Landfill,401274,River Mountains Solar,NV,65.70521343727256
2027,3,p13,Mohave Valley Landfill,401042,Searchlight Solar,NV,88.87307741073641
2027,3,p13,Apex Regional Landfill,400166,Silver State Solar Power North,NV,97.67411110285855
2027,3,p13,Apex Regional Landfill,400658,Silver State Solar Power South,NV,96.10531551452087
2027,3,p13,Apex Regional Landfill,405246,"Solar Las Vegas MB 2, LLC",NV,56.30425395700333
2027,3,p13,Apex Regional Landfill,405188,Solar Las Vegas MB-1,NV,56.83260848383274
2027,3,p13,Apex Regional Landfill,400556,Spectrum Solar PV Power Project,NV,66.9139422053797
2027,3,p13,Apex Regional Landfill,402485,"Techren Solar I, LLC",NV,75.46616087860215
2027,3,p13,Apex Regional Landfill,402690,"Techren Solar II, LLC",NV,76.0165302575949
2027,3,p13,Apex Regional Landfill,402691,"Techren Solar III, LLC",NV,76.1010669233115
2027,3,p13,Apex Regional Landfill,402692,"Techren Solar IV, LLC",NV,73.71532068716472
2027,3,p13,Apex Regional Landfill,403001,Techren Solar V,NV,74.12523927056445
2027,3,p13,Apex Regional Landfill,401851,Townsite Solar Project Hybrid,NV,72.0963330853539
2027,3,p13,Apex Regional Landfill,406448,Yellow Pine II,NV,96.4860486605769
2027,3,p13,Apex Regional Landfill,404971,Yellow Pine Solar,NV,95.34571206922652
2027,3,p27,Mohave Valley Landfill,400374,"Black Mountain Solar, LLC",AZ,66.51356318910972
2027,3,p27,Mohave Valley Landfill,402236,Gray Hawk Solar,AZ,95.93837394819757
2027,3,p27,Mohave Valley Landfill,401819,Jacobson 5 MW Solar,AZ,109.3595971771311
2027,3,p27,Mohave Valley Landfill,400199,La Senita,AZ,101.2868353850258
2027,3,p27,Mohave Valley Landfill,403718,Mohave Electric Cooperative at Joy Lane,AZ,46.01349356927243
2027,3,p27,Mohave Valley Landfill,401311,Mohave Electric at Fort Mohave,AZ,46.02346437382747
2027,3,p27,Mohave Valley Landfill,406478,Mohave Energy - Hybrid,AZ,45.69455370686433
2027,3,p28,Apache Junction Landfill,405418,AZ State University - Tempe Campus Solar,AZ,74.02126986009749
2027,3,p28,South Yuma County Landfill,400148,Agua Caliente Solar Project,AZ,121.43303229707534
2027,3,p28,Apache Junction Landfill,402067,Apache Solar 1,AZ,207.06479694515886
2027,3,p28,South Yuma County Landfill,400274,Arizona Western College PV,AZ,48.98533176976138
2027,3,p28,Apache Junction Landfill,400240,Arlington Valley Solar Energy II,AZ,137.6802975263024
2027,3,p28,Apache Junction Landfill,400437,Badger 1,AZ,136.04908102256798
2027,3,p28,Apache Junction Landfill,401688,Bonnybrooke PV,AZ,75.22769639847107
2027,3,p28,Apache Junction Landfill,400371,Buckeye Union HS District 201,AZ,117.0509145690805
2027,3,p28,Apache Junction Landfill,405635,"Central Line Solar, LLC",AZ,89.44232969339363
2027,3,p28,Apache Junction Landfill,400201,Chino Solar Valley,AZ,174.46521339791906
2027,3,p28,Apache Junction Landfill,400202,Cotton Center Solar Hybrid,AZ,130.2170411058453
2027,3,p28,Apache Junction Landfill,401069,Desert Star Hybrid,AZ,125.88796631773866
2027,3,p28,Apache Junction Landfill,403257,East Line Solar,AZ,88.57473698279587
2027,3,p28,Apache Junction Landfill,406171,Eleven Mile Solar Center,AZ,88.06173399806491
2027,3,p28,Apache Junction Landfill,405244,Estrella Mountain PV,AZ,102.77621125950162
2027,3,p28,South Yuma County Landfill,400349,Foothills Solar Plant Hybrid,AZ,50.30440613102128
2027,3,p28,Apache Junction Landfill,400825,Fort Huachuca Solar PV Project,AZ,216.88273901650174
2027,3,p28,Apache Junction Landfill,400845,Gila Bend Hybrid,AZ,136.95761001063462
2027,3,p28,Apache Junction Landfill,400599,"Gilbert Solar Facility I, LLC",AZ,64.78198905951356
2027,3,p28,South Yuma County Landfill,400507,Hyder II Hybrid,AZ,129.7476496260306
2027,3,p28,South Yuma County Landfill,400204,Hyder Solar Hybrid,AZ,130.48226485515602
2027,3,p28,Apache Junction Landfill,405282,Intel - Ocotillo Campus Solar,AZ,72.32874243847554
2027,3,p28,Apache Junction Landfill,405125,Jewish Community Center PV,AZ,79.98354748976374
2027,3,p28,Apache Junction Landfill,402234,Kayenta Solar Project,AZ,344.7414332767297
2027,3,p28,Apache Junction Landfill,400595,Lake Pleasant WTP,AZ,108.02222724801473
2027,3,p28,Apache Junction Landfill,400128,Luke Solar,AZ,106.87898886465395
2027,3,p28,Apache Junction Landfill,405068,Macys Goodyear,AZ,107.76663762543406
2027,3,p28,South Yuma County Landfill,406279,McFarland A Solar and Storage,AZ,121.0534879894668
2027,3,p28,Apache Junction Landfill,405617,Mesa Carport PV,AZ,51.35642646408164
2027,3,p28,Apache Junction Landfill,404512,Mesa Solar Array,AZ,51.4664589391476
2027,3,p28,Apache Junction Landfill,400250,Mesquite Solar 1,AZ,141.35676027129801
2027,3,p28,Apache Junction Landfill,401621,"Mesquite Solar 2, LLC",AZ,142.74792762450244
2027,3,p28,Apache Junction Landfill,401622,"Mesquite Solar 3, LLC",AZ,145.92740771963847
2027,3,p28,Apache Junction Landfill,406038,"Mesquite Solar 4, LLC",AZ,141.67707834467865
2027,3,p28,Apache Junction Landfill,404922,"Mesquite Solar 5, LLC",AZ,142.36632945994188
2027,3,p28,South Yuma County Landfill,403572,OE_AZ1,AZ,154.99277590427135
2027,3,p28,Apache Junction Landfill,400203,Paloma Solar Hybrid,AZ,129.76419744571862
2027,3,p28,Apache Junction Landfill,405126,Paradise Valley H.S. PV,AZ,86.34267790036148
2027,3,p28,Apache Junction Landfill,405150,Phoenix Airport East Economy Lot,AZ,77.32837357298409
2027,3,p28,Apache Junction Landfill,405151,Phoenix Airport Rental Car Center,AZ,81.86760190718626
2027,3,p28,Apache Junction Landfill,402528,Pinal Central Energy Center Hybrid,AZ,86.29314129311658
2027,3,p28,Apache Junction Landfill,400125,"Poseidon Solar, LLC",AZ,63.65735471602633
2027,3,p28,Apache Junction Landfill,400031,Prescott Airport,AZ,168.16814430461997
2027,3,p28,Apache Junction Landfill,400401,Prescott Solar Plant,AZ,168.94513807484384
2027,3,p28,Apache Junction Landfill,400323,Queen Creek Solar Farm,AZ,56.54194039199513
2027,3,p28,Mohave Valley Landfill,400289,"RE Bagdad Solar I, LLC",AZ,137.28085615446193
2027,3,p28,Apache Junction Landfill,405132,"RE Gillespie 1, LLC",AZ,127.90374258997092
2027,3,p28,Apache Junction Landfill,400758,Red Horse 2,AZ,179.20738144778207
2027,3,p28,Apache Junction Landfill,401609,Red Horse III,AZ,175.6578048614376
2027,3,p28,Apache Junction Landfill,401726,Red Rock,AZ,115.3433979248956
2027,3,p28,Apache Junction Landfill,406380,SR McNeal,AZ,240.170806581537
2027,3,p28,South Yuma County Landfill,400416,Saddle Mountain Solar I,AZ,154.38181261423665
2027,3,p28,Apache Junction Landfill,403674,Saint Solar,AZ,87.82221383803699
2027,3,p28,Apache Junction Landfill,401214,Sandstone Solar,AZ,73.4687483835953
2027,3,p28,Apache Junction Landfill,405029,Solana Generating Station,AZ,149.9674267470904
2027,3,p28,Apache Junction Landfill,406275,Sonoran Solar Energy,AZ,115.01863216132024
2027,3,p28,Apache Junction Landfill,406034,Storey Solar and Storage,AZ,84.89915067754275
2027,3,p28,Apache Junction Landfill,401664,Sulphur Springs,AZ,199.12406755851924
2027,3,p28,Apache Junction Landfill,403643,Sun Streams 2,AZ,134.44705310926022
2027,3,p28,Apache Junction Landfill,406517,Sun Streams 3,AZ,134.74186170533312
2027,3,p28,Apache Junction Landfill,401975,"Sun Streams, LLC",AZ,137.1280238020893
2027,3,p28,Apache Junction Landfill,405311,T0588 Phoenix - AZ,AZ,92.89999238077701
2027,3,p28,Apache Junction Landfill,405134,Union HS at Casa Grande,AZ,84.16439518270823
2027,3,p28,Apache Junction Landfill,405135,Vista Grande HS at Casa Grande,AZ,87.72639179840799
2027,3,p28,Apache Junction Landfill,400334,Walmart Casa Grande,AZ,91.39970904772098
2027,3,p28,Apache Junction Landfill,406098,"West Line Solar, LLC",AZ,89.54125340602538
2027,3,p29,Apache Junction Landfill,400014,Springerville,AZ,1183.4234673731387
2027,3,p30,Apache Junction Landfill,405143,Actus Lend Lease DMAFB,AZ,175.87670097794157
2027,3,p30,Apache Junction Landfill,405611,Amazon TUS2,AZ,178.0654111119883
2027,3,p30,Apache Junction Landfill,405268,Amphitheater High School Solar,AZ,168.41057477278713
2027,3,p30,Apache Junction Landfill,400939,Avalon Solar,AZ,175.58462786050384
2027,3,p30,Apache Junction Landfill,401479,Avalon Solar II,AZ,169.76374626997804
2027,3,p30,Apache Junction Landfill,400226,Avra Valley Solar,AZ,146.1374984623633
2027,3,p30,Apache Junction Landfill,404704,Broadway 2 - Tucson Phase II,AZ,144.290858600815
2027,3,p30,Apache Junction Landfill,405768,Broadway 3 - Tucson Phase I,AZ,143.61940804017783
2027,3,p30,Apache Junction Landfill,405269,Canyon Del Oro High School Solar,AZ,162.39514700243916
2027,3,p30,Apache Junction Landfill,400757,Cogenra-TEP,AZ,211.79539723179985
2027,3,p30,Apache Junction Landfill,401295,Davis Monthan AFB (AZ) West Airfield,AZ,180.56731815140282
2027,3,p30,Apache Junction Landfill,400330,FRB Solar Farm,AZ,192.28210184112814
2027,3,p30,Apache Junction Landfill,400761,"Gato Montes Solar, LLC",AZ,180.74463433094752
2027,3,p30,Apache Junction Landfill,404536,Iron Horse Battery Storage Hybrid,AZ,185.81517826663253
2027,3,p30,Apache Junction Landfill,400552,"Picture Rocks Solar, LLC",AZ,135.32176710859227
2027,3,p30,Apache Junction Landfill,405374,Pima Community College,AZ,180.26428548242734
2027,3,p30,Apache Junction Landfill,405303,Pima Community College - East Campus,AZ,163.98402515276612
2027,3,p30,Apache Junction Landfill,405516,Pima Community College NW,AZ,147.284499103037
2027,3,p30,Apache Junction Landfill,400408,Prairie Fire,AZ,184.10257064087415
2027,3,p30,Apache Junction Landfill,400290,"RE Ajo 1, LLC",AZ,1936.43119682103
2027,3,p30,South Yuma County Landfill,400290,"RE Ajo 1, LLC",AZ,158.8007910964716
2027,3,p30,Apache Junction Landfill,404926,Raptor Ridge,AZ,200.1248452562575
2027,3,p30,Apache Junction Landfill,400857,Rio Rico Solar,AZ,238.75256424815166
2027,3,p30,Apache Junction Landfill,400193,Roger Road WWTP,AZ,142.70902912973514
2027,3,p30,Apache Junction Landfill,401076,Tech Park Solar,AZ,171.62178298305648
2027,3,p30,Apache Junction Landfill,400156,UASTP I,AZ,182.20428211956042
2027,3,p30,Apache Junction Landfill,401075,Valencia Solar,AZ,157.97269232310063
2027,3,p30,Apache Junction Landfill,404187,"Wilmot Energy Center, LLC",AZ,200.5802374895542
2027,3,p31,City of Clovis Landfill,400211,Alamogordo Solar Energy Center,NM,257.7538175711602
2027,3,p31,Northeastern New Mexico Regional Landfill,400206,Albuquerque Solar Energy Center,NM,188.13990315248088
2027,3,p31,Northeastern New Mexico Regional Landfill,403675,Alcalde Solar Array,NM,133.06689105900315
2027,3,p31,Apache Junction Landfill,401595,Alta Luna,NM,364.7032244154229
2027,3,p31,Northeastern New Mexico Regional Landfill,404724,Angel Fire Energy Facility,NM,84.50339555483188
2027,3,p31,Northeastern New Mexico Regional Landfill,405469,Arroyo Solar Energy Storage Hybrid,NM,240.22740196963406
2027,3,p31,Northeastern New Mexico Regional Landfill,403321,Bluewater CDEC 1,NM,300.55005141106375
2027,3,p31,Northeastern New Mexico Regional Landfill,403736,Britton Solar Energy Center,NM,168.2306683020735
2027,3,p31,City of Clovis Landfill,404981,Buena Vista Energy Center,NM,301.21903723753127
2027,3,p31,Northeastern New Mexico Regional Landfill,402876,CNMEC Solar Energy Center,NM,198.33201126525734
2027,3,p31,City of Clovis Landfill,402519,Carrizozo Solar,NM,219.14562774848437
2027,3,p31,Northeastern New Mexico Regional Landfill,401202,Cibola,NM,228.10651204752546
2027,3,p31,Northeastern New Mexico Regional Landfill,400104,Cimarron Solar Facility,NM,65.42816663454022
2027,3,p31,Apache Junction Landfill,402988,City of Gallup Solar,NM,333.2926146320949
2027,3,p31,Northeastern New Mexico Regional Landfill,403604,City of Rio Rancho WWTP,NM,194.92600813496793
2027,3,p31,City of Clovis Landfill,401225,City of Truth or Consequences PV,NM,330.2576911022226
2027,3,p31,Apache Junction Landfill,402177,Columbus Solar Project,NM,352.20647622728376
2027,3,p31,Northeastern New Mexico Regional Landfill,404748,"Cuba 2.5ac, LLC",NM,185.38838094035518
2027,3,p31,Apache Junction Landfill,400209,Deming Solar Energy Center,NM,342.0930486967197
2027,3,p31,Northeastern New Mexico Regional Landfill,403868,Encino Solar Energy Center,NM,212.20591382455711
2027,3,p31,Northeastern New Mexico Regional Landfill,401038,Eubank Landfill Solar Array,NM,192.5569182887113
2027,3,p31,Northeastern New Mexico Regional Landfill,402441,Facebook 1 Solar Energy Center,NM,212.65514691322758
2027,3,p31,Northeastern New Mexico Regional Landfill,402442,Facebook 2 Solar Energy Center,NM,201.09663423222912
2027,3,p31,Northeastern New Mexico Regional Landfill,402443,Facebook 3 Solar Energy Center,NM,204.4539235587964
2027,3,p31,Northeastern New Mexico Regional Landfill,403322,Grants CDEC 2,NM,259.02089751058145
2027,3,p31,City of Clovis Landfill,400216,"Hatch Solar Energy Center I, LLC",NM,360.61966462290553
2027,3,p31,City of Clovis Landfill,401617,Holloman Solar Facility,NM,256.4296058341753
2027,3,p31,Northeastern New Mexico Regional Landfill,406109,"Jicarilla Solar 1, LLC",NM,229.55098838080957
2027,3,p31,Northeastern New Mexico Regional Landfill,400427,Kit Carson,NM,125.22213998506172
2027,3,p31,Northeastern New Mexico Regional Landfill,400210,Las Vegas Solar Energy Center,NM,88.89729169545073
2027,3,p31,Northeastern New Mexico Regional Landfill,400434,Los Alamos PV Site,NM,143.25568476899315
2027,3,p31,Northeastern New Mexico Regional Landfill,400207,Los Lunas Solar Energy Center,NM,208.68851732333437
2027,3,p31,Apache Junction Landfill,400838,Macho Springs,NM,357.2080585629762
2027,3,p31,Northeastern New Mexico Regional Landfill,400582,Manzano Solar,NM,222.84397782602315
2027,3,p31,Northeastern New Mexico Regional Landfill,401201,Meadow Lake Solar Energy Center,NM,194.7975397126249
2027,3,p31,Northeastern New Mexico Regional Landfill,406177,"NMRD Data Center III, LLC",NM,210.37758910092148
2027,3,p31,City of Clovis Landfill,405693,NMSU Solar and Storage,NM,312.32266426217967
2027,3,p31,Northeastern New Mexico Regional Landfill,406375,OE_ESCL,NM,303.81573610456263
2027,3,p31,City of Clovis Landfill,400581,Otero Solar,NM,253.1671232456712
2027,3,p31,Northeastern New Mexico Regional Landfill,400146,Questa Solar Facility,NM,120.05289944018885
2027,3,p31,Northeastern New Mexico Regional Landfill,403178,"RC Energy AA, LLC Solar Facility",NM,182.3339659449066
2027,3,p31,Northeastern New Mexico Regional Landfill,401566,Rio Communities Solar Energy Center,NM,219.2335283197433
2027,3,p31,Northeastern New Mexico Regional Landfill,403084,Rio De Oro Solar Energy Center,NM,213.01613653167826
2027,3,p31,Northeastern New Mexico Regional Landfill,400624,Rio Rancho High School,NM,191.20657991232196
2027,3,p31,City of Clovis Landfill,400135,Roadrunner Solar,NM,362.9166482155345
2027,3,p31,Northeastern New Mexico Regional Landfill,404648,"Route 66 Energy Center, LLC",NM,264.15064893427945
2027,3,p31,Northeastern New Mexico Regional Landfill,403387,San Miguel I Solar Energy Center,NM,90.40995069397296
2027,3,p31,Northeastern New Mexico Regional Landfill,405458,San Miguel II Solar Energy Center,NM,85.91128849894375
2027,3,p31,Northeastern New Mexico Regional Landfill,401161,Sandoval Solar Energy Center,NM,213.14511495619237
2027,3,p31,Northeastern New Mexico Regional Landfill,401564,Santa Fe Solar Energy Center,NM,136.85898999446408
2027,3,p31,Northeastern New Mexico Regional Landfill,401565,Santolina Solar Energy Center,NM,215.96236725060479
2027,3,p31,Apache Junction Landfill,400596,Silver City WWTP PV Project,NM,285.68893083276635
2027,3,p31,Northeastern New Mexico Regional Landfill,406343,Sky Ranch Solar,NM,226.65815060239893
2027,3,p31,Northeastern New Mexico Regional Landfill,401563,South Valley Solar Energy Center,NM,210.3599096446424
2027,3,p31,Northeastern New Mexico Regional Landfill,401162,Springer Solar 1,NM,61.470884277385856
2027,3,p31,Northeastern New Mexico Regional Landfill,400735,Storrie Lake Solar Project,NM,87.14070449257856
2027,3,p31,Northeastern New Mexico Regional Landfill,400623,Sue Cleveland High School,NM,197.3475963269167
2027,3,p31,City of Clovis Landfill,400343,"SunE EPE1, LLC",NM,332.23480319341536
2027,3,p31,City of Clovis Landfill,400342,"SunE EPE2, LLC",NM,380.5443689877039
2027,3,p31,Northeastern New Mexico Regional Landfill,402854,Syncarpha Eagle Nest,NM,92.41745560364686
2027,3,p31,Northeastern New Mexico Regional Landfill,403412,Syncarpha El Rito,NM,137.2644073051315
2027,3,p31,Northeastern New Mexico Regional Landfill,403413,Syncarpha Questa,NM,126.86548405323059
2027,3,p31,Northeastern New Mexico Regional Landfill,403411,Syncarpha Taos,NM,103.38964465959782
2027,3,p31,Northeastern New Mexico Regional Landfill,404618,Taos Mesa Energy Facility Hybrid,NM,112.06577406084973
2027,3,p31,Northeastern New Mexico Regional Landfill,403011,Vista Solar Energy Center,NM,222.5761412029048
2027,3,p31,City of Clovis Landfill,400354,WSMR I,NM,305.6703607319623
2027,3,p31,City of Clovis Landfill,405245,Wal-Mart Truth or Consequences PV,NM,340.8897144892722
2027,3,p47,City of Clovis Landfill,400979,"Caprock Solar 1, LLC",NM,107.55108552312923
2027,3,p47,City of Clovis Landfill,404980,Chaves County Solar II,NM,157.84829819732715
2027,3,p47,City of Clovis Landfill,401681,"Chaves Solar, LLC",NM,157.94204287384935
2027,3,p47,City of Clovis Landfill,400614,GSE NM1,NM,178.8054863143486
2027,3,p47,City of Clovis Landfill,404982,Hayhurst New Mexico Solar,NM,263.7810962255094
2027,3,p47,City of Clovis Landfill,402530,Middle Daisy,NM,136.12379924113122
2027,3,p47,City of Clovis Landfill,401682,"Roswell Solar, LLC",NM,132.9231342429578
2027,3,p47,City of Clovis Landfill,400546,SEV NM Phase 2,NM,177.62887599645438
2027,3,p47,City of Clovis Landfill,400260,SPS1 Dollarhide,NM,241.56625463365202
2027,3,p47,City of Clovis Landfill,400261,SPS2 Jal,NM,223.38349486800456
2027,3,p47,City of Clovis Landfill,400262,SPS3 Lea,NM,156.48345132151002
2027,3,p47,City of Clovis Landfill,400264,SPS5 Hopi,NM,257.7858629240873
2027,3,p47,City of Clovis Landfill,404698,SoCore Clovis 1,NM,23.642172112737054
2027,3,p48,City of Clovis Landfill,406439,"BESSP1, LLC",TX,826.9082635195249
2027,3,p48,City of Clovis Landfill,405590,"Hecate Energy Frye Solar, LLC",TX,806.1156294106621
2027,3,p57,Victoria Landfill,404918,"Hecate Energy Upshur Rural, LLC",TX,7396.882703891774
2027,3,p59,City of Clovis Landfill,402666,Fort Bliss (DEA EPIC),TX,9432.739265859333
2027,3,p59,City of Clovis Landfill,401616,Montana Solar Facility,TX,8490.216154219386
2027,3,p59,City of Clovis Landfill,401045,Newman Solar,TX,3855.895333283661
2027,3,p60,City of Clovis Landfill,403962,"ANSON Solar Center, LLC",TX,1741.0767837024189
2027,3,p60,City of Clovis Landfill,403883,Azure Sky Solar,TX,1852.9921583653652
2027,3,p60,City of Clovis Landfill,403232,"ENGIE Long Draw Solar, LLC",TX,1123.5275120786298
2027,3,p60,City of Clovis Landfill,406252,Highpeak Solar 1,TX,1086.63224724794
2027,3,p60,City of Clovis Landfill,402721,Holstein 1 Solar Farm,TX,2058.947831862343
2027,3,p60,City of Clovis Landfill,405492,Juno Solar Project,TX,887.3737927182578
2027,3,p60,City of Clovis Landfill,402541,Lamesa II,TX,1430.4775006625523
2027,3,p60,City of Clovis Landfill,401660,Lamesa Solar,TX,1627.5767454407955
2027,3,p60,City of Clovis Landfill,405932,Lumina II Solar Project,TX,1222.9191933644724
2027,3,p60,City of Clovis Landfill,405933,Lumina Solar Project,TX,1432.679911772311
2027,3,p60,City of Clovis Landfill,402909,Misae Solar,TX,2020.7698535954391
2027,3,p60,City of Clovis Landfill,400968,"OCI Alamo 7, LLC",TX,1401.5686577082704
2027,3,p60,City of Clovis Landfill,405939,Texas Solar Nova 1,TX,926.75904440211
2027,3,p61,City of Clovis Landfill,400967,Alamo 6,TX,533.3676031367827
2027,3,p61,City of Clovis Landfill,403557,Aragorn Solar Project,TX,550.8422744666124
2027,3,p61,City of Clovis Landfill,400691,Barilla Solar,TX,570.235300889233
2027,3,p61,City of Clovis Landfill,401946,Bluebell Solar,TX,726.1843399285715
2027,3,p61,City of Clovis Landfill,403574,Bluebell Solar II,TX,525.2549359472517
2027,3,p61,City of Clovis Landfill,400554,"Bryan Solar, LLC",TX,701.8177163809403
2027,3,p61,City of Clovis Landfill,401463,Buckthorn Westex,TX,692.3111050727761
2027,3,p61,City of Clovis Landfill,401703,East Pecos Solar,TX,686.605273025967
2027,3,p61,City of Clovis Landfill,405363,Galloway 1 Solar Farm,TX,449.4693277205499
2027,3,p61,City of Clovis Landfill,405494,Galloway 2 Solar Farm,TX,716.6694149122467
2027,3,p61,City of Clovis Landfill,403210,Greasewood,TX,719.9364825722263
2027,3,p61,City of Clovis Landfill,406370,Hayhurst Texas Solar,TX,468.8041247207121
2027,3,p61,City of Clovis Landfill,402304,Midway Solar-TX,TX,765.8621265715896
2027,3,p61,Victoria Landfill,400695,"OCI Alamo 4, LLC",TX,359.8591811238979
2027,3,p61,City of Clovis Landfill,401868,Pearl Solar,TX,724.6034791267482
2027,3,p61,City of Clovis Landfill,402290,RE Maplewood,TX,540.0824467792936
2027,3,p61,City of Clovis Landfill,401430,RE Roserock,TX,449.96599822942045
2027,3,p61,City of Clovis Landfill,402848,Rambler,TX,1037.914398787966
2027,3,p61,City of Clovis Landfill,402083,Solaire Holman Solar Project,TX,792.0498216585951
2027,3,p61,City of Clovis Landfill,403023,"Taygete Energy Project, LLC",TX,901.2442781660588
2027,3,p61,City of Clovis Landfill,404647,Taygete II Energy Project,TX,450.19686067200087
2027,3,p61,City of Clovis Landfill,403551,Titan Solar Project,TX,488.21447744838923
2027,3,p61,Victoria Landfill,406103,Zier Solar,TX,577.0058536331178
2027,3,p62,City of Clovis Landfill,403502,2W Permian Solar Project Hybrid,TX,1567.2779911495788
2027,3,p62,City of Clovis Landfill,403697,CED Crane Solar,TX,2188.9669051617593
2027,3,p62,City of Clovis Landfill,401525,Castle Gap Solar Hybrid,TX,3087.66940575556
2027,3,p62,City of Clovis Landfill,404599,Emerald Grove,TX,2837.5995570283726
2027,3,p62,City of Clovis Landfill,403004,Lapetus,TX,2369.218987535655
2027,3,p62,City of Clovis Landfill,403280,Oberon IA,TX,2092.971099380147
2027,3,p62,City of Clovis Landfill,403279,Oberon IB,TX,2416.880215985474
2027,3,p62,City of Clovis Landfill,403602,Oxy Renewable Energy-Goldsmith,TX,1926.5740411512481
2027,3,p62,City of Clovis Landfill,402679,Phoebe Solar,TX,2743.1771393511776
2027,3,p62,City of Clovis Landfill,403177,Prospero Solar,TX,1935.8707776650251
2027,3,p62,City of Clovis Landfill,404128,Prospero Solar II,TX,1284.8832765105672
2027,3,p62,City of Clovis Landfill,403070,"Roadrunner, LLC",TX,2915.8033671089247
2027,3,p62,City of Clovis Landfill,401805,Upton County Solar,TX,3464.0816187801397
2027,3,p62,City of Clovis Landfill,402995,West of the Pecos Solar,TX,1992.7769155646831
2027,3,p63,Victoria Landfill,405599,"BPL Crown Solar, LLC",TX,382.9634427859735
2027,3,p63,Victoria Landfill,404966,BPL Files Solar,TX,585.8845671154776
2027,3,p63,Victoria Landfill,403825,Briar Creek Solar 1,TX,889.673054506839
2027,3,p63,Victoria Landfill,402610,Chisum,TX,1025.0873525489249
2027,3,p63,Victoria Landfill,401697,CoServ Community Solar Station,TX,1148.1729341759699
2027,3,p63,Victoria Landfill,403188,Coniglio Solar,TX,907.3331628158584
2027,3,p63,Victoria Landfill,406415,Dileo Solar,TX,429.9593746653705
2027,3,p63,Victoria Landfill,402655,Eddy II,TX,518.8707887810697
2027,3,p63,Victoria Landfill,406221,Eiffel Solar Project,TX,1356.2189243603693
2027,3,p63,Victoria Landfill,405540,"Ellis Solar, LLC",TX,621.4011664201244
2027,3,p63,Victoria Landfill,403823,Elm Branch Solar 1,TX,727.0139243114286
2027,3,p63,Victoria Landfill,406206,Five Wells Solar Center - Hybrid,TX,468.94909270799997
2027,3,p63,Victoria Landfill,404567,G.S.E. One LLC,TX,1032.1496626058513
2027,3,p63,Victoria Landfill,403288,Griffin Solar,TX,455.2382136184806
2027,3,p63,Victoria Landfill,406202,Grizzly Ridge Solar,TX,553.6757461049993
2027,3,p63,Victoria Landfill,402329,Highway 56 Solar,TX,1442.0328734564714
2027,3,p63,Victoria Landfill,405319,IKEA Grand Prairie Rooftop PV System,TX,890.2033877234618
2027,3,p63,Victoria Landfill,405689,"IP Radian, LLC",TX,657.9345904572335
2027,3,p63,Victoria Landfill,403481,Impact Solar 1,TX,930.9216367764003
2027,3,p63,Victoria Landfill,403190,Kellam Solar,TX,655.4122571967224
2027,3,p63,Victoria Landfill,402421,Leon Solar,TX,1441.5940471834035
2027,3,p63,Victoria Landfill,403874,Lily Solar Hybrid,TX,885.6227624312523
2027,3,p63,Victoria Landfill,402404,Marlin Solar,TX,454.77450539232206
2027,3,p63,Victoria Landfill,405794,Noble Solar,TX,1156.0053917270388
2027,3,p63,City of Clovis Landfill,402405,North Gainesville Solar,TX,793.2883992749303
2027,3,p63,Victoria Landfill,401933,Phantom Solar,TX,559.6413623032939
2027,3,p63,Victoria Landfill,404872,"Pisgah Ridge Solar, LLC",TX,572.0890437716894
2027,3,p63,Victoria Landfill,406416,Pitts Dudik Solar,TX,768.5077584765083
2027,3,p63,City of Clovis Landfill,403189,Rippey Solar,TX,1113.874765197105
2027,3,p63,Victoria Landfill,404630,"Samson Solar Energy III, LLC",TX,791.8003106270985
2027,3,p63,Victoria Landfill,402652,Sterling Solar (TX),TX,925.8325208754824
2027,3,p63,Victoria Landfill,404812,Sun Valley Solar Project,TX,489.63679216318616
2027,3,p63,Victoria Landfill,404388,"TPE Erath Solar, LLC",TX,915.0781990351434
2027,3,p63,Victoria Landfill,403457,"TPE Whitney Solar, LLC",TX,500.3472323733137
2027,3,p63,Victoria Landfill,405361,Toyota HQ Plan,TX,714.2489724239623
2027,3,p63,Victoria Landfill,405907,Verizon Hidden Ridge Solar Project,TX,1177.6217967860161
2027,3,p63,Victoria Landfill,405984,Waco Solar,TX,742.711696899456
2027,3,p63,Victoria Landfill,402306,Walnut Springs Solar,TX,730.9531106010662
2027,3,p63,Victoria Landfill,402497,West Moore Solar II,TX,1295.6340698545973
2027,3,p63,Victoria Landfill,402330,Whitesboro Solar,TX,953.061906616159
2027,3,p63,Victoria Landfill,402331,Whitesboro Solar II,TX,1066.0131215328668
2027,3,p63,Victoria Landfill,402414,Whitewright Solar,TX,1373.6032424627174
2027,3,p63,Victoria Landfill,402654,Yellow Jacket,TX,1011.3781140215832
2027,3,p64,Victoria Landfill,405731,Austin TX GigaFactory,TX,279.40199320014955
2027,3,p64,Victoria Landfill,402203,Bandera Electric Coop PV,TX,291.7021551090779
2027,3,p64,Victoria Landfill,404721,"Blue Jay Solar I, LLC",TX,390.162858444433
2027,3,p64,Victoria Landfill,402648,Bovine,TX,161.62909770798095
2027,3,p64,Victoria Landfill,402389,"E-Volve Energy Holdings, LLC",TX,173.70161595164979
2027,3,p64,Victoria Landfill,400227,East Blackland Solar Project 1,TX,260.4577693580352
2027,3,p64,Victoria Landfill,405101,IKEA Round Rock 027,TX,266.0778889757818
2027,3,p64,Victoria Landfill,402653,Lampwick,TX,412.1086388968792
2027,3,p64,Victoria Landfill,405613,Niagara Bottling - Seguin,TX,183.10275492716863
2027,3,p64,Victoria Landfill,402544,PowerFin Kingsbery,TX,278.9232858286695
2027,3,p64,Victoria Landfill,400249,Webberville Solar Project,TX,265.41288217711985
2027,3,p65,Victoria Landfill,405700,Aktina Solar,TX,129.87662019991225
2027,3,p65,Victoria Landfill,404074,"Alexis Solar, LLC",TX,270.4399683640937
2027,3,p65,Victoria Landfill,405727,Bernard Creek Solar,TX,163.66467307157245
2027,3,p65,Victoria Landfill,400081,Blue Wing Solar Energy Generation,TX,212.2191348349273
2027,3,p65,Victoria Landfill,405477,Brightside,TX,169.89488552089057
2027,3,p65,Victoria Landfill,401728,CPS 1 Community Solar,TX,177.55116152382948
2027,3,p65,Victoria Landfill,402656,Cascade Solar (TX),TX,161.65362890414005
2027,3,p65,Victoria Landfill,403987,Catan Solar,TX,137.154572368325
2027,3,p65,Victoria Landfill,403091,Commerce Solar,TX,237.22495209368597
2027,3,p65,Victoria Landfill,404247,"Corazon Energy, LLC",TX,262.35986122492466
2027,3,p65,Victoria Landfill,404062,Elara Solar,TX,225.57104330137918
2027,3,p65,Victoria Landfill,404359,FELPS 1-Calaveras,TX,171.9186830468012
2027,3,p65,Victoria Landfill,404361,FELPS 2-Calaveras,TX,168.72565157165369
2027,3,p65,Victoria Landfill,404362,FELPS 3-Floresville South,TX,181.08434809671851
2027,3,p65,Victoria Landfill,404363,FELPS 4-Floresville South,TX,179.68021604178088
2027,3,p65,Victoria Landfill,404364,FELPS 5-Floresville South,TX,171.49934522092408
2027,3,p65,Victoria Landfill,404739,FELPS 6- Floresville West,TX,202.7056798266049
2027,3,p65,Victoria Landfill,404740,FELPS 7- Floresville West,TX,192.1301226533723
2027,3,p65,Victoria Landfill,406516,Ganado Solar,TX,110.96243962456903
2027,3,p65,Victoria Landfill,405801,Horizon Solar,TX,239.5317358993258
2027,3,p65,Victoria Landfill,405380,IKEA Live Oak Rooftop PV System,TX,212.21545157297038
2027,3,p65,Victoria Landfill,403343,Mars Solar,TX,264.97488270518005
2027,3,p65,Victoria Landfill,404877,Nebula Solar,TX,334.1826571080231
2027,3,p65,Victoria Landfill,400694,"OCI Alamo 2, LLC",TX,234.87270903292222
2027,3,p65,Victoria Landfill,400965,"OCI Alamo 3, LLC",TX,220.0027118218196
2027,3,p65,Victoria Landfill,400966,"OCI Alamo 5, LLC",TX,262.2226217318843
2027,3,p65,Victoria Landfill,400593,OCI Alamo Solar I Hybrid,TX,204.84489802137475
2027,3,p65,Victoria Landfill,405809,Shakes Solar,TX,310.1598962413659
2027,3,p65,Victoria Landfill,405545,Sparta Solar,TX,147.41777693044185
2027,3,p65,Victoria Landfill,400379,"SunE CPS1, LLC",TX,198.34711373851334
2027,3,p65,Victoria Landfill,400364,"SunE CPS2, LLC",TX,176.00064099226802
2027,3,p65,Victoria Landfill,400353,"SunE CPS3, LLC",TX,196.48964165532394
2027,3,p65,Victoria Landfill,406032,Tres Bahias,TX,93.32185315389779
2027,3,p65,Victoria Landfill,404878,Vancourt Solar Interconnections,TX,336.86006287328905
2027,3,p66,Victoria Landfill,406386,Umbriel Solar,TX,3651.0040495319618
2027,3,p67,Victoria Landfill,404939,Brazoria County Solar Project (Danciger),TX,467.1402816496499
2027,3,p67,Victoria Landfill,404681,Brazoria West,TX,496.76224680077405
2027,3,p67,Victoria Landfill,402649,Bronson,TX,736.1526774968216
2027,3,p67,Victoria Landfill,406178,"Cutlass Solar 1, LLC",TX,532.4644747130428
2027,3,p67,Victoria Landfill,404587,Fighting Jays Solar Project,TX,565.8246176594755
2027,3,p67,Victoria Landfill,405564,"Fort Bend Solar, LLC",TX,624.8659323516489
2027,3,p67,Victoria Landfill,404853,"Longbow Solar, LLC",TX,722.6238662924036
2027,3,p67,Victoria Landfill,403514,Wagyu,TX,608.3187205156951
2027,4,p12,Apex Regional Landfill,402144,Battle Mountain Solar Project,NV,733.0497789622725
2027,4,p12,Apex Regional Landfill,405025,Brady,NV,552.3782278729001
2027,4,p12,Apex Regional Landfill,405553,Dodge Flat,NV,761.1143575000592
2027,4,p12,Apex Regional Landfill,402609,"EGP Stillwater Solar PV II, LLC",NV,579.2178407458638
2027,4,p12,Apex Regional Landfill,404659,Fish Springs,NV,643.0728797299121
2027,4,p12,Apex Regional Landfill,401086,Ft. Churchill PV,NV,521.7638581614711
2027,4,p12,Apex Regional Landfill,405028,Galena 2 Geothermal Power Plant,NV,517.6037300135356
2027,4,p12,Apex Regional Landfill,402130,Luning Energy,NV,438.4035645222288
2027,4,p12,Apex Regional Landfill,403107,NVSS-II,NV,115.87499607145534
2027,4,p12,Apex Regional Landfill,400468,"Patua Acquisition Project, LLC",NV,566.2761827117541
2027,4,p12,Apex Regional Landfill,405021,Steamboat Hills LP,NV,564.4474302867585
2027,4,p12,Apex Regional Landfill,405023,Steamboat II,NV,832.7913550772471
2027,4,p12,Apex Regional Landfill,405024,Steamboat III,NV,545.3169251101671
2027,4,p12,Apex Regional Landfill,400029,Stillwater Facility,NV,453.1502605699442
2027,4,p12,Apex Regional Landfill,401318,Sunshine Valley Solar,NV,160.34876994203142
2027,4,p12,Apex Regional Landfill,405026,TS Power Plant,NV,739.0454817682381
2027,4,p12,Apex Regional Landfill,405576,Tesla Reno GigaFactory,NV,601.4826769165954
2027,4,p12,Apex Regional Landfill,401943,Tungsten Mountain,NV,402.05753787686075
2027,4,p12,Apex Regional Landfill,403308,Turquoise Liberty Solar,NV,604.753027703957
2027,4,p12,Apex Regional Landfill,403884,"Turquoise Nevada, LLC",NV,540.1633266537492
2027,4,p12,Apex Regional Landfill,400035,Western 102 Power Plant,NV,506.69084043742083
2027,4,p13,Apex Regional Landfill,400555,Apex Solar PV Power Project,NV,72.15858739064511
2027,4,p13,Apex Regional Landfill,405385,Arrow Canyon Solar Hybrid,NV,86.24657035676218
2027,4,p13,Apex Regional Landfill,402017,"Boulder Solar II, LLC",NV,77.21281084731167
2027,4,p13,Apex Regional Landfill,401649,"Boulder Solar Power, LLC",NV,77.37547372317633
2027,4,p13,Apex Regional Landfill,400059,CM10,NV,80.26189764951683
2027,4,p13,Apex Regional Landfill,400086,CM48,NV,81.05720516435723
2027,4,p13,Apex Regional Landfill,400363,Copper Mountain Solar 2,NV,81.14587395375686
2027,4,p13,Apex Regional Landfill,400802,Copper Mountain Solar 3,NV,73.0919749729781
2027,4,p13,Apex Regional Landfill,401308,"Copper Mountain Solar 4, LLC",NV,80.80052918825206
2027,4,p13,Apex Regional Landfill,403688,"Copper Mountain Solar 5, LLC",NV,82.65871844353124
2027,4,p13,Apex Regional Landfill,405358,Dignity - San Martin,NV,62.62447188444389
2027,4,p13,Apex Regional Landfill,405355,Dignity - Siena Campus,NV,61.873497541073995
2027,4,p13,Apex Regional Landfill,405556,Dry Lake Solar Energy Center,NV,77.53722780768655
2027,4,p13,Apex Regional Landfill,405495,Gemini Solar,NV,83.69358444450376
2027,4,p13,Apex Regional Landfill,403386,"Harry Allen Solar Energy, LLC",NV,75.1175505140685
2027,4,p13,Apex Regional Landfill,406090,IGS LAS1,NV,65.11968471501847
2027,4,p13,Apex Regional Landfill,406089,IGS VGT,NV,60.339220274191796
2027,4,p13,Apex Regional Landfill,405309,IKEA Las Vegas 462,NV,63.230611903520014
2027,4,p13,Apex Regional Landfill,400545,Las Vegas WPCF Solar Plant,NV,54.74911273499735
2027,4,p13,Apex Regional Landfill,400313,Moapa Southern Paiute,NV,89.53375386311471
2027,4,p13,Apex Regional Landfill,400600,Mountain View Solar,NV,71.90443473382017
2027,4,p13,Apex Regional Landfill,400036,Nellis Air Force Base Solar Array,NV,59.31568055258236
2027,4,p13,Apex Regional Landfill,401381,Nellis Solar PV II,NV,55.929467240757305
2027,4,p13,Apex Regional Landfill,401319,"Playa Solar 1, LLC",NV,73.88882047395973
2027,4,p13,Apex Regional Landfill,401596,Playa Solar 2,NV,74.35877225935155
2027,4,p13,Apex Regional Landfill,401274,River Mountains Solar,NV,65.70521343727256
2027,4,p13,Mohave Valley Landfill,401042,Searchlight Solar,NV,89.09285269562557
2027,4,p13,Apex Regional Landfill,400166,Silver State Solar Power North,NV,97.67411110285855
2027,4,p13,Apex Regional Landfill,400658,Silver State Solar Power South,NV,96.80970889439233
2027,4,p13,Apex Regional Landfill,405246,"Solar Las Vegas MB 2, LLC",NV,56.34231079176536
2027,4,p13,Apex Regional Landfill,405188,Solar Las Vegas MB-1,NV,56.526564124657
2027,4,p13,Apex Regional Landfill,400556,Spectrum Solar PV Power Project,NV,66.9139422053797
2027,4,p13,Apex Regional Landfill,402485,"Techren Solar I, LLC",NV,75.46616087860215
2027,4,p13,Apex Regional Landfill,402690,"Techren Solar II, LLC",NV,76.0165302575949
2027,4,p13,Apex Regional Landfill,402691,"Techren Solar III, LLC",NV,76.1010669233115
2027,4,p13,Apex Regional Landfill,402692,"Techren Solar IV, LLC",NV,73.71532068716472
2027,4,p13,Apex Regional Landfill,403001,Techren Solar V,NV,73.57124360045182
2027,4,p13,Apex Regional Landfill,401851,Townsite Solar Project Hybrid,NV,72.0963330853539
2027,4,p13,Apex Regional Landfill,406448,Yellow Pine II,NV,96.4860486605769
2027,4,p13,Apex Regional Landfill,404971,Yellow Pine Solar,NV,95.61177729404255
2027,4,p27,Mohave Valley Landfill,400374,"Black Mountain Solar, LLC",AZ,66.51356318910972
2027,4,p27,Mohave Valley Landfill,402236,Gray Hawk Solar,AZ,133.67146867574746
2027,4,p27,Mohave Valley Landfill,401819,Jacobson 5 MW Solar,AZ,109.3595971771311
2027,4,p27,Mohave Valley Landfill,400199,La Senita,AZ,101.2868353850258
2027,4,p27,Mohave Valley Landfill,403718,Mohave Electric Cooperative at Joy Lane,AZ,46.01349356927243
2027,4,p27,Mohave Valley Landfill,401311,Mohave Electric at Fort Mohave,AZ,46.02346437382747
2027,4,p27,Mohave Valley Landfill,406478,Mohave Energy - Hybrid,AZ,44.732773173731196
2027,4,p28,Apache Junction Landfill,405418,AZ State University - Tempe Campus Solar,AZ,73.62888755383236
2027,4,p28,South Yuma County Landfill,400148,Agua Caliente Solar Project,AZ,121.17744650768876
2027,4,p28,Apache Junction Landfill,402067,Apache Solar 1,AZ,202.32415979311654
2027,4,p28,South Yuma County Landfill,400274,Arizona Western College PV,AZ,48.98533176976138
2027,4,p28,Apache Junction Landfill,400240,Arlington Valley Solar Energy II,AZ,136.08857424771767
2027,4,p28,Apache Junction Landfill,400437,Badger 1,AZ,136.04908102256798
2027,4,p28,Apache Junction Landfill,401688,Bonnybrooke PV,AZ,74.89729479170323
2027,4,p28,Apache Junction Landfill,400371,Buckeye Union HS District 201,AZ,117.0509145690805
2027,4,p28,Apache Junction Landfill,405635,"Central Line Solar, LLC",AZ,89.44232969339363
2027,4,p28,Apache Junction Landfill,400201,Chino Solar Valley,AZ,174.29166119454496
2027,4,p28,Apache Junction Landfill,400202,Cotton Center Solar Hybrid,AZ,128.61300295999587
2027,4,p28,Apache Junction Landfill,401069,Desert Star Hybrid,AZ,125.88796631773866
2027,4,p28,Apache Junction Landfill,403257,East Line Solar,AZ,89.39596421083304
2027,4,p28,Apache Junction Landfill,406171,Eleven Mile Solar Center,AZ,88.06173399806491
2027,4,p28,Apache Junction Landfill,405244,Estrella Mountain PV,AZ,103.17556147107275
2027,4,p28,South Yuma County Landfill,400349,Foothills Solar Plant Hybrid,AZ,50.731730769321665
2027,4,p28,Apache Junction Landfill,400825,Fort Huachuca Solar PV Project,AZ,216.88273901650174
2027,4,p28,Apache Junction Landfill,400845,Gila Bend Hybrid,AZ,138.58614251055732
2027,4,p28,Apache Junction Landfill,400599,"Gilbert Solar Facility I, LLC",AZ,65.18568584911682
2027,4,p28,South Yuma County Landfill,400507,Hyder II Hybrid,AZ,129.7476496260306
2027,4,p28,South Yuma County Landfill,400204,Hyder Solar Hybrid,AZ,130.25182748046583
2027,4,p28,Apache Junction Landfill,405282,Intel - Ocotillo Campus Solar,AZ,72.32874243847554
2027,4,p28,Apache Junction Landfill,405125,Jewish Community Center PV,AZ,79.98354748976374
2027,4,p28,Apache Junction Landfill,402234,Kayenta Solar Project,AZ,344.7414332767297
2027,4,p28,Apache Junction Landfill,400595,Lake Pleasant WTP,AZ,108.02222724801473
2027,4,p28,Apache Junction Landfill,400128,Luke Solar,AZ,106.87898886465395
2027,4,p28,Apache Junction Landfill,405068,Macys Goodyear,AZ,107.0290293438961
2027,4,p28,South Yuma County Landfill,406279,McFarland A Solar and Storage,AZ,121.0534879894668
2027,4,p28,Apache Junction Landfill,405617,Mesa Carport PV,AZ,51.35642646408164
2027,4,p28,Apache Junction Landfill,404512,Mesa Solar Array,AZ,51.4664589391476
2027,4,p28,Apache Junction Landfill,400250,Mesquite Solar 1,AZ,141.35676027129801
2027,4,p28,Apache Junction Landfill,401621,"Mesquite Solar 2, LLC",AZ,142.74792762450244
2027,4,p28,Apache Junction Landfill,401622,"Mesquite Solar 3, LLC",AZ,145.92740771963847
2027,4,p28,Apache Junction Landfill,406038,"Mesquite Solar 4, LLC",AZ,140.67005962503217
2027,4,p28,Apache Junction Landfill,404922,"Mesquite Solar 5, LLC",AZ,139.76768501182733
2027,4,p28,South Yuma County Landfill,403572,OE_AZ1,AZ,154.99277590427135
2027,4,p28,Apache Junction Landfill,400203,Paloma Solar Hybrid,AZ,128.33548649305155
2027,4,p28,Apache Junction Landfill,405126,Paradise Valley H.S. PV,AZ,86.34267790036148
2027,4,p28,Apache Junction Landfill,405150,Phoenix Airport East Economy Lot,AZ,77.83798348253046
2027,4,p28,Apache Junction Landfill,405151,Phoenix Airport Rental Car Center,AZ,81.86760190718626
2027,4,p28,Apache Junction Landfill,402528,Pinal Central Energy Center Hybrid,AZ,86.29314129311658
2027,4,p28,Apache Junction Landfill,400125,"Poseidon Solar, LLC",AZ,63.4123861255116
2027,4,p28,Apache Junction Landfill,400031,Prescott Airport,AZ,168.16814430461997
2027,4,p28,Apache Junction Landfill,400401,Prescott Solar Plant,AZ,169.53565800840772
2027,4,p28,Apache Junction Landfill,400323,Queen Creek Solar Farm,AZ,56.06110358157989
2027,4,p28,Mohave Valley Landfill,400289,"RE Bagdad Solar I, LLC",AZ,138.44023440937124
2027,4,p28,Apache Junction Landfill,405132,"RE Gillespie 1, LLC",AZ,126.05763550593207
2027,4,p28,Apache Junction Landfill,400758,Red Horse 2,AZ,179.20738144778207
2027,4,p28,Apache Junction Landfill,401609,Red Horse III,AZ,175.6578048614376
2027,4,p28,Apache Junction Landfill,401726,Red Rock,AZ,115.3433979248956
2027,4,p28,Apache Junction Landfill,406380,SR McNeal,AZ,243.35985834991496
2027,4,p28,South Yuma County Landfill,400416,Saddle Mountain Solar I,AZ,154.38181261423665
2027,4,p28,Apache Junction Landfill,403674,Saint Solar,AZ,87.82221383803699
2027,4,p28,Apache Junction Landfill,401214,Sandstone Solar,AZ,73.83377948868477
2027,4,p28,Apache Junction Landfill,405029,Solana Generating Station,AZ,149.9674267470904
2027,4,p28,Apache Junction Landfill,406275,Sonoran Solar Energy,AZ,115.01863216132024
2027,4,p28,Apache Junction Landfill,406034,Storey Solar and Storage,AZ,84.86814361730002
2027,4,p28,Apache Junction Landfill,401664,Sulphur Springs,AZ,199.12406755851924
2027,4,p28,Apache Junction Landfill,403643,Sun Streams 2,AZ,134.44705310926022
2027,4,p28,Apache Junction Landfill,406517,Sun Streams 3,AZ,133.76093078603435
2027,4,p28,Apache Junction Landfill,401975,"Sun Streams, LLC",AZ,136.57275886797353
2027,4,p28,Apache Junction Landfill,405311,T0588 Phoenix - AZ,AZ,93.71929385621871
2027,4,p28,Apache Junction Landfill,405134,Union HS at Casa Grande,AZ,83.97833054796385
2027,4,p28,Apache Junction Landfill,405135,Vista Grande HS at Casa Grande,AZ,87.72639179840799
2027,4,p28,Apache Junction Landfill,400334,Walmart Casa Grande,AZ,91.39970904772098
2027,4,p28,Apache Junction Landfill,406098,"West Line Solar, LLC",AZ,89.54125340602538
2027,4,p29,Apache Junction Landfill,400014,Springerville,AZ,1183.4234673731387
2027,4,p30,Apache Junction Landfill,405143,Actus Lend Lease DMAFB,AZ,175.87670097794157
2027,4,p30,Apache Junction Landfill,405611,Amazon TUS2,AZ,178.0654111119883
2027,4,p30,Apache Junction Landfill,405268,Amphitheater High School Solar,AZ,168.41057477278713
2027,4,p30,Apache Junction Landfill,400939,Avalon Solar,AZ,182.27734115485057
2027,4,p30,Apache Junction Landfill,401479,Avalon Solar II,AZ,162.1907989478275
2027,4,p30,Apache Junction Landfill,400226,Avra Valley Solar,AZ,146.1374984623633
2027,4,p30,Apache Junction Landfill,404704,Broadway 2 - Tucson Phase II,AZ,144.290858600815
2027,4,p30,Apache Junction Landfill,405768,Broadway 3 - Tucson Phase I,AZ,152.3487711369869
2027,4,p30,Apache Junction Landfill,405269,Canyon Del Oro High School Solar,AZ,162.39514700243916
2027,4,p30,Apache Junction Landfill,400757,Cogenra-TEP,AZ,211.79539723179985
2027,4,p30,Apache Junction Landfill,401295,Davis Monthan AFB (AZ) West Airfield,AZ,186.78618813184133
2027,4,p30,Apache Junction Landfill,400330,FRB Solar Farm,AZ,192.28210184112814
2027,4,p30,Apache Junction Landfill,400761,"Gato Montes Solar, LLC",AZ,180.74463433094752
2027,4,p30,Apache Junction Landfill,404536,Iron Horse Battery Storage Hybrid,AZ,185.81517826663253
2027,4,p30,Apache Junction Landfill,400552,"Picture Rocks Solar, LLC",AZ,135.32176710859227
2027,4,p30,Apache Junction Landfill,405374,Pima Community College,AZ,180.26428548242734
2027,4,p30,Apache Junction Landfill,405303,Pima Community College - East Campus,AZ,163.98402515276612
2027,4,p30,Apache Junction Landfill,405516,Pima Community College NW,AZ,150.33083664046083
2027,4,p30,Apache Junction Landfill,400408,Prairie Fire,AZ,184.10257064087415
2027,4,p30,Apache Junction Landfill,400290,"RE Ajo 1, LLC",AZ,1936.43119682103
2027,4,p30,South Yuma County Landfill,400290,"RE Ajo 1, LLC",AZ,158.8007910964716
2027,4,p30,Apache Junction Landfill,404926,Raptor Ridge,AZ,184.18722339842947
2027,4,p30,Apache Junction Landfill,400857,Rio Rico Solar,AZ,217.36591087073023
2027,4,p30,Apache Junction Landfill,400193,Roger Road WWTP,AZ,142.70902912973514
2027,4,p30,Apache Junction Landfill,401076,Tech Park Solar,AZ,171.62178298305648
2027,4,p30,Apache Junction Landfill,400156,UASTP I,AZ,182.20428211956042
2027,4,p30,Apache Junction Landfill,401075,Valencia Solar,AZ,157.97269232310063
2027,4,p30,Apache Junction Landfill,404187,"Wilmot Energy Center, LLC",AZ,200.5802374895542
2027,4,p31,City of Clovis Landfill,400211,Alamogordo Solar Energy Center,NM,257.7538175711602
2027,4,p31,Northeastern New Mexico Regional Landfill,400206,Albuquerque Solar Energy Center,NM,188.13990315248088
2027,4,p31,Northeastern New Mexico Regional Landfill,403675,Alcalde Solar Array,NM,133.06689105900315
2027,4,p31,Apache Junction Landfill,401595,Alta Luna,NM,349.3353272560055
2027,4,p31,Northeastern New Mexico Regional Landfill,404724,Angel Fire Energy Facility,NM,84.50339555483188
2027,4,p31,Northeastern New Mexico Regional Landfill,405469,Arroyo Solar Energy Storage Hybrid,NM,240.22740196963406
2027,4,p31,Northeastern New Mexico Regional Landfill,403321,Bluewater CDEC 1,NM,297.8325417718882
2027,4,p31,Northeastern New Mexico Regional Landfill,403736,Britton Solar Energy Center,NM,168.00012659441873
2027,4,p31,City of Clovis Landfill,404981,Buena Vista Energy Center,NM,303.5400538578233
2027,4,p31,Northeastern New Mexico Regional Landfill,402876,CNMEC Solar Energy Center,NM,198.33201126525734
2027,4,p31,City of Clovis Landfill,402519,Carrizozo Solar,NM,219.14562774848437
2027,4,p31,Northeastern New Mexico Regional Landfill,401202,Cibola,NM,228.10651204752546
2027,4,p31,Northeastern New Mexico Regional Landfill,400104,Cimarron Solar Facility,NM,65.18648275166368
2027,4,p31,Apache Junction Landfill,402988,City of Gallup Solar,NM,333.2926146320949
2027,4,p31,Northeastern New Mexico Regional Landfill,403604,City of Rio Rancho WWTP,NM,200.35694501024926
2027,4,p31,City of Clovis Landfill,401225,City of Truth or Consequences PV,NM,330.2576911022226
2027,4,p31,Apache Junction Landfill,402177,Columbus Solar Project,NM,352.20647622728376
2027,4,p31,Northeastern New Mexico Regional Landfill,404748,"Cuba 2.5ac, LLC",NM,192.80993134383132
2027,4,p31,Apache Junction Landfill,400209,Deming Solar Energy Center,NM,329.20020108121446
2027,4,p31,Northeastern New Mexico Regional Landfill,403868,Encino Solar Energy Center,NM,212.20591382455711
2027,4,p31,Northeastern New Mexico Regional Landfill,401038,Eubank Landfill Solar Array,NM,192.5569182887113
2027,4,p31,Northeastern New Mexico Regional Landfill,402441,Facebook 1 Solar Energy Center,NM,212.65514691322758
2027,4,p31,Northeastern New Mexico Regional Landfill,402442,Facebook 2 Solar Energy Center,NM,207.8674064915128
2027,4,p31,Northeastern New Mexico Regional Landfill,402443,Facebook 3 Solar Energy Center,NM,209.24977138709443
2027,4,p31,Northeastern New Mexico Regional Landfill,403322,Grants CDEC 2,NM,283.11461011737254
2027,4,p31,Apache Junction Landfill,400216,"Hatch Solar Energy Center I, LLC",NM,689.2683751799319
2027,4,p31,City of Clovis Landfill,400216,"Hatch Solar Energy Center I, LLC",NM,326.1394364285098
2027,4,p31,City of Clovis Landfill,401617,Holloman Solar Facility,NM,256.4296058341753
2027,4,p31,Northeastern New Mexico Regional Landfill,406109,"Jicarilla Solar 1, LLC",NM,217.8353280487492
2027,4,p31,Northeastern New Mexico Regional Landfill,400427,Kit Carson,NM,125.22213998506172
2027,4,p31,Northeastern New Mexico Regional Landfill,400210,Las Vegas Solar Energy Center,NM,88.16527265779813
2027,4,p31,Northeastern New Mexico Regional Landfill,400434,Los Alamos PV Site,NM,177.00459363055774
2027,4,p31,Northeastern New Mexico Regional Landfill,400207,Los Lunas Solar Energy Center,NM,230.5634220371857
2027,4,p31,Apache Junction Landfill,400838,Macho Springs,NM,357.2080585629762
2027,4,p31,Northeastern New Mexico Regional Landfill,400582,Manzano Solar,NM,219.6077502544259
2027,4,p31,Northeastern New Mexico Regional Landfill,401201,Meadow Lake Solar Energy Center,NM,194.7975397126249
2027,4,p31,Northeastern New Mexico Regional Landfill,406177,"NMRD Data Center III, LLC",NM,201.56669993958906
2027,4,p31,City of Clovis Landfill,405693,NMSU Solar and Storage,NM,344.97728916193716
2027,4,p31,Northeastern New Mexico Regional Landfill,406375,OE_ESCL,NM,268.99059125191695
2027,4,p31,City of Clovis Landfill,400581,Otero Solar,NM,253.1671232456712
2027,4,p31,Northeastern New Mexico Regional Landfill,400146,Questa Solar Facility,NM,115.74961185774042
2027,4,p31,Northeastern New Mexico Regional Landfill,403178,"RC Energy AA, LLC Solar Facility",NM,198.13400677497035
2027,4,p31,Northeastern New Mexico Regional Landfill,401566,Rio Communities Solar Energy Center,NM,212.4750561151524
2027,4,p31,Northeastern New Mexico Regional Landfill,403084,Rio De Oro Solar Energy Center,NM,218.43598254172807
2027,4,p31,Northeastern New Mexico Regional Landfill,400624,Rio Rancho High School,NM,191.20657991232196
2027,4,p31,City of Clovis Landfill,400135,Roadrunner Solar,NM,336.1980562624252
2027,4,p31,Northeastern New Mexico Regional Landfill,404648,"Route 66 Energy Center, LLC",NM,264.15064893427945
2027,4,p31,Northeastern New Mexico Regional Landfill,403387,San Miguel I Solar Energy Center,NM,90.40995069397296
2027,4,p31,Northeastern New Mexico Regional Landfill,405458,San Miguel II Solar Energy Center,NM,85.91128849894375
2027,4,p31,Northeastern New Mexico Regional Landfill,401161,Sandoval Solar Energy Center,NM,213.14511495619237
2027,4,p31,Northeastern New Mexico Regional Landfill,401564,Santa Fe Solar Energy Center,NM,148.1354455943655
2027,4,p31,Northeastern New Mexico Regional Landfill,401565,Santolina Solar Energy Center,NM,215.96236725060479
2027,4,p31,Apache Junction Landfill,400596,Silver City WWTP PV Project,NM,285.68893083276635
2027,4,p31,Northeastern New Mexico Regional Landfill,406343,Sky Ranch Solar,NM,226.65815060239893
2027,4,p31,Northeastern New Mexico Regional Landfill,401563,South Valley Solar Energy Center,NM,196.94912317392226
2027,4,p31,Northeastern New Mexico Regional Landfill,401162,Springer Solar 1,NM,61.470884277385856
2027,4,p31,Northeastern New Mexico Regional Landfill,400735,Storrie Lake Solar Project,NM,87.14070449257856
2027,4,p31,Northeastern New Mexico Regional Landfill,400623,Sue Cleveland High School,NM,197.3475963269167
2027,4,p31,City of Clovis Landfill,400343,"SunE EPE1, LLC",NM,332.23480319341536
2027,4,p31,City of Clovis Landfill,400342,"SunE EPE2, LLC",NM,334.87613583221093
2027,4,p31,Northeastern New Mexico Regional Landfill,402854,Syncarpha Eagle Nest,NM,93.8049727715962
2027,4,p31,Northeastern New Mexico Regional Landfill,403412,Syncarpha El Rito,NM,137.2644073051315
2027,4,p31,Northeastern New Mexico Regional Landfill,403413,Syncarpha Questa,NM,121.76270949696833
2027,4,p31,Northeastern New Mexico Regional Landfill,403411,Syncarpha Taos,NM,103.38964465959782
2027,4,p31,Northeastern New Mexico Regional Landfill,404618,Taos Mesa Energy Facility Hybrid,NM,112.06577406084973
2027,4,p31,Northeastern New Mexico Regional Landfill,403011,Vista Solar Energy Center,NM,222.5761412029048
2027,4,p31,City of Clovis Landfill,400354,WSMR I,NM,305.6703607319623
2027,4,p31,City of Clovis Landfill,405245,Wal-Mart Truth or Consequences PV,NM,340.8897144892722
2027,4,p47,City of Clovis Landfill,400979,"Caprock Solar 1, LLC",NM,107.55108552312923
2027,4,p47,City of Clovis Landfill,404980,Chaves County Solar II,NM,169.49695318455315
2027,4,p47,City of Clovis Landfill,401681,"Chaves Solar, LLC",NM,157.94204287384935
2027,4,p47,City of Clovis Landfill,400614,GSE NM1,NM,178.8054863143486
2027,4,p47,City of Clovis Landfill,404982,Hayhurst New Mexico Solar,NM,303.4893581849847
2027,4,p47,City of Clovis Landfill,402530,Middle Daisy,NM,136.12379924113122
2027,4,p47,City of Clovis Landfill,401682,"Roswell Solar, LLC",NM,150.72862012214648
2027,4,p47,City of Clovis Landfill,400546,SEV NM Phase 2,NM,177.62887599645438
2027,4,p47,City of Clovis Landfill,400260,SPS1 Dollarhide,NM,241.56625463365202
2027,4,p47,City of Clovis Landfill,400261,SPS2 Jal,NM,223.38349486800456
2027,4,p47,City of Clovis Landfill,400262,SPS3 Lea,NM,156.48345132151002
2027,4,p47,City of Clovis Landfill,400264,SPS5 Hopi,NM,216.75594714391946
2027,4,p47,City of Clovis Landfill,404698,SoCore Clovis 1,NM,23.642172112737054
2027,4,p48,City of Clovis Landfill,406439,"BESSP1, LLC",TX,826.9082635195249
2027,4,p48,City of Clovis Landfill,405590,"Hecate Energy Frye Solar, LLC",TX,806.1156294106621
2027,4,p57,Victoria Landfill,404918,"Hecate Energy Upshur Rural, LLC",TX,7396.882703891774
2027,4,p59,City of Clovis Landfill,402666,Fort Bliss (DEA EPIC),TX,9432.739265859333
2027,4,p59,City of Clovis Landfill,401616,Montana Solar Facility,TX,8490.216154219388
2027,4,p59,City of Clovis Landfill,401045,Newman Solar,TX,3855.895333283661
2027,4,p60,City of Clovis Landfill,403962,"ANSON Solar Center, LLC",TX,1295.386580417776
2027,4,p60,City of Clovis Landfill,403883,Azure Sky Solar,TX,1852.9921583653652
2027,4,p60,City of Clovis Landfill,403232,"ENGIE Long Draw Solar, LLC",TX,1123.5275120786298
2027,4,p60,City of Clovis Landfill,406252,Highpeak Solar 1,TX,1086.63224724794
2027,4,p60,City of Clovis Landfill,402721,Holstein 1 Solar Farm,TX,2058.947831862343
2027,4,p60,City of Clovis Landfill,405492,Juno Solar Project,TX,887.3737927182578
2027,4,p60,City of Clovis Landfill,402541,Lamesa II,TX,763.6639521317702
2027,4,p60,City of Clovis Landfill,401660,Lamesa Solar,TX,1627.5767454407955
2027,4,p60,City of Clovis Landfill,405932,Lumina II Solar Project,TX,942.3224795207378
2027,4,p60,City of Clovis Landfill,405933,Lumina Solar Project,TX,1432.679911772311
2027,4,p60,City of Clovis Landfill,402909,Misae Solar,TX,2020.7698535954391
2027,4,p60,City of Clovis Landfill,400968,"OCI Alamo 7, LLC",TX,1401.5686577082704
2027,4,p60,City of Clovis Landfill,405939,Texas Solar Nova 1,TX,926.75904440211
2027,4,p61,City of Clovis Landfill,400967,Alamo 6,TX,533.3676031367827
2027,4,p61,City of Clovis Landfill,403557,Aragorn Solar Project,TX,550.8422744666124
2027,4,p61,City of Clovis Landfill,400691,Barilla Solar,TX,570.235300889233
2027,4,p61,City of Clovis Landfill,401946,Bluebell Solar,TX,726.1843399285715
2027,4,p61,City of Clovis Landfill,403574,Bluebell Solar II,TX,525.2549359472517
2027,4,p61,City of Clovis Landfill,400554,"Bryan Solar, LLC",TX,548.0414672555578
2027,4,p61,City of Clovis Landfill,401463,Buckthorn Westex,TX,383.4869095623118
2027,4,p61,City of Clovis Landfill,401703,East Pecos Solar,TX,380.21647931392
2027,4,p61,City of Clovis Landfill,405363,Galloway 1 Solar Farm,TX,387.04995745301153
2027,4,p61,City of Clovis Landfill,405494,Galloway 2 Solar Farm,TX,716.6694149122467
2027,4,p61,City of Clovis Landfill,403210,Greasewood,TX,719.9364825722263
2027,4,p61,City of Clovis Landfill,406370,Hayhurst Texas Solar,TX,468.8041247207121
2027,4,p61,City of Clovis Landfill,402304,Midway Solar-TX,TX,765.8621265715896
2027,4,p61,Victoria Landfill,400695,"OCI Alamo 4, LLC",TX,359.8591811238979
2027,4,p61,City of Clovis Landfill,401868,Pearl Solar,TX,421.76265033125156
2027,4,p61,City of Clovis Landfill,402290,RE Maplewood,TX,540.0824467792936
2027,4,p61,City of Clovis Landfill,401430,RE Roserock,TX,449.96599822942045
2027,4,p61,City of Clovis Landfill,402848,Rambler,TX,1037.914398787966
2027,4,p61,City of Clovis Landfill,402083,Solaire Holman Solar Project,TX,565.2478970160979
2027,4,p61,City of Clovis Landfill,403023,"Taygete Energy Project, LLC",TX,901.2442781660588
2027,4,p61,City of Clovis Landfill,404647,Taygete II Energy Project,TX,450.19686067200087
2027,4,p61,City of Clovis Landfill,403551,Titan Solar Project,TX,488.21447744838923
2027,4,p61,Victoria Landfill,406103,Zier Solar,TX,446.4107521215166
2027,4,p62,City of Clovis Landfill,403502,2W Permian Solar Project Hybrid,TX,1567.2779911495788
2027,4,p62,City of Clovis Landfill,403697,CED Crane Solar,TX,2188.9669051617593
2027,4,p62,City of Clovis Landfill,401525,Castle Gap Solar Hybrid,TX,3087.66940575556
2027,4,p62,City of Clovis Landfill,404599,Emerald Grove,TX,2837.5995570283726
2027,4,p62,City of Clovis Landfill,403004,Lapetus,TX,2369.218987535655
2027,4,p62,City of Clovis Landfill,403280,Oberon IA,TX,2092.971099380147
2027,4,p62,City of Clovis Landfill,403279,Oberon IB,TX,1701.270842427661
2027,4,p62,City of Clovis Landfill,403602,Oxy Renewable Energy-Goldsmith,TX,1926.5740411512481
2027,4,p62,City of Clovis Landfill,402679,Phoebe Solar,TX,2743.1771393511776
2027,4,p62,City of Clovis Landfill,403177,Prospero Solar,TX,1935.8707776650251
2027,4,p62,City of Clovis Landfill,404128,Prospero Solar II,TX,1284.8832765105672
2027,4,p62,City of Clovis Landfill,403070,"Roadrunner, LLC",TX,2915.8033671089247
2027,4,p62,City of Clovis Landfill,401805,Upton County Solar,TX,3464.0816187801397
2027,4,p62,City of Clovis Landfill,402995,West of the Pecos Solar,TX,1992.7769155646831
2027,4,p63,Victoria Landfill,405599,"BPL Crown Solar, LLC",TX,333.2803553246519
2027,4,p63,Victoria Landfill,404966,BPL Files Solar,TX,585.8845671154776
2027,4,p63,Victoria Landfill,403825,Briar Creek Solar 1,TX,889.673054506839
2027,4,p63,Victoria Landfill,402610,Chisum,TX,1025.0873525489249
2027,4,p63,Victoria Landfill,401697,CoServ Community Solar Station,TX,1148.1729341759699
2027,4,p63,Victoria Landfill,403188,Coniglio Solar,TX,907.3331628158584
2027,4,p63,Victoria Landfill,406415,Dileo Solar,TX,429.9593746653705
2027,4,p63,Victoria Landfill,402655,Eddy II,TX,518.8707887810697
2027,4,p63,Victoria Landfill,406221,Eiffel Solar Project,TX,662.8455766337917
2027,4,p63,Victoria Landfill,405540,"Ellis Solar, LLC",TX,561.5898659780163
2027,4,p63,Victoria Landfill,403823,Elm Branch Solar 1,TX,727.0139243114286
2027,4,p63,Victoria Landfill,406206,Five Wells Solar Center - Hybrid,TX,468.94909270799997
2027,4,p63,Victoria Landfill,404567,G.S.E. One LLC,TX,765.4845909756809
2027,4,p63,Victoria Landfill,403288,Griffin Solar,TX,455.2382136184806
2027,4,p63,Victoria Landfill,406202,Grizzly Ridge Solar,TX,553.6757461049995
2027,4,p63,Victoria Landfill,402329,Highway 56 Solar,TX,1036.4163162542623
2027,4,p63,Victoria Landfill,405319,IKEA Grand Prairie Rooftop PV System,TX,744.0672066200763
2027,4,p63,Victoria Landfill,405689,"IP Radian, LLC",TX,657.9345904572335
2027,4,p63,Victoria Landfill,403481,Impact Solar 1,TX,930.9216367764003
2027,4,p63,Victoria Landfill,403190,Kellam Solar,TX,655.4122571967224
2027,4,p63,Victoria Landfill,402421,Leon Solar,TX,1441.5940471834035
2027,4,p63,Victoria Landfill,403874,Lily Solar Hybrid,TX,686.8285011445375
2027,4,p63,Victoria Landfill,402404,Marlin Solar,TX,454.77450539232206
2027,4,p63,Victoria Landfill,405794,Noble Solar,TX,672.0153010258148
2027,4,p63,City of Clovis Landfill,402405,North Gainesville Solar,TX,793.2883992749303
2027,4,p63,Victoria Landfill,401933,Phantom Solar,TX,664.1090657670053
2027,4,p63,Victoria Landfill,404872,"Pisgah Ridge Solar, LLC",TX,454.7333984943173
2027,4,p63,Victoria Landfill,406416,Pitts Dudik Solar,TX,515.2206580566586
2027,4,p63,City of Clovis Landfill,403189,Rippey Solar,TX,1113.874765197105
2027,4,p63,Victoria Landfill,404630,"Samson Solar Energy III, LLC",TX,630.7351628842274
2027,4,p63,Victoria Landfill,402652,Sterling Solar (TX),TX,925.8325208754824
2027,4,p63,Victoria Landfill,404812,Sun Valley Solar Project,TX,489.63679216318616
2027,4,p63,Victoria Landfill,404388,"TPE Erath Solar, LLC",TX,915.0781990351434
2027,4,p63,Victoria Landfill,403457,"TPE Whitney Solar, LLC",TX,428.73433424197805
2027,4,p63,Victoria Landfill,405361,Toyota HQ Plan,TX,714.2489724239623
2027,4,p63,Victoria Landfill,405907,Verizon Hidden Ridge Solar Project,TX,1177.6217967860161
2027,4,p63,Victoria Landfill,405984,Waco Solar,TX,742.711696899456
2027,4,p63,Victoria Landfill,402306,Walnut Springs Solar,TX,730.9531106010662
2027,4,p63,Victoria Landfill,402497,West Moore Solar II,TX,1269.914706838186
2027,4,p63,Victoria Landfill,402330,Whitesboro Solar,TX,812.6532519618947
2027,4,p63,Victoria Landfill,402331,Whitesboro Solar II,TX,1066.0131215328668
2027,4,p63,Victoria Landfill,402414,Whitewright Solar,TX,1373.6032424627174
2027,4,p63,Victoria Landfill,402654,Yellow Jacket,TX,1011.3781140215832
2027,4,p64,Victoria Landfill,405731,Austin TX GigaFactory,TX,279.40199320014955
2027,4,p64,Victoria Landfill,402203,Bandera Electric Coop PV,TX,424.62625878208047
2027,4,p64,Victoria Landfill,404721,"Blue Jay Solar I, LLC",TX,390.1628584444331
2027,4,p64,Victoria Landfill,402648,Bovine,TX,247.97825237715503
2027,4,p64,Victoria Landfill,402389,"E-Volve Energy Holdings, LLC",TX,173.70161595164979
2027,4,p64,Victoria Landfill,400227,East Blackland Solar Project 1,TX,260.4577693580352
2027,4,p64,Victoria Landfill,405101,IKEA Round Rock 027,TX,266.0778889757818
2027,4,p64,Victoria Landfill,402653,Lampwick,TX,412.1086388968792
2027,4,p64,Victoria Landfill,405613,Niagara Bottling - Seguin,TX,183.1027549271686
2027,4,p64,Victoria Landfill,402544,PowerFin Kingsbery,TX,199.1422297621389
2027,4,p64,Victoria Landfill,400249,Webberville Solar Project,TX,265.41288217711985
2027,4,p65,Victoria Landfill,405700,Aktina Solar,TX,128.93610659505597
2027,4,p65,Victoria Landfill,404074,"Alexis Solar, LLC",TX,270.4399683640937
2027,4,p65,Victoria Landfill,405727,Bernard Creek Solar,TX,163.66467307157245
2027,4,p65,Victoria Landfill,400081,Blue Wing Solar Energy Generation,TX,185.1820379665103
2027,4,p65,Victoria Landfill,405477,Brightside,TX,169.89488552089057
2027,4,p65,Victoria Landfill,401728,CPS 1 Community Solar,TX,177.55116152382948
2027,4,p65,Victoria Landfill,402656,Cascade Solar (TX),TX,161.65362890414005
2027,4,p65,Victoria Landfill,403987,Catan Solar,TX,137.154572368325
2027,4,p65,Victoria Landfill,403091,Commerce Solar,TX,205.54517741137698
2027,4,p65,Victoria Landfill,404247,"Corazon Energy, LLC",TX,262.35986122492466
2027,4,p65,Victoria Landfill,404062,Elara Solar,TX,257.9405447291924
2027,4,p65,Victoria Landfill,404359,FELPS 1-Calaveras,TX,171.9186830468012
2027,4,p65,Victoria Landfill,404361,FELPS 2-Calaveras,TX,180.62635188211317
2027,4,p65,Victoria Landfill,404362,FELPS 3-Floresville South,TX,181.08434809671851
2027,4,p65,Victoria Landfill,404363,FELPS 4-Floresville South,TX,179.68021604178088
2027,4,p65,Victoria Landfill,404364,FELPS 5-Floresville South,TX,152.811801467291
2027,4,p65,Victoria Landfill,404739,FELPS 6- Floresville West,TX,202.7056798266049
2027,4,p65,Victoria Landfill,404740,FELPS 7- Floresville West,TX,192.1301226533723
2027,4,p65,Victoria Landfill,406516,Ganado Solar,TX,110.96243962456903
2027,4,p65,Victoria Landfill,405801,Horizon Solar,TX,239.5317358993258
2027,4,p65,Victoria Landfill,405380,IKEA Live Oak Rooftop PV System,TX,221.08505282749167
2027,4,p65,Victoria Landfill,403343,Mars Solar,TX,264.97488270518005
2027,4,p65,Victoria Landfill,404877,Nebula Solar,TX,286.7534048312469
2027,4,p65,Victoria Landfill,400694,"OCI Alamo 2, LLC",TX,234.87270903292222
2027,4,p65,Victoria Landfill,400965,"OCI Alamo 3, LLC",TX,207.01827974721954
2027,4,p65,Victoria Landfill,400966,"OCI Alamo 5, LLC",TX,284.2869634801079
2027,4,p65,Victoria Landfill,400593,OCI Alamo Solar I Hybrid,TX,204.84489802137475
2027,4,p65,Victoria Landfill,405809,Shakes Solar,TX,310.1598962413659
2027,4,p65,Victoria Landfill,405545,Sparta Solar,TX,147.41777693044185
2027,4,p65,Victoria Landfill,400379,"SunE CPS1, LLC",TX,198.34711373851334
2027,4,p65,Victoria Landfill,400364,"SunE CPS2, LLC",TX,176.00064099226802
2027,4,p65,Victoria Landfill,400353,"SunE CPS3, LLC",TX,196.48964165532394
2027,4,p65,Victoria Landfill,406032,Tres Bahias,TX,93.32185315389779
2027,4,p65,Victoria Landfill,404878,Vancourt Solar Interconnections,TX,376.2805823302092
2027,4,p66,Victoria Landfill,406386,Umbriel Solar,TX,2847.9063657478578
2027,4,p67,Victoria Landfill,404939,Brazoria County Solar Project (Danciger),TX,467.1402816496499
2027,4,p67,Victoria Landfill,404681,Brazoria West,TX,496.76224680077405
2027,4,p67,Victoria Landfill,402649,Bronson,TX,556.0336432218426
2027,4,p67,Victoria Landfill,406178,"Cutlass Solar 1, LLC",TX,467.32907691017556
2027,4,p67,Victoria Landfill,404587,Fighting Jays Solar Project,TX,565.8246176594755
2027,4,p67,Victoria Landfill,405564,"Fort Bend Solar, LLC",TX,624.8659323516489
2027,4,p67,Victoria Landfill,404853,"Longbow Solar, LLC",TX,722.6238662924036
2027,4,p67,Victoria Landfill,403514,Wagyu,TX,608.3187205156951
2028,1,p12,Apex Regional Landfill,402144,Battle Mountain Solar Project,NV,733.0497789622725
2028,1,p12,Apex Regional Landfill,405025,Brady,NV,552.3782278729001
2028,1,p12,Apex Regional Landfill,405553,Dodge Flat,NV,761.1143575000592
2028,1,p12,Apex Regional Landfill,402609,"EGP Stillwater Solar PV II, LLC",NV,528.0459802028347
2028,1,p12,Apex Regional Landfill,404659,Fish Springs,NV,643.0728797299121
2028,1,p12,Apex Regional Landfill,401086,Ft. Churchill PV,NV,521.7638581614711
2028,1,p12,Apex Regional Landfill,405028,Galena 2 Geothermal Power Plant,NV,517.6037300135356
2028,1,p12,Apex Regional Landfill,402130,Luning Energy,NV,438.4035645222288
2028,1,p12,Apex Regional Landfill,403107,NVSS-II,NV,115.87499607145534
2028,1,p12,Apex Regional Landfill,400468,"Patua Acquisition Project, LLC",NV,478.3930440478417
2028,1,p12,Apex Regional Landfill,405021,Steamboat Hills LP,NV,564.4474302867585
2028,1,p12,Apex Regional Landfill,405023,Steamboat II,NV,832.7913550772471
2028,1,p12,Apex Regional Landfill,405024,Steamboat III,NV,545.3169251101671
2028,1,p12,Apex Regional Landfill,400029,Stillwater Facility,NV,453.15026056994435
2028,1,p12,Apex Regional Landfill,401318,Sunshine Valley Solar,NV,160.34876994203142
2028,1,p12,Apex Regional Landfill,405026,TS Power Plant,NV,739.0454817682381
2028,1,p12,Apex Regional Landfill,405576,Tesla Reno GigaFactory,NV,601.4826769165954
2028,1,p12,Apex Regional Landfill,401943,Tungsten Mountain,NV,402.05753787686075
2028,1,p12,Apex Regional Landfill,403308,Turquoise Liberty Solar,NV,604.753027703957
2028,1,p12,Apex Regional Landfill,403884,"Turquoise Nevada, LLC",NV,540.1633266537492
2028,1,p12,Apex Regional Landfill,400035,Western 102 Power Plant,NV,506.69084043742083
2028,1,p13,Apex Regional Landfill,400555,Apex Solar PV Power Project,NV,72.15858739064511
2028,1,p13,Apex Regional Landfill,405385,Arrow Canyon Solar Hybrid,NV,86.24657035676218
2028,1,p13,Apex Regional Landfill,402017,"Boulder Solar II, LLC",NV,76.66502167519226
2028,1,p13,Apex Regional Landfill,401649,"Boulder Solar Power, LLC",NV,76.9895511004475
2028,1,p13,Apex Regional Landfill,400059,CM10,NV,80.26189764951683
2028,1,p13,Apex Regional Landfill,400086,CM48,NV,80.5186427760446
2028,1,p13,Apex Regional Landfill,400363,Copper Mountain Solar 2,NV,81.14587395375686
2028,1,p13,Apex Regional Landfill,400802,Copper Mountain Solar 3,NV,73.0919749729781
2028,1,p13,Apex Regional Landfill,401308,"Copper Mountain Solar 4, LLC",NV,80.80052918825206
2028,1,p13,Apex Regional Landfill,403688,"Copper Mountain Solar 5, LLC",NV,82.65871844353124
2028,1,p13,Apex Regional Landfill,405358,Dignity - San Martin,NV,62.62447188444389
2028,1,p13,Apex Regional Landfill,405355,Dignity - Siena Campus,NV,61.45951314196051
2028,1,p13,Apex Regional Landfill,405556,Dry Lake Solar Energy Center,NV,77.1467370257053
2028,1,p13,Apex Regional Landfill,405495,Gemini Solar,NV,83.69358444450376
2028,1,p13,Apex Regional Landfill,403386,"Harry Allen Solar Energy, LLC",NV,75.1175505140685
2028,1,p13,Apex Regional Landfill,406090,IGS LAS1,NV,65.11968471501847
2028,1,p13,Apex Regional Landfill,406089,IGS VGT,NV,60.339220274191796
2028,1,p13,Apex Regional Landfill,405309,IKEA Las Vegas 462,NV,63.230611903520014
2028,1,p13,Apex Regional Landfill,400545,Las Vegas WPCF Solar Plant,NV,54.74911273499735
2028,1,p13,Apex Regional Landfill,400313,Moapa Southern Paiute,NV,89.53375386311471
2028,1,p13,Apex Regional Landfill,400600,Mountain View Solar,NV,71.75527754712478
2028,1,p13,Apex Regional Landfill,400036,Nellis Air Force Base Solar Array,NV,59.238495121143686
2028,1,p13,Apex Regional Landfill,401381,Nellis Solar PV II,NV,55.76660016168797
2028,1,p13,Apex Regional Landfill,401319,"Playa Solar 1, LLC",NV,73.88882047395973
2028,1,p13,Apex Regional Landfill,401596,Playa Solar 2,NV,74.35877225935155
2028,1,p13,Apex Regional Landfill,401274,River Mountains Solar,NV,65.70521343727256
2028,1,p13,Mohave Valley Landfill,401042,Searchlight Solar,NV,89.09285269562557
2028,1,p13,Apex Regional Landfill,400166,Silver State Solar Power North,NV,96.39266235281183
2028,1,p13,Apex Regional Landfill,400658,Silver State Solar Power South,NV,96.09760484487141
2028,1,p13,Apex Regional Landfill,405246,"Solar Las Vegas MB 2, LLC",NV,56.28568097936582
2028,1,p13,Apex Regional Landfill,405188,Solar Las Vegas MB-1,NV,56.526564124657
2028,1,p13,Apex Regional Landfill,400556,Spectrum Solar PV Power Project,NV,66.9139422053797
2028,1,p13,Apex Regional Landfill,402485,"Techren Solar I, LLC",NV,75.46616087860215
2028,1,p13,Apex Regional Landfill,402690,"Techren Solar II, LLC",NV,76.0165302575949
2028,1,p13,Apex Regional Landfill,402691,"Techren Solar III, LLC",NV,75.88363779639285
2028,1,p13,Apex Regional Landfill,402692,"Techren Solar IV, LLC",NV,73.71532068716472
2028,1,p13,Apex Regional Landfill,403001,Techren Solar V,NV,73.35054119355632
2028,1,p13,Apex Regional Landfill,401851,Townsite Solar Project Hybrid,NV,71.85937887134189
2028,1,p13,Apex Regional Landfill,406448,Yellow Pine II,NV,96.4860486605769
2028,1,p13,Apex Regional Landfill,404971,Yellow Pine Solar,NV,95.61177729404255
2028,1,p27,Mohave Valley Landfill,400374,"Black Mountain Solar, LLC",AZ,86.18485646429404
2028,1,p27,Mohave Valley Landfill,402236,Gray Hawk Solar,AZ,96.47491216502164
2028,1,p27,Mohave Valley Landfill,401819,Jacobson 5 MW Solar,AZ,109.3595971771311
2028,1,p27,Mohave Valley Landfill,400199,La Senita,AZ,101.2868353850258
2028,1,p27,Mohave Valley Landfill,403718,Mohave Electric Cooperative at Joy Lane,AZ,46.01349356927243
2028,1,p27,Mohave Valley Landfill,401311,Mohave Electric at Fort Mohave,AZ,45.3419687887357
2028,1,p27,Mohave Valley Landfill,406478,Mohave Energy - Hybrid,AZ,44.732773173731196
2028,1,p28,Apache Junction Landfill,405418,AZ State University - Tempe Campus Solar,AZ,73.62888755383236
2028,1,p28,South Yuma County Landfill,400148,Agua Caliente Solar Project,AZ,119.86930419872421
2028,1,p28,Apache Junction Landfill,402067,Apache Solar 1,AZ,202.32415979311654
2028,1,p28,South Yuma County Landfill,400274,Arizona Western College PV,AZ,48.85918217542029
2028,1,p28,Apache Junction Landfill,400240,Arlington Valley Solar Energy II,AZ,136.08857424771767
2028,1,p28,Apache Junction Landfill,400437,Badger 1,AZ,133.17567356730683
2028,1,p28,Apache Junction Landfill,401688,Bonnybrooke PV,AZ,74.89729479170323
2028,1,p28,Apache Junction Landfill,400371,Buckeye Union HS District 201,AZ,117.0509145690805
2028,1,p28,Apache Junction Landfill,405635,"Central Line Solar, LLC",AZ,89.44232969339363
2028,1,p28,Apache Junction Landfill,400201,Chino Solar Valley,AZ,174.29166119454496
2028,1,p28,Apache Junction Landfill,400202,Cotton Center Solar Hybrid,AZ,128.61300295999587
2028,1,p28,Apache Junction Landfill,401069,Desert Star Hybrid,AZ,125.70862419873139
2028,1,p28,Apache Junction Landfill,403257,East Line Solar,AZ,89.39596421083304
2028,1,p28,Apache Junction Landfill,406171,Eleven Mile Solar Center,AZ,88.06173399806491
2028,1,p28,Apache Junction Landfill,405244,Estrella Mountain PV,AZ,103.17556147107275
2028,1,p28,South Yuma County Landfill,400349,Foothills Solar Plant Hybrid,AZ,50.731730769321665
2028,1,p28,Apache Junction Landfill,400825,Fort Huachuca Solar PV Project,AZ,216.88273901650174
2028,1,p28,Apache Junction Landfill,400845,Gila Bend Hybrid,AZ,138.58614251055732
2028,1,p28,Apache Junction Landfill,400599,"Gilbert Solar Facility I, LLC",AZ,65.18568584911682
2028,1,p28,South Yuma County Landfill,400507,Hyder II Hybrid,AZ,129.7476496260306
2028,1,p28,South Yuma County Landfill,400204,Hyder Solar Hybrid,AZ,133.57992427647702
2028,1,p28,Apache Junction Landfill,405282,Intel - Ocotillo Campus Solar,AZ,72.27660141688577
2028,1,p28,Apache Junction Landfill,405125,Jewish Community Center PV,AZ,79.98354748976374
2028,1,p28,Apache Junction Landfill,402234,Kayenta Solar Project,AZ,344.7414332767297
2028,1,p28,Apache Junction Landfill,400595,Lake Pleasant WTP,AZ,108.02222724801473
2028,1,p28,Apache Junction Landfill,400128,Luke Solar,AZ,106.87898886465395
2028,1,p28,Apache Junction Landfill,405068,Macys Goodyear,AZ,107.0290293438961
2028,1,p28,South Yuma County Landfill,406279,McFarland A Solar and Storage,AZ,120.75604890370262
2028,1,p28,Apache Junction Landfill,405617,Mesa Carport PV,AZ,51.37607829981687
2028,1,p28,Apache Junction Landfill,404512,Mesa Solar Array,AZ,51.4664589391476
2028,1,p28,Apache Junction Landfill,400250,Mesquite Solar 1,AZ,141.35676027129801
2028,1,p28,Apache Junction Landfill,401621,"Mesquite Solar 2, LLC",AZ,142.74792762450244
2028,1,p28,Apache Junction Landfill,401622,"Mesquite Solar 3, LLC",AZ,145.92740771963847
2028,1,p28,Apache Junction Landfill,406038,"Mesquite Solar 4, LLC",AZ,140.67005962503217
2028,1,p28,Apache Junction Landfill,404922,"Mesquite Solar 5, LLC",AZ,139.76768501182733
2028,1,p28,South Yuma County Landfill,403572,OE_AZ1,AZ,154.99277590427135
2028,1,p28,Apache Junction Landfill,400203,Paloma Solar Hybrid,AZ,128.33548649305155
2028,1,p28,Apache Junction Landfill,405126,Paradise Valley H.S. PV,AZ,86.0106950255656
2028,1,p28,Apache Junction Landfill,405150,Phoenix Airport East Economy Lot,AZ,77.83798348253046
2028,1,p28,Apache Junction Landfill,405151,Phoenix Airport Rental Car Center,AZ,81.75843691277373
2028,1,p28,Apache Junction Landfill,402528,Pinal Central Energy Center Hybrid,AZ,86.29314129311658
2028,1,p28,Apache Junction Landfill,400125,"Poseidon Solar, LLC",AZ,63.4123861255116
2028,1,p28,Apache Junction Landfill,400031,Prescott Airport,AZ,168.16814430461997
2028,1,p28,Apache Junction Landfill,400401,Prescott Solar Plant,AZ,169.53565800840772
2028,1,p28,Apache Junction Landfill,400323,Queen Creek Solar Farm,AZ,56.06110358157989
2028,1,p28,Mohave Valley Landfill,400289,"RE Bagdad Solar I, LLC",AZ,138.44023440937124
2028,1,p28,Apache Junction Landfill,405132,"RE Gillespie 1, LLC",AZ,126.05763550593207
2028,1,p28,Apache Junction Landfill,400758,Red Horse 2,AZ,179.20738144778207
2028,1,p28,Apache Junction Landfill,401609,Red Horse III,AZ,175.6578048614376
2028,1,p28,Apache Junction Landfill,401726,Red Rock,AZ,115.3433979248956
2028,1,p28,Apache Junction Landfill,406380,SR McNeal,AZ,243.35985834991496
2028,1,p28,South Yuma County Landfill,400416,Saddle Mountain Solar I,AZ,154.38181261423665
2028,1,p28,Apache Junction Landfill,403674,Saint Solar,AZ,87.82221383803699
2028,1,p28,Apache Junction Landfill,401214,Sandstone Solar,AZ,73.83377948868477
2028,1,p28,Apache Junction Landfill,405029,Solana Generating Station,AZ,149.9674267470904
2028,1,p28,Apache Junction Landfill,406275,Sonoran Solar Energy,AZ,115.01863216132024
2028,1,p28,Apache Junction Landfill,406034,Storey Solar and Storage,AZ,84.86814361730002
2028,1,p28,Apache Junction Landfill,401664,Sulphur Springs,AZ,199.12406755851924
2028,1,p28,Apache Junction Landfill,403643,Sun Streams 2,AZ,134.20303313305334
2028,1,p28,Apache Junction Landfill,406517,Sun Streams 3,AZ,132.3792107643088
2028,1,p28,Apache Junction Landfill,401975,"Sun Streams, LLC",AZ,136.57275886797353
2028,1,p28,Apache Junction Landfill,405311,T0588 Phoenix - AZ,AZ,93.62181748807757
2028,1,p28,Apache Junction Landfill,405134,Union HS at Casa Grande,AZ,83.97833054796385
2028,1,p28,Apache Junction Landfill,405135,Vista Grande HS at Casa Grande,AZ,87.81523426609864
2028,1,p28,Apache Junction Landfill,400334,Walmart Casa Grande,AZ,89.7000570230325
2028,1,p28,Apache Junction Landfill,406098,"West Line Solar, LLC",AZ,89.54125340602538
2028,1,p29,Apache Junction Landfill,400014,Springerville,AZ,1183.4234673731387
2028,1,p30,Apache Junction Landfill,405143,Actus Lend Lease DMAFB,AZ,175.87670097794157
2028,1,p30,Apache Junction Landfill,405611,Amazon TUS2,AZ,178.0654111119883
2028,1,p30,Apache Junction Landfill,405268,Amphitheater High School Solar,AZ,168.41057477278713
2028,1,p30,Apache Junction Landfill,400939,Avalon Solar,AZ,183.0420223873885
2028,1,p30,Apache Junction Landfill,401479,Avalon Solar II,AZ,173.3660081962183
2028,1,p30,Apache Junction Landfill,400226,Avra Valley Solar,AZ,146.1374984623633
2028,1,p30,Apache Junction Landfill,404704,Broadway 2 - Tucson Phase II,AZ,154.9953037316185
2028,1,p30,Apache Junction Landfill,405768,Broadway 3 - Tucson Phase I,AZ,151.6580588667454
2028,1,p30,Apache Junction Landfill,405269,Canyon Del Oro High School Solar,AZ,162.39514700243916
2028,1,p30,Apache Junction Landfill,400757,Cogenra-TEP,AZ,211.79539723179985
2028,1,p30,Apache Junction Landfill,401295,Davis Monthan AFB (AZ) West Airfield,AZ,186.78618813184133
2028,1,p30,Apache Junction Landfill,400330,FRB Solar Farm,AZ,192.28210184112814
2028,1,p30,Apache Junction Landfill,400761,"Gato Montes Solar, LLC",AZ,162.65824961673468
2028,1,p30,Apache Junction Landfill,404536,Iron Horse Battery Storage Hybrid,AZ,185.81517826663253
2028,1,p30,Apache Junction Landfill,400552,"Picture Rocks Solar, LLC",AZ,135.32176710859227
2028,1,p30,Apache Junction Landfill,405374,Pima Community College,AZ,180.26428548242734
2028,1,p30,Apache Junction Landfill,405303,Pima Community College - East Campus,AZ,163.98402515276612
2028,1,p30,Apache Junction Landfill,405516,Pima Community College NW,AZ,150.33083664046083
2028,1,p30,Apache Junction Landfill,400408,Prairie Fire,AZ,178.51951119843986
2028,1,p30,Apache Junction Landfill,400290,"RE Ajo 1, LLC",AZ,1936.43119682103
2028,1,p30,South Yuma County Landfill,400290,"RE Ajo 1, LLC",AZ,158.8007910964716
2028,1,p30,Apache Junction Landfill,404926,Raptor Ridge,AZ,184.18722339842947
2028,1,p30,Apache Junction Landfill,400857,Rio Rico Solar,AZ,202.0652114704627
2028,1,p30,Apache Junction Landfill,400193,Roger Road WWTP,AZ,142.70902912973514
2028,1,p30,Apache Junction Landfill,401076,Tech Park Solar,AZ,171.62178298305648
2028,1,p30,Apache Junction Landfill,400156,UASTP I,AZ,182.20428211956042
2028,1,p30,Apache Junction Landfill,401075,Valencia Solar,AZ,178.67427750971459
2028,1,p30,Apache Junction Landfill,404187,"Wilmot Energy Center, LLC",AZ,195.77367266178229
2028,1,p31,City of Clovis Landfill,400211,Alamogordo Solar Energy Center,NM,257.7538175711602
2028,1,p31,Northeastern New Mexico Regional Landfill,400206,Albuquerque Solar Energy Center,NM,188.13990315248088
2028,1,p31,Northeastern New Mexico Regional Landfill,403675,Alcalde Solar Array,NM,133.06689105900315
2028,1,p31,Apache Junction Landfill,401595,Alta Luna,NM,349.3353272560055
2028,1,p31,Northeastern New Mexico Regional Landfill,404724,Angel Fire Energy Facility,NM,84.50339555483188
2028,1,p31,Northeastern New Mexico Regional Landfill,405469,Arroyo Solar Energy Storage Hybrid,NM,239.89720397434715
2028,1,p31,Northeastern New Mexico Regional Landfill,403321,Bluewater CDEC 1,NM,297.8325417718882
2028,1,p31,Northeastern New Mexico Regional Landfill,403736,Britton Solar Energy Center,NM,168.00012659441873
2028,1,p31,City of Clovis Landfill,404981,Buena Vista Energy Center,NM,303.5400538578233
2028,1,p31,Northeastern New Mexico Regional Landfill,402876,CNMEC Solar Energy Center,NM,198.33201126525734
2028,1,p31,City of Clovis Landfill,402519,Carrizozo Solar,NM,219.14562774848437
2028,1,p31,Northeastern New Mexico Regional Landfill,401202,Cibola,NM,228.10651204752546
2028,1,p31,Northeastern New Mexico Regional Landfill,400104,Cimarron Solar Facility,NM,65.18648275166368
2028,1,p31,Apache Junction Landfill,402988,City of Gallup Solar,NM,333.2926146320949
2028,1,p31,Northeastern New Mexico Regional Landfill,403604,City of Rio Rancho WWTP,NM,200.35694501024926
2028,1,p31,City of Clovis Landfill,401225,City of Truth or Consequences PV,NM,330.2576911022226
2028,1,p31,Apache Junction Landfill,402177,Columbus Solar Project,NM,352.20647622728376
2028,1,p31,Northeastern New Mexico Regional Landfill,404748,"Cuba 2.5ac, LLC",NM,192.80993134383132
2028,1,p31,Apache Junction Landfill,400209,Deming Solar Energy Center,NM,329.20020108121446
2028,1,p31,Northeastern New Mexico Regional Landfill,403868,Encino Solar Energy Center,NM,212.20591382455711
2028,1,p31,Northeastern New Mexico Regional Landfill,401038,Eubank Landfill Solar Array,NM,192.5569182887113
2028,1,p31,Northeastern New Mexico Regional Landfill,402441,Facebook 1 Solar Energy Center,NM,212.65514691322758
2028,1,p31,Northeastern New Mexico Regional Landfill,402442,Facebook 2 Solar Energy Center,NM,207.8674064915128
2028,1,p31,Northeastern New Mexico Regional Landfill,402443,Facebook 3 Solar Energy Center,NM,209.24977138709443
2028,1,p31,Northeastern New Mexico Regional Landfill,403322,Grants CDEC 2,NM,283.11461011737254
2028,1,p31,Apache Junction Landfill,400216,"Hatch Solar Energy Center I, LLC",NM,1006.8249358711283
2028,1,p31,City of Clovis Landfill,400216,"Hatch Solar Energy Center I, LLC",NM,326.1394364285098
2028,1,p31,City of Clovis Landfill,401617,Holloman Solar Facility,NM,256.4296058341753
2028,1,p31,Northeastern New Mexico Regional Landfill,406109,"Jicarilla Solar 1, LLC",NM,217.8353280487492
2028,1,p31,Northeastern New Mexico Regional Landfill,400427,Kit Carson,NM,125.22213998506172
2028,1,p31,Northeastern New Mexico Regional Landfill,400210,Las Vegas Solar Energy Center,NM,88.16527265779813
2028,1,p31,Northeastern New Mexico Regional Landfill,400434,Los Alamos PV Site,NM,177.00459363055774
2028,1,p31,Northeastern New Mexico Regional Landfill,400207,Los Lunas Solar Energy Center,NM,230.5634220371857
2028,1,p31,Apache Junction Landfill,400838,Macho Springs,NM,357.2080585629762
2028,1,p31,Northeastern New Mexico Regional Landfill,400582,Manzano Solar,NM,219.6077502544259
2028,1,p31,Northeastern New Mexico Regional Landfill,401201,Meadow Lake Solar Energy Center,NM,194.7975397126249
2028,1,p31,Northeastern New Mexico Regional Landfill,406177,"NMRD Data Center III, LLC",NM,201.56669993958906
2028,1,p31,City of Clovis Landfill,405693,NMSU Solar and Storage,NM,344.97728916193716
2028,1,p31,Northeastern New Mexico Regional Landfill,406375,OE_ESCL,NM,268.99059125191695
2028,1,p31,City of Clovis Landfill,400581,Otero Solar,NM,253.1671232456712
2028,1,p31,Northeastern New Mexico Regional Landfill,400146,Questa Solar Facility,NM,115.74961185774042
2028,1,p31,Northeastern New Mexico Regional Landfill,403178,"RC Energy AA, LLC Solar Facility",NM,196.92836852422275
2028,1,p31,Northeastern New Mexico Regional Landfill,401566,Rio Communities Solar Energy Center,NM,212.4750561151524
2028,1,p31,Northeastern New Mexico Regional Landfill,403084,Rio De Oro Solar Energy Center,NM,218.43598254172807
2028,1,p31,Northeastern New Mexico Regional Landfill,400624,Rio Rancho High School,NM,191.20657991232196
2028,1,p31,City of Clovis Landfill,400135,Roadrunner Solar,NM,336.1980562624252
2028,1,p31,Northeastern New Mexico Regional Landfill,404648,"Route 66 Energy Center, LLC",NM,264.15064893427945
2028,1,p31,Northeastern New Mexico Regional Landfill,403387,San Miguel I Solar Energy Center,NM,90.40995069397296
2028,1,p31,Northeastern New Mexico Regional Landfill,405458,San Miguel II Solar Energy Center,NM,85.91128849894375
2028,1,p31,Northeastern New Mexico Regional Landfill,401161,Sandoval Solar Energy Center,NM,213.14511495619237
2028,1,p31,Northeastern New Mexico Regional Landfill,401564,Santa Fe Solar Energy Center,NM,148.1354455943655
2028,1,p31,Northeastern New Mexico Regional Landfill,401565,Santolina Solar Energy Center,NM,215.96236725060479
2028,1,p31,Apache Junction Landfill,400596,Silver City WWTP PV Project,NM,288.00812216351096
2028,1,p31,Northeastern New Mexico Regional Landfill,406343,Sky Ranch Solar,NM,226.65815060239893
2028,1,p31,Northeastern New Mexico Regional Landfill,401563,South Valley Solar Energy Center,NM,196.94912317392226
2028,1,p31,Northeastern New Mexico Regional Landfill,401162,Springer Solar 1,NM,61.470884277385856
2028,1,p31,Northeastern New Mexico Regional Landfill,400735,Storrie Lake Solar Project,NM,87.14070449257856
2028,1,p31,Northeastern New Mexico Regional Landfill,400623,Sue Cleveland High School,NM,197.3475963269167
2028,1,p31,City of Clovis Landfill,400343,"SunE EPE1, LLC",NM,332.23480319341536
2028,1,p31,City of Clovis Landfill,400342,"SunE EPE2, LLC",NM,334.87613583221093
2028,1,p31,Northeastern New Mexico Regional Landfill,402854,Syncarpha Eagle Nest,NM,93.8049727715962
2028,1,p31,Northeastern New Mexico Regional Landfill,403412,Syncarpha El Rito,NM,137.2644073051315
2028,1,p31,Northeastern New Mexico Regional Landfill,403413,Syncarpha Questa,NM,121.62503372738135
2028,1,p31,Northeastern New Mexico Regional Landfill,403411,Syncarpha Taos,NM,103.38964465959782
2028,1,p31,Northeastern New Mexico Regional Landfill,404618,Taos Mesa Energy Facility Hybrid,NM,112.06577406084973
2028,1,p31,Northeastern New Mexico Regional Landfill,403011,Vista Solar Energy Center,NM,209.60653343133777
2028,1,p31,City of Clovis Landfill,400354,WSMR I,NM,321.1781786582699
2028,1,p31,City of Clovis Landfill,405245,Wal-Mart Truth or Consequences PV,NM,340.8897144892722
2028,1,p47,City of Clovis Landfill,400979,"Caprock Solar 1, LLC",NM,107.55108552312923
2028,1,p47,City of Clovis Landfill,404980,Chaves County Solar II,NM,169.49695318455315
2028,1,p47,City of Clovis Landfill,401681,"Chaves Solar, LLC",NM,157.94204287384935
2028,1,p47,City of Clovis Landfill,400614,GSE NM1,NM,178.8054863143486
2028,1,p47,City of Clovis Landfill,404982,Hayhurst New Mexico Solar,NM,303.4893581849847
2028,1,p47,City of Clovis Landfill,402530,Middle Daisy,NM,136.12379924113122
2028,1,p47,City of Clovis Landfill,401682,"Roswell Solar, LLC",NM,150.72862012214648
2028,1,p47,City of Clovis Landfill,400546,SEV NM Phase 2,NM,177.62887599645438
2028,1,p47,City of Clovis Landfill,400260,SPS1 Dollarhide,NM,241.56625463365202
2028,1,p47,City of Clovis Landfill,400261,SPS2 Jal,NM,223.38349486800456
2028,1,p47,City of Clovis Landfill,400262,SPS3 Lea,NM,156.48345132151002
2028,1,p47,City of Clovis Landfill,400264,SPS5 Hopi,NM,216.75594714391946
2028,1,p47,City of Clovis Landfill,404698,SoCore Clovis 1,NM,23.642172112737054
2028,1,p48,City of Clovis Landfill,406439,"BESSP1, LLC",TX,826.9082635195249
2028,1,p48,City of Clovis Landfill,405590,"Hecate Energy Frye Solar, LLC",TX,806.1156294106621
2028,1,p57,Victoria Landfill,404918,"Hecate Energy Upshur Rural, LLC",TX,7396.882703891774
2028,1,p59,City of Clovis Landfill,402666,Fort Bliss (DEA EPIC),TX,9432.739265859333
2028,1,p59,City of Clovis Landfill,401616,Montana Solar Facility,TX,8490.216154219388
2028,1,p59,City of Clovis Landfill,401045,Newman Solar,TX,3855.895333283661
2028,1,p60,City of Clovis Landfill,403962,"ANSON Solar Center, LLC",TX,1295.386580417776
2028,1,p60,City of Clovis Landfill,403883,Azure Sky Solar,TX,1852.9921583653652
2028,1,p60,City of Clovis Landfill,403232,"ENGIE Long Draw Solar, LLC",TX,815.9113707028055
2028,1,p60,City of Clovis Landfill,406252,Highpeak Solar 1,TX,1086.63224724794
2028,1,p60,City of Clovis Landfill,402721,Holstein 1 Solar Farm,TX,2058.947831862343
2028,1,p60,City of Clovis Landfill,405492,Juno Solar Project,TX,887.3737927182578
2028,1,p60,City of Clovis Landfill,402541,Lamesa II,TX,763.6639521317702
2028,1,p60,City of Clovis Landfill,401660,Lamesa Solar,TX,1627.5767454407955
2028,1,p60,City of Clovis Landfill,405932,Lumina II Solar Project,TX,942.3224795207378
2028,1,p60,City of Clovis Landfill,405933,Lumina Solar Project,TX,1432.679911772311
2028,1,p60,City of Clovis Landfill,402909,Misae Solar,TX,2020.7698535954391
2028,1,p60,City of Clovis Landfill,400968,"OCI Alamo 7, LLC",TX,1126.0228092546681
2028,1,p60,City of Clovis Landfill,405939,Texas Solar Nova 1,TX,926.75904440211
2028,1,p61,City of Clovis Landfill,400967,Alamo 6,TX,533.3676031367827
2028,1,p61,City of Clovis Landfill,403557,Aragorn Solar Project,TX,550.8422744666124
2028,1,p61,City of Clovis Landfill,400691,Barilla Solar,TX,570.235300889233
2028,1,p61,City of Clovis Landfill,401946,Bluebell Solar,TX,726.1843399285715
2028,1,p61,City of Clovis Landfill,403574,Bluebell Solar II,TX,388.26420002037713
2028,1,p61,City of Clovis Landfill,400554,"Bryan Solar, LLC",TX,548.0414672555578
2028,1,p61,City of Clovis Landfill,401463,Buckthorn Westex,TX,383.4869095623118
2028,1,p61,City of Clovis Landfill,401703,East Pecos Solar,TX,380.21647931392
2028,1,p61,City of Clovis Landfill,405363,Galloway 1 Solar Farm,TX,387.04995745301153
2028,1,p61,City of Clovis Landfill,405494,Galloway 2 Solar Farm,TX,542.7881691074945
2028,1,p61,City of Clovis Landfill,403210,Greasewood,TX,719.9364825722263
2028,1,p61,City of Clovis Landfill,406370,Hayhurst Texas Solar,TX,379.6949946453358
2028,1,p61,City of Clovis Landfill,402304,Midway Solar-TX,TX,765.8621265715896
2028,1,p61,Victoria Landfill,400695,"OCI Alamo 4, LLC",TX,359.8591811238979
2028,1,p61,City of Clovis Landfill,401868,Pearl Solar,TX,421.76265033125156
2028,1,p61,City of Clovis Landfill,402290,RE Maplewood,TX,540.0824467792936
2028,1,p61,City of Clovis Landfill,401430,RE Roserock,TX,449.96599822942045
2028,1,p61,City of Clovis Landfill,402848,Rambler,TX,1037.914398787966
2028,1,p61,City of Clovis Landfill,402083,Solaire Holman Solar Project,TX,565.2478970160979
2028,1,p61,City of Clovis Landfill,403023,"Taygete Energy Project, LLC",TX,901.2442781660588
2028,1,p61,City of Clovis Landfill,404647,Taygete II Energy Project,TX,450.19686067200087
2028,1,p61,City of Clovis Landfill,403551,Titan Solar Project,TX,488.21447744838923
2028,1,p61,Victoria Landfill,406103,Zier Solar,TX,446.4107521215166
2028,1,p62,City of Clovis Landfill,403502,2W Permian Solar Project Hybrid,TX,1567.2779911495788
2028,1,p62,City of Clovis Landfill,403697,CED Crane Solar,TX,2188.9669051617593
2028,1,p62,City of Clovis Landfill,401525,Castle Gap Solar Hybrid,TX,3087.66940575556
2028,1,p62,City of Clovis Landfill,404599,Emerald Grove,TX,1931.8310281961656
2028,1,p62,City of Clovis Landfill,403004,Lapetus,TX,2369.218987535655
2028,1,p62,City of Clovis Landfill,403280,Oberon IA,TX,2092.971099380147
2028,1,p62,City of Clovis Landfill,403279,Oberon IB,TX,1250.827865329992
2028,1,p62,City of Clovis Landfill,403602,Oxy Renewable Energy-Goldsmith,TX,1926.5740411512481
2028,1,p62,City of Clovis Landfill,402679,Phoebe Solar,TX,2743.1771393511776
2028,1,p62,City of Clovis Landfill,403177,Prospero Solar,TX,1935.8707776650251
2028,1,p62,City of Clovis Landfill,404128,Prospero Solar II,TX,1284.8832765105672
2028,1,p62,City of Clovis Landfill,403070,"Roadrunner, LLC",TX,2915.8033671089247
2028,1,p62,City of Clovis Landfill,401805,Upton County Solar,TX,3464.0816187801397
2028,1,p62,City of Clovis Landfill,402995,West of the Pecos Solar,TX,1992.7769155646831
2028,1,p63,Victoria Landfill,405599,"BPL Crown Solar, LLC",TX,333.2803553246519
2028,1,p63,Victoria Landfill,404966,BPL Files Solar,TX,487.27195899349283
2028,1,p63,Victoria Landfill,403825,Briar Creek Solar 1,TX,889.673054506839
2028,1,p63,Victoria Landfill,402610,Chisum,TX,1025.0873525489249
2028,1,p63,Victoria Landfill,401697,CoServ Community Solar Station,TX,1148.1729341759699
2028,1,p63,Victoria Landfill,403188,Coniglio Solar,TX,907.3331628158584
2028,1,p63,Victoria Landfill,406415,Dileo Solar,TX,429.9593746653705
2028,1,p63,Victoria Landfill,402655,Eddy II,TX,518.8707887810697
2028,1,p63,Victoria Landfill,406221,Eiffel Solar Project,TX,656.8093298245299
2028,1,p63,Victoria Landfill,405540,"Ellis Solar, LLC",TX,561.5898659780163
2028,1,p63,Victoria Landfill,403823,Elm Branch Solar 1,TX,727.0139243114286
2028,1,p63,Victoria Landfill,406206,Five Wells Solar Center - Hybrid,TX,468.94909270799997
2028,1,p63,Victoria Landfill,404567,G.S.E. One LLC,TX,765.4845909756809
2028,1,p63,Victoria Landfill,403288,Griffin Solar,TX,455.2382136184806
2028,1,p63,Victoria Landfill,406202,Grizzly Ridge Solar,TX,558.6071274310732
2028,1,p63,Victoria Landfill,402329,Highway 56 Solar,TX,1036.4163162542623
2028,1,p63,Victoria Landfill,405319,IKEA Grand Prairie Rooftop PV System,TX,594.472470968884
2028,1,p63,Victoria Landfill,405689,"IP Radian, LLC",TX,657.9345904572335
2028,1,p63,Victoria Landfill,403481,Impact Solar 1,TX,930.9216367764003
2028,1,p63,Victoria Landfill,403190,Kellam Solar,TX,655.4122571967224
2028,1,p63,Victoria Landfill,402421,Leon Solar,TX,1441.5940471834035
2028,1,p63,Victoria Landfill,403874,Lily Solar Hybrid,TX,686.8285011445375
2028,1,p63,Victoria Landfill,402404,Marlin Solar,TX,359.21186446918676
2028,1,p63,Victoria Landfill,405794,Noble Solar,TX,672.0153010258148
2028,1,p63,City of Clovis Landfill,402405,North Gainesville Solar,TX,793.2883992749303
2028,1,p63,Victoria Landfill,401933,Phantom Solar,TX,664.1090657670053
2028,1,p63,Victoria Landfill,404872,"Pisgah Ridge Solar, LLC",TX,454.7333984943173
2028,1,p63,Victoria Landfill,406416,Pitts Dudik Solar,TX,515.2206580566586
2028,1,p63,City of Clovis Landfill,403189,Rippey Solar,TX,1113.874765197105
2028,1,p63,Victoria Landfill,404630,"Samson Solar Energy III, LLC",TX,630.7351628842274
2028,1,p63,Victoria Landfill,402652,Sterling Solar (TX),TX,925.8325208754824
2028,1,p63,Victoria Landfill,404812,Sun Valley Solar Project,TX,428.0070496118588
2028,1,p63,Victoria Landfill,404388,"TPE Erath Solar, LLC",TX,678.9748219684298
2028,1,p63,Victoria Landfill,403457,"TPE Whitney Solar, LLC",TX,428.73433424197805
2028,1,p63,Victoria Landfill,405361,Toyota HQ Plan,TX,583.856313102849
2028,1,p63,Victoria Landfill,405907,Verizon Hidden Ridge Solar Project,TX,963.68514306904
2028,1,p63,Victoria Landfill,405984,Waco Solar,TX,617.4768653778225
2028,1,p63,Victoria Landfill,402306,Walnut Springs Solar,TX,730.9531106010662
2028,1,p63,Victoria Landfill,402497,West Moore Solar II,TX,1269.914706838186
2028,1,p63,Victoria Landfill,402330,Whitesboro Solar,TX,812.6532519618947
2028,1,p63,Victoria Landfill,402331,Whitesboro Solar II,TX,1066.0131215328668
2028,1,p63,Victoria Landfill,402414,Whitewright Solar,TX,1373.6032424627174
2028,1,p63,Victoria Landfill,402654,Yellow Jacket,TX,1011.3781140215832
2028,1,p64,Victoria Landfill,405731,Austin TX GigaFactory,TX,279.40199320014955
2028,1,p64,Victoria Landfill,402203,Bandera Electric Coop PV,TX,424.62625878208047
2028,1,p64,Victoria Landfill,404721,"Blue Jay Solar I, LLC",TX,390.1628584444331
2028,1,p64,Victoria Landfill,402648,Bovine,TX,247.97825237715503
2028,1,p64,Victoria Landfill,402389,"E-Volve Energy Holdings, LLC",TX,173.70161595164979
2028,1,p64,Victoria Landfill,400227,East Blackland Solar Project 1,TX,260.4577693580352
2028,1,p64,Victoria Landfill,405101,IKEA Round Rock 027,TX,263.1417793397593
2028,1,p64,Victoria Landfill,402653,Lampwick,TX,412.1086388968792
2028,1,p64,Victoria Landfill,405613,Niagara Bottling - Seguin,TX,181.49184982059555
2028,1,p64,Victoria Landfill,402544,PowerFin Kingsbery,TX,199.1422297621389
2028,1,p64,Victoria Landfill,400249,Webberville Solar Project,TX,265.41288217711985
2028,1,p65,Victoria Landfill,405700,Aktina Solar,TX,128.93610659505597
2028,1,p65,Victoria Landfill,404074,"Alexis Solar, LLC",TX,270.4399683640937
2028,1,p65,Victoria Landfill,405727,Bernard Creek Solar,TX,163.66467307157245
2028,1,p65,Victoria Landfill,400081,Blue Wing Solar Energy Generation,TX,185.1820379665103
2028,1,p65,Victoria Landfill,405477,Brightside,TX,169.89488552089057
2028,1,p65,Victoria Landfill,401728,CPS 1 Community Solar,TX,190.88835746512765
2028,1,p65,Victoria Landfill,402656,Cascade Solar (TX),TX,161.65362890414005
2028,1,p65,Victoria Landfill,403987,Catan Solar,TX,137.154572368325
2028,1,p65,Victoria Landfill,403091,Commerce Solar,TX,205.54517741137698
2028,1,p65,Victoria Landfill,404247,"Corazon Energy, LLC",TX,294.0543655156338
2028,1,p65,Victoria Landfill,404062,Elara Solar,TX,257.9405447291924
2028,1,p65,Victoria Landfill,404359,FELPS 1-Calaveras,TX,171.9186830468012
2028,1,p65,Victoria Landfill,404361,FELPS 2-Calaveras,TX,180.62635188211317
2028,1,p65,Victoria Landfill,404362,FELPS 3-Floresville South,TX,181.08434809671851
2028,1,p65,Victoria Landfill,404363,FELPS 4-Floresville South,TX,155.68968489269272
2028,1,p65,Victoria Landfill,404364,FELPS 5-Floresville South,TX,152.811801467291
2028,1,p65,Victoria Landfill,404739,FELPS 6- Floresville West,TX,202.7056798266049
2028,1,p65,Victoria Landfill,404740,FELPS 7- Floresville West,TX,192.1301226533723
2028,1,p65,Victoria Landfill,406516,Ganado Solar,TX,110.96243962456903
2028,1,p65,Victoria Landfill,405801,Horizon Solar,TX,239.5317358993258
2028,1,p65,Victoria Landfill,405380,IKEA Live Oak Rooftop PV System,TX,221.08505282749167
2028,1,p65,Victoria Landfill,403343,Mars Solar,TX,264.97488270518005
2028,1,p65,Victoria Landfill,404877,Nebula Solar,TX,286.7534048312469
2028,1,p65,Victoria Landfill,400694,"OCI Alamo 2, LLC",TX,234.87270903292222
2028,1,p65,Victoria Landfill,400965,"OCI Alamo 3, LLC",TX,185.42432305194538
2028,1,p65,Victoria Landfill,400966,"OCI Alamo 5, LLC",TX,284.2869634801079
2028,1,p65,Victoria Landfill,400593,OCI Alamo Solar I Hybrid,TX,204.84489802137475
2028,1,p65,Victoria Landfill,405809,Shakes Solar,TX,315.0517692801355
2028,1,p65,Victoria Landfill,405545,Sparta Solar,TX,147.41777693044185
2028,1,p65,Victoria Landfill,400379,"SunE CPS1, LLC",TX,198.34711373851334
2028,1,p65,Victoria Landfill,400364,"SunE CPS2, LLC",TX,197.51072616444833
2028,1,p65,Victoria Landfill,400353,"SunE CPS3, LLC",TX,196.48964165532394
2028,1,p65,Victoria Landfill,406032,Tres Bahias,TX,93.32185315389779
2028,1,p65,Victoria Landfill,404878,Vancourt Solar Interconnections,TX,376.2805823302092
2028,1,p66,Victoria Landfill,406386,Umbriel Solar,TX,2302.245107382692
2028,1,p67,Victoria Landfill,404939,Brazoria County Solar Project (Danciger),TX,467.1402816496499
2028,1,p67,Victoria Landfill,404681,Brazoria West,TX,496.76224680077405
2028,1,p67,Victoria Landfill,402649,Bronson,TX,556.0336432218427
2028,1,p67,Victoria Landfill,406178,"Cutlass Solar 1, LLC",TX,467.32907691017556
2028,1,p67,Victoria Landfill,404587,Fighting Jays Solar Project,TX,565.8246176594755
2028,1,p67,Victoria Landfill,405564,"Fort Bend Solar, LLC",TX,624.8659323516489
2028,1,p67,Victoria Landfill,404853,"Longbow Solar, LLC",TX,722.6238662924036
2028,1,p67,Victoria Landfill,403514,Wagyu,TX,608.3187205156951
2028,2,p12,Apex Regional Landfill,402144,Battle Mountain Solar Project,NV,641.7189847680196
2028,2,p12,Apex Regional Landfill,405025,Brady,NV,590.44127500895
2028,2,p12,Apex Regional Landfill,405553,Dodge Flat,NV,545.2642071872293
2028,2,p12,Apex Regional Landfill,402609,"EGP Stillwater Solar PV II, LLC",NV,476.91549961184285
2028,2,p12,Apex Regional Landfill,404659,Fish Springs,NV,580.5544656145322
2028,2,p12,Apex Regional Landfill,401086,Ft. Churchill PV,NV,504.5542459952067
2028,2,p12,Apex Regional Landfill,405028,Galena 2 Geothermal Power Plant,NV,473.55989902832937
2028,2,p12,Apex Regional Landfill,402130,Luning Energy,NV,395.703597292141
2028,2,p12,Apex Regional Landfill,403107,NVSS-II,NV,126.78987698582847
2028,2,p12,Apex Regional Landfill,400468,"Patua Acquisition Project, LLC",NV,442.8402784541241
2028,2,p12,Apex Regional Landfill,405021,Steamboat Hills LP,NV,633.4150726248032
2028,2,p12,Apex Regional Landfill,405023,Steamboat II,NV,716.559810667285
2028,2,p12,Apex Regional Landfill,405024,Steamboat III,NV,612.9287828427317
2028,2,p12,Apex Regional Landfill,400029,Stillwater Facility,NV,476.9481896037581
2028,2,p12,Apex Regional Landfill,401318,Sunshine Valley Solar,NV,150.17031391593824
2028,2,p12,Apex Regional Landfill,405026,TS Power Plant,NV,644.9966591109331
2028,2,p12,Apex Regional Landfill,405576,Tesla Reno GigaFactory,NV,540.2966842387984
2028,2,p12,Apex Regional Landfill,401943,Tungsten Mountain,NV,532.6631281690201
2028,2,p12,Apex Regional Landfill,403308,Turquoise Liberty Solar,NV,543.696727799828
2028,2,p12,Apex Regional Landfill,403884,"Turquoise Nevada, LLC",NV,491.93148711879553
2028,2,p12,Apex Regional Landfill,400035,Western 102 Power Plant,NV,511.949507020021
2028,2,p13,Apex Regional Landfill,400555,Apex Solar PV Power Project,NV,71.56540626165877
2028,2,p13,Apex Regional Landfill,405385,Arrow Canyon Solar Hybrid,NV,87.66667884456574
2028,2,p13,Apex Regional Landfill,402017,"Boulder Solar II, LLC",NV,76.8797424496018
2028,2,p13,Apex Regional Landfill,401649,"Boulder Solar Power, LLC",NV,77.18228566429354
2028,2,p13,Apex Regional Landfill,400059,CM10,NV,80.59022626848656
2028,2,p13,Apex Regional Landfill,400086,CM48,NV,81.2592432761625
2028,2,p13,Apex Regional Landfill,400363,Copper Mountain Solar 2,NV,79.84723210208837
2028,2,p13,Apex Regional Landfill,400802,Copper Mountain Solar 3,NV,73.81635440076103
2028,2,p13,Apex Regional Landfill,401308,"Copper Mountain Solar 4, LLC",NV,81.04429811820842
2028,2,p13,Apex Regional Landfill,403688,"Copper Mountain Solar 5, LLC",NV,81.2468093214179
2028,2,p13,Apex Regional Landfill,405358,Dignity - San Martin,NV,62.72151286674868
2028,2,p13,Apex Regional Landfill,405355,Dignity - Siena Campus,NV,61.70716656964199
2028,2,p13,Apex Regional Landfill,405556,Dry Lake Solar Energy Center,NV,76.54387258966348
2028,2,p13,Apex Regional Landfill,405495,Gemini Solar,NV,82.68896259022188
2028,2,p13,Apex Regional Landfill,403386,"Harry Allen Solar Energy, LLC",NV,75.76933020608156
2028,2,p13,Apex Regional Landfill,406090,IGS LAS1,NV,64.93173014538098
2028,2,p13,Apex Regional Landfill,406089,IGS VGT,NV,60.524067956226375
2028,2,p13,Apex Regional Landfill,405309,IKEA Las Vegas 462,NV,62.70838900890159
2028,2,p13,Apex Regional Landfill,400545,Las Vegas WPCF Solar Plant,NV,54.78657479657411
2028,2,p13,Apex Regional Landfill,400313,Moapa Southern Paiute,NV,87.79641841135363
2028,2,p13,Apex Regional Landfill,400600,Mountain View Solar,NV,71.87020620748109
2028,2,p13,Apex Regional Landfill,400036,Nellis Air Force Base Solar Array,NV,59.28015423881941
2028,2,p13,Apex Regional Landfill,401381,Nellis Solar PV II,NV,55.801712363220034
2028,2,p13,Apex Regional Landfill,401319,"Playa Solar 1, LLC",NV,74.1161689663773
2028,2,p13,Apex Regional Landfill,401596,Playa Solar 2,NV,75.20953390184725
2028,2,p13,Apex Regional Landfill,401274,River Mountains Solar,NV,65.45229812879691
2028,2,p13,Mohave Valley Landfill,401042,Searchlight Solar,NV,87.56751093783193
2028,2,p13,Apex Regional Landfill,400166,Silver State Solar Power North,NV,95.28636121840711
2028,2,p13,Apex Regional Landfill,400658,Silver State Solar Power South,NV,95.93946663681379
2028,2,p13,Apex Regional Landfill,405246,"Solar Las Vegas MB 2, LLC",NV,56.33675247979166
2028,2,p13,Apex Regional Landfill,405188,Solar Las Vegas MB-1,NV,56.49534784808123
2028,2,p13,Apex Regional Landfill,400556,Spectrum Solar PV Power Project,NV,67.0115495405615
2028,2,p13,Apex Regional Landfill,402485,"Techren Solar I, LLC",NV,75.69284810748714
2028,2,p13,Apex Regional Landfill,402690,"Techren Solar II, LLC",NV,74.63743550025393
2028,2,p13,Apex Regional Landfill,402691,"Techren Solar III, LLC",NV,76.29855407513959
2028,2,p13,Apex Regional Landfill,402692,"Techren Solar IV, LLC",NV,73.91553115050739
2028,2,p13,Apex Regional Landfill,403001,Techren Solar V,NV,73.50909821291394
2028,2,p13,Apex Regional Landfill,401851,Townsite Solar Project Hybrid,NV,72.47521767865749
2028,2,p13,Apex Regional Landfill,406448,Yellow Pine II,NV,96.79668358075747
2028,2,p13,Apex Regional Landfill,404971,Yellow Pine Solar,NV,94.93533313115003
2028,2,p27,Mohave Valley Landfill,400374,"Black Mountain Solar, LLC",AZ,84.12603040461859
2028,2,p27,Mohave Valley Landfill,402236,Gray Hawk Solar,AZ,90.25644696630414
2028,2,p27,Mohave Valley Landfill,401819,Jacobson 5 MW Solar,AZ,98.74667669130204
2028,2,p27,Mohave Valley Landfill,400199,La Senita,AZ,86.93760509643951
2028,2,p27,Mohave Valley Landfill,403718,Mohave Electric Cooperative at Joy Lane,AZ,45.167975137697866
2028,2,p27,Mohave Valley Landfill,401311,Mohave Electric at Fort Mohave,AZ,47.51809590515664
2028,2,p27,Mohave Valley Landfill,406478,Mohave Energy - Hybrid,AZ,44.025635636213316
2028,2,p28,Apache Junction Landfill,405418,AZ State University - Tempe Campus Solar,AZ,73.72239721603829
2028,2,p28,South Yuma County Landfill,400148,Agua Caliente Solar Project,AZ,121.21325239203178
2028,2,p28,Apache Junction Landfill,402067,Apache Solar 1,AZ,202.72936152690775
2028,2,p28,South Yuma County Landfill,400274,Arizona Western College PV,AZ,48.92947653538025
2028,2,p28,Apache Junction Landfill,400240,Arlington Valley Solar Energy II,AZ,134.7886422334373
2028,2,p28,Apache Junction Landfill,400437,Badger 1,AZ,134.86858739067628
2028,2,p28,Apache Junction Landfill,401688,Bonnybrooke PV,AZ,74.97887104721927
2028,2,p28,Apache Junction Landfill,400371,Buckeye Union HS District 201,AZ,118.44728713218245
2028,2,p28,Apache Junction Landfill,405635,"Central Line Solar, LLC",AZ,88.9051921215261
2028,2,p28,Apache Junction Landfill,400201,Chino Solar Valley,AZ,171.73603616281991
2028,2,p28,Apache Junction Landfill,400202,Cotton Center Solar Hybrid,AZ,127.3918865509025
2028,2,p28,Apache Junction Landfill,401069,Desert Star Hybrid,AZ,124.77297375201212
2028,2,p28,Apache Junction Landfill,403257,East Line Solar,AZ,88.83100024571593
2028,2,p28,Apache Junction Landfill,406171,Eleven Mile Solar Center,AZ,87.24927716635162
2028,2,p28,Apache Junction Landfill,405244,Estrella Mountain PV,AZ,102.97118021393243
2028,2,p28,South Yuma County Landfill,400349,Foothills Solar Plant Hybrid,AZ,50.415529355027786
2028,2,p28,Apache Junction Landfill,400825,Fort Huachuca Solar PV Project,AZ,214.87685837969514
2028,2,p28,Apache Junction Landfill,400845,Gila Bend Hybrid,AZ,137.38290299774602
2028,2,p28,Apache Junction Landfill,400599,"Gilbert Solar Facility I, LLC",AZ,64.69857102043237
2028,2,p28,South Yuma County Landfill,400507,Hyder II Hybrid,AZ,131.30397613162717
2028,2,p28,South Yuma County Landfill,400204,Hyder Solar Hybrid,AZ,130.53625913945444
2028,2,p28,Apache Junction Landfill,405282,Intel - Ocotillo Campus Solar,AZ,72.34155198697708
2028,2,p28,Apache Junction Landfill,405125,Jewish Community Center PV,AZ,78.98264649610509
2028,2,p28,Apache Junction Landfill,402234,Kayenta Solar Project,AZ,340.90226773401105
2028,2,p28,Apache Junction Landfill,400595,Lake Pleasant WTP,AZ,106.73127237519947
2028,2,p28,Apache Junction Landfill,400128,Luke Solar,AZ,105.658742967432
2028,2,p28,Apache Junction Landfill,405068,Macys Goodyear,AZ,106.05122575063315
2028,2,p28,South Yuma County Landfill,406279,McFarland A Solar and Storage,AZ,120.92429998517953
2028,2,p28,Apache Junction Landfill,405617,Mesa Carport PV,AZ,51.38833179472014
2028,2,p28,Apache Junction Landfill,404512,Mesa Solar Array,AZ,51.481053396689425
2028,2,p28,Apache Junction Landfill,400250,Mesquite Solar 1,AZ,140.45681427121792
2028,2,p28,Apache Junction Landfill,401621,"Mesquite Solar 2, LLC",AZ,142.8847580466082
2028,2,p28,Apache Junction Landfill,401622,"Mesquite Solar 3, LLC",AZ,143.30513196765497
2028,2,p28,Apache Junction Landfill,406038,"Mesquite Solar 4, LLC",AZ,140.93297420063027
2028,2,p28,Apache Junction Landfill,404922,"Mesquite Solar 5, LLC",AZ,140.03192700250742
2028,2,p28,Mohave Valley Landfill,403572,OE_AZ1,AZ,405.4503000587065
2028,2,p28,South Yuma County Landfill,403572,OE_AZ1,AZ,152.90151931359128
2028,2,p28,Apache Junction Landfill,400203,Paloma Solar Hybrid,AZ,128.588568444536
2028,2,p28,Apache Junction Landfill,405126,Paradise Valley H.S. PV,AZ,85.31323296847043
2028,2,p28,Apache Junction Landfill,405150,Phoenix Airport East Economy Lot,AZ,77.21766810088256
2028,2,p28,Apache Junction Landfill,405151,Phoenix Airport Rental Car Center,AZ,81.86540611309306
2028,2,p28,Apache Junction Landfill,402528,Pinal Central Energy Center Hybrid,AZ,86.8462791986951
2028,2,p28,Apache Junction Landfill,400125,"Poseidon Solar, LLC",AZ,63.7235639277773
2028,2,p28,Apache Junction Landfill,400031,Prescott Airport,AZ,168.67639186142137
2028,2,p28,Apache Junction Landfill,400401,Prescott Solar Plant,AZ,171.72955133790452
2028,2,p28,Apache Junction Landfill,400323,Queen Creek Solar Farm,AZ,56.10432338489765
2028,2,p28,Mohave Valley Landfill,400289,"RE Bagdad Solar I, LLC",AZ,136.5211522355823
2028,2,p28,Apache Junction Landfill,405132,"RE Gillespie 1, LLC",AZ,125.89589730965997
2028,2,p28,Apache Junction Landfill,400758,Red Horse 2,AZ,175.898787856705
2028,2,p28,Apache Junction Landfill,401609,Red Horse III,AZ,176.2265180229074
2028,2,p28,Apache Junction Landfill,401726,Red Rock,AZ,115.5771088119598
2028,2,p28,Apache Junction Landfill,406380,SR McNeal,AZ,238.65993451899325
2028,2,p28,South Yuma County Landfill,400416,Saddle Mountain Solar I,AZ,154.86881483761022
2028,2,p28,Apache Junction Landfill,403674,Saint Solar,AZ,87.9844173341703
2028,2,p28,Apache Junction Landfill,401214,Sandstone Solar,AZ,73.0802697037852
2028,2,p28,Apache Junction Landfill,405029,Solana Generating Station,AZ,152.05496709474897
2028,2,p28,Apache Junction Landfill,406275,Sonoran Solar Energy,AZ,115.25721741486213
2028,2,p28,Apache Junction Landfill,406034,Storey Solar and Storage,AZ,84.99449455874549
2028,2,p28,Apache Junction Landfill,401664,Sulphur Springs,AZ,200.01770998377697
2028,2,p28,Apache Junction Landfill,403643,Sun Streams 2,AZ,134.47784703132433
2028,2,p28,Apache Junction Landfill,406517,Sun Streams 3,AZ,132.67718187786073
2028,2,p28,Apache Junction Landfill,401975,"Sun Streams, LLC",AZ,134.34514703325652
2028,2,p28,Apache Junction Landfill,405311,T0588 Phoenix - AZ,AZ,92.7879715181192
2028,2,p28,Apache Junction Landfill,405134,Union HS at Casa Grande,AZ,83.87576614204177
2028,2,p28,Apache Junction Landfill,405135,Vista Grande HS at Casa Grande,AZ,86.56016001766329
2028,2,p28,Apache Junction Landfill,400334,Walmart Casa Grande,AZ,89.93714104172957
2028,2,p28,Apache Junction Landfill,406098,"West Line Solar, LLC",AZ,89.69483520658949
2028,2,p29,Apache Junction Landfill,400014,Springerville,AZ,1047.439633367292
2028,2,p30,Apache Junction Landfill,405143,Actus Lend Lease DMAFB,AZ,162.274817464563
2028,2,p30,Apache Junction Landfill,405611,Amazon TUS2,AZ,166.7446206325273
2028,2,p30,Apache Junction Landfill,405268,Amphitheater High School Solar,AZ,148.59390364974453
2028,2,p30,Apache Junction Landfill,400939,Avalon Solar,AZ,169.25008158639838
2028,2,p30,Apache Junction Landfill,401479,Avalon Solar II,AZ,168.61044891939537
2028,2,p30,Apache Junction Landfill,400226,Avra Valley Solar,AZ,145.18079476495808
2028,2,p30,Apache Junction Landfill,404704,Broadway 2 - Tucson Phase II,AZ,141.75439821276893
2028,2,p30,Apache Junction Landfill,405768,Broadway 3 - Tucson Phase I,AZ,142.96755561813157
2028,2,p30,Apache Junction Landfill,405269,Canyon Del Oro High School Solar,AZ,146.80330233518083
2028,2,p30,Apache Junction Landfill,400757,Cogenra-TEP,AZ,166.54978334166054
2028,2,p30,Apache Junction Landfill,401295,Davis Monthan AFB (AZ) West Airfield,AZ,169.3910900342499
2028,2,p30,Apache Junction Landfill,400330,FRB Solar Farm,AZ,160.69354232971253
2028,2,p30,Apache Junction Landfill,400761,"Gato Montes Solar, LLC",AZ,176.53276338123985
2028,2,p30,Apache Junction Landfill,404536,Iron Horse Battery Storage Hybrid,AZ,168.0497850485681
2028,2,p30,Apache Junction Landfill,400552,"Picture Rocks Solar, LLC",AZ,149.2980382458491
2028,2,p30,Apache Junction Landfill,405374,Pima Community College,AZ,173.47765134126942
2028,2,p30,Apache Junction Landfill,405303,Pima Community College - East Campus,AZ,153.82148259678152
2028,2,p30,Apache Junction Landfill,405516,Pima Community College NW,AZ,140.02236574815265
2028,2,p30,Apache Junction Landfill,400408,Prairie Fire,AZ,194.91152998436104
2028,2,p30,South Yuma County Landfill,400290,"RE Ajo 1, LLC",AZ,181.2658704553873
2028,2,p30,Apache Junction Landfill,404926,Raptor Ridge,AZ,167.73185126954775
2028,2,p30,Apache Junction Landfill,400857,Rio Rico Solar,AZ,225.46846983835337
2028,2,p30,Apache Junction Landfill,400193,Roger Road WWTP,AZ,153.6943006787295
2028,2,p30,Apache Junction Landfill,401076,Tech Park Solar,AZ,190.7129006666772
2028,2,p30,Apache Junction Landfill,400156,UASTP I,AZ,160.61385787965716
2028,2,p30,Apache Junction Landfill,401075,Valencia Solar,AZ,161.9312158328107
2028,2,p30,Apache Junction Landfill,404187,"Wilmot Energy Center, LLC",AZ,172.67648728357895
2028,2,p31,City of Clovis Landfill,400211,Alamogordo Solar Energy Center,NM,268.1205332088192
2028,2,p31,Northeastern New Mexico Regional Landfill,400206,Albuquerque Solar Energy Center,NM,195.12206864255828
2028,2,p31,Northeastern New Mexico Regional Landfill,403675,Alcalde Solar Array,NM,137.40315425897688
2028,2,p31,Apache Junction Landfill,401595,Alta Luna,NM,361.8391322089804
2028,2,p31,Northeastern New Mexico Regional Landfill,404724,Angel Fire Energy Facility,NM,85.75782992121697
2028,2,p31,Northeastern New Mexico Regional Landfill,405469,Arroyo Solar Energy Storage Hybrid,NM,245.34387400488757
2028,2,p31,Northeastern New Mexico Regional Landfill,403321,Bluewater CDEC 1,NM,263.70603309227795
2028,2,p31,Northeastern New Mexico Regional Landfill,403736,Britton Solar Energy Center,NM,163.67265387024747
2028,2,p31,City of Clovis Landfill,404981,Buena Vista Energy Center,NM,312.9146299114599
2028,2,p31,Northeastern New Mexico Regional Landfill,402876,CNMEC Solar Energy Center,NM,180.91899819756142
2028,2,p31,City of Clovis Landfill,402519,Carrizozo Solar,NM,224.89734433158048
2028,2,p31,Northeastern New Mexico Regional Landfill,401202,Cibola,NM,219.563713986076
2028,2,p31,Northeastern New Mexico Regional Landfill,400104,Cimarron Solar Facility,NM,64.67372488577072
2028,2,p31,Apache Junction Landfill,402988,City of Gallup Solar,NM,307.12323790271716
2028,2,p31,Northeastern New Mexico Regional Landfill,403604,City of Rio Rancho WWTP,NM,207.58366770667735
2028,2,p31,Apache Junction Landfill,401225,City of Truth or Consequences PV,NM,1146.844846460359
2028,2,p31,City of Clovis Landfill,401225,City of Truth or Consequences PV,NM,311.3942386760596
2028,2,p31,Apache Junction Landfill,402177,Columbus Solar Project,NM,343.8151685026194
2028,2,p31,Northeastern New Mexico Regional Landfill,404748,"Cuba 2.5ac, LLC",NM,198.5358991716535
2028,2,p31,Apache Junction Landfill,400209,Deming Solar Energy Center,NM,322.7572253805451
2028,2,p31,Northeastern New Mexico Regional Landfill,403868,Encino Solar Energy Center,NM,189.58144032014258
2028,2,p31,Northeastern New Mexico Regional Landfill,401038,Eubank Landfill Solar Array,NM,199.34657720308792
2028,2,p31,Northeastern New Mexico Regional Landfill,402441,Facebook 1 Solar Energy Center,NM,208.5486835310338
2028,2,p31,Northeastern New Mexico Regional Landfill,402442,Facebook 2 Solar Energy Center,NM,214.55788868786485
2028,2,p31,Northeastern New Mexico Regional Landfill,402443,Facebook 3 Solar Energy Center,NM,214.3418646360524
2028,2,p31,Northeastern New Mexico Regional Landfill,403322,Grants CDEC 2,NM,262.6320640030213
2028,2,p31,Apache Junction Landfill,400216,"Hatch Solar Energy Center I, LLC",NM,23264.78616550293
2028,2,p31,City of Clovis Landfill,400216,"Hatch Solar Energy Center I, LLC",NM,326.1394364285098
2028,2,p31,City of Clovis Landfill,401617,Holloman Solar Facility,NM,264.3983141581557
2028,2,p31,Northeastern New Mexico Regional Landfill,406109,"Jicarilla Solar 1, LLC",NM,226.36936114308438
2028,2,p31,Northeastern New Mexico Regional Landfill,400427,Kit Carson,NM,128.54672484121372
2028,2,p31,Northeastern New Mexico Regional Landfill,400210,Las Vegas Solar Energy Center,NM,89.5577775120936
2028,2,p31,Northeastern New Mexico Regional Landfill,400434,Los Alamos PV Site,NM,159.97593254026427
2028,2,p31,Northeastern New Mexico Regional Landfill,400207,Los Lunas Solar Energy Center,NM,220.7935718158846
2028,2,p31,Apache Junction Landfill,400838,Macho Springs,NM,329.5204153037276
2028,2,p31,Northeastern New Mexico Regional Landfill,400582,Manzano Solar,NM,206.37427247438896
2028,2,p31,Northeastern New Mexico Regional Landfill,401201,Meadow Lake Solar Energy Center,NM,202.64612540904082
2028,2,p31,Northeastern New Mexico Regional Landfill,406177,"NMRD Data Center III, LLC",NM,206.6156541055327
2028,2,p31,City of Clovis Landfill,405693,NMSU Solar and Storage,NM,315.6702100730215
2028,2,p31,Northeastern New Mexico Regional Landfill,406375,OE_ESCL,NM,275.7683480225333
2028,2,p31,City of Clovis Landfill,400581,Otero Solar,NM,259.64790546194996
2028,2,p31,Northeastern New Mexico Regional Landfill,400146,Questa Solar Facility,NM,118.92873552885384
2028,2,p31,Northeastern New Mexico Regional Landfill,403178,"RC Energy AA, LLC Solar Facility",NM,182.26717870120544
2028,2,p31,Northeastern New Mexico Regional Landfill,401566,Rio Communities Solar Energy Center,NM,223.09262500176925
2028,2,p31,Northeastern New Mexico Regional Landfill,403084,Rio De Oro Solar Energy Center,NM,223.79498148707998
2028,2,p31,Northeastern New Mexico Regional Landfill,400624,Rio Rancho High School,NM,197.89381516888005
2028,2,p31,City of Clovis Landfill,400135,Roadrunner Solar,NM,346.60071526033465
2028,2,p31,Northeastern New Mexico Regional Landfill,404648,"Route 66 Energy Center, LLC",NM,255.60380280447825
2028,2,p31,Northeastern New Mexico Regional Landfill,403387,San Miguel I Solar Energy Center,NM,85.26441865245349
2028,2,p31,Northeastern New Mexico Regional Landfill,405458,San Miguel II Solar Energy Center,NM,88.22815101580169
2028,2,p31,Northeastern New Mexico Regional Landfill,401161,Sandoval Solar Energy Center,NM,190.59922273914864
2028,2,p31,Northeastern New Mexico Regional Landfill,401564,Santa Fe Solar Energy Center,NM,137.94536898732218
2028,2,p31,Northeastern New Mexico Regional Landfill,401565,Santolina Solar Energy Center,NM,210.90524303767845
2028,2,p31,Apache Junction Landfill,400596,Silver City WWTP PV Project,NM,296.99613267437746
2028,2,p31,Northeastern New Mexico Regional Landfill,406343,Sky Ranch Solar,NM,235.47527774470439
2028,2,p31,Northeastern New Mexico Regional Landfill,401563,South Valley Solar Energy Center,NM,201.37767642873047
2028,2,p31,Northeastern New Mexico Regional Landfill,401162,Springer Solar 1,NM,60.27405475992133
2028,2,p31,Northeastern New Mexico Regional Landfill,400735,Storrie Lake Solar Project,NM,85.0979526957862
2028,2,p31,Northeastern New Mexico Regional Landfill,400623,Sue Cleveland High School,NM,183.1010239239318
2028,2,p31,City of Clovis Landfill,400343,"SunE EPE1, LLC",NM,341.15910207486013
2028,2,p31,City of Clovis Landfill,400342,"SunE EPE2, LLC",NM,343.44919030070395
2028,2,p31,Northeastern New Mexico Regional Landfill,402854,Syncarpha Eagle Nest,NM,87.7317082725429
2028,2,p31,Northeastern New Mexico Regional Landfill,403412,Syncarpha El Rito,NM,142.62789471748792
2028,2,p31,Northeastern New Mexico Regional Landfill,403413,Syncarpha Questa,NM,124.11649015062235
2028,2,p31,Northeastern New Mexico Regional Landfill,403411,Syncarpha Taos,NM,106.54446308604653
2028,2,p31,Northeastern New Mexico Regional Landfill,404618,Taos Mesa Energy Facility Hybrid,NM,107.62973910616847
2028,2,p31,Northeastern New Mexico Regional Landfill,403011,Vista Solar Energy Center,NM,214.0729256309947
2028,2,p31,City of Clovis Landfill,400354,WSMR I,NM,329.64525493179707
2028,2,p31,City of Clovis Landfill,405245,Wal-Mart Truth or Consequences PV,NM,323.2654647576815
2028,2,p47,City of Clovis Landfill,400979,"Caprock Solar 1, LLC",NM,90.65062494212091
2028,2,p47,City of Clovis Landfill,404980,Chaves County Solar II,NM,152.00756335023428
2028,2,p47,City of Clovis Landfill,401681,"Chaves Solar, LLC",NM,142.8341696561657
2028,2,p47,City of Clovis Landfill,400614,GSE NM1,NM,185.66695804540174
2028,2,p47,City of Clovis Landfill,404982,Hayhurst New Mexico Solar,NM,220.80826258095817
2028,2,p47,City of Clovis Landfill,402530,Middle Daisy,NM,140.08889261853304
2028,2,p47,City of Clovis Landfill,401682,"Roswell Solar, LLC",NM,140.23569891608574
2028,2,p47,City of Clovis Landfill,400546,SEV NM Phase 2,NM,147.6532373104779
2028,2,p47,City of Clovis Landfill,400260,SPS1 Dollarhide,NM,273.8672324995654
2028,2,p47,City of Clovis Landfill,400261,SPS2 Jal,NM,224.36233200645776
2028,2,p47,City of Clovis Landfill,400262,SPS3 Lea,NM,199.12767043863906
2028,2,p47,City of Clovis Landfill,400264,SPS5 Hopi,NM,197.25018244432695
2028,2,p47,City of Clovis Landfill,404698,SoCore Clovis 1,NM,24.512146181819
2028,2,p48,City of Clovis Landfill,406439,"BESSP1, LLC",TX,714.8832503953615
2028,2,p48,City of Clovis Landfill,405590,"Hecate Energy Frye Solar, LLC",TX,693.5123165697355
2028,2,p57,Victoria Landfill,404918,"Hecate Energy Upshur Rural, LLC",TX,6077.031998364022
2028,2,p59,City of Clovis Landfill,402666,Fort Bliss (DEA EPIC),TX,6633.935296849142
2028,2,p59,City of Clovis Landfill,401616,Montana Solar Facility,TX,6113.770146479886
2028,2,p59,City of Clovis Landfill,401045,Newman Solar,TX,3282.3456905134735
2028,2,p60,City of Clovis Landfill,403962,"ANSON Solar Center, LLC",TX,970.9137683335657
2028,2,p60,City of Clovis Landfill,403883,Azure Sky Solar,TX,836.1480588797051
2028,2,p60,City of Clovis Landfill,403232,"ENGIE Long Draw Solar, LLC",TX,622.0553978180028
2028,2,p60,City of Clovis Landfill,406252,Highpeak Solar 1,TX,802.1376368723406
2028,2,p60,City of Clovis Landfill,402721,Holstein 1 Solar Farm,TX,1376.4432723937357
2028,2,p60,City of Clovis Landfill,405492,Juno Solar Project,TX,660.1646057883598
2028,2,p60,City of Clovis Landfill,402541,Lamesa II,TX,585.0058349449782
2028,2,p60,City of Clovis Landfill,401660,Lamesa Solar,TX,971.9792374461849
2028,2,p60,City of Clovis Landfill,405932,Lumina II Solar Project,TX,723.1740966084092
2028,2,p60,City of Clovis Landfill,405933,Lumina Solar Project,TX,956.9068058579767
2028,2,p60,City of Clovis Landfill,402909,Misae Solar,TX,882.4489800094808
2028,2,p60,City of Clovis Landfill,400968,"OCI Alamo 7, LLC",TX,900.4103912829962
2028,2,p60,City of Clovis Landfill,405939,Texas Solar Nova 1,TX,702.6538246430903
2028,2,p61,City of Clovis Landfill,400967,Alamo 6,TX,401.8611490242446
2028,2,p61,City of Clovis Landfill,403557,Aragorn Solar Project,TX,471.90242235075937
2028,2,p61,City of Clovis Landfill,400691,Barilla Solar,TX,408.70220212679357
2028,2,p61,City of Clovis Landfill,401946,Bluebell Solar,TX,469.1367898563055
2028,2,p61,City of Clovis Landfill,403574,Bluebell Solar II,TX,302.7680320968401
2028,2,p61,City of Clovis Landfill,400554,"Bryan Solar, LLC",TX,432.7283954713354
2028,2,p61,City of Clovis Landfill,401463,Buckthorn Westex,TX,302.7982223963963
2028,2,p61,City of Clovis Landfill,401703,East Pecos Solar,TX,495.7689148582901
2028,2,p61,Victoria Landfill,405363,Galloway 1 Solar Farm,TX,3387.11252378634
2028,2,p61,City of Clovis Landfill,405363,Galloway 1 Solar Farm,TX,344.3084187316753
2028,2,p61,City of Clovis Landfill,405494,Galloway 2 Solar Farm,TX,411.0729625807339
2028,2,p61,City of Clovis Landfill,403210,Greasewood,TX,362.5574502030629
2028,2,p61,City of Clovis Landfill,406370,Hayhurst Texas Solar,TX,443.3049581276953
2028,2,p61,City of Clovis Landfill,402304,Midway Solar-TX,TX,500.20508149599783
2028,2,p61,Victoria Landfill,400695,"OCI Alamo 4, LLC",TX,491.2465243049422
2028,2,p61,City of Clovis Landfill,401868,Pearl Solar,TX,328.5280544826554
2028,2,p61,City of Clovis Landfill,402290,RE Maplewood,TX,392.4191727559925
2028,2,p61,City of Clovis Landfill,401430,RE Roserock,TX,539.9035802739052
2028,2,p61,City of Clovis Landfill,402848,Rambler,TX,632.507501189122
2028,2,p61,City of Clovis Landfill,402083,Solaire Holman Solar Project,TX,421.3029368289543
2028,2,p61,City of Clovis Landfill,403023,"Taygete Energy Project, LLC",TX,557.6045500796178
2028,2,p61,City of Clovis Landfill,404647,Taygete II Energy Project,TX,277.95991893413407
2028,2,p61,City of Clovis Landfill,403551,Titan Solar Project,TX,350.42237096530175
2028,2,p61,Victoria Landfill,406103,Zier Solar,TX,489.09243860921384
2028,2,p62,City of Clovis Landfill,403502,2W Permian Solar Project Hybrid,TX,1027.2164388210233
2028,2,p62,City of Clovis Landfill,403697,CED Crane Solar,TX,1116.4517673963487
2028,2,p62,City of Clovis Landfill,401525,Castle Gap Solar Hybrid,TX,1747.9022047557055
2028,2,p62,City of Clovis Landfill,404599,Emerald Grove,TX,1326.9483271166043
2028,2,p62,City of Clovis Landfill,403004,Lapetus,TX,1274.7341340918706
2028,2,p62,City of Clovis Landfill,403280,Oberon IA,TX,1297.8095370673484
2028,2,p62,City of Clovis Landfill,403279,Oberon IB,TX,919.6137727861361
2028,2,p62,City of Clovis Landfill,403602,Oxy Renewable Energy-Goldsmith,TX,1183.215929869731
2028,2,p62,City of Clovis Landfill,402679,Phoebe Solar,TX,1481.1263096673574
2028,2,p62,City of Clovis Landfill,403177,Prospero Solar,TX,840.3208520877514
2028,2,p62,City of Clovis Landfill,404128,Prospero Solar II,TX,872.0647676941053
2028,2,p62,City of Clovis Landfill,403070,"Roadrunner, LLC",TX,1705.3633010280037
2028,2,p62,City of Clovis Landfill,401805,Upton County Solar,TX,1864.6390739573824
2028,2,p62,City of Clovis Landfill,402995,West of the Pecos Solar,TX,1279.2247843287578
2028,2,p63,Victoria Landfill,405599,"BPL Crown Solar, LLC",TX,300.2351533518063
2028,2,p63,Victoria Landfill,404966,BPL Files Solar,TX,383.6676115042454
2028,2,p63,Victoria Landfill,403825,Briar Creek Solar 1,TX,686.5586656822122
2028,2,p63,Victoria Landfill,402610,Chisum,TX,831.8844048604964
2028,2,p63,Victoria Landfill,401697,CoServ Community Solar Station,TX,887.8073783675271
2028,2,p63,Victoria Landfill,403188,Coniglio Solar,TX,746.0754651918505
2028,2,p63,Victoria Landfill,406415,Dileo Solar,TX,353.246068663357
2028,2,p63,Victoria Landfill,402655,Eddy II,TX,432.3841298293221
2028,2,p63,Victoria Landfill,406221,Eiffel Solar Project,TX,576.2111270250185
2028,2,p63,Victoria Landfill,405540,"Ellis Solar, LLC",TX,486.5238355293545
2028,2,p63,Victoria Landfill,403823,Elm Branch Solar 1,TX,593.9917453359702
2028,2,p63,Victoria Landfill,406206,Five Wells Solar Center - Hybrid,TX,391.8792189960531
2028,2,p63,Victoria Landfill,404567,G.S.E. One LLC,TX,550.3682676939414
2028,2,p63,Victoria Landfill,403288,Griffin Solar,TX,392.65472649976783
2028,2,p63,Victoria Landfill,406202,Grizzly Ridge Solar,TX,474.31203975559794
2028,2,p63,Victoria Landfill,402329,Highway 56 Solar,TX,662.2085680463922
2028,2,p63,Victoria Landfill,405319,IKEA Grand Prairie Rooftop PV System,TX,514.0803103402418
2028,2,p63,Victoria Landfill,405689,"IP Radian, LLC",TX,428.8827738691603
2028,2,p63,Victoria Landfill,403481,Impact Solar 1,TX,520.9056023920849
2028,2,p63,Victoria Landfill,403190,Kellam Solar,TX,555.6723930498507
2028,2,p63,Victoria Landfill,402421,Leon Solar,TX,609.0258682709691
2028,2,p63,Victoria Landfill,403874,Lily Solar Hybrid,TX,575.7973021777062
2028,2,p63,Victoria Landfill,402404,Marlin Solar,TX,319.4758131416277
2028,2,p63,City of Clovis Landfill,405794,Noble Solar,TX,574.8061095872537
2028,2,p63,City of Clovis Landfill,402405,North Gainesville Solar,TX,662.2094771927557
2028,2,p63,Victoria Landfill,401933,Phantom Solar,TX,520.0560560059629
2028,2,p63,Victoria Landfill,404872,"Pisgah Ridge Solar, LLC",TX,399.41450357903597
2028,2,p63,Victoria Landfill,406416,Pitts Dudik Solar,TX,359.70430953510987
2028,2,p63,City of Clovis Landfill,403189,Rippey Solar,TX,868.9873804556479
2028,2,p63,Victoria Landfill,404630,"Samson Solar Energy III, LLC",TX,555.0527714917475
2028,2,p63,Victoria Landfill,402652,Sterling Solar (TX),TX,764.8777763494744
2028,2,p63,Victoria Landfill,404812,Sun Valley Solar Project,TX,378.8186953645935
2028,2,p63,Victoria Landfill,404388,"TPE Erath Solar, LLC",TX,577.0923481920673
2028,2,p63,Victoria Landfill,403457,"TPE Whitney Solar, LLC",TX,382.58983640150876
2028,2,p63,Victoria Landfill,405361,Toyota HQ Plan,TX,439.02813745316564
2028,2,p63,Victoria Landfill,405907,Verizon Hidden Ridge Solar Project,TX,598.9196463110835
2028,2,p63,Victoria Landfill,405984,Waco Solar,TX,516.7776593531629
2028,2,p63,Victoria Landfill,402306,Walnut Springs Solar,TX,594.0812500066831
2028,2,p63,Victoria Landfill,402497,West Moore Solar II,TX,973.4393048391665
2028,2,p63,Victoria Landfill,402330,Whitesboro Solar,TX,686.0118835846761
2028,2,p63,Victoria Landfill,402331,Whitesboro Solar II,TX,887.3701605239949
2028,2,p63,Victoria Landfill,402414,Whitewright Solar,TX,1025.9773266932996
2028,2,p63,Victoria Landfill,402654,Yellow Jacket,TX,477.91066386050835
2028,2,p64,Victoria Landfill,405731,Austin TX GigaFactory,TX,254.941244930169
2028,2,p64,Victoria Landfill,402203,Bandera Electric Coop PV,TX,383.40732339905054
2028,2,p64,Victoria Landfill,404721,"Blue Jay Solar I, LLC",TX,352.09520925154663
2028,2,p64,Victoria Landfill,402648,Bovine,TX,223.5574126969523
2028,2,p64,Victoria Landfill,402389,"E-Volve Energy Holdings, LLC",TX,254.15385913381795
2028,2,p64,Victoria Landfill,400227,East Blackland Solar Project 1,TX,243.16260115500486
2028,2,p64,Victoria Landfill,405101,IKEA Round Rock 027,TX,228.31989532146403
2028,2,p64,Victoria Landfill,402653,Lampwick,TX,378.74423080623814
2028,2,p64,Victoria Landfill,405613,Niagara Bottling - Seguin,TX,266.9476875622036
2028,2,p64,Victoria Landfill,402544,PowerFin Kingsbery,TX,301.80488418811905
2028,2,p64,Victoria Landfill,400249,Webberville Solar Project,TX,226.06831373557512
2028,2,p65,Victoria Landfill,405700,Aktina Solar,TX,118.24175235714769
2028,2,p65,Victoria Landfill,404074,"Alexis Solar, LLC",TX,240.79981488651416
2028,2,p65,Victoria Landfill,405727,Bernard Creek Solar,TX,159.82499990469734
2028,2,p65,Victoria Landfill,400081,Blue Wing Solar Energy Generation,TX,210.78384200261678
2028,2,p65,Victoria Landfill,405477,Brightside,TX,162.7881410647561
2028,2,p65,Victoria Landfill,401728,CPS 1 Community Solar,TX,167.66539519545682
2028,2,p65,Victoria Landfill,402656,Cascade Solar (TX),TX,144.2455485974579
2028,2,p65,Victoria Landfill,403987,Catan Solar,TX,132.4986194073701
2028,2,p65,Victoria Landfill,403091,Commerce Solar,TX,236.91350463503326
2028,2,p65,Victoria Landfill,404247,"Corazon Energy, LLC",TX,267.7577285948946
2028,2,p65,Victoria Landfill,404062,Elara Solar,TX,236.09352412037413
2028,2,p65,Victoria Landfill,404359,FELPS 1-Calaveras,TX,173.61368848158412
2028,2,p65,Victoria Landfill,404361,FELPS 2-Calaveras,TX,165.50785472352945
2028,2,p65,Victoria Landfill,404362,FELPS 3-Floresville South,TX,158.58213242706503
2028,2,p65,Victoria Landfill,404363,FELPS 4-Floresville South,TX,161.25560156865512
2028,2,p65,Victoria Landfill,404364,FELPS 5-Floresville South,TX,152.73518435688376
2028,2,p65,Victoria Landfill,404739,FELPS 6- Floresville West,TX,184.40482331937815
2028,2,p65,Victoria Landfill,404740,FELPS 7- Floresville West,TX,184.10788830122064
2028,2,p65,Victoria Landfill,406516,Ganado Solar,TX,105.48290121165775
2028,2,p65,Victoria Landfill,405801,Horizon Solar,TX,226.60275222206891
2028,2,p65,Victoria Landfill,405380,IKEA Live Oak Rooftop PV System,TX,206.6176462526273
2028,2,p65,Victoria Landfill,403343,Mars Solar,TX,233.6692033358275
2028,2,p65,Victoria Landfill,404877,Nebula Solar,TX,336.6993731108959
2028,2,p65,Victoria Landfill,400694,"OCI Alamo 2, LLC",TX,203.05520976766726
2028,2,p65,Victoria Landfill,400965,"OCI Alamo 3, LLC",TX,205.1568768305879
2028,2,p65,Victoria Landfill,400966,"OCI Alamo 5, LLC",TX,263.8734191866744
2028,2,p65,Victoria Landfill,400593,OCI Alamo Solar I Hybrid,TX,182.24588066529284
2028,2,p65,Victoria Landfill,405809,Shakes Solar,TX,289.1258616185803
2028,2,p65,Victoria Landfill,405545,Sparta Solar,TX,138.25699335416704
2028,2,p65,Victoria Landfill,400379,"SunE CPS1, LLC",TX,177.16578143403885
2028,2,p65,Victoria Landfill,400364,"SunE CPS2, LLC",TX,186.2224347403678
2028,2,p65,Victoria Landfill,400353,"SunE CPS3, LLC",TX,224.99192521562577
2028,2,p65,Victoria Landfill,406032,Tres Bahias,TX,92.94833721727716
2028,2,p65,Victoria Landfill,404878,Vancourt Solar Interconnections,TX,339.68598538047746
2028,2,p66,Victoria Landfill,406386,Umbriel Solar,TX,2103.2089217181515
2028,2,p67,Victoria Landfill,404939,Brazoria County Solar Project (Danciger),TX,339.51939305610586
2028,2,p67,Victoria Landfill,404681,Brazoria West,TX,435.2911309359328
2028,2,p67,Victoria Landfill,402649,Bronson,TX,388.3988057058396
2028,2,p67,Victoria Landfill,406178,"Cutlass Solar 1, LLC",TX,409.78176043523104
2028,2,p67,Victoria Landfill,404587,Fighting Jays Solar Project,TX,316.08302159520747
2028,2,p67,Victoria Landfill,405564,"Fort Bend Solar, LLC",TX,515.0494249154864
2028,2,p67,Victoria Landfill,404853,"Longbow Solar, LLC",TX,415.6299856191952
2028,2,p67,Victoria Landfill,403514,Wagyu,TX,388.29059521618063
2028,3,p12,Apex Regional Landfill,402144,Battle Mountain Solar Project,NV,544.2483397045802
2028,3,p12,Apex Regional Landfill,405025,Brady,NV,585.9761420475169
2028,3,p12,Apex Regional Landfill,405553,Dodge Flat,NV,539.8084434345144
2028,3,p12,Apex Regional Landfill,402609,"EGP Stillwater Solar PV II, LLC",NV,476.91549961184285
2028,3,p12,Apex Regional Landfill,404659,Fish Springs,NV,580.5544656145322
2028,3,p12,Apex Regional Landfill,401086,Ft. Churchill PV,NV,434.81861539859204
2028,3,p12,Apex Regional Landfill,405028,Galena 2 Geothermal Power Plant,NV,473.55989902832937
2028,3,p12,Apex Regional Landfill,402130,Luning Energy,NV,395.703597292141
2028,3,p12,Apex Regional Landfill,403107,NVSS-II,NV,126.18409355386639
2028,3,p12,Apex Regional Landfill,400468,"Patua Acquisition Project, LLC",NV,568.9113277684638
2028,3,p12,Apex Regional Landfill,405021,Steamboat Hills LP,NV,628.4166057022384
2028,3,p12,Apex Regional Landfill,405023,Steamboat II,NV,716.559810667285
2028,3,p12,Apex Regional Landfill,405024,Steamboat III,NV,608.2627495506913
2028,3,p12,Apex Regional Landfill,400029,Stillwater Facility,NV,470.9476993791229
2028,3,p12,Apex Regional Landfill,401318,Sunshine Valley Solar,NV,150.17031391593824
2028,3,p12,Apex Regional Landfill,405026,TS Power Plant,NV,644.9966591109331
2028,3,p12,Apex Regional Landfill,405576,Tesla Reno GigaFactory,NV,540.2966842387984
2028,3,p12,Apex Regional Landfill,401943,Tungsten Mountain,NV,532.6631281690201
2028,3,p12,Apex Regional Landfill,403308,Turquoise Liberty Solar,NV,543.696727799828
2028,3,p12,Apex Regional Landfill,403884,"Turquoise Nevada, LLC",NV,491.93148711879553
2028,3,p12,Apex Regional Landfill,400035,Western 102 Power Plant,NV,505.6669048716896
2028,3,p13,Apex Regional Landfill,400555,Apex Solar PV Power Project,NV,71.22854703660205
2028,3,p13,Apex Regional Landfill,405385,Arrow Canyon Solar Hybrid,NV,87.32380655918762
2028,3,p13,Apex Regional Landfill,402017,"Boulder Solar II, LLC",NV,76.8797424496018
2028,3,p13,Apex Regional Landfill,401649,"Boulder Solar Power, LLC",NV,77.18228566429354
2028,3,p13,Apex Regional Landfill,400059,CM10,NV,80.96378335704267
2028,3,p13,Apex Regional Landfill,400086,CM48,NV,81.2592432761625
2028,3,p13,Apex Regional Landfill,400363,Copper Mountain Solar 2,NV,79.84723210208837
2028,3,p13,Apex Regional Landfill,400802,Copper Mountain Solar 3,NV,73.40556398841156
2028,3,p13,Apex Regional Landfill,401308,"Copper Mountain Solar 4, LLC",NV,81.04429811820842
2028,3,p13,Apex Regional Landfill,403688,"Copper Mountain Solar 5, LLC",NV,81.2468093214179
2028,3,p13,Apex Regional Landfill,405358,Dignity - San Martin,NV,62.72151286674868
2028,3,p13,Apex Regional Landfill,405355,Dignity - Siena Campus,NV,61.52844049252293
2028,3,p13,Apex Regional Landfill,405556,Dry Lake Solar Energy Center,NV,76.54387258966348
2028,3,p13,Apex Regional Landfill,405495,Gemini Solar,NV,82.68896259022188
2028,3,p13,Apex Regional Landfill,403386,"Harry Allen Solar Energy, LLC",NV,75.55562673911301
2028,3,p13,Apex Regional Landfill,406090,IGS LAS1,NV,64.8242823920094
2028,3,p13,Apex Regional Landfill,406089,IGS VGT,NV,60.524067956226375
2028,3,p13,Apex Regional Landfill,405309,IKEA Las Vegas 462,NV,62.91422372555819
2028,3,p13,Apex Regional Landfill,400545,Las Vegas WPCF Solar Plant,NV,54.83087160364245
2028,3,p13,Apex Regional Landfill,400313,Moapa Southern Paiute,NV,88.05646000722658
2028,3,p13,Apex Regional Landfill,400600,Mountain View Solar,NV,71.69660794863114
2028,3,p13,Apex Regional Landfill,400036,Nellis Air Force Base Solar Array,NV,59.13066991815265
2028,3,p13,Apex Regional Landfill,401381,Nellis Solar PV II,NV,55.801712363220034
2028,3,p13,Apex Regional Landfill,401319,"Playa Solar 1, LLC",NV,74.1161689663773
2028,3,p13,Apex Regional Landfill,401596,Playa Solar 2,NV,74.98984901927535
2028,3,p13,Apex Regional Landfill,401274,River Mountains Solar,NV,65.14237269749559
2028,3,p13,Mohave Valley Landfill,401042,Searchlight Solar,NV,88.20817436921911
2028,3,p13,Apex Regional Landfill,400166,Silver State Solar Power North,NV,96.90368538726294
2028,3,p13,Apex Regional Landfill,400658,Silver State Solar Power South,NV,97.14385557490772
2028,3,p13,Apex Regional Landfill,405246,"Solar Las Vegas MB 2, LLC",NV,56.476824080818346
2028,3,p13,Apex Regional Landfill,405188,Solar Las Vegas MB-1,NV,56.44978410699786
2028,3,p13,Apex Regional Landfill,400556,Spectrum Solar PV Power Project,NV,66.36982948734043
2028,3,p13,Apex Regional Landfill,402485,"Techren Solar I, LLC",NV,75.69284810748714
2028,3,p13,Apex Regional Landfill,402690,"Techren Solar II, LLC",NV,74.63743550025393
2028,3,p13,Apex Regional Landfill,402691,"Techren Solar III, LLC",NV,75.98579823370035
2028,3,p13,Apex Regional Landfill,402692,"Techren Solar IV, LLC",NV,73.91553115050739
2028,3,p13,Apex Regional Landfill,403001,Techren Solar V,NV,73.50909821291394
2028,3,p13,Apex Regional Landfill,401851,Townsite Solar Project Hybrid,NV,72.30425885205216
2028,3,p13,Apex Regional Landfill,406448,Yellow Pine II,NV,96.79668358075747
2028,3,p13,Apex Regional Landfill,404971,Yellow Pine Solar,NV,96.40595605436114
2028,3,p27,Mohave Valley Landfill,400374,"Black Mountain Solar, LLC",AZ,84.12603040461859
2028,3,p27,Mohave Valley Landfill,402236,Gray Hawk Solar,AZ,90.25644696630414
2028,3,p27,Mohave Valley Landfill,401819,Jacobson 5 MW Solar,AZ,98.74667669130204
2028,3,p27,Mohave Valley Landfill,400199,La Senita,AZ,86.34169079421608
2028,3,p27,Mohave Valley Landfill,403718,Mohave Electric Cooperative at Joy Lane,AZ,43.79964968918882
2028,3,p27,Mohave Valley Landfill,401311,Mohave Electric at Fort Mohave,AZ,47.44502846156378
2028,3,p27,Mohave Valley Landfill,406478,Mohave Energy - Hybrid,AZ,43.99934368899265
2028,3,p28,Apache Junction Landfill,405418,AZ State University - Tempe Campus Solar,AZ,73.72239721603829
2028,3,p28,South Yuma County Landfill,400148,Agua Caliente Solar Project,AZ,121.21325239203178
2028,3,p28,Apache Junction Landfill,402067,Apache Solar 1,AZ,201.0307686379833
2028,3,p28,South Yuma County Landfill,400274,Arizona Western College PV,AZ,48.92947653538025
2028,3,p28,Apache Junction Landfill,400240,Arlington Valley Solar Energy II,AZ,136.09813195436476
2028,3,p28,Apache Junction Landfill,400437,Badger 1,AZ,133.82849030571026
2028,3,p28,Apache Junction Landfill,401688,Bonnybrooke PV,AZ,74.97887104721927
2028,3,p28,Apache Junction Landfill,400371,Buckeye Union HS District 201,AZ,118.02341687496386
2028,3,p28,Apache Junction Landfill,405635,"Central Line Solar, LLC",AZ,89.55456744472878
2028,3,p28,Apache Junction Landfill,400201,Chino Solar Valley,AZ,171.73603616281991
2028,3,p28,Apache Junction Landfill,400202,Cotton Center Solar Hybrid,AZ,128.68816059446357
2028,3,p28,Apache Junction Landfill,401069,Desert Star Hybrid,AZ,125.91125273315559
2028,3,p28,Apache Junction Landfill,403257,East Line Solar,AZ,89.0081042759337
2028,3,p28,Apache Junction Landfill,406171,Eleven Mile Solar Center,AZ,88.09992243270325
2028,3,p28,Apache Junction Landfill,405244,Estrella Mountain PV,AZ,102.1705147289725
2028,3,p28,South Yuma County Landfill,400349,Foothills Solar Plant Hybrid,AZ,50.21458078620708
2028,3,p28,Apache Junction Landfill,400825,Fort Huachuca Solar PV Project,AZ,218.51699368294425
2028,3,p28,Apache Junction Landfill,400845,Gila Bend Hybrid,AZ,136.63570778081183
2028,3,p28,Apache Junction Landfill,400599,"Gilbert Solar Facility I, LLC",AZ,64.69857102043237
2028,3,p28,South Yuma County Landfill,400507,Hyder II Hybrid,AZ,130.22470143990543
2028,3,p28,South Yuma County Landfill,400204,Hyder Solar Hybrid,AZ,131.18242599485419
2028,3,p28,Apache Junction Landfill,405282,Intel - Ocotillo Campus Solar,AZ,72.32139981402669
2028,3,p28,Apache Junction Landfill,405125,Jewish Community Center PV,AZ,79.43577798229715
2028,3,p28,Apache Junction Landfill,402234,Kayenta Solar Project,AZ,339.99651545715653
2028,3,p28,Apache Junction Landfill,400595,Lake Pleasant WTP,AZ,107.95184026576797
2028,3,p28,Apache Junction Landfill,400128,Luke Solar,AZ,105.658742967432
2028,3,p28,Apache Junction Landfill,405068,Macys Goodyear,AZ,106.90778624390315
2028,3,p28,South Yuma County Landfill,406279,McFarland A Solar and Storage,AZ,120.92429998517953
2028,3,p28,Apache Junction Landfill,405617,Mesa Carport PV,AZ,51.38833179472014
2028,3,p28,Apache Junction Landfill,404512,Mesa Solar Array,AZ,51.481053396689425
2028,3,p28,Apache Junction Landfill,400250,Mesquite Solar 1,AZ,141.9596999468081
2028,3,p28,Apache Junction Landfill,401621,"Mesquite Solar 2, LLC",AZ,142.8847580466082
2028,3,p28,Apache Junction Landfill,401622,"Mesquite Solar 3, LLC",AZ,142.05914321448904
2028,3,p28,Apache Junction Landfill,406038,"Mesquite Solar 4, LLC",AZ,140.93297420063027
2028,3,p28,Apache Junction Landfill,404922,"Mesquite Solar 5, LLC",AZ,140.03192700250742
2028,3,p28,Mohave Valley Landfill,403572,OE_AZ1,AZ,405.4503000587065
2028,3,p28,South Yuma County Landfill,403572,OE_AZ1,AZ,152.90151931359128
2028,3,p28,Apache Junction Landfill,400203,Paloma Solar Hybrid,AZ,128.588568444536
2028,3,p28,Apache Junction Landfill,405126,Paradise Valley H.S. PV,AZ,85.24571718495295
2028,3,p28,Apache Junction Landfill,405150,Phoenix Airport East Economy Lot,AZ,77.5877682029583
2028,3,p28,Apache Junction Landfill,405151,Phoenix Airport Rental Car Center,AZ,81.82410796059773
2028,3,p28,Apache Junction Landfill,402528,Pinal Central Energy Center Hybrid,AZ,86.45116275890305
2028,3,p28,Apache Junction Landfill,400125,"Poseidon Solar, LLC",AZ,63.49883879741947
2028,3,p28,Apache Junction Landfill,400031,Prescott Airport,AZ,168.67639186142137
2028,3,p28,Apache Junction Landfill,400401,Prescott Solar Plant,AZ,170.60512910303214
2028,3,p28,Apache Junction Landfill,400323,Queen Creek Solar Farm,AZ,56.10432338489765
2028,3,p28,Mohave Valley Landfill,400289,"RE Bagdad Solar I, LLC",AZ,135.51614185524053
2028,3,p28,Apache Junction Landfill,405132,"RE Gillespie 1, LLC",AZ,125.89589730965997
2028,3,p28,Apache Junction Landfill,400758,Red Horse 2,AZ,178.8028884367513
2028,3,p28,Apache Junction Landfill,401609,Red Horse III,AZ,176.2265180229074
2028,3,p28,Apache Junction Landfill,401726,Red Rock,AZ,115.5771088119598
2028,3,p28,Apache Junction Landfill,406380,SR McNeal,AZ,240.283394965628
2028,3,p28,South Yuma County Landfill,400416,Saddle Mountain Solar I,AZ,154.86881483761022
2028,3,p28,Apache Junction Landfill,403674,Saint Solar,AZ,88.00268671644403
2028,3,p28,Apache Junction Landfill,401214,Sandstone Solar,AZ,73.30222391417738
2028,3,p28,Apache Junction Landfill,405029,Solana Generating Station,AZ,152.5004283613148
2028,3,p28,Apache Junction Landfill,406275,Sonoran Solar Energy,AZ,115.25721741486213
2028,3,p28,Apache Junction Landfill,406034,Storey Solar and Storage,AZ,84.99449455874549
2028,3,p28,Apache Junction Landfill,401664,Sulphur Springs,AZ,198.3668765780637
2028,3,p28,Apache Junction Landfill,403643,Sun Streams 2,AZ,134.47784703132433
2028,3,p28,Apache Junction Landfill,406517,Sun Streams 3,AZ,132.67718187786073
2028,3,p28,Apache Junction Landfill,401975,"Sun Streams, LLC",AZ,134.34514703325652
2028,3,p28,Apache Junction Landfill,405311,T0588 Phoenix - AZ,AZ,92.7879715181192
2028,3,p28,Apache Junction Landfill,405134,Union HS at Casa Grande,AZ,84.49235133008534
2028,3,p28,Apache Junction Landfill,405135,Vista Grande HS at Casa Grande,AZ,86.56016001766329
2028,3,p28,Apache Junction Landfill,400334,Walmart Casa Grande,AZ,90.91322160518051
2028,3,p28,Apache Junction Landfill,406098,"West Line Solar, LLC",AZ,89.69483520658949
2028,3,p29,Apache Junction Landfill,400014,Springerville,AZ,839.5449963602033
2028,3,p30,Apache Junction Landfill,405143,Actus Lend Lease DMAFB,AZ,159.30911831843
2028,3,p30,Apache Junction Landfill,405611,Amazon TUS2,AZ,166.7446206325273
2028,3,p30,Apache Junction Landfill,405268,Amphitheater High School Solar,AZ,147.3254260968977
2028,3,p30,Apache Junction Landfill,400939,Avalon Solar,AZ,166.21068049762786
2028,3,p30,Apache Junction Landfill,401479,Avalon Solar II,AZ,176.57147765895473
2028,3,p30,Apache Junction Landfill,400226,Avra Valley Solar,AZ,144.0671771507266
2028,3,p30,Apache Junction Landfill,404704,Broadway 2 - Tucson Phase II,AZ,141.75439821276893
2028,3,p30,Apache Junction Landfill,405768,Broadway 3 - Tucson Phase I,AZ,142.96755561813157
2028,3,p30,Apache Junction Landfill,405269,Canyon Del Oro High School Solar,AZ,146.80330233518083
2028,3,p30,Apache Junction Landfill,400757,Cogenra-TEP,AZ,165.05818431364932
2028,3,p30,Apache Junction Landfill,401295,Davis Monthan AFB (AZ) West Airfield,AZ,167.7205974349288
2028,3,p30,Apache Junction Landfill,400330,FRB Solar Farm,AZ,160.69354232971253
2028,3,p30,Apache Junction Landfill,400761,"Gato Montes Solar, LLC",AZ,174.2056835013355
2028,3,p30,Apache Junction Landfill,404536,Iron Horse Battery Storage Hybrid,AZ,168.0497850485681
2028,3,p30,Apache Junction Landfill,400552,"Picture Rocks Solar, LLC",AZ,147.80635658162808
2028,3,p30,Apache Junction Landfill,405374,Pima Community College,AZ,172.31384677699435
2028,3,p30,Apache Junction Landfill,405303,Pima Community College - East Campus,AZ,152.96172780349715
2028,3,p30,Apache Junction Landfill,405516,Pima Community College NW,AZ,140.02236574815265
2028,3,p30,Apache Junction Landfill,400408,Prairie Fire,AZ,194.91152998436104
2028,3,p30,South Yuma County Landfill,400290,"RE Ajo 1, LLC",AZ,181.2658704553873
2028,3,p30,Apache Junction Landfill,404926,Raptor Ridge,AZ,167.73185126954775
2028,3,p30,Apache Junction Landfill,400857,Rio Rico Solar,AZ,222.7170278577791
2028,3,p30,Apache Junction Landfill,400193,Roger Road WWTP,AZ,153.6943006787295
2028,3,p30,Apache Junction Landfill,401076,Tech Park Solar,AZ,188.5669932305563
2028,3,p30,Apache Junction Landfill,400156,UASTP I,AZ,160.61385787965716
2028,3,p30,Apache Junction Landfill,401075,Valencia Solar,AZ,161.9312158328107
2028,3,p30,Apache Junction Landfill,404187,"Wilmot Energy Center, LLC",AZ,172.67648728357895
2028,3,p31,City of Clovis Landfill,400211,Alamogordo Solar Energy Center,NM,268.1205332088192
2028,3,p31,Northeastern New Mexico Regional Landfill,400206,Albuquerque Solar Energy Center,NM,195.12206864255828
2028,3,p31,Northeastern New Mexico Regional Landfill,403675,Alcalde Solar Array,NM,124.15293557372273
2028,3,p31,Apache Junction Landfill,401595,Alta Luna,NM,361.8391322089804
2028,3,p31,Northeastern New Mexico Regional Landfill,404724,Angel Fire Energy Facility,NM,85.75782992121697
2028,3,p31,Northeastern New Mexico Regional Landfill,405469,Arroyo Solar Energy Storage Hybrid,NM,245.34387400488757
2028,3,p31,Northeastern New Mexico Regional Landfill,403321,Bluewater CDEC 1,NM,261.66624898130476
2028,3,p31,Northeastern New Mexico Regional Landfill,403736,Britton Solar Energy Center,NM,162.8411259456569
2028,3,p31,City of Clovis Landfill,404981,Buena Vista Energy Center,NM,312.9146299114599
2028,3,p31,Northeastern New Mexico Regional Landfill,402876,CNMEC Solar Energy Center,NM,177.39794515966037
2028,3,p31,City of Clovis Landfill,402519,Carrizozo Solar,NM,224.89734433158048
2028,3,p31,Northeastern New Mexico Regional Landfill,401202,Cibola,NM,217.68105656667456
2028,3,p31,Northeastern New Mexico Regional Landfill,400104,Cimarron Solar Facility,NM,64.19574724158647
2028,3,p31,Apache Junction Landfill,402988,City of Gallup Solar,NM,307.12323790271716
2028,3,p31,Northeastern New Mexico Regional Landfill,403604,City of Rio Rancho WWTP,NM,205.92879124127535
2028,3,p31,City of Clovis Landfill,401225,City of Truth or Consequences PV,NM,330.11547103872704
2028,3,p31,Apache Junction Landfill,402177,Columbus Solar Project,NM,350.29682398135657
2028,3,p31,Northeastern New Mexico Regional Landfill,404748,"Cuba 2.5ac, LLC",NM,193.8761265483162
2028,3,p31,Apache Junction Landfill,400209,Deming Solar Energy Center,NM,320.58062287572653
2028,3,p31,Northeastern New Mexico Regional Landfill,403868,Encino Solar Energy Center,NM,218.00363144303122
2028,3,p31,Northeastern New Mexico Regional Landfill,401038,Eubank Landfill Solar Array,NM,199.34657720308792
2028,3,p31,Northeastern New Mexico Regional Landfill,402441,Facebook 1 Solar Energy Center,NM,225.13643458855177
2028,3,p31,Northeastern New Mexico Regional Landfill,402442,Facebook 2 Solar Energy Center,NM,209.9309505400239
2028,3,p31,Northeastern New Mexico Regional Landfill,402443,Facebook 3 Solar Energy Center,NM,214.3418646360524
2028,3,p31,Northeastern New Mexico Regional Landfill,403322,Grants CDEC 2,NM,257.0138630446463
2028,3,p31,Apache Junction Landfill,400216,"Hatch Solar Energy Center I, LLC",NM,23264.78616550293
2028,3,p31,City of Clovis Landfill,400216,"Hatch Solar Energy Center I, LLC",NM,326.1394364285098
2028,3,p31,City of Clovis Landfill,401617,Holloman Solar Facility,NM,260.27191381701397
2028,3,p31,Northeastern New Mexico Regional Landfill,406109,"Jicarilla Solar 1, LLC",NM,224.19910157399022
2028,3,p31,Northeastern New Mexico Regional Landfill,400427,Kit Carson,NM,128.54672484121372
2028,3,p31,Northeastern New Mexico Regional Landfill,400210,Las Vegas Solar Energy Center,NM,89.5577775120936
2028,3,p31,Northeastern New Mexico Regional Landfill,400434,Los Alamos PV Site,NM,158.28500575549185
2028,3,p31,Northeastern New Mexico Regional Landfill,400207,Los Lunas Solar Energy Center,NM,219.02388068168295
2028,3,p31,Apache Junction Landfill,400838,Macho Springs,NM,329.5204153037276
2028,3,p31,Northeastern New Mexico Regional Landfill,400582,Manzano Solar,NM,212.637036997526
2028,3,p31,Northeastern New Mexico Regional Landfill,401201,Meadow Lake Solar Energy Center,NM,197.41154245218863
2028,3,p31,Northeastern New Mexico Regional Landfill,406177,"NMRD Data Center III, LLC",NM,206.6156541055327
2028,3,p31,City of Clovis Landfill,405693,NMSU Solar and Storage,NM,344.171761786912
2028,3,p31,Northeastern New Mexico Regional Landfill,406375,OE_ESCL,NM,272.1828542653945
2028,3,p31,City of Clovis Landfill,400581,Otero Solar,NM,259.64790546194996
2028,3,p31,Northeastern New Mexico Regional Landfill,400146,Questa Solar Facility,NM,118.92873552885384
2028,3,p31,Northeastern New Mexico Regional Landfill,403178,"RC Energy AA, LLC Solar Facility",NM,182.26717870120544
2028,3,p31,Northeastern New Mexico Regional Landfill,401566,Rio Communities Solar Energy Center,NM,225.18233497966892
2028,3,p31,Northeastern New Mexico Regional Landfill,403084,Rio De Oro Solar Energy Center,NM,223.79498148707998
2028,3,p31,Northeastern New Mexico Regional Landfill,400624,Rio Rancho High School,NM,192.48508735192183
2028,3,p31,City of Clovis Landfill,400135,Roadrunner Solar,NM,346.60071526033465
2028,3,p31,Northeastern New Mexico Regional Landfill,404648,"Route 66 Energy Center, LLC",NM,258.33121905474786
2028,3,p31,Northeastern New Mexico Regional Landfill,403387,San Miguel I Solar Energy Center,NM,86.92671766326079
2028,3,p31,Northeastern New Mexico Regional Landfill,405458,San Miguel II Solar Energy Center,NM,88.22815101580169
2028,3,p31,Northeastern New Mexico Regional Landfill,401161,Sandoval Solar Energy Center,NM,189.22010507379343
2028,3,p31,Northeastern New Mexico Regional Landfill,401564,Santa Fe Solar Energy Center,NM,140.940838665804
2028,3,p31,Northeastern New Mexico Regional Landfill,401565,Santolina Solar Energy Center,NM,207.69536119732481
2028,3,p31,Apache Junction Landfill,400596,Silver City WWTP PV Project,NM,280.1017253472413
2028,3,p31,Northeastern New Mexico Regional Landfill,406343,Sky Ranch Solar,NM,235.47527774470439
2028,3,p31,Northeastern New Mexico Regional Landfill,401563,South Valley Solar Energy Center,NM,201.37767642873047
2028,3,p31,Northeastern New Mexico Regional Landfill,401162,Springer Solar 1,NM,59.1941003600137
2028,3,p31,Northeastern New Mexico Regional Landfill,400735,Storrie Lake Solar Project,NM,84.69012665107007
2028,3,p31,Northeastern New Mexico Regional Landfill,400623,Sue Cleveland High School,NM,181.75363261812277
2028,3,p31,City of Clovis Landfill,400343,"SunE EPE1, LLC",NM,341.15910207486013
2028,3,p31,City of Clovis Landfill,400342,"SunE EPE2, LLC",NM,339.0333059356056
2028,3,p31,Northeastern New Mexico Regional Landfill,402854,Syncarpha Eagle Nest,NM,92.72371101055455
2028,3,p31,Northeastern New Mexico Regional Landfill,403412,Syncarpha El Rito,NM,142.62789471748792
2028,3,p31,Northeastern New Mexico Regional Landfill,403413,Syncarpha Questa,NM,122.22682741074428
2028,3,p31,Northeastern New Mexico Regional Landfill,403411,Syncarpha Taos,NM,107.38806131784457
2028,3,p31,Northeastern New Mexico Regional Landfill,404618,Taos Mesa Energy Facility Hybrid,NM,107.84567457516984
2028,3,p31,Northeastern New Mexico Regional Landfill,403011,Vista Solar Energy Center,NM,214.0729256309947
2028,3,p31,City of Clovis Landfill,400354,WSMR I,NM,329.64525493179707
2028,3,p31,City of Clovis Landfill,405245,Wal-Mart Truth or Consequences PV,NM,320.449071057682
2028,3,p47,City of Clovis Landfill,400979,"Caprock Solar 1, LLC",NM,94.61024119890276
2028,3,p47,City of Clovis Landfill,404980,Chaves County Solar II,NM,152.00756335023428
2028,3,p47,City of Clovis Landfill,401681,"Chaves Solar, LLC",NM,142.8341696561657
2028,3,p47,City of Clovis Landfill,400614,GSE NM1,NM,184.06064788244876
2028,3,p47,City of Clovis Landfill,404982,Hayhurst New Mexico Solar,NM,236.7992041763966
2028,3,p47,City of Clovis Landfill,402530,Middle Daisy,NM,138.81483001758778
2028,3,p47,City of Clovis Landfill,401682,"Roswell Solar, LLC",NM,147.00300227203732
2028,3,p47,City of Clovis Landfill,400546,SEV NM Phase 2,NM,146.33063566225047
2028,3,p47,City of Clovis Landfill,400260,SPS1 Dollarhide,NM,240.54795665145303
2028,3,p47,City of Clovis Landfill,400261,SPS2 Jal,NM,222.60904837778415
2028,3,p47,City of Clovis Landfill,400262,SPS3 Lea,NM,169.49886654907496
2028,3,p47,City of Clovis Landfill,400264,SPS5 Hopi,NM,197.25018244432695
2028,3,p47,City of Clovis Landfill,404698,SoCore Clovis 1,NM,24.387786184168284
2028,3,p48,City of Clovis Landfill,406439,"BESSP1, LLC",TX,714.8832503953615
2028,3,p48,City of Clovis Landfill,405590,"Hecate Energy Frye Solar, LLC",TX,685.1816156878941
2028,3,p57,Victoria Landfill,404918,"Hecate Energy Upshur Rural, LLC",TX,6019.722636623374
2028,3,p59,City of Clovis Landfill,402666,Fort Bliss (DEA EPIC),TX,6633.935296849142
2028,3,p59,City of Clovis Landfill,401616,Montana Solar Facility,TX,6113.770146479886
2028,3,p59,City of Clovis Landfill,401045,Newman Solar,TX,2325.928998530525
2028,3,p60,City of Clovis Landfill,403962,"ANSON Solar Center, LLC",TX,970.9137683335657
2028,3,p60,City of Clovis Landfill,403883,Azure Sky Solar,TX,803.2347473377448
2028,3,p60,City of Clovis Landfill,403232,"ENGIE Long Draw Solar, LLC",TX,622.0553978180028
2028,3,p60,City of Clovis Landfill,406252,Highpeak Solar 1,TX,802.1376368723406
2028,3,p60,City of Clovis Landfill,402721,Holstein 1 Solar Farm,TX,1376.4432723937357
2028,3,p60,City of Clovis Landfill,405492,Juno Solar Project,TX,660.1646057883598
2028,3,p60,City of Clovis Landfill,402541,Lamesa II,TX,585.0058349449782
2028,3,p60,City of Clovis Landfill,401660,Lamesa Solar,TX,971.9792374461849
2028,3,p60,City of Clovis Landfill,405932,Lumina II Solar Project,TX,723.1740966084092
2028,3,p60,City of Clovis Landfill,405933,Lumina Solar Project,TX,956.9068058579767
2028,3,p60,City of Clovis Landfill,402909,Misae Solar,TX,858.0532886735836
2028,3,p60,City of Clovis Landfill,400968,"OCI Alamo 7, LLC",TX,721.8915086970911
2028,3,p60,City of Clovis Landfill,405939,Texas Solar Nova 1,TX,684.3898140898408
2028,3,p61,City of Clovis Landfill,400967,Alamo 6,TX,401.8611490242446
2028,3,p61,City of Clovis Landfill,403557,Aragorn Solar Project,TX,454.1802124937356
2028,3,p61,City of Clovis Landfill,400691,Barilla Solar,TX,408.70220212679357
2028,3,p61,City of Clovis Landfill,401946,Bluebell Solar,TX,469.1367898563055
2028,3,p61,City of Clovis Landfill,403574,Bluebell Solar II,TX,302.7680320968401
2028,3,p61,City of Clovis Landfill,400554,"Bryan Solar, LLC",TX,432.7283954713354
2028,3,p61,City of Clovis Landfill,401463,Buckthorn Westex,TX,302.7982223963963
2028,3,p61,City of Clovis Landfill,401703,East Pecos Solar,TX,487.45523215782873
2028,3,p61,Victoria Landfill,405363,Galloway 1 Solar Farm,TX,3387.11252378634
2028,3,p61,City of Clovis Landfill,405363,Galloway 1 Solar Farm,TX,344.3084187316753
2028,3,p61,City of Clovis Landfill,405494,Galloway 2 Solar Farm,TX,401.44481852543356
2028,3,p61,City of Clovis Landfill,403210,Greasewood,TX,353.8154977556859
2028,3,p61,City of Clovis Landfill,406370,Hayhurst Texas Solar,TX,434.8148806645969
2028,3,p61,City of Clovis Landfill,402304,Midway Solar-TX,TX,500.20508149599783
2028,3,p61,Victoria Landfill,400695,"OCI Alamo 4, LLC",TX,483.70348905525833
2028,3,p61,City of Clovis Landfill,401868,Pearl Solar,TX,328.5280544826554
2028,3,p61,City of Clovis Landfill,402290,RE Maplewood,TX,307.57314559097233
2028,3,p61,City of Clovis Landfill,401430,RE Roserock,TX,529.8887209971575
2028,3,p61,City of Clovis Landfill,402848,Rambler,TX,632.507501189122
2028,3,p61,City of Clovis Landfill,402083,Solaire Holman Solar Project,TX,421.3029368289543
2028,3,p61,City of Clovis Landfill,403023,"Taygete Energy Project, LLC",TX,557.6045500796178
2028,3,p61,City of Clovis Landfill,404647,Taygete II Energy Project,TX,527.9903957652294
2028,3,p61,City of Clovis Landfill,403551,Titan Solar Project,TX,256.10332395334
2028,3,p61,Victoria Landfill,406103,Zier Solar,TX,474.9241135468054
2028,3,p62,City of Clovis Landfill,403502,2W Permian Solar Project Hybrid,TX,1027.2164388210233
2028,3,p62,City of Clovis Landfill,403697,CED Crane Solar,TX,1086.7668905656978
2028,3,p62,City of Clovis Landfill,401525,Castle Gap Solar Hybrid,TX,1747.9022047557055
2028,3,p62,City of Clovis Landfill,404599,Emerald Grove,TX,1248.5870363981987
2028,3,p62,City of Clovis Landfill,403004,Lapetus,TX,1274.7341340918708
2028,3,p62,City of Clovis Landfill,403280,Oberon IA,TX,1297.8095370673484
2028,3,p62,City of Clovis Landfill,403279,Oberon IB,TX,919.6137727861361
2028,3,p62,City of Clovis Landfill,403602,Oxy Renewable Energy-Goldsmith,TX,1183.215929869731
2028,3,p62,City of Clovis Landfill,402679,Phoebe Solar,TX,1481.1263096673574
2028,3,p62,City of Clovis Landfill,403177,Prospero Solar,TX,814.9422614547897
2028,3,p62,City of Clovis Landfill,404128,Prospero Solar II,TX,872.0647676941053
2028,3,p62,City of Clovis Landfill,403070,"Roadrunner, LLC",TX,1705.3633010280037
2028,3,p62,City of Clovis Landfill,401805,Upton County Solar,TX,1864.6390739573824
2028,3,p62,City of Clovis Landfill,402995,West of the Pecos Solar,TX,1279.2247843287578
2028,3,p63,Victoria Landfill,405599,"BPL Crown Solar, LLC",TX,300.2351533518063
2028,3,p63,Victoria Landfill,404966,BPL Files Solar,TX,379.7491351743283
2028,3,p63,Victoria Landfill,403825,Briar Creek Solar 1,TX,686.5586656822122
2028,3,p63,Victoria Landfill,402610,Chisum,TX,831.8844048604964
2028,3,p63,Victoria Landfill,401697,CoServ Community Solar Station,TX,887.8073783675271
2028,3,p63,Victoria Landfill,403188,Coniglio Solar,TX,746.0754651918505
2028,3,p63,Victoria Landfill,406415,Dileo Solar,TX,349.6509645028305
2028,3,p63,Victoria Landfill,402655,Eddy II,TX,432.3841298293221
2028,3,p63,Victoria Landfill,406221,Eiffel Solar Project,TX,576.2111270250185
2028,3,p63,Victoria Landfill,405540,"Ellis Solar, LLC",TX,486.5238355293545
2028,3,p63,Victoria Landfill,403823,Elm Branch Solar 1,TX,488.4563736406582
2028,3,p63,Victoria Landfill,406206,Five Wells Solar Center - Hybrid,TX,391.8792189960531
2028,3,p63,Victoria Landfill,404567,G.S.E. One LLC,TX,543.8608950913288
2028,3,p63,Victoria Landfill,403288,Griffin Solar,TX,338.23417762041373
2028,3,p63,Victoria Landfill,406202,Grizzly Ridge Solar,TX,474.31203975559794
2028,3,p63,Victoria Landfill,402329,Highway 56 Solar,TX,652.6142639840415
2028,3,p63,Victoria Landfill,405319,IKEA Grand Prairie Rooftop PV System,TX,514.0803103402418
2028,3,p63,Victoria Landfill,405689,"IP Radian, LLC",TX,354.29622637054035
2028,3,p63,Victoria Landfill,403481,Impact Solar 1,TX,509.71445830354236
2028,3,p63,Victoria Landfill,403190,Kellam Solar,TX,542.4057671396866
2028,3,p63,Victoria Landfill,402421,Leon Solar,TX,591.8582239606275
2028,3,p63,Victoria Landfill,403874,Lily Solar Hybrid,TX,575.7973021777062
2028,3,p63,Victoria Landfill,402404,Marlin Solar,TX,319.4758131416277
2028,3,p63,City of Clovis Landfill,405794,Noble Solar,TX,574.8061095872537
2028,3,p63,City of Clovis Landfill,402405,North Gainesville Solar,TX,550.929205034323
2028,3,p63,Victoria Landfill,401933,Phantom Solar,TX,365.86449952437647
2028,3,p63,Victoria Landfill,404872,"Pisgah Ridge Solar, LLC",TX,399.41450357903597
2028,3,p63,Victoria Landfill,406416,Pitts Dudik Solar,TX,356.02449175898
2028,3,p63,City of Clovis Landfill,403189,Rippey Solar,TX,838.8729045559201
2028,3,p63,Victoria Landfill,404630,"Samson Solar Energy III, LLC",TX,555.0527714917475
2028,3,p63,Victoria Landfill,402652,Sterling Solar (TX),TX,736.9100036726489
2028,3,p63,Victoria Landfill,404812,Sun Valley Solar Project,TX,378.8186953645935
2028,3,p63,Victoria Landfill,404388,"TPE Erath Solar, LLC",TX,558.8424136986492
2028,3,p63,Victoria Landfill,403457,"TPE Whitney Solar, LLC",TX,382.58983640150876
2028,3,p63,Victoria Landfill,405361,Toyota HQ Plan,TX,718.1348939141343
2028,3,p63,Victoria Landfill,405907,Verizon Hidden Ridge Solar Project,TX,589.8838540096573
2028,3,p63,Victoria Landfill,405984,Waco Solar,TX,507.7883914454437
2028,3,p63,Victoria Landfill,402306,Walnut Springs Solar,TX,594.0812500066831
2028,3,p63,Victoria Landfill,402497,West Moore Solar II,TX,703.670570334638
2028,3,p63,Victoria Landfill,402330,Whitesboro Solar,TX,686.0118835846761
2028,3,p63,Victoria Landfill,402331,Whitesboro Solar II,TX,887.3701605239949
2028,3,p63,Victoria Landfill,402414,Whitewright Solar,TX,1025.9773266932996
2028,3,p63,Victoria Landfill,402654,Yellow Jacket,TX,464.35420196062233
2028,3,p64,Victoria Landfill,405731,Austin TX GigaFactory,TX,225.93256892138766
2028,3,p64,Victoria Landfill,402203,Bandera Electric Coop PV,TX,383.40732339905054
2028,3,p64,Victoria Landfill,404721,"Blue Jay Solar I, LLC",TX,352.09520925154663
2028,3,p64,Victoria Landfill,402648,Bovine,TX,223.5574126969523
2028,3,p64,Victoria Landfill,402389,"E-Volve Energy Holdings, LLC",TX,254.15385913381795
2028,3,p64,Victoria Landfill,400227,East Blackland Solar Project 1,TX,241.42294131008853
2028,3,p64,Victoria Landfill,405101,IKEA Round Rock 027,TX,225.67419237570564
2028,3,p64,Victoria Landfill,402653,Lampwick,TX,378.74423080623814
2028,3,p64,Victoria Landfill,405613,Niagara Bottling - Seguin,TX,266.9476875622036
2028,3,p64,Victoria Landfill,402544,PowerFin Kingsbery,TX,301.80488418811905
2028,3,p64,Victoria Landfill,400249,Webberville Solar Project,TX,226.06831373557512
2028,3,p65,Victoria Landfill,405700,Aktina Solar,TX,118.24175235714769
2028,3,p65,Victoria Landfill,404074,"Alexis Solar, LLC",TX,275.87627397965207
2028,3,p65,Victoria Landfill,405727,Bernard Creek Solar,TX,158.62696105161
2028,3,p65,Victoria Landfill,400081,Blue Wing Solar Energy Generation,TX,191.02808473583315
2028,3,p65,Victoria Landfill,405477,Brightside,TX,161.78474586061228
2028,3,p65,Victoria Landfill,401728,CPS 1 Community Solar,TX,167.66539519545682
2028,3,p65,Victoria Landfill,402656,Cascade Solar (TX),TX,144.2455485974579
2028,3,p65,Victoria Landfill,403987,Catan Solar,TX,131.58987378577422
2028,3,p65,Victoria Landfill,403091,Commerce Solar,TX,236.91350463503326
2028,3,p65,Victoria Landfill,404247,"Corazon Energy, LLC",TX,267.7577285948946
2028,3,p65,Victoria Landfill,404062,Elara Solar,TX,236.09352412037413
2028,3,p65,Victoria Landfill,404359,FELPS 1-Calaveras,TX,179.65343433656793
2028,3,p65,Victoria Landfill,404361,FELPS 2-Calaveras,TX,165.50785472352945
2028,3,p65,Victoria Landfill,404362,FELPS 3-Floresville South,TX,157.78738288183175
2028,3,p65,Victoria Landfill,404363,FELPS 4-Floresville South,TX,155.06947245720858
2028,3,p65,Victoria Landfill,404364,FELPS 5-Floresville South,TX,152.73518435688376
2028,3,p65,Victoria Landfill,404739,FELPS 6- Floresville West,TX,184.40482331937815
2028,3,p65,Victoria Landfill,404740,FELPS 7- Floresville West,TX,182.92752450436174
2028,3,p65,Victoria Landfill,406516,Ganado Solar,TX,105.48290121165775
2028,3,p65,Victoria Landfill,405801,Horizon Solar,TX,225.28275252860374
2028,3,p65,Victoria Landfill,405380,IKEA Live Oak Rooftop PV System,TX,188.73981932644307
2028,3,p65,Victoria Landfill,403343,Mars Solar,TX,233.6692033358275
2028,3,p65,Victoria Landfill,404877,Nebula Solar,TX,334.10099170212703
2028,3,p65,Victoria Landfill,400694,"OCI Alamo 2, LLC",TX,203.05520976766726
2028,3,p65,Victoria Landfill,400965,"OCI Alamo 3, LLC",TX,205.1568768305879
2028,3,p65,Victoria Landfill,400966,"OCI Alamo 5, LLC",TX,263.8734191866744
2028,3,p65,Victoria Landfill,400593,OCI Alamo Solar I Hybrid,TX,182.24588066529284
2028,3,p65,Victoria Landfill,405809,Shakes Solar,TX,285.2541953171299
2028,3,p65,Victoria Landfill,405545,Sparta Solar,TX,138.25699335416704
2028,3,p65,Victoria Landfill,400379,"SunE CPS1, LLC",TX,177.16578143403885
2028,3,p65,Victoria Landfill,400364,"SunE CPS2, LLC",TX,186.2224347403678
2028,3,p65,Victoria Landfill,400353,"SunE CPS3, LLC",TX,224.99192521562577
2028,3,p65,Victoria Landfill,406032,Tres Bahias,TX,94.93905508114904
2028,3,p65,Victoria Landfill,404878,Vancourt Solar Interconnections,TX,290.83959338709167
2028,3,p66,Victoria Landfill,406386,Umbriel Solar,TX,2103.2089217181515
2028,3,p67,Victoria Landfill,404939,Brazoria County Solar Project (Danciger),TX,336.0478918905465
2028,3,p67,Victoria Landfill,404681,Brazoria West,TX,371.6324691715178
2028,3,p67,Victoria Landfill,402649,Bronson,TX,333.98686441552115
2028,3,p67,Victoria Landfill,406178,"Cutlass Solar 1, LLC",TX,409.78176043523104
2028,3,p67,Victoria Landfill,404587,Fighting Jays Solar Project,TX,362.4890315009754
2028,3,p67,Victoria Landfill,405564,"Fort Bend Solar, LLC",TX,515.0494249154864
2028,3,p67,Victoria Landfill,404853,"Longbow Solar, LLC",TX,403.520409814242
2028,3,p67,Victoria Landfill,403514,Wagyu,TX,383.9003486987463
2028,4,p12,Apex Regional Landfill,402144,Battle Mountain Solar Project,NV,438.6229134117113
2028,4,p12,Apex Regional Landfill,405025,Brady,NV,493.84019027534083
2028,4,p12,Apex Regional Landfill,405553,Dodge Flat,NV,464.9601707707515
2028,4,p12,Apex Regional Landfill,402609,"EGP Stillwater Solar PV II, LLC",NV,466.64443013203413
2028,4,p12,Apex Regional Landfill,404659,Fish Springs,NV,580.5544656145322
2028,4,p12,Apex Regional Landfill,401086,Ft. Churchill PV,NV,434.81861539859204
2028,4,p12,Apex Regional Landfill,405028,Galena 2 Geothermal Power Plant,NV,552.3127203856179
2028,4,p12,Apex Regional Landfill,402130,Luning Energy,NV,339.5079381237526
2028,4,p12,Apex Regional Landfill,403107,NVSS-II,NV,126.18409355386639
2028,4,p12,Apex Regional Landfill,400468,"Patua Acquisition Project, LLC",NV,564.733188127183
2028,4,p12,Apex Regional Landfill,405021,Steamboat Hills LP,NV,628.4166057022384
2028,4,p12,Apex Regional Landfill,405023,Steamboat II,NV,612.6762438523849
2028,4,p12,Apex Regional Landfill,405024,Steamboat III,NV,445.9446625571271
2028,4,p12,Apex Regional Landfill,400029,Stillwater Facility,NV,470.9476993791229
2028,4,p12,Apex Regional Landfill,401318,Sunshine Valley Solar,NV,150.17031391593824
2028,4,p12,Apex Regional Landfill,405026,TS Power Plant,NV,644.9966591109331
2028,4,p12,Apex Regional Landfill,405576,Tesla Reno GigaFactory,NV,459.99060076094514
2028,4,p12,Apex Regional Landfill,401943,Tungsten Mountain,NV,532.6631281690201
2028,4,p12,Apex Regional Landfill,403308,Turquoise Liberty Solar,NV,634.3306539756184
2028,4,p12,Apex Regional Landfill,403884,"Turquoise Nevada, LLC",NV,589.7919016725747
2028,4,p12,Apex Regional Landfill,400035,Western 102 Power Plant,NV,478.17391848188095
2028,4,p13,Apex Regional Landfill,400555,Apex Solar PV Power Project,NV,71.63280005757586
2028,4,p13,Apex Regional Landfill,405385,Arrow Canyon Solar Hybrid,NV,87.32380655918762
2028,4,p13,Apex Regional Landfill,402017,"Boulder Solar II, LLC",NV,76.53028454324883
2028,4,p13,Apex Regional Landfill,401649,"Boulder Solar Power, LLC",NV,77.18228566429354
2028,4,p13,Apex Regional Landfill,400059,CM10,NV,80.42070306354458
2028,4,p13,Apex Regional Landfill,400086,CM48,NV,81.2592432761625
2028,4,p13,Apex Regional Landfill,400363,Copper Mountain Solar 2,NV,79.84723210208837
2028,4,p13,Apex Regional Landfill,400802,Copper Mountain Solar 3,NV,73.40556398841156
2028,4,p13,Apex Regional Landfill,401308,"Copper Mountain Solar 4, LLC",NV,80.08979655399968
2028,4,p13,Apex Regional Landfill,403688,"Copper Mountain Solar 5, LLC",NV,81.2468093214179
2028,4,p13,Apex Regional Landfill,405358,Dignity - San Martin,NV,62.929431267757394
2028,4,p13,Apex Regional Landfill,405355,Dignity - Siena Campus,NV,61.52844049252293
2028,4,p13,Apex Regional Landfill,405556,Dry Lake Solar Energy Center,NV,76.54387258966348
2028,4,p13,Apex Regional Landfill,405495,Gemini Solar,NV,83.25306918701011
2028,4,p13,Apex Regional Landfill,403386,"Harry Allen Solar Energy, LLC",NV,75.55562673911301
2028,4,p13,Apex Regional Landfill,406090,IGS LAS1,NV,64.8242823920094
2028,4,p13,Apex Regional Landfill,406089,IGS VGT,NV,60.524067956226375
2028,4,p13,Apex Regional Landfill,405309,IKEA Las Vegas 462,NV,62.91422372555819
2028,4,p13,Apex Regional Landfill,400545,Las Vegas WPCF Solar Plant,NV,54.83087160364245
2028,4,p13,Apex Regional Landfill,400313,Moapa Southern Paiute,NV,88.44495704676675
2028,4,p13,Apex Regional Landfill,400600,Mountain View Solar,NV,71.69660794863114
2028,4,p13,Apex Regional Landfill,400036,Nellis Air Force Base Solar Array,NV,59.13066991815265
2028,4,p13,Apex Regional Landfill,401381,Nellis Solar PV II,NV,55.801712363220034
2028,4,p13,Apex Regional Landfill,401319,"Playa Solar 1, LLC",NV,74.1161689663773
2028,4,p13,Apex Regional Landfill,401596,Playa Solar 2,NV,74.21478473437561
2028,4,p13,Apex Regional Landfill,401274,River Mountains Solar,NV,65.14237269749559
2028,4,p13,Mohave Valley Landfill,401042,Searchlight Solar,NV,88.20817436921911
2028,4,p13,Apex Regional Landfill,400166,Silver State Solar Power North,NV,95.26617046041383
2028,4,p13,Apex Regional Landfill,400658,Silver State Solar Power South,NV,96.09736449688133
2028,4,p13,Apex Regional Landfill,405246,"Solar Las Vegas MB 2, LLC",NV,56.476824080818346
2028,4,p13,Apex Regional Landfill,405188,Solar Las Vegas MB-1,NV,56.44978410699786
2028,4,p13,Apex Regional Landfill,400556,Spectrum Solar PV Power Project,NV,66.36982948734043
2028,4,p13,Apex Regional Landfill,402485,"Techren Solar I, LLC",NV,75.69284810748714
2028,4,p13,Apex Regional Landfill,402690,"Techren Solar II, LLC",NV,74.6649477544201
2028,4,p13,Apex Regional Landfill,402691,"Techren Solar III, LLC",NV,75.98579823370035
2028,4,p13,Apex Regional Landfill,402692,"Techren Solar IV, LLC",NV,73.91553115050739
2028,4,p13,Apex Regional Landfill,403001,Techren Solar V,NV,73.85694538482217
2028,4,p13,Apex Regional Landfill,401851,Townsite Solar Project Hybrid,NV,71.94829775225563
2028,4,p13,Apex Regional Landfill,406448,Yellow Pine II,NV,96.79668358075747
2028,4,p13,Apex Regional Landfill,404971,Yellow Pine Solar,NV,96.40595605436114
2028,4,p27,Mohave Valley Landfill,400374,"Black Mountain Solar, LLC",AZ,84.12603040461859
2028,4,p27,Mohave Valley Landfill,402236,Gray Hawk Solar,AZ,90.25644696630414
2028,4,p27,Mohave Valley Landfill,401819,Jacobson 5 MW Solar,AZ,111.19701497271048
2028,4,p27,Mohave Valley Landfill,400199,La Senita,AZ,86.34169079421608
2028,4,p27,Mohave Valley Landfill,403718,Mohave Electric Cooperative at Joy Lane,AZ,43.79964968918882
2028,4,p27,Mohave Valley Landfill,401311,Mohave Electric at Fort Mohave,AZ,47.44502846156378
2028,4,p27,Mohave Valley Landfill,406478,Mohave Energy - Hybrid,AZ,43.444014559507345
2028,4,p28,Apache Junction Landfill,405418,AZ State University - Tempe Campus Solar,AZ,73.7223972160383
2028,4,p28,South Yuma County Landfill,400148,Agua Caliente Solar Project,AZ,120.18045340441047
2028,4,p28,Apache Junction Landfill,402067,Apache Solar 1,AZ,199.11077929956159
2028,4,p28,South Yuma County Landfill,400274,Arizona Western College PV,AZ,49.10175423902464
2028,4,p28,Apache Junction Landfill,400240,Arlington Valley Solar Energy II,AZ,135.52146823215506
2028,4,p28,Apache Junction Landfill,400437,Badger 1,AZ,133.82849030571026
2028,4,p28,Apache Junction Landfill,401688,Bonnybrooke PV,AZ,74.97887104721927
2028,4,p28,Apache Junction Landfill,400371,Buckeye Union HS District 201,AZ,118.02341687496386
2028,4,p28,Apache Junction Landfill,405635,"Central Line Solar, LLC",AZ,89.55456744472878
2028,4,p28,Apache Junction Landfill,400201,Chino Solar Valley,AZ,171.73603616281991
2028,4,p28,Apache Junction Landfill,400202,Cotton Center Solar Hybrid,AZ,128.68816059446357
2028,4,p28,Apache Junction Landfill,401069,Desert Star Hybrid,AZ,125.91125273315559
2028,4,p28,Apache Junction Landfill,403257,East Line Solar,AZ,88.98946056954996
2028,4,p28,Apache Junction Landfill,406171,Eleven Mile Solar Center,AZ,88.09992243270325
2028,4,p28,Apache Junction Landfill,405244,Estrella Mountain PV,AZ,102.1705147289725
2028,4,p28,South Yuma County Landfill,400349,Foothills Solar Plant Hybrid,AZ,50.21458078620708
2028,4,p28,Apache Junction Landfill,400825,Fort Huachuca Solar PV Project,AZ,218.51699368294425
2028,4,p28,Apache Junction Landfill,400845,Gila Bend Hybrid,AZ,136.63570778081183
2028,4,p28,Apache Junction Landfill,400599,"Gilbert Solar Facility I, LLC",AZ,64.69857102043237
2028,4,p28,South Yuma County Landfill,400507,Hyder II Hybrid,AZ,130.22470143990543
2028,4,p28,South Yuma County Landfill,400204,Hyder Solar Hybrid,AZ,130.07451173580503
2028,4,p28,Apache Junction Landfill,405282,Intel - Ocotillo Campus Solar,AZ,72.32139981402669
2028,4,p28,Apache Junction Landfill,405125,Jewish Community Center PV,AZ,79.43577798229715
2028,4,p28,Apache Junction Landfill,402234,Kayenta Solar Project,AZ,339.99651545715653
2028,4,p28,Apache Junction Landfill,400595,Lake Pleasant WTP,AZ,107.95184026576797
2028,4,p28,Apache Junction Landfill,400128,Luke Solar,AZ,105.658742967432
2028,4,p28,Apache Junction Landfill,405068,Macys Goodyear,AZ,106.25634458892497
2028,4,p28,South Yuma County Landfill,406279,McFarland A Solar and Storage,AZ,120.85080091653106
2028,4,p28,Apache Junction Landfill,405617,Mesa Carport PV,AZ,51.38833179472014
2028,4,p28,Apache Junction Landfill,404512,Mesa Solar Array,AZ,51.481053396689425
2028,4,p28,Apache Junction Landfill,400250,Mesquite Solar 1,AZ,141.0857134109212
2028,4,p28,Apache Junction Landfill,401621,"Mesquite Solar 2, LLC",AZ,142.8847580466082
2028,4,p28,Apache Junction Landfill,401622,"Mesquite Solar 3, LLC",AZ,143.99634714932873
2028,4,p28,Apache Junction Landfill,406038,"Mesquite Solar 4, LLC",AZ,140.93297420063027
2028,4,p28,Apache Junction Landfill,404922,"Mesquite Solar 5, LLC",AZ,140.03192700250742
2028,4,p28,South Yuma County Landfill,403572,OE_AZ1,AZ,153.93845937077091
2028,4,p28,Apache Junction Landfill,400203,Paloma Solar Hybrid,AZ,128.588568444536
2028,4,p28,Apache Junction Landfill,405126,Paradise Valley H.S. PV,AZ,85.24143722310802
2028,4,p28,Apache Junction Landfill,405150,Phoenix Airport East Economy Lot,AZ,77.5877682029583
2028,4,p28,Apache Junction Landfill,405151,Phoenix Airport Rental Car Center,AZ,81.69488228550985
2028,4,p28,Apache Junction Landfill,402528,Pinal Central Energy Center Hybrid,AZ,86.45116275890305
2028,4,p28,Apache Junction Landfill,400125,"Poseidon Solar, LLC",AZ,63.49883879741947
2028,4,p28,Apache Junction Landfill,400031,Prescott Airport,AZ,168.67639186142137
2028,4,p28,Apache Junction Landfill,400401,Prescott Solar Plant,AZ,170.60512910303214
2028,4,p28,Apache Junction Landfill,400323,Queen Creek Solar Farm,AZ,56.10432338489765
2028,4,p28,Mohave Valley Landfill,400289,"RE Bagdad Solar I, LLC",AZ,135.51614185524053
2028,4,p28,Apache Junction Landfill,405132,"RE Gillespie 1, LLC",AZ,125.89589730965997
2028,4,p28,Apache Junction Landfill,400758,Red Horse 2,AZ,178.8028884367513
2028,4,p28,Apache Junction Landfill,401609,Red Horse III,AZ,176.2265180229074
2028,4,p28,Apache Junction Landfill,401726,Red Rock,AZ,115.5771088119598
2028,4,p28,Apache Junction Landfill,406380,SR McNeal,AZ,240.283394965628
2028,4,p28,South Yuma County Landfill,400416,Saddle Mountain Solar I,AZ,154.86881483761022
2028,4,p28,Apache Junction Landfill,403674,Saint Solar,AZ,88.00268671644403
2028,4,p28,Apache Junction Landfill,401214,Sandstone Solar,AZ,73.30222391417738
2028,4,p28,Apache Junction Landfill,405029,Solana Generating Station,AZ,151.66005504728048
2028,4,p28,Apache Junction Landfill,406275,Sonoran Solar Energy,AZ,116.20276086586395
2028,4,p28,Apache Junction Landfill,406034,Storey Solar and Storage,AZ,85.02278944358937
2028,4,p28,Apache Junction Landfill,401664,Sulphur Springs,AZ,198.3668765780637
2028,4,p28,Apache Junction Landfill,403643,Sun Streams 2,AZ,134.47784703132433
2028,4,p28,Apache Junction Landfill,406517,Sun Streams 3,AZ,132.67718187786073
2028,4,p28,Apache Junction Landfill,401975,"Sun Streams, LLC",AZ,134.34514703325652
2028,4,p28,Apache Junction Landfill,405311,T0588 Phoenix - AZ,AZ,92.7879715181192
2028,4,p28,Apache Junction Landfill,405134,Union HS at Casa Grande,AZ,84.41313849642401
2028,4,p28,Apache Junction Landfill,405135,Vista Grande HS at Casa Grande,AZ,86.67121916399184
2028,4,p28,Apache Junction Landfill,400334,Walmart Casa Grande,AZ,90.91322160518051
2028,4,p28,Apache Junction Landfill,406098,"West Line Solar, LLC",AZ,89.73537723621749
2028,4,p29,Apache Junction Landfill,400014,Springerville,AZ,1053.270032509832
2028,4,p30,Apache Junction Landfill,405143,Actus Lend Lease DMAFB,AZ,152.56488998419982
2028,4,p30,Apache Junction Landfill,405611,Amazon TUS2,AZ,162.02472309336372
2028,4,p30,Apache Junction Landfill,405268,Amphitheater High School Solar,AZ,147.3254260968977
2028,4,p30,Apache Junction Landfill,400939,Avalon Solar,AZ,166.21068049762786
2028,4,p30,Apache Junction Landfill,401479,Avalon Solar II,AZ,175.57162842396912
2028,4,p30,Apache Junction Landfill,400226,Avra Valley Solar,AZ,144.0671771507266
2028,4,p30,Apache Junction Landfill,404704,Broadway 2 - Tucson Phase II,AZ,141.75439821276893
2028,4,p30,Apache Junction Landfill,405768,Broadway 3 - Tucson Phase I,AZ,142.96755561813157
2028,4,p30,Apache Junction Landfill,405269,Canyon Del Oro High School Solar,AZ,140.41055324912548
2028,4,p30,Apache Junction Landfill,400757,Cogenra-TEP,AZ,165.05818431364932
2028,4,p30,Apache Junction Landfill,401295,Davis Monthan AFB (AZ) West Airfield,AZ,167.7205974349288
2028,4,p30,Apache Junction Landfill,400330,FRB Solar Farm,AZ,187.58990216656943
2028,4,p30,Apache Junction Landfill,400761,"Gato Montes Solar, LLC",AZ,161.21098386045506
2028,4,p30,Apache Junction Landfill,404536,Iron Horse Battery Storage Hybrid,AZ,168.0497850485681
2028,4,p30,Apache Junction Landfill,400552,"Picture Rocks Solar, LLC",AZ,147.80635658162808
2028,4,p30,Apache Junction Landfill,405374,Pima Community College,AZ,172.31384677699435
2028,4,p30,Apache Junction Landfill,405303,Pima Community College - East Campus,AZ,152.96172780349715
2028,4,p30,Apache Junction Landfill,405516,Pima Community College NW,AZ,135.89855440609287
2028,4,p30,Apache Junction Landfill,400408,Prairie Fire,AZ,194.91152998436104
2028,4,p30,South Yuma County Landfill,400290,"RE Ajo 1, LLC",AZ,168.32930349088238
2028,4,p30,Apache Junction Landfill,404926,Raptor Ridge,AZ,167.73185126954775
2028,4,p30,Apache Junction Landfill,400857,Rio Rico Solar,AZ,212.58351292018256
2028,4,p30,Apache Junction Landfill,400193,Roger Road WWTP,AZ,153.6943006787295
2028,4,p30,Apache Junction Landfill,401076,Tech Park Solar,AZ,188.5669932305563
2028,4,p30,Apache Junction Landfill,400156,UASTP I,AZ,160.61385787965716
2028,4,p30,Apache Junction Landfill,401075,Valencia Solar,AZ,162.78460640885194
2028,4,p30,Apache Junction Landfill,404187,"Wilmot Energy Center, LLC",AZ,172.67648728357895
2028,4,p31,City of Clovis Landfill,400211,Alamogordo Solar Energy Center,NM,268.1205332088192
2028,4,p31,Northeastern New Mexico Regional Landfill,400206,Albuquerque Solar Energy Center,NM,194.94562677033917
2028,4,p31,Northeastern New Mexico Regional Landfill,403675,Alcalde Solar Array,NM,124.15293557372273
2028,4,p31,Apache Junction Landfill,401595,Alta Luna,NM,361.8391322089804
2028,4,p31,Northeastern New Mexico Regional Landfill,404724,Angel Fire Energy Facility,NM,85.75782992121697
2028,4,p31,Northeastern New Mexico Regional Landfill,405469,Arroyo Solar Energy Storage Hybrid,NM,245.34387400488757
2028,4,p31,Northeastern New Mexico Regional Landfill,403321,Bluewater CDEC 1,NM,261.66624898130476
2028,4,p31,Northeastern New Mexico Regional Landfill,403736,Britton Solar Energy Center,NM,164.07089887709532
2028,4,p31,City of Clovis Landfill,404981,Buena Vista Energy Center,NM,312.9146299114599
2028,4,p31,Northeastern New Mexico Regional Landfill,402876,CNMEC Solar Energy Center,NM,177.39794515966037
2028,4,p31,City of Clovis Landfill,402519,Carrizozo Solar,NM,201.90422672041842
2028,4,p31,Northeastern New Mexico Regional Landfill,401202,Cibola,NM,217.68105656667456
2028,4,p31,Northeastern New Mexico Regional Landfill,400104,Cimarron Solar Facility,NM,64.19574724158647
2028,4,p31,Apache Junction Landfill,402988,City of Gallup Solar,NM,310.052092485221
2028,4,p31,Northeastern New Mexico Regional Landfill,403604,City of Rio Rancho WWTP,NM,205.92879124127535
2028,4,p31,City of Clovis Landfill,401225,City of Truth or Consequences PV,NM,330.11547103872704
2028,4,p31,Apache Junction Landfill,402177,Columbus Solar Project,NM,352.9794212221593
2028,4,p31,Northeastern New Mexico Regional Landfill,404748,"Cuba 2.5ac, LLC",NM,191.7544904742619
2028,4,p31,Apache Junction Landfill,400209,Deming Solar Energy Center,NM,323.6566843573297
2028,4,p31,Northeastern New Mexico Regional Landfill,403868,Encino Solar Energy Center,NM,218.00363144303122
2028,4,p31,Northeastern New Mexico Regional Landfill,401038,Eubank Landfill Solar Array,NM,196.3544077687933
2028,4,p31,Northeastern New Mexico Regional Landfill,402441,Facebook 1 Solar Energy Center,NM,207.58423601857717
2028,4,p31,Northeastern New Mexico Regional Landfill,402442,Facebook 2 Solar Energy Center,NM,209.9309505400239
2028,4,p31,Northeastern New Mexico Regional Landfill,402443,Facebook 3 Solar Energy Center,NM,214.3418646360524
2028,4,p31,Northeastern New Mexico Regional Landfill,403322,Grants CDEC 2,NM,257.0138630446463
2028,4,p31,City of Clovis Landfill,400216,"Hatch Solar Energy Center I, LLC",NM,329.435404704198
2028,4,p31,City of Clovis Landfill,401617,Holloman Solar Facility,NM,258.4546108085351
2028,4,p31,Northeastern New Mexico Regional Landfill,406109,"Jicarilla Solar 1, LLC",NM,224.19910157399022
2028,4,p31,Northeastern New Mexico Regional Landfill,400427,Kit Carson,NM,126.85337720163062
2028,4,p31,Northeastern New Mexico Regional Landfill,400210,Las Vegas Solar Energy Center,NM,89.5577775120936
2028,4,p31,Northeastern New Mexico Regional Landfill,400434,Los Alamos PV Site,NM,158.28500575549185
2028,4,p31,Northeastern New Mexico Regional Landfill,400207,Los Lunas Solar Energy Center,NM,219.02388068168295
2028,4,p31,Apache Junction Landfill,400838,Macho Springs,NM,329.5204153037276
2028,4,p31,Northeastern New Mexico Regional Landfill,400582,Manzano Solar,NM,212.637036997526
2028,4,p31,Northeastern New Mexico Regional Landfill,401201,Meadow Lake Solar Energy Center,NM,197.41154245218863
2028,4,p31,Northeastern New Mexico Regional Landfill,406177,"NMRD Data Center III, LLC",NM,189.0966009010472
2028,4,p31,City of Clovis Landfill,405693,NMSU Solar and Storage,NM,344.171761786912
2028,4,p31,Northeastern New Mexico Regional Landfill,406375,OE_ESCL,NM,272.1828542653945
2028,4,p31,City of Clovis Landfill,400581,Otero Solar,NM,258.16844084601445
2028,4,p31,Northeastern New Mexico Regional Landfill,400146,Questa Solar Facility,NM,118.95113122438204
2028,4,p31,Northeastern New Mexico Regional Landfill,403178,"RC Energy AA, LLC Solar Facility",NM,182.26717870120544
2028,4,p31,Northeastern New Mexico Regional Landfill,401566,Rio Communities Solar Energy Center,NM,225.18233497966892
2028,4,p31,Northeastern New Mexico Regional Landfill,403084,Rio De Oro Solar Energy Center,NM,223.79498148707998
2028,4,p31,Northeastern New Mexico Regional Landfill,400624,Rio Rancho High School,NM,192.48508735192183
2028,4,p31,City of Clovis Landfill,400135,Roadrunner Solar,NM,346.60071526033465
2028,4,p31,Northeastern New Mexico Regional Landfill,404648,"Route 66 Energy Center, LLC",NM,258.33121905474786
2028,4,p31,Northeastern New Mexico Regional Landfill,403387,San Miguel I Solar Energy Center,NM,86.82305041045016
2028,4,p31,Northeastern New Mexico Regional Landfill,405458,San Miguel II Solar Energy Center,NM,88.14207609667557
2028,4,p31,Northeastern New Mexico Regional Landfill,401161,Sandoval Solar Energy Center,NM,191.20796606122855
2028,4,p31,Northeastern New Mexico Regional Landfill,401564,Santa Fe Solar Energy Center,NM,140.940838665804
2028,4,p31,Northeastern New Mexico Regional Landfill,401565,Santolina Solar Energy Center,NM,207.69536119732481
2028,4,p31,Apache Junction Landfill,400596,Silver City WWTP PV Project,NM,281.66507283914376
2028,4,p31,Northeastern New Mexico Regional Landfill,406343,Sky Ranch Solar,NM,235.47527774470439
2028,4,p31,Northeastern New Mexico Regional Landfill,401563,South Valley Solar Energy Center,NM,201.37767642873047
2028,4,p31,Northeastern New Mexico Regional Landfill,401162,Springer Solar 1,NM,59.1941003600137
2028,4,p31,Northeastern New Mexico Regional Landfill,400735,Storrie Lake Solar Project,NM,85.04731546208986
2028,4,p31,Northeastern New Mexico Regional Landfill,400623,Sue Cleveland High School,NM,181.75363261812277
2028,4,p31,City of Clovis Landfill,400343,"SunE EPE1, LLC",NM,305.1979070475616
2028,4,p31,City of Clovis Landfill,400342,"SunE EPE2, LLC",NM,339.67387300864897
2028,4,p31,Northeastern New Mexico Regional Landfill,402854,Syncarpha Eagle Nest,NM,87.56578399830842
2028,4,p31,Northeastern New Mexico Regional Landfill,403412,Syncarpha El Rito,NM,142.62789471748792
2028,4,p31,Northeastern New Mexico Regional Landfill,403413,Syncarpha Questa,NM,122.22682741074428
2028,4,p31,Northeastern New Mexico Regional Landfill,403411,Syncarpha Taos,NM,107.38806131784457
2028,4,p31,Northeastern New Mexico Regional Landfill,404618,Taos Mesa Energy Facility Hybrid,NM,107.84567457516984
2028,4,p31,Northeastern New Mexico Regional Landfill,403011,Vista Solar Energy Center,NM,214.0729256309947
2028,4,p31,City of Clovis Landfill,400354,WSMR I,NM,329.64525493179707
2028,4,p31,City of Clovis Landfill,405245,Wal-Mart Truth or Consequences PV,NM,320.449071057682
2028,4,p47,City of Clovis Landfill,400979,"Caprock Solar 1, LLC",NM,75.491101154517
2028,4,p47,City of Clovis Landfill,404980,Chaves County Solar II,NM,152.00756335023428
2028,4,p47,City of Clovis Landfill,401681,"Chaves Solar, LLC",NM,148.83750440181666
2028,4,p47,City of Clovis Landfill,400614,GSE NM1,NM,184.06064788244876
2028,4,p47,City of Clovis Landfill,404982,Hayhurst New Mexico Solar,NM,236.7992041763966
2028,4,p47,City of Clovis Landfill,402530,Middle Daisy,NM,138.81483001758778
2028,4,p47,City of Clovis Landfill,401682,"Roswell Solar, LLC",NM,147.00300227203732
2028,4,p47,City of Clovis Landfill,400546,SEV NM Phase 2,NM,169.72463120599076
2028,4,p47,City of Clovis Landfill,400260,SPS1 Dollarhide,NM,209.92515226125178
2028,4,p47,City of Clovis Landfill,400261,SPS2 Jal,NM,222.60904837778415
2028,4,p47,City of Clovis Landfill,400262,SPS3 Lea,NM,181.14108718568832
2028,4,p47,City of Clovis Landfill,400264,SPS5 Hopi,NM,197.25018244432695
2028,4,p47,City of Clovis Landfill,404698,SoCore Clovis 1,NM,23.434541140515982
2028,4,p48,City of Clovis Landfill,406439,"BESSP1, LLC",TX,714.8832503953615
2028,4,p48,City of Clovis Landfill,405590,"Hecate Energy Frye Solar, LLC",TX,685.1816156878941
2028,4,p57,Victoria Landfill,404918,"Hecate Energy Upshur Rural, LLC",TX,6019.722636623374
2028,4,p59,City of Clovis Landfill,402666,Fort Bliss (DEA EPIC),TX,6633.935296849142
2028,4,p59,City of Clovis Landfill,401616,Montana Solar Facility,TX,6113.770146479886
2028,4,p59,City of Clovis Landfill,401045,Newman Solar,TX,2325.928998530525
2028,4,p60,City of Clovis Landfill,403962,"ANSON Solar Center, LLC",TX,708.2589936945498
2028,4,p60,City of Clovis Landfill,403883,Azure Sky Solar,TX,803.2347473377448
2028,4,p60,City of Clovis Landfill,403232,"ENGIE Long Draw Solar, LLC",TX,622.0553978180028
2028,4,p60,City of Clovis Landfill,406252,Highpeak Solar 1,TX,802.1376368723406
2028,4,p60,City of Clovis Landfill,402721,Holstein 1 Solar Farm,TX,1376.4432723937357
2028,4,p60,City of Clovis Landfill,405492,Juno Solar Project,TX,660.1646057883598
2028,4,p60,City of Clovis Landfill,402541,Lamesa II,TX,585.0058349449782
2028,4,p60,City of Clovis Landfill,401660,Lamesa Solar,TX,452.266553214102
2028,4,p60,City of Clovis Landfill,405932,Lumina II Solar Project,TX,723.1740966084092
2028,4,p60,City of Clovis Landfill,405933,Lumina Solar Project,TX,956.9068058579767
2028,4,p60,City of Clovis Landfill,402909,Misae Solar,TX,858.0532886735836
2028,4,p60,City of Clovis Landfill,400968,"OCI Alamo 7, LLC",TX,721.8915086970911
2028,4,p60,City of Clovis Landfill,405939,Texas Solar Nova 1,TX,684.3898140898408
2028,4,p61,City of Clovis Landfill,400967,Alamo 6,TX,401.8611490242446
2028,4,p61,City of Clovis Landfill,403557,Aragorn Solar Project,TX,394.49952055136345
2028,4,p61,City of Clovis Landfill,400691,Barilla Solar,TX,408.70220212679357
2028,4,p61,City of Clovis Landfill,401946,Bluebell Solar,TX,469.1367898563055
2028,4,p61,City of Clovis Landfill,403574,Bluebell Solar II,TX,457.6891807272418
2028,4,p61,City of Clovis Landfill,400554,"Bryan Solar, LLC",TX,639.2229325175255
2028,4,p61,City of Clovis Landfill,401463,Buckthorn Westex,TX,302.7982223963963
2028,4,p61,City of Clovis Landfill,401703,East Pecos Solar,TX,487.45523215782873
2028,4,p61,Victoria Landfill,405363,Galloway 1 Solar Farm,TX,3387.11252378634
2028,4,p61,City of Clovis Landfill,405363,Galloway 1 Solar Farm,TX,344.3084187316753
2028,4,p61,City of Clovis Landfill,405494,Galloway 2 Solar Farm,TX,387.0613079825288
2028,4,p61,City of Clovis Landfill,403210,Greasewood,TX,353.8154977556859
2028,4,p61,City of Clovis Landfill,406370,Hayhurst Texas Solar,TX,434.8148806645969
2028,4,p61,City of Clovis Landfill,402304,Midway Solar-TX,TX,500.20508149599783
2028,4,p61,Victoria Landfill,400695,"OCI Alamo 4, LLC",TX,483.70348905525833
2028,4,p61,City of Clovis Landfill,401868,Pearl Solar,TX,328.5280544826554
2028,4,p61,City of Clovis Landfill,402290,RE Maplewood,TX,307.57314559097233
2028,4,p61,City of Clovis Landfill,401430,RE Roserock,TX,529.8887209971575
2028,4,p61,City of Clovis Landfill,402848,Rambler,TX,632.507501189122
2028,4,p61,City of Clovis Landfill,402083,Solaire Holman Solar Project,TX,421.3029368289543
2028,4,p61,City of Clovis Landfill,403023,"Taygete Energy Project, LLC",TX,557.6045500796178
2028,4,p61,City of Clovis Landfill,404647,Taygete II Energy Project,TX,406.3391568979046
2028,4,p61,City of Clovis Landfill,403551,Titan Solar Project,TX,256.10332395334
2028,4,p61,Victoria Landfill,406103,Zier Solar,TX,389.06484370576624
2028,4,p62,City of Clovis Landfill,403502,2W Permian Solar Project Hybrid,TX,1027.2164388210233
2028,4,p62,City of Clovis Landfill,403697,CED Crane Solar,TX,1086.7668905656978
2028,4,p62,City of Clovis Landfill,401525,Castle Gap Solar Hybrid,TX,1747.9022047557055
2028,4,p62,City of Clovis Landfill,404599,Emerald Grove,TX,1248.5870363981987
2028,4,p62,City of Clovis Landfill,403004,Lapetus,TX,1274.7341340918708
2028,4,p62,City of Clovis Landfill,403280,Oberon IA,TX,1297.8095370673484
2028,4,p62,City of Clovis Landfill,403279,Oberon IB,TX,919.6137727861361
2028,4,p62,City of Clovis Landfill,403602,Oxy Renewable Energy-Goldsmith,TX,1183.215929869731
2028,4,p62,City of Clovis Landfill,402679,Phoebe Solar,TX,1481.1263096673574
2028,4,p62,City of Clovis Landfill,403177,Prospero Solar,TX,814.9422614547897
2028,4,p62,City of Clovis Landfill,404128,Prospero Solar II,TX,872.0647676941053
2028,4,p62,City of Clovis Landfill,403070,"Roadrunner, LLC",TX,1249.7085059927167
2028,4,p62,City of Clovis Landfill,401805,Upton County Solar,TX,1211.616381564467
2028,4,p62,City of Clovis Landfill,402995,West of the Pecos Solar,TX,1279.2247843287578
2028,4,p63,Victoria Landfill,405599,"BPL Crown Solar, LLC",TX,300.2351533518063
2028,4,p63,Victoria Landfill,404966,BPL Files Solar,TX,379.7491351743283
2028,4,p63,Victoria Landfill,403825,Briar Creek Solar 1,TX,686.5586656822122
2028,4,p63,Victoria Landfill,402610,Chisum,TX,831.8844048604964
2028,4,p63,Victoria Landfill,401697,CoServ Community Solar Station,TX,621.4750204305656
2028,4,p63,Victoria Landfill,403188,Coniglio Solar,TX,746.0754651918505
2028,4,p63,Victoria Landfill,406415,Dileo Solar,TX,315.2367334156302
2028,4,p63,Victoria Landfill,402655,Eddy II,TX,432.3841298293221
2028,4,p63,Victoria Landfill,406221,Eiffel Solar Project,TX,576.2111270250185
2028,4,p63,Victoria Landfill,405540,"Ellis Solar, LLC",TX,486.5238355293545
2028,4,p63,Victoria Landfill,403823,Elm Branch Solar 1,TX,488.4563736406582
2028,4,p63,Victoria Landfill,406206,Five Wells Solar Center - Hybrid,TX,391.8792189960531
2028,4,p63,Victoria Landfill,404567,G.S.E. One LLC,TX,545.9685827740798
2028,4,p63,Victoria Landfill,403288,Griffin Solar,TX,338.23417762041373
2028,4,p63,Victoria Landfill,406202,Grizzly Ridge Solar,TX,474.31203975559794
2028,4,p63,Victoria Landfill,402329,Highway 56 Solar,TX,501.2778452475235
2028,4,p63,Victoria Landfill,405319,IKEA Grand Prairie Rooftop PV System,TX,412.07890827301947
2028,4,p63,Victoria Landfill,405689,"IP Radian, LLC",TX,354.29622637054035
2028,4,p63,Victoria Landfill,403481,Impact Solar 1,TX,509.71445830354236
2028,4,p63,Victoria Landfill,403190,Kellam Solar,TX,542.4057671396866
2028,4,p63,Victoria Landfill,402421,Leon Solar,TX,591.8582239606275
2028,4,p63,Victoria Landfill,403874,Lily Solar Hybrid,TX,575.7973021777062
2028,4,p63,Victoria Landfill,402404,Marlin Solar,TX,319.4758131416277
2028,4,p63,City of Clovis Landfill,405794,Noble Solar,TX,574.8061095872537
2028,4,p63,City of Clovis Landfill,402405,North Gainesville Solar,TX,550.929205034323
2028,4,p63,Victoria Landfill,401933,Phantom Solar,TX,294.24082469961735
2028,4,p63,Victoria Landfill,404872,"Pisgah Ridge Solar, LLC",TX,501.25740448356106
2028,4,p63,Victoria Landfill,406416,Pitts Dudik Solar,TX,356.02449175898
2028,4,p63,City of Clovis Landfill,403189,Rippey Solar,TX,460.5115944144596
2028,4,p63,Victoria Landfill,404630,"Samson Solar Energy III, LLC",TX,849.1831183814282
2028,4,p63,Victoria Landfill,402652,Sterling Solar (TX),TX,736.9100036726489
2028,4,p63,Victoria Landfill,404812,Sun Valley Solar Project,TX,378.8186953645935
2028,4,p63,Victoria Landfill,404388,"TPE Erath Solar, LLC",TX,558.8424136986492
2028,4,p63,Victoria Landfill,403457,"TPE Whitney Solar, LLC",TX,382.58983640150876
2028,4,p63,Victoria Landfill,405361,Toyota HQ Plan,TX,718.1348939141343
2028,4,p63,Victoria Landfill,405907,Verizon Hidden Ridge Solar Project,TX,589.8838540096573
2028,4,p63,Victoria Landfill,405984,Waco Solar,TX,507.7883914454437
2028,4,p63,Victoria Landfill,402306,Walnut Springs Solar,TX,594.0812500066831
2028,4,p63,Victoria Landfill,402497,West Moore Solar II,TX,542.9819970091571
2028,4,p63,City of Clovis Landfill,402330,Whitesboro Solar,TX,525.0865802619994
2028,4,p63,Victoria Landfill,402331,Whitesboro Solar II,TX,887.3701605239949
2028,4,p63,Victoria Landfill,402414,Whitewright Solar,TX,1025.9773266932996
2028,4,p63,Victoria Landfill,402654,Yellow Jacket,TX,368.1071756957049
2028,4,p64,Victoria Landfill,405731,Austin TX GigaFactory,TX,225.93256892138766
2028,4,p64,Victoria Landfill,402203,Bandera Electric Coop PV,TX,307.40471858461933
2028,4,p64,Victoria Landfill,404721,"Blue Jay Solar I, LLC",TX,352.09520925154663
2028,4,p64,Victoria Landfill,402648,Bovine,TX,223.5574126969523
2028,4,p64,Victoria Landfill,402389,"E-Volve Energy Holdings, LLC",TX,254.15385913381795
2028,4,p64,Victoria Landfill,400227,East Blackland Solar Project 1,TX,241.42294131008853
2028,4,p64,Victoria Landfill,405101,IKEA Round Rock 027,TX,225.67419237570564
2028,4,p64,Victoria Landfill,402653,Lampwick,TX,314.78250847410516
2028,4,p64,Victoria Landfill,405613,Niagara Bottling - Seguin,TX,266.9476875622036
2028,4,p64,Victoria Landfill,402544,PowerFin Kingsbery,TX,239.26812639757392
2028,4,p64,Victoria Landfill,400249,Webberville Solar Project,TX,281.28754825962335
2028,4,p65,Victoria Landfill,405700,Aktina Solar,TX,118.24175235714769
2028,4,p65,Victoria Landfill,404074,"Alexis Solar, LLC",TX,275.87627397965207
2028,4,p65,Victoria Landfill,405727,Bernard Creek Solar,TX,158.62696105161
2028,4,p65,Victoria Landfill,400081,Blue Wing Solar Energy Generation,TX,194.4564904169016
2028,4,p65,Victoria Landfill,405477,Brightside,TX,161.78474586061228
2028,4,p65,Victoria Landfill,401728,CPS 1 Community Solar,TX,167.66539519545682
2028,4,p65,Victoria Landfill,402656,Cascade Solar (TX),TX,147.77518038841657
2028,4,p65,Victoria Landfill,403987,Catan Solar,TX,131.58987378577422
2028,4,p65,Victoria Landfill,403091,Commerce Solar,TX,236.91350463503326
2028,4,p65,Victoria Landfill,404247,"Corazon Energy, LLC",TX,267.7577285948946
2028,4,p65,Victoria Landfill,404062,Elara Solar,TX,236.09352412037413
2028,4,p65,Victoria Landfill,404359,FELPS 1-Calaveras,TX,181.55669718633365
2028,4,p65,Victoria Landfill,404361,FELPS 2-Calaveras,TX,165.50785472352945
2028,4,p65,Victoria Landfill,404362,FELPS 3-Floresville South,TX,157.78738288183175
2028,4,p65,Victoria Landfill,404363,FELPS 4-Floresville South,TX,155.06947245720858
2028,4,p65,Victoria Landfill,404364,FELPS 5-Floresville South,TX,152.73518435688376
2028,4,p65,Victoria Landfill,404739,FELPS 6- Floresville West,TX,184.40482331937815
2028,4,p65,Victoria Landfill,404740,FELPS 7- Floresville West,TX,182.92752450436174
2028,4,p65,Victoria Landfill,406516,Ganado Solar,TX,105.48290121165775
2028,4,p65,Victoria Landfill,405801,Horizon Solar,TX,225.28275252860374
2028,4,p65,Victoria Landfill,405380,IKEA Live Oak Rooftop PV System,TX,197.36211595839205
2028,4,p65,Victoria Landfill,403343,Mars Solar,TX,233.6692033358275
2028,4,p65,Victoria Landfill,404877,Nebula Solar,TX,334.10099170212703
2028,4,p65,Victoria Landfill,400694,"OCI Alamo 2, LLC",TX,203.05520976766726
2028,4,p65,Victoria Landfill,400965,"OCI Alamo 3, LLC",TX,205.1568768305879
2028,4,p65,Victoria Landfill,400966,"OCI Alamo 5, LLC",TX,263.8734191866744
2028,4,p65,Victoria Landfill,400593,OCI Alamo Solar I Hybrid,TX,182.24588066529284
2028,4,p65,Victoria Landfill,405809,Shakes Solar,TX,285.2541953171299
2028,4,p65,Victoria Landfill,405545,Sparta Solar,TX,138.25699335416704
2028,4,p65,Victoria Landfill,400379,"SunE CPS1, LLC",TX,184.9955630306621
2028,4,p65,Victoria Landfill,400364,"SunE CPS2, LLC",TX,186.2224347403678
2028,4,p65,Victoria Landfill,400353,"SunE CPS3, LLC",TX,224.99192521562577
2028,4,p65,Victoria Landfill,406032,Tres Bahias,TX,94.93905508114904
2028,4,p65,Victoria Landfill,404878,Vancourt Solar Interconnections,TX,330.9555329884484
2028,4,p66,Victoria Landfill,406386,Umbriel Solar,TX,2103.2089217181515
2028,4,p67,Victoria Landfill,404939,Brazoria County Solar Project (Danciger),TX,336.0478918905465
2028,4,p67,Victoria Landfill,404681,Brazoria West,TX,305.65901829062267
2028,4,p67,Victoria Landfill,402649,Bronson,TX,278.99136596143455
2028,4,p67,Victoria Landfill,406178,"Cutlass Solar 1, LLC",TX,330.7231275582422
2028,4,p67,Victoria Landfill,404587,Fighting Jays Solar Project,TX,362.4890315009754
2028,4,p67,Victoria Landfill,405564,"Fort Bend Solar, LLC",TX,515.0494249154864
2028,4,p67,Victoria Landfill,404853,"Longbow Solar, LLC",TX,338.25317915843897
2028,4,p67,Victoria Landfill,403514,Wagyu,TX,383.9003486987463
2029,1,p12,Apex Regional Landfill,402144,Battle Mountain Solar Project,NV,438.6229134117113
2029,1,p12,Apex Regional Landfill,405025,Brady,NV,493.84019027534083
2029,1,p12,Apex Regional Landfill,405553,Dodge Flat,NV,464.9601707707515
2029,1,p12,Apex Regional Landfill,402609,"EGP Stillwater Solar PV II, LLC",NV,400.5687548872862
2029,1,p12,Apex Regional Landfill,404659,Fish Springs,NV,580.5544656145322
2029,1,p12,Apex Regional Landfill,401086,Ft. Churchill PV,NV,484.24658693181874
2029,1,p12,Apex Regional Landfill,405028,Galena 2 Geothermal Power Plant,NV,552.3127203856179
2029,1,p12,Apex Regional Landfill,402130,Luning Energy,NV,339.5079381237526
2029,1,p12,Apex Regional Landfill,403107,NVSS-II,NV,126.18409355386639
2029,1,p12,Apex Regional Landfill,400468,"Patua Acquisition Project, LLC",NV,564.733188127183
2029,1,p12,Apex Regional Landfill,405021,Steamboat Hills LP,NV,628.4166057022384
2029,1,p12,Apex Regional Landfill,405023,Steamboat II,NV,470.04475663219404
2029,1,p12,Apex Regional Landfill,405024,Steamboat III,NV,505.51797445872495
2029,1,p12,Apex Regional Landfill,400029,Stillwater Facility,NV,470.9476993791229
2029,1,p12,Apex Regional Landfill,401318,Sunshine Valley Solar,NV,150.17031391593824
2029,1,p12,Apex Regional Landfill,405026,TS Power Plant,NV,644.9966591109331
2029,1,p12,Apex Regional Landfill,405576,Tesla Reno GigaFactory,NV,459.99060076094514
2029,1,p12,Apex Regional Landfill,401943,Tungsten Mountain,NV,532.6631281690201
2029,1,p12,Apex Regional Landfill,403308,Turquoise Liberty Solar,NV,551.0918182222144
2029,1,p12,Apex Regional Landfill,403884,"Turquoise Nevada, LLC",NV,589.7919016725747
2029,1,p12,Apex Regional Landfill,400035,Western 102 Power Plant,NV,478.17391848188095
2029,1,p13,Apex Regional Landfill,400555,Apex Solar PV Power Project,NV,71.63280005757586
2029,1,p13,Apex Regional Landfill,405385,Arrow Canyon Solar Hybrid,NV,87.32380655918762
2029,1,p13,Apex Regional Landfill,402017,"Boulder Solar II, LLC",NV,76.53028454324883
2029,1,p13,Apex Regional Landfill,401649,"Boulder Solar Power, LLC",NV,77.18228566429354
2029,1,p13,Apex Regional Landfill,400059,CM10,NV,80.42070306354458
2029,1,p13,Apex Regional Landfill,400086,CM48,NV,81.2592432761625
2029,1,p13,Apex Regional Landfill,400363,Copper Mountain Solar 2,NV,79.83248300187
2029,1,p13,Apex Regional Landfill,400802,Copper Mountain Solar 3,NV,73.40556398841156
2029,1,p13,Apex Regional Landfill,401308,"Copper Mountain Solar 4, LLC",NV,80.08979655399968
2029,1,p13,Apex Regional Landfill,403688,"Copper Mountain Solar 5, LLC",NV,81.2468093214179
2029,1,p13,Apex Regional Landfill,405358,Dignity - San Martin,NV,62.58222542260902
2029,1,p13,Apex Regional Landfill,405355,Dignity - Siena Campus,NV,61.52844049252293
2029,1,p13,Apex Regional Landfill,405556,Dry Lake Solar Energy Center,NV,76.54387258966348
2029,1,p13,Apex Regional Landfill,405495,Gemini Solar,NV,83.25306918701011
2029,1,p13,Apex Regional Landfill,403386,"Harry Allen Solar Energy, LLC",NV,74.93117056258953
2029,1,p13,Apex Regional Landfill,406090,IGS LAS1,NV,65.06512335933647
2029,1,p13,Apex Regional Landfill,406089,IGS VGT,NV,60.524067956226375
2029,1,p13,Apex Regional Landfill,405309,IKEA Las Vegas 462,NV,62.91422372555819
2029,1,p13,Apex Regional Landfill,400545,Las Vegas WPCF Solar Plant,NV,54.83087160364245
2029,1,p13,Apex Regional Landfill,400313,Moapa Southern Paiute,NV,88.44495704676675
2029,1,p13,Apex Regional Landfill,400600,Mountain View Solar,NV,71.1953713711711
2029,1,p13,Apex Regional Landfill,400036,Nellis Air Force Base Solar Array,NV,59.13066991815265
2029,1,p13,Apex Regional Landfill,401381,Nellis Solar PV II,NV,55.801712363220034
2029,1,p13,Apex Regional Landfill,401319,"Playa Solar 1, LLC",NV,74.1161689663773
2029,1,p13,Apex Regional Landfill,401596,Playa Solar 2,NV,74.21478473437561
2029,1,p13,Apex Regional Landfill,401274,River Mountains Solar,NV,65.14237269749559
2029,1,p13,Mohave Valley Landfill,401042,Searchlight Solar,NV,88.20817436921911
2029,1,p13,Apex Regional Landfill,400166,Silver State Solar Power North,NV,95.26617046041383
2029,1,p13,Apex Regional Landfill,400658,Silver State Solar Power South,NV,95.80431669268478
2029,1,p13,Apex Regional Landfill,405246,"Solar Las Vegas MB 2, LLC",NV,56.476824080818346
2029,1,p13,Apex Regional Landfill,405188,Solar Las Vegas MB-1,NV,56.44978410699786
2029,1,p13,Apex Regional Landfill,400556,Spectrum Solar PV Power Project,NV,66.36982948734043
2029,1,p13,Apex Regional Landfill,402485,"Techren Solar I, LLC",NV,75.69284810748714
2029,1,p13,Apex Regional Landfill,402690,"Techren Solar II, LLC",NV,74.62228322973883
2029,1,p13,Apex Regional Landfill,402691,"Techren Solar III, LLC",NV,75.98579823370035
2029,1,p13,Apex Regional Landfill,402692,"Techren Solar IV, LLC",NV,73.91553115050739
2029,1,p13,Apex Regional Landfill,403001,Techren Solar V,NV,73.85694538482217
2029,1,p13,Apex Regional Landfill,401851,Townsite Solar Project Hybrid,NV,71.94829775225563
2029,1,p13,Apex Regional Landfill,406448,Yellow Pine II,NV,96.79668358075747
2029,1,p13,Apex Regional Landfill,404971,Yellow Pine Solar,NV,96.40595605436114
2029,1,p27,Mohave Valley Landfill,400374,"Black Mountain Solar, LLC",AZ,84.12603040461859
2029,1,p27,Mohave Valley Landfill,402236,Gray Hawk Solar,AZ,90.25644696630414
2029,1,p27,Mohave Valley Landfill,401819,Jacobson 5 MW Solar,AZ,111.19701497271048
2029,1,p27,Mohave Valley Landfill,400199,La Senita,AZ,86.34169079421608
2029,1,p27,Mohave Valley Landfill,403718,Mohave Electric Cooperative at Joy Lane,AZ,43.670171602946695
2029,1,p27,Mohave Valley Landfill,401311,Mohave Electric at Fort Mohave,AZ,45.87592612186084
2029,1,p27,Mohave Valley Landfill,406478,Mohave Energy - Hybrid,AZ,43.444014559507345
2029,1,p28,Apache Junction Landfill,405418,AZ State University - Tempe Campus Solar,AZ,73.94443594953233
2029,1,p28,South Yuma County Landfill,400148,Agua Caliente Solar Project,AZ,120.18045340441047
2029,1,p28,Apache Junction Landfill,402067,Apache Solar 1,AZ,199.11077929956159
2029,1,p28,South Yuma County Landfill,400274,Arizona Western College PV,AZ,49.10175423902464
2029,1,p28,Apache Junction Landfill,400240,Arlington Valley Solar Energy II,AZ,134.23004064405717
2029,1,p28,Apache Junction Landfill,400437,Badger 1,AZ,133.82849030571026
2029,1,p28,Apache Junction Landfill,401688,Bonnybrooke PV,AZ,74.97887104721927
2029,1,p28,Apache Junction Landfill,400371,Buckeye Union HS District 201,AZ,118.02341687496386
2029,1,p28,Apache Junction Landfill,405635,"Central Line Solar, LLC",AZ,89.24685263855976
2029,1,p28,Apache Junction Landfill,400201,Chino Solar Valley,AZ,171.73603616281991
2029,1,p28,Apache Junction Landfill,400202,Cotton Center Solar Hybrid,AZ,128.68816059446357
2029,1,p28,Apache Junction Landfill,401069,Desert Star Hybrid,AZ,125.91125273315559
2029,1,p28,Apache Junction Landfill,403257,East Line Solar,AZ,88.98946056954996
2029,1,p28,Apache Junction Landfill,406171,Eleven Mile Solar Center,AZ,88.09992243270325
2029,1,p28,Apache Junction Landfill,405244,Estrella Mountain PV,AZ,102.1705147289725
2029,1,p28,South Yuma County Landfill,400349,Foothills Solar Plant Hybrid,AZ,50.21458078620708
2029,1,p28,Apache Junction Landfill,400825,Fort Huachuca Solar PV Project,AZ,215.06174291963026
2029,1,p28,Apache Junction Landfill,400845,Gila Bend Hybrid,AZ,136.63570778081183
2029,1,p28,Apache Junction Landfill,400599,"Gilbert Solar Facility I, LLC",AZ,64.69857102043237
2029,1,p28,South Yuma County Landfill,400507,Hyder II Hybrid,AZ,130.22470143990543
2029,1,p28,South Yuma County Landfill,400204,Hyder Solar Hybrid,AZ,130.07451173580503
2029,1,p28,Apache Junction Landfill,405282,Intel - Ocotillo Campus Solar,AZ,72.32139981402669
2029,1,p28,Apache Junction Landfill,405125,Jewish Community Center PV,AZ,79.43577798229715
2029,1,p28,Apache Junction Landfill,402234,Kayenta Solar Project,AZ,339.99651545715653
2029,1,p28,Apache Junction Landfill,400595,Lake Pleasant WTP,AZ,107.95184026576797
2029,1,p28,Apache Junction Landfill,400128,Luke Solar,AZ,105.658742967432
2029,1,p28,Apache Junction Landfill,405068,Macys Goodyear,AZ,106.25634458892497
2029,1,p28,South Yuma County Landfill,406279,McFarland A Solar and Storage,AZ,120.85080091653106
2029,1,p28,Apache Junction Landfill,405617,Mesa Carport PV,AZ,51.38833179472014
2029,1,p28,Apache Junction Landfill,404512,Mesa Solar Array,AZ,51.481053396689425
2029,1,p28,Apache Junction Landfill,400250,Mesquite Solar 1,AZ,141.0857134109212
2029,1,p28,Apache Junction Landfill,401621,"Mesquite Solar 2, LLC",AZ,142.1965289926008
2029,1,p28,Apache Junction Landfill,401622,"Mesquite Solar 3, LLC",AZ,143.99634714932873
2029,1,p28,Apache Junction Landfill,406038,"Mesquite Solar 4, LLC",AZ,140.93297420063027
2029,1,p28,Apache Junction Landfill,404922,"Mesquite Solar 5, LLC",AZ,140.03192700250742
2029,1,p28,South Yuma County Landfill,403572,OE_AZ1,AZ,153.00789884627838
2029,1,p28,Apache Junction Landfill,400203,Paloma Solar Hybrid,AZ,128.588568444536
2029,1,p28,Apache Junction Landfill,405126,Paradise Valley H.S. PV,AZ,85.24143722310802
2029,1,p28,Apache Junction Landfill,405150,Phoenix Airport East Economy Lot,AZ,77.40535011657316
2029,1,p28,Apache Junction Landfill,405151,Phoenix Airport Rental Car Center,AZ,81.69488228550985
2029,1,p28,Apache Junction Landfill,402528,Pinal Central Energy Center Hybrid,AZ,86.45116275890305
2029,1,p28,Apache Junction Landfill,400125,"Poseidon Solar, LLC",AZ,63.49883879741947
2029,1,p28,Apache Junction Landfill,400031,Prescott Airport,AZ,168.67639186142137
2029,1,p28,Apache Junction Landfill,400401,Prescott Solar Plant,AZ,170.60512910303214
2029,1,p28,Apache Junction Landfill,400323,Queen Creek Solar Farm,AZ,56.084657557915804
2029,1,p28,Mohave Valley Landfill,400289,"RE Bagdad Solar I, LLC",AZ,135.51614185524053
2029,1,p28,Apache Junction Landfill,405132,"RE Gillespie 1, LLC",AZ,125.89589730965997
2029,1,p28,Apache Junction Landfill,400758,Red Horse 2,AZ,178.8028884367513
2029,1,p28,Apache Junction Landfill,401609,Red Horse III,AZ,176.2265180229074
2029,1,p28,Apache Junction Landfill,401726,Red Rock,AZ,115.5771088119598
2029,1,p28,Apache Junction Landfill,406380,SR McNeal,AZ,240.283394965628
2029,1,p28,South Yuma County Landfill,400416,Saddle Mountain Solar I,AZ,154.86881483761022
2029,1,p28,Apache Junction Landfill,403674,Saint Solar,AZ,88.00268671644403
2029,1,p28,Apache Junction Landfill,401214,Sandstone Solar,AZ,73.30222391417738
2029,1,p28,Apache Junction Landfill,405029,Solana Generating Station,AZ,151.66005504728048
2029,1,p28,Apache Junction Landfill,406275,Sonoran Solar Energy,AZ,116.20276086586395
2029,1,p28,Apache Junction Landfill,406034,Storey Solar and Storage,AZ,85.02278944358937
2029,1,p28,Apache Junction Landfill,401664,Sulphur Springs,AZ,198.3668765780637
2029,1,p28,Apache Junction Landfill,403643,Sun Streams 2,AZ,134.47784703132433
2029,1,p28,Apache Junction Landfill,406517,Sun Streams 3,AZ,132.67718187786073
2029,1,p28,Apache Junction Landfill,401975,"Sun Streams, LLC",AZ,134.34514703325652
2029,1,p28,Apache Junction Landfill,405311,T0588 Phoenix - AZ,AZ,92.7879715181192
2029,1,p28,Apache Junction Landfill,405134,Union HS at Casa Grande,AZ,84.41313849642401
2029,1,p28,Apache Junction Landfill,405135,Vista Grande HS at Casa Grande,AZ,86.93944524407004
2029,1,p28,Apache Junction Landfill,400334,Walmart Casa Grande,AZ,90.66647993658427
2029,1,p28,Apache Junction Landfill,406098,"West Line Solar, LLC",AZ,89.73537723621749
2029,1,p29,Apache Junction Landfill,400014,Springerville,AZ,1053.270032509832
2029,1,p30,Apache Junction Landfill,405143,Actus Lend Lease DMAFB,AZ,152.56488998419982
2029,1,p30,Apache Junction Landfill,405611,Amazon TUS2,AZ,162.02472309336372
2029,1,p30,Apache Junction Landfill,405268,Amphitheater High School Solar,AZ,147.3254260968977
2029,1,p30,Apache Junction Landfill,400939,Avalon Solar,AZ,166.21068049762786
2029,1,p30,Apache Junction Landfill,401479,Avalon Solar II,AZ,175.57162842396912
2029,1,p30,Apache Junction Landfill,400226,Avra Valley Solar,AZ,137.04408647623652
2029,1,p30,Apache Junction Landfill,404704,Broadway 2 - Tucson Phase II,AZ,141.75439821276893
2029,1,p30,Apache Junction Landfill,405768,Broadway 3 - Tucson Phase I,AZ,142.1767103781179
2029,1,p30,Apache Junction Landfill,405269,Canyon Del Oro High School Solar,AZ,145.1977170570277
2029,1,p30,Apache Junction Landfill,400757,Cogenra-TEP,AZ,165.05818431364932
2029,1,p30,Apache Junction Landfill,401295,Davis Monthan AFB (AZ) West Airfield,AZ,166.29742611208124
2029,1,p30,Apache Junction Landfill,400330,FRB Solar Farm,AZ,183.23641058129292
2029,1,p30,Apache Junction Landfill,400761,"Gato Montes Solar, LLC",AZ,161.21098386045506
2029,1,p30,Apache Junction Landfill,404536,Iron Horse Battery Storage Hybrid,AZ,168.0497850485681
2029,1,p30,Apache Junction Landfill,400552,"Picture Rocks Solar, LLC",AZ,147.80635658162808
2029,1,p30,Apache Junction Landfill,405374,Pima Community College,AZ,172.31384677699435
2029,1,p30,Apache Junction Landfill,405303,Pima Community College - East Campus,AZ,162.10289704565957
2029,1,p30,Apache Junction Landfill,405516,Pima Community College NW,AZ,135.89855440609287
2029,1,p30,Apache Junction Landfill,400408,Prairie Fire,AZ,194.91152998436104
2029,1,p30,South Yuma County Landfill,400290,"RE Ajo 1, LLC",AZ,168.32930349088238
2029,1,p30,Apache Junction Landfill,404926,Raptor Ridge,AZ,167.73185126954775
2029,1,p30,Apache Junction Landfill,400857,Rio Rico Solar,AZ,211.19124464567213
2029,1,p30,Apache Junction Landfill,400193,Roger Road WWTP,AZ,153.6943006787295
2029,1,p30,Apache Junction Landfill,401076,Tech Park Solar,AZ,188.5669932305563
2029,1,p30,Apache Junction Landfill,400156,UASTP I,AZ,160.61385787965716
2029,1,p30,Apache Junction Landfill,401075,Valencia Solar,AZ,162.78460640885194
2029,1,p30,Apache Junction Landfill,404187,"Wilmot Energy Center, LLC",AZ,172.67648728357895
2029,1,p31,City of Clovis Landfill,400211,Alamogordo Solar Energy Center,NM,277.65116594447585
2029,1,p31,Northeastern New Mexico Regional Landfill,400206,Albuquerque Solar Energy Center,NM,194.94562677033917
2029,1,p31,Northeastern New Mexico Regional Landfill,403675,Alcalde Solar Array,NM,124.15293557372273
2029,1,p31,Apache Junction Landfill,401595,Alta Luna,NM,361.8391322089804
2029,1,p31,Northeastern New Mexico Regional Landfill,404724,Angel Fire Energy Facility,NM,85.75782992121697
2029,1,p31,Northeastern New Mexico Regional Landfill,405469,Arroyo Solar Energy Storage Hybrid,NM,239.5971828986009
2029,1,p31,Northeastern New Mexico Regional Landfill,403321,Bluewater CDEC 1,NM,261.66624898130476
2029,1,p31,Northeastern New Mexico Regional Landfill,403736,Britton Solar Energy Center,NM,164.07089887709532
2029,1,p31,City of Clovis Landfill,404981,Buena Vista Energy Center,NM,312.9146299114599
2029,1,p31,Northeastern New Mexico Regional Landfill,402876,CNMEC Solar Energy Center,NM,177.39794515966037
2029,1,p31,City of Clovis Landfill,402519,Carrizozo Solar,NM,201.90422672041842
2029,1,p31,Northeastern New Mexico Regional Landfill,401202,Cibola,NM,217.68105656667456
2029,1,p31,Northeastern New Mexico Regional Landfill,400104,Cimarron Solar Facility,NM,64.19574724158647
2029,1,p31,Apache Junction Landfill,402988,City of Gallup Solar,NM,300.3788240344642
2029,1,p31,Northeastern New Mexico Regional Landfill,403604,City of Rio Rancho WWTP,NM,205.92879124127535
2029,1,p31,City of Clovis Landfill,401225,City of Truth or Consequences PV,NM,324.9883821355895
2029,1,p31,Apache Junction Landfill,402177,Columbus Solar Project,NM,352.9794212221593
2029,1,p31,Northeastern New Mexico Regional Landfill,404748,"Cuba 2.5ac, LLC",NM,191.7544904742619
2029,1,p31,Apache Junction Landfill,400209,Deming Solar Energy Center,NM,331.27128724485846
2029,1,p31,Northeastern New Mexico Regional Landfill,403868,Encino Solar Energy Center,NM,218.00363144303122
2029,1,p31,Northeastern New Mexico Regional Landfill,401038,Eubank Landfill Solar Array,NM,196.3544077687933
2029,1,p31,Northeastern New Mexico Regional Landfill,402441,Facebook 1 Solar Energy Center,NM,206.56843399776008
2029,1,p31,Northeastern New Mexico Regional Landfill,402442,Facebook 2 Solar Energy Center,NM,211.48559913797672
2029,1,p31,Northeastern New Mexico Regional Landfill,402443,Facebook 3 Solar Energy Center,NM,214.3418646360524
2029,1,p31,Northeastern New Mexico Regional Landfill,403322,Grants CDEC 2,NM,257.0138630446463
2029,1,p31,City of Clovis Landfill,400216,"Hatch Solar Energy Center I, LLC",NM,329.435404704198
2029,1,p31,City of Clovis Landfill,401617,Holloman Solar Facility,NM,258.4546108085351
2029,1,p31,Northeastern New Mexico Regional Landfill,406109,"Jicarilla Solar 1, LLC",NM,224.19910157399022
2029,1,p31,Northeastern New Mexico Regional Landfill,400427,Kit Carson,NM,126.85337720163062
2029,1,p31,Northeastern New Mexico Regional Landfill,400210,Las Vegas Solar Energy Center,NM,89.5577775120936
2029,1,p31,Northeastern New Mexico Regional Landfill,400434,Los Alamos PV Site,NM,158.28500575549185
2029,1,p31,Northeastern New Mexico Regional Landfill,400207,Los Lunas Solar Energy Center,NM,219.02388068168295
2029,1,p31,Apache Junction Landfill,400838,Macho Springs,NM,339.4090397026583
2029,1,p31,Northeastern New Mexico Regional Landfill,400582,Manzano Solar,NM,212.637036997526
2029,1,p31,Northeastern New Mexico Regional Landfill,401201,Meadow Lake Solar Energy Center,NM,197.41154245218863
2029,1,p31,Northeastern New Mexico Regional Landfill,406177,"NMRD Data Center III, LLC",NM,189.0966009010472
2029,1,p31,City of Clovis Landfill,405693,NMSU Solar and Storage,NM,344.171761786912
2029,1,p31,Northeastern New Mexico Regional Landfill,406375,OE_ESCL,NM,272.1828542653945
2029,1,p31,City of Clovis Landfill,400581,Otero Solar,NM,258.16844084601445
2029,1,p31,Northeastern New Mexico Regional Landfill,400146,Questa Solar Facility,NM,118.95113122438204
2029,1,p31,Northeastern New Mexico Regional Landfill,403178,"RC Energy AA, LLC Solar Facility",NM,182.26717870120544
2029,1,p31,Northeastern New Mexico Regional Landfill,401566,Rio Communities Solar Energy Center,NM,214.42136527574175
2029,1,p31,Northeastern New Mexico Regional Landfill,403084,Rio De Oro Solar Energy Center,NM,214.62122134039703
2029,1,p31,Northeastern New Mexico Regional Landfill,400624,Rio Rancho High School,NM,192.48508735192183
2029,1,p31,City of Clovis Landfill,400135,Roadrunner Solar,NM,346.60071526033465
2029,1,p31,Northeastern New Mexico Regional Landfill,404648,"Route 66 Energy Center, LLC",NM,258.33121905474786
2029,1,p31,Northeastern New Mexico Regional Landfill,403387,San Miguel I Solar Energy Center,NM,86.82305041045016
2029,1,p31,Northeastern New Mexico Regional Landfill,405458,San Miguel II Solar Energy Center,NM,88.14207609667557
2029,1,p31,Northeastern New Mexico Regional Landfill,401161,Sandoval Solar Energy Center,NM,191.20796606122857
2029,1,p31,Northeastern New Mexico Regional Landfill,401564,Santa Fe Solar Energy Center,NM,140.940838665804
2029,1,p31,Northeastern New Mexico Regional Landfill,401565,Santolina Solar Energy Center,NM,207.69536119732481
2029,1,p31,Apache Junction Landfill,400596,Silver City WWTP PV Project,NM,281.66507283914376
2029,1,p31,Northeastern New Mexico Regional Landfill,406343,Sky Ranch Solar,NM,227.7645742803059
2029,1,p31,Northeastern New Mexico Regional Landfill,401563,South Valley Solar Energy Center,NM,201.37767642873047
2029,1,p31,Northeastern New Mexico Regional Landfill,401162,Springer Solar 1,NM,59.1941003600137
2029,1,p31,Northeastern New Mexico Regional Landfill,400735,Storrie Lake Solar Project,NM,85.04731546208986
2029,1,p31,Northeastern New Mexico Regional Landfill,400623,Sue Cleveland High School,NM,181.75363261812277
2029,1,p31,City of Clovis Landfill,400343,"SunE EPE1, LLC",NM,305.1979070475616
2029,1,p31,City of Clovis Landfill,400342,"SunE EPE2, LLC",NM,339.67387300864897
2029,1,p31,Northeastern New Mexico Regional Landfill,402854,Syncarpha Eagle Nest,NM,87.56578399830842
2029,1,p31,Northeastern New Mexico Regional Landfill,403412,Syncarpha El Rito,NM,142.62789471748792
2029,1,p31,Northeastern New Mexico Regional Landfill,403413,Syncarpha Questa,NM,122.22682741074428
2029,1,p31,Northeastern New Mexico Regional Landfill,403411,Syncarpha Taos,NM,107.38806131784457
2029,1,p31,Northeastern New Mexico Regional Landfill,404618,Taos Mesa Energy Facility Hybrid,NM,106.31836071123051
2029,1,p31,Northeastern New Mexico Regional Landfill,403011,Vista Solar Energy Center,NM,206.7561365188604
2029,1,p31,City of Clovis Landfill,400354,WSMR I,NM,329.64525493179707
2029,1,p31,City of Clovis Landfill,405245,Wal-Mart Truth or Consequences PV,NM,320.449071057682
2029,1,p47,City of Clovis Landfill,400979,"Caprock Solar 1, LLC",NM,75.491101154517
2029,1,p47,City of Clovis Landfill,404980,Chaves County Solar II,NM,163.96352570088018
2029,1,p47,City of Clovis Landfill,401681,"Chaves Solar, LLC",NM,148.83750440181666
2029,1,p47,City of Clovis Landfill,400614,GSE NM1,NM,184.06064788244876
2029,1,p47,City of Clovis Landfill,404982,Hayhurst New Mexico Solar,NM,236.7992041763966
2029,1,p47,City of Clovis Landfill,402530,Middle Daisy,NM,138.81483001758778
2029,1,p47,City of Clovis Landfill,401682,"Roswell Solar, LLC",NM,147.00300227203732
2029,1,p47,City of Clovis Landfill,400546,SEV NM Phase 2,NM,169.72463120599076
2029,1,p47,City of Clovis Landfill,400260,SPS1 Dollarhide,NM,209.92515226125178
2029,1,p47,City of Clovis Landfill,400261,SPS2 Jal,NM,222.60904837778415
2029,1,p47,City of Clovis Landfill,400262,SPS3 Lea,NM,181.14108718568832
2029,1,p47,City of Clovis Landfill,400264,SPS5 Hopi,NM,197.25018244432695
2029,1,p47,City of Clovis Landfill,404698,SoCore Clovis 1,NM,23.434541140515982
2029,1,p48,City of Clovis Landfill,406439,"BESSP1, LLC",TX,714.8832503953615
2029,1,p48,City of Clovis Landfill,405590,"Hecate Energy Frye Solar, LLC",TX,527.907900148662
2029,1,p57,Victoria Landfill,404918,"Hecate Energy Upshur Rural, LLC",TX,6019.722636623374
2029,1,p59,City of Clovis Landfill,402666,Fort Bliss (DEA EPIC),TX,6633.935296849142
2029,1,p59,City of Clovis Landfill,401616,Montana Solar Facility,TX,5947.444773777614
2029,1,p59,City of Clovis Landfill,401045,Newman Solar,TX,2325.928998530525
2029,1,p60,City of Clovis Landfill,403962,"ANSON Solar Center, LLC",TX,708.2589936945498
2029,1,p60,City of Clovis Landfill,403883,Azure Sky Solar,TX,803.2347473377448
2029,1,p60,City of Clovis Landfill,403232,"ENGIE Long Draw Solar, LLC",TX,496.32381745909237
2029,1,p60,City of Clovis Landfill,406252,Highpeak Solar 1,TX,802.1376368723406
2029,1,p60,City of Clovis Landfill,402721,Holstein 1 Solar Farm,TX,879.2889454645618
2029,1,p60,City of Clovis Landfill,405492,Juno Solar Project,TX,660.1646057883598
2029,1,p60,City of Clovis Landfill,402541,Lamesa II,TX,585.0058349449782
2029,1,p60,City of Clovis Landfill,401660,Lamesa Solar,TX,452.266553214102
2029,1,p60,City of Clovis Landfill,405932,Lumina II Solar Project,TX,723.1740966084092
2029,1,p60,City of Clovis Landfill,405933,Lumina Solar Project,TX,616.7165842535028
2029,1,p60,City of Clovis Landfill,402909,Misae Solar,TX,858.0532886735836
2029,1,p60,City of Clovis Landfill,400968,"OCI Alamo 7, LLC",TX,721.8915086970911
2029,1,p60,City of Clovis Landfill,405939,Texas Solar Nova 1,TX,684.3898140898408
2029,1,p61,City of Clovis Landfill,400967,Alamo 6,TX,401.8611490242446
2029,1,p61,City of Clovis Landfill,403557,Aragorn Solar Project,TX,394.49952055136345
2029,1,p61,City of Clovis Landfill,400691,Barilla Solar,TX,408.70220212679357
2029,1,p61,City of Clovis Landfill,401946,Bluebell Solar,TX,469.1367898563055
2029,1,p61,City of Clovis Landfill,403574,Bluebell Solar II,TX,457.6891807272418
2029,1,p61,City of Clovis Landfill,400554,"Bryan Solar, LLC",TX,425.5312285354341
2029,1,p61,City of Clovis Landfill,401463,Buckthorn Westex,TX,302.7982223963963
2029,1,p61,City of Clovis Landfill,401703,East Pecos Solar,TX,487.45523215782873
2029,1,p61,Victoria Landfill,405363,Galloway 1 Solar Farm,TX,3387.11252378634
2029,1,p61,City of Clovis Landfill,405363,Galloway 1 Solar Farm,TX,344.3084187316753
2029,1,p61,City of Clovis Landfill,405494,Galloway 2 Solar Farm,TX,387.0613079825288
2029,1,p61,City of Clovis Landfill,403210,Greasewood,TX,353.8154977556859
2029,1,p61,City of Clovis Landfill,406370,Hayhurst Texas Solar,TX,434.8148806645969
2029,1,p61,City of Clovis Landfill,402304,Midway Solar-TX,TX,500.20508149599783
2029,1,p61,Victoria Landfill,400695,"OCI Alamo 4, LLC",TX,483.70348905525833
2029,1,p61,City of Clovis Landfill,401868,Pearl Solar,TX,328.5280544826554
2029,1,p61,City of Clovis Landfill,402290,RE Maplewood,TX,438.69863278988316
2029,1,p61,City of Clovis Landfill,401430,RE Roserock,TX,529.8887209971575
2029,1,p61,City of Clovis Landfill,402848,Rambler,TX,632.507501189122
2029,1,p61,City of Clovis Landfill,402083,Solaire Holman Solar Project,TX,421.3029368289543
2029,1,p61,City of Clovis Landfill,403023,"Taygete Energy Project, LLC",TX,323.2852313931317
2029,1,p61,City of Clovis Landfill,404647,Taygete II Energy Project,TX,305.6652177165255
2029,1,p61,City of Clovis Landfill,403551,Titan Solar Project,TX,256.10332395334
2029,1,p61,Victoria Landfill,406103,Zier Solar,TX,389.06484370576624
2029,1,p62,City of Clovis Landfill,403502,2W Permian Solar Project Hybrid,TX,1027.2164388210233
2029,1,p62,City of Clovis Landfill,403697,CED Crane Solar,TX,1086.7668905656978
2029,1,p62,City of Clovis Landfill,401525,Castle Gap Solar Hybrid,TX,1747.9022047557055
2029,1,p62,City of Clovis Landfill,404599,Emerald Grove,TX,1248.5870363981987
2029,1,p62,City of Clovis Landfill,403004,Lapetus,TX,1274.7341340918708
2029,1,p62,City of Clovis Landfill,403280,Oberon IA,TX,1297.8095370673484
2029,1,p62,City of Clovis Landfill,403279,Oberon IB,TX,669.0660008226329
2029,1,p62,City of Clovis Landfill,403602,Oxy Renewable Energy-Goldsmith,TX,1183.215929869731
2029,1,p62,City of Clovis Landfill,402679,Phoebe Solar,TX,1481.1263096673574
2029,1,p62,City of Clovis Landfill,403177,Prospero Solar,TX,814.9422614547897
2029,1,p62,City of Clovis Landfill,404128,Prospero Solar II,TX,872.0647676941053
2029,1,p62,City of Clovis Landfill,403070,"Roadrunner, LLC",TX,868.8802184096901
2029,1,p62,City of Clovis Landfill,401805,Upton County Solar,TX,1211.616381564467
2029,1,p62,City of Clovis Landfill,402995,West of the Pecos Solar,TX,1279.2247843287578
2029,1,p63,Victoria Landfill,405599,"BPL Crown Solar, LLC",TX,300.2351533518063
2029,1,p63,Victoria Landfill,404966,BPL Files Solar,TX,379.7491351743283
2029,1,p63,Victoria Landfill,403825,Briar Creek Solar 1,TX,686.5586656822122
2029,1,p63,Victoria Landfill,402610,Chisum,TX,831.8844048604964
2029,1,p63,Victoria Landfill,401697,CoServ Community Solar Station,TX,599.9701667759118
2029,1,p63,Victoria Landfill,403188,Coniglio Solar,TX,746.0754651918505
2029,1,p63,Victoria Landfill,406415,Dileo Solar,TX,315.2367334156302
2029,1,p63,Victoria Landfill,402655,Eddy II,TX,432.3841298293221
2029,1,p63,Victoria Landfill,406221,Eiffel Solar Project,TX,576.2111270250185
2029,1,p63,Victoria Landfill,405540,"Ellis Solar, LLC",TX,486.5238355293545
2029,1,p63,Victoria Landfill,403823,Elm Branch Solar 1,TX,377.7162327568786
2029,1,p63,Victoria Landfill,406206,Five Wells Solar Center - Hybrid,TX,330.66976485146876
2029,1,p63,Victoria Landfill,404567,G.S.E. One LLC,TX,545.9685827740798
2029,1,p63,Victoria Landfill,403288,Griffin Solar,TX,338.23417762041373
2029,1,p63,Victoria Landfill,406202,Grizzly Ridge Solar,TX,474.31203975559794
2029,1,p63,Victoria Landfill,402329,Highway 56 Solar,TX,501.2778452475235
2029,1,p63,Victoria Landfill,405319,IKEA Grand Prairie Rooftop PV System,TX,412.07890827301947
2029,1,p63,Victoria Landfill,405689,"IP Radian, LLC",TX,533.9123993965329
2029,1,p63,Victoria Landfill,403481,Impact Solar 1,TX,509.71445830354236
2029,1,p63,Victoria Landfill,403190,Kellam Solar,TX,542.4057671396866
2029,1,p63,Victoria Landfill,402421,Leon Solar,TX,591.8582239606275
2029,1,p63,Victoria Landfill,403874,Lily Solar Hybrid,TX,575.7973021777062
2029,1,p63,Victoria Landfill,402404,Marlin Solar,TX,319.4758131416277
2029,1,p63,City of Clovis Landfill,405794,Noble Solar,TX,574.8061095872537
2029,1,p63,City of Clovis Landfill,402405,North Gainesville Solar,TX,550.929205034323
2029,1,p63,Victoria Landfill,401933,Phantom Solar,TX,294.24082469961735
2029,1,p63,Victoria Landfill,404872,"Pisgah Ridge Solar, LLC",TX,501.25740448356106
2029,1,p63,Victoria Landfill,406416,Pitts Dudik Solar,TX,356.02449175898
2029,1,p63,City of Clovis Landfill,403189,Rippey Solar,TX,460.5115944144596
2029,1,p63,Victoria Landfill,404630,"Samson Solar Energy III, LLC",TX,849.1831183814282
2029,1,p63,Victoria Landfill,402652,Sterling Solar (TX),TX,736.9100036726489
2029,1,p63,Victoria Landfill,404812,Sun Valley Solar Project,TX,378.8186953645935
2029,1,p63,Victoria Landfill,404388,"TPE Erath Solar, LLC",TX,558.8424136986492
2029,1,p63,Victoria Landfill,403457,"TPE Whitney Solar, LLC",TX,382.58983640150876
2029,1,p63,Victoria Landfill,405361,Toyota HQ Plan,TX,718.1348939141343
2029,1,p63,Victoria Landfill,405907,Verizon Hidden Ridge Solar Project,TX,589.8838540096573
2029,1,p63,Victoria Landfill,405984,Waco Solar,TX,507.7883914454437
2029,1,p63,Victoria Landfill,402306,Walnut Springs Solar,TX,429.8230231318392
2029,1,p63,Victoria Landfill,402497,West Moore Solar II,TX,542.9819970091571
2029,1,p63,City of Clovis Landfill,402330,Whitesboro Solar,TX,525.0865802619994
2029,1,p63,Victoria Landfill,402331,Whitesboro Solar II,TX,887.3701605239949
2029,1,p63,Victoria Landfill,402414,Whitewright Solar,TX,1025.9773266932996
2029,1,p63,Victoria Landfill,402654,Yellow Jacket,TX,361.9763006759575
2029,1,p64,Victoria Landfill,405731,Austin TX GigaFactory,TX,225.93256892138766
2029,1,p64,Victoria Landfill,402203,Bandera Electric Coop PV,TX,387.96614263278116
2029,1,p64,Victoria Landfill,404721,"Blue Jay Solar I, LLC",TX,352.09520925154663
2029,1,p64,Victoria Landfill,402648,Bovine,TX,223.5574126969523
2029,1,p64,Victoria Landfill,402389,"E-Volve Energy Holdings, LLC",TX,229.06717761409132
2029,1,p64,Victoria Landfill,400227,East Blackland Solar Project 1,TX,241.42294131008853
2029,1,p64,Victoria Landfill,405101,IKEA Round Rock 027,TX,225.67419237570564
2029,1,p64,Victoria Landfill,402653,Lampwick,TX,314.78250847410516
2029,1,p64,Victoria Landfill,405613,Niagara Bottling - Seguin,TX,266.9476875622036
2029,1,p64,Victoria Landfill,402544,PowerFin Kingsbery,TX,239.26812639757392
2029,1,p64,Victoria Landfill,400249,Webberville Solar Project,TX,281.28754825962335
2029,1,p65,Victoria Landfill,405700,Aktina Solar,TX,126.92395639416615
2029,1,p65,Victoria Landfill,404074,"Alexis Solar, LLC",TX,275.87627397965207
2029,1,p65,Victoria Landfill,405727,Bernard Creek Solar,TX,158.62696105161
2029,1,p65,Victoria Landfill,400081,Blue Wing Solar Energy Generation,TX,194.4564904169016
2029,1,p65,Victoria Landfill,405477,Brightside,TX,161.78474586061228
2029,1,p65,Victoria Landfill,401728,CPS 1 Community Solar,TX,171.66843589741316
2029,1,p65,Victoria Landfill,402656,Cascade Solar (TX),TX,147.77518038841657
2029,1,p65,Victoria Landfill,403987,Catan Solar,TX,131.58987378577422
2029,1,p65,Victoria Landfill,403091,Commerce Solar,TX,236.91350463503326
2029,1,p65,Victoria Landfill,404247,"Corazon Energy, LLC",TX,267.7577285948946
2029,1,p65,Victoria Landfill,404062,Elara Solar,TX,238.58985783423586
2029,1,p65,Victoria Landfill,404359,FELPS 1-Calaveras,TX,181.55669718633365
2029,1,p65,Victoria Landfill,404361,FELPS 2-Calaveras,TX,165.50785472352945
2029,1,p65,Victoria Landfill,404362,FELPS 3-Floresville South,TX,157.78738288183175
2029,1,p65,Victoria Landfill,404363,FELPS 4-Floresville South,TX,155.06947245720858
2029,1,p65,Victoria Landfill,404364,FELPS 5-Floresville South,TX,152.73518435688376
2029,1,p65,Victoria Landfill,404739,FELPS 6- Floresville West,TX,184.40482331937815
2029,1,p65,Victoria Landfill,404740,FELPS 7- Floresville West,TX,182.92752450436174
2029,1,p65,Victoria Landfill,406516,Ganado Solar,TX,105.48290121165775
2029,1,p65,Victoria Landfill,405801,Horizon Solar,TX,225.28275252860374
2029,1,p65,Victoria Landfill,405380,IKEA Live Oak Rooftop PV System,TX,197.36211595839205
2029,1,p65,Victoria Landfill,403343,Mars Solar,TX,233.6692033358275
2029,1,p65,Victoria Landfill,404877,Nebula Solar,TX,334.10099170212703
2029,1,p65,Victoria Landfill,400694,"OCI Alamo 2, LLC",TX,203.05520976766726
2029,1,p65,Victoria Landfill,400965,"OCI Alamo 3, LLC",TX,191.65047401993684
2029,1,p65,Victoria Landfill,400966,"OCI Alamo 5, LLC",TX,263.8734191866744
2029,1,p65,Victoria Landfill,400593,OCI Alamo Solar I Hybrid,TX,182.24588066529284
2029,1,p65,Victoria Landfill,405809,Shakes Solar,TX,285.2541953171299
2029,1,p65,Victoria Landfill,405545,Sparta Solar,TX,155.1288470632988
2029,1,p65,Victoria Landfill,400379,"SunE CPS1, LLC",TX,211.32463864897326
2029,1,p65,Victoria Landfill,400364,"SunE CPS2, LLC",TX,186.22243474036782
2029,1,p65,Victoria Landfill,400353,"SunE CPS3, LLC",TX,224.99192521562577
2029,1,p65,Victoria Landfill,406032,Tres Bahias,TX,94.93905508114904
2029,1,p65,Victoria Landfill,404878,Vancourt Solar Interconnections,TX,330.9555329884484
2029,1,p66,Victoria Landfill,406386,Umbriel Solar,TX,2103.2089217181515
2029,1,p67,Victoria Landfill,404939,Brazoria County Solar Project (Danciger),TX,336.0478918905465
2029,1,p67,Victoria Landfill,404681,Brazoria West,TX,305.65901829062267
2029,1,p67,Victoria Landfill,402649,Bronson,TX,278.99136596143455
2029,1,p67,Victoria Landfill,406178,"Cutlass Solar 1, LLC",TX,330.7231275582422
2029,1,p67,Victoria Landfill,404587,Fighting Jays Solar Project,TX,362.4890315009754
2029,1,p67,Victoria Landfill,405564,"Fort Bend Solar, LLC",TX,373.3219055146445
2029,1,p67,Victoria Landfill,404853,"Longbow Solar, LLC",TX,338.25317915843897
2029,1,p67,Victoria Landfill,403514,Wagyu,TX,383.9003486987463
2029,2,p12,Apex Regional Landfill,402144,Battle Mountain Solar Project,NV,570.1710659476751
2029,2,p12,Apex Regional Landfill,405025,Brady,NV,538.7157180144474
2029,2,p12,Apex Regional Landfill,405553,Dodge Flat,NV,608.0627649703666
2029,2,p12,Apex Regional Landfill,402609,"EGP Stillwater Solar PV II, LLC",NV,482.64859930534095
2029,2,p12,Apex Regional Landfill,404659,Fish Springs,NV,580.9018321048426
2029,2,p12,Apex Regional Landfill,401086,Ft. Churchill PV,NV,456.87927219903696
2029,2,p12,Apex Regional Landfill,405028,Galena 2 Geothermal Power Plant,NV,496.7662908159504
2029,2,p12,Apex Regional Landfill,402130,Luning Energy,NV,435.54963757609204
2029,2,p12,Apex Regional Landfill,403107,NVSS-II,NV,110.19863557214228
2029,2,p12,Apex Regional Landfill,400468,"Patua Acquisition Project, LLC",NV,513.3354089668984
2029,2,p12,Apex Regional Landfill,405021,Steamboat Hills LP,NV,567.3504014951354
2029,2,p12,Apex Regional Landfill,405023,Steamboat II,NV,608.2649485575389
2029,2,p12,Apex Regional Landfill,405024,Steamboat III,NV,475.7554435227141
2029,2,p12,Apex Regional Landfill,400029,Stillwater Facility,NV,458.10237808279777
2029,2,p12,Apex Regional Landfill,401318,Sunshine Valley Solar,NV,185.0223553855153
2029,2,p12,Apex Regional Landfill,405026,TS Power Plant,NV,463.1465467759776
2029,2,p12,Apex Regional Landfill,405576,Tesla Reno GigaFactory,NV,489.11031523072137
2029,2,p12,Apex Regional Landfill,401943,Tungsten Mountain,NV,399.875166882836
2029,2,p12,Apex Regional Landfill,403308,Turquoise Liberty Solar,NV,508.7299362130949
2029,2,p12,Apex Regional Landfill,403884,"Turquoise Nevada, LLC",NV,536.1398727370629
2029,2,p12,Apex Regional Landfill,400035,Western 102 Power Plant,NV,495.8594617667034
2029,2,p13,Apex Regional Landfill,400555,Apex Solar PV Power Project,NV,71.61815914223125
2029,2,p13,Apex Regional Landfill,405385,Arrow Canyon Solar Hybrid,NV,86.81771643202735
2029,2,p13,Apex Regional Landfill,402017,"Boulder Solar II, LLC",NV,76.7926944291172
2029,2,p13,Apex Regional Landfill,401649,"Boulder Solar Power, LLC",NV,76.51584902039843
2029,2,p13,Apex Regional Landfill,400059,CM10,NV,81.11694902687391
2029,2,p13,Apex Regional Landfill,400086,CM48,NV,80.38744550809709
2029,2,p13,Apex Regional Landfill,400363,Copper Mountain Solar 2,NV,80.38891411710166
2029,2,p13,Apex Regional Landfill,400802,Copper Mountain Solar 3,NV,73.31368906214307
2029,2,p13,Apex Regional Landfill,401308,"Copper Mountain Solar 4, LLC",NV,81.04429925394479
2029,2,p13,Apex Regional Landfill,403688,"Copper Mountain Solar 5, LLC",NV,81.46904837351912
2029,2,p13,Apex Regional Landfill,405358,Dignity - San Martin,NV,62.80030499029619
2029,2,p13,Apex Regional Landfill,405355,Dignity - Siena Campus,NV,61.6096798423348
2029,2,p13,Apex Regional Landfill,405556,Dry Lake Solar Energy Center,NV,76.94005393220773
2029,2,p13,Apex Regional Landfill,405495,Gemini Solar,NV,83.29468445853756
2029,2,p13,Apex Regional Landfill,403386,"Harry Allen Solar Energy, LLC",NV,75.38415435268654
2029,2,p13,Apex Regional Landfill,406090,IGS LAS1,NV,64.93881640705467
2029,2,p13,Apex Regional Landfill,406089,IGS VGT,NV,60.37916274283702
2029,2,p13,Apex Regional Landfill,405309,IKEA Las Vegas 462,NV,62.793817643903125
2029,2,p13,Apex Regional Landfill,400545,Las Vegas WPCF Solar Plant,NV,54.66669438537479
2029,2,p13,Apex Regional Landfill,400313,Moapa Southern Paiute,NV,88.08179031408656
2029,2,p13,Apex Regional Landfill,400600,Mountain View Solar,NV,71.40276673197822
2029,2,p13,Apex Regional Landfill,400036,Nellis Air Force Base Solar Array,NV,59.00975066101562
2029,2,p13,Apex Regional Landfill,401381,Nellis Solar PV II,NV,55.90008386201245
2029,2,p13,Apex Regional Landfill,401319,"Playa Solar 1, LLC",NV,74.69761272028396
2029,2,p13,Apex Regional Landfill,401596,Playa Solar 2,NV,74.24524575920803
2029,2,p13,Apex Regional Landfill,401274,River Mountains Solar,NV,64.95876221190504
2029,2,p13,Mohave Valley Landfill,401042,Searchlight Solar,NV,88.16057238967089
2029,2,p13,Apex Regional Landfill,400166,Silver State Solar Power North,NV,95.05508395967613
2029,2,p13,Apex Regional Landfill,400658,Silver State Solar Power South,NV,96.56291237816541
2029,2,p13,Apex Regional Landfill,405246,"Solar Las Vegas MB 2, LLC",NV,56.363551955631785
2029,2,p13,Apex Regional Landfill,405188,Solar Las Vegas MB-1,NV,56.44707441296948
2029,2,p13,Apex Regional Landfill,400556,Spectrum Solar PV Power Project,NV,66.62596084811017
2029,2,p13,Apex Regional Landfill,402485,"Techren Solar I, LLC",NV,76.26956492683945
2029,2,p13,Apex Regional Landfill,402690,"Techren Solar II, LLC",NV,75.01358979894863
2029,2,p13,Apex Regional Landfill,402691,"Techren Solar III, LLC",NV,76.36500374808001
2029,2,p13,Apex Regional Landfill,402692,"Techren Solar IV, LLC",NV,74.46434260020705
2029,2,p13,Apex Regional Landfill,403001,Techren Solar V,NV,73.16533647775351
2029,2,p13,Apex Regional Landfill,401851,Townsite Solar Project Hybrid,NV,71.86436710362413
2029,2,p13,Apex Regional Landfill,406448,Yellow Pine II,NV,96.65598840689515
2029,2,p13,Apex Regional Landfill,404971,Yellow Pine Solar,NV,95.21713015545042
2029,2,p27,Mohave Valley Landfill,400374,"Black Mountain Solar, LLC",AZ,70.60726219015739
2029,2,p27,Mohave Valley Landfill,402236,Gray Hawk Solar,AZ,127.2692492528932
2029,2,p27,Mohave Valley Landfill,401819,Jacobson 5 MW Solar,AZ,103.23257018499199
2029,2,p27,Mohave Valley Landfill,400199,La Senita,AZ,79.53083817972285
2029,2,p27,Mohave Valley Landfill,403718,Mohave Electric Cooperative at Joy Lane,AZ,46.31597749245787
2029,2,p27,Mohave Valley Landfill,401311,Mohave Electric at Fort Mohave,AZ,45.329899105132384
2029,2,p27,Mohave Valley Landfill,406478,Mohave Energy - Hybrid,AZ,43.2040426227933
2029,2,p28,Apache Junction Landfill,405418,AZ State University - Tempe Campus Solar,AZ,73.82085825105192
2029,2,p28,South Yuma County Landfill,400148,Agua Caliente Solar Project,AZ,120.94702259022097
2029,2,p28,Apache Junction Landfill,402067,Apache Solar 1,AZ,202.8440731633963
2029,2,p28,South Yuma County Landfill,400274,Arizona Western College PV,AZ,49.03211696160199
2029,2,p28,Apache Junction Landfill,400240,Arlington Valley Solar Energy II,AZ,135.73750533422802
2029,2,p28,Apache Junction Landfill,400437,Badger 1,AZ,134.14882992877864
2029,2,p28,Apache Junction Landfill,401688,Bonnybrooke PV,AZ,75.03440612861739
2029,2,p28,Apache Junction Landfill,400371,Buckeye Union HS District 201,AZ,116.96324853403273
2029,2,p28,Apache Junction Landfill,405635,"Central Line Solar, LLC",AZ,89.14390719883274
2029,2,p28,Apache Junction Landfill,400201,Chino Solar Valley,AZ,171.27429314064258
2029,2,p28,Apache Junction Landfill,400202,Cotton Center Solar Hybrid,AZ,128.27258144707574
2029,2,p28,Apache Junction Landfill,401069,Desert Star Hybrid,AZ,125.58203412652641
2029,2,p28,Apache Junction Landfill,403257,East Line Solar,AZ,88.87296973067599
2029,2,p28,Apache Junction Landfill,406171,Eleven Mile Solar Center,AZ,87.23465450803405
2029,2,p28,Apache Junction Landfill,405244,Estrella Mountain PV,AZ,102.05549346880886
2029,2,p28,South Yuma County Landfill,400349,Foothills Solar Plant Hybrid,AZ,50.34133020491755
2029,2,p28,Apache Junction Landfill,400825,Fort Huachuca Solar PV Project,AZ,216.52297281167995
2029,2,p28,Apache Junction Landfill,400845,Gila Bend Hybrid,AZ,136.78472404161477
2029,2,p28,Apache Junction Landfill,400599,"Gilbert Solar Facility I, LLC",AZ,64.73165882018289
2029,2,p28,South Yuma County Landfill,400507,Hyder II Hybrid,AZ,129.87366911947802
2029,2,p28,South Yuma County Landfill,400204,Hyder Solar Hybrid,AZ,131.02690937652375
2029,2,p28,Apache Junction Landfill,405282,Intel - Ocotillo Campus Solar,AZ,72.19703444426494
2029,2,p28,Apache Junction Landfill,405125,Jewish Community Center PV,AZ,79.30756920321143
2029,2,p28,Apache Junction Landfill,402234,Kayenta Solar Project,AZ,337.9885298955146
2029,2,p28,Apache Junction Landfill,400595,Lake Pleasant WTP,AZ,107.5380179588227
2029,2,p28,Apache Junction Landfill,400128,Luke Solar,AZ,106.27442322108843
2029,2,p28,Apache Junction Landfill,405068,Macys Goodyear,AZ,106.10212744133
2029,2,p28,South Yuma County Landfill,406279,McFarland A Solar and Storage,AZ,119.95129985282789
2029,2,p28,Apache Junction Landfill,405617,Mesa Carport PV,AZ,51.37119097286171
2029,2,p28,Apache Junction Landfill,404512,Mesa Solar Array,AZ,51.45218265265183
2029,2,p28,Apache Junction Landfill,400250,Mesquite Solar 1,AZ,140.7582675079005
2029,2,p28,Apache Junction Landfill,401621,"Mesquite Solar 2, LLC",AZ,141.72300574583258
2029,2,p28,Apache Junction Landfill,401622,"Mesquite Solar 3, LLC",AZ,143.484957207541
2029,2,p28,Apache Junction Landfill,406038,"Mesquite Solar 4, LLC",AZ,140.57013333431922
2029,2,p28,Apache Junction Landfill,404922,"Mesquite Solar 5, LLC",AZ,139.7679769401014
2029,2,p28,Mohave Valley Landfill,403572,OE_AZ1,AZ,1492.8351533579223
2029,2,p28,South Yuma County Landfill,403572,OE_AZ1,AZ,152.90151931359128
2029,2,p28,Apache Junction Landfill,400203,Paloma Solar Hybrid,AZ,128.22515991938621
2029,2,p28,Apache Junction Landfill,405126,Paradise Valley H.S. PV,AZ,84.77942986451473
2029,2,p28,Apache Junction Landfill,405150,Phoenix Airport East Economy Lot,AZ,77.34494618553258
2029,2,p28,Apache Junction Landfill,405151,Phoenix Airport Rental Car Center,AZ,81.60147056564129
2029,2,p28,Apache Junction Landfill,402528,Pinal Central Energy Center Hybrid,AZ,86.2862625483664
2029,2,p28,Apache Junction Landfill,400125,"Poseidon Solar, LLC",AZ,63.52512521201061
2029,2,p28,Apache Junction Landfill,400031,Prescott Airport,AZ,167.98102690896974
2029,2,p28,Apache Junction Landfill,400401,Prescott Solar Plant,AZ,171.77611320581514
2029,2,p28,Apache Junction Landfill,400323,Queen Creek Solar Farm,AZ,56.05109902470853
2029,2,p28,Mohave Valley Landfill,400289,"RE Bagdad Solar I, LLC",AZ,135.35172665537596
2029,2,p28,Apache Junction Landfill,405132,"RE Gillespie 1, LLC",AZ,125.86708758603099
2029,2,p28,Apache Junction Landfill,400758,Red Horse 2,AZ,176.46246100988023
2029,2,p28,Apache Junction Landfill,401609,Red Horse III,AZ,175.59971127077242
2029,2,p28,Apache Junction Landfill,401726,Red Rock,AZ,114.0041109657501
2029,2,p28,Apache Junction Landfill,406380,SR McNeal,AZ,238.44216012788618
2029,2,p28,South Yuma County Landfill,400416,Saddle Mountain Solar I,AZ,154.20418266051118
2029,2,p28,Apache Junction Landfill,403674,Saint Solar,AZ,87.863218805224
2029,2,p28,Apache Junction Landfill,401214,Sandstone Solar,AZ,73.1700477092473
2029,2,p28,Apache Junction Landfill,405029,Solana Generating Station,AZ,149.99689512267565
2029,2,p28,Apache Junction Landfill,406275,Sonoran Solar Energy,AZ,115.70331264141123
2029,2,p28,Apache Junction Landfill,406034,Storey Solar and Storage,AZ,84.92439116311358
2029,2,p28,Apache Junction Landfill,401664,Sulphur Springs,AZ,199.75458391388563
2029,2,p28,Apache Junction Landfill,403643,Sun Streams 2,AZ,133.99130488270785
2029,2,p28,Apache Junction Landfill,406517,Sun Streams 3,AZ,132.44337960029108
2029,2,p28,Apache Junction Landfill,401975,"Sun Streams, LLC",AZ,135.35839617594337
2029,2,p28,Apache Junction Landfill,405311,T0588 Phoenix - AZ,AZ,93.51991690601731
2029,2,p28,Apache Junction Landfill,405134,Union HS at Casa Grande,AZ,83.91047529763136
2029,2,p28,Apache Junction Landfill,405135,Vista Grande HS at Casa Grande,AZ,86.81516946909883
2029,2,p28,Apache Junction Landfill,400334,Walmart Casa Grande,AZ,89.61500464064464
2029,2,p28,Apache Junction Landfill,406098,"West Line Solar, LLC",AZ,89.84779448194989
2029,2,p29,Apache Junction Landfill,400014,Springerville,AZ,911.3956421427948
2029,2,p30,Apache Junction Landfill,405143,Actus Lend Lease DMAFB,AZ,159.1683727837853
2029,2,p30,Apache Junction Landfill,405611,Amazon TUS2,AZ,159.9909891327977
2029,2,p30,Apache Junction Landfill,405268,Amphitheater High School Solar,AZ,154.4797343918153
2029,2,p30,Apache Junction Landfill,400939,Avalon Solar,AZ,172.19658285123458
2029,2,p30,Apache Junction Landfill,401479,Avalon Solar II,AZ,163.43899386196827
2029,2,p30,Apache Junction Landfill,400226,Avra Valley Solar,AZ,141.7314890443178
2029,2,p30,Apache Junction Landfill,404704,Broadway 2 - Tucson Phase II,AZ,139.22895907442816
2029,2,p30,Apache Junction Landfill,405768,Broadway 3 - Tucson Phase I,AZ,147.03526783902203
2029,2,p30,Apache Junction Landfill,405269,Canyon Del Oro High School Solar,AZ,136.05107289577907
2029,2,p30,Apache Junction Landfill,400757,Cogenra-TEP,AZ,161.883777826996
2029,2,p30,Apache Junction Landfill,401295,Davis Monthan AFB (AZ) West Airfield,AZ,172.08449298700384
2029,2,p30,Apache Junction Landfill,400330,FRB Solar Farm,AZ,168.09855128217674
2029,2,p30,Apache Junction Landfill,400761,"Gato Montes Solar, LLC",AZ,168.4548636209301
2029,2,p30,Apache Junction Landfill,404536,Iron Horse Battery Storage Hybrid,AZ,176.17107799076126
2029,2,p30,Apache Junction Landfill,400552,"Picture Rocks Solar, LLC",AZ,131.7525832936838
2029,2,p30,Apache Junction Landfill,405374,Pima Community College,AZ,158.46268081039346
2029,2,p30,Apache Junction Landfill,405303,Pima Community College - East Campus,AZ,151.53540573217023
2029,2,p30,Apache Junction Landfill,405516,Pima Community College NW,AZ,140.7682973275579
2029,2,p30,Apache Junction Landfill,400408,Prairie Fire,AZ,168.92676339739944
2029,2,p30,South Yuma County Landfill,400290,"RE Ajo 1, LLC",AZ,177.1683336836295
2029,2,p30,Apache Junction Landfill,404926,Raptor Ridge,AZ,177.03597614250683
2029,2,p30,Apache Junction Landfill,400857,Rio Rico Solar,AZ,220.91664586036012
2029,2,p30,Apache Junction Landfill,400193,Roger Road WWTP,AZ,139.93940319544618
2029,2,p30,Apache Junction Landfill,401076,Tech Park Solar,AZ,164.80371958468416
2029,2,p30,Apache Junction Landfill,400156,UASTP I,AZ,180.37499729985737
2029,2,p30,Apache Junction Landfill,401075,Valencia Solar,AZ,159.17763630497743
2029,2,p30,Apache Junction Landfill,404187,"Wilmot Energy Center, LLC",AZ,185.72839110935
2029,2,p31,City of Clovis Landfill,400211,Alamogordo Solar Energy Center,NM,263.910884228575
2029,2,p31,Northeastern New Mexico Regional Landfill,400206,Albuquerque Solar Energy Center,NM,194.62987002416926
2029,2,p31,Northeastern New Mexico Regional Landfill,403675,Alcalde Solar Array,NM,129.54060394430752
2029,2,p31,Apache Junction Landfill,401595,Alta Luna,NM,358.5265052118714
2029,2,p31,Northeastern New Mexico Regional Landfill,404724,Angel Fire Energy Facility,NM,85.6702502362158
2029,2,p31,Northeastern New Mexico Regional Landfill,405469,Arroyo Solar Energy Storage Hybrid,NM,223.96348695701545
2029,2,p31,Northeastern New Mexico Regional Landfill,403321,Bluewater CDEC 1,NM,270.5745813486348
2029,2,p31,Northeastern New Mexico Regional Landfill,403736,Britton Solar Energy Center,NM,164.62262174506904
2029,2,p31,City of Clovis Landfill,404981,Buena Vista Energy Center,NM,313.7739759792399
2029,2,p31,Northeastern New Mexico Regional Landfill,402876,CNMEC Solar Energy Center,NM,179.5103946399394
2029,2,p31,City of Clovis Landfill,402519,Carrizozo Solar,NM,213.94720792904172
2029,2,p31,Northeastern New Mexico Regional Landfill,401202,Cibola,NM,232.68494264068394
2029,2,p31,Northeastern New Mexico Regional Landfill,400104,Cimarron Solar Facility,NM,64.66660007299879
2029,2,p31,Apache Junction Landfill,402988,City of Gallup Solar,NM,309.87739395028126
2029,2,p31,Northeastern New Mexico Regional Landfill,403604,City of Rio Rancho WWTP,NM,205.80603527284424
2029,2,p31,City of Clovis Landfill,401225,City of Truth or Consequences PV,NM,317.57877666368057
2029,2,p31,Apache Junction Landfill,402177,Columbus Solar Project,NM,353.5721500186064
2029,2,p31,Northeastern New Mexico Regional Landfill,404748,"Cuba 2.5ac, LLC",NM,191.90304874749344
2029,2,p31,Apache Junction Landfill,400209,Deming Solar Energy Center,NM,329.15995996279344
2029,2,p31,Northeastern New Mexico Regional Landfill,403868,Encino Solar Energy Center,NM,203.59777047030093
2029,2,p31,Northeastern New Mexico Regional Landfill,401038,Eubank Landfill Solar Array,NM,189.7210808745582
2029,2,p31,Northeastern New Mexico Regional Landfill,402441,Facebook 1 Solar Energy Center,NM,214.77338125671128
2029,2,p31,Northeastern New Mexico Regional Landfill,402442,Facebook 2 Solar Energy Center,NM,211.5749113000876
2029,2,p31,Northeastern New Mexico Regional Landfill,402443,Facebook 3 Solar Energy Center,NM,204.81350467165666
2029,2,p31,Northeastern New Mexico Regional Landfill,403322,Grants CDEC 2,NM,263.96021419974363
2029,2,p31,City of Clovis Landfill,400216,"Hatch Solar Energy Center I, LLC",NM,333.5184440045503
2029,2,p31,City of Clovis Landfill,401617,Holloman Solar Facility,NM,251.8258196266518
2029,2,p31,Northeastern New Mexico Regional Landfill,406109,"Jicarilla Solar 1, LLC",NM,225.68923690473147
2029,2,p31,Northeastern New Mexico Regional Landfill,400427,Kit Carson,NM,126.79113760849123
2029,2,p31,Northeastern New Mexico Regional Landfill,400210,Las Vegas Solar Energy Center,NM,89.51463287082903
2029,2,p31,Northeastern New Mexico Regional Landfill,400434,Los Alamos PV Site,NM,159.04107028232465
2029,2,p31,Northeastern New Mexico Regional Landfill,400207,Los Lunas Solar Energy Center,NM,212.8608370648759
2029,2,p31,Apache Junction Landfill,400838,Macho Springs,NM,340.2054295756025
2029,2,p31,Northeastern New Mexico Regional Landfill,400582,Manzano Solar,NM,205.69934718941752
2029,2,p31,Northeastern New Mexico Regional Landfill,401201,Meadow Lake Solar Energy Center,NM,195.55684624955916
2029,2,p31,Northeastern New Mexico Regional Landfill,406177,"NMRD Data Center III, LLC",NM,189.9787677629746
2029,2,p31,City of Clovis Landfill,405693,NMSU Solar and Storage,NM,331.39319061968604
2029,2,p31,Northeastern New Mexico Regional Landfill,406375,OE_ESCL,NM,272.9955514165401
2029,2,p31,City of Clovis Landfill,400581,Otero Solar,NM,237.73102988989913
2029,2,p31,Northeastern New Mexico Regional Landfill,400146,Questa Solar Facility,NM,118.88315001200252
2029,2,p31,Northeastern New Mexico Regional Landfill,403178,"RC Energy AA, LLC Solar Facility",NM,184.35358299893517
2029,2,p31,Northeastern New Mexico Regional Landfill,401566,Rio Communities Solar Energy Center,NM,215.25797318938265
2029,2,p31,Northeastern New Mexico Regional Landfill,403084,Rio De Oro Solar Energy Center,NM,215.21947137410967
2029,2,p31,Northeastern New Mexico Regional Landfill,400624,Rio Rancho High School,NM,194.46932490750063
2029,2,p31,City of Clovis Landfill,400135,Roadrunner Solar,NM,336.2874252591047
2029,2,p31,Northeastern New Mexico Regional Landfill,404648,"Route 66 Energy Center, LLC",NM,258.4071696064092
2029,2,p31,Northeastern New Mexico Regional Landfill,403387,San Miguel I Solar Energy Center,NM,85.79304618048188
2029,2,p31,Northeastern New Mexico Regional Landfill,405458,San Miguel II Solar Energy Center,NM,88.63726667179922
2029,2,p31,Northeastern New Mexico Regional Landfill,401161,Sandoval Solar Energy Center,NM,193.40753426321263
2029,2,p31,Northeastern New Mexico Regional Landfill,401564,Santa Fe Solar Energy Center,NM,141.21979631146286
2029,2,p31,Northeastern New Mexico Regional Landfill,401565,Santolina Solar Energy Center,NM,208.51323216964667
2029,2,p31,Apache Junction Landfill,400596,Silver City WWTP PV Project,NM,282.395648139595
2029,2,p31,Northeastern New Mexico Regional Landfill,406343,Sky Ranch Solar,NM,211.7133559572582
2029,2,p31,Northeastern New Mexico Regional Landfill,401563,South Valley Solar Energy Center,NM,201.97545141163238
2029,2,p31,Northeastern New Mexico Regional Landfill,401162,Springer Solar 1,NM,59.176645226562826
2029,2,p31,Northeastern New Mexico Regional Landfill,400735,Storrie Lake Solar Project,NM,86.95446623315925
2029,2,p31,Northeastern New Mexico Regional Landfill,400623,Sue Cleveland High School,NM,181.33255379324424
2029,2,p31,City of Clovis Landfill,400343,"SunE EPE1, LLC",NM,319.54929131294784
2029,2,p31,City of Clovis Landfill,400342,"SunE EPE2, LLC",NM,340.0865933086116
2029,2,p31,Northeastern New Mexico Regional Landfill,402854,Syncarpha Eagle Nest,NM,87.84926317531504
2029,2,p31,Northeastern New Mexico Regional Landfill,403412,Syncarpha El Rito,NM,143.2342654716679
2029,2,p31,Northeastern New Mexico Regional Landfill,403413,Syncarpha Questa,NM,119.87458920449573
2029,2,p31,Northeastern New Mexico Regional Landfill,403411,Syncarpha Taos,NM,107.35442807910285
2029,2,p31,Northeastern New Mexico Regional Landfill,404618,Taos Mesa Energy Facility Hybrid,NM,104.23018844581254
2029,2,p31,Northeastern New Mexico Regional Landfill,403011,Vista Solar Energy Center,NM,213.47390709153865
2029,2,p31,City of Clovis Landfill,400354,WSMR I,NM,310.8881876246858
2029,2,p31,City of Clovis Landfill,405245,Wal-Mart Truth or Consequences PV,NM,321.4875103188478
2029,2,p47,City of Clovis Landfill,400979,"Caprock Solar 1, LLC",NM,85.72594641126047
2029,2,p47,City of Clovis Landfill,404980,Chaves County Solar II,NM,147.22356638537372
2029,2,p47,City of Clovis Landfill,401681,"Chaves Solar, LLC",NM,137.85757746363498
2029,2,p47,City of Clovis Landfill,400614,GSE NM1,NM,165.05074799779806
2029,2,p47,City of Clovis Landfill,404982,Hayhurst New Mexico Solar,NM,264.6287403679712
2029,2,p47,City of Clovis Landfill,402530,Middle Daisy,NM,159.40418301051517
2029,2,p47,City of Clovis Landfill,401682,"Roswell Solar, LLC",NM,136.34646462133773
2029,2,p47,City of Clovis Landfill,400546,SEV NM Phase 2,NM,153.24131856914286
2029,2,p47,City of Clovis Landfill,400260,SPS1 Dollarhide,NM,232.26228352188335
2029,2,p47,City of Clovis Landfill,400261,SPS2 Jal,NM,199.18315409713477
2029,2,p47,City of Clovis Landfill,400262,SPS3 Lea,NM,169.12425079996095
2029,2,p47,City of Clovis Landfill,400264,SPS5 Hopi,NM,226.13796881675182
2029,2,p47,City of Clovis Landfill,404698,SoCore Clovis 1,NM,24.249530290620086
2029,2,p48,City of Clovis Landfill,406439,"BESSP1, LLC",TX,599.5697745001037
2029,2,p48,City of Clovis Landfill,405590,"Hecate Energy Frye Solar, LLC",TX,467.2557904399609
2029,2,p57,Victoria Landfill,404918,"Hecate Energy Upshur Rural, LLC",TX,4766.126172011731
2029,2,p59,City of Clovis Landfill,402666,Fort Bliss (DEA EPIC),TX,2900.960427719791
2029,2,p59,City of Clovis Landfill,401616,Montana Solar Facility,TX,4290.852122019987
2029,2,p59,City of Clovis Landfill,401045,Newman Solar,TX,2024.6175426348905
2029,2,p60,City of Clovis Landfill,403962,"ANSON Solar Center, LLC",TX,546.3085620546498
2029,2,p60,City of Clovis Landfill,403883,Azure Sky Solar,TX,621.3764428345082
2029,2,p60,City of Clovis Landfill,403232,"ENGIE Long Draw Solar, LLC",TX,380.20147731376625
2029,2,p60,City of Clovis Landfill,406252,Highpeak Solar 1,TX,561.2694812198332
2029,2,p60,City of Clovis Landfill,402721,Holstein 1 Solar Farm,TX,654.4679727722238
2029,2,p60,City of Clovis Landfill,405492,Juno Solar Project,TX,369.14939737962584
2029,2,p60,City of Clovis Landfill,402541,Lamesa II,TX,423.2712583667276
2029,2,p60,City of Clovis Landfill,401660,Lamesa Solar,TX,349.67568083739724
2029,2,p60,City of Clovis Landfill,405932,Lumina II Solar Project,TX,420.5672816935656
2029,2,p60,City of Clovis Landfill,405933,Lumina Solar Project,TX,459.06491556639895
2029,2,p60,City of Clovis Landfill,402909,Misae Solar,TX,430.8158657009333
2029,2,p60,City of Clovis Landfill,400968,"OCI Alamo 7, LLC",TX,559.1983286308164
2029,2,p60,City of Clovis Landfill,405939,Texas Solar Nova 1,TX,367.1560854701037
2029,2,p61,City of Clovis Landfill,400967,Alamo 6,TX,407.3612450663269
2029,2,p61,City of Clovis Landfill,403557,Aragorn Solar Project,TX,313.3793533716984
2029,2,p61,City of Clovis Landfill,400691,Barilla Solar,TX,547.7211744989227
2029,2,p61,City of Clovis Landfill,401946,Bluebell Solar,TX,301.4203516113393
2029,2,p61,City of Clovis Landfill,403574,Bluebell Solar II,TX,358.8258454487015
2029,2,p61,City of Clovis Landfill,400554,"Bryan Solar, LLC",TX,458.7752894295755
2029,2,p61,City of Clovis Landfill,401463,Buckthorn Westex,TX,448.8590839635458
2029,2,p61,City of Clovis Landfill,401703,East Pecos Solar,TX,392.0425858438117
2029,2,p61,Victoria Landfill,405363,Galloway 1 Solar Farm,TX,766.279974821553
2029,2,p61,City of Clovis Landfill,405363,Galloway 1 Solar Farm,TX,344.3084187316753
2029,2,p61,Victoria Landfill,405494,Galloway 2 Solar Farm,TX,1500.2013969786647
2029,2,p61,City of Clovis Landfill,405494,Galloway 2 Solar Farm,TX,341.09622586863554
2029,2,p61,City of Clovis Landfill,403210,Greasewood,TX,508.12085165073074
2029,2,p61,City of Clovis Landfill,406370,Hayhurst Texas Solar,TX,332.5309187202406
2029,2,p61,City of Clovis Landfill,402304,Midway Solar-TX,TX,323.37323504663027
2029,2,p61,Victoria Landfill,400695,"OCI Alamo 4, LLC",TX,389.757073835979
2029,2,p61,City of Clovis Landfill,401868,Pearl Solar,TX,469.8242115660249
2029,2,p61,City of Clovis Landfill,402290,RE Maplewood,TX,430.0826404291155
2029,2,p61,City of Clovis Landfill,401430,RE Roserock,TX,402.3675526044525
2029,2,p61,City of Clovis Landfill,402848,Rambler,TX,390.9080954808796
2029,2,p61,City of Clovis Landfill,402083,Solaire Holman Solar Project,TX,583.1785406212275
2029,2,p61,City of Clovis Landfill,403023,"Taygete Energy Project, LLC",TX,467.74875419082787
2029,2,p61,City of Clovis Landfill,404647,Taygete II Energy Project,TX,387.7922199662018
2029,2,p61,City of Clovis Landfill,403551,Titan Solar Project,TX,373.26799559094644
2029,2,p61,Victoria Landfill,406103,Zier Solar,TX,395.73548081927765
2029,2,p62,City of Clovis Landfill,403502,2W Permian Solar Project Hybrid,TX,480.24715033583306
2029,2,p62,City of Clovis Landfill,403697,CED Crane Solar,TX,742.356543443643
2029,2,p62,City of Clovis Landfill,401525,Castle Gap Solar Hybrid,TX,713.0203033914568
2029,2,p62,City of Clovis Landfill,404599,Emerald Grove,TX,826.06343350194
2029,2,p62,City of Clovis Landfill,403004,Lapetus,TX,708.7853577149104
2029,2,p62,City of Clovis Landfill,403280,Oberon IA,TX,644.7910074412333
2029,2,p62,City of Clovis Landfill,403279,Oberon IB,TX,503.29491151825454
2029,2,p62,City of Clovis Landfill,403602,Oxy Renewable Energy-Goldsmith,TX,709.3356493197956
2029,2,p62,City of Clovis Landfill,402679,Phoebe Solar,TX,585.0581057154234
2029,2,p62,City of Clovis Landfill,403177,Prospero Solar,TX,328.8905913586896
2029,2,p62,City of Clovis Landfill,404128,Prospero Solar II,TX,560.7736181558896
2029,2,p62,City of Clovis Landfill,403070,"Roadrunner, LLC",TX,512.9535490630453
2029,2,p62,City of Clovis Landfill,401805,Upton County Solar,TX,799.1128763828249
2029,2,p62,City of Clovis Landfill,402995,West of the Pecos Solar,TX,788.9847404495307
2029,2,p63,Victoria Landfill,405599,"BPL Crown Solar, LLC",TX,405.1796584433291
2029,2,p63,Victoria Landfill,404966,BPL Files Solar,TX,600.1039746262124
2029,2,p63,Victoria Landfill,403825,Briar Creek Solar 1,TX,379.98207023829923
2029,2,p63,Victoria Landfill,402610,Chisum,TX,833.2356364397434
2029,2,p63,Victoria Landfill,401697,CoServ Community Solar Station,TX,495.87617456728066
2029,2,p63,Victoria Landfill,403188,Coniglio Solar,TX,506.1384960975537
2029,2,p63,Victoria Landfill,406415,Dileo Solar,TX,498.5699229509252
2029,2,p63,Victoria Landfill,402655,Eddy II,TX,421.33745202380163
2029,2,p63,Victoria Landfill,406221,Eiffel Solar Project,TX,487.8561555374887
2029,2,p63,Victoria Landfill,405540,"Ellis Solar, LLC",TX,407.0865174584814
2029,2,p63,Victoria Landfill,403823,Elm Branch Solar 1,TX,492.57288877232884
2029,2,p63,Victoria Landfill,406206,Five Wells Solar Center - Hybrid,TX,396.8204241054881
2029,2,p63,Victoria Landfill,404567,G.S.E. One LLC,TX,477.8512291926724
2029,2,p63,Victoria Landfill,403288,Griffin Solar,TX,426.90114371682466
2029,2,p63,Victoria Landfill,406202,Grizzly Ridge Solar,TX,389.1944030503418
2029,2,p63,Victoria Landfill,402329,Highway 56 Solar,TX,1685.6588142189091
2029,2,p63,City of Clovis Landfill,402329,Highway 56 Solar,TX,454.4483163456907
2029,2,p63,Victoria Landfill,405319,IKEA Grand Prairie Rooftop PV System,TX,466.3374275732398
2029,2,p63,Victoria Landfill,405689,"IP Radian, LLC",TX,476.6627041360473
2029,2,p63,Victoria Landfill,403481,Impact Solar 1,TX,594.3663124574236
2029,2,p63,Victoria Landfill,403190,Kellam Solar,TX,446.1309982725314
2029,2,p63,Victoria Landfill,402421,Leon Solar,TX,730.4541700538861
2029,2,p63,Victoria Landfill,403874,Lily Solar Hybrid,TX,465.85689891342753
2029,2,p63,Victoria Landfill,402404,Marlin Solar,TX,275.66634042379343
2029,2,p63,City of Clovis Landfill,405794,Noble Solar,TX,471.53285790756763
2029,2,p63,Victoria Landfill,402405,North Gainesville Solar,TX,6525.560431999524
2029,2,p63,City of Clovis Landfill,402405,North Gainesville Solar,TX,423.56771647126783
2029,2,p63,Victoria Landfill,401933,Phantom Solar,TX,377.83295241934985
2029,2,p63,Victoria Landfill,404872,"Pisgah Ridge Solar, LLC",TX,385.3743782591766
2029,2,p63,Victoria Landfill,406416,Pitts Dudik Solar,TX,558.959978165128
2029,2,p63,Victoria Landfill,403189,Rippey Solar,TX,5057.994902697809
2029,2,p63,City of Clovis Landfill,403189,Rippey Solar,TX,423.1547354338048
2029,2,p63,Victoria Landfill,404630,"Samson Solar Energy III, LLC",TX,739.4600034368887
2029,2,p63,Victoria Landfill,402652,Sterling Solar (TX),TX,579.3671832731776
2029,2,p63,Victoria Landfill,404812,Sun Valley Solar Project,TX,324.70598701025807
2029,2,p63,Victoria Landfill,404388,"TPE Erath Solar, LLC",TX,452.84080675409194
2029,2,p63,Victoria Landfill,403457,"TPE Whitney Solar, LLC",TX,335.18961417314455
2029,2,p63,Victoria Landfill,405361,Toyota HQ Plan,TX,631.4656652290394
2029,2,p63,Victoria Landfill,405907,Verizon Hidden Ridge Solar Project,TX,481.760397271308
2029,2,p63,Victoria Landfill,405984,Waco Solar,TX,404.2046968550931
2029,2,p63,Victoria Landfill,402306,Walnut Springs Solar,TX,466.07278026617416
2029,2,p63,Victoria Landfill,402497,West Moore Solar II,TX,463.0512696771019
2029,2,p63,Victoria Landfill,402330,Whitesboro Solar,TX,2213.681527668298
2029,2,p63,City of Clovis Landfill,402330,Whitesboro Solar,TX,442.7029777922294
2029,2,p63,Victoria Landfill,402331,Whitesboro Solar II,TX,710.6943318608838
2029,2,p63,Victoria Landfill,402414,Whitewright Solar,TX,747.6911543348717
2029,2,p63,Victoria Landfill,402654,Yellow Jacket,TX,569.9998629577241
2029,2,p64,Victoria Landfill,405731,Austin TX GigaFactory,TX,256.84939502245237
2029,2,p64,Victoria Landfill,402203,Bandera Electric Coop PV,TX,344.81647201993934
2029,2,p64,Victoria Landfill,404721,"Blue Jay Solar I, LLC",TX,317.2499536376306
2029,2,p64,Victoria Landfill,402648,Bovine,TX,157.45072856256192
2029,2,p64,Victoria Landfill,402389,"E-Volve Energy Holdings, LLC",TX,204.42495072973153
2029,2,p64,Victoria Landfill,400227,East Blackland Solar Project 1,TX,250.02584444769465
2029,2,p64,Victoria Landfill,405101,IKEA Round Rock 027,TX,255.63340872617107
2029,2,p64,Victoria Landfill,402653,Lampwick,TX,345.46618354484394
2029,2,p64,Victoria Landfill,405613,Niagara Bottling - Seguin,TX,232.68842930114394
2029,2,p64,Victoria Landfill,402544,PowerFin Kingsbery,TX,218.61977104725298
2029,2,p64,Victoria Landfill,400249,Webberville Solar Project,TX,223.07442371406748
2029,2,p65,Victoria Landfill,405700,Aktina Solar,TX,118.16596492049275
2029,2,p65,Victoria Landfill,404074,"Alexis Solar, LLC",TX,262.44294164058164
2029,2,p65,Victoria Landfill,405727,Bernard Creek Solar,TX,145.01963209775923
2029,2,p65,Victoria Landfill,400081,Blue Wing Solar Energy Generation,TX,184.17576315385315
2029,2,p65,Victoria Landfill,405477,Brightside,TX,149.62893167087879
2029,2,p65,Victoria Landfill,401728,CPS 1 Community Solar,TX,174.66931058902028
2029,2,p65,Victoria Landfill,402656,Cascade Solar (TX),TX,135.75191812915742
2029,2,p65,Victoria Landfill,403987,Catan Solar,TX,127.07113342888546
2029,2,p65,Victoria Landfill,403091,Commerce Solar,TX,218.12263093176517
2029,2,p65,Victoria Landfill,404247,"Corazon Energy, LLC",TX,301.0868549150003
2029,2,p65,Victoria Landfill,404062,Elara Solar,TX,222.24724172522787
2029,2,p65,Victoria Landfill,404359,FELPS 1-Calaveras,TX,171.1007315010977
2029,2,p65,Victoria Landfill,404361,FELPS 2-Calaveras,TX,183.9741975931953
2029,2,p65,Victoria Landfill,404362,FELPS 3-Floresville South,TX,167.71901014131475
2029,2,p65,Victoria Landfill,404363,FELPS 4-Floresville South,TX,164.2639539360716
2029,2,p65,Victoria Landfill,404364,FELPS 5-Floresville South,TX,153.90515261558318
2029,2,p65,Victoria Landfill,404739,FELPS 6- Floresville West,TX,167.8068746379667
2029,2,p65,Victoria Landfill,404740,FELPS 7- Floresville West,TX,171.6076437121491
2029,2,p65,Victoria Landfill,406516,Ganado Solar,TX,111.5281972296108
2029,2,p65,Victoria Landfill,405801,Horizon Solar,TX,243.5799695903176
2029,2,p65,Victoria Landfill,405380,IKEA Live Oak Rooftop PV System,TX,187.80008202049498
2029,2,p65,Victoria Landfill,403343,Mars Solar,TX,276.6661126178299
2029,2,p65,Victoria Landfill,404877,Nebula Solar,TX,301.8424120080117
2029,2,p65,Victoria Landfill,400694,"OCI Alamo 2, LLC",TX,192.77232817910468
2029,2,p65,Victoria Landfill,400965,"OCI Alamo 3, LLC",TX,180.7140407281854
2029,2,p65,Victoria Landfill,400966,"OCI Alamo 5, LLC",TX,302.5832649892561
2029,2,p65,Victoria Landfill,400593,OCI Alamo Solar I Hybrid,TX,212.01928175571433
2029,2,p65,Victoria Landfill,405809,Shakes Solar,TX,278.9153142758494
2029,2,p65,Victoria Landfill,405545,Sparta Solar,TX,144.39514962035938
2029,2,p65,Victoria Landfill,400379,"SunE CPS1, LLC",TX,195.29729611925202
2029,2,p65,Victoria Landfill,400364,"SunE CPS2, LLC",TX,202.33556904442136
2029,2,p65,Victoria Landfill,400353,"SunE CPS3, LLC",TX,206.58022659333466
2029,2,p65,Victoria Landfill,406032,Tres Bahias,TX,93.3089991837922
2029,2,p65,Victoria Landfill,404878,Vancourt Solar Interconnections,TX,303.6486343071132
2029,2,p66,Victoria Landfill,406386,Umbriel Solar,TX,1908.6048920940148
2029,2,p67,Victoria Landfill,404939,Brazoria County Solar Project (Danciger),TX,243.21636219695156
2029,2,p67,Victoria Landfill,404681,Brazoria West,TX,279.02557386133736
2029,2,p67,Victoria Landfill,402649,Bronson,TX,254.50971338635807
2029,2,p67,Victoria Landfill,406178,"Cutlass Solar 1, LLC",TX,292.9226972945496
2029,2,p67,Victoria Landfill,404587,Fighting Jays Solar Project,TX,319.04160231771573
2029,2,p67,Victoria Landfill,405564,"Fort Bend Solar, LLC",TX,321.3832603727042
2029,2,p67,Victoria Landfill,404853,"Longbow Solar, LLC",TX,304.8546420881024
2029,2,p67,Victoria Landfill,403514,Wagyu,TX,330.30510020169044
2029,3,p12,Apex Regional Landfill,402144,Battle Mountain Solar Project,NV,483.9496843062744
2029,3,p12,Apex Regional Landfill,405025,Brady,NV,518.0221387649922
2029,3,p12,Apex Regional Landfill,405553,Dodge Flat,NV,608.0627649703666
2029,3,p12,Apex Regional Landfill,402609,"EGP Stillwater Solar PV II, LLC",NV,482.64859930534095
2029,3,p12,Apex Regional Landfill,404659,Fish Springs,NV,609.9361067759708
2029,3,p12,Apex Regional Landfill,401086,Ft. Churchill PV,NV,456.87927219903696
2029,3,p12,Apex Regional Landfill,405028,Galena 2 Geothermal Power Plant,NV,491.9275389660321
2029,3,p12,Apex Regional Landfill,402130,Luning Energy,NV,351.3449011017944
2029,3,p12,Apex Regional Landfill,403107,NVSS-II,NV,109.68464880333568
2029,3,p12,Apex Regional Landfill,400468,"Patua Acquisition Project, LLC",NV,513.3354089668984
2029,3,p12,Apex Regional Landfill,405021,Steamboat Hills LP,NV,567.3504014951354
2029,3,p12,Apex Regional Landfill,405023,Steamboat II,NV,608.2649485575389
2029,3,p12,Apex Regional Landfill,405024,Steamboat III,NV,475.7554435227141
2029,3,p12,Apex Regional Landfill,400029,Stillwater Facility,NV,452.43649172667926
2029,3,p12,Apex Regional Landfill,401318,Sunshine Valley Solar,NV,183.50047397826708
2029,3,p12,Apex Regional Landfill,405026,TS Power Plant,NV,457.81834924804195
2029,3,p12,Apex Regional Landfill,405576,Tesla Reno GigaFactory,NV,485.13826842247005
2029,3,p12,Apex Regional Landfill,401943,Tungsten Mountain,NV,449.72904628608165
2029,3,p12,Apex Regional Landfill,403308,Turquoise Liberty Solar,NV,504.46073150575444
2029,3,p12,Apex Regional Landfill,403884,"Turquoise Nevada, LLC",NV,527.9402874856396
2029,3,p12,Apex Regional Landfill,400035,Western 102 Power Plant,NV,492.8151230483164
2029,3,p13,Apex Regional Landfill,400555,Apex Solar PV Power Project,NV,71.27568035046069
2029,3,p13,Apex Regional Landfill,405385,Arrow Canyon Solar Hybrid,NV,86.08180536600923
2029,3,p13,Apex Regional Landfill,402017,"Boulder Solar II, LLC",NV,77.21029068672833
2029,3,p13,Apex Regional Landfill,401649,"Boulder Solar Power, LLC",NV,76.51584902039843
2029,3,p13,Apex Regional Landfill,400059,CM10,NV,81.11694902687391
2029,3,p13,Apex Regional Landfill,400086,CM48,NV,80.38744550809709
2029,3,p13,Apex Regional Landfill,400363,Copper Mountain Solar 2,NV,80.38891411710166
2029,3,p13,Apex Regional Landfill,400802,Copper Mountain Solar 3,NV,73.11576338818918
2029,3,p13,Apex Regional Landfill,401308,"Copper Mountain Solar 4, LLC",NV,80.75970631450075
2029,3,p13,Apex Regional Landfill,403688,"Copper Mountain Solar 5, LLC",NV,81.78299069806998
2029,3,p13,Apex Regional Landfill,405358,Dignity - San Martin,NV,62.80030499029619
2029,3,p13,Apex Regional Landfill,405355,Dignity - Siena Campus,NV,61.667077372078474
2029,3,p13,Apex Regional Landfill,405556,Dry Lake Solar Energy Center,NV,76.71678952807387
2029,3,p13,Apex Regional Landfill,405495,Gemini Solar,NV,83.03799951840442
2029,3,p13,Apex Regional Landfill,403386,"Harry Allen Solar Energy, LLC",NV,75.38415435268654
2029,3,p13,Apex Regional Landfill,406090,IGS LAS1,NV,64.82019945642466
2029,3,p13,Apex Regional Landfill,406089,IGS VGT,NV,60.37916274283702
2029,3,p13,Apex Regional Landfill,405309,IKEA Las Vegas 462,NV,62.793817643903125
2029,3,p13,Apex Regional Landfill,400545,Las Vegas WPCF Solar Plant,NV,54.706119209080256
2029,3,p13,Apex Regional Landfill,400313,Moapa Southern Paiute,NV,88.08179031408656
2029,3,p13,Apex Regional Landfill,400600,Mountain View Solar,NV,71.12595511990781
2029,3,p13,Apex Regional Landfill,400036,Nellis Air Force Base Solar Array,NV,59.251374532481364
2029,3,p13,Apex Regional Landfill,401381,Nellis Solar PV II,NV,55.90008386201245
2029,3,p13,Apex Regional Landfill,401319,"Playa Solar 1, LLC",NV,74.69761272028396
2029,3,p13,Apex Regional Landfill,401596,Playa Solar 2,NV,74.78565500528734
2029,3,p13,Apex Regional Landfill,401274,River Mountains Solar,NV,65.07684139886585
2029,3,p13,Mohave Valley Landfill,401042,Searchlight Solar,NV,88.16057238967089
2029,3,p13,Apex Regional Landfill,400166,Silver State Solar Power North,NV,96.18452038231871
2029,3,p13,Apex Regional Landfill,400658,Silver State Solar Power South,NV,96.56291237816541
2029,3,p13,Apex Regional Landfill,405246,"Solar Las Vegas MB 2, LLC",NV,56.274316005659124
2029,3,p13,Apex Regional Landfill,405188,Solar Las Vegas MB-1,NV,56.44707441296948
2029,3,p13,Apex Regional Landfill,400556,Spectrum Solar PV Power Project,NV,66.73571018525112
2029,3,p13,Apex Regional Landfill,402485,"Techren Solar I, LLC",NV,76.26956492683945
2029,3,p13,Apex Regional Landfill,402690,"Techren Solar II, LLC",NV,75.01358979894863
2029,3,p13,Apex Regional Landfill,402691,"Techren Solar III, LLC",NV,75.85520718483899
2029,3,p13,Apex Regional Landfill,402692,"Techren Solar IV, LLC",NV,73.61157464123299
2029,3,p13,Apex Regional Landfill,403001,Techren Solar V,NV,73.49056369825401
2029,3,p13,Apex Regional Landfill,401851,Townsite Solar Project Hybrid,NV,72.29034139037633
2029,3,p13,Apex Regional Landfill,406448,Yellow Pine II,NV,96.27653521096164
2029,3,p13,Apex Regional Landfill,404971,Yellow Pine Solar,NV,95.84153468191762
2029,3,p27,Mohave Valley Landfill,400374,"Black Mountain Solar, LLC",AZ,70.32362118876686
2029,3,p27,Mohave Valley Landfill,402236,Gray Hawk Solar,AZ,127.2692492528932
2029,3,p27,Mohave Valley Landfill,401819,Jacobson 5 MW Solar,AZ,103.23257018499199
2029,3,p27,Mohave Valley Landfill,400199,La Senita,AZ,79.53083817972285
2029,3,p27,Mohave Valley Landfill,403718,Mohave Electric Cooperative at Joy Lane,AZ,46.23453307591827
2029,3,p27,Mohave Valley Landfill,401311,Mohave Electric at Fort Mohave,AZ,44.298554137159755
2029,3,p27,Mohave Valley Landfill,406478,Mohave Energy - Hybrid,AZ,43.2040426227933
2029,3,p28,Apache Junction Landfill,405418,AZ State University - Tempe Campus Solar,AZ,73.5731529558139
2029,3,p28,South Yuma County Landfill,400148,Agua Caliente Solar Project,AZ,119.7681929417788
2029,3,p28,Apache Junction Landfill,402067,Apache Solar 1,AZ,202.8440731633963
2029,3,p28,South Yuma County Landfill,400274,Arizona Western College PV,AZ,49.03211696160199
2029,3,p28,Apache Junction Landfill,400240,Arlington Valley Solar Energy II,AZ,135.73750533422802
2029,3,p28,Apache Junction Landfill,400437,Badger 1,AZ,135.10109313180058
2029,3,p28,Apache Junction Landfill,401688,Bonnybrooke PV,AZ,74.86845049433339
2029,3,p28,Apache Junction Landfill,400371,Buckeye Union HS District 201,AZ,116.99449093553571
2029,3,p28,Apache Junction Landfill,405635,"Central Line Solar, LLC",AZ,89.48211764158997
2029,3,p28,Apache Junction Landfill,400201,Chino Solar Valley,AZ,173.2080063772507
2029,3,p28,Apache Junction Landfill,400202,Cotton Center Solar Hybrid,AZ,128.27258144707574
2029,3,p28,Apache Junction Landfill,401069,Desert Star Hybrid,AZ,125.58203412652641
2029,3,p28,Apache Junction Landfill,403257,East Line Solar,AZ,88.63255259276839
2029,3,p28,Apache Junction Landfill,406171,Eleven Mile Solar Center,AZ,87.21002314813983
2029,3,p28,Apache Junction Landfill,405244,Estrella Mountain PV,AZ,102.05549346880886
2029,3,p28,South Yuma County Landfill,400349,Foothills Solar Plant Hybrid,AZ,50.32962934337804
2029,3,p28,Apache Junction Landfill,400825,Fort Huachuca Solar PV Project,AZ,214.44134615762275
2029,3,p28,Apache Junction Landfill,400845,Gila Bend Hybrid,AZ,137.4774163898341
2029,3,p28,Apache Junction Landfill,400599,"Gilbert Solar Facility I, LLC",AZ,64.93322988222927
2029,3,p28,South Yuma County Landfill,400507,Hyder II Hybrid,AZ,130.70385430271887
2029,3,p28,South Yuma County Landfill,400204,Hyder Solar Hybrid,AZ,132.21062220959942
2029,3,p28,Apache Junction Landfill,405282,Intel - Ocotillo Campus Solar,AZ,71.9860931717763
2029,3,p28,Apache Junction Landfill,405125,Jewish Community Center PV,AZ,79.22179993816042
2029,3,p28,Apache Junction Landfill,402234,Kayenta Solar Project,AZ,341.64418080451617
2029,3,p28,Apache Junction Landfill,400595,Lake Pleasant WTP,AZ,107.5380179588227
2029,3,p28,Apache Junction Landfill,400128,Luke Solar,AZ,106.27442322108843
2029,3,p28,Apache Junction Landfill,405068,Macys Goodyear,AZ,106.10212744133
2029,3,p28,South Yuma County Landfill,406279,McFarland A Solar and Storage,AZ,120.59047381989787
2029,3,p28,Apache Junction Landfill,405617,Mesa Carport PV,AZ,51.36187175256247
2029,3,p28,Apache Junction Landfill,404512,Mesa Solar Array,AZ,51.45218265265183
2029,3,p28,Apache Junction Landfill,400250,Mesquite Solar 1,AZ,140.7582675079005
2029,3,p28,Apache Junction Landfill,401621,"Mesquite Solar 2, LLC",AZ,141.72300574583258
2029,3,p28,Apache Junction Landfill,401622,"Mesquite Solar 3, LLC",AZ,143.484957207541
2029,3,p28,Apache Junction Landfill,406038,"Mesquite Solar 4, LLC",AZ,140.39269251045116
2029,3,p28,Apache Junction Landfill,404922,"Mesquite Solar 5, LLC",AZ,139.7679769401014
2029,3,p28,Mohave Valley Landfill,403572,OE_AZ1,AZ,1492.8351533579223
2029,3,p28,South Yuma County Landfill,403572,OE_AZ1,AZ,152.90151931359128
2029,3,p28,Apache Junction Landfill,400203,Paloma Solar Hybrid,AZ,128.22515991938621
2029,3,p28,Apache Junction Landfill,405126,Paradise Valley H.S. PV,AZ,84.77942986451473
2029,3,p28,Apache Junction Landfill,405150,Phoenix Airport East Economy Lot,AZ,77.55881809333692
2029,3,p28,Apache Junction Landfill,405151,Phoenix Airport Rental Car Center,AZ,81.37753072680603
2029,3,p28,Apache Junction Landfill,402528,Pinal Central Energy Center Hybrid,AZ,86.2862625483664
2029,3,p28,Apache Junction Landfill,400125,"Poseidon Solar, LLC",AZ,63.70079898489631
2029,3,p28,Apache Junction Landfill,400031,Prescott Airport,AZ,167.98102690896974
2029,3,p28,Apache Junction Landfill,400401,Prescott Solar Plant,AZ,171.77611320581514
2029,3,p28,Apache Junction Landfill,400323,Queen Creek Solar Farm,AZ,56.05109902470853
2029,3,p28,Mohave Valley Landfill,400289,"RE Bagdad Solar I, LLC",AZ,136.20262276722517
2029,3,p28,Apache Junction Landfill,405132,"RE Gillespie 1, LLC",AZ,126.5308801607034
2029,3,p28,Apache Junction Landfill,400758,Red Horse 2,AZ,177.84594650044338
2029,3,p28,Apache Junction Landfill,401609,Red Horse III,AZ,175.2279621814988
2029,3,p28,Apache Junction Landfill,401726,Red Rock,AZ,114.22248967471027
2029,3,p28,Apache Junction Landfill,406380,SR McNeal,AZ,238.33117183296343
2029,3,p28,Apache Junction Landfill,400416,Saddle Mountain Solar I,AZ,804.2563663276895
2029,3,p28,South Yuma County Landfill,400416,Saddle Mountain Solar I,AZ,153.15595838241882
2029,3,p28,Apache Junction Landfill,403674,Saint Solar,AZ,87.863218805224
2029,3,p28,Apache Junction Landfill,401214,Sandstone Solar,AZ,73.1700477092473
2029,3,p28,Apache Junction Landfill,405029,Solana Generating Station,AZ,150.97794376101788
2029,3,p28,Apache Junction Landfill,406275,Sonoran Solar Energy,AZ,115.21640261669069
2029,3,p28,Apache Junction Landfill,406034,Storey Solar and Storage,AZ,85.1940706762888
2029,3,p28,Apache Junction Landfill,401664,Sulphur Springs,AZ,197.83612210343955
2029,3,p28,Apache Junction Landfill,403643,Sun Streams 2,AZ,133.99130488270785
2029,3,p28,Apache Junction Landfill,406517,Sun Streams 3,AZ,132.40454152215835
2029,3,p28,Apache Junction Landfill,401975,"Sun Streams, LLC",AZ,134.18945861549312
2029,3,p28,Apache Junction Landfill,405311,T0588 Phoenix - AZ,AZ,93.37767414070454
2029,3,p28,Apache Junction Landfill,405134,Union HS at Casa Grande,AZ,83.91047529763136
2029,3,p28,Apache Junction Landfill,405135,Vista Grande HS at Casa Grande,AZ,86.81516946909883
2029,3,p28,Apache Junction Landfill,400334,Walmart Casa Grande,AZ,90.29714028042483
2029,3,p28,Apache Junction Landfill,406098,"West Line Solar, LLC",AZ,89.82954342005375
2029,3,p29,Apache Junction Landfill,400014,Springerville,AZ,911.3956421427948
2029,3,p30,Apache Junction Landfill,405143,Actus Lend Lease DMAFB,AZ,159.1683727837853
2029,3,p30,Apache Junction Landfill,405611,Amazon TUS2,AZ,159.16749367611473
2029,3,p30,Apache Junction Landfill,405268,Amphitheater High School Solar,AZ,148.24302428610758
2029,3,p30,Apache Junction Landfill,400939,Avalon Solar,AZ,168.10961661860182
2029,3,p30,Apache Junction Landfill,401479,Avalon Solar II,AZ,168.25237757501455
2029,3,p30,Apache Junction Landfill,400226,Avra Valley Solar,AZ,141.7314890443178
2029,3,p30,Apache Junction Landfill,404704,Broadway 2 - Tucson Phase II,AZ,153.57307977651004
2029,3,p30,Apache Junction Landfill,405768,Broadway 3 - Tucson Phase I,AZ,148.93901605135753
2029,3,p30,Apache Junction Landfill,405269,Canyon Del Oro High School Solar,AZ,136.05107289577907
2029,3,p30,Apache Junction Landfill,400757,Cogenra-TEP,AZ,160.6418870235567
2029,3,p30,Apache Junction Landfill,401295,Davis Monthan AFB (AZ) West Airfield,AZ,172.08449298700384
2029,3,p30,Apache Junction Landfill,400330,FRB Solar Farm,AZ,166.43843379308498
2029,3,p30,Apache Junction Landfill,400761,"Gato Montes Solar, LLC",AZ,163.78896866245793
2029,3,p30,Apache Junction Landfill,404536,Iron Horse Battery Storage Hybrid,AZ,176.17107799076126
2029,3,p30,Apache Junction Landfill,400552,"Picture Rocks Solar, LLC",AZ,129.91819478719853
2029,3,p30,Apache Junction Landfill,405374,Pima Community College,AZ,158.46268081039346
2029,3,p30,Apache Junction Landfill,405303,Pima Community College - East Campus,AZ,151.53540573217023
2029,3,p30,Apache Junction Landfill,405516,Pima Community College NW,AZ,140.7682973275579
2029,3,p30,Apache Junction Landfill,400408,Prairie Fire,AZ,168.92676339739944
2029,3,p30,South Yuma County Landfill,400290,"RE Ajo 1, LLC",AZ,177.1683336836295
2029,3,p30,Apache Junction Landfill,404926,Raptor Ridge,AZ,177.03597614250683
2029,3,p30,Apache Junction Landfill,400857,Rio Rico Solar,AZ,219.1439437538109
2029,3,p30,Apache Junction Landfill,400193,Roger Road WWTP,AZ,139.93940319544618
2029,3,p30,Apache Junction Landfill,401076,Tech Park Solar,AZ,164.80371958468416
2029,3,p30,Apache Junction Landfill,400156,UASTP I,AZ,178.71030239943275
2029,3,p30,Apache Junction Landfill,401075,Valencia Solar,AZ,158.1130328466119
2029,3,p30,Apache Junction Landfill,404187,"Wilmot Energy Center, LLC",AZ,185.72839110935
2029,3,p31,City of Clovis Landfill,400211,Alamogordo Solar Energy Center,NM,258.9978790148666
2029,3,p31,Northeastern New Mexico Regional Landfill,400206,Albuquerque Solar Energy Center,NM,194.62987002416926
2029,3,p31,Northeastern New Mexico Regional Landfill,403675,Alcalde Solar Array,NM,128.81938195863594
2029,3,p31,Apache Junction Landfill,401595,Alta Luna,NM,355.3467776545122
2029,3,p31,Northeastern New Mexico Regional Landfill,404724,Angel Fire Energy Facility,NM,85.6702502362158
2029,3,p31,Northeastern New Mexico Regional Landfill,405469,Arroyo Solar Energy Storage Hybrid,NM,239.45238206950242
2029,3,p31,Northeastern New Mexico Regional Landfill,403321,Bluewater CDEC 1,NM,267.336263860512
2029,3,p31,Northeastern New Mexico Regional Landfill,403736,Britton Solar Energy Center,NM,164.62262174506904
2029,3,p31,City of Clovis Landfill,404981,Buena Vista Energy Center,NM,313.7739759792399
2029,3,p31,Northeastern New Mexico Regional Landfill,402876,CNMEC Solar Energy Center,NM,179.5103946399394
2029,3,p31,City of Clovis Landfill,402519,Carrizozo Solar,NM,202.59378385960332
2029,3,p31,Northeastern New Mexico Regional Landfill,401202,Cibola,NM,230.87508968356852
2029,3,p31,Northeastern New Mexico Regional Landfill,400104,Cimarron Solar Facility,NM,64.66660007299879
2029,3,p31,Apache Junction Landfill,402988,City of Gallup Solar,NM,308.28902212518346
2029,3,p31,Northeastern New Mexico Regional Landfill,403604,City of Rio Rancho WWTP,NM,205.80603527284424
2029,3,p31,City of Clovis Landfill,401225,City of Truth or Consequences PV,NM,315.5585784032363
2029,3,p31,Apache Junction Landfill,402177,Columbus Solar Project,NM,353.5721500186064
2029,3,p31,Northeastern New Mexico Regional Landfill,404748,"Cuba 2.5ac, LLC",NM,191.90304874749344
2029,3,p31,Apache Junction Landfill,400209,Deming Solar Energy Center,NM,327.08307919604925
2029,3,p31,Northeastern New Mexico Regional Landfill,403868,Encino Solar Energy Center,NM,201.71229311918884
2029,3,p31,Northeastern New Mexico Regional Landfill,401038,Eubank Landfill Solar Array,NM,188.3601395267169
2029,3,p31,Northeastern New Mexico Regional Landfill,402441,Facebook 1 Solar Energy Center,NM,213.80283144381315
2029,3,p31,Northeastern New Mexico Regional Landfill,402442,Facebook 2 Solar Energy Center,NM,211.5749113000876
2029,3,p31,Northeastern New Mexico Regional Landfill,402443,Facebook 3 Solar Energy Center,NM,203.34649691553895
2029,3,p31,Northeastern New Mexico Regional Landfill,403322,Grants CDEC 2,NM,261.0326200387235
2029,3,p31,City of Clovis Landfill,400216,"Hatch Solar Energy Center I, LLC",NM,331.0322812005682
2029,3,p31,City of Clovis Landfill,401617,Holloman Solar Facility,NM,250.11173882977133
2029,3,p31,Northeastern New Mexico Regional Landfill,406109,"Jicarilla Solar 1, LLC",NM,223.21223317960576
2029,3,p31,Northeastern New Mexico Regional Landfill,400427,Kit Carson,NM,126.79113760849123
2029,3,p31,Northeastern New Mexico Regional Landfill,400210,Las Vegas Solar Energy Center,NM,89.51463287082903
2029,3,p31,Northeastern New Mexico Regional Landfill,400434,Los Alamos PV Site,NM,146.30478911549173
2029,3,p31,Northeastern New Mexico Regional Landfill,400207,Los Lunas Solar Energy Center,NM,211.30716395392702
2029,3,p31,Apache Junction Landfill,400838,Macho Springs,NM,340.2054295756025
2029,3,p31,Northeastern New Mexico Regional Landfill,400582,Manzano Solar,NM,204.47417737701537
2029,3,p31,Northeastern New Mexico Regional Landfill,401201,Meadow Lake Solar Energy Center,NM,205.47959359872087
2029,3,p31,Northeastern New Mexico Regional Landfill,406177,"NMRD Data Center III, LLC",NM,193.70630552140784
2029,3,p31,City of Clovis Landfill,405693,NMSU Solar and Storage,NM,329.01662160723873
2029,3,p31,Northeastern New Mexico Regional Landfill,406375,OE_ESCL,NM,272.9955514165401
2029,3,p31,City of Clovis Landfill,400581,Otero Solar,NM,237.73102988989913
2029,3,p31,Northeastern New Mexico Regional Landfill,400146,Questa Solar Facility,NM,112.86672103651476
2029,3,p31,Northeastern New Mexico Regional Landfill,403178,"RC Energy AA, LLC Solar Facility",NM,182.1644844924735
2029,3,p31,Northeastern New Mexico Regional Landfill,401566,Rio Communities Solar Energy Center,NM,215.25797318938265
2029,3,p31,Northeastern New Mexico Regional Landfill,403084,Rio De Oro Solar Energy Center,NM,211.66000326573007
2029,3,p31,Northeastern New Mexico Regional Landfill,400624,Rio Rancho High School,NM,192.46809372840673
2029,3,p31,City of Clovis Landfill,400135,Roadrunner Solar,NM,355.9128207782414
2029,3,p31,Northeastern New Mexico Regional Landfill,404648,"Route 66 Energy Center, LLC",NM,258.4071696064092
2029,3,p31,Northeastern New Mexico Regional Landfill,403387,San Miguel I Solar Energy Center,NM,85.44670523257314
2029,3,p31,Northeastern New Mexico Regional Landfill,405458,San Miguel II Solar Energy Center,NM,88.63726667179922
2029,3,p31,Northeastern New Mexico Regional Landfill,401161,Sandoval Solar Energy Center,NM,193.40753426321263
2029,3,p31,Northeastern New Mexico Regional Landfill,401564,Santa Fe Solar Energy Center,NM,141.21979631146286
2029,3,p31,Northeastern New Mexico Regional Landfill,401565,Santolina Solar Energy Center,NM,208.51323216964667
2029,3,p31,Apache Junction Landfill,400596,Silver City WWTP PV Project,NM,282.395648139595
2029,3,p31,Northeastern New Mexico Regional Landfill,406343,Sky Ranch Solar,NM,229.38150977408978
2029,3,p31,Northeastern New Mexico Regional Landfill,401563,South Valley Solar Energy Center,NM,201.97545141163238
2029,3,p31,Northeastern New Mexico Regional Landfill,401162,Springer Solar 1,NM,58.98391321324263
2029,3,p31,Northeastern New Mexico Regional Landfill,400735,Storrie Lake Solar Project,NM,84.10566019899814
2029,3,p31,Northeastern New Mexico Regional Landfill,400623,Sue Cleveland High School,NM,179.94821798206635
2029,3,p31,City of Clovis Landfill,400343,"SunE EPE1, LLC",NM,317.0907191768985
2029,3,p31,City of Clovis Landfill,400342,"SunE EPE2, LLC",NM,340.0865933086116
2029,3,p31,Northeastern New Mexico Regional Landfill,402854,Syncarpha Eagle Nest,NM,87.84926317531504
2029,3,p31,Northeastern New Mexico Regional Landfill,403412,Syncarpha El Rito,NM,141.43424164108902
2029,3,p31,Northeastern New Mexico Regional Landfill,403413,Syncarpha Questa,NM,118.62317605457777
2029,3,p31,Northeastern New Mexico Regional Landfill,403411,Syncarpha Taos,NM,107.35442807910285
2029,3,p31,Northeastern New Mexico Regional Landfill,404618,Taos Mesa Energy Facility Hybrid,NM,103.75822894287776
2029,3,p31,Northeastern New Mexico Regional Landfill,403011,Vista Solar Energy Center,NM,212.31569588027784
2029,3,p31,City of Clovis Landfill,400354,WSMR I,NM,305.1584221081781
2029,3,p31,City of Clovis Landfill,405245,Wal-Mart Truth or Consequences PV,NM,321.4875103188478
2029,3,p47,City of Clovis Landfill,400979,"Caprock Solar 1, LLC",NM,85.72594641126047
2029,3,p47,City of Clovis Landfill,404980,Chaves County Solar II,NM,145.31035706751965
2029,3,p47,City of Clovis Landfill,401681,"Chaves Solar, LLC",NM,137.85757746363498
2029,3,p47,City of Clovis Landfill,400614,GSE NM1,NM,159.26426191033238
2029,3,p47,City of Clovis Landfill,404982,Hayhurst New Mexico Solar,NM,264.6287403679712
2029,3,p47,City of Clovis Landfill,402530,Middle Daisy,NM,151.45091239502395
2029,3,p47,City of Clovis Landfill,401682,"Roswell Solar, LLC",NM,136.34646462133773
2029,3,p47,City of Clovis Landfill,400546,SEV NM Phase 2,NM,153.24131856914286
2029,3,p47,City of Clovis Landfill,400260,SPS1 Dollarhide,NM,232.26228352188335
2029,3,p47,City of Clovis Landfill,400261,SPS2 Jal,NM,199.18315409713477
2029,3,p47,City of Clovis Landfill,400262,SPS3 Lea,NM,166.9524578708358
2029,3,p47,City of Clovis Landfill,400264,SPS5 Hopi,NM,226.13796881675182
2029,3,p47,City of Clovis Landfill,404698,SoCore Clovis 1,NM,24.249530290620086
2029,3,p48,City of Clovis Landfill,406439,"BESSP1, LLC",TX,599.5697745001037
2029,3,p48,City of Clovis Landfill,405590,"Hecate Energy Frye Solar, LLC",TX,467.2557904399609
2029,3,p57,Victoria Landfill,404918,"Hecate Energy Upshur Rural, LLC",TX,4720.3585590135
2029,3,p59,City of Clovis Landfill,402666,Fort Bliss (DEA EPIC),TX,4443.8714823108385
2029,3,p59,City of Clovis Landfill,401616,Montana Solar Facility,TX,4290.852122019987
2029,3,p59,City of Clovis Landfill,401045,Newman Solar,TX,2024.6175426348905
2029,3,p60,City of Clovis Landfill,403962,"ANSON Solar Center, LLC",TX,546.3085620546498
2029,3,p60,City of Clovis Landfill,403883,Azure Sky Solar,TX,621.3764428345082
2029,3,p60,City of Clovis Landfill,403232,"ENGIE Long Draw Solar, LLC",TX,363.84587560162447
2029,3,p60,City of Clovis Landfill,406252,Highpeak Solar 1,TX,561.2694812198332
2029,3,p60,City of Clovis Landfill,402721,Holstein 1 Solar Farm,TX,826.0163503634595
2029,3,p60,City of Clovis Landfill,405492,Juno Solar Project,TX,360.97564210699363
2029,3,p60,City of Clovis Landfill,402541,Lamesa II,TX,423.2712583667276
2029,3,p60,City of Clovis Landfill,401660,Lamesa Solar,TX,349.67568083739724
2029,3,p60,City of Clovis Landfill,405932,Lumina II Solar Project,TX,411.6843491168472
2029,3,p60,City of Clovis Landfill,405933,Lumina Solar Project,TX,459.06491556639895
2029,3,p60,City of Clovis Landfill,402909,Misae Solar,TX,567.823313646729
2029,3,p60,City of Clovis Landfill,400968,"OCI Alamo 7, LLC",TX,559.1983286308164
2029,3,p60,City of Clovis Landfill,405939,Texas Solar Nova 1,TX,351.6060261504214
2029,3,p61,City of Clovis Landfill,400967,Alamo 6,TX,428.7212673928622
2029,3,p61,City of Clovis Landfill,403557,Aragorn Solar Project,TX,313.3793533716984
2029,3,p61,City of Clovis Landfill,400691,Barilla Solar,TX,547.7211744989227
2029,3,p61,City of Clovis Landfill,401946,Bluebell Solar,TX,301.4203516113393
2029,3,p61,City of Clovis Landfill,403574,Bluebell Solar II,TX,358.8258454487015
2029,3,p61,City of Clovis Landfill,400554,"Bryan Solar, LLC",TX,505.3741980593535
2029,3,p61,City of Clovis Landfill,401463,Buckthorn Westex,TX,437.46437527774583
2029,3,p61,City of Clovis Landfill,401703,East Pecos Solar,TX,392.0425858438117
2029,3,p61,City of Clovis Landfill,405363,Galloway 1 Solar Farm,TX,357.9422945897274
2029,3,p61,Victoria Landfill,405494,Galloway 2 Solar Farm,TX,1500.2013969786647
2029,3,p61,City of Clovis Landfill,405494,Galloway 2 Solar Farm,TX,341.09622586863554
2029,3,p61,City of Clovis Landfill,403210,Greasewood,TX,508.12085165073074
2029,3,p61,City of Clovis Landfill,406370,Hayhurst Texas Solar,TX,332.5309187202406
2029,3,p61,City of Clovis Landfill,402304,Midway Solar-TX,TX,323.37323504663027
2029,3,p61,Victoria Landfill,400695,"OCI Alamo 4, LLC",TX,389.757073835979
2029,3,p61,City of Clovis Landfill,401868,Pearl Solar,TX,469.8242115660249
2029,3,p61,City of Clovis Landfill,402290,RE Maplewood,TX,416.9492569324156
2029,3,p61,City of Clovis Landfill,401430,RE Roserock,TX,393.5494039988274
2029,3,p61,City of Clovis Landfill,402848,Rambler,TX,453.2101018682686
2029,3,p61,City of Clovis Landfill,402083,Solaire Holman Solar Project,TX,583.1785406212275
2029,3,p61,City of Clovis Landfill,403023,"Taygete Energy Project, LLC",TX,467.74875419082787
2029,3,p61,City of Clovis Landfill,404647,Taygete II Energy Project,TX,324.83477527962566
2029,3,p61,City of Clovis Landfill,403551,Titan Solar Project,TX,373.26799559094644
2029,3,p61,Victoria Landfill,406103,Zier Solar,TX,390.93373313335064
2029,3,p62,City of Clovis Landfill,403502,2W Permian Solar Project Hybrid,TX,467.59951234294044
2029,3,p62,City of Clovis Landfill,403697,CED Crane Solar,TX,742.356543443643
2029,3,p62,City of Clovis Landfill,401525,Castle Gap Solar Hybrid,TX,692.2000366319235
2029,3,p62,City of Clovis Landfill,404599,Emerald Grove,TX,826.06343350194
2029,3,p62,City of Clovis Landfill,403004,Lapetus,TX,708.7853577149104
2029,3,p62,City of Clovis Landfill,403280,Oberon IA,TX,605.9257990820656
2029,3,p62,City of Clovis Landfill,403279,Oberon IB,TX,503.29491151825454
2029,3,p62,City of Clovis Landfill,403602,Oxy Renewable Energy-Goldsmith,TX,709.3356493197956
2029,3,p62,City of Clovis Landfill,402679,Phoebe Solar,TX,567.677800713016
2029,3,p62,City of Clovis Landfill,403177,Prospero Solar,TX,306.99505753385455
2029,3,p62,City of Clovis Landfill,404128,Prospero Solar II,TX,405.5573292322433
2029,3,p62,City of Clovis Landfill,403070,"Roadrunner, LLC",TX,502.49184628673106
2029,3,p62,City of Clovis Landfill,401805,Upton County Solar,TX,799.1128763828249
2029,3,p62,City of Clovis Landfill,402995,West of the Pecos Solar,TX,788.9847404495307
2029,3,p63,Victoria Landfill,405599,"BPL Crown Solar, LLC",TX,400.6603497624188
2029,3,p63,Victoria Landfill,404966,BPL Files Solar,TX,475.7667225568589
2029,3,p63,Victoria Landfill,403825,Briar Creek Solar 1,TX,373.9710948534087
2029,3,p63,Victoria Landfill,402610,Chisum,TX,810.2335384679997
2029,3,p63,Victoria Landfill,401697,CoServ Community Solar Station,TX,495.87617456728066
2029,3,p63,Victoria Landfill,403188,Coniglio Solar,TX,481.5991916461707
2029,3,p63,Victoria Landfill,406415,Dileo Solar,TX,498.5699229509252
2029,3,p63,Victoria Landfill,402655,Eddy II,TX,411.50693409087205
2029,3,p63,Victoria Landfill,406221,Eiffel Solar Project,TX,742.4601293089939
2029,3,p63,Victoria Landfill,405540,"Ellis Solar, LLC",TX,572.0569094237932
2029,3,p63,Victoria Landfill,403823,Elm Branch Solar 1,TX,421.61582490939986
2029,3,p63,Victoria Landfill,406206,Five Wells Solar Center - Hybrid,TX,391.96629614920437
2029,3,p63,Victoria Landfill,404567,G.S.E. One LLC,TX,470.65478616194497
2029,3,p63,Victoria Landfill,403288,Griffin Solar,TX,422.0682546878274
2029,3,p63,Victoria Landfill,406202,Grizzly Ridge Solar,TX,389.1944030503418
2029,3,p63,Victoria Landfill,402329,Highway 56 Solar,TX,1583.9525437105995
2029,3,p63,City of Clovis Landfill,402329,Highway 56 Solar,TX,454.4483163456907
2029,3,p63,Victoria Landfill,405319,IKEA Grand Prairie Rooftop PV System,TX,393.67769936829006
2029,3,p63,Victoria Landfill,405689,"IP Radian, LLC",TX,476.6627041360473
2029,3,p63,Victoria Landfill,403481,Impact Solar 1,TX,582.8404575301424
2029,3,p63,Victoria Landfill,403190,Kellam Solar,TX,446.1309982725314
2029,3,p63,Victoria Landfill,402421,Leon Solar,TX,710.8522394126164
2029,3,p63,Victoria Landfill,403874,Lily Solar Hybrid,TX,465.85689891342753
2029,3,p63,Victoria Landfill,402404,Marlin Solar,TX,275.66634042379343
2029,3,p63,City of Clovis Landfill,405794,Noble Solar,TX,471.53285790756763
2029,3,p63,Victoria Landfill,402405,North Gainesville Solar,TX,5179.190011117469
2029,3,p63,City of Clovis Landfill,402405,North Gainesville Solar,TX,423.56771647126783
2029,3,p63,Victoria Landfill,401933,Phantom Solar,TX,373.8759719957495
2029,3,p63,Victoria Landfill,404872,"Pisgah Ridge Solar, LLC",TX,339.73969251974876
2029,3,p63,Victoria Landfill,406416,Pitts Dudik Solar,TX,558.959978165128
2029,3,p63,Victoria Landfill,403189,Rippey Solar,TX,5057.994902697809
2029,3,p63,City of Clovis Landfill,403189,Rippey Solar,TX,423.1547354338048
2029,3,p63,Victoria Landfill,404630,"Samson Solar Energy III, LLC",TX,622.976384820529
2029,3,p63,Victoria Landfill,402652,Sterling Solar (TX),TX,567.5516241232324
2029,3,p63,Victoria Landfill,404812,Sun Valley Solar Project,TX,324.70598701025807
2029,3,p63,Victoria Landfill,404388,"TPE Erath Solar, LLC",TX,452.84080675409194
2029,3,p63,Victoria Landfill,403457,"TPE Whitney Solar, LLC",TX,602.0326730099333
2029,3,p63,Victoria Landfill,405361,Toyota HQ Plan,TX,631.4656652290394
2029,3,p63,Victoria Landfill,405907,Verizon Hidden Ridge Solar Project,TX,481.760397271308
2029,3,p63,Victoria Landfill,405984,Waco Solar,TX,404.2046968550931
2029,3,p63,Victoria Landfill,402306,Walnut Springs Solar,TX,456.6606470073271
2029,3,p63,Victoria Landfill,402497,West Moore Solar II,TX,463.0512696771019
2029,3,p63,Victoria Landfill,402330,Whitesboro Solar,TX,955.8520026615089
2029,3,p63,City of Clovis Landfill,402330,Whitesboro Solar,TX,442.7029777922294
2029,3,p63,Victoria Landfill,402331,Whitesboro Solar II,TX,710.6943318608838
2029,3,p63,Victoria Landfill,402414,Whitewright Solar,TX,747.6911543348717
2029,3,p63,Victoria Landfill,402654,Yellow Jacket,TX,569.9998629577241
2029,3,p64,Victoria Landfill,405731,Austin TX GigaFactory,TX,254.91628322209337
2029,3,p64,Victoria Landfill,402203,Bandera Electric Coop PV,TX,344.81647201993934
2029,3,p64,Victoria Landfill,404721,"Blue Jay Solar I, LLC",TX,313.46929846465
2029,3,p64,Victoria Landfill,402648,Bovine,TX,155.4888191570506
2029,3,p64,Victoria Landfill,402389,"E-Volve Energy Holdings, LLC",TX,204.42495072973153
2029,3,p64,Victoria Landfill,400227,East Blackland Solar Project 1,TX,248.3756950825293
2029,3,p64,Victoria Landfill,405101,IKEA Round Rock 027,TX,253.26594778792884
2029,3,p64,Victoria Landfill,402653,Lampwick,TX,343.34732311259114
2029,3,p64,Victoria Landfill,405613,Niagara Bottling - Seguin,TX,232.68842930114394
2029,3,p64,Victoria Landfill,402544,PowerFin Kingsbery,TX,218.61977104725298
2029,3,p64,Victoria Landfill,400249,Webberville Solar Project,TX,221.07186038149143
2029,3,p65,Victoria Landfill,405700,Aktina Solar,TX,117.57087727162816
2029,3,p65,Victoria Landfill,404074,"Alexis Solar, LLC",TX,260.107225961589
2029,3,p65,Victoria Landfill,405727,Bernard Creek Solar,TX,145.01963209775923
2029,3,p65,Victoria Landfill,400081,Blue Wing Solar Energy Generation,TX,182.42607043118795
2029,3,p65,Victoria Landfill,405477,Brightside,TX,148.01364711115934
2029,3,p65,Victoria Landfill,401728,CPS 1 Community Solar,TX,193.7856911528734
2029,3,p65,Victoria Landfill,402656,Cascade Solar (TX),TX,135.75191812915742
2029,3,p65,Victoria Landfill,403987,Catan Solar,TX,126.292295619298
2029,3,p65,Victoria Landfill,403091,Commerce Solar,TX,218.12263093176517
2029,3,p65,Victoria Landfill,404247,"Corazon Energy, LLC",TX,301.0868549150003
2029,3,p65,Victoria Landfill,404062,Elara Solar,TX,227.77247728604576
2029,3,p65,Victoria Landfill,404359,FELPS 1-Calaveras,TX,170.15282813409223
2029,3,p65,Victoria Landfill,404361,FELPS 2-Calaveras,TX,183.9741975931953
2029,3,p65,Victoria Landfill,404362,FELPS 3-Floresville South,TX,160.8401912805508
2029,3,p65,Victoria Landfill,404363,FELPS 4-Floresville South,TX,158.3249320192691
2029,3,p65,Victoria Landfill,404364,FELPS 5-Floresville South,TX,155.99570304631354
2029,3,p65,Victoria Landfill,404739,FELPS 6- Floresville West,TX,166.2309999422092
2029,3,p65,Victoria Landfill,404740,FELPS 7- Floresville West,TX,170.33700074754688
2029,3,p65,Victoria Landfill,406516,Ganado Solar,TX,111.03186389185868
2029,3,p65,Victoria Landfill,405801,Horizon Solar,TX,242.15681955002714
2029,3,p65,Victoria Landfill,405380,IKEA Live Oak Rooftop PV System,TX,187.80008202049498
2029,3,p65,Victoria Landfill,403343,Mars Solar,TX,276.6661126178299
2029,3,p65,Victoria Landfill,404877,Nebula Solar,TX,299.72409641018044
2029,3,p65,Victoria Landfill,400694,"OCI Alamo 2, LLC",TX,190.80775303161414
2029,3,p65,Victoria Landfill,400965,"OCI Alamo 3, LLC",TX,180.7140407281854
2029,3,p65,Victoria Landfill,400966,"OCI Alamo 5, LLC",TX,302.5832649892561
2029,3,p65,Victoria Landfill,400593,OCI Alamo Solar I Hybrid,TX,212.01928175571433
2029,3,p65,Victoria Landfill,405809,Shakes Solar,TX,277.0155251902903
2029,3,p65,Victoria Landfill,405545,Sparta Solar,TX,140.69486378947815
2029,3,p65,Victoria Landfill,400379,"SunE CPS1, LLC",TX,196.20211579907246
2029,3,p65,Victoria Landfill,400364,"SunE CPS2, LLC",TX,202.33556904442136
2029,3,p65,Victoria Landfill,400353,"SunE CPS3, LLC",TX,206.58022659333466
2029,3,p65,Victoria Landfill,406032,Tres Bahias,TX,92.99759673469488
2029,3,p65,Victoria Landfill,404878,Vancourt Solar Interconnections,TX,300.94991514434935
2029,3,p66,Victoria Landfill,406386,Umbriel Solar,TX,1443.2540360089772
2029,3,p67,Victoria Landfill,404939,Brazoria County Solar Project (Danciger),TX,241.0008122315341
2029,3,p67,Victoria Landfill,404681,Brazoria West,TX,276.096220096861
2029,3,p67,Victoria Landfill,402649,Bronson,TX,254.50971338635807
2029,3,p67,Victoria Landfill,406178,"Cutlass Solar 1, LLC",TX,250.64764663550636
2029,3,p67,Victoria Landfill,404587,Fighting Jays Solar Project,TX,264.0616933435082
2029,3,p67,Victoria Landfill,405564,"Fort Bend Solar, LLC",TX,321.3832603727042
2029,3,p67,Victoria Landfill,404853,"Longbow Solar, LLC",TX,304.8546420881024
2029,3,p67,Victoria Landfill,403514,Wagyu,TX,330.30510020169044
2029,4,p12,Apex Regional Landfill,402144,Battle Mountain Solar Project,NV,512.0771471441223
2029,4,p12,Apex Regional Landfill,405025,Brady,NV,518.0221387649922
2029,4,p12,Apex Regional Landfill,405553,Dodge Flat,NV,608.0627649703667
2029,4,p12,Apex Regional Landfill,402609,"EGP Stillwater Solar PV II, LLC",NV,482.64859930534095
2029,4,p12,Apex Regional Landfill,404659,Fish Springs,NV,609.9361067759708
2029,4,p12,Apex Regional Landfill,401086,Ft. Churchill PV,NV,454.04972040165956
2029,4,p12,Apex Regional Landfill,405028,Galena 2 Geothermal Power Plant,NV,491.9275389660321
2029,4,p12,Apex Regional Landfill,402130,Luning Energy,NV,351.3449011017944
2029,4,p12,Apex Regional Landfill,403107,NVSS-II,NV,109.68464880333568
2029,4,p12,Apex Regional Landfill,400468,"Patua Acquisition Project, LLC",NV,513.3354089668984
2029,4,p12,Apex Regional Landfill,405021,Steamboat Hills LP,NV,449.2224772352594
2029,4,p12,Apex Regional Landfill,405023,Steamboat II,NV,470.9474536299212
2029,4,p12,Apex Regional Landfill,405024,Steamboat III,NV,525.3946626463319
2029,4,p12,Apex Regional Landfill,400029,Stillwater Facility,NV,469.9322348950172
2029,4,p12,Apex Regional Landfill,401318,Sunshine Valley Solar,NV,159.07075055638782
2029,4,p12,Apex Regional Landfill,405026,TS Power Plant,NV,499.5104545556376
2029,4,p12,Apex Regional Landfill,405576,Tesla Reno GigaFactory,NV,485.13826842247005
2029,4,p12,Apex Regional Landfill,401943,Tungsten Mountain,NV,449.72904628608165
2029,4,p12,Apex Regional Landfill,403308,Turquoise Liberty Solar,NV,530.7311741745406
2029,4,p12,Apex Regional Landfill,403884,"Turquoise Nevada, LLC",NV,548.3588435722818
2029,4,p12,Apex Regional Landfill,400035,Western 102 Power Plant,NV,492.8151230483164
2029,4,p13,Apex Regional Landfill,400555,Apex Solar PV Power Project,NV,71.27568035046069
2029,4,p13,Apex Regional Landfill,405385,Arrow Canyon Solar Hybrid,NV,86.08180536600923
2029,4,p13,Apex Regional Landfill,402017,"Boulder Solar II, LLC",NV,77.21029068672833
2029,4,p13,Apex Regional Landfill,401649,"Boulder Solar Power, LLC",NV,76.94995959207805
2029,4,p13,Apex Regional Landfill,400059,CM10,NV,80.18420320919772
2029,4,p13,Apex Regional Landfill,400086,CM48,NV,80.38744550809709
2029,4,p13,Apex Regional Landfill,400363,Copper Mountain Solar 2,NV,80.01668462696054
2029,4,p13,Apex Regional Landfill,400802,Copper Mountain Solar 3,NV,72.9053303054232
2029,4,p13,Apex Regional Landfill,401308,"Copper Mountain Solar 4, LLC",NV,80.24188958870505
2029,4,p13,Apex Regional Landfill,403688,"Copper Mountain Solar 5, LLC",NV,81.41768097642769
2029,4,p13,Apex Regional Landfill,405358,Dignity - San Martin,NV,62.80030499029619
2029,4,p13,Apex Regional Landfill,405355,Dignity - Siena Campus,NV,61.667077372078474
2029,4,p13,Apex Regional Landfill,405556,Dry Lake Solar Energy Center,NV,76.5185831316183
2029,4,p13,Apex Regional Landfill,405495,Gemini Solar,NV,82.60152814294675
2029,4,p13,Apex Regional Landfill,403386,"Harry Allen Solar Energy, LLC",NV,75.26886976588719
2029,4,p13,Apex Regional Landfill,406090,IGS LAS1,NV,64.82019945642466
2029,4,p13,Apex Regional Landfill,406089,IGS VGT,NV,60.29169809249284
2029,4,p13,Apex Regional Landfill,405309,IKEA Las Vegas 462,NV,62.793817643903125
2029,4,p13,Apex Regional Landfill,400545,Las Vegas WPCF Solar Plant,NV,54.706119209080256
2029,4,p13,Apex Regional Landfill,400313,Moapa Southern Paiute,NV,88.08179031408656
2029,4,p13,Apex Regional Landfill,400600,Mountain View Solar,NV,71.12595511990781
2029,4,p13,Apex Regional Landfill,400036,Nellis Air Force Base Solar Array,NV,59.251374532481364
2029,4,p13,Apex Regional Landfill,401381,Nellis Solar PV II,NV,55.90008386201245
2029,4,p13,Apex Regional Landfill,401319,"Playa Solar 1, LLC",NV,74.34580642611144
2029,4,p13,Apex Regional Landfill,401596,Playa Solar 2,NV,74.78565500528734
2029,4,p13,Apex Regional Landfill,401274,River Mountains Solar,NV,65.03590237041196
2029,4,p13,Mohave Valley Landfill,401042,Searchlight Solar,NV,88.16057238967089
2029,4,p13,Apex Regional Landfill,400166,Silver State Solar Power North,NV,96.18452038231871
2029,4,p13,Apex Regional Landfill,400658,Silver State Solar Power South,NV,96.56291237816541
2029,4,p13,Apex Regional Landfill,405246,"Solar Las Vegas MB 2, LLC",NV,56.274316005659124
2029,4,p13,Apex Regional Landfill,405188,Solar Las Vegas MB-1,NV,56.44707441296948
2029,4,p13,Apex Regional Landfill,400556,Spectrum Solar PV Power Project,NV,66.62204088222825
2029,4,p13,Apex Regional Landfill,402485,"Techren Solar I, LLC",NV,75.44446014514882
2029,4,p13,Apex Regional Landfill,402690,"Techren Solar II, LLC",NV,74.83906123429263
2029,4,p13,Apex Regional Landfill,402691,"Techren Solar III, LLC",NV,75.85520718483899
2029,4,p13,Apex Regional Landfill,402692,"Techren Solar IV, LLC",NV,73.46122733411053
2029,4,p13,Apex Regional Landfill,403001,Techren Solar V,NV,73.60173458146677
2029,4,p13,Apex Regional Landfill,401851,Townsite Solar Project Hybrid,NV,72.29034139037633
2029,4,p13,Apex Regional Landfill,406448,Yellow Pine II,NV,95.96138887081212
2029,4,p13,Apex Regional Landfill,404971,Yellow Pine Solar,NV,95.84153468191762
2029,4,p27,Mohave Valley Landfill,400374,"Black Mountain Solar, LLC",AZ,70.32362118876686
2029,4,p27,Mohave Valley Landfill,402236,Gray Hawk Solar,AZ,103.1035218530611
2029,4,p27,Mohave Valley Landfill,401819,Jacobson 5 MW Solar,AZ,103.23257018499199
2029,4,p27,Mohave Valley Landfill,400199,La Senita,AZ,79.53083817972285
2029,4,p27,Mohave Valley Landfill,403718,Mohave Electric Cooperative at Joy Lane,AZ,46.23453307591827
2029,4,p27,Mohave Valley Landfill,401311,Mohave Electric at Fort Mohave,AZ,45.354599646734734
2029,4,p27,Mohave Valley Landfill,406478,Mohave Energy - Hybrid,AZ,43.2040426227933
2029,4,p28,Apache Junction Landfill,405418,AZ State University - Tempe Campus Solar,AZ,73.5731529558139
2029,4,p28,South Yuma County Landfill,400148,Agua Caliente Solar Project,AZ,119.7681929417788
2029,4,p28,Apache Junction Landfill,402067,Apache Solar 1,AZ,200.42262589983332
2029,4,p28,South Yuma County Landfill,400274,Arizona Western College PV,AZ,49.03211696160199
2029,4,p28,Apache Junction Landfill,400240,Arlington Valley Solar Energy II,AZ,134.78307356044834
2029,4,p28,Apache Junction Landfill,400437,Badger 1,AZ,135.10109313180058
2029,4,p28,Apache Junction Landfill,401688,Bonnybrooke PV,AZ,74.86845049433339
2029,4,p28,Apache Junction Landfill,400371,Buckeye Union HS District 201,AZ,116.99449093553571
2029,4,p28,Apache Junction Landfill,405635,"Central Line Solar, LLC",AZ,89.12449907924751
2029,4,p28,Apache Junction Landfill,400201,Chino Solar Valley,AZ,173.2080063772507
2029,4,p28,Apache Junction Landfill,400202,Cotton Center Solar Hybrid,AZ,128.27258144707574
2029,4,p28,Apache Junction Landfill,401069,Desert Star Hybrid,AZ,124.69445641364071
2029,4,p28,Apache Junction Landfill,403257,East Line Solar,AZ,88.63255259276839
2029,4,p28,Apache Junction Landfill,406171,Eleven Mile Solar Center,AZ,87.21002314813983
2029,4,p28,Apache Junction Landfill,405244,Estrella Mountain PV,AZ,102.05549346880886
2029,4,p28,South Yuma County Landfill,400349,Foothills Solar Plant Hybrid,AZ,50.32962934337804
2029,4,p28,Apache Junction Landfill,400825,Fort Huachuca Solar PV Project,AZ,214.44134615762275
2029,4,p28,Apache Junction Landfill,400845,Gila Bend Hybrid,AZ,137.4774163898341
2029,4,p28,Apache Junction Landfill,400599,"Gilbert Solar Facility I, LLC",AZ,64.93322988222927
2029,4,p28,South Yuma County Landfill,400507,Hyder II Hybrid,AZ,130.70385430271887
2029,4,p28,South Yuma County Landfill,400204,Hyder Solar Hybrid,AZ,132.21062220959942
2029,4,p28,Apache Junction Landfill,405282,Intel - Ocotillo Campus Solar,AZ,71.9860931717763
2029,4,p28,Apache Junction Landfill,405125,Jewish Community Center PV,AZ,79.18704531653724
2029,4,p28,Apache Junction Landfill,402234,Kayenta Solar Project,AZ,341.64418080451617
2029,4,p28,Apache Junction Landfill,400595,Lake Pleasant WTP,AZ,107.5380179588227
2029,4,p28,Apache Junction Landfill,400128,Luke Solar,AZ,105.30634332207968
2029,4,p28,Apache Junction Landfill,405068,Macys Goodyear,AZ,106.10212744133
2029,4,p28,South Yuma County Landfill,406279,McFarland A Solar and Storage,AZ,120.59047381989787
2029,4,p28,Apache Junction Landfill,405617,Mesa Carport PV,AZ,51.36187175256247
2029,4,p28,Apache Junction Landfill,404512,Mesa Solar Array,AZ,51.45218265265183
2029,4,p28,Apache Junction Landfill,400250,Mesquite Solar 1,AZ,140.7582675079005
2029,4,p28,Apache Junction Landfill,401621,"Mesquite Solar 2, LLC",AZ,141.72300574583258
2029,4,p28,Apache Junction Landfill,401622,"Mesquite Solar 3, LLC",AZ,143.484957207541
2029,4,p28,Apache Junction Landfill,406038,"Mesquite Solar 4, LLC",AZ,140.59181203656377
2029,4,p28,Apache Junction Landfill,404922,"Mesquite Solar 5, LLC",AZ,139.7679769401014
2029,4,p28,Mohave Valley Landfill,403572,OE_AZ1,AZ,1492.8351533579223
2029,4,p28,South Yuma County Landfill,403572,OE_AZ1,AZ,152.90151931359128
2029,4,p28,Apache Junction Landfill,400203,Paloma Solar Hybrid,AZ,128.22515991938621
2029,4,p28,Apache Junction Landfill,405126,Paradise Valley H.S. PV,AZ,84.91103843138912
2029,4,p28,Apache Junction Landfill,405150,Phoenix Airport East Economy Lot,AZ,77.55881809333692
2029,4,p28,Apache Junction Landfill,405151,Phoenix Airport Rental Car Center,AZ,81.37753072680603
2029,4,p28,Apache Junction Landfill,402528,Pinal Central Energy Center Hybrid,AZ,86.36937742660025
2029,4,p28,Apache Junction Landfill,400125,"Poseidon Solar, LLC",AZ,63.422116303446934
2029,4,p28,Apache Junction Landfill,400031,Prescott Airport,AZ,167.98102690896974
2029,4,p28,Apache Junction Landfill,400401,Prescott Solar Plant,AZ,171.77611320581514
2029,4,p28,Apache Junction Landfill,400323,Queen Creek Solar Farm,AZ,56.05109902470853
2029,4,p28,Mohave Valley Landfill,400289,"RE Bagdad Solar I, LLC",AZ,136.20262276722517
2029,4,p28,Apache Junction Landfill,405132,"RE Gillespie 1, LLC",AZ,126.65215240541835
2029,4,p28,Apache Junction Landfill,400758,Red Horse 2,AZ,176.26955052719148
2029,4,p28,Apache Junction Landfill,401609,Red Horse III,AZ,175.2279621814988
2029,4,p28,Apache Junction Landfill,401726,Red Rock,AZ,114.54216050551368
2029,4,p28,Apache Junction Landfill,406380,SR McNeal,AZ,238.33117183296343
2029,4,p28,Apache Junction Landfill,400416,Saddle Mountain Solar I,AZ,804.2563663276895
2029,4,p28,South Yuma County Landfill,400416,Saddle Mountain Solar I,AZ,153.15595838241882
2029,4,p28,Apache Junction Landfill,403674,Saint Solar,AZ,87.98895573973829
2029,4,p28,Apache Junction Landfill,401214,Sandstone Solar,AZ,73.1700477092473
2029,4,p28,Apache Junction Landfill,405029,Solana Generating Station,AZ,151.09215712341398
2029,4,p28,Apache Junction Landfill,406275,Sonoran Solar Energy,AZ,115.21640261669069
2029,4,p28,Apache Junction Landfill,406034,Storey Solar and Storage,AZ,84.71959564877942
2029,4,p28,Apache Junction Landfill,401664,Sulphur Springs,AZ,197.83612210343955
2029,4,p28,Apache Junction Landfill,403643,Sun Streams 2,AZ,133.99130488270785
2029,4,p28,Apache Junction Landfill,406517,Sun Streams 3,AZ,132.40454152215835
2029,4,p28,Apache Junction Landfill,401975,"Sun Streams, LLC",AZ,134.4774100456971
2029,4,p28,Apache Junction Landfill,405311,T0588 Phoenix - AZ,AZ,93.01748217271579
2029,4,p28,Apache Junction Landfill,405134,Union HS at Casa Grande,AZ,83.91047529763136
2029,4,p28,Apache Junction Landfill,405135,Vista Grande HS at Casa Grande,AZ,86.81516946909883
2029,4,p28,Apache Junction Landfill,400334,Walmart Casa Grande,AZ,90.29714028042483
2029,4,p28,Apache Junction Landfill,406098,"West Line Solar, LLC",AZ,89.82954342005375
2029,4,p29,Apache Junction Landfill,400014,Springerville,AZ,720.3728902169948
2029,4,p30,Apache Junction Landfill,405143,Actus Lend Lease DMAFB,AZ,158.53072577443007
2029,4,p30,Apache Junction Landfill,405611,Amazon TUS2,AZ,166.07392414287978
2029,4,p30,Apache Junction Landfill,405268,Amphitheater High School Solar,AZ,148.24302428610758
2029,4,p30,Apache Junction Landfill,400939,Avalon Solar,AZ,168.10961661860182
2029,4,p30,Apache Junction Landfill,401479,Avalon Solar II,AZ,168.25237757501455
2029,4,p30,Apache Junction Landfill,400226,Avra Valley Solar,AZ,141.7314890443178
2029,4,p30,Apache Junction Landfill,404704,Broadway 2 - Tucson Phase II,AZ,153.57307977651004
2029,4,p30,Apache Junction Landfill,405768,Broadway 3 - Tucson Phase I,AZ,148.93901605135753
2029,4,p30,Apache Junction Landfill,405269,Canyon Del Oro High School Solar,AZ,136.05107289577907
2029,4,p30,Apache Junction Landfill,400757,Cogenra-TEP,AZ,170.10479142949885
2029,4,p30,Apache Junction Landfill,401295,Davis Monthan AFB (AZ) West Airfield,AZ,162.81209293235148
2029,4,p30,Apache Junction Landfill,400330,FRB Solar Farm,AZ,166.43843379308498
2029,4,p30,Apache Junction Landfill,400761,"Gato Montes Solar, LLC",AZ,163.78896866245793
2029,4,p30,Apache Junction Landfill,404536,Iron Horse Battery Storage Hybrid,AZ,176.17107799076126
2029,4,p30,Apache Junction Landfill,400552,"Picture Rocks Solar, LLC",AZ,129.91819478719853
2029,4,p30,Apache Junction Landfill,405374,Pima Community College,AZ,159.60001576088882
2029,4,p30,Apache Junction Landfill,405303,Pima Community College - East Campus,AZ,151.53540573217023
2029,4,p30,Apache Junction Landfill,405516,Pima Community College NW,AZ,139.20422476936733
2029,4,p30,Apache Junction Landfill,400408,Prairie Fire,AZ,168.92676339739944
2029,4,p30,South Yuma County Landfill,400290,"RE Ajo 1, LLC",AZ,173.66867668839694
2029,4,p30,Apache Junction Landfill,404926,Raptor Ridge,AZ,177.03597614250683
2029,4,p30,Apache Junction Landfill,400857,Rio Rico Solar,AZ,219.1439437538109
2029,4,p30,Apache Junction Landfill,400193,Roger Road WWTP,AZ,139.93940319544618
2029,4,p30,Apache Junction Landfill,401076,Tech Park Solar,AZ,178.6856687470885
2029,4,p30,Apache Junction Landfill,400156,UASTP I,AZ,159.76916981211434
2029,4,p30,Apache Junction Landfill,401075,Valencia Solar,AZ,158.1130328466119
2029,4,p30,Apache Junction Landfill,404187,"Wilmot Energy Center, LLC",AZ,185.72839110935
2029,4,p31,City of Clovis Landfill,400211,Alamogordo Solar Energy Center,NM,258.9978790148666
2029,4,p31,Northeastern New Mexico Regional Landfill,400206,Albuquerque Solar Energy Center,NM,194.62987002416926
2029,4,p31,Northeastern New Mexico Regional Landfill,403675,Alcalde Solar Array,NM,128.81938195863594
2029,4,p31,Apache Junction Landfill,401595,Alta Luna,NM,355.3467776545122
2029,4,p31,Northeastern New Mexico Regional Landfill,404724,Angel Fire Energy Facility,NM,85.6702502362158
2029,4,p31,Northeastern New Mexico Regional Landfill,405469,Arroyo Solar Energy Storage Hybrid,NM,239.45238206950242
2029,4,p31,Northeastern New Mexico Regional Landfill,403321,Bluewater CDEC 1,NM,266.63252051579616
2029,4,p31,Northeastern New Mexico Regional Landfill,403736,Britton Solar Energy Center,NM,164.62262174506904
2029,4,p31,City of Clovis Landfill,404981,Buena Vista Energy Center,NM,312.94198828548934
2029,4,p31,Northeastern New Mexico Regional Landfill,402876,CNMEC Solar Energy Center,NM,179.5103946399394
2029,4,p31,City of Clovis Landfill,402519,Carrizozo Solar,NM,202.13948075133544
2029,4,p31,Northeastern New Mexico Regional Landfill,401202,Cibola,NM,230.87508968356852
2029,4,p31,Northeastern New Mexico Regional Landfill,400104,Cimarron Solar Facility,NM,64.54064002593272
2029,4,p31,Apache Junction Landfill,402988,City of Gallup Solar,NM,308.28902212518346
2029,4,p31,Northeastern New Mexico Regional Landfill,403604,City of Rio Rancho WWTP,NM,202.09247931110136
2029,4,p31,City of Clovis Landfill,401225,City of Truth or Consequences PV,NM,315.5585784032363
2029,4,p31,Apache Junction Landfill,402177,Columbus Solar Project,NM,353.5721500186064
2029,4,p31,Northeastern New Mexico Regional Landfill,404748,"Cuba 2.5ac, LLC",NM,185.99155483949633
2029,4,p31,Apache Junction Landfill,400209,Deming Solar Energy Center,NM,327.08307919604925
2029,4,p31,Northeastern New Mexico Regional Landfill,403868,Encino Solar Energy Center,NM,201.71229311918884
2029,4,p31,Northeastern New Mexico Regional Landfill,401038,Eubank Landfill Solar Array,NM,187.31264191481267
2029,4,p31,Northeastern New Mexico Regional Landfill,402441,Facebook 1 Solar Energy Center,NM,213.80283144381315
2029,4,p31,Northeastern New Mexico Regional Landfill,402442,Facebook 2 Solar Energy Center,NM,209.70074978125442
2029,4,p31,Northeastern New Mexico Regional Landfill,402443,Facebook 3 Solar Energy Center,NM,209.51467383857738
2029,4,p31,Northeastern New Mexico Regional Landfill,403322,Grants CDEC 2,NM,261.0326200387235
2029,4,p31,City of Clovis Landfill,400216,"Hatch Solar Energy Center I, LLC",NM,332.23558850066723
2029,4,p31,City of Clovis Landfill,401617,Holloman Solar Facility,NM,248.42254045899432
2029,4,p31,Northeastern New Mexico Regional Landfill,406109,"Jicarilla Solar 1, LLC",NM,223.21223317960576
2029,4,p31,Northeastern New Mexico Regional Landfill,400427,Kit Carson,NM,119.83381768955718
2029,4,p31,Northeastern New Mexico Regional Landfill,400210,Las Vegas Solar Energy Center,NM,89.51463287082903
2029,4,p31,Northeastern New Mexico Regional Landfill,400434,Los Alamos PV Site,NM,146.33839366378803
2029,4,p31,Northeastern New Mexico Regional Landfill,400207,Los Lunas Solar Energy Center,NM,211.30716395392702
2029,4,p31,Apache Junction Landfill,400838,Macho Springs,NM,338.05639556323155
2029,4,p31,Northeastern New Mexico Regional Landfill,400582,Manzano Solar,NM,204.47417737701537
2029,4,p31,Northeastern New Mexico Regional Landfill,401201,Meadow Lake Solar Energy Center,NM,205.47959359872087
2029,4,p31,Northeastern New Mexico Regional Landfill,406177,"NMRD Data Center III, LLC",NM,193.70630552140784
2029,4,p31,City of Clovis Landfill,405693,NMSU Solar and Storage,NM,329.01662160723873
2029,4,p31,Northeastern New Mexico Regional Landfill,406375,OE_ESCL,NM,272.9955514165401
2029,4,p31,City of Clovis Landfill,400581,Otero Solar,NM,237.73102988989913
2029,4,p31,Northeastern New Mexico Regional Landfill,400146,Questa Solar Facility,NM,112.86672103651476
2029,4,p31,Northeastern New Mexico Regional Landfill,403178,"RC Energy AA, LLC Solar Facility",NM,182.1644844924735
2029,4,p31,Northeastern New Mexico Regional Landfill,401566,Rio Communities Solar Energy Center,NM,215.25797318938265
2029,4,p31,Northeastern New Mexico Regional Landfill,403084,Rio De Oro Solar Energy Center,NM,212.26988925766676
2029,4,p31,Northeastern New Mexico Regional Landfill,400624,Rio Rancho High School,NM,192.46809372840673
2029,4,p31,City of Clovis Landfill,400135,Roadrunner Solar,NM,355.9128207782414
2029,4,p31,Northeastern New Mexico Regional Landfill,404648,"Route 66 Energy Center, LLC",NM,258.4071696064092
2029,4,p31,Northeastern New Mexico Regional Landfill,403387,San Miguel I Solar Energy Center,NM,85.44670523257314
2029,4,p31,Northeastern New Mexico Regional Landfill,405458,San Miguel II Solar Energy Center,NM,88.63726667179922
2029,4,p31,Northeastern New Mexico Regional Landfill,401161,Sandoval Solar Energy Center,NM,192.03949561778214
2029,4,p31,Northeastern New Mexico Regional Landfill,401564,Santa Fe Solar Energy Center,NM,140.7636480829068
2029,4,p31,Northeastern New Mexico Regional Landfill,401565,Santolina Solar Energy Center,NM,208.51323216964667
2029,4,p31,Apache Junction Landfill,400596,Silver City WWTP PV Project,NM,282.395648139595
2029,4,p31,Northeastern New Mexico Regional Landfill,406343,Sky Ranch Solar,NM,229.38150977408978
2029,4,p31,Northeastern New Mexico Regional Landfill,401563,South Valley Solar Energy Center,NM,202.02752476761646
2029,4,p31,Northeastern New Mexico Regional Landfill,401162,Springer Solar 1,NM,58.98391321324263
2029,4,p31,Northeastern New Mexico Regional Landfill,400735,Storrie Lake Solar Project,NM,84.10566019899814
2029,4,p31,Northeastern New Mexico Regional Landfill,400623,Sue Cleveland High School,NM,180.6265129530602
2029,4,p31,City of Clovis Landfill,400343,"SunE EPE1, LLC",NM,315.046294820807
2029,4,p31,City of Clovis Landfill,400342,"SunE EPE2, LLC",NM,340.0865933086116
2029,4,p31,Northeastern New Mexico Regional Landfill,402854,Syncarpha Eagle Nest,NM,87.84926317531504
2029,4,p31,Northeastern New Mexico Regional Landfill,403412,Syncarpha El Rito,NM,141.43424164108902
2029,4,p31,Northeastern New Mexico Regional Landfill,403413,Syncarpha Questa,NM,118.62317605457777
2029,4,p31,Northeastern New Mexico Regional Landfill,403411,Syncarpha Taos,NM,106.45622380352782
2029,4,p31,Northeastern New Mexico Regional Landfill,404618,Taos Mesa Energy Facility Hybrid,NM,103.75822894287776
2029,4,p31,Northeastern New Mexico Regional Landfill,403011,Vista Solar Energy Center,NM,212.31569588027784
2029,4,p31,City of Clovis Landfill,400354,WSMR I,NM,304.1952795613624
2029,4,p31,City of Clovis Landfill,405245,Wal-Mart Truth or Consequences PV,NM,320.6604817186912
2029,4,p47,City of Clovis Landfill,400979,"Caprock Solar 1, LLC",NM,80.63920450714981
2029,4,p47,City of Clovis Landfill,404980,Chaves County Solar II,NM,145.31035706751965
2029,4,p47,City of Clovis Landfill,401681,"Chaves Solar, LLC",NM,137.85757746363498
2029,4,p47,City of Clovis Landfill,400614,GSE NM1,NM,159.26426191033238
2029,4,p47,City of Clovis Landfill,404982,Hayhurst New Mexico Solar,NM,264.6287403679712
2029,4,p47,City of Clovis Landfill,402530,Middle Daisy,NM,151.45091239502395
2029,4,p47,City of Clovis Landfill,401682,"Roswell Solar, LLC",NM,136.34646462133773
2029,4,p47,City of Clovis Landfill,400546,SEV NM Phase 2,NM,153.24131856914286
2029,4,p47,City of Clovis Landfill,400260,SPS1 Dollarhide,NM,232.26228352188335
2029,4,p47,City of Clovis Landfill,400261,SPS2 Jal,NM,197.3617114935518
2029,4,p47,City of Clovis Landfill,400262,SPS3 Lea,NM,166.9524578708358
2029,4,p47,City of Clovis Landfill,400264,SPS5 Hopi,NM,199.28125542955397
2029,4,p47,City of Clovis Landfill,404698,SoCore Clovis 1,NM,24.249530290620086
2029,4,p48,City of Clovis Landfill,406439,"BESSP1, LLC",TX,599.5697745001037
2029,4,p48,City of Clovis Landfill,405590,"Hecate Energy Frye Solar, LLC",TX,467.2557904399609
2029,4,p57,Victoria Landfill,404918,"Hecate Energy Upshur Rural, LLC",TX,3902.655018885219
2029,4,p59,City of Clovis Landfill,402666,Fort Bliss (DEA EPIC),TX,4443.8714823108385
2029,4,p59,City of Clovis Landfill,401616,Montana Solar Facility,TX,4290.852122019987
2029,4,p59,City of Clovis Landfill,401045,Newman Solar,TX,2024.6175426348905
2029,4,p60,City of Clovis Landfill,403962,"ANSON Solar Center, LLC",TX,546.30856205465
2029,4,p60,City of Clovis Landfill,403883,Azure Sky Solar,TX,621.3764428345082
2029,4,p60,City of Clovis Landfill,403232,"ENGIE Long Draw Solar, LLC",TX,266.46792743464044
2029,4,p60,City of Clovis Landfill,406252,Highpeak Solar 1,TX,297.0087241977362
2029,4,p60,City of Clovis Landfill,402721,Holstein 1 Solar Farm,TX,826.0163503634595
2029,4,p60,City of Clovis Landfill,405492,Juno Solar Project,TX,455.39435441543947
2029,4,p60,City of Clovis Landfill,402541,Lamesa II,TX,423.2712583667276
2029,4,p60,City of Clovis Landfill,401660,Lamesa Solar,TX,349.67568083739724
2029,4,p60,City of Clovis Landfill,405932,Lumina II Solar Project,TX,319.218391497393
2029,4,p60,City of Clovis Landfill,405933,Lumina Solar Project,TX,459.06491556639895
2029,4,p60,City of Clovis Landfill,402909,Misae Solar,TX,373.69071393999724
2029,4,p60,City of Clovis Landfill,400968,"OCI Alamo 7, LLC",TX,559.1983286308164
2029,4,p60,City of Clovis Landfill,405939,Texas Solar Nova 1,TX,351.6060261504214
2029,4,p61,City of Clovis Landfill,400967,Alamo 6,TX,333.4557488065383
2029,4,p61,City of Clovis Landfill,403557,Aragorn Solar Project,TX,313.3793533716984
2029,4,p61,City of Clovis Landfill,400691,Barilla Solar,TX,547.7211744989227
2029,4,p61,City of Clovis Landfill,401946,Bluebell Solar,TX,360.74385007143337
2029,4,p61,City of Clovis Landfill,403574,Bluebell Solar II,TX,358.8258454487015
2029,4,p61,City of Clovis Landfill,400554,"Bryan Solar, LLC",TX,429.81688256181667
2029,4,p61,City of Clovis Landfill,401463,Buckthorn Westex,TX,304.02360537956673
2029,4,p61,City of Clovis Landfill,401703,East Pecos Solar,TX,392.0425858438117
2029,4,p61,Victoria Landfill,405363,Galloway 1 Solar Farm,TX,767.5760805206208
2029,4,p61,City of Clovis Landfill,405363,Galloway 1 Solar Farm,TX,344.3084187316753
2029,4,p61,Victoria Landfill,405494,Galloway 2 Solar Farm,TX,1500.2013969786647
2029,4,p61,City of Clovis Landfill,405494,Galloway 2 Solar Farm,TX,341.09622586863554
2029,4,p61,City of Clovis Landfill,403210,Greasewood,TX,392.06580337960526
2029,4,p61,City of Clovis Landfill,406370,Hayhurst Texas Solar,TX,237.4671785539733
2029,4,p61,City of Clovis Landfill,402304,Midway Solar-TX,TX,323.37323504663027
2029,4,p61,Victoria Landfill,400695,"OCI Alamo 4, LLC",TX,359.2007867584459
2029,4,p61,City of Clovis Landfill,401868,Pearl Solar,TX,469.8242115660249
2029,4,p61,City of Clovis Landfill,402290,RE Maplewood,TX,328.36214904165615
2029,4,p61,City of Clovis Landfill,401430,RE Roserock,TX,393.5494039988274
2029,4,p61,City of Clovis Landfill,402848,Rambler,TX,318.20103188121266
2029,4,p61,City of Clovis Landfill,402083,Solaire Holman Solar Project,TX,387.6269539142637
2029,4,p61,City of Clovis Landfill,403023,"Taygete Energy Project, LLC",TX,467.74875419082787
2029,4,p61,City of Clovis Landfill,404647,Taygete II Energy Project,TX,324.83477527962566
2029,4,p61,City of Clovis Landfill,403551,Titan Solar Project,TX,373.26799559094644
2029,4,p61,Victoria Landfill,406103,Zier Solar,TX,347.8455974625266
2029,4,p62,City of Clovis Landfill,403502,2W Permian Solar Project Hybrid,TX,467.59951234294044
2029,4,p62,City of Clovis Landfill,403697,CED Crane Solar,TX,742.356543443643
2029,4,p62,City of Clovis Landfill,401525,Castle Gap Solar Hybrid,TX,692.2000366319235
2029,4,p62,City of Clovis Landfill,404599,Emerald Grove,TX,883.4030496709755
2029,4,p62,City of Clovis Landfill,403004,Lapetus,TX,708.7853577149104
2029,4,p62,City of Clovis Landfill,403280,Oberon IA,TX,422.33469252967814
2029,4,p62,City of Clovis Landfill,403279,Oberon IB,TX,503.29491151825454
2029,4,p62,City of Clovis Landfill,403602,Oxy Renewable Energy-Goldsmith,TX,452.19051433066033
2029,4,p62,City of Clovis Landfill,402679,Phoebe Solar,TX,398.08922791051555
2029,4,p62,City of Clovis Landfill,403177,Prospero Solar,TX,306.99505753385455
2029,4,p62,City of Clovis Landfill,404128,Prospero Solar II,TX,405.5573292322433
2029,4,p62,City of Clovis Landfill,403070,"Roadrunner, LLC",TX,502.49184628673106
2029,4,p62,City of Clovis Landfill,401805,Upton County Solar,TX,799.1128763828249
2029,4,p62,City of Clovis Landfill,402995,West of the Pecos Solar,TX,788.9847404495307
2029,4,p63,Victoria Landfill,405599,"BPL Crown Solar, LLC",TX,325.65814764043955
2029,4,p63,Victoria Landfill,404966,BPL Files Solar,TX,407.1785597814155
2029,4,p63,Victoria Landfill,403825,Briar Creek Solar 1,TX,407.2583703302736
2029,4,p63,Victoria Landfill,402610,Chisum,TX,810.2335384679997
2029,4,p63,Victoria Landfill,401697,CoServ Community Solar Station,TX,495.87617456728066
2029,4,p63,Victoria Landfill,403188,Coniglio Solar,TX,712.0778367564501
2029,4,p63,Victoria Landfill,406415,Dileo Solar,TX,431.2456523214759
2029,4,p63,Victoria Landfill,402655,Eddy II,TX,411.50693409087205
2029,4,p63,Victoria Landfill,406221,Eiffel Solar Project,TX,742.4601293089939
2029,4,p63,Victoria Landfill,405540,"Ellis Solar, LLC",TX,510.61094407225926
2029,4,p63,Victoria Landfill,403823,Elm Branch Solar 1,TX,421.61582490939986
2029,4,p63,Victoria Landfill,406206,Five Wells Solar Center - Hybrid,TX,281.9926318380686
2029,4,p63,Victoria Landfill,404567,G.S.E. One LLC,TX,688.8061212483454
2029,4,p63,Victoria Landfill,403288,Griffin Solar,TX,422.0682546878274
2029,4,p63,Victoria Landfill,406202,Grizzly Ridge Solar,TX,389.1944030503418
2029,4,p63,Victoria Landfill,402329,Highway 56 Solar,TX,5594.028137626862
2029,4,p63,City of Clovis Landfill,402329,Highway 56 Solar,TX,454.4483163456907
2029,4,p63,Victoria Landfill,405319,IKEA Grand Prairie Rooftop PV System,TX,483.58464115731306
2029,4,p63,Victoria Landfill,405689,"IP Radian, LLC",TX,476.6627041360473
2029,4,p63,Victoria Landfill,403481,Impact Solar 1,TX,582.8404575301424
2029,4,p63,Victoria Landfill,403190,Kellam Solar,TX,446.1309982725314
2029,4,p63,Victoria Landfill,402421,Leon Solar,TX,710.8522394126164
2029,4,p63,Victoria Landfill,403874,Lily Solar Hybrid,TX,465.85689891342753
2029,4,p63,Victoria Landfill,402404,Marlin Solar,TX,309.9164936479219
2029,4,p63,Victoria Landfill,405794,Noble Solar,TX,703.3835611670736
2029,4,p63,City of Clovis Landfill,405794,Noble Solar,TX,416.13382058850243
2029,4,p63,City of Clovis Landfill,402405,North Gainesville Solar,TX,473.93110620657563
2029,4,p63,Victoria Landfill,401933,Phantom Solar,TX,302.8169084998196
2029,4,p63,Victoria Landfill,404872,"Pisgah Ridge Solar, LLC",TX,339.73969251974876
2029,4,p63,Victoria Landfill,406416,Pitts Dudik Solar,TX,558.959978165128
2029,4,p63,Victoria Landfill,403189,Rippey Solar,TX,5057.994902697809
2029,4,p63,City of Clovis Landfill,403189,Rippey Solar,TX,423.1547354338048
2029,4,p63,Victoria Landfill,404630,"Samson Solar Energy III, LLC",TX,494.74288036294496
2029,4,p63,Victoria Landfill,402652,Sterling Solar (TX),TX,567.5516241232324
2029,4,p63,Victoria Landfill,404812,Sun Valley Solar Project,TX,324.70598701025807
2029,4,p63,Victoria Landfill,404388,"TPE Erath Solar, LLC",TX,589.0928900909574
2029,4,p63,Victoria Landfill,403457,"TPE Whitney Solar, LLC",TX,602.0326730099333
2029,4,p63,Victoria Landfill,405361,Toyota HQ Plan,TX,503.65737413965996
2029,4,p63,Victoria Landfill,405907,Verizon Hidden Ridge Solar Project,TX,481.760397271308
2029,4,p63,Victoria Landfill,405984,Waco Solar,TX,519.7033972257166
2029,4,p63,Victoria Landfill,402306,Walnut Springs Solar,TX,456.6606470073271
2029,4,p63,Victoria Landfill,402497,West Moore Solar II,TX,463.0512696771019
2029,4,p63,Victoria Landfill,402330,Whitesboro Solar,TX,955.8520026615089
2029,4,p63,City of Clovis Landfill,402330,Whitesboro Solar,TX,442.7029777922294
2029,4,p63,City of Clovis Landfill,402331,Whitesboro Solar II,TX,460.1387265659308
2029,4,p63,Victoria Landfill,402414,Whitewright Solar,TX,747.6911543348717
2029,4,p63,Victoria Landfill,402654,Yellow Jacket,TX,569.9998629577241
2029,4,p64,Victoria Landfill,405731,Austin TX GigaFactory,TX,254.91628322209337
2029,4,p64,Victoria Landfill,402203,Bandera Electric Coop PV,TX,344.81647201993934
2029,4,p64,Victoria Landfill,404721,"Blue Jay Solar I, LLC",TX,252.85353400871412
2029,4,p64,Victoria Landfill,402648,Bovine,TX,155.4888191570506
2029,4,p64,Victoria Landfill,402389,"E-Volve Energy Holdings, LLC",TX,204.42495072973153
2029,4,p64,Victoria Landfill,400227,East Blackland Solar Project 1,TX,253.44217263399554
2029,4,p64,Victoria Landfill,405101,IKEA Round Rock 027,TX,253.26594778792884
2029,4,p64,Victoria Landfill,402653,Lampwick,TX,343.34732311259114
2029,4,p64,Victoria Landfill,405613,Niagara Bottling - Seguin,TX,232.68842930114394
2029,4,p64,Victoria Landfill,402544,PowerFin Kingsbery,TX,218.61977104725298
2029,4,p64,Victoria Landfill,400249,Webberville Solar Project,TX,221.07186038149143
2029,4,p65,Victoria Landfill,405700,Aktina Solar,TX,117.57087727162816
2029,4,p65,Victoria Landfill,404074,"Alexis Solar, LLC",TX,260.1072259615891
2029,4,p65,Victoria Landfill,405727,Bernard Creek Solar,TX,159.68980922091174
2029,4,p65,Victoria Landfill,400081,Blue Wing Solar Energy Generation,TX,182.42607043118795
2029,4,p65,Victoria Landfill,405477,Brightside,TX,148.01364711115934
2029,4,p65,Victoria Landfill,401728,CPS 1 Community Solar,TX,193.7856911528734
2029,4,p65,Victoria Landfill,402656,Cascade Solar (TX),TX,135.75191812915742
2029,4,p65,Victoria Landfill,403987,Catan Solar,TX,126.292295619298
2029,4,p65,Victoria Landfill,403091,Commerce Solar,TX,218.12263093176517
2029,4,p65,Victoria Landfill,404247,"Corazon Energy, LLC",TX,301.0868549150003
2029,4,p65,Victoria Landfill,404062,Elara Solar,TX,227.77247728604576
2029,4,p65,Victoria Landfill,404359,FELPS 1-Calaveras,TX,170.15282813409223
2029,4,p65,Victoria Landfill,404361,FELPS 2-Calaveras,TX,183.66861691294528
2029,4,p65,Victoria Landfill,404362,FELPS 3-Floresville South,TX,160.8401912805508
2029,4,p65,Victoria Landfill,404363,FELPS 4-Floresville South,TX,159.6979576943502
2029,4,p65,Victoria Landfill,404364,FELPS 5-Floresville South,TX,155.99570304631354
2029,4,p65,Victoria Landfill,404739,FELPS 6- Floresville West,TX,158.34300833628146
2029,4,p65,Victoria Landfill,404740,FELPS 7- Floresville West,TX,170.33700074754688
2029,4,p65,Victoria Landfill,406516,Ganado Solar,TX,111.03186389185868
2029,4,p65,Victoria Landfill,405801,Horizon Solar,TX,242.15681955002714
2029,4,p65,Victoria Landfill,405380,IKEA Live Oak Rooftop PV System,TX,187.80008202049498
2029,4,p65,Victoria Landfill,403343,Mars Solar,TX,276.6661126178299
2029,4,p65,Victoria Landfill,404877,Nebula Solar,TX,287.53003187033516
2029,4,p65,Victoria Landfill,400694,"OCI Alamo 2, LLC",TX,190.80775303161414
2029,4,p65,Victoria Landfill,400965,"OCI Alamo 3, LLC",TX,180.7140407281854
2029,4,p65,Victoria Landfill,400966,"OCI Alamo 5, LLC",TX,302.5832649892561
2029,4,p65,Victoria Landfill,400593,OCI Alamo Solar I Hybrid,TX,212.01928175571433
2029,4,p65,Victoria Landfill,405809,Shakes Solar,TX,277.0155251902903
2029,4,p65,Victoria Landfill,405545,Sparta Solar,TX,136.85594966809714
2029,4,p65,Victoria Landfill,400379,"SunE CPS1, LLC",TX,186.58470226720345
2029,4,p65,Victoria Landfill,400364,"SunE CPS2, LLC",TX,202.33556904442136
2029,4,p65,Victoria Landfill,400353,"SunE CPS3, LLC",TX,197.08836024162522
2029,4,p65,Victoria Landfill,406032,Tres Bahias,TX,92.99759673469488
2029,4,p65,Victoria Landfill,404878,Vancourt Solar Interconnections,TX,300.94991514434935
2029,4,p66,Victoria Landfill,406386,Umbriel Solar,TX,1443.2540360089772
2029,4,p67,Victoria Landfill,404939,Brazoria County Solar Project (Danciger),TX,241.0008122315341
2029,4,p67,Victoria Landfill,404681,Brazoria West,TX,276.096220096861
2029,4,p67,Victoria Landfill,402649,Bronson,TX,254.50971338635807
2029,4,p67,Victoria Landfill,406178,"Cutlass Solar 1, LLC",TX,250.64764663550636
2029,4,p67,Victoria Landfill,404587,Fighting Jays Solar Project,TX,274.8255167850271
2029,4,p67,Victoria Landfill,405564,"Fort Bend Solar, LLC",TX,262.84168477376767
2029,4,p67,Victoria Landfill,404853,"Longbow Solar, LLC",TX,304.8546420881024
2029,4,p67,Victoria Landfill,403514,Wagyu,TX,330.30510020169044
2030,1,p12,Apex Regional Landfill,402144,Battle Mountain Solar Project,NV,522.4693522519112
2030,1,p12,Apex Regional Landfill,405025,Brady,NV,511.84210866090586
2030,1,p12,Apex Regional Landfill,405553,Dodge Flat,NV,608.0627649703667
2030,1,p12,Apex Regional Landfill,402609,"EGP Stillwater Solar PV II, LLC",NV,459.8430766489835
2030,1,p12,Apex Regional Landfill,404659,Fish Springs,NV,609.9361067759708
2030,1,p12,Apex Regional Landfill,401086,Ft. Churchill PV,NV,454.04972040165956
2030,1,p12,Apex Regional Landfill,405028,Galena 2 Geothermal Power Plant,NV,491.9275389660321
2030,1,p12,Apex Regional Landfill,402130,Luning Energy,NV,351.3449011017944
2030,1,p12,Apex Regional Landfill,403107,NVSS-II,NV,109.68464880333568
2030,1,p12,Apex Regional Landfill,400468,"Patua Acquisition Project, LLC",NV,522.0141992678622
2030,1,p12,Apex Regional Landfill,405021,Steamboat Hills LP,NV,449.2224772352594
2030,1,p12,Apex Regional Landfill,405023,Steamboat II,NV,470.9474536299212
2030,1,p12,Apex Regional Landfill,405024,Steamboat III,NV,472.79071824782415
2030,1,p12,Apex Regional Landfill,400029,Stillwater Facility,NV,469.9322348950172
2030,1,p12,Apex Regional Landfill,401318,Sunshine Valley Solar,NV,159.07075055638782
2030,1,p12,Apex Regional Landfill,405026,TS Power Plant,NV,499.5104545556376
2030,1,p12,Apex Regional Landfill,405576,Tesla Reno GigaFactory,NV,485.13826842247005
2030,1,p12,Apex Regional Landfill,401943,Tungsten Mountain,NV,449.72904628608165
2030,1,p12,Apex Regional Landfill,403308,Turquoise Liberty Solar,NV,539.2188071791621
2030,1,p12,Apex Regional Landfill,403884,"Turquoise Nevada, LLC",NV,453.00916379479395
2030,1,p12,Apex Regional Landfill,400035,Western 102 Power Plant,NV,533.2754961497427
2030,1,p13,Apex Regional Landfill,400555,Apex Solar PV Power Project,NV,71.27568035046069
2030,1,p13,Apex Regional Landfill,405385,Arrow Canyon Solar Hybrid,NV,86.08180536600923
2030,1,p13,Apex Regional Landfill,402017,"Boulder Solar II, LLC",NV,77.21029068672833
2030,1,p13,Apex Regional Landfill,401649,"Boulder Solar Power, LLC",NV,76.94821275469145
2030,1,p13,Apex Regional Landfill,400059,CM10,NV,80.18420320919772
2030,1,p13,Apex Regional Landfill,400086,CM48,NV,80.56004883179511
2030,1,p13,Apex Regional Landfill,400363,Copper Mountain Solar 2,NV,80.01668462696054
2030,1,p13,Apex Regional Landfill,400802,Copper Mountain Solar 3,NV,73.2362669534098
2030,1,p13,Apex Regional Landfill,401308,"Copper Mountain Solar 4, LLC",NV,80.06179464344251
2030,1,p13,Apex Regional Landfill,403688,"Copper Mountain Solar 5, LLC",NV,81.84333863286881
2030,1,p13,Apex Regional Landfill,405358,Dignity - San Martin,NV,62.80030499029619
2030,1,p13,Apex Regional Landfill,405355,Dignity - Siena Campus,NV,61.373681815334365
2030,1,p13,Apex Regional Landfill,405556,Dry Lake Solar Energy Center,NV,76.5185831316183
2030,1,p13,Apex Regional Landfill,405495,Gemini Solar,NV,82.60152814294675
2030,1,p13,Apex Regional Landfill,403386,"Harry Allen Solar Energy, LLC",NV,75.26886976588719
2030,1,p13,Apex Regional Landfill,406090,IGS LAS1,NV,64.82019945642466
2030,1,p13,Apex Regional Landfill,406089,IGS VGT,NV,60.29169809249284
2030,1,p13,Apex Regional Landfill,405309,IKEA Las Vegas 462,NV,62.62493332887394
2030,1,p13,Apex Regional Landfill,400545,Las Vegas WPCF Solar Plant,NV,54.706119209080256
2030,1,p13,Apex Regional Landfill,400313,Moapa Southern Paiute,NV,88.08179031408656
2030,1,p13,Apex Regional Landfill,400600,Mountain View Solar,NV,71.12595511990781
2030,1,p13,Apex Regional Landfill,400036,Nellis Air Force Base Solar Array,NV,59.251374532481364
2030,1,p13,Apex Regional Landfill,401381,Nellis Solar PV II,NV,55.90008386201245
2030,1,p13,Apex Regional Landfill,401319,"Playa Solar 1, LLC",NV,74.34580642611144
2030,1,p13,Apex Regional Landfill,401596,Playa Solar 2,NV,74.78565500528734
2030,1,p13,Apex Regional Landfill,401274,River Mountains Solar,NV,65.03590237041196
2030,1,p13,Mohave Valley Landfill,401042,Searchlight Solar,NV,88.16057238967089
2030,1,p13,Apex Regional Landfill,400166,Silver State Solar Power North,NV,96.18452038231871
2030,1,p13,Apex Regional Landfill,400658,Silver State Solar Power South,NV,96.55779992223563
2030,1,p13,Apex Regional Landfill,405246,"Solar Las Vegas MB 2, LLC",NV,56.274316005659124
2030,1,p13,Apex Regional Landfill,405188,Solar Las Vegas MB-1,NV,56.44707441296948
2030,1,p13,Apex Regional Landfill,400556,Spectrum Solar PV Power Project,NV,66.62204088222825
2030,1,p13,Apex Regional Landfill,402485,"Techren Solar I, LLC",NV,75.44446014514882
2030,1,p13,Apex Regional Landfill,402690,"Techren Solar II, LLC",NV,74.83906123429263
2030,1,p13,Apex Regional Landfill,402691,"Techren Solar III, LLC",NV,75.85520718483899
2030,1,p13,Apex Regional Landfill,402692,"Techren Solar IV, LLC",NV,73.46122733411053
2030,1,p13,Apex Regional Landfill,403001,Techren Solar V,NV,73.60173458146677
2030,1,p13,Apex Regional Landfill,401851,Townsite Solar Project Hybrid,NV,72.29034139037633
2030,1,p13,Apex Regional Landfill,406448,Yellow Pine II,NV,96.52186412849298
2030,1,p13,Apex Regional Landfill,404971,Yellow Pine Solar,NV,95.281102303443
2030,1,p27,Mohave Valley Landfill,400374,"Black Mountain Solar, LLC",AZ,70.32362118876686
2030,1,p27,Mohave Valley Landfill,402236,Gray Hawk Solar,AZ,103.1035218530611
2030,1,p27,Mohave Valley Landfill,401819,Jacobson 5 MW Solar,AZ,90.84717107289036
2030,1,p27,Mohave Valley Landfill,400199,La Senita,AZ,99.73122819393254
2030,1,p27,Mohave Valley Landfill,403718,Mohave Electric Cooperative at Joy Lane,AZ,44.87590029416327
2030,1,p27,Mohave Valley Landfill,401311,Mohave Electric at Fort Mohave,AZ,44.81773636587235
2030,1,p27,Mohave Valley Landfill,406478,Mohave Energy - Hybrid,AZ,43.2040426227933
2030,1,p28,Apache Junction Landfill,405418,AZ State University - Tempe Campus Solar,AZ,73.5731529558139
2030,1,p28,South Yuma County Landfill,400148,Agua Caliente Solar Project,AZ,119.7681929417788
2030,1,p28,Apache Junction Landfill,402067,Apache Solar 1,AZ,200.37647440917198
2030,1,p28,South Yuma County Landfill,400274,Arizona Western College PV,AZ,48.86717612307652
2030,1,p28,Apache Junction Landfill,400240,Arlington Valley Solar Energy II,AZ,134.78307356044834
2030,1,p28,Apache Junction Landfill,400437,Badger 1,AZ,134.55433375372013
2030,1,p28,Apache Junction Landfill,401688,Bonnybrooke PV,AZ,74.86845049433339
2030,1,p28,Apache Junction Landfill,400371,Buckeye Union HS District 201,AZ,116.99449093553571
2030,1,p28,Apache Junction Landfill,405635,"Central Line Solar, LLC",AZ,89.12449907924751
2030,1,p28,Apache Junction Landfill,400201,Chino Solar Valley,AZ,173.2080063772507
2030,1,p28,Apache Junction Landfill,400202,Cotton Center Solar Hybrid,AZ,128.27258144707574
2030,1,p28,Apache Junction Landfill,401069,Desert Star Hybrid,AZ,124.69445641364071
2030,1,p28,Apache Junction Landfill,403257,East Line Solar,AZ,88.63255259276839
2030,1,p28,Apache Junction Landfill,406171,Eleven Mile Solar Center,AZ,87.21002314813983
2030,1,p28,Apache Junction Landfill,405244,Estrella Mountain PV,AZ,102.05549346880886
2030,1,p28,South Yuma County Landfill,400349,Foothills Solar Plant Hybrid,AZ,50.32962934337804
2030,1,p28,Apache Junction Landfill,400825,Fort Huachuca Solar PV Project,AZ,216.1588748837229
2030,1,p28,Apache Junction Landfill,400845,Gila Bend Hybrid,AZ,136.70422500761944
2030,1,p28,Apache Junction Landfill,400599,"Gilbert Solar Facility I, LLC",AZ,64.93322988222927
2030,1,p28,South Yuma County Landfill,400507,Hyder II Hybrid,AZ,130.70385430271887
2030,1,p28,South Yuma County Landfill,400204,Hyder Solar Hybrid,AZ,132.21062220959942
2030,1,p28,Apache Junction Landfill,405282,Intel - Ocotillo Campus Solar,AZ,71.9860931717763
2030,1,p28,Apache Junction Landfill,405125,Jewish Community Center PV,AZ,79.18704531653724
2030,1,p28,Apache Junction Landfill,402234,Kayenta Solar Project,AZ,341.64418080451617
2030,1,p28,Apache Junction Landfill,400595,Lake Pleasant WTP,AZ,106.62584713201365
2030,1,p28,Apache Junction Landfill,400128,Luke Solar,AZ,105.30634332207968
2030,1,p28,Apache Junction Landfill,405068,Macys Goodyear,AZ,106.10212744133
2030,1,p28,South Yuma County Landfill,406279,McFarland A Solar and Storage,AZ,120.71027310158546
2030,1,p28,Apache Junction Landfill,405617,Mesa Carport PV,AZ,51.33541411086521
2030,1,p28,Apache Junction Landfill,404512,Mesa Solar Array,AZ,51.424748291873044
2030,1,p28,Apache Junction Landfill,400250,Mesquite Solar 1,AZ,140.7582675079005
2030,1,p28,Apache Junction Landfill,401621,"Mesquite Solar 2, LLC",AZ,141.72300574583258
2030,1,p28,Apache Junction Landfill,401622,"Mesquite Solar 3, LLC",AZ,143.484957207541
2030,1,p28,Apache Junction Landfill,406038,"Mesquite Solar 4, LLC",AZ,140.59181203656377
2030,1,p28,Apache Junction Landfill,404922,"Mesquite Solar 5, LLC",AZ,139.55231637184193
2030,1,p28,Mohave Valley Landfill,403572,OE_AZ1,AZ,1492.8351533579223
2030,1,p28,South Yuma County Landfill,403572,OE_AZ1,AZ,152.90151931359128
2030,1,p28,Apache Junction Landfill,400203,Paloma Solar Hybrid,AZ,128.82087778362148
2030,1,p28,Apache Junction Landfill,405126,Paradise Valley H.S. PV,AZ,84.91103843138912
2030,1,p28,Apache Junction Landfill,405150,Phoenix Airport East Economy Lot,AZ,77.55881809333692
2030,1,p28,Apache Junction Landfill,405151,Phoenix Airport Rental Car Center,AZ,81.37753072680603
2030,1,p28,Apache Junction Landfill,402528,Pinal Central Energy Center Hybrid,AZ,86.36937742660025
2030,1,p28,Apache Junction Landfill,400125,"Poseidon Solar, LLC",AZ,63.422116303446934
2030,1,p28,Apache Junction Landfill,400031,Prescott Airport,AZ,167.98102690896974
2030,1,p28,Apache Junction Landfill,400401,Prescott Solar Plant,AZ,171.77611320581514
2030,1,p28,Apache Junction Landfill,400323,Queen Creek Solar Farm,AZ,56.05109902470853
2030,1,p28,Mohave Valley Landfill,400289,"RE Bagdad Solar I, LLC",AZ,136.20262276722517
2030,1,p28,Apache Junction Landfill,405132,"RE Gillespie 1, LLC",AZ,126.65215240541835
2030,1,p28,Apache Junction Landfill,400758,Red Horse 2,AZ,176.17596772131176
2030,1,p28,Apache Junction Landfill,401609,Red Horse III,AZ,175.2279621814988
2030,1,p28,Apache Junction Landfill,401726,Red Rock,AZ,114.54216050551368
2030,1,p28,Apache Junction Landfill,406380,SR McNeal,AZ,239.2694768990354
2030,1,p28,Apache Junction Landfill,400416,Saddle Mountain Solar I,AZ,804.2563663276895
2030,1,p28,South Yuma County Landfill,400416,Saddle Mountain Solar I,AZ,153.15595838241882
2030,1,p28,Apache Junction Landfill,403674,Saint Solar,AZ,87.98895573973829
2030,1,p28,Apache Junction Landfill,401214,Sandstone Solar,AZ,73.1700477092473
2030,1,p28,Apache Junction Landfill,405029,Solana Generating Station,AZ,151.09215712341398
2030,1,p28,Apache Junction Landfill,406275,Sonoran Solar Energy,AZ,115.21640261669069
2030,1,p28,Apache Junction Landfill,406034,Storey Solar and Storage,AZ,84.70657570126762
2030,1,p28,Apache Junction Landfill,401664,Sulphur Springs,AZ,198.94486358190244
2030,1,p28,Apache Junction Landfill,403643,Sun Streams 2,AZ,133.99130488270785
2030,1,p28,Apache Junction Landfill,406517,Sun Streams 3,AZ,132.40454152215835
2030,1,p28,Apache Junction Landfill,401975,"Sun Streams, LLC",AZ,134.4774100456971
2030,1,p28,Apache Junction Landfill,405311,T0588 Phoenix - AZ,AZ,92.97566353851485
2030,1,p28,Apache Junction Landfill,405134,Union HS at Casa Grande,AZ,83.91047529763136
2030,1,p28,Apache Junction Landfill,405135,Vista Grande HS at Casa Grande,AZ,86.74937195512987
2030,1,p28,Apache Junction Landfill,400334,Walmart Casa Grande,AZ,90.29714028042483
2030,1,p28,Apache Junction Landfill,406098,"West Line Solar, LLC",AZ,89.75210520261786
2030,1,p29,Apache Junction Landfill,400014,Springerville,AZ,720.3728902169948
2030,1,p30,Apache Junction Landfill,405143,Actus Lend Lease DMAFB,AZ,156.926696475889
2030,1,p30,Apache Junction Landfill,405611,Amazon TUS2,AZ,165.09447751687367
2030,1,p30,Apache Junction Landfill,405268,Amphitheater High School Solar,AZ,148.24302428610758
2030,1,p30,Apache Junction Landfill,400939,Avalon Solar,AZ,168.10961661860182
2030,1,p30,Apache Junction Landfill,401479,Avalon Solar II,AZ,166.87784426175332
2030,1,p30,Apache Junction Landfill,400226,Avra Valley Solar,AZ,141.7314890443178
2030,1,p30,Apache Junction Landfill,404704,Broadway 2 - Tucson Phase II,AZ,153.57307977651004
2030,1,p30,Apache Junction Landfill,405768,Broadway 3 - Tucson Phase I,AZ,140.008580022618
2030,1,p30,Apache Junction Landfill,405269,Canyon Del Oro High School Solar,AZ,136.05107289577907
2030,1,p30,Apache Junction Landfill,400757,Cogenra-TEP,AZ,170.10479142949885
2030,1,p30,Apache Junction Landfill,401295,Davis Monthan AFB (AZ) West Airfield,AZ,152.0532052210471
2030,1,p30,Apache Junction Landfill,400330,FRB Solar Farm,AZ,166.43843379308498
2030,1,p30,Apache Junction Landfill,400761,"Gato Montes Solar, LLC",AZ,166.42426899919974
2030,1,p30,Apache Junction Landfill,404536,Iron Horse Battery Storage Hybrid,AZ,176.17107799076126
2030,1,p30,Apache Junction Landfill,400552,"Picture Rocks Solar, LLC",AZ,129.91819478719853
2030,1,p30,Apache Junction Landfill,405374,Pima Community College,AZ,166.02825115285341
2030,1,p30,Apache Junction Landfill,405303,Pima Community College - East Campus,AZ,151.53540573217023
2030,1,p30,Apache Junction Landfill,405516,Pima Community College NW,AZ,140.1034389956445
2030,1,p30,Apache Junction Landfill,400408,Prairie Fire,AZ,161.81242366412923
2030,1,p30,South Yuma County Landfill,400290,"RE Ajo 1, LLC",AZ,173.66867668839694
2030,1,p30,Apache Junction Landfill,404926,Raptor Ridge,AZ,177.03597614250683
2030,1,p30,Apache Junction Landfill,400857,Rio Rico Solar,AZ,217.406872139753
2030,1,p30,Apache Junction Landfill,400193,Roger Road WWTP,AZ,139.93940319544618
2030,1,p30,Apache Junction Landfill,401076,Tech Park Solar,AZ,178.6856687470885
2030,1,p30,Apache Junction Landfill,400156,UASTP I,AZ,159.76916981211434
2030,1,p30,Apache Junction Landfill,401075,Valencia Solar,AZ,158.1130328466119
2030,1,p30,Apache Junction Landfill,404187,"Wilmot Energy Center, LLC",AZ,185.72839110935
2030,1,p31,City of Clovis Landfill,400211,Alamogordo Solar Energy Center,NM,258.9978790148666
2030,1,p31,Northeastern New Mexico Regional Landfill,400206,Albuquerque Solar Energy Center,NM,194.62987002416926
2030,1,p31,Northeastern New Mexico Regional Landfill,403675,Alcalde Solar Array,NM,128.81938195863594
2030,1,p31,Apache Junction Landfill,401595,Alta Luna,NM,355.3467776545122
2030,1,p31,Northeastern New Mexico Regional Landfill,404724,Angel Fire Energy Facility,NM,85.6702502362158
2030,1,p31,Northeastern New Mexico Regional Landfill,405469,Arroyo Solar Energy Storage Hybrid,NM,239.45238206950242
2030,1,p31,Northeastern New Mexico Regional Landfill,403321,Bluewater CDEC 1,NM,266.63252051579616
2030,1,p31,Northeastern New Mexico Regional Landfill,403736,Britton Solar Energy Center,NM,162.85044394792234
2030,1,p31,City of Clovis Landfill,404981,Buena Vista Energy Center,NM,312.94198828548934
2030,1,p31,Northeastern New Mexico Regional Landfill,402876,CNMEC Solar Energy Center,NM,179.5103946399394
2030,1,p31,City of Clovis Landfill,402519,Carrizozo Solar,NM,202.13948075133544
2030,1,p31,Northeastern New Mexico Regional Landfill,401202,Cibola,NM,230.87508968356852
2030,1,p31,Northeastern New Mexico Regional Landfill,400104,Cimarron Solar Facility,NM,64.30495738012208
2030,1,p31,Apache Junction Landfill,402988,City of Gallup Solar,NM,308.28902212518346
2030,1,p31,Northeastern New Mexico Regional Landfill,403604,City of Rio Rancho WWTP,NM,202.09247931110136
2030,1,p31,City of Clovis Landfill,401225,City of Truth or Consequences PV,NM,315.5585784032363
2030,1,p31,Apache Junction Landfill,402177,Columbus Solar Project,NM,353.5721500186064
2030,1,p31,Northeastern New Mexico Regional Landfill,404748,"Cuba 2.5ac, LLC",NM,185.99155483949633
2030,1,p31,Apache Junction Landfill,400209,Deming Solar Energy Center,NM,327.08307919604925
2030,1,p31,Northeastern New Mexico Regional Landfill,403868,Encino Solar Energy Center,NM,201.71229311918884
2030,1,p31,Northeastern New Mexico Regional Landfill,401038,Eubank Landfill Solar Array,NM,187.31264191481267
2030,1,p31,Northeastern New Mexico Regional Landfill,402441,Facebook 1 Solar Energy Center,NM,213.80283144381315
2030,1,p31,Northeastern New Mexico Regional Landfill,402442,Facebook 2 Solar Energy Center,NM,209.70074978125442
2030,1,p31,Northeastern New Mexico Regional Landfill,402443,Facebook 3 Solar Energy Center,NM,209.51467383857738
2030,1,p31,Northeastern New Mexico Regional Landfill,403322,Grants CDEC 2,NM,261.0326200387235
2030,1,p31,City of Clovis Landfill,400216,"Hatch Solar Energy Center I, LLC",NM,332.23558850066723
2030,1,p31,City of Clovis Landfill,401617,Holloman Solar Facility,NM,248.42254045899432
2030,1,p31,Northeastern New Mexico Regional Landfill,406109,"Jicarilla Solar 1, LLC",NM,223.21223317960576
2030,1,p31,Northeastern New Mexico Regional Landfill,400427,Kit Carson,NM,119.83381768955718
2030,1,p31,Northeastern New Mexico Regional Landfill,400210,Las Vegas Solar Energy Center,NM,89.51463287082903
2030,1,p31,Northeastern New Mexico Regional Landfill,400434,Los Alamos PV Site,NM,146.33839366378803
2030,1,p31,Northeastern New Mexico Regional Landfill,400207,Los Lunas Solar Energy Center,NM,211.30716395392702
2030,1,p31,Apache Junction Landfill,400838,Macho Springs,NM,338.05639556323155
2030,1,p31,Northeastern New Mexico Regional Landfill,400582,Manzano Solar,NM,204.47417737701537
2030,1,p31,Northeastern New Mexico Regional Landfill,401201,Meadow Lake Solar Energy Center,NM,202.50689656636277
2030,1,p31,Northeastern New Mexico Regional Landfill,406177,"NMRD Data Center III, LLC",NM,193.70630552140784
2030,1,p31,City of Clovis Landfill,405693,NMSU Solar and Storage,NM,329.01662160723873
2030,1,p31,Northeastern New Mexico Regional Landfill,406375,OE_ESCL,NM,272.9955514165401
2030,1,p31,City of Clovis Landfill,400581,Otero Solar,NM,237.73102988989913
2030,1,p31,Northeastern New Mexico Regional Landfill,400146,Questa Solar Facility,NM,112.86672103651476
2030,1,p31,Northeastern New Mexico Regional Landfill,403178,"RC Energy AA, LLC Solar Facility",NM,180.4381081723121
2030,1,p31,Northeastern New Mexico Regional Landfill,401566,Rio Communities Solar Energy Center,NM,215.25797318938265
2030,1,p31,Northeastern New Mexico Regional Landfill,403084,Rio De Oro Solar Energy Center,NM,212.26988925766676
2030,1,p31,Northeastern New Mexico Regional Landfill,400624,Rio Rancho High School,NM,192.46809372840673
2030,1,p31,City of Clovis Landfill,400135,Roadrunner Solar,NM,355.9128207782414
2030,1,p31,Northeastern New Mexico Regional Landfill,404648,"Route 66 Energy Center, LLC",NM,253.94401391854714
2030,1,p31,Northeastern New Mexico Regional Landfill,403387,San Miguel I Solar Energy Center,NM,85.44670523257314
2030,1,p31,Northeastern New Mexico Regional Landfill,405458,San Miguel II Solar Energy Center,NM,87.36460563752726
2030,1,p31,Northeastern New Mexico Regional Landfill,401161,Sandoval Solar Energy Center,NM,192.03949561778214
2030,1,p31,Northeastern New Mexico Regional Landfill,401564,Santa Fe Solar Energy Center,NM,140.7636480829068
2030,1,p31,Northeastern New Mexico Regional Landfill,401565,Santolina Solar Energy Center,NM,208.51323216964667
2030,1,p31,Apache Junction Landfill,400596,Silver City WWTP PV Project,NM,282.395648139595
2030,1,p31,Northeastern New Mexico Regional Landfill,406343,Sky Ranch Solar,NM,229.38150977408978
2030,1,p31,Northeastern New Mexico Regional Landfill,401563,South Valley Solar Energy Center,NM,202.02752476761646
2030,1,p31,Northeastern New Mexico Regional Landfill,401162,Springer Solar 1,NM,58.98391321324263
2030,1,p31,Northeastern New Mexico Regional Landfill,400735,Storrie Lake Solar Project,NM,85.4616810230203
2030,1,p31,Northeastern New Mexico Regional Landfill,400623,Sue Cleveland High School,NM,180.6265129530602
2030,1,p31,City of Clovis Landfill,400343,"SunE EPE1, LLC",NM,311.1778012316263
2030,1,p31,City of Clovis Landfill,400342,"SunE EPE2, LLC",NM,340.0865933086116
2030,1,p31,Northeastern New Mexico Regional Landfill,402854,Syncarpha Eagle Nest,NM,87.25175124878822
2030,1,p31,Northeastern New Mexico Regional Landfill,403412,Syncarpha El Rito,NM,141.43424164108902
2030,1,p31,Northeastern New Mexico Regional Landfill,403413,Syncarpha Questa,NM,118.62317605457777
2030,1,p31,Northeastern New Mexico Regional Landfill,403411,Syncarpha Taos,NM,106.45622380352782
2030,1,p31,Northeastern New Mexico Regional Landfill,404618,Taos Mesa Energy Facility Hybrid,NM,103.75822894287776
2030,1,p31,Northeastern New Mexico Regional Landfill,403011,Vista Solar Energy Center,NM,212.31569588027784
2030,1,p31,City of Clovis Landfill,400354,WSMR I,NM,300.1463324946641
2030,1,p31,City of Clovis Landfill,405245,Wal-Mart Truth or Consequences PV,NM,320.6604817186912
2030,1,p47,City of Clovis Landfill,400979,"Caprock Solar 1, LLC",NM,80.63920450714981
2030,1,p47,City of Clovis Landfill,404980,Chaves County Solar II,NM,145.31035706751965
2030,1,p47,City of Clovis Landfill,401681,"Chaves Solar, LLC",NM,137.85757746363498
2030,1,p47,City of Clovis Landfill,400614,GSE NM1,NM,159.26426191033238
2030,1,p47,City of Clovis Landfill,404982,Hayhurst New Mexico Solar,NM,264.6287403679712
2030,1,p47,City of Clovis Landfill,402530,Middle Daisy,NM,151.45091239502395
2030,1,p47,City of Clovis Landfill,401682,"Roswell Solar, LLC",NM,136.34646462133773
2030,1,p47,City of Clovis Landfill,400546,SEV NM Phase 2,NM,153.24131856914286
2030,1,p47,City of Clovis Landfill,400260,SPS1 Dollarhide,NM,232.26228352188335
2030,1,p47,City of Clovis Landfill,400261,SPS2 Jal,NM,204.79446280894325
2030,1,p47,City of Clovis Landfill,400262,SPS3 Lea,NM,166.9524578708358
2030,1,p47,City of Clovis Landfill,400264,SPS5 Hopi,NM,199.28125542955397
2030,1,p47,City of Clovis Landfill,404698,SoCore Clovis 1,NM,24.249530290620086
2030,1,p48,City of Clovis Landfill,406439,"BESSP1, LLC",TX,599.5697745001037
2030,1,p48,City of Clovis Landfill,405590,"Hecate Energy Frye Solar, LLC",TX,467.2557904399609
2030,1,p57,Victoria Landfill,404918,"Hecate Energy Upshur Rural, LLC",TX,3902.655018885219
2030,1,p59,City of Clovis Landfill,402666,Fort Bliss (DEA EPIC),TX,4443.8714823108385
2030,1,p59,City of Clovis Landfill,401616,Montana Solar Facility,TX,4290.852122019987
2030,1,p59,City of Clovis Landfill,401045,Newman Solar,TX,2024.6175426348905
2030,1,p60,City of Clovis Landfill,403962,"ANSON Solar Center, LLC",TX,427.96518621253216
2030,1,p60,City of Clovis Landfill,403883,Azure Sky Solar,TX,621.3764428345082
2030,1,p60,City of Clovis Landfill,403232,"ENGIE Long Draw Solar, LLC",TX,266.46792743464044
2030,1,p60,City of Clovis Landfill,406252,Highpeak Solar 1,TX,233.38303839536243
2030,1,p60,City of Clovis Landfill,402721,Holstein 1 Solar Farm,TX,826.0163503634595
2030,1,p60,City of Clovis Landfill,405492,Juno Solar Project,TX,455.39435441543947
2030,1,p60,City of Clovis Landfill,402541,Lamesa II,TX,423.2712583667276
2030,1,p60,City of Clovis Landfill,401660,Lamesa Solar,TX,252.5865911472524
2030,1,p60,City of Clovis Landfill,405932,Lumina II Solar Project,TX,319.218391497393
2030,1,p60,City of Clovis Landfill,405933,Lumina Solar Project,TX,459.06491556639895
2030,1,p60,City of Clovis Landfill,402909,Misae Solar,TX,373.69071393999724
2030,1,p60,City of Clovis Landfill,400968,"OCI Alamo 7, LLC",TX,535.8847327723554
2030,1,p60,City of Clovis Landfill,405939,Texas Solar Nova 1,TX,252.27843167325847
2030,1,p61,City of Clovis Landfill,400967,Alamo 6,TX,333.4557488065383
2030,1,p61,City of Clovis Landfill,403557,Aragorn Solar Project,TX,313.3793533716984
2030,1,p61,City of Clovis Landfill,400691,Barilla Solar,TX,547.7211744989227
2030,1,p61,City of Clovis Landfill,401946,Bluebell Solar,TX,360.74385007143337
2030,1,p61,City of Clovis Landfill,403574,Bluebell Solar II,TX,393.9228335741627
2030,1,p61,City of Clovis Landfill,400554,"Bryan Solar, LLC",TX,429.81688256181667
2030,1,p61,City of Clovis Landfill,401463,Buckthorn Westex,TX,350.92746983807285
2030,1,p61,City of Clovis Landfill,401703,East Pecos Solar,TX,430.0701545882031
2030,1,p61,Victoria Landfill,405363,Galloway 1 Solar Farm,TX,767.5760805206208
2030,1,p61,City of Clovis Landfill,405363,Galloway 1 Solar Farm,TX,344.3084187316753
2030,1,p61,City of Clovis Landfill,405494,Galloway 2 Solar Farm,TX,361.3430217928665
2030,1,p61,City of Clovis Landfill,403210,Greasewood,TX,392.06580337960526
2030,1,p61,City of Clovis Landfill,406370,Hayhurst Texas Solar,TX,297.7827465170681
2030,1,p61,City of Clovis Landfill,402304,Midway Solar-TX,TX,323.37323504663027
2030,1,p61,Victoria Landfill,400695,"OCI Alamo 4, LLC",TX,359.2007867584459
2030,1,p61,City of Clovis Landfill,401868,Pearl Solar,TX,469.8242115660249
2030,1,p61,City of Clovis Landfill,402290,RE Maplewood,TX,328.36214904165615
2030,1,p61,City of Clovis Landfill,401430,RE Roserock,TX,393.5494039988274
2030,1,p61,City of Clovis Landfill,402848,Rambler,TX,318.20103188121266
2030,1,p61,City of Clovis Landfill,402083,Solaire Holman Solar Project,TX,439.8697637524049
2030,1,p61,City of Clovis Landfill,403023,"Taygete Energy Project, LLC",TX,467.74875419082787
2030,1,p61,City of Clovis Landfill,404647,Taygete II Energy Project,TX,324.83477527962566
2030,1,p61,City of Clovis Landfill,403551,Titan Solar Project,TX,373.26799559094644
2030,1,p61,Victoria Landfill,406103,Zier Solar,TX,347.8455974625266
2030,1,p62,City of Clovis Landfill,403502,2W Permian Solar Project Hybrid,TX,467.59951234294044
2030,1,p62,City of Clovis Landfill,403697,CED Crane Solar,TX,514.8787948759447
2030,1,p62,City of Clovis Landfill,401525,Castle Gap Solar Hybrid,TX,692.2000366319235
2030,1,p62,City of Clovis Landfill,404599,Emerald Grove,TX,883.4030496709755
2030,1,p62,City of Clovis Landfill,403004,Lapetus,TX,708.7853577149104
2030,1,p62,City of Clovis Landfill,403280,Oberon IA,TX,422.33469252967814
2030,1,p62,City of Clovis Landfill,403279,Oberon IB,TX,503.29491151825454
2030,1,p62,City of Clovis Landfill,403602,Oxy Renewable Energy-Goldsmith,TX,452.19051433066033
2030,1,p62,City of Clovis Landfill,402679,Phoebe Solar,TX,398.08922791051555
2030,1,p62,City of Clovis Landfill,403177,Prospero Solar,TX,306.99505753385455
2030,1,p62,City of Clovis Landfill,404128,Prospero Solar II,TX,405.5573292322433
2030,1,p62,City of Clovis Landfill,403070,"Roadrunner, LLC",TX,502.49184628673106
2030,1,p62,City of Clovis Landfill,401805,Upton County Solar,TX,799.1128763828249
2030,1,p62,City of Clovis Landfill,402995,West of the Pecos Solar,TX,788.9847404495307
2030,1,p63,Victoria Landfill,405599,"BPL Crown Solar, LLC",TX,325.65814764043955
2030,1,p63,Victoria Landfill,404966,BPL Files Solar,TX,407.1785597814155
2030,1,p63,Victoria Landfill,403825,Briar Creek Solar 1,TX,407.25837033027364
2030,1,p63,Victoria Landfill,402610,Chisum,TX,810.2335384679997
2030,1,p63,Victoria Landfill,401697,CoServ Community Solar Station,TX,495.87617456728066
2030,1,p63,Victoria Landfill,403188,Coniglio Solar,TX,582.2271606842129
2030,1,p63,Victoria Landfill,406415,Dileo Solar,TX,431.2456523214759
2030,1,p63,Victoria Landfill,402655,Eddy II,TX,411.50693409087205
2030,1,p63,Victoria Landfill,406221,Eiffel Solar Project,TX,742.4601293089939
2030,1,p63,Victoria Landfill,405540,"Ellis Solar, LLC",TX,510.61094407225926
2030,1,p63,Victoria Landfill,403823,Elm Branch Solar 1,TX,421.61582490939986
2030,1,p63,Victoria Landfill,406206,Five Wells Solar Center - Hybrid,TX,281.9926318380686
2030,1,p63,Victoria Landfill,404567,G.S.E. One LLC,TX,688.8061212483454
2030,1,p63,Victoria Landfill,403288,Griffin Solar,TX,422.0682546878274
2030,1,p63,Victoria Landfill,406202,Grizzly Ridge Solar,TX,389.1944030503418
2030,1,p63,Victoria Landfill,402329,Highway 56 Solar,TX,5594.028137626862
2030,1,p63,City of Clovis Landfill,402329,Highway 56 Solar,TX,454.4483163456907
2030,1,p63,Victoria Landfill,405319,IKEA Grand Prairie Rooftop PV System,TX,483.58464115731306
2030,1,p63,Victoria Landfill,405689,"IP Radian, LLC",TX,476.6627041360473
2030,1,p63,Victoria Landfill,403481,Impact Solar 1,TX,582.8404575301424
2030,1,p63,Victoria Landfill,403190,Kellam Solar,TX,446.1309982725314
2030,1,p63,Victoria Landfill,402421,Leon Solar,TX,710.8522394126164
2030,1,p63,Victoria Landfill,403874,Lily Solar Hybrid,TX,465.85689891342753
2030,1,p63,Victoria Landfill,402404,Marlin Solar,TX,309.9164936479219
2030,1,p63,Victoria Landfill,405794,Noble Solar,TX,703.3835611670736
2030,1,p63,City of Clovis Landfill,405794,Noble Solar,TX,416.13382058850243
2030,1,p63,City of Clovis Landfill,402405,North Gainesville Solar,TX,473.93110620657563
2030,1,p63,Victoria Landfill,401933,Phantom Solar,TX,302.8169084998196
2030,1,p63,Victoria Landfill,404872,"Pisgah Ridge Solar, LLC",TX,339.73969251974876
2030,1,p63,Victoria Landfill,406416,Pitts Dudik Solar,TX,558.959978165128
2030,1,p63,Victoria Landfill,403189,Rippey Solar,TX,5057.994902697809
2030,1,p63,City of Clovis Landfill,403189,Rippey Solar,TX,423.1547354338048
2030,1,p63,Victoria Landfill,404630,"Samson Solar Energy III, LLC",TX,494.74288036294496
2030,1,p63,Victoria Landfill,402652,Sterling Solar (TX),TX,780.8503788563787
2030,1,p63,Victoria Landfill,404812,Sun Valley Solar Project,TX,324.70598701025807
2030,1,p63,Victoria Landfill,404388,"TPE Erath Solar, LLC",TX,589.0928900909574
2030,1,p63,Victoria Landfill,403457,"TPE Whitney Solar, LLC",TX,602.0326730099333
2030,1,p63,Victoria Landfill,405361,Toyota HQ Plan,TX,503.65737413965996
2030,1,p63,Victoria Landfill,405907,Verizon Hidden Ridge Solar Project,TX,404.9616207481952
2030,1,p63,Victoria Landfill,405984,Waco Solar,TX,519.7033972257166
2030,1,p63,Victoria Landfill,402306,Walnut Springs Solar,TX,456.6606470073271
2030,1,p63,Victoria Landfill,402497,West Moore Solar II,TX,845.1152169932645
2030,1,p63,City of Clovis Landfill,402330,Whitesboro Solar,TX,507.72337613742536
2030,1,p63,City of Clovis Landfill,402331,Whitesboro Solar II,TX,460.1387265659308
2030,1,p63,Victoria Landfill,402414,Whitewright Solar,TX,512.9556759672139
2030,1,p63,Victoria Landfill,402654,Yellow Jacket,TX,569.9998629577241
2030,1,p64,Victoria Landfill,405731,Austin TX GigaFactory,TX,254.91628322209337
2030,1,p64,Victoria Landfill,402203,Bandera Electric Coop PV,TX,279.0840303874076
2030,1,p64,Victoria Landfill,404721,"Blue Jay Solar I, LLC",TX,283.7045296815227
2030,1,p64,Victoria Landfill,402648,Bovine,TX,155.4888191570506
2030,1,p64,Victoria Landfill,402389,"E-Volve Energy Holdings, LLC",TX,204.42495072973153
2030,1,p64,Victoria Landfill,400227,East Blackland Solar Project 1,TX,220.76161247974701
2030,1,p64,Victoria Landfill,405101,IKEA Round Rock 027,TX,253.26594778792884
2030,1,p64,Victoria Landfill,402653,Lampwick,TX,343.34732311259114
2030,1,p64,Victoria Landfill,405613,Niagara Bottling - Seguin,TX,196.3977786343867
2030,1,p64,Victoria Landfill,402544,PowerFin Kingsbery,TX,218.61977104725298
2030,1,p64,Victoria Landfill,400249,Webberville Solar Project,TX,221.07186038149143
2030,1,p65,Victoria Landfill,405700,Aktina Solar,TX,125.67711876812577
2030,1,p65,Victoria Landfill,404074,"Alexis Solar, LLC",TX,258.74865466325303
2030,1,p65,Victoria Landfill,405727,Bernard Creek Solar,TX,159.68980922091174
2030,1,p65,Victoria Landfill,400081,Blue Wing Solar Energy Generation,TX,182.42607043118795
2030,1,p65,Victoria Landfill,405477,Brightside,TX,148.01364711115934
2030,1,p65,Victoria Landfill,401728,CPS 1 Community Solar,TX,193.7856911528734
2030,1,p65,Victoria Landfill,402656,Cascade Solar (TX),TX,135.75191812915742
2030,1,p65,Victoria Landfill,403987,Catan Solar,TX,126.292295619298
2030,1,p65,Victoria Landfill,403091,Commerce Solar,TX,216.32288419769466
2030,1,p65,Victoria Landfill,404247,"Corazon Energy, LLC",TX,301.0868549150003
2030,1,p65,Victoria Landfill,404062,Elara Solar,TX,243.729962924067
2030,1,p65,Victoria Landfill,404359,FELPS 1-Calaveras,TX,170.15282813409223
2030,1,p65,Victoria Landfill,404361,FELPS 2-Calaveras,TX,183.66861691294528
2030,1,p65,Victoria Landfill,404362,FELPS 3-Floresville South,TX,160.8401912805508
2030,1,p65,Victoria Landfill,404363,FELPS 4-Floresville South,TX,159.6979576943502
2030,1,p65,Victoria Landfill,404364,FELPS 5-Floresville South,TX,155.99570304631354
2030,1,p65,Victoria Landfill,404739,FELPS 6- Floresville West,TX,158.34300833628146
2030,1,p65,Victoria Landfill,404740,FELPS 7- Floresville West,TX,170.33700074754688
2030,1,p65,Victoria Landfill,406516,Ganado Solar,TX,111.03186389185868
2030,1,p65,Victoria Landfill,405801,Horizon Solar,TX,242.15681955002714
2030,1,p65,Victoria Landfill,405380,IKEA Live Oak Rooftop PV System,TX,187.80008202049498
2030,1,p65,Victoria Landfill,403343,Mars Solar,TX,276.6661126178299
2030,1,p65,Victoria Landfill,404877,Nebula Solar,TX,299.1916444155778
2030,1,p65,Victoria Landfill,400694,"OCI Alamo 2, LLC",TX,190.80775303161414
2030,1,p65,Victoria Landfill,400965,"OCI Alamo 3, LLC",TX,180.7140407281854
2030,1,p65,Victoria Landfill,400966,"OCI Alamo 5, LLC",TX,276.7563524989578
2030,1,p65,Victoria Landfill,400593,OCI Alamo Solar I Hybrid,TX,212.01928175571433
2030,1,p65,Victoria Landfill,405809,Shakes Solar,TX,277.0155251902903
2030,1,p65,Victoria Landfill,405545,Sparta Solar,TX,136.85594966809714
2030,1,p65,Victoria Landfill,400379,"SunE CPS1, LLC",TX,186.58470226720345
2030,1,p65,Victoria Landfill,400364,"SunE CPS2, LLC",TX,202.33556904442136
2030,1,p65,Victoria Landfill,400353,"SunE CPS3, LLC",TX,200.52030228665032
2030,1,p65,Victoria Landfill,406032,Tres Bahias,TX,90.2758867472311
2030,1,p65,Victoria Landfill,404878,Vancourt Solar Interconnections,TX,300.94991514434935
2030,1,p66,Victoria Landfill,406386,Umbriel Solar,TX,1443.2540360089772
2030,1,p67,Victoria Landfill,404939,Brazoria County Solar Project (Danciger),TX,241.0008122315341
2030,1,p67,Victoria Landfill,404681,Brazoria West,TX,286.3330688799257
2030,1,p67,Victoria Landfill,402649,Bronson,TX,254.50971338635807
2030,1,p67,Victoria Landfill,406178,"Cutlass Solar 1, LLC",TX,250.64764663550636
2030,1,p67,Victoria Landfill,404587,Fighting Jays Solar Project,TX,231.74229191295726
2030,1,p67,Victoria Landfill,405564,"Fort Bend Solar, LLC",TX,262.84168477376767
2030,1,p67,Victoria Landfill,404853,"Longbow Solar, LLC",TX,304.8546420881024
2030,1,p67,Victoria Landfill,403514,Wagyu,TX,330.30510020169044
2030,2,p12,Apex Regional Landfill,402144,Battle Mountain Solar Project,NV,489.02176368921346
2030,2,p12,Apex Regional Landfill,405025,Brady,NV,482.20529690695986
2030,2,p12,Apex Regional Landfill,405553,Dodge Flat,NV,540.8135585416768
2030,2,p12,Apex Regional Landfill,402609,"EGP Stillwater Solar PV II, LLC",NV,458.71928852925606
2030,2,p12,Apex Regional Landfill,404659,Fish Springs,NV,559.4054277191907
2030,2,p12,Apex Regional Landfill,401086,Ft. Churchill PV,NV,430.437692493293
2030,2,p12,Apex Regional Landfill,405028,Galena 2 Geothermal Power Plant,NV,462.9778175176364
2030,2,p12,Apex Regional Landfill,402130,Luning Energy,NV,410.8118234104199
2030,2,p12,Apex Regional Landfill,403107,NVSS-II,NV,106.82966213316804
2030,2,p12,Apex Regional Landfill,400468,"Patua Acquisition Project, LLC",NV,483.4826683321439
2030,2,p12,Apex Regional Landfill,405021,Steamboat Hills LP,NV,533.8800575335954
2030,2,p12,Apex Regional Landfill,405023,Steamboat II,NV,555.0609666726082
2030,2,p12,Apex Regional Landfill,405024,Steamboat III,NV,446.1697725098503
2030,2,p12,Apex Regional Landfill,400029,Stillwater Facility,NV,440.63190097558504
2030,2,p12,Apex Regional Landfill,401318,Sunshine Valley Solar,NV,147.43591493500557
2030,2,p12,Apex Regional Landfill,405026,TS Power Plant,NV,497.1332229807886
2030,2,p12,Apex Regional Landfill,405576,Tesla Reno GigaFactory,NV,439.5251960889441
2030,2,p12,Apex Regional Landfill,401943,Tungsten Mountain,NV,418.0327232025536
2030,2,p12,Apex Regional Landfill,403308,Turquoise Liberty Solar,NV,503.90434312152433
2030,2,p12,Apex Regional Landfill,403884,"Turquoise Nevada, LLC",NV,520.0141375089789
2030,2,p12,Apex Regional Landfill,400035,Western 102 Power Plant,NV,443.9263201171399
2030,2,p13,Apex Regional Landfill,400555,Apex Solar PV Power Project,NV,71.37094836670111
2030,2,p13,Apex Regional Landfill,405385,Arrow Canyon Solar Hybrid,NV,86.52073093097292
2030,2,p13,Apex Regional Landfill,402017,"Boulder Solar II, LLC",NV,77.03430173240726
2030,2,p13,Apex Regional Landfill,401649,"Boulder Solar Power, LLC",NV,76.71465003903607
2030,2,p13,Apex Regional Landfill,400059,CM10,NV,80.20291141261569
2030,2,p13,Apex Regional Landfill,400086,CM48,NV,81.141313707182
2030,2,p13,Apex Regional Landfill,400363,Copper Mountain Solar 2,NV,79.90280323656091
2030,2,p13,Apex Regional Landfill,400802,Copper Mountain Solar 3,NV,73.13458934099263
2030,2,p13,Apex Regional Landfill,401308,"Copper Mountain Solar 4, LLC",NV,80.50773562837635
2030,2,p13,Apex Regional Landfill,403688,"Copper Mountain Solar 5, LLC",NV,81.75406345157656
2030,2,p13,Apex Regional Landfill,405358,Dignity - San Martin,NV,62.7176073188595
2030,2,p13,Apex Regional Landfill,405355,Dignity - Siena Campus,NV,61.41816287859544
2030,2,p13,Apex Regional Landfill,405556,Dry Lake Solar Energy Center,NV,76.15016365460772
2030,2,p13,Apex Regional Landfill,405495,Gemini Solar,NV,82.75072961616019
2030,2,p13,Apex Regional Landfill,403386,"Harry Allen Solar Energy, LLC",NV,74.97855862058356
2030,2,p13,Apex Regional Landfill,406090,IGS LAS1,NV,65.08361510624454
2030,2,p13,Apex Regional Landfill,406089,IGS VGT,NV,60.340206448903956
2030,2,p13,Apex Regional Landfill,405309,IKEA Las Vegas 462,NV,62.763813504101634
2030,2,p13,Apex Regional Landfill,400545,Las Vegas WPCF Solar Plant,NV,54.61247141553681
2030,2,p13,Apex Regional Landfill,400313,Moapa Southern Paiute,NV,88.2290041730364
2030,2,p13,Apex Regional Landfill,400600,Mountain View Solar,NV,71.44288241578285
2030,2,p13,Apex Regional Landfill,400036,Nellis Air Force Base Solar Array,NV,59.1885255361559
2030,2,p13,Apex Regional Landfill,401381,Nellis Solar PV II,NV,55.82697194070407
2030,2,p13,Apex Regional Landfill,401319,"Playa Solar 1, LLC",NV,73.77741146775185
2030,2,p13,Apex Regional Landfill,401596,Playa Solar 2,NV,74.66153392868009
2030,2,p13,Apex Regional Landfill,401274,River Mountains Solar,NV,65.10269591425535
2030,2,p13,Mohave Valley Landfill,401042,Searchlight Solar,NV,87.9533993410816
2030,2,p13,Apex Regional Landfill,400166,Silver State Solar Power North,NV,95.86571284132604
2030,2,p13,Apex Regional Landfill,400658,Silver State Solar Power South,NV,96.2076500923818
2030,2,p13,Apex Regional Landfill,405246,"Solar Las Vegas MB 2, LLC",NV,56.4090469052088
2030,2,p13,Apex Regional Landfill,405188,Solar Las Vegas MB-1,NV,56.43952263577712
2030,2,p13,Apex Regional Landfill,400556,Spectrum Solar PV Power Project,NV,66.67049754355534
2030,2,p13,Apex Regional Landfill,402485,"Techren Solar I, LLC",NV,75.73952487881304
2030,2,p13,Apex Regional Landfill,402690,"Techren Solar II, LLC",NV,74.72575671652558
2030,2,p13,Apex Regional Landfill,402691,"Techren Solar III, LLC",NV,76.38646854127715
2030,2,p13,Apex Regional Landfill,402692,"Techren Solar IV, LLC",NV,73.44920492068533
2030,2,p13,Apex Regional Landfill,403001,Techren Solar V,NV,73.48435928597576
2030,2,p13,Apex Regional Landfill,401851,Townsite Solar Project Hybrid,NV,72.19035929436025
2030,2,p13,Apex Regional Landfill,406448,Yellow Pine II,NV,96.38251520757369
2030,2,p13,Apex Regional Landfill,404971,Yellow Pine Solar,NV,95.16154480899756
2030,2,p27,Mohave Valley Landfill,400374,"Black Mountain Solar, LLC",AZ,67.1233396715322
2030,2,p27,Mohave Valley Landfill,402236,Gray Hawk Solar,AZ,100.11345647449585
2030,2,p27,Mohave Valley Landfill,401819,Jacobson 5 MW Solar,AZ,85.62839401666426
2030,2,p27,Mohave Valley Landfill,400199,La Senita,AZ,86.94890146239548
2030,2,p27,Mohave Valley Landfill,403718,Mohave Electric Cooperative at Joy Lane,AZ,44.38001524487418
2030,2,p27,Mohave Valley Landfill,401311,Mohave Electric at Fort Mohave,AZ,45.133476005165654
2030,2,p27,Mohave Valley Landfill,406478,Mohave Energy - Hybrid,AZ,43.55423451517572
2030,2,p28,Apache Junction Landfill,405418,AZ State University - Tempe Campus Solar,AZ,73.850941117665
2030,2,p28,South Yuma County Landfill,400148,Agua Caliente Solar Project,AZ,120.25570528224274
2030,2,p28,Apache Junction Landfill,402067,Apache Solar 1,AZ,199.69056977956467
2030,2,p28,South Yuma County Landfill,400274,Arizona Western College PV,AZ,48.93045897449738
2030,2,p28,Apache Junction Landfill,400240,Arlington Valley Solar Energy II,AZ,134.31648769310578
2030,2,p28,Apache Junction Landfill,400437,Badger 1,AZ,133.326133944551
2030,2,p28,Apache Junction Landfill,401688,Bonnybrooke PV,AZ,74.67672985782353
2030,2,p28,Apache Junction Landfill,400371,Buckeye Union HS District 201,AZ,117.27973842373737
2030,2,p28,Apache Junction Landfill,405635,"Central Line Solar, LLC",AZ,88.93445972556079
2030,2,p28,Apache Junction Landfill,400201,Chino Solar Valley,AZ,172.6722066588095
2030,2,p28,Apache Junction Landfill,400202,Cotton Center Solar Hybrid,AZ,128.61189330569704
2030,2,p28,Apache Junction Landfill,401069,Desert Star Hybrid,AZ,125.33610019672406
2030,2,p28,Apache Junction Landfill,403257,East Line Solar,AZ,88.47357181900786
2030,2,p28,Apache Junction Landfill,406171,Eleven Mile Solar Center,AZ,86.81879584749153
2030,2,p28,Apache Junction Landfill,405244,Estrella Mountain PV,AZ,102.59453744859839
2030,2,p28,South Yuma County Landfill,400349,Foothills Solar Plant Hybrid,AZ,50.39005758247883
2030,2,p28,Apache Junction Landfill,400825,Fort Huachuca Solar PV Project,AZ,215.09049877233517
2030,2,p28,Apache Junction Landfill,400845,Gila Bend Hybrid,AZ,136.71767618916613
2030,2,p28,Apache Junction Landfill,400599,"Gilbert Solar Facility I, LLC",AZ,64.72066759437325
2030,2,p28,South Yuma County Landfill,400507,Hyder II Hybrid,AZ,130.01584706747678
2030,2,p28,South Yuma County Landfill,400204,Hyder Solar Hybrid,AZ,131.01391562913952
2030,2,p28,Apache Junction Landfill,405282,Intel - Ocotillo Campus Solar,AZ,71.9280234205604
2030,2,p28,Apache Junction Landfill,405125,Jewish Community Center PV,AZ,79.03809584208693
2030,2,p28,Apache Junction Landfill,402234,Kayenta Solar Project,AZ,340.3699035950925
2030,2,p28,Apache Junction Landfill,400595,Lake Pleasant WTP,AZ,107.3544331262281
2030,2,p28,Apache Junction Landfill,400128,Luke Solar,AZ,105.59178438838269
2030,2,p28,Apache Junction Landfill,405068,Macys Goodyear,AZ,106.68216706191396
2030,2,p28,South Yuma County Landfill,406279,McFarland A Solar and Storage,AZ,119.9742223422148
2030,2,p28,Apache Junction Landfill,405617,Mesa Carport PV,AZ,51.33663031102384
2030,2,p28,Apache Junction Landfill,404512,Mesa Solar Array,AZ,51.445856501360204
2030,2,p28,Apache Junction Landfill,400250,Mesquite Solar 1,AZ,140.12700965372534
2030,2,p28,Apache Junction Landfill,401621,"Mesquite Solar 2, LLC",AZ,140.91805597180502
2030,2,p28,Apache Junction Landfill,401622,"Mesquite Solar 3, LLC",AZ,141.86867085085436
2030,2,p28,Apache Junction Landfill,406038,"Mesquite Solar 4, LLC",AZ,140.23608471726416
2030,2,p28,Apache Junction Landfill,404922,"Mesquite Solar 5, LLC",AZ,139.87351027341447
2030,2,p28,South Yuma County Landfill,403572,OE_AZ1,AZ,153.73536087209507
2030,2,p28,Apache Junction Landfill,400203,Paloma Solar Hybrid,AZ,127.47246125325609
2030,2,p28,Apache Junction Landfill,405126,Paradise Valley H.S. PV,AZ,85.0595265984907
2030,2,p28,Apache Junction Landfill,405150,Phoenix Airport East Economy Lot,AZ,77.391398680708
2030,2,p28,Apache Junction Landfill,405151,Phoenix Airport Rental Car Center,AZ,81.23104122401263
2030,2,p28,Apache Junction Landfill,402528,Pinal Central Energy Center Hybrid,AZ,86.0553172433
2030,2,p28,Apache Junction Landfill,400125,"Poseidon Solar, LLC",AZ,63.493672581201224
2030,2,p28,Apache Junction Landfill,400031,Prescott Airport,AZ,169.86212312098706
2030,2,p28,Apache Junction Landfill,400401,Prescott Solar Plant,AZ,168.74695859109184
2030,2,p28,Apache Junction Landfill,400323,Queen Creek Solar Farm,AZ,56.168794003966745
2030,2,p28,Mohave Valley Landfill,400289,"RE Bagdad Solar I, LLC",AZ,135.56593835155218
2030,2,p28,Apache Junction Landfill,405132,"RE Gillespie 1, LLC",AZ,126.50433558781558
2030,2,p28,Apache Junction Landfill,400758,Red Horse 2,AZ,177.74099560329452
2030,2,p28,Apache Junction Landfill,401609,Red Horse III,AZ,176.02575464147745
2030,2,p28,Apache Junction Landfill,401726,Red Rock,AZ,114.21082371134136
2030,2,p28,Apache Junction Landfill,406380,SR McNeal,AZ,238.08386080832136
2030,2,p28,South Yuma County Landfill,400416,Saddle Mountain Solar I,AZ,153.7642632385594
2030,2,p28,Apache Junction Landfill,403674,Saint Solar,AZ,87.73822050107579
2030,2,p28,Apache Junction Landfill,401214,Sandstone Solar,AZ,73.35922847553326
2030,2,p28,Apache Junction Landfill,405029,Solana Generating Station,AZ,149.78314242772245
2030,2,p28,Apache Junction Landfill,406275,Sonoran Solar Energy,AZ,115.73934668166132
2030,2,p28,Apache Junction Landfill,406034,Storey Solar and Storage,AZ,84.90700852923605
2030,2,p28,Apache Junction Landfill,401664,Sulphur Springs,AZ,199.91367143145112
2030,2,p28,Apache Junction Landfill,403643,Sun Streams 2,AZ,134.26582081991657
2030,2,p28,Apache Junction Landfill,406517,Sun Streams 3,AZ,132.1528978922664
2030,2,p28,Apache Junction Landfill,401975,"Sun Streams, LLC",AZ,134.95424548076147
2030,2,p28,Apache Junction Landfill,405311,T0588 Phoenix - AZ,AZ,92.8144505435873
2030,2,p28,Apache Junction Landfill,405134,Union HS at Casa Grande,AZ,83.68898285122391
2030,2,p28,Apache Junction Landfill,405135,Vista Grande HS at Casa Grande,AZ,86.89050084981857
2030,2,p28,Apache Junction Landfill,400334,Walmart Casa Grande,AZ,90.01950048830625
2030,2,p28,Apache Junction Landfill,406098,"West Line Solar, LLC",AZ,89.58965704778228
2030,2,p29,Apache Junction Landfill,400014,Springerville,AZ,637.631296376013
2030,2,p30,Apache Junction Landfill,405143,Actus Lend Lease DMAFB,AZ,158.443044067886
2030,2,p30,Apache Junction Landfill,405611,Amazon TUS2,AZ,166.5761504336175
2030,2,p30,Apache Junction Landfill,405268,Amphitheater High School Solar,AZ,153.1135132573368
2030,2,p30,Apache Junction Landfill,400939,Avalon Solar,AZ,171.73853538067598
2030,2,p30,Apache Junction Landfill,401479,Avalon Solar II,AZ,167.30914628099737
2030,2,p30,Apache Junction Landfill,400226,Avra Valley Solar,AZ,131.8247131788094
2030,2,p30,Apache Junction Landfill,404704,Broadway 2 - Tucson Phase II,AZ,142.10404311930762
2030,2,p30,Apache Junction Landfill,405768,Broadway 3 - Tucson Phase I,AZ,138.63723509085784
2030,2,p30,Apache Junction Landfill,405269,Canyon Del Oro High School Solar,AZ,138.16755109762514
2030,2,p30,Apache Junction Landfill,400757,Cogenra-TEP,AZ,160.0963382771635
2030,2,p30,Apache Junction Landfill,401295,Davis Monthan AFB (AZ) West Airfield,AZ,153.35331425425414
2030,2,p30,Apache Junction Landfill,400330,FRB Solar Farm,AZ,171.16680039286172
2030,2,p30,Apache Junction Landfill,400761,"Gato Montes Solar, LLC",AZ,169.24704941357183
2030,2,p30,Apache Junction Landfill,404536,Iron Horse Battery Storage Hybrid,AZ,179.9253093474483
2030,2,p30,Apache Junction Landfill,400552,"Picture Rocks Solar, LLC",AZ,132.2334126202785
2030,2,p30,Apache Junction Landfill,405374,Pima Community College,AZ,156.27330025339324
2030,2,p30,Apache Junction Landfill,405303,Pima Community College - East Campus,AZ,154.16690979579525
2030,2,p30,Apache Junction Landfill,405516,Pima Community College NW,AZ,141.46042962736112
2030,2,p30,Apache Junction Landfill,400408,Prairie Fire,AZ,164.03503696389475
2030,2,p30,Apache Junction Landfill,400290,"RE Ajo 1, LLC",AZ,504.349822139221
2030,2,p30,South Yuma County Landfill,400290,"RE Ajo 1, LLC",AZ,158.80079109647167
2030,2,p30,Apache Junction Landfill,404926,Raptor Ridge,AZ,154.35695410767784
2030,2,p30,Apache Junction Landfill,400857,Rio Rico Solar,AZ,221.84497227006082
2030,2,p30,Apache Junction Landfill,400193,Roger Road WWTP,AZ,143.05384418810897
2030,2,p30,Apache Junction Landfill,401076,Tech Park Solar,AZ,171.62863114359007
2030,2,p30,Apache Junction Landfill,400156,UASTP I,AZ,162.6135504120224
2030,2,p30,Apache Junction Landfill,401075,Valencia Solar,AZ,160.51397638876384
2030,2,p30,Apache Junction Landfill,404187,"Wilmot Energy Center, LLC",AZ,189.4616534606573
2030,2,p31,City of Clovis Landfill,400211,Alamogordo Solar Energy Center,NM,255.03298421609378
2030,2,p31,Northeastern New Mexico Regional Landfill,400206,Albuquerque Solar Energy Center,NM,190.4638030601611
2030,2,p31,Northeastern New Mexico Regional Landfill,403675,Alcalde Solar Array,NM,127.44547841085257
2030,2,p31,Apache Junction Landfill,401595,Alta Luna,NM,351.9721339888648
2030,2,p31,Northeastern New Mexico Regional Landfill,404724,Angel Fire Energy Facility,NM,84.64854763377672
2030,2,p31,Northeastern New Mexico Regional Landfill,405469,Arroyo Solar Energy Storage Hybrid,NM,237.73674628104754
2030,2,p31,Northeastern New Mexico Regional Landfill,403321,Bluewater CDEC 1,NM,264.4445840142575
2030,2,p31,Northeastern New Mexico Regional Landfill,403736,Britton Solar Energy Center,NM,167.77687646712386
2030,2,p31,City of Clovis Landfill,404981,Buena Vista Energy Center,NM,306.61758104070447
2030,2,p31,Northeastern New Mexico Regional Landfill,402876,CNMEC Solar Energy Center,NM,180.40046357509772
2030,2,p31,City of Clovis Landfill,402519,Carrizozo Solar,NM,200.78775735557548
2030,2,p31,Northeastern New Mexico Regional Landfill,401202,Cibola,NM,224.52735117225387
2030,2,p31,Northeastern New Mexico Regional Landfill,400104,Cimarron Solar Facility,NM,65.02939054441144
2030,2,p31,Apache Junction Landfill,402988,City of Gallup Solar,NM,305.54837935639716
2030,2,p31,Northeastern New Mexico Regional Landfill,403604,City of Rio Rancho WWTP,NM,193.87152355169127
2030,2,p31,City of Clovis Landfill,401225,City of Truth or Consequences PV,NM,320.08360763113996
2030,2,p31,Apache Junction Landfill,402177,Columbus Solar Project,NM,349.9579889193306
2030,2,p31,Northeastern New Mexico Regional Landfill,404748,"Cuba 2.5ac, LLC",NM,184.35069602049575
2030,2,p31,Apache Junction Landfill,400209,Deming Solar Energy Center,NM,323.75605313159224
2030,2,p31,Northeastern New Mexico Regional Landfill,403868,Encino Solar Energy Center,NM,197.9881430953093
2030,2,p31,Northeastern New Mexico Regional Landfill,401038,Eubank Landfill Solar Array,NM,186.0715149508049
2030,2,p31,Northeastern New Mexico Regional Landfill,402441,Facebook 1 Solar Energy Center,NM,212.0677575478782
2030,2,p31,Northeastern New Mexico Regional Landfill,402442,Facebook 2 Solar Energy Center,NM,202.1048423443653
2030,2,p31,Northeastern New Mexico Regional Landfill,402443,Facebook 3 Solar Energy Center,NM,202.50264644768282
2030,2,p31,Northeastern New Mexico Regional Landfill,403322,Grants CDEC 2,NM,258.64047227261267
2030,2,p31,City of Clovis Landfill,400216,"Hatch Solar Energy Center I, LLC",NM,329.13572231963536
2030,2,p31,City of Clovis Landfill,401617,Holloman Solar Facility,NM,253.67060147677088
2030,2,p31,Northeastern New Mexico Regional Landfill,406109,"Jicarilla Solar 1, LLC",NM,220.29546055558782
2030,2,p31,Northeastern New Mexico Regional Landfill,400427,Kit Carson,NM,124.68335162050265
2030,2,p31,Northeastern New Mexico Regional Landfill,400210,Las Vegas Solar Energy Center,NM,85.7793762557652
2030,2,p31,Northeastern New Mexico Regional Landfill,400434,Los Alamos PV Site,NM,144.0443549632042
2030,2,p31,Northeastern New Mexico Regional Landfill,400207,Los Lunas Solar Energy Center,NM,214.32473497746443
2030,2,p31,Apache Junction Landfill,400838,Macho Springs,NM,328.4296533296116
2030,2,p31,Northeastern New Mexico Regional Landfill,400582,Manzano Solar,NM,208.6410581470314
2030,2,p31,Northeastern New Mexico Regional Landfill,401201,Meadow Lake Solar Energy Center,NM,200.58297555857803
2030,2,p31,Northeastern New Mexico Regional Landfill,406177,"NMRD Data Center III, LLC",NM,191.99119698813863
2030,2,p31,City of Clovis Landfill,405693,NMSU Solar and Storage,NM,324.54440252192376
2030,2,p31,Northeastern New Mexico Regional Landfill,406375,OE_ESCL,NM,270.04020616992665
2030,2,p31,City of Clovis Landfill,400581,Otero Solar,NM,244.01051049048834
2030,2,p31,Northeastern New Mexico Regional Landfill,400146,Questa Solar Facility,NM,118.393787306609
2030,2,p31,Northeastern New Mexico Regional Landfill,403178,"RC Energy AA, LLC Solar Facility",NM,183.54558112069887
2030,2,p31,Northeastern New Mexico Regional Landfill,401566,Rio Communities Solar Energy Center,NM,213.27513400843972
2030,2,p31,Northeastern New Mexico Regional Landfill,403084,Rio De Oro Solar Energy Center,NM,210.61639949538412
2030,2,p31,Northeastern New Mexico Regional Landfill,400624,Rio Rancho High School,NM,187.21007224977907
2030,2,p31,City of Clovis Landfill,400135,Roadrunner Solar,NM,344.57572527191456
2030,2,p31,Northeastern New Mexico Regional Landfill,404648,"Route 66 Energy Center, LLC",NM,251.1323844467006
2030,2,p31,Northeastern New Mexico Regional Landfill,403387,San Miguel I Solar Energy Center,NM,85.30854570443215
2030,2,p31,Northeastern New Mexico Regional Landfill,405458,San Miguel II Solar Energy Center,NM,85.303706577571
2030,2,p31,Northeastern New Mexico Regional Landfill,401161,Sandoval Solar Energy Center,NM,189.98416948405546
2030,2,p31,Northeastern New Mexico Regional Landfill,401564,Santa Fe Solar Energy Center,NM,137.16671661376722
2030,2,p31,Northeastern New Mexico Regional Landfill,401565,Santolina Solar Energy Center,NM,205.48128204862448
2030,2,p31,Apache Junction Landfill,400596,Silver City WWTP PV Project,NM,279.43210260501036
2030,2,p31,Northeastern New Mexico Regional Landfill,406343,Sky Ranch Solar,NM,227.0807287214583
2030,2,p31,Northeastern New Mexico Regional Landfill,401563,South Valley Solar Energy Center,NM,203.8192328889459
2030,2,p31,Northeastern New Mexico Regional Landfill,401162,Springer Solar 1,NM,59.61066787433804
2030,2,p31,Northeastern New Mexico Regional Landfill,400735,Storrie Lake Solar Project,NM,84.96840076788
2030,2,p31,Northeastern New Mexico Regional Landfill,400623,Sue Cleveland High School,NM,183.7288620381888
2030,2,p31,City of Clovis Landfill,400343,"SunE EPE1, LLC",NM,309.1004788890395
2030,2,p31,City of Clovis Landfill,400342,"SunE EPE2, LLC",NM,334.293006455236
2030,2,p31,Northeastern New Mexico Regional Landfill,402854,Syncarpha Eagle Nest,NM,88.13124474648059
2030,2,p31,Northeastern New Mexico Regional Landfill,403412,Syncarpha El Rito,NM,140.6691508927907
2030,2,p31,Northeastern New Mexico Regional Landfill,403413,Syncarpha Questa,NM,120.27783853902034
2030,2,p31,Northeastern New Mexico Regional Landfill,403411,Syncarpha Taos,NM,103.0445395844339
2030,2,p31,Northeastern New Mexico Regional Landfill,404618,Taos Mesa Energy Facility Hybrid,NM,103.03059522524302
2030,2,p31,Northeastern New Mexico Regional Landfill,403011,Vista Solar Energy Center,NM,205.64344039721084
2030,2,p31,City of Clovis Landfill,400354,WSMR I,NM,296.91333514792274
2030,2,p31,City of Clovis Landfill,405245,Wal-Mart Truth or Consequences PV,NM,313.19430946345216
2030,2,p47,City of Clovis Landfill,400979,"Caprock Solar 1, LLC",NM,75.52682283438598
2030,2,p47,City of Clovis Landfill,404980,Chaves County Solar II,NM,134.4513909074077
2030,2,p47,City of Clovis Landfill,401681,"Chaves Solar, LLC",NM,146.71624552315436
2030,2,p47,City of Clovis Landfill,400614,GSE NM1,NM,145.1611501926876
2030,2,p47,City of Clovis Landfill,404982,Hayhurst New Mexico Solar,NM,239.7969047043783
2030,2,p47,City of Clovis Landfill,402530,Middle Daisy,NM,138.84444736602143
2030,2,p47,City of Clovis Landfill,401682,"Roswell Solar, LLC",NM,138.39876007687877
2030,2,p47,City of Clovis Landfill,400546,SEV NM Phase 2,NM,151.7318138343369
2030,2,p47,City of Clovis Landfill,400260,SPS1 Dollarhide,NM,199.4862425236237
2030,2,p47,City of Clovis Landfill,400261,SPS2 Jal,NM,218.42530565597454
2030,2,p47,City of Clovis Landfill,400262,SPS3 Lea,NM,177.45828068167654
2030,2,p47,City of Clovis Landfill,400264,SPS5 Hopi,NM,213.15293784470282
2030,2,p47,City of Clovis Landfill,404698,SoCore Clovis 1,NM,23.535042491956307
2030,2,p48,City of Clovis Landfill,406439,"BESSP1, LLC",TX,351.60475616033585
2030,2,p48,City of Clovis Landfill,405590,"Hecate Energy Frye Solar, LLC",TX,319.83072844035644
2030,2,p57,Victoria Landfill,404918,"Hecate Energy Upshur Rural, LLC",TX,3277.748162791239
2030,2,p59,City of Clovis Landfill,402666,Fort Bliss (DEA EPIC),TX,3231.4917616980815
2030,2,p59,City of Clovis Landfill,401616,Montana Solar Facility,TX,1474.1842954224394
2030,2,p59,City of Clovis Landfill,401045,Newman Solar,TX,1278.2815345730035
2030,2,p60,City of Clovis Landfill,403962,"ANSON Solar Center, LLC",TX,337.3647433670121
2030,2,p60,City of Clovis Landfill,403883,Azure Sky Solar,TX,461.4666404422962
2030,2,p60,City of Clovis Landfill,403232,"ENGIE Long Draw Solar, LLC",TX,325.8684593060529
2030,2,p60,City of Clovis Landfill,406252,Highpeak Solar 1,TX,315.38114401590605
2030,2,p60,City of Clovis Landfill,402721,Holstein 1 Solar Farm,TX,551.0750944335088
2030,2,p60,City of Clovis Landfill,405492,Juno Solar Project,TX,317.2015788934867
2030,2,p60,City of Clovis Landfill,402541,Lamesa II,TX,298.5928614433678
2030,2,p60,City of Clovis Landfill,401660,Lamesa Solar,TX,253.9176714257172
2030,2,p60,City of Clovis Landfill,405932,Lumina II Solar Project,TX,256.4739420622361
2030,2,p60,City of Clovis Landfill,405933,Lumina Solar Project,TX,330.7869382498705
2030,2,p60,City of Clovis Landfill,402909,Misae Solar,TX,223.7249762734487
2030,2,p60,City of Clovis Landfill,400968,"OCI Alamo 7, LLC",TX,403.20905192983565
2030,2,p60,City of Clovis Landfill,405939,Texas Solar Nova 1,TX,206.3435752394094
2030,2,p61,City of Clovis Landfill,400967,Alamo 6,TX,376.5582264349248
2030,2,p61,City of Clovis Landfill,403557,Aragorn Solar Project,TX,351.748171959102
2030,2,p61,City of Clovis Landfill,400691,Barilla Solar,TX,372.98800835734676
2030,2,p61,City of Clovis Landfill,401946,Bluebell Solar,TX,401.1590829107101
2030,2,p61,City of Clovis Landfill,403574,Bluebell Solar II,TX,318.2265638843466
2030,2,p61,City of Clovis Landfill,400554,"Bryan Solar, LLC",TX,472.05439663941877
2030,2,p61,City of Clovis Landfill,401463,Buckthorn Westex,TX,292.3414450462028
2030,2,p61,City of Clovis Landfill,401703,East Pecos Solar,TX,298.89998745677116
2030,2,p61,Victoria Landfill,405363,Galloway 1 Solar Farm,TX,2327.7551866768117
2030,2,p61,City of Clovis Landfill,405363,Galloway 1 Solar Farm,TX,344.3084187316753
2030,2,p61,Victoria Landfill,405494,Galloway 2 Solar Farm,TX,868.5461420230805
2030,2,p61,City of Clovis Landfill,405494,Galloway 2 Solar Farm,TX,341.09622586863554
2030,2,p61,City of Clovis Landfill,403210,Greasewood,TX,327.03808866002214
2030,2,p61,City of Clovis Landfill,406370,Hayhurst Texas Solar,TX,246.92977156746855
2030,2,p61,City of Clovis Landfill,402304,Midway Solar-TX,TX,410.11966251314175
2030,2,p61,Victoria Landfill,400695,"OCI Alamo 4, LLC",TX,364.484109644479
2030,2,p61,City of Clovis Landfill,401868,Pearl Solar,TX,396.7121200304377
2030,2,p61,City of Clovis Landfill,402290,RE Maplewood,TX,389.12318157253577
2030,2,p61,City of Clovis Landfill,401430,RE Roserock,TX,296.2047100712257
2030,2,p61,City of Clovis Landfill,402848,Rambler,TX,380.96265568654445
2030,2,p61,City of Clovis Landfill,402083,Solaire Holman Solar Project,TX,354.9890566565027
2030,2,p61,City of Clovis Landfill,403023,"Taygete Energy Project, LLC",TX,338.56733795407695
2030,2,p61,City of Clovis Landfill,404647,Taygete II Energy Project,TX,277.61836107632024
2030,2,p61,City of Clovis Landfill,403551,Titan Solar Project,TX,291.53607596563995
2030,2,p61,Victoria Landfill,406103,Zier Solar,TX,351.07221747516957
2030,2,p62,City of Clovis Landfill,403502,2W Permian Solar Project Hybrid,TX,261.1762216727035
2030,2,p62,City of Clovis Landfill,403697,CED Crane Solar,TX,306.48135443541116
2030,2,p62,City of Clovis Landfill,401525,Castle Gap Solar Hybrid,TX,470.99073660542217
2030,2,p62,City of Clovis Landfill,404599,Emerald Grove,TX,580.1239581567197
2030,2,p62,City of Clovis Landfill,403004,Lapetus,TX,416.25403561555754
2030,2,p62,City of Clovis Landfill,403280,Oberon IA,TX,254.396430724257
2030,2,p62,City of Clovis Landfill,403279,Oberon IB,TX,360.91262054101867
2030,2,p62,City of Clovis Landfill,403602,Oxy Renewable Energy-Goldsmith,TX,247.3372815727584
2030,2,p62,City of Clovis Landfill,402679,Phoebe Solar,TX,300.4105133856427
2030,2,p62,City of Clovis Landfill,403177,Prospero Solar,TX,236.6308465871016
2030,2,p62,City of Clovis Landfill,404128,Prospero Solar II,TX,289.9903778797586
2030,2,p62,City of Clovis Landfill,403070,"Roadrunner, LLC",TX,296.77776798591424
2030,2,p62,City of Clovis Landfill,401805,Upton County Solar,TX,517.5925140991218
2030,2,p62,City of Clovis Landfill,402995,West of the Pecos Solar,TX,489.8804068486206
2030,2,p63,Victoria Landfill,405599,"BPL Crown Solar, LLC",TX,291.47015357816383
2030,2,p63,Victoria Landfill,404966,BPL Files Solar,TX,363.16665749611633
2030,2,p63,Victoria Landfill,403825,Briar Creek Solar 1,TX,361.93656055466334
2030,2,p63,Victoria Landfill,402610,Chisum,TX,677.4957192404131
2030,2,p63,Victoria Landfill,401697,CoServ Community Solar Station,TX,742.2404085597934
2030,2,p63,Victoria Landfill,403188,Coniglio Solar,TX,510.15397296491227
2030,2,p63,Victoria Landfill,406415,Dileo Solar,TX,344.90263120679435
2030,2,p63,Victoria Landfill,402655,Eddy II,TX,353.7489745616501
2030,2,p63,Victoria Landfill,406221,Eiffel Solar Project,TX,630.072107220826
2030,2,p63,Victoria Landfill,405540,"Ellis Solar, LLC",TX,464.70199469413245
2030,2,p63,Victoria Landfill,403823,Elm Branch Solar 1,TX,378.7704501440416
2030,2,p63,Victoria Landfill,406206,Five Wells Solar Center - Hybrid,TX,257.229218771587
2030,2,p63,Victoria Landfill,404567,G.S.E. One LLC,TX,596.8158392970815
2030,2,p63,Victoria Landfill,403288,Griffin Solar,TX,364.1593989410643
2030,2,p63,Victoria Landfill,406202,Grizzly Ridge Solar,TX,414.05059693156824
2030,2,p63,Victoria Landfill,402329,Highway 56 Solar,TX,1352.2883981299349
2030,2,p63,City of Clovis Landfill,402329,Highway 56 Solar,TX,454.4483163456907
2030,2,p63,Victoria Landfill,405319,IKEA Grand Prairie Rooftop PV System,TX,410.8345808229815
2030,2,p63,Victoria Landfill,405689,"IP Radian, LLC",TX,414.7214198814884
2030,2,p63,Victoria Landfill,403481,Impact Solar 1,TX,605.7296291013413
2030,2,p63,Victoria Landfill,403190,Kellam Solar,TX,659.8186353097534
2030,2,p63,Victoria Landfill,402421,Leon Solar,TX,597.329055205399
2030,2,p63,Victoria Landfill,403874,Lily Solar Hybrid,TX,370.24282552982675
2030,2,p63,Victoria Landfill,402404,Marlin Solar,TX,328.5694649858892
2030,2,p63,City of Clovis Landfill,405794,Noble Solar,TX,456.94226504155677
2030,2,p63,Victoria Landfill,402405,North Gainesville Solar,TX,27780.3803500314
2030,2,p63,City of Clovis Landfill,402405,North Gainesville Solar,TX,423.56771647126783
2030,2,p63,Victoria Landfill,401933,Phantom Solar,TX,273.12013388023536
2030,2,p63,Victoria Landfill,404872,"Pisgah Ridge Solar, LLC",TX,432.34223896403535
2030,2,p63,Victoria Landfill,406416,Pitts Dudik Solar,TX,402.1971846632826
2030,2,p63,Victoria Landfill,403189,Rippey Solar,TX,1309.3036007401506
2030,2,p63,City of Clovis Landfill,403189,Rippey Solar,TX,423.1547354338048
2030,2,p63,Victoria Landfill,404630,"Samson Solar Energy III, LLC",TX,638.0146508697229
2030,2,p63,Victoria Landfill,402652,Sterling Solar (TX),TX,498.69545755100387
2030,2,p63,Victoria Landfill,404812,Sun Valley Solar Project,TX,373.8088327798859
2030,2,p63,Victoria Landfill,404388,"TPE Erath Solar, LLC",TX,498.4493720299354
2030,2,p63,Victoria Landfill,403457,"TPE Whitney Solar, LLC",TX,407.06236063766244
2030,2,p63,Victoria Landfill,405361,Toyota HQ Plan,TX,446.51276030489555
2030,2,p63,Victoria Landfill,405907,Verizon Hidden Ridge Solar Project,TX,616.2459316702432
2030,2,p63,Victoria Landfill,405984,Waco Solar,TX,387.28838198087186
2030,2,p63,Victoria Landfill,402306,Walnut Springs Solar,TX,469.10421761544785
2030,2,p63,Victoria Landfill,402497,West Moore Solar II,TX,696.8998257988063
2030,2,p63,Victoria Landfill,402330,Whitesboro Solar,TX,1981.146420742149
2030,2,p63,City of Clovis Landfill,402330,Whitesboro Solar,TX,442.7029777922294
2030,2,p63,Victoria Landfill,402331,Whitesboro Solar II,TX,2734.2663792519143
2030,2,p63,City of Clovis Landfill,402331,Whitesboro Solar II,TX,442.61151200533305
2030,2,p63,Victoria Landfill,402414,Whitewright Solar,TX,571.9510369880816
2030,2,p63,Victoria Landfill,402654,Yellow Jacket,TX,476.0292391231678
2030,2,p64,Victoria Landfill,405731,Austin TX GigaFactory,TX,233.90632164107794
2030,2,p64,Victoria Landfill,402203,Bandera Electric Coop PV,TX,352.4500522457484
2030,2,p64,Victoria Landfill,404721,"Blue Jay Solar I, LLC",TX,266.15307398241777
2030,2,p64,Victoria Landfill,402648,Bovine,TX,163.29498026025644
2030,2,p64,Victoria Landfill,402389,"E-Volve Energy Holdings, LLC",TX,195.39999194235997
2030,2,p64,Victoria Landfill,400227,East Blackland Solar Project 1,TX,207.31869717557782
2030,2,p64,Victoria Landfill,405101,IKEA Round Rock 027,TX,244.4657947126836
2030,2,p64,Victoria Landfill,402653,Lampwick,TX,319.6422749355474
2030,2,p64,Victoria Landfill,405613,Niagara Bottling - Seguin,TX,177.46040625927913
2030,2,p64,Victoria Landfill,402544,PowerFin Kingsbery,TX,198.92487085307636
2030,2,p64,Victoria Landfill,400249,Webberville Solar Project,TX,199.9287720851214
2030,2,p65,Victoria Landfill,405700,Aktina Solar,TX,119.8860499806857
2030,2,p65,Victoria Landfill,404074,"Alexis Solar, LLC",TX,238.42251250300544
2030,2,p65,Victoria Landfill,405727,Bernard Creek Solar,TX,148.96587464685297
2030,2,p65,Victoria Landfill,400081,Blue Wing Solar Energy Generation,TX,191.41459164486477
2030,2,p65,Victoria Landfill,405477,Brightside,TX,139.14756838648293
2030,2,p65,Victoria Landfill,401728,CPS 1 Community Solar,TX,179.05282695813708
2030,2,p65,Victoria Landfill,402656,Cascade Solar (TX),TX,146.45577805838047
2030,2,p65,Victoria Landfill,403987,Catan Solar,TX,117.92664017994858
2030,2,p65,Victoria Landfill,403091,Commerce Solar,TX,201.54153272232455
2030,2,p65,Victoria Landfill,404247,"Corazon Energy, LLC",TX,280.65285910083014
2030,2,p65,Victoria Landfill,404062,Elara Solar,TX,229.85068147024893
2030,2,p65,Victoria Landfill,404359,FELPS 1-Calaveras,TX,179.60977786500106
2030,2,p65,Victoria Landfill,404361,FELPS 2-Calaveras,TX,174.5907548526399
2030,2,p65,Victoria Landfill,404362,FELPS 3-Floresville South,TX,169.10461611438578
2030,2,p65,Victoria Landfill,404363,FELPS 4-Floresville South,TX,152.50585149931084
2030,2,p65,Victoria Landfill,404364,FELPS 5-Floresville South,TX,164.3639207121334
2030,2,p65,Victoria Landfill,404739,FELPS 6- Floresville West,TX,172.5282947203334
2030,2,p65,Victoria Landfill,404740,FELPS 7- Floresville West,TX,157.87163054351603
2030,2,p65,Victoria Landfill,406516,Ganado Solar,TX,108.61985053898371
2030,2,p65,Victoria Landfill,405801,Horizon Solar,TX,226.15169113058388
2030,2,p65,Victoria Landfill,405380,IKEA Live Oak Rooftop PV System,TX,189.20947502636966
2030,2,p65,Victoria Landfill,403343,Mars Solar,TX,239.03144036324284
2030,2,p65,Victoria Landfill,404877,Nebula Solar,TX,281.9747152175895
2030,2,p65,Victoria Landfill,400694,"OCI Alamo 2, LLC",TX,209.8046992992027
2030,2,p65,Victoria Landfill,400965,"OCI Alamo 3, LLC",TX,191.39671017238243
2030,2,p65,Victoria Landfill,400966,"OCI Alamo 5, LLC",TX,297.39879181893144
2030,2,p65,Victoria Landfill,400593,OCI Alamo Solar I Hybrid,TX,185.21738324418297
2030,2,p65,Victoria Landfill,405809,Shakes Solar,TX,275.0904060611895
2030,2,p65,Victoria Landfill,405545,Sparta Solar,TX,142.7010408637777
2030,2,p65,Victoria Landfill,400379,"SunE CPS1, LLC",TX,175.99468254749607
2030,2,p65,Victoria Landfill,400364,"SunE CPS2, LLC",TX,175.97763737245518
2030,2,p65,Victoria Landfill,400353,"SunE CPS3, LLC",TX,191.7575845932056
2030,2,p65,Victoria Landfill,406032,Tres Bahias,TX,90.15947832880398
2030,2,p65,Victoria Landfill,404878,Vancourt Solar Interconnections,TX,324.87275364050856
2030,2,p66,Victoria Landfill,406386,Umbriel Solar,TX,1030.0159045055393
2030,2,p67,Victoria Landfill,404939,Brazoria County Solar Project (Danciger),TX,214.6532752391937
2030,2,p67,Victoria Landfill,404681,Brazoria West,TX,252.20419803528665
2030,2,p67,Victoria Landfill,402649,Bronson,TX,228.03884297622287
2030,2,p67,Victoria Landfill,406178,"Cutlass Solar 1, LLC",TX,203.00370422766883
2030,2,p67,Victoria Landfill,404587,Fighting Jays Solar Project,TX,209.4205108445152
2030,2,p67,Victoria Landfill,405564,"Fort Bend Solar, LLC",TX,231.68425292612991
2030,2,p67,Victoria Landfill,404853,"Longbow Solar, LLC",TX,269.435456641283
2030,2,p67,Victoria Landfill,403514,Wagyu,TX,287.81279992796095
2030,3,p12,Apex Regional Landfill,402144,Battle Mountain Solar Project,NV,506.13689572397135
2030,3,p12,Apex Regional Landfill,405025,Brady,NV,482.20529690695986
2030,3,p12,Apex Regional Landfill,405553,Dodge Flat,NV,536.0302254017337
2030,3,p12,Apex Regional Landfill,402609,"EGP Stillwater Solar PV II, LLC",NV,453.80298968800065
2030,3,p12,Apex Regional Landfill,404659,Fish Springs,NV,559.4054277191907
2030,3,p12,Apex Regional Landfill,401086,Ft. Churchill PV,NV,427.87520801531247
2030,3,p12,Apex Regional Landfill,405028,Galena 2 Geothermal Power Plant,NV,462.9778175176364
2030,3,p12,Apex Regional Landfill,402130,Luning Energy,NV,410.8118234104199
2030,3,p12,Apex Regional Landfill,403107,NVSS-II,NV,107.73866246405026
2030,3,p12,Apex Regional Landfill,400468,"Patua Acquisition Project, LLC",NV,479.58589927367876
2030,3,p12,Apex Regional Landfill,405021,Steamboat Hills LP,NV,530.1968124005036
2030,3,p12,Apex Regional Landfill,405023,Steamboat II,NV,555.0609666726082
2030,3,p12,Apex Regional Landfill,405024,Steamboat III,NV,446.1697725098503
2030,3,p12,Apex Regional Landfill,400029,Stillwater Facility,NV,451.9268401244962
2030,3,p12,Apex Regional Landfill,401318,Sunshine Valley Solar,NV,147.43591493500557
2030,3,p12,Apex Regional Landfill,405026,TS Power Plant,NV,493.0791110399708
2030,3,p12,Apex Regional Landfill,405576,Tesla Reno GigaFactory,NV,470.93046969845716
2030,3,p12,Apex Regional Landfill,401943,Tungsten Mountain,NV,414.81818728005794
2030,3,p12,Apex Regional Landfill,403308,Turquoise Liberty Solar,NV,503.90434312152433
2030,3,p12,Apex Regional Landfill,403884,"Turquoise Nevada, LLC",NV,513.1006968782846
2030,3,p12,Apex Regional Landfill,400035,Western 102 Power Plant,NV,484.86153502501577
2030,3,p13,Apex Regional Landfill,400555,Apex Solar PV Power Project,NV,71.17514156973061
2030,3,p13,Apex Regional Landfill,405385,Arrow Canyon Solar Hybrid,NV,86.55454903039966
2030,3,p13,Apex Regional Landfill,402017,"Boulder Solar II, LLC",NV,77.03430173240726
2030,3,p13,Apex Regional Landfill,401649,"Boulder Solar Power, LLC",NV,76.55598171118908
2030,3,p13,Apex Regional Landfill,400059,CM10,NV,80.11198977389968
2030,3,p13,Apex Regional Landfill,400086,CM48,NV,80.39300083953214
2030,3,p13,Apex Regional Landfill,400363,Copper Mountain Solar 2,NV,80.0846759863819
2030,3,p13,Apex Regional Landfill,400802,Copper Mountain Solar 3,NV,72.94615322925773
2030,3,p13,Apex Regional Landfill,401308,"Copper Mountain Solar 4, LLC",NV,80.50773562837635
2030,3,p13,Apex Regional Landfill,403688,"Copper Mountain Solar 5, LLC",NV,81.5575818514963
2030,3,p13,Apex Regional Landfill,405358,Dignity - San Martin,NV,62.7176073188595
2030,3,p13,Apex Regional Landfill,405355,Dignity - Siena Campus,NV,61.41816287859544
2030,3,p13,Apex Regional Landfill,405556,Dry Lake Solar Energy Center,NV,76.15016365460772
2030,3,p13,Apex Regional Landfill,405495,Gemini Solar,NV,83.13479708853174
2030,3,p13,Apex Regional Landfill,403386,"Harry Allen Solar Energy, LLC",NV,75.00150671199502
2030,3,p13,Apex Regional Landfill,406090,IGS LAS1,NV,64.96657011935564
2030,3,p13,Apex Regional Landfill,406089,IGS VGT,NV,60.340206448903956
2030,3,p13,Apex Regional Landfill,405309,IKEA Las Vegas 462,NV,62.86612572123943
2030,3,p13,Apex Regional Landfill,400545,Las Vegas WPCF Solar Plant,NV,54.69162700477197
2030,3,p13,Apex Regional Landfill,400313,Moapa Southern Paiute,NV,88.2290041730364
2030,3,p13,Apex Regional Landfill,400600,Mountain View Solar,NV,71.13476057025903
2030,3,p13,Apex Regional Landfill,400036,Nellis Air Force Base Solar Array,NV,59.02077070282991
2030,3,p13,Apex Regional Landfill,401381,Nellis Solar PV II,NV,55.85028879702938
2030,3,p13,Apex Regional Landfill,401319,"Playa Solar 1, LLC",NV,74.04144916650299
2030,3,p13,Apex Regional Landfill,401596,Playa Solar 2,NV,74.30049313982589
2030,3,p13,Apex Regional Landfill,401274,River Mountains Solar,NV,64.88057011176349
2030,3,p13,Mohave Valley Landfill,401042,Searchlight Solar,NV,87.37239106477065
2030,3,p13,Apex Regional Landfill,400166,Silver State Solar Power North,NV,95.42544181201895
2030,3,p13,Apex Regional Landfill,400658,Silver State Solar Power South,NV,95.8941632663024
2030,3,p13,Apex Regional Landfill,405246,"Solar Las Vegas MB 2, LLC",NV,56.4090469052088
2030,3,p13,Apex Regional Landfill,405188,Solar Las Vegas MB-1,NV,56.44560893102983
2030,3,p13,Apex Regional Landfill,400556,Spectrum Solar PV Power Project,NV,66.49094953755825
2030,3,p13,Apex Regional Landfill,402485,"Techren Solar I, LLC",NV,75.52222979358757
2030,3,p13,Apex Regional Landfill,402690,"Techren Solar II, LLC",NV,74.72575671652558
2030,3,p13,Apex Regional Landfill,402691,"Techren Solar III, LLC",NV,76.38646854127715
2030,3,p13,Apex Regional Landfill,402692,"Techren Solar IV, LLC",NV,73.65982413335983
2030,3,p13,Apex Regional Landfill,403001,Techren Solar V,NV,73.48435928597576
2030,3,p13,Apex Regional Landfill,401851,Townsite Solar Project Hybrid,NV,72.03385212297955
2030,3,p13,Apex Regional Landfill,406448,Yellow Pine II,NV,96.38251520757369
2030,3,p13,Apex Regional Landfill,404971,Yellow Pine Solar,NV,95.01823457527136
2030,3,p27,Mohave Valley Landfill,400374,"Black Mountain Solar, LLC",AZ,67.1233396715322
2030,3,p27,Mohave Valley Landfill,402236,Gray Hawk Solar,AZ,96.89421369383888
2030,3,p27,Mohave Valley Landfill,401819,Jacobson 5 MW Solar,AZ,85.62839401666426
2030,3,p27,Mohave Valley Landfill,400199,La Senita,AZ,97.13065510149183
2030,3,p27,Mohave Valley Landfill,403718,Mohave Electric Cooperative at Joy Lane,AZ,44.38001524487418
2030,3,p27,Mohave Valley Landfill,401311,Mohave Electric at Fort Mohave,AZ,45.0949784627247
2030,3,p27,Mohave Valley Landfill,406478,Mohave Energy - Hybrid,AZ,43.544751122784376
2030,3,p28,Apache Junction Landfill,405418,AZ State University - Tempe Campus Solar,AZ,73.850941117665
2030,3,p28,South Yuma County Landfill,400148,Agua Caliente Solar Project,AZ,120.3152552196865
2030,3,p28,Apache Junction Landfill,402067,Apache Solar 1,AZ,200.8614768482687
2030,3,p28,South Yuma County Landfill,400274,Arizona Western College PV,AZ,49.00931608169673
2030,3,p28,Apache Junction Landfill,400240,Arlington Valley Solar Energy II,AZ,134.31648769310578
2030,3,p28,Apache Junction Landfill,400437,Badger 1,AZ,133.78892947604032
2030,3,p28,Apache Junction Landfill,401688,Bonnybrooke PV,AZ,74.70506861382074
2030,3,p28,Apache Junction Landfill,400371,Buckeye Union HS District 201,AZ,117.27973842373737
2030,3,p28,Apache Junction Landfill,405635,"Central Line Solar, LLC",AZ,88.93445972556079
2030,3,p28,Apache Junction Landfill,400201,Chino Solar Valley,AZ,173.87449877276623
2030,3,p28,Apache Junction Landfill,400202,Cotton Center Solar Hybrid,AZ,127.56125938702625
2030,3,p28,Apache Junction Landfill,401069,Desert Star Hybrid,AZ,125.12512764439252
2030,3,p28,Apache Junction Landfill,403257,East Line Solar,AZ,88.47357181900786
2030,3,p28,Apache Junction Landfill,406171,Eleven Mile Solar Center,AZ,86.99343041803468
2030,3,p28,Apache Junction Landfill,405244,Estrella Mountain PV,AZ,102.6510803401113
2030,3,p28,South Yuma County Landfill,400349,Foothills Solar Plant Hybrid,AZ,50.215033867711355
2030,3,p28,Apache Junction Landfill,400825,Fort Huachuca Solar PV Project,AZ,216.48798727726967
2030,3,p28,Apache Junction Landfill,400845,Gila Bend Hybrid,AZ,137.0807960019053
2030,3,p28,Apache Junction Landfill,400599,"Gilbert Solar Facility I, LLC",AZ,64.82457477227081
2030,3,p28,South Yuma County Landfill,400507,Hyder II Hybrid,AZ,130.01584706747678
2030,3,p28,South Yuma County Landfill,400204,Hyder Solar Hybrid,AZ,130.5189305009214
2030,3,p28,Apache Junction Landfill,405282,Intel - Ocotillo Campus Solar,AZ,72.03380782136777
2030,3,p28,Apache Junction Landfill,405125,Jewish Community Center PV,AZ,79.03809584208693
2030,3,p28,Apache Junction Landfill,402234,Kayenta Solar Project,AZ,340.3699035950925
2030,3,p28,Apache Junction Landfill,400595,Lake Pleasant WTP,AZ,107.3544331262281
2030,3,p28,Apache Junction Landfill,400128,Luke Solar,AZ,105.59178438838269
2030,3,p28,Apache Junction Landfill,405068,Macys Goodyear,AZ,106.68216706191396
2030,3,p28,South Yuma County Landfill,406279,McFarland A Solar and Storage,AZ,120.2671387766553
2030,3,p28,Apache Junction Landfill,405617,Mesa Carport PV,AZ,51.33663031102384
2030,3,p28,Apache Junction Landfill,404512,Mesa Solar Array,AZ,51.39976107868928
2030,3,p28,Apache Junction Landfill,400250,Mesquite Solar 1,AZ,140.12700965372534
2030,3,p28,Apache Junction Landfill,401621,"Mesquite Solar 2, LLC",AZ,140.91805597180502
2030,3,p28,Apache Junction Landfill,401622,"Mesquite Solar 3, LLC",AZ,141.86867085085436
2030,3,p28,Apache Junction Landfill,406038,"Mesquite Solar 4, LLC",AZ,140.38751655084937
2030,3,p28,Apache Junction Landfill,404922,"Mesquite Solar 5, LLC",AZ,139.60398365964932
2030,3,p28,South Yuma County Landfill,403572,OE_AZ1,AZ,153.37209452932348
2030,3,p28,Apache Junction Landfill,400203,Paloma Solar Hybrid,AZ,128.2321515697125
2030,3,p28,Apache Junction Landfill,405126,Paradise Valley H.S. PV,AZ,85.0595265984907
2030,3,p28,Apache Junction Landfill,405150,Phoenix Airport East Economy Lot,AZ,77.391398680708
2030,3,p28,Apache Junction Landfill,405151,Phoenix Airport Rental Car Center,AZ,81.27299921372777
2030,3,p28,Apache Junction Landfill,402528,Pinal Central Energy Center Hybrid,AZ,85.91306917781354
2030,3,p28,Apache Junction Landfill,400125,"Poseidon Solar, LLC",AZ,63.493672581201224
2030,3,p28,Apache Junction Landfill,400031,Prescott Airport,AZ,168.05034842886062
2030,3,p28,Apache Junction Landfill,400401,Prescott Solar Plant,AZ,168.74695859109184
2030,3,p28,Apache Junction Landfill,400323,Queen Creek Solar Farm,AZ,56.168794003966745
2030,3,p28,Mohave Valley Landfill,400289,"RE Bagdad Solar I, LLC",AZ,135.56593835155218
2030,3,p28,Apache Junction Landfill,405132,"RE Gillespie 1, LLC",AZ,126.27713958190378
2030,3,p28,Apache Junction Landfill,400758,Red Horse 2,AZ,176.67809359024034
2030,3,p28,Apache Junction Landfill,401609,Red Horse III,AZ,174.9841616069197
2030,3,p28,Apache Junction Landfill,401726,Red Rock,AZ,114.84004827521365
2030,3,p28,Apache Junction Landfill,406380,SR McNeal,AZ,240.03942114076196
2030,3,p28,Apache Junction Landfill,400416,Saddle Mountain Solar I,AZ,427.7118434588489
2030,3,p28,South Yuma County Landfill,400416,Saddle Mountain Solar I,AZ,153.15595838241885
2030,3,p28,Apache Junction Landfill,403674,Saint Solar,AZ,87.71181942165845
2030,3,p28,Apache Junction Landfill,401214,Sandstone Solar,AZ,73.60441194713201
2030,3,p28,Apache Junction Landfill,405029,Solana Generating Station,AZ,149.78314242772245
2030,3,p28,Apache Junction Landfill,406275,Sonoran Solar Energy,AZ,115.39148226930736
2030,3,p28,Apache Junction Landfill,406034,Storey Solar and Storage,AZ,84.80998832170282
2030,3,p28,Apache Junction Landfill,401664,Sulphur Springs,AZ,201.23053615828417
2030,3,p28,Apache Junction Landfill,403643,Sun Streams 2,AZ,133.36247905049464
2030,3,p28,Apache Junction Landfill,406517,Sun Streams 3,AZ,132.62142998085744
2030,3,p28,Apache Junction Landfill,401975,"Sun Streams, LLC",AZ,134.95424548076147
2030,3,p28,Apache Junction Landfill,405311,T0588 Phoenix - AZ,AZ,92.8144505435873
2030,3,p28,Apache Junction Landfill,405134,Union HS at Casa Grande,AZ,83.89439378305939
2030,3,p28,Apache Junction Landfill,405135,Vista Grande HS at Casa Grande,AZ,86.55632552553719
2030,3,p28,Apache Junction Landfill,400334,Walmart Casa Grande,AZ,90.01950048830625
2030,3,p28,Apache Junction Landfill,406098,"West Line Solar, LLC",AZ,89.58965704778228
2030,3,p29,Apache Junction Landfill,400014,Springerville,AZ,509.8390260944342
2030,3,p30,Apache Junction Landfill,405143,Actus Lend Lease DMAFB,AZ,158.443044067886
2030,3,p30,Apache Junction Landfill,405611,Amazon TUS2,AZ,166.5761504336175
2030,3,p30,Apache Junction Landfill,405268,Amphitheater High School Solar,AZ,150.4597848927422
2030,3,p30,Apache Junction Landfill,400939,Avalon Solar,AZ,171.73853538067598
2030,3,p30,Apache Junction Landfill,401479,Avalon Solar II,AZ,166.02933142217665
2030,3,p30,Apache Junction Landfill,400226,Avra Valley Solar,AZ,134.58700233510962
2030,3,p30,Apache Junction Landfill,404704,Broadway 2 - Tucson Phase II,AZ,140.97930772891704
2030,3,p30,Apache Junction Landfill,405768,Broadway 3 - Tucson Phase I,AZ,145.0098252595017
2030,3,p30,Apache Junction Landfill,405269,Canyon Del Oro High School Solar,AZ,138.16755109762514
2030,3,p30,Apache Junction Landfill,400757,Cogenra-TEP,AZ,160.0963382771635
2030,3,p30,Apache Junction Landfill,401295,Davis Monthan AFB (AZ) West Airfield,AZ,162.35814985059392
2030,3,p30,Apache Junction Landfill,400330,FRB Solar Farm,AZ,171.16680039286172
2030,3,p30,Apache Junction Landfill,400761,"Gato Montes Solar, LLC",AZ,167.34481904799495
2030,3,p30,Apache Junction Landfill,404536,Iron Horse Battery Storage Hybrid,AZ,177.84138722262668
2030,3,p30,Apache Junction Landfill,400552,"Picture Rocks Solar, LLC",AZ,132.2334126202785
2030,3,p30,Apache Junction Landfill,405374,Pima Community College,AZ,156.27330025339324
2030,3,p30,Apache Junction Landfill,405303,Pima Community College - East Campus,AZ,154.16690979579525
2030,3,p30,Apache Junction Landfill,405516,Pima Community College NW,AZ,141.46042962736112
2030,3,p30,Apache Junction Landfill,400408,Prairie Fire,AZ,164.03503696389475
2030,3,p30,Apache Junction Landfill,400290,"RE Ajo 1, LLC",AZ,1150.586259422871
2030,3,p30,South Yuma County Landfill,400290,"RE Ajo 1, LLC",AZ,158.80079109647164
2030,3,p30,Apache Junction Landfill,404926,Raptor Ridge,AZ,173.92055961107687
2030,3,p30,Apache Junction Landfill,400857,Rio Rico Solar,AZ,217.53872277606393
2030,3,p30,Apache Junction Landfill,400193,Roger Road WWTP,AZ,143.05384418810897
2030,3,p30,Apache Junction Landfill,401076,Tech Park Solar,AZ,170.40095655496773
2030,3,p30,Apache Junction Landfill,400156,UASTP I,AZ,164.96268806682775
2030,3,p30,Apache Junction Landfill,401075,Valencia Solar,AZ,160.51397638876384
2030,3,p30,Apache Junction Landfill,404187,"Wilmot Energy Center, LLC",AZ,189.4616534606573
2030,3,p31,City of Clovis Landfill,400211,Alamogordo Solar Energy Center,NM,255.03298421609378
2030,3,p31,Northeastern New Mexico Regional Landfill,400206,Albuquerque Solar Energy Center,NM,188.58341089574813
2030,3,p31,Northeastern New Mexico Regional Landfill,403675,Alcalde Solar Array,NM,127.44547841085257
2030,3,p31,Apache Junction Landfill,401595,Alta Luna,NM,351.9721339888648
2030,3,p31,Northeastern New Mexico Regional Landfill,404724,Angel Fire Energy Facility,NM,84.64854763377672
2030,3,p31,Northeastern New Mexico Regional Landfill,405469,Arroyo Solar Energy Storage Hybrid,NM,235.84292815598357
2030,3,p31,Northeastern New Mexico Regional Landfill,403321,Bluewater CDEC 1,NM,264.4445840142575
2030,3,p31,Northeastern New Mexico Regional Landfill,403736,Britton Solar Energy Center,NM,166.99258190068312
2030,3,p31,City of Clovis Landfill,404981,Buena Vista Energy Center,NM,300.8020891533376
2030,3,p31,Northeastern New Mexico Regional Landfill,402876,CNMEC Solar Energy Center,NM,179.0815150552843
2030,3,p31,City of Clovis Landfill,402519,Carrizozo Solar,NM,201.3955135096489
2030,3,p31,Northeastern New Mexico Regional Landfill,401202,Cibola,NM,221.1966019576478
2030,3,p31,Northeastern New Mexico Regional Landfill,400104,Cimarron Solar Facility,NM,64.81896041870482
2030,3,p31,Apache Junction Landfill,402988,City of Gallup Solar,NM,305.54837935639716
2030,3,p31,Northeastern New Mexico Regional Landfill,403604,City of Rio Rancho WWTP,NM,192.80539759343515
2030,3,p31,City of Clovis Landfill,401225,City of Truth or Consequences PV,NM,318.23063465478225
2030,3,p31,Apache Junction Landfill,402177,Columbus Solar Project,NM,349.9579889193306
2030,3,p31,Northeastern New Mexico Regional Landfill,404748,"Cuba 2.5ac, LLC",NM,184.35069602049575
2030,3,p31,Apache Junction Landfill,400209,Deming Solar Energy Center,NM,324.1811938113519
2030,3,p31,Northeastern New Mexico Regional Landfill,403868,Encino Solar Energy Center,NM,197.9881430953093
2030,3,p31,Northeastern New Mexico Regional Landfill,401038,Eubank Landfill Solar Array,NM,186.0715149508049
2030,3,p31,Northeastern New Mexico Regional Landfill,402441,Facebook 1 Solar Energy Center,NM,212.0677575478782
2030,3,p31,Northeastern New Mexico Regional Landfill,402442,Facebook 2 Solar Energy Center,NM,200.28634319407928
2030,3,p31,Northeastern New Mexico Regional Landfill,402443,Facebook 3 Solar Energy Center,NM,200.3766577397952
2030,3,p31,Northeastern New Mexico Regional Landfill,403322,Grants CDEC 2,NM,258.64047227261267
2030,3,p31,Apache Junction Landfill,400216,"Hatch Solar Energy Center I, LLC",NM,747.3315431026612
2030,3,p31,City of Clovis Landfill,400216,"Hatch Solar Energy Center I, LLC",NM,326.1394364285098
2030,3,p31,City of Clovis Landfill,401617,Holloman Solar Facility,NM,252.0408096730366
2030,3,p31,Northeastern New Mexico Regional Landfill,406109,"Jicarilla Solar 1, LLC",NM,220.29546055558782
2030,3,p31,Northeastern New Mexico Regional Landfill,400427,Kit Carson,NM,124.68335162050265
2030,3,p31,Northeastern New Mexico Regional Landfill,400210,Las Vegas Solar Energy Center,NM,85.56459912010106
2030,3,p31,Northeastern New Mexico Regional Landfill,400434,Los Alamos PV Site,NM,144.0443549632042
2030,3,p31,Northeastern New Mexico Regional Landfill,400207,Los Lunas Solar Energy Center,NM,211.83702322890724
2030,3,p31,Apache Junction Landfill,400838,Macho Springs,NM,340.26506939804074
2030,3,p31,Northeastern New Mexico Regional Landfill,400582,Manzano Solar,NM,206.28418176285405
2030,3,p31,Northeastern New Mexico Regional Landfill,401201,Meadow Lake Solar Energy Center,NM,200.58297555857803
2030,3,p31,Northeastern New Mexico Regional Landfill,406177,"NMRD Data Center III, LLC",NM,191.99119698813863
2030,3,p31,City of Clovis Landfill,405693,NMSU Solar and Storage,NM,324.54440252192376
2030,3,p31,Northeastern New Mexico Regional Landfill,406375,OE_ESCL,NM,265.30341461508453
2030,3,p31,City of Clovis Landfill,400581,Otero Solar,NM,242.2491751876219
2030,3,p31,Northeastern New Mexico Regional Landfill,400146,Questa Solar Facility,NM,118.393787306609
2030,3,p31,Northeastern New Mexico Regional Landfill,403178,"RC Energy AA, LLC Solar Facility",NM,182.67677638829196
2030,3,p31,Northeastern New Mexico Regional Landfill,401566,Rio Communities Solar Energy Center,NM,213.94223419160656
2030,3,p31,Northeastern New Mexico Regional Landfill,403084,Rio De Oro Solar Energy Center,NM,210.61639949538412
2030,3,p31,Northeastern New Mexico Regional Landfill,400624,Rio Rancho High School,NM,184.9833450724206
2030,3,p31,City of Clovis Landfill,400135,Roadrunner Solar,NM,340.33276766920517
2030,3,p31,Northeastern New Mexico Regional Landfill,404648,"Route 66 Energy Center, LLC",NM,251.1323844467006
2030,3,p31,Northeastern New Mexico Regional Landfill,403387,San Miguel I Solar Energy Center,NM,85.30854570443215
2030,3,p31,Northeastern New Mexico Regional Landfill,405458,San Miguel II Solar Energy Center,NM,84.95991589940515
2030,3,p31,Northeastern New Mexico Regional Landfill,401161,Sandoval Solar Energy Center,NM,189.98416948405546
2030,3,p31,Northeastern New Mexico Regional Landfill,401564,Santa Fe Solar Energy Center,NM,136.60933327141746
2030,3,p31,Northeastern New Mexico Regional Landfill,401565,Santolina Solar Energy Center,NM,207.64360011540253
2030,3,p31,Apache Junction Landfill,400596,Silver City WWTP PV Project,NM,279.43210260501036
2030,3,p31,Northeastern New Mexico Regional Landfill,406343,Sky Ranch Solar,NM,227.0807287214583
2030,3,p31,Northeastern New Mexico Regional Landfill,401563,South Valley Solar Energy Center,NM,202.7087473326324
2030,3,p31,Northeastern New Mexico Regional Landfill,401162,Springer Solar 1,NM,59.43814228079872
2030,3,p31,Northeastern New Mexico Regional Landfill,400735,Storrie Lake Solar Project,NM,84.96840076788
2030,3,p31,Northeastern New Mexico Regional Landfill,400623,Sue Cleveland High School,NM,182.7540651717752
2030,3,p31,City of Clovis Landfill,400343,"SunE EPE1, LLC",NM,306.41184762035886
2030,3,p31,City of Clovis Landfill,400342,"SunE EPE2, LLC",NM,330.92509013518844
2030,3,p31,Northeastern New Mexico Regional Landfill,402854,Syncarpha Eagle Nest,NM,87.76841560151033
2030,3,p31,Northeastern New Mexico Regional Landfill,403412,Syncarpha El Rito,NM,140.68395143161226
2030,3,p31,Northeastern New Mexico Regional Landfill,403413,Syncarpha Questa,NM,119.71510142624987
2030,3,p31,Northeastern New Mexico Regional Landfill,403411,Syncarpha Taos,NM,102.58133643837682
2030,3,p31,Northeastern New Mexico Regional Landfill,404618,Taos Mesa Energy Facility Hybrid,NM,103.03059522524302
2030,3,p31,Northeastern New Mexico Regional Landfill,403011,Vista Solar Energy Center,NM,213.57404941151813
2030,3,p31,City of Clovis Landfill,400354,WSMR I,NM,296.91333514792274
2030,3,p31,City of Clovis Landfill,405245,Wal-Mart Truth or Consequences PV,NM,313.97540734264516
2030,3,p47,City of Clovis Landfill,400979,"Caprock Solar 1, LLC",NM,85.77366348735153
2030,3,p47,City of Clovis Landfill,404980,Chaves County Solar II,NM,134.4513909074077
2030,3,p47,City of Clovis Landfill,401681,"Chaves Solar, LLC",NM,144.66352596746552
2030,3,p47,City of Clovis Landfill,400614,GSE NM1,NM,145.1611501926876
2030,3,p47,City of Clovis Landfill,404982,Hayhurst New Mexico Solar,NM,237.34231022272215
2030,3,p47,City of Clovis Landfill,402530,Middle Daisy,NM,137.2589731837533
2030,3,p47,City of Clovis Landfill,401682,"Roswell Solar, LLC",NM,140.7319828487178
2030,3,p47,City of Clovis Landfill,400546,SEV NM Phase 2,NM,150.29939918934357
2030,3,p47,City of Clovis Landfill,400260,SPS1 Dollarhide,NM,228.08840063521706
2030,3,p47,City of Clovis Landfill,400261,SPS2 Jal,NM,200.36986282404914
2030,3,p47,City of Clovis Landfill,400262,SPS3 Lea,NM,177.45828068167654
2030,3,p47,City of Clovis Landfill,400264,SPS5 Hopi,NM,213.15293784470282
2030,3,p47,City of Clovis Landfill,404698,SoCore Clovis 1,NM,23.535042491956307
2030,3,p48,City of Clovis Landfill,406439,"BESSP1, LLC",TX,347.3354154719286
2030,3,p48,City of Clovis Landfill,405590,"Hecate Energy Frye Solar, LLC",TX,316.57282727534204
2030,3,p57,Victoria Landfill,404918,"Hecate Energy Upshur Rural, LLC",TX,3251.737191573939
2030,3,p59,City of Clovis Landfill,402666,Fort Bliss (DEA EPIC),TX,3231.4917616980815
2030,3,p59,City of Clovis Landfill,401616,Montana Solar Facility,TX,1438.0626227758441
2030,3,p59,City of Clovis Landfill,401045,Newman Solar,TX,1251.2711711119596
2030,3,p60,City of Clovis Landfill,403962,"ANSON Solar Center, LLC",TX,337.3647433670121
2030,3,p60,City of Clovis Landfill,403883,Azure Sky Solar,TX,461.4666404422962
2030,3,p60,City of Clovis Landfill,403232,"ENGIE Long Draw Solar, LLC",TX,320.9988806761355
2030,3,p60,City of Clovis Landfill,406252,Highpeak Solar 1,TX,311.5325133853453
2030,3,p60,City of Clovis Landfill,402721,Holstein 1 Solar Farm,TX,533.5258646438986
2030,3,p60,City of Clovis Landfill,405492,Juno Solar Project,TX,308.03160707056423
2030,3,p60,City of Clovis Landfill,402541,Lamesa II,TX,298.5928614433678
2030,3,p60,City of Clovis Landfill,401660,Lamesa Solar,TX,247.89457407666424
2030,3,p60,City of Clovis Landfill,405932,Lumina II Solar Project,TX,256.4739420622361
2030,3,p60,City of Clovis Landfill,405933,Lumina Solar Project,TX,330.7869382498705
2030,3,p60,City of Clovis Landfill,402909,Misae Solar,TX,220.09093931823827
2030,3,p60,City of Clovis Landfill,400968,"OCI Alamo 7, LLC",TX,403.20905192983565
2030,3,p60,City of Clovis Landfill,405939,Texas Solar Nova 1,TX,206.3435752394094
2030,3,p61,City of Clovis Landfill,400967,Alamo 6,TX,370.7580445291246
2030,3,p61,City of Clovis Landfill,403557,Aragorn Solar Project,TX,290.88134023665236
2030,3,p61,City of Clovis Landfill,400691,Barilla Solar,TX,372.98800835734676
2030,3,p61,City of Clovis Landfill,401946,Bluebell Solar,TX,401.1590829107101
2030,3,p61,City of Clovis Landfill,403574,Bluebell Solar II,TX,318.2265638843466
2030,3,p61,City of Clovis Landfill,400554,"Bryan Solar, LLC",TX,472.05439663941877
2030,3,p61,City of Clovis Landfill,401463,Buckthorn Westex,TX,292.3414450462028
2030,3,p61,City of Clovis Landfill,401703,East Pecos Solar,TX,360.4186460250562
2030,3,p61,Victoria Landfill,405363,Galloway 1 Solar Farm,TX,1340.6075162846705
2030,3,p61,City of Clovis Landfill,405363,Galloway 1 Solar Farm,TX,344.3084187316753
2030,3,p61,City of Clovis Landfill,405494,Galloway 2 Solar Farm,TX,409.1973731374296
2030,3,p61,City of Clovis Landfill,403210,Greasewood,TX,327.03808866002214
2030,3,p61,City of Clovis Landfill,406370,Hayhurst Texas Solar,TX,246.92977156746855
2030,3,p61,City of Clovis Landfill,402304,Midway Solar-TX,TX,410.11966251314175
2030,3,p61,Victoria Landfill,400695,"OCI Alamo 4, LLC",TX,357.06330954805446
2030,3,p61,City of Clovis Landfill,401868,Pearl Solar,TX,388.0919396523344
2030,3,p61,City of Clovis Landfill,402290,RE Maplewood,TX,389.12318157253577
2030,3,p61,City of Clovis Landfill,401430,RE Roserock,TX,296.2047100712257
2030,3,p61,City of Clovis Landfill,402848,Rambler,TX,380.96265568654445
2030,3,p61,City of Clovis Landfill,402083,Solaire Holman Solar Project,TX,348.9652498139435
2030,3,p61,City of Clovis Landfill,403023,"Taygete Energy Project, LLC",TX,338.56733795407695
2030,3,p61,City of Clovis Landfill,404647,Taygete II Energy Project,TX,277.61836107632024
2030,3,p61,City of Clovis Landfill,403551,Titan Solar Project,TX,286.17908318641963
2030,3,p61,Victoria Landfill,406103,Zier Solar,TX,346.9439262569185
2030,3,p62,City of Clovis Landfill,403502,2W Permian Solar Project Hybrid,TX,249.9618437587891
2030,3,p62,City of Clovis Landfill,403697,CED Crane Solar,TX,300.55570201935586
2030,3,p62,City of Clovis Landfill,401525,Castle Gap Solar Hybrid,TX,470.99073660542217
2030,3,p62,City of Clovis Landfill,404599,Emerald Grove,TX,559.047283794909
2030,3,p62,City of Clovis Landfill,403004,Lapetus,TX,416.25403561555754
2030,3,p62,City of Clovis Landfill,403280,Oberon IA,TX,249.6754777898481
2030,3,p62,City of Clovis Landfill,403279,Oberon IB,TX,360.91262054101867
2030,3,p62,City of Clovis Landfill,403602,Oxy Renewable Energy-Goldsmith,TX,242.38503427988988
2030,3,p62,City of Clovis Landfill,402679,Phoebe Solar,TX,300.4105133856427
2030,3,p62,City of Clovis Landfill,403177,Prospero Solar,TX,236.6308465871016
2030,3,p62,City of Clovis Landfill,404128,Prospero Solar II,TX,289.9903778797586
2030,3,p62,City of Clovis Landfill,403070,"Roadrunner, LLC",TX,291.35034313220973
2030,3,p62,City of Clovis Landfill,401805,Upton County Solar,TX,517.5925140991218
2030,3,p62,City of Clovis Landfill,402995,West of the Pecos Solar,TX,489.8804068486206
2030,3,p63,Victoria Landfill,405599,"BPL Crown Solar, LLC",TX,291.47015357816383
2030,3,p63,Victoria Landfill,404966,BPL Files Solar,TX,363.16665749611633
2030,3,p63,Victoria Landfill,403825,Briar Creek Solar 1,TX,361.93656055466334
2030,3,p63,Victoria Landfill,402610,Chisum,TX,677.4957192404131
2030,3,p63,Victoria Landfill,401697,CoServ Community Solar Station,TX,742.2404085597934
2030,3,p63,Victoria Landfill,403188,Coniglio Solar,TX,510.15397296491227
2030,3,p63,Victoria Landfill,406415,Dileo Solar,TX,341.1578161535728
2030,3,p63,Victoria Landfill,402655,Eddy II,TX,353.7489745616501
2030,3,p63,Victoria Landfill,406221,Eiffel Solar Project,TX,630.072107220826
2030,3,p63,Victoria Landfill,405540,"Ellis Solar, LLC",TX,456.4102265789338
2030,3,p63,Victoria Landfill,403823,Elm Branch Solar 1,TX,374.6275937103235
2030,3,p63,Victoria Landfill,406206,Five Wells Solar Center - Hybrid,TX,254.81384328991246
2030,3,p63,Victoria Landfill,404567,G.S.E. One LLC,TX,596.8158392970815
2030,3,p63,Victoria Landfill,403288,Griffin Solar,TX,364.1593989410643
2030,3,p63,Victoria Landfill,406202,Grizzly Ridge Solar,TX,403.0947544753562
2030,3,p63,Victoria Landfill,402329,Highway 56 Solar,TX,1352.2883981299349
2030,3,p63,City of Clovis Landfill,402329,Highway 56 Solar,TX,454.4483163456907
2030,3,p63,Victoria Landfill,405319,IKEA Grand Prairie Rooftop PV System,TX,407.85566881662123
2030,3,p63,Victoria Landfill,405689,"IP Radian, LLC",TX,414.7214198814884
2030,3,p63,Victoria Landfill,403481,Impact Solar 1,TX,599.8755559727821
2030,3,p63,Victoria Landfill,403190,Kellam Solar,TX,659.8186353097534
2030,3,p63,Victoria Landfill,402421,Leon Solar,TX,597.329055205399
2030,3,p63,Victoria Landfill,403874,Lily Solar Hybrid,TX,370.24282552982675
2030,3,p63,Victoria Landfill,402404,Marlin Solar,TX,325.87821042117235
2030,3,p63,City of Clovis Landfill,405794,Noble Solar,TX,456.94226504155677
2030,3,p63,Victoria Landfill,402405,North Gainesville Solar,TX,27780.3803500314
2030,3,p63,City of Clovis Landfill,402405,North Gainesville Solar,TX,423.56771647126783
2030,3,p63,Victoria Landfill,401933,Phantom Solar,TX,273.12013388023536
2030,3,p63,Victoria Landfill,404872,"Pisgah Ridge Solar, LLC",TX,432.34223896403535
2030,3,p63,Victoria Landfill,406416,Pitts Dudik Solar,TX,396.9180341454333
2030,3,p63,Victoria Landfill,403189,Rippey Solar,TX,1309.3036007401506
2030,3,p63,City of Clovis Landfill,403189,Rippey Solar,TX,423.1547354338048
2030,3,p63,Victoria Landfill,404630,"Samson Solar Energy III, LLC",TX,638.0146508697229
2030,3,p63,Victoria Landfill,402652,Sterling Solar (TX),TX,492.54819119425184
2030,3,p63,Victoria Landfill,404812,Sun Valley Solar Project,TX,369.3132755545307
2030,3,p63,Victoria Landfill,404388,"TPE Erath Solar, LLC",TX,498.4493720299354
2030,3,p63,Victoria Landfill,403457,"TPE Whitney Solar, LLC",TX,448.7029378073675
2030,3,p63,Victoria Landfill,405361,Toyota HQ Plan,TX,446.51276030489555
2030,3,p63,Victoria Landfill,405907,Verizon Hidden Ridge Solar Project,TX,616.2459316702432
2030,3,p63,Victoria Landfill,405984,Waco Solar,TX,377.2013631978113
2030,3,p63,Victoria Landfill,402306,Walnut Springs Solar,TX,462.1584601955104
2030,3,p63,Victoria Landfill,402497,West Moore Solar II,TX,685.0972214727899
2030,3,p63,Victoria Landfill,402330,Whitesboro Solar,TX,1784.6190504070923
2030,3,p63,City of Clovis Landfill,402330,Whitesboro Solar,TX,442.7029777922294
2030,3,p63,Victoria Landfill,402331,Whitesboro Solar II,TX,2734.2663792519143
2030,3,p63,City of Clovis Landfill,402331,Whitesboro Solar II,TX,442.61151200533305
2030,3,p63,Victoria Landfill,402414,Whitewright Solar,TX,564.1338113827574
2030,3,p63,Victoria Landfill,402654,Yellow Jacket,TX,476.0292391231678
2030,3,p64,Victoria Landfill,405731,Austin TX GigaFactory,TX,233.90632164107794
2030,3,p64,Victoria Landfill,402203,Bandera Electric Coop PV,TX,352.4500522457484
2030,3,p64,Victoria Landfill,404721,"Blue Jay Solar I, LLC",TX,264.15048851697577
2030,3,p64,Victoria Landfill,402648,Bovine,TX,161.93080040242114
2030,3,p64,Victoria Landfill,402389,"E-Volve Energy Holdings, LLC",TX,193.15995087505155
2030,3,p64,Victoria Landfill,400227,East Blackland Solar Project 1,TX,207.31869717557782
2030,3,p64,Victoria Landfill,405101,IKEA Round Rock 027,TX,242.73476799518946
2030,3,p64,Victoria Landfill,402653,Lampwick,TX,319.6422749355474
2030,3,p64,Victoria Landfill,405613,Niagara Bottling - Seguin,TX,183.4634031558405
2030,3,p64,Victoria Landfill,402544,PowerFin Kingsbery,TX,198.92487085307636
2030,3,p64,Victoria Landfill,400249,Webberville Solar Project,TX,199.9287720851214
2030,3,p65,Victoria Landfill,405700,Aktina Solar,TX,119.19080964162933
2030,3,p65,Victoria Landfill,404074,"Alexis Solar, LLC",TX,238.42251250300544
2030,3,p65,Victoria Landfill,405727,Bernard Creek Solar,TX,148.96587464685297
2030,3,p65,Victoria Landfill,400081,Blue Wing Solar Energy Generation,TX,186.12437283850502
2030,3,p65,Victoria Landfill,405477,Brightside,TX,139.14756838648293
2030,3,p65,Victoria Landfill,401728,CPS 1 Community Solar,TX,179.05282695813708
2030,3,p65,Victoria Landfill,402656,Cascade Solar (TX),TX,146.45577805838047
2030,3,p65,Victoria Landfill,403987,Catan Solar,TX,117.92664017994858
2030,3,p65,Victoria Landfill,403091,Commerce Solar,TX,201.54153272232455
2030,3,p65,Victoria Landfill,404247,"Corazon Energy, LLC",TX,278.4950860760193
2030,3,p65,Victoria Landfill,404062,Elara Solar,TX,229.85068147024893
2030,3,p65,Victoria Landfill,404359,FELPS 1-Calaveras,TX,179.60977786500106
2030,3,p65,Victoria Landfill,404361,FELPS 2-Calaveras,TX,172.52496940609524
2030,3,p65,Victoria Landfill,404362,FELPS 3-Floresville South,TX,169.10461611438578
2030,3,p65,Victoria Landfill,404363,FELPS 4-Floresville South,TX,152.50585149931084
2030,3,p65,Victoria Landfill,404364,FELPS 5-Floresville South,TX,164.3639207121334
2030,3,p65,Victoria Landfill,404739,FELPS 6- Floresville West,TX,171.6086259820697
2030,3,p65,Victoria Landfill,404740,FELPS 7- Floresville West,TX,163.9225682442039
2030,3,p65,Victoria Landfill,406516,Ganado Solar,TX,108.22670067159025
2030,3,p65,Victoria Landfill,405801,Horizon Solar,TX,226.15169113058388
2030,3,p65,Victoria Landfill,405380,IKEA Live Oak Rooftop PV System,TX,187.53653384827106
2030,3,p65,Victoria Landfill,403343,Mars Solar,TX,239.03144036324284
2030,3,p65,Victoria Landfill,404877,Nebula Solar,TX,281.9747152175895
2030,3,p65,Victoria Landfill,400694,"OCI Alamo 2, LLC",TX,207.47833251263086
2030,3,p65,Victoria Landfill,400965,"OCI Alamo 3, LLC",TX,191.39671017238243
2030,3,p65,Victoria Landfill,400966,"OCI Alamo 5, LLC",TX,297.39879181893144
2030,3,p65,Victoria Landfill,400593,OCI Alamo Solar I Hybrid,TX,185.21738324418297
2030,3,p65,Victoria Landfill,405809,Shakes Solar,TX,273.1919944343191
2030,3,p65,Victoria Landfill,405545,Sparta Solar,TX,142.7010408637777
2030,3,p65,Victoria Landfill,400379,"SunE CPS1, LLC",TX,175.99468254749607
2030,3,p65,Victoria Landfill,400364,"SunE CPS2, LLC",TX,194.27206741964542
2030,3,p65,Victoria Landfill,400353,"SunE CPS3, LLC",TX,191.7575845932056
2030,3,p65,Victoria Landfill,406032,Tres Bahias,TX,89.96011225962988
2030,3,p65,Victoria Landfill,404878,Vancourt Solar Interconnections,TX,287.1097388111459
2030,3,p66,Victoria Landfill,406386,Umbriel Solar,TX,1022.5237542117411
2030,3,p67,Victoria Landfill,404939,Brazoria County Solar Project (Danciger),TX,214.6532752391937
2030,3,p67,Victoria Landfill,404681,Brazoria West,TX,195.7048898528135
2030,3,p67,Victoria Landfill,402649,Bronson,TX,228.03884297622287
2030,3,p67,Victoria Landfill,406178,"Cutlass Solar 1, LLC",TX,201.2929635208183
2030,3,p67,Victoria Landfill,404587,Fighting Jays Solar Project,TX,209.4205108445152
2030,3,p67,Victoria Landfill,405564,"Fort Bend Solar, LLC",TX,231.68425292612991
2030,3,p67,Victoria Landfill,404853,"Longbow Solar, LLC",TX,269.435456641283
2030,3,p67,Victoria Landfill,403514,Wagyu,TX,279.1946912065708
2030,4,p12,Apex Regional Landfill,402144,Battle Mountain Solar Project,NV,506.13689572397135
2030,4,p12,Apex Regional Landfill,405025,Brady,NV,479.14524985215394
2030,4,p12,Apex Regional Landfill,405553,Dodge Flat,NV,511.07667971330716
2030,4,p12,Apex Regional Landfill,402609,"EGP Stillwater Solar PV II, LLC",NV,453.80298968800065
2030,4,p12,Apex Regional Landfill,404659,Fish Springs,NV,542.0272535025786
2030,4,p12,Apex Regional Landfill,401086,Ft. Churchill PV,NV,403.82709211235914
2030,4,p12,Apex Regional Landfill,405028,Galena 2 Geothermal Power Plant,NV,462.9778175176364
2030,4,p12,Apex Regional Landfill,402130,Luning Energy,NV,410.8118234104199
2030,4,p12,Apex Regional Landfill,403107,NVSS-II,NV,107.73866246405026
2030,4,p12,Apex Regional Landfill,400468,"Patua Acquisition Project, LLC",NV,456.3137156455767
2030,4,p12,Apex Regional Landfill,405021,Steamboat Hills LP,NV,530.1968124005036
2030,4,p12,Apex Regional Landfill,405023,Steamboat II,NV,555.0609666726082
2030,4,p12,Apex Regional Landfill,405024,Steamboat III,NV,446.1697725098503
2030,4,p12,Apex Regional Landfill,400029,Stillwater Facility,NV,451.9268401244962
2030,4,p12,Apex Regional Landfill,401318,Sunshine Valley Solar,NV,145.85663032098813
2030,4,p12,Apex Regional Landfill,405026,TS Power Plant,NV,493.0791110399708
2030,4,p12,Apex Regional Landfill,405576,Tesla Reno GigaFactory,NV,470.93046969845716
2030,4,p12,Apex Regional Landfill,401943,Tungsten Mountain,NV,429.1553150712866
2030,4,p12,Apex Regional Landfill,403308,Turquoise Liberty Solar,NV,503.90434312152433
2030,4,p12,Apex Regional Landfill,403884,"Turquoise Nevada, LLC",NV,498.2726208970786
2030,4,p12,Apex Regional Landfill,400035,Western 102 Power Plant,NV,495.6683231007299
2030,4,p13,Apex Regional Landfill,400555,Apex Solar PV Power Project,NV,71.17514156973061
2030,4,p13,Apex Regional Landfill,405385,Arrow Canyon Solar Hybrid,NV,86.18506020959346
2030,4,p13,Apex Regional Landfill,402017,"Boulder Solar II, LLC",NV,77.03430173240726
2030,4,p13,Apex Regional Landfill,401649,"Boulder Solar Power, LLC",NV,76.74244422939323
2030,4,p13,Apex Regional Landfill,400059,CM10,NV,80.11198977389968
2030,4,p13,Apex Regional Landfill,400086,CM48,NV,80.39300083953214
2030,4,p13,Apex Regional Landfill,400363,Copper Mountain Solar 2,NV,80.0846759863819
2030,4,p13,Apex Regional Landfill,400802,Copper Mountain Solar 3,NV,72.94615322925773
2030,4,p13,Apex Regional Landfill,401308,"Copper Mountain Solar 4, LLC",NV,80.50773562837635
2030,4,p13,Apex Regional Landfill,403688,"Copper Mountain Solar 5, LLC",NV,81.67875286041071
2030,4,p13,Apex Regional Landfill,405358,Dignity - San Martin,NV,62.62097027176687
2030,4,p13,Apex Regional Landfill,405355,Dignity - Siena Campus,NV,61.51575797818585
2030,4,p13,Apex Regional Landfill,405556,Dry Lake Solar Energy Center,NV,76.15016365460772
2030,4,p13,Apex Regional Landfill,405495,Gemini Solar,NV,82.69420156156488
2030,4,p13,Apex Regional Landfill,403386,"Harry Allen Solar Energy, LLC",NV,75.00150671199502
2030,4,p13,Apex Regional Landfill,406090,IGS LAS1,NV,64.96657011935564
2030,4,p13,Apex Regional Landfill,406089,IGS VGT,NV,60.37000410546411
2030,4,p13,Apex Regional Landfill,405309,IKEA Las Vegas 462,NV,62.86612572123943
2030,4,p13,Apex Regional Landfill,400545,Las Vegas WPCF Solar Plant,NV,54.69162700477197
2030,4,p13,Apex Regional Landfill,400313,Moapa Southern Paiute,NV,88.2290041730364
2030,4,p13,Apex Regional Landfill,400600,Mountain View Solar,NV,71.13476057025903
2030,4,p13,Apex Regional Landfill,400036,Nellis Air Force Base Solar Array,NV,59.0775124051525
2030,4,p13,Apex Regional Landfill,401381,Nellis Solar PV II,NV,55.766849503667224
2030,4,p13,Apex Regional Landfill,401319,"Playa Solar 1, LLC",NV,73.90158836104177
2030,4,p13,Apex Regional Landfill,401596,Playa Solar 2,NV,74.49355216839305
2030,4,p13,Apex Regional Landfill,401274,River Mountains Solar,NV,64.88057011176349
2030,4,p13,Mohave Valley Landfill,401042,Searchlight Solar,NV,87.37239106477065
2030,4,p13,Apex Regional Landfill,400166,Silver State Solar Power North,NV,96.00602728044176
2030,4,p13,Apex Regional Landfill,400658,Silver State Solar Power South,NV,95.66009927675081
2030,4,p13,Apex Regional Landfill,405246,"Solar Las Vegas MB 2, LLC",NV,56.4090469052088
2030,4,p13,Apex Regional Landfill,405188,Solar Las Vegas MB-1,NV,56.44560893102983
2030,4,p13,Apex Regional Landfill,400556,Spectrum Solar PV Power Project,NV,66.49094953755825
2030,4,p13,Apex Regional Landfill,402485,"Techren Solar I, LLC",NV,75.68165169756944
2030,4,p13,Apex Regional Landfill,402690,"Techren Solar II, LLC",NV,74.72575671652558
2030,4,p13,Apex Regional Landfill,402691,"Techren Solar III, LLC",NV,76.01949303307153
2030,4,p13,Apex Regional Landfill,402692,"Techren Solar IV, LLC",NV,73.65982413335983
2030,4,p13,Apex Regional Landfill,403001,Techren Solar V,NV,73.48435928597576
2030,4,p13,Apex Regional Landfill,401851,Townsite Solar Project Hybrid,NV,72.05724585912617
2030,4,p13,Apex Regional Landfill,406448,Yellow Pine II,NV,95.89914215693302
2030,4,p13,Apex Regional Landfill,404971,Yellow Pine Solar,NV,95.30520462811522
2030,4,p27,Mohave Valley Landfill,400374,"Black Mountain Solar, LLC",AZ,73.92417381941443
2030,4,p27,Mohave Valley Landfill,402236,Gray Hawk Solar,AZ,108.81617228968591
2030,4,p27,Mohave Valley Landfill,401819,Jacobson 5 MW Solar,AZ,85.62839401666426
2030,4,p27,Mohave Valley Landfill,400199,La Senita,AZ,97.13065510149183
2030,4,p27,Mohave Valley Landfill,403718,Mohave Electric Cooperative at Joy Lane,AZ,44.33130570082318
2030,4,p27,Mohave Valley Landfill,401311,Mohave Electric at Fort Mohave,AZ,45.70439432910052
2030,4,p27,Mohave Valley Landfill,406478,Mohave Energy - Hybrid,AZ,43.544751122784376
2030,4,p28,Apache Junction Landfill,405418,AZ State University - Tempe Campus Solar,AZ,73.56700965422739
2030,4,p28,South Yuma County Landfill,400148,Agua Caliente Solar Project,AZ,120.3152552196865
2030,4,p28,Apache Junction Landfill,402067,Apache Solar 1,AZ,199.56466188973747
2030,4,p28,South Yuma County Landfill,400274,Arizona Western College PV,AZ,49.00931608169673
2030,4,p28,Apache Junction Landfill,400240,Arlington Valley Solar Energy II,AZ,134.6927936859647
2030,4,p28,Apache Junction Landfill,400437,Badger 1,AZ,133.78892947604032
2030,4,p28,Apache Junction Landfill,401688,Bonnybrooke PV,AZ,74.71708664682473
2030,4,p28,Apache Junction Landfill,400371,Buckeye Union HS District 201,AZ,117.24878574804849
2030,4,p28,Apache Junction Landfill,405635,"Central Line Solar, LLC",AZ,89.24683394768624
2030,4,p28,Apache Junction Landfill,400201,Chino Solar Valley,AZ,173.87449877276623
2030,4,p28,Apache Junction Landfill,400202,Cotton Center Solar Hybrid,AZ,127.56125938702625
2030,4,p28,Apache Junction Landfill,401069,Desert Star Hybrid,AZ,125.12512764439252
2030,4,p28,Apache Junction Landfill,403257,East Line Solar,AZ,88.50393920185226
2030,4,p28,Apache Junction Landfill,406171,Eleven Mile Solar Center,AZ,86.99343041803468
2030,4,p28,Apache Junction Landfill,405244,Estrella Mountain PV,AZ,102.28639143814371
2030,4,p28,South Yuma County Landfill,400349,Foothills Solar Plant Hybrid,AZ,50.215033867711355
2030,4,p28,Apache Junction Landfill,400825,Fort Huachuca Solar PV Project,AZ,216.48798727726967
2030,4,p28,Apache Junction Landfill,400845,Gila Bend Hybrid,AZ,137.0807960019053
2030,4,p28,Apache Junction Landfill,400599,"Gilbert Solar Facility I, LLC",AZ,64.8496192527841
2030,4,p28,South Yuma County Landfill,400507,Hyder II Hybrid,AZ,129.49378445022222
2030,4,p28,South Yuma County Landfill,400204,Hyder Solar Hybrid,AZ,129.81476052574334
2030,4,p28,Apache Junction Landfill,405282,Intel - Ocotillo Campus Solar,AZ,72.03380782136777
2030,4,p28,Apache Junction Landfill,405125,Jewish Community Center PV,AZ,79.0680617217233
2030,4,p28,Apache Junction Landfill,402234,Kayenta Solar Project,AZ,340.3699035950925
2030,4,p28,Apache Junction Landfill,400595,Lake Pleasant WTP,AZ,107.22774309565611
2030,4,p28,Apache Junction Landfill,400128,Luke Solar,AZ,105.55316983426047
2030,4,p28,Apache Junction Landfill,405068,Macys Goodyear,AZ,106.68216706191396
2030,4,p28,South Yuma County Landfill,406279,McFarland A Solar and Storage,AZ,119.79021223192895
2030,4,p28,Apache Junction Landfill,405617,Mesa Carport PV,AZ,51.366616812999695
2030,4,p28,Apache Junction Landfill,404512,Mesa Solar Array,AZ,51.39976107868928
2030,4,p28,Apache Junction Landfill,400250,Mesquite Solar 1,AZ,140.12700965372534
2030,4,p28,Apache Junction Landfill,401621,"Mesquite Solar 2, LLC",AZ,140.91805597180502
2030,4,p28,Apache Junction Landfill,401622,"Mesquite Solar 3, LLC",AZ,142.72997059097372
2030,4,p28,Apache Junction Landfill,406038,"Mesquite Solar 4, LLC",AZ,139.80268930023283
2030,4,p28,Apache Junction Landfill,404922,"Mesquite Solar 5, LLC",AZ,139.767180373915
2030,4,p28,South Yuma County Landfill,403572,OE_AZ1,AZ,153.37209452932348
2030,4,p28,Apache Junction Landfill,400203,Paloma Solar Hybrid,AZ,128.2321515697125
2030,4,p28,Apache Junction Landfill,405126,Paradise Valley H.S. PV,AZ,84.8262265806515
2030,4,p28,Apache Junction Landfill,405150,Phoenix Airport East Economy Lot,AZ,77.391398680708
2030,4,p28,Apache Junction Landfill,405151,Phoenix Airport Rental Car Center,AZ,81.27299921372777
2030,4,p28,Apache Junction Landfill,402528,Pinal Central Energy Center Hybrid,AZ,85.91306917781354
2030,4,p28,Apache Junction Landfill,400125,"Poseidon Solar, LLC",AZ,63.493672581201224
2030,4,p28,Apache Junction Landfill,400031,Prescott Airport,AZ,168.05034842886062
2030,4,p28,Apache Junction Landfill,400401,Prescott Solar Plant,AZ,168.67045238481168
2030,4,p28,Apache Junction Landfill,400323,Queen Creek Solar Farm,AZ,56.06312677085711
2030,4,p28,Mohave Valley Landfill,400289,"RE Bagdad Solar I, LLC",AZ,135.56593835155218
2030,4,p28,Apache Junction Landfill,405132,"RE Gillespie 1, LLC",AZ,126.27713958190378
2030,4,p28,Apache Junction Landfill,400758,Red Horse 2,AZ,176.67809359024034
2030,4,p28,Apache Junction Landfill,401609,Red Horse III,AZ,176.38267843604535
2030,4,p28,Apache Junction Landfill,401726,Red Rock,AZ,114.73867899581566
2030,4,p28,Apache Junction Landfill,406380,SR McNeal,AZ,240.03942114076196
2030,4,p28,Apache Junction Landfill,400416,Saddle Mountain Solar I,AZ,427.7118434588489
2030,4,p28,South Yuma County Landfill,400416,Saddle Mountain Solar I,AZ,153.15595838241885
2030,4,p28,Apache Junction Landfill,403674,Saint Solar,AZ,87.71181942165845
2030,4,p28,Apache Junction Landfill,401214,Sandstone Solar,AZ,73.60441194713201
2030,4,p28,Apache Junction Landfill,405029,Solana Generating Station,AZ,149.9760608140901
2030,4,p28,Apache Junction Landfill,406275,Sonoran Solar Energy,AZ,115.39148226930736
2030,4,p28,Apache Junction Landfill,406034,Storey Solar and Storage,AZ,84.80998832170282
2030,4,p28,Apache Junction Landfill,401664,Sulphur Springs,AZ,201.23053615828417
2030,4,p28,Apache Junction Landfill,403643,Sun Streams 2,AZ,133.36247905049464
2030,4,p28,Apache Junction Landfill,406517,Sun Streams 3,AZ,132.6188243973328
2030,4,p28,Apache Junction Landfill,401975,"Sun Streams, LLC",AZ,134.21977905113417
2030,4,p28,Apache Junction Landfill,405311,T0588 Phoenix - AZ,AZ,92.8144505435873
2030,4,p28,Apache Junction Landfill,405134,Union HS at Casa Grande,AZ,83.89439378305939
2030,4,p28,Apache Junction Landfill,405135,Vista Grande HS at Casa Grande,AZ,86.88026384260161
2030,4,p28,Apache Junction Landfill,400334,Walmart Casa Grande,AZ,90.01950048830625
2030,4,p28,Apache Junction Landfill,406098,"West Line Solar, LLC",AZ,89.61614245122817
2030,4,p29,Apache Junction Landfill,400014,Springerville,AZ,397.19570992676915
2030,4,p30,Apache Junction Landfill,405143,Actus Lend Lease DMAFB,AZ,158.443044067886
2030,4,p30,Apache Junction Landfill,405611,Amazon TUS2,AZ,157.84436557091044
2030,4,p30,Apache Junction Landfill,405268,Amphitheater High School Solar,AZ,150.4597848927422
2030,4,p30,Apache Junction Landfill,400939,Avalon Solar,AZ,170.37460730227193
2030,4,p30,Apache Junction Landfill,401479,Avalon Solar II,AZ,166.02933142217665
2030,4,p30,Apache Junction Landfill,400226,Avra Valley Solar,AZ,134.58700233510962
2030,4,p30,Apache Junction Landfill,404704,Broadway 2 - Tucson Phase II,AZ,145.9394135217797
2030,4,p30,Apache Junction Landfill,405768,Broadway 3 - Tucson Phase I,AZ,144.42558731753866
2030,4,p30,Apache Junction Landfill,405269,Canyon Del Oro High School Solar,AZ,138.16755109762514
2030,4,p30,Apache Junction Landfill,400757,Cogenra-TEP,AZ,160.07941042942892
2030,4,p30,Apache Junction Landfill,401295,Davis Monthan AFB (AZ) West Airfield,AZ,162.35814985059392
2030,4,p30,Apache Junction Landfill,400330,FRB Solar Farm,AZ,171.16680039286172
2030,4,p30,Apache Junction Landfill,400761,"Gato Montes Solar, LLC",AZ,167.34481904799495
2030,4,p30,Apache Junction Landfill,404536,Iron Horse Battery Storage Hybrid,AZ,173.46798149001984
2030,4,p30,Apache Junction Landfill,400552,"Picture Rocks Solar, LLC",AZ,132.2334126202785
2030,4,p30,Apache Junction Landfill,405374,Pima Community College,AZ,156.27330025339324
2030,4,p30,Apache Junction Landfill,405303,Pima Community College - East Campus,AZ,156.9679063395947
2030,4,p30,Apache Junction Landfill,405516,Pima Community College NW,AZ,141.80910479979661
2030,4,p30,Apache Junction Landfill,400408,Prairie Fire,AZ,164.03503696389475
2030,4,p30,South Yuma County Landfill,400290,"RE Ajo 1, LLC",AZ,159.98643697741062
2030,4,p30,Apache Junction Landfill,404926,Raptor Ridge,AZ,173.92055961107687
2030,4,p30,Apache Junction Landfill,400857,Rio Rico Solar,AZ,217.53872277606393
2030,4,p30,Apache Junction Landfill,400193,Roger Road WWTP,AZ,142.72676776210042
2030,4,p30,Apache Junction Landfill,401076,Tech Park Solar,AZ,170.40095655496773
2030,4,p30,Apache Junction Landfill,400156,UASTP I,AZ,164.96268806682775
2030,4,p30,Apache Junction Landfill,401075,Valencia Solar,AZ,158.37874091821348
2030,4,p30,Apache Junction Landfill,404187,"Wilmot Energy Center, LLC",AZ,189.4616534606573
2030,4,p31,City of Clovis Landfill,400211,Alamogordo Solar Energy Center,NM,250.56867882339117
2030,4,p31,Northeastern New Mexico Regional Landfill,400206,Albuquerque Solar Energy Center,NM,187.89015048363254
2030,4,p31,Northeastern New Mexico Regional Landfill,403675,Alcalde Solar Array,NM,125.21696821328283
2030,4,p31,Apache Junction Landfill,401595,Alta Luna,NM,348.25398158185226
2030,4,p31,Northeastern New Mexico Regional Landfill,404724,Angel Fire Energy Facility,NM,82.87993738806294
2030,4,p31,Northeastern New Mexico Regional Landfill,405469,Arroyo Solar Energy Storage Hybrid,NM,234.36829367498268
2030,4,p31,Northeastern New Mexico Regional Landfill,403321,Bluewater CDEC 1,NM,261.01207853264617
2030,4,p31,Northeastern New Mexico Regional Landfill,403736,Britton Solar Energy Center,NM,166.82379745347782
2030,4,p31,City of Clovis Landfill,404981,Buena Vista Energy Center,NM,300.8020891533376
2030,4,p31,Northeastern New Mexico Regional Landfill,402876,CNMEC Solar Energy Center,NM,179.0815150552843
2030,4,p31,City of Clovis Landfill,402519,Carrizozo Solar,NM,201.3955135096489
2030,4,p31,Northeastern New Mexico Regional Landfill,401202,Cibola,NM,221.1966019576478
2030,4,p31,Northeastern New Mexico Regional Landfill,400104,Cimarron Solar Facility,NM,64.81896041870482
2030,4,p31,Apache Junction Landfill,402988,City of Gallup Solar,NM,305.4848004594414
2030,4,p31,Northeastern New Mexico Regional Landfill,403604,City of Rio Rancho WWTP,NM,192.80539759343515
2030,4,p31,City of Clovis Landfill,401225,City of Truth or Consequences PV,NM,312.39628322935823
2030,4,p31,Apache Junction Landfill,402177,Columbus Solar Project,NM,349.50765246823136
2030,4,p31,Northeastern New Mexico Regional Landfill,404748,"Cuba 2.5ac, LLC",NM,184.35069602049575
2030,4,p31,Apache Junction Landfill,400209,Deming Solar Energy Center,NM,320.93653556378337
2030,4,p31,Northeastern New Mexico Regional Landfill,403868,Encino Solar Energy Center,NM,192.52951436095933
2030,4,p31,Northeastern New Mexico Regional Landfill,401038,Eubank Landfill Solar Array,NM,186.0715149508049
2030,4,p31,Northeastern New Mexico Regional Landfill,402441,Facebook 1 Solar Energy Center,NM,209.14074635678398
2030,4,p31,Northeastern New Mexico Regional Landfill,402442,Facebook 2 Solar Energy Center,NM,202.96834440629647
2030,4,p31,Northeastern New Mexico Regional Landfill,402443,Facebook 3 Solar Energy Center,NM,200.3766577397952
2030,4,p31,Northeastern New Mexico Regional Landfill,403322,Grants CDEC 2,NM,263.44139486729506
2030,4,p31,City of Clovis Landfill,400216,"Hatch Solar Energy Center I, LLC",NM,330.3259399517235
2030,4,p31,City of Clovis Landfill,401617,Holloman Solar Facility,NM,255.5215681770455
2030,4,p31,Northeastern New Mexico Regional Landfill,406109,"Jicarilla Solar 1, LLC",NM,208.89145041455689
2030,4,p31,Northeastern New Mexico Regional Landfill,400427,Kit Carson,NM,124.20940571080962
2030,4,p31,Northeastern New Mexico Regional Landfill,400210,Las Vegas Solar Energy Center,NM,85.56459912010106
2030,4,p31,Northeastern New Mexico Regional Landfill,400434,Los Alamos PV Site,NM,144.0443549632042
2030,4,p31,Northeastern New Mexico Regional Landfill,400207,Los Lunas Solar Energy Center,NM,211.83702322890724
2030,4,p31,Apache Junction Landfill,400838,Macho Springs,NM,336.9632938734532
2030,4,p31,Northeastern New Mexico Regional Landfill,400582,Manzano Solar,NM,206.28418176285405
2030,4,p31,Northeastern New Mexico Regional Landfill,401201,Meadow Lake Solar Energy Center,NM,200.58297555857803
2030,4,p31,Northeastern New Mexico Regional Landfill,406177,"NMRD Data Center III, LLC",NM,191.99119698813863
2030,4,p31,City of Clovis Landfill,405693,NMSU Solar and Storage,NM,312.94406878717484
2030,4,p31,Northeastern New Mexico Regional Landfill,406375,OE_ESCL,NM,265.30341461508453
2030,4,p31,City of Clovis Landfill,400581,Otero Solar,NM,242.2491751876219
2030,4,p31,Northeastern New Mexico Regional Landfill,400146,Questa Solar Facility,NM,118.393787306609
2030,4,p31,Northeastern New Mexico Regional Landfill,403178,"RC Energy AA, LLC Solar Facility",NM,182.67677638829196
2030,4,p31,Northeastern New Mexico Regional Landfill,401566,Rio Communities Solar Energy Center,NM,217.77242820420565
2030,4,p31,Northeastern New Mexico Regional Landfill,403084,Rio De Oro Solar Energy Center,NM,214.1201889455019
2030,4,p31,Northeastern New Mexico Regional Landfill,400624,Rio Rancho High School,NM,182.34706282712187
2030,4,p31,City of Clovis Landfill,400135,Roadrunner Solar,NM,340.33276766920517
2030,4,p31,Northeastern New Mexico Regional Landfill,404648,"Route 66 Energy Center, LLC",NM,251.1323844467006
2030,4,p31,Northeastern New Mexico Regional Landfill,403387,San Miguel I Solar Energy Center,NM,87.12206854057138
2030,4,p31,Northeastern New Mexico Regional Landfill,405458,San Miguel II Solar Energy Center,NM,84.95991589940515
2030,4,p31,Northeastern New Mexico Regional Landfill,401161,Sandoval Solar Energy Center,NM,189.98416948405546
2030,4,p31,Northeastern New Mexico Regional Landfill,401564,Santa Fe Solar Energy Center,NM,137.17302018381068
2030,4,p31,Northeastern New Mexico Regional Landfill,401565,Santolina Solar Energy Center,NM,203.90422705866843
2030,4,p31,Apache Junction Landfill,400596,Silver City WWTP PV Project,NM,279.43210260501036
2030,4,p31,Northeastern New Mexico Regional Landfill,406343,Sky Ranch Solar,NM,218.5175340974806
2030,4,p31,Northeastern New Mexico Regional Landfill,401563,South Valley Solar Energy Center,NM,202.7087473326324
2030,4,p31,Northeastern New Mexico Regional Landfill,401162,Springer Solar 1,NM,59.43814228079872
2030,4,p31,Northeastern New Mexico Regional Landfill,400735,Storrie Lake Solar Project,NM,84.96840076788
2030,4,p31,Northeastern New Mexico Regional Landfill,400623,Sue Cleveland High School,NM,182.7540651717752
2030,4,p31,City of Clovis Landfill,400343,"SunE EPE1, LLC",NM,306.41184762035886
2030,4,p31,City of Clovis Landfill,400342,"SunE EPE2, LLC",NM,323.45324561519976
2030,4,p31,Northeastern New Mexico Regional Landfill,402854,Syncarpha Eagle Nest,NM,89.53266771940179
2030,4,p31,Northeastern New Mexico Regional Landfill,403412,Syncarpha El Rito,NM,140.68395143161226
2030,4,p31,Northeastern New Mexico Regional Landfill,403413,Syncarpha Questa,NM,119.71510142624987
2030,4,p31,Northeastern New Mexico Regional Landfill,403411,Syncarpha Taos,NM,104.85147119135442
2030,4,p31,Northeastern New Mexico Regional Landfill,404618,Taos Mesa Energy Facility Hybrid,NM,103.03059522524302
2030,4,p31,Northeastern New Mexico Regional Landfill,403011,Vista Solar Energy Center,NM,206.37683958980676
2030,4,p31,City of Clovis Landfill,400354,WSMR I,NM,297.129213428445
2030,4,p31,City of Clovis Landfill,405245,Wal-Mart Truth or Consequences PV,NM,309.3213696550001
2030,4,p47,City of Clovis Landfill,400979,"Caprock Solar 1, LLC",NM,76.83449850167233
2030,4,p47,City of Clovis Landfill,404980,Chaves County Solar II,NM,134.4513909074077
2030,4,p47,City of Clovis Landfill,401681,"Chaves Solar, LLC",NM,145.13065488995178
2030,4,p47,City of Clovis Landfill,400614,GSE NM1,NM,155.14205964016045
2030,4,p47,City of Clovis Landfill,404982,Hayhurst New Mexico Solar,NM,237.34231022272215
2030,4,p47,City of Clovis Landfill,402530,Middle Daisy,NM,139.65867413645782
2030,4,p47,City of Clovis Landfill,401682,"Roswell Solar, LLC",NM,140.7319828487178
2030,4,p47,City of Clovis Landfill,400546,SEV NM Phase 2,NM,150.29939918934357
2030,4,p47,City of Clovis Landfill,400260,SPS1 Dollarhide,NM,228.08840063521706
2030,4,p47,City of Clovis Landfill,400261,SPS2 Jal,NM,194.45928386862434
2030,4,p47,City of Clovis Landfill,400262,SPS3 Lea,NM,159.69339080147495
2030,4,p47,City of Clovis Landfill,400264,SPS5 Hopi,NM,214.89092678119792
2030,4,p47,City of Clovis Landfill,404698,SoCore Clovis 1,NM,23.71838298382687
2030,4,p48,City of Clovis Landfill,406439,"BESSP1, LLC",TX,347.3354154719286
2030,4,p48,City of Clovis Landfill,405590,"Hecate Energy Frye Solar, LLC",TX,245.51019998317108
2030,4,p57,Victoria Landfill,404918,"Hecate Energy Upshur Rural, LLC",TX,2481.1105325025683
2030,4,p59,City of Clovis Landfill,402666,Fort Bliss (DEA EPIC),TX,3084.5552294632403
2030,4,p59,City of Clovis Landfill,401616,Montana Solar Facility,TX,1438.0626227758441
2030,4,p59,City of Clovis Landfill,401045,Newman Solar,TX,1251.2711711119596
2030,4,p60,City of Clovis Landfill,403962,"ANSON Solar Center, LLC",TX,337.3647433670121
2030,4,p60,City of Clovis Landfill,403883,Azure Sky Solar,TX,299.86822344989577
2030,4,p60,City of Clovis Landfill,403232,"ENGIE Long Draw Solar, LLC",TX,316.28065004196503
2030,4,p60,City of Clovis Landfill,406252,Highpeak Solar 1,TX,261.03940449670563
2030,4,p60,City of Clovis Landfill,402721,Holstein 1 Solar Farm,TX,355.25482075795395
2030,4,p60,City of Clovis Landfill,405492,Juno Solar Project,TX,308.03160707056423
2030,4,p60,City of Clovis Landfill,402541,Lamesa II,TX,298.5928614433678
2030,4,p60,City of Clovis Landfill,401660,Lamesa Solar,TX,247.89457407666424
2030,4,p60,City of Clovis Landfill,405932,Lumina II Solar Project,TX,363.92862583945913
2030,4,p60,City of Clovis Landfill,405933,Lumina Solar Project,TX,330.78693824987056
2030,4,p60,City of Clovis Landfill,402909,Misae Solar,TX,220.09093931823827
2030,4,p60,City of Clovis Landfill,400968,"OCI Alamo 7, LLC",TX,303.2681015445646
2030,4,p60,City of Clovis Landfill,405939,Texas Solar Nova 1,TX,206.3435752394094
2030,4,p61,City of Clovis Landfill,400967,Alamo 6,TX,370.7580445291246
2030,4,p61,City of Clovis Landfill,403557,Aragorn Solar Project,TX,290.88134023665236
2030,4,p61,City of Clovis Landfill,400691,Barilla Solar,TX,361.5839635217426
2030,4,p61,City of Clovis Landfill,401946,Bluebell Solar,TX,332.04592333978223
2030,4,p61,City of Clovis Landfill,403574,Bluebell Solar II,TX,318.2265638843466
2030,4,p61,City of Clovis Landfill,400554,"Bryan Solar, LLC",TX,472.05439663941877
2030,4,p61,City of Clovis Landfill,401463,Buckthorn Westex,TX,292.3414450462028
2030,4,p61,City of Clovis Landfill,401703,East Pecos Solar,TX,360.4186460250562
2030,4,p61,Victoria Landfill,405363,Galloway 1 Solar Farm,TX,1340.6075162846705
2030,4,p61,City of Clovis Landfill,405363,Galloway 1 Solar Farm,TX,344.3084187316753
2030,4,p61,Victoria Landfill,405494,Galloway 2 Solar Farm,TX,1131.6812165491592
2030,4,p61,City of Clovis Landfill,405494,Galloway 2 Solar Farm,TX,341.09622586863554
2030,4,p61,City of Clovis Landfill,403210,Greasewood,TX,327.03808866002214
2030,4,p61,City of Clovis Landfill,406370,Hayhurst Texas Solar,TX,252.3491934347022
2030,4,p61,City of Clovis Landfill,402304,Midway Solar-TX,TX,410.11966251314175
2030,4,p61,Victoria Landfill,400695,"OCI Alamo 4, LLC",TX,357.06330954805446
2030,4,p61,City of Clovis Landfill,401868,Pearl Solar,TX,388.0919396523344
2030,4,p61,City of Clovis Landfill,402290,RE Maplewood,TX,380.92034704061814
2030,4,p61,City of Clovis Landfill,401430,RE Roserock,TX,383.2170795209897
2030,4,p61,City of Clovis Landfill,402848,Rambler,TX,380.96265568654445
2030,4,p61,City of Clovis Landfill,402083,Solaire Holman Solar Project,TX,348.9652498139435
2030,4,p61,City of Clovis Landfill,403023,"Taygete Energy Project, LLC",TX,310.1279763476039
2030,4,p61,City of Clovis Landfill,404647,Taygete II Energy Project,TX,319.02715663029477
2030,4,p61,City of Clovis Landfill,403551,Titan Solar Project,TX,286.17908318641963
2030,4,p61,Victoria Landfill,406103,Zier Solar,TX,346.9439262569185
2030,4,p62,City of Clovis Landfill,403502,2W Permian Solar Project Hybrid,TX,352.4299120674172
2030,4,p62,City of Clovis Landfill,403697,CED Crane Solar,TX,300.55570201935586
2030,4,p62,City of Clovis Landfill,401525,Castle Gap Solar Hybrid,TX,470.99073660542217
2030,4,p62,City of Clovis Landfill,404599,Emerald Grove,TX,559.047283794909
2030,4,p62,City of Clovis Landfill,403004,Lapetus,TX,239.7507750655962
2030,4,p62,City of Clovis Landfill,403280,Oberon IA,TX,245.1389209334558
2030,4,p62,City of Clovis Landfill,403279,Oberon IB,TX,246.56199155210365
2030,4,p62,City of Clovis Landfill,403602,Oxy Renewable Energy-Goldsmith,TX,242.38503427988988
2030,4,p62,City of Clovis Landfill,402679,Phoebe Solar,TX,410.5098378858227
2030,4,p62,City of Clovis Landfill,403177,Prospero Solar,TX,231.43035005073298
2030,4,p62,City of Clovis Landfill,404128,Prospero Solar II,TX,289.9903778797586
2030,4,p62,City of Clovis Landfill,403070,"Roadrunner, LLC",TX,291.35034313220973
2030,4,p62,City of Clovis Landfill,401805,Upton County Solar,TX,517.5925140991218
2030,4,p62,City of Clovis Landfill,402995,West of the Pecos Solar,TX,489.8804068486206
2030,4,p63,Victoria Landfill,405599,"BPL Crown Solar, LLC",TX,291.47015357816383
2030,4,p63,Victoria Landfill,404966,BPL Files Solar,TX,363.16665749611633
2030,4,p63,Victoria Landfill,403825,Briar Creek Solar 1,TX,361.93656055466334
2030,4,p63,Victoria Landfill,402610,Chisum,TX,523.3389940892893
2030,4,p63,Victoria Landfill,401697,CoServ Community Solar Station,TX,742.2404085597934
2030,4,p63,Victoria Landfill,403188,Coniglio Solar,TX,565.7586746478012
2030,4,p63,Victoria Landfill,406415,Dileo Solar,TX,341.1578161535728
2030,4,p63,Victoria Landfill,402655,Eddy II,TX,353.7489745616501
2030,4,p63,Victoria Landfill,406221,Eiffel Solar Project,TX,630.072107220826
2030,4,p63,Victoria Landfill,405540,"Ellis Solar, LLC",TX,456.4102265789338
2030,4,p63,Victoria Landfill,403823,Elm Branch Solar 1,TX,374.6275937103235
2030,4,p63,Victoria Landfill,406206,Five Wells Solar Center - Hybrid,TX,254.81384328991246
2030,4,p63,Victoria Landfill,404567,G.S.E. One LLC,TX,596.8158392970815
2030,4,p63,Victoria Landfill,403288,Griffin Solar,TX,345.03831838349544
2030,4,p63,Victoria Landfill,406202,Grizzly Ridge Solar,TX,403.0947544753562
2030,4,p63,Victoria Landfill,402329,Highway 56 Solar,TX,1352.2883981299349
2030,4,p63,City of Clovis Landfill,402329,Highway 56 Solar,TX,454.4483163456907
2030,4,p63,Victoria Landfill,405319,IKEA Grand Prairie Rooftop PV System,TX,470.4257995810817
2030,4,p63,Victoria Landfill,405689,"IP Radian, LLC",TX,414.7214198814884
2030,4,p63,Victoria Landfill,403481,Impact Solar 1,TX,486.4403915148889
2030,4,p63,Victoria Landfill,403190,Kellam Solar,TX,659.8186353097534
2030,4,p63,Victoria Landfill,402421,Leon Solar,TX,597.329055205399
2030,4,p63,Victoria Landfill,403874,Lily Solar Hybrid,TX,370.24282552982675
2030,4,p63,Victoria Landfill,402404,Marlin Solar,TX,273.7691490191068
2030,4,p63,City of Clovis Landfill,405794,Noble Solar,TX,456.94226504155677
2030,4,p63,City of Clovis Landfill,402405,North Gainesville Solar,TX,513.484187766996
2030,4,p63,Victoria Landfill,401933,Phantom Solar,TX,273.12013388023536
2030,4,p63,Victoria Landfill,404872,"Pisgah Ridge Solar, LLC",TX,432.34223896403535
2030,4,p63,Victoria Landfill,406416,Pitts Dudik Solar,TX,396.9180341454333
2030,4,p63,Victoria Landfill,403189,Rippey Solar,TX,1309.3036007401506
2030,4,p63,City of Clovis Landfill,403189,Rippey Solar,TX,423.1547354338048
2030,4,p63,Victoria Landfill,404630,"Samson Solar Energy III, LLC",TX,536.0123519981196
2030,4,p63,Victoria Landfill,402652,Sterling Solar (TX),TX,539.1296697175405
2030,4,p63,Victoria Landfill,404812,Sun Valley Solar Project,TX,396.9045907114245
2030,4,p63,Victoria Landfill,404388,"TPE Erath Solar, LLC",TX,498.4493720299354
2030,4,p63,Victoria Landfill,403457,"TPE Whitney Solar, LLC",TX,448.7029378073675
2030,4,p63,Victoria Landfill,405361,Toyota HQ Plan,TX,526.9663244503444
2030,4,p63,Victoria Landfill,405907,Verizon Hidden Ridge Solar Project,TX,616.2459316702434
2030,4,p63,Victoria Landfill,405984,Waco Solar,TX,305.9294992601953
2030,4,p63,Victoria Landfill,402306,Walnut Springs Solar,TX,462.1584601955104
2030,4,p63,Victoria Landfill,402497,West Moore Solar II,TX,685.0972214727899
2030,4,p63,Victoria Landfill,402330,Whitesboro Solar,TX,1784.6190504070923
2030,4,p63,City of Clovis Landfill,402330,Whitesboro Solar,TX,442.7029777922294
2030,4,p63,Victoria Landfill,402331,Whitesboro Solar II,TX,2734.2663792519143
2030,4,p63,City of Clovis Landfill,402331,Whitesboro Solar II,TX,442.61151200533305
2030,4,p63,Victoria Landfill,402414,Whitewright Solar,TX,564.1338113827574
2030,4,p63,Victoria Landfill,402654,Yellow Jacket,TX,476.0292391231678
2030,4,p64,Victoria Landfill,405731,Austin TX GigaFactory,TX,233.90632164107794
2030,4,p64,Victoria Landfill,402203,Bandera Electric Coop PV,TX,352.4500522457484
2030,4,p64,Victoria Landfill,404721,"Blue Jay Solar I, LLC",TX,264.15048851697577
2030,4,p64,Victoria Landfill,402648,Bovine,TX,157.026568767419
2030,4,p64,Victoria Landfill,402389,"E-Volve Energy Holdings, LLC",TX,193.15995087505158
2030,4,p64,Victoria Landfill,400227,East Blackland Solar Project 1,TX,207.31869717557782
2030,4,p64,Victoria Landfill,405101,IKEA Round Rock 027,TX,242.73476799518946
2030,4,p64,Victoria Landfill,402653,Lampwick,TX,323.0630380367292
2030,4,p64,Victoria Landfill,405613,Niagara Bottling - Seguin,TX,183.4634031558405
2030,4,p64,Victoria Landfill,402544,PowerFin Kingsbery,TX,198.92487085307636
2030,4,p64,Victoria Landfill,400249,Webberville Solar Project,TX,199.9287720851214
2030,4,p65,Victoria Landfill,405700,Aktina Solar,TX,119.19080964162933
2030,4,p65,Victoria Landfill,404074,"Alexis Solar, LLC",TX,238.42251250300544
2030,4,p65,Victoria Landfill,405727,Bernard Creek Solar,TX,149.33206329271744
2030,4,p65,Victoria Landfill,400081,Blue Wing Solar Energy Generation,TX,186.12437283850502
2030,4,p65,Victoria Landfill,405477,Brightside,TX,141.49127882810882
2030,4,p65,Victoria Landfill,401728,CPS 1 Community Solar,TX,179.05282695813708
2030,4,p65,Victoria Landfill,402656,Cascade Solar (TX),TX,146.45577805838047
2030,4,p65,Victoria Landfill,403987,Catan Solar,TX,117.92664017994858
2030,4,p65,Victoria Landfill,403091,Commerce Solar,TX,196.13020373879843
2030,4,p65,Victoria Landfill,404247,"Corazon Energy, LLC",TX,278.4950860760193
2030,4,p65,Victoria Landfill,404062,Elara Solar,TX,229.85068147024893
2030,4,p65,Victoria Landfill,404359,FELPS 1-Calaveras,TX,167.88126804946094
2030,4,p65,Victoria Landfill,404361,FELPS 2-Calaveras,TX,172.52496940609524
2030,4,p65,Victoria Landfill,404362,FELPS 3-Floresville South,TX,162.04619486418298
2030,4,p65,Victoria Landfill,404363,FELPS 4-Floresville South,TX,152.50585149931084
2030,4,p65,Victoria Landfill,404364,FELPS 5-Floresville South,TX,164.3639207121334
2030,4,p65,Victoria Landfill,404739,FELPS 6- Floresville West,TX,158.6358355096992
2030,4,p65,Victoria Landfill,404740,FELPS 7- Floresville West,TX,159.25363076712785
2030,4,p65,Victoria Landfill,406516,Ganado Solar,TX,102.74772131096896
2030,4,p65,Victoria Landfill,405801,Horizon Solar,TX,226.15169113058388
2030,4,p65,Victoria Landfill,405380,IKEA Live Oak Rooftop PV System,TX,183.5280611484573
2030,4,p65,Victoria Landfill,403343,Mars Solar,TX,239.03144036324284
2030,4,p65,Victoria Landfill,404877,Nebula Solar,TX,281.9747152175895
2030,4,p65,Victoria Landfill,400694,"OCI Alamo 2, LLC",TX,207.47833251263086
2030,4,p65,Victoria Landfill,400965,"OCI Alamo 3, LLC",TX,191.39671017238243
2030,4,p65,Victoria Landfill,400966,"OCI Alamo 5, LLC",TX,297.39879181893144
2030,4,p65,Victoria Landfill,400593,OCI Alamo Solar I Hybrid,TX,205.03620378904722
2030,4,p65,Victoria Landfill,405809,Shakes Solar,TX,274.6379535087337
2030,4,p65,Victoria Landfill,405545,Sparta Solar,TX,135.80644369346916
2030,4,p65,Victoria Landfill,400379,"SunE CPS1, LLC",TX,184.5183550584879
2030,4,p65,Victoria Landfill,400364,"SunE CPS2, LLC",TX,186.46917212372264
2030,4,p65,Victoria Landfill,400353,"SunE CPS3, LLC",TX,191.7575845932056
2030,4,p65,Victoria Landfill,406032,Tres Bahias,TX,89.96011225962988
2030,4,p65,Victoria Landfill,404878,Vancourt Solar Interconnections,TX,287.1097388111459
2030,4,p66,Victoria Landfill,406386,Umbriel Solar,TX,1022.5237542117411
2030,4,p67,Victoria Landfill,404939,Brazoria County Solar Project (Danciger),TX,214.6532752391937
2030,4,p67,Victoria Landfill,404681,Brazoria West,TX,195.7048898528135
2030,4,p67,Victoria Landfill,402649,Bronson,TX,228.03884297622287
2030,4,p67,Victoria Landfill,406178,"Cutlass Solar 1, LLC",TX,201.2929635208183
2030,4,p67,Victoria Landfill,404587,Fighting Jays Solar Project,TX,209.4205108445152
2030,4,p67,Victoria Landfill,405564,"Fort Bend Solar, LLC",TX,231.68425292612991
2030,4,p67,Victoria Landfill,404853,"Longbow Solar, LLC",TX,208.04859811691583
2030,4,p67,Victoria Landfill,403514,Wagyu,TX,184.99146889607528
