Year,Quarter,PCA,Landfill Name,case_id,Site,State,Cost
2026,1,p12,Apex Regional Landfill,402144,Battle Mountain Solar Project,NV,2264.7486698903617
2026,1,p12,Apex Regional Landfill,405553,Dodge Flat,NV,3047.9040072141106
2026,1,p12,Apex Regional Landfill,402609,"EGP Stillwater Solar PV II, LLC",NV,8125.386177446398
2026,1,p12,Apex Regional Landfill,404659,Fish Springs,NV,3442.834312234864
2026,1,p12,Apex Regional Landfill,401086,Ft. Churchill PV,NV,30044.464051266255
2026,1,p12,Apex Regional Landfill,402130,Luning Energy,NV,2595.5544177785973
2026,1,p12,Apex Regional Landfill,403107,NVSS-II,NV,1926.49095822947
2026,1,p12,Apex Regional Landfill,400468,"Patua Acquisition Project, LLC",NV,54269.64938207005
2026,1,p12,Apex Regional Landfill,405021,Steamboat Hills LP,NV,113834.03249619223
2026,1,p12,Apex Regional Landfill,405023,Steamboat II,NV,110070.54337580194
2026,1,p12,Apex Regional Landfill,400029,Stillwater Facility,NV,14876.847786434131
2026,1,p12,Apex Regional Landfill,401318,Sunshine Valley Solar,NV,540.7065902952987
2026,1,p12,Apex Regional Landfill,405026,TS Power Plant,NV,2008.5640703266008
2026,1,p12,Apex Regional Landfill,401943,Tungsten Mountain,NV,20700.228385280225
2026,1,p12,Apex Regional Landfill,403308,Turquoise Liberty Solar,NV,45417.45087805608
2026,1,p12,Apex Regional Landfill,403884,"Turquoise Nevada, LLC",NV,6706.31336743501
2026,1,p12,Apex Regional Landfill,400035,Western 102 Power Plant,NV,451958.80713360163
2026,1,p13,Apex Regional Landfill,400555,Apex Solar PV Power Project,NV,1265.9850529219893
2026,1,p13,Apex Regional Landfill,405385,Arrow Canyon Solar Hybrid,NV,664.8153233099749
2026,1,p13,Apex Regional Landfill,402017,"Boulder Solar II, LLC",NV,595.7026485299332
2026,1,p13,Apex Regional Landfill,401649,"Boulder Solar Power, LLC",NV,390.265835599447
2026,1,p13,Apex Regional Landfill,400059,CM10,NV,3902.987631723366
2026,1,p13,Apex Regional Landfill,400086,CM48,NV,772.6129910626971
2026,1,p13,Apex Regional Landfill,400363,Copper Mountain Solar 2,NV,271.1336097529137
2026,1,p13,Apex Regional Landfill,400802,Copper Mountain Solar 3,NV,142.19062575831916
2026,1,p13,Apex Regional Landfill,401308,"Copper Mountain Solar 4, LLC",NV,379.8721938691542
2026,1,p13,Apex Regional Landfill,403688,"Copper Mountain Solar 5, LLC",NV,192.41449808009259
2026,1,p13,Apex Regional Landfill,405358,Dignity - San Martin,NV,12911.873960327544
2026,1,p13,Apex Regional Landfill,405355,Dignity - Siena Campus,NV,10727.40947032045
2026,1,p13,Apex Regional Landfill,405556,Dry Lake Solar Energy Center,NV,274.01712585113495
2026,1,p13,Apex Regional Landfill,405495,Gemini Solar,NV,118.840777341466
2026,1,p13,Apex Regional Landfill,403386,"Harry Allen Solar Energy, LLC",NV,414.956680996231
2026,1,p13,Apex Regional Landfill,406090,IGS LAS1,NV,19373.73857794474
2026,1,p13,Apex Regional Landfill,406089,IGS VGT,NV,15428.538679004678
2026,1,p13,Apex Regional Landfill,405309,IKEA Las Vegas 462,NV,14711.235819627662
2026,1,p13,Apex Regional Landfill,400545,Las Vegas WPCF Solar Plant,NV,1758.0787937871553
2026,1,p13,Apex Regional Landfill,400313,Moapa Southern Paiute,NV,203.61705918422
2026,1,p13,Apex Regional Landfill,400600,Mountain View Solar,NV,1871.043016355271
2026,1,p13,Apex Regional Landfill,400036,Nellis Air Force Base Solar Array,NV,1370.888535979854
2026,1,p13,Apex Regional Landfill,401381,Nellis Solar PV II,NV,449.32012670257495
2026,1,p13,Apex Regional Landfill,401319,"Playa Solar 1, LLC",NV,360.0536977025595
2026,1,p13,Apex Regional Landfill,401596,Playa Solar 2,NV,298.5823708412989
2026,1,p13,Apex Regional Landfill,401274,River Mountains Solar,NV,1124.842809733309
2026,1,p13,Mohave Valley Landfill,401042,Searchlight Solar,NV,3076.0359483419566
2026,1,p13,Apex Regional Landfill,400166,Silver State Solar Power North,NV,934.6900294413564
2026,1,p13,Apex Regional Landfill,400658,Silver State Solar Power South,NV,316.9782593864052
2026,1,p13,Apex Regional Landfill,405246,"Solar Las Vegas MB 2, LLC",NV,5064.419564063353
2026,1,p13,Apex Regional Landfill,405188,Solar Las Vegas MB-1,NV,1446.6719214884722
2026,1,p13,Apex Regional Landfill,400556,Spectrum Solar PV Power Project,NV,615.4052423743682
2026,1,p13,Apex Regional Landfill,402485,"Techren Solar I, LLC",NV,311.76612278340195
2026,1,p13,Apex Regional Landfill,402690,"Techren Solar II, LLC",NV,175.84887473697304
2026,1,p13,Apex Regional Landfill,402691,"Techren Solar III, LLC",NV,1572.8644177273982
2026,1,p13,Apex Regional Landfill,402692,"Techren Solar IV, LLC",NV,1254.8146731071258
2026,1,p13,Apex Regional Landfill,403001,Techren Solar V,NV,527.2197959466154
2026,1,p13,Apex Regional Landfill,401851,Townsite Solar Project Hybrid,NV,205.769524434237
2026,1,p13,Apex Regional Landfill,406448,Yellow Pine II,NV,832.0750378391964
2026,1,p13,Apex Regional Landfill,404971,Yellow Pine Solar,NV,864.3049317458474
2026,1,p27,Mohave Valley Landfill,400374,"Black Mountain Solar, LLC",AZ,493.24103570105035
2026,1,p27,Mohave Valley Landfill,402236,Gray Hawk Solar,AZ,202.85591686823673
2026,1,p27,Mohave Valley Landfill,401819,Jacobson 5 MW Solar,AZ,2618.1331695743497
2026,1,p27,Mohave Valley Landfill,400199,La Senita,AZ,5421.121094162298
2026,1,p27,Mohave Valley Landfill,403718,Mohave Electric Cooperative at Joy Lane,AZ,97.71059516652402
2026,1,p27,Mohave Valley Landfill,401311,Mohave Electric at Fort Mohave,AZ,194.17629653529278
2026,1,p27,Mohave Valley Landfill,406478,Mohave Energy - Hybrid,AZ,66.38657524604477
2026,1,p28,Apache Junction Landfill,405418,AZ State University - Tempe Campus Solar,AZ,9787.461714502397
2026,1,p28,South Yuma County Landfill,400148,Agua Caliente Solar Project,AZ,308.7666280647136
2026,1,p28,Apache Junction Landfill,402067,Apache Solar 1,AZ,8251.961847083137
2026,1,p28,South Yuma County Landfill,400274,Arizona Western College PV,AZ,2386.9449537910023
2026,1,p28,Apache Junction Landfill,400240,Arlington Valley Solar Energy II,AZ,696.2582090139232
2026,1,p28,Apache Junction Landfill,400437,Badger 1,AZ,5650.492431550008
2026,1,p28,Apache Junction Landfill,401688,Bonnybrooke PV,AZ,741.1934726875966
2026,1,p28,Apache Junction Landfill,400371,Buckeye Union HS District 201,AZ,26244.206482138114
2026,1,p28,Apache Junction Landfill,405635,"Central Line Solar, LLC",AZ,569.4500831648913
2026,1,p28,Apache Junction Landfill,400201,Chino Solar Valley,AZ,5690.322215959859
2026,1,p28,Apache Junction Landfill,400202,Cotton Center Solar Hybrid,AZ,4126.173768184917
2026,1,p28,Apache Junction Landfill,401069,Desert Star Hybrid,AZ,6057.581068986325
2026,1,p28,Apache Junction Landfill,403257,East Line Solar,AZ,448.7920537082697
2026,1,p28,Apache Junction Landfill,406171,Eleven Mile Solar Center,AZ,174.9791771908055
2026,1,p28,Apache Junction Landfill,405244,Estrella Mountain PV,AZ,26661.79226151979
2026,1,p28,South Yuma County Landfill,400349,Foothills Solar Plant Hybrid,AZ,387.9477906618193
2026,1,p28,Apache Junction Landfill,400825,Fort Huachuca Solar PV Project,AZ,9082.387333487584
2026,1,p28,Apache Junction Landfill,400845,Gila Bend Hybrid,AZ,3028.0229380784076
2026,1,p28,Apache Junction Landfill,400599,"Gilbert Solar Facility I, LLC",AZ,7064.759156998751
2026,1,p28,South Yuma County Landfill,400507,Hyder II Hybrid,AZ,5727.690398361893
2026,1,p28,South Yuma County Landfill,400204,Hyder Solar Hybrid,AZ,5612.501535871933
2026,1,p28,Apache Junction Landfill,405282,Intel - Ocotillo Campus Solar,AZ,6597.899401408629
2026,1,p28,Apache Junction Landfill,405125,Jewish Community Center PV,AZ,31875.5839220601
2026,1,p28,Apache Junction Landfill,402234,Kayenta Solar Project,AZ,5027.934123179283
2026,1,p28,Apache Junction Landfill,400595,Lake Pleasant WTP,AZ,8663.269596966633
2026,1,p28,Apache Junction Landfill,400128,Luke Solar,AZ,5670.736391604285
2026,1,p28,Apache Junction Landfill,405068,Macys Goodyear,AZ,20679.078836016914
2026,1,p28,South Yuma County Landfill,406279,McFarland A Solar and Storage,AZ,433.35846512348155
2026,1,p28,Apache Junction Landfill,405617,Mesa Carport PV,AZ,1220.517568827096
2026,1,p28,Apache Junction Landfill,404512,Mesa Solar Array,AZ,1412.7229737539742
2026,1,p28,Apache Junction Landfill,400250,Mesquite Solar 1,AZ,991.5456181330932
2026,1,p28,Apache Junction Landfill,401621,"Mesquite Solar 2, LLC",AZ,845.628722667125
2026,1,p28,Apache Junction Landfill,401622,"Mesquite Solar 3, LLC",AZ,712.9540978781556
2026,1,p28,Apache Junction Landfill,406038,"Mesquite Solar 4, LLC",AZ,1958.5377988542882
2026,1,p28,Apache Junction Landfill,404922,"Mesquite Solar 5, LLC",AZ,1527.55597391935
2026,1,p28,Mohave Valley Landfill,403572,OE_AZ1,AZ,3852.1524825929623
2026,1,p28,Apache Junction Landfill,400203,Paloma Solar Hybrid,AZ,5709.047502358145
2026,1,p28,Apache Junction Landfill,405126,Paradise Valley H.S. PV,AZ,28309.88697799146
2026,1,p28,Apache Junction Landfill,405150,Phoenix Airport East Economy Lot,AZ,34520.49669477428
2026,1,p28,Apache Junction Landfill,405151,Phoenix Airport Rental Car Center,AZ,62589.22734883722
2026,1,p28,Apache Junction Landfill,402528,Pinal Central Energy Center Hybrid,AZ,1748.6317386743024
2026,1,p28,Apache Junction Landfill,400125,"Poseidon Solar, LLC",AZ,862.6669383740241
2026,1,p28,Apache Junction Landfill,400031,Prescott Airport,AZ,43256.77061238075
2026,1,p28,Apache Junction Landfill,400401,Prescott Solar Plant,AZ,12597.149873193237
2026,1,p28,Apache Junction Landfill,400323,Queen Creek Solar Farm,AZ,485.39498467769505
2026,1,p28,Mohave Valley Landfill,400289,"RE Bagdad Solar I, LLC",AZ,6842.700442374273
2026,1,p28,Apache Junction Landfill,405132,"RE Gillespie 1, LLC",AZ,4602.791953104129
2026,1,p28,Apache Junction Landfill,400758,Red Horse 2,AZ,2062.044163678048
2026,1,p28,Apache Junction Landfill,401609,Red Horse III,AZ,3729.829648594806
2026,1,p28,Apache Junction Landfill,401726,Red Rock,AZ,1500.665776070051
2026,1,p28,Apache Junction Landfill,406380,SR McNeal,AZ,8284.051888920787
2026,1,p28,Apache Junction Landfill,400416,Saddle Mountain Solar I,AZ,10670.052513654804
2026,1,p28,Apache Junction Landfill,403674,Saint Solar,AZ,638.8514020324105
2026,1,p28,Apache Junction Landfill,401214,Sandstone Solar,AZ,685.209233241338
2026,1,p28,Apache Junction Landfill,405029,Solana Generating Station,AZ,500.05864822765477
2026,1,p28,Apache Junction Landfill,406275,Sonoran Solar Energy,AZ,196.86923203562444
2026,1,p28,Apache Junction Landfill,406034,Storey Solar and Storage,AZ,346.8334117267718
2026,1,p28,Apache Junction Landfill,401664,Sulphur Springs,AZ,6387.367955553051
2026,1,p28,Apache Junction Landfill,403643,Sun Streams 2,AZ,598.0397426637651
2026,1,p28,Apache Junction Landfill,406517,Sun Streams 3,AZ,426.64138866813306
2026,1,p28,Apache Junction Landfill,401975,"Sun Streams, LLC",AZ,1001.9459598196767
2026,1,p28,Apache Junction Landfill,405311,T0588 Phoenix - AZ,AZ,41662.622072803075
2026,1,p28,Apache Junction Landfill,405134,Union HS at Casa Grande,AZ,28730.651648122417
2026,1,p28,Apache Junction Landfill,405135,Vista Grande HS at Casa Grande,AZ,41229.27811444655
2026,1,p28,Apache Junction Landfill,400334,Walmart Casa Grande,AZ,23311.78523809138
2026,1,p28,Apache Junction Landfill,406098,"West Line Solar, LLC",AZ,457.8449145763994
2026,1,p29,Apache Junction Landfill,400014,Springerville,AZ,11398.535525623452
2026,1,p30,Apache Junction Landfill,405143,Actus Lend Lease DMAFB,AZ,21456.39206425042
2026,1,p30,Apache Junction Landfill,405611,Amazon TUS2,AZ,19637.741193356524
2026,1,p30,Apache Junction Landfill,405268,Amphitheater High School Solar,AZ,35569.45113690165
2026,1,p30,Apache Junction Landfill,400939,Avalon Solar,AZ,1869.5645813236426
2026,1,p30,Apache Junction Landfill,401479,Avalon Solar II,AZ,2960.5405889016306
2026,1,p30,Apache Junction Landfill,400226,Avra Valley Solar,AZ,1474.6573691013152
2026,1,p30,Apache Junction Landfill,404704,Broadway 2 - Tucson Phase II,AZ,14282.417737908348
2026,1,p30,Apache Junction Landfill,405768,Broadway 3 - Tucson Phase I,AZ,34112.708283777414
2026,1,p30,Apache Junction Landfill,405269,Canyon Del Oro High School Solar,AZ,9316.017973610082
2026,1,p30,Apache Junction Landfill,400757,Cogenra-TEP,AZ,41791.427361077665
2026,1,p30,Apache Junction Landfill,401295,Davis Monthan AFB (AZ) West Airfield,AZ,5206.4455866429325
2026,1,p30,Apache Junction Landfill,400330,FRB Solar Farm,AZ,21883.589122780933
2026,1,p30,Apache Junction Landfill,400761,"Gato Montes Solar, LLC",AZ,10449.953646026683
2026,1,p30,Apache Junction Landfill,404536,Iron Horse Battery Storage Hybrid,AZ,34787.26367607563
2026,1,p30,Apache Junction Landfill,400552,"Picture Rocks Solar, LLC",AZ,5139.705500837259
2026,1,p30,Apache Junction Landfill,405374,Pima Community College,AZ,45532.94461042277
2026,1,p30,Apache Junction Landfill,405303,Pima Community College - East Campus,AZ,37329.84430280235
2026,1,p30,Apache Junction Landfill,405516,Pima Community College NW,AZ,36301.832996464655
2026,1,p30,Apache Junction Landfill,400408,Prairie Fire,AZ,9216.552500762658
2026,1,p30,Apache Junction Landfill,400290,"RE Ajo 1, LLC",AZ,9853.299705198087
2026,1,p30,Apache Junction Landfill,404926,Raptor Ridge,AZ,3595.635081104334
2026,1,p30,Apache Junction Landfill,400857,Rio Rico Solar,AZ,10647.200352409141
2026,1,p30,Apache Junction Landfill,400193,Roger Road WWTP,AZ,38285.743597868815
2026,1,p30,Apache Junction Landfill,401076,Tech Park Solar,AZ,9141.09242937135
2026,1,p30,Apache Junction Landfill,400156,UASTP I,AZ,43622.32041318028
2026,1,p30,Apache Junction Landfill,401075,Valencia Solar,AZ,6373.512700144815
2026,1,p30,Apache Junction Landfill,404187,"Wilmot Energy Center, LLC",AZ,516.5364900598115
2026,1,p31,City of Clovis Landfill,400211,Alamogordo Solar Energy Center,NM,73504.8513163506
2026,1,p31,Northeastern New Mexico Regional Landfill,400206,Albuquerque Solar Energy Center,NM,104096.42972003215
2026,1,p31,Northeastern New Mexico Regional Landfill,403675,Alcalde Solar Array,NM,67530.58418981015
2026,1,p31,Apache Junction Landfill,401595,Alta Luna,NM,12852.376296778379
2026,1,p31,Northeastern New Mexico Regional Landfill,404724,Angel Fire Energy Facility,NM,6123.114265929279
2026,1,p31,Northeastern New Mexico Regional Landfill,405469,Arroyo Solar Energy Storage Hybrid,NM,1182.9162806302747
2026,1,p31,Northeastern New Mexico Regional Landfill,403321,Bluewater CDEC 1,NM,119850.14063266365
2026,1,p31,Northeastern New Mexico Regional Landfill,403736,Britton Solar Energy Center,NM,3301.5102617559237
2026,1,p31,City of Clovis Landfill,404981,Buena Vista Energy Center,NM,3359.084787549922
2026,1,p31,Northeastern New Mexico Regional Landfill,402876,CNMEC Solar Energy Center,NM,111607.18283242204
2026,1,p31,City of Clovis Landfill,402519,Carrizozo Solar,NM,111264.98299637272
2026,1,p31,Northeastern New Mexico Regional Landfill,401202,Cibola,NM,43611.55181588832
2026,1,p31,Northeastern New Mexico Regional Landfill,400104,Cimarron Solar Facility,NM,1262.0169879653574
2026,1,p31,Apache Junction Landfill,402988,City of Gallup Solar,NM,44797.68873327618
2026,1,p31,Northeastern New Mexico Regional Landfill,403604,City of Rio Rancho WWTP,NM,210437.989963202
2026,1,p31,Apache Junction Landfill,401225,City of Truth or Consequences PV,NM,240493.28893183905
2026,1,p31,Apache Junction Landfill,402177,Columbus Solar Project,NM,197150.97944654143
2026,1,p31,Northeastern New Mexico Regional Landfill,404748,"Cuba 2.5ac, LLC",NM,75553.87970693779
2026,1,p31,Apache Junction Landfill,400209,Deming Solar Energy Center,NM,55415.23870988837
2026,1,p31,Northeastern New Mexico Regional Landfill,403868,Encino Solar Energy Center,NM,4525.508474488499
2026,1,p31,Northeastern New Mexico Regional Landfill,401038,Eubank Landfill Solar Array,NM,105141.41682877041
2026,1,p31,Northeastern New Mexico Regional Landfill,402441,Facebook 1 Solar Energy Center,NM,21976.71511017578
2026,1,p31,Northeastern New Mexico Regional Landfill,402442,Facebook 2 Solar Energy Center,NM,21150.209021061983
2026,1,p31,Northeastern New Mexico Regional Landfill,402443,Facebook 3 Solar Energy Center,NM,30225.16229488903
2026,1,p31,Northeastern New Mexico Regional Landfill,403322,Grants CDEC 2,NM,78018.72764605275
2026,1,p31,Apache Junction Landfill,400216,"Hatch Solar Energy Center I, LLC",NM,75253.17012014992
2026,1,p31,City of Clovis Landfill,401617,Holloman Solar Facility,NM,96800.48990121114
2026,1,p31,Northeastern New Mexico Regional Landfill,406109,"Jicarilla Solar 1, LLC",NM,7231.890026276468
2026,1,p31,Northeastern New Mexico Regional Landfill,400427,Kit Carson,NM,104499.40413213127
2026,1,p31,Northeastern New Mexico Regional Landfill,400210,Las Vegas Solar Energy Center,NM,14420.992752117008
2026,1,p31,Northeastern New Mexico Regional Landfill,400434,Los Alamos PV Site,NM,229997.44432660026
2026,1,p31,Northeastern New Mexico Regional Landfill,400207,Los Lunas Solar Energy Center,NM,31295.40965207495
2026,1,p31,Apache Junction Landfill,400838,Macho Springs,NM,7671.865235087805
2026,1,p31,Northeastern New Mexico Regional Landfill,400582,Manzano Solar,NM,33889.26653220135
2026,1,p31,Northeastern New Mexico Regional Landfill,401201,Meadow Lake Solar Energy Center,NM,24901.776975269157
2026,1,p31,Northeastern New Mexico Regional Landfill,406177,"NMRD Data Center III, LLC",NM,3968.9694301004447
2026,1,p31,City of Clovis Landfill,405693,NMSU Solar and Storage,NM,139121.31620422928
2026,1,p31,Northeastern New Mexico Regional Landfill,406375,OE_ESCL,NM,1667.1026587763615
2026,1,p31,City of Clovis Landfill,400581,Otero Solar,NM,41477.02448711206
2026,1,p31,Northeastern New Mexico Regional Landfill,400146,Questa Solar Facility,NM,124323.63547946875
2026,1,p31,Northeastern New Mexico Regional Landfill,403178,"RC Energy AA, LLC Solar Facility",NM,204953.86860456798
2026,1,p31,Northeastern New Mexico Regional Landfill,401566,Rio Communities Solar Energy Center,NM,37871.01330257385
2026,1,p31,Northeastern New Mexico Regional Landfill,403084,Rio De Oro Solar Energy Center,NM,27838.622282870114
2026,1,p31,Northeastern New Mexico Regional Landfill,400624,Rio Rancho High School,NM,187221.8793771415
2026,1,p31,City of Clovis Landfill,400135,Roadrunner Solar,NM,19892.166496450332
2026,1,p31,Northeastern New Mexico Regional Landfill,404648,"Route 66 Energy Center, LLC",NM,6016.833960033084
2026,1,p31,Northeastern New Mexico Regional Landfill,403387,San Miguel I Solar Energy Center,NM,7137.763503806029
2026,1,p31,Northeastern New Mexico Regional Landfill,405458,San Miguel II Solar Energy Center,NM,7107.976886889318
2026,1,p31,Northeastern New Mexico Regional Landfill,401161,Sandoval Solar Energy Center,NM,46237.789579963384
2026,1,p31,Northeastern New Mexico Regional Landfill,401564,Santa Fe Solar Energy Center,NM,15234.967325658492
2026,1,p31,Northeastern New Mexico Regional Landfill,401565,Santolina Solar Energy Center,NM,40883.23188798625
2026,1,p31,Apache Junction Landfill,400596,Silver City WWTP PV Project,NM,415469.668715955
2026,1,p31,Northeastern New Mexico Regional Landfill,406343,Sky Ranch Solar,NM,1218.3111905559542
2026,1,p31,Northeastern New Mexico Regional Landfill,401563,South Valley Solar Energy Center,NM,41384.13985327821
2026,1,p31,Northeastern New Mexico Regional Landfill,401162,Springer Solar 1,NM,57440.357120829874
2026,1,p31,Northeastern New Mexico Regional Landfill,400735,Storrie Lake Solar Project,NM,41614.89801796696
2026,1,p31,Northeastern New Mexico Regional Landfill,400623,Sue Cleveland High School,NM,261402.956285019
2026,1,p31,City of Clovis Landfill,400343,"SunE EPE1, LLC",NM,52015.852861767504
2026,1,p31,City of Clovis Landfill,400342,"SunE EPE2, LLC",NM,32445.587290791933
2026,1,p31,Northeastern New Mexico Regional Landfill,402854,Syncarpha Eagle Nest,NM,96064.66710436097
2026,1,p31,Northeastern New Mexico Regional Landfill,403412,Syncarpha El Rito,NM,114037.42526377337
2026,1,p31,Northeastern New Mexico Regional Landfill,403413,Syncarpha Questa,NM,72756.72224556774
2026,1,p31,Northeastern New Mexico Regional Landfill,403411,Syncarpha Taos,NM,34713.541959852606
2026,1,p31,Northeastern New Mexico Regional Landfill,404618,Taos Mesa Energy Facility Hybrid,NM,7258.816434378319
2026,1,p31,Northeastern New Mexico Regional Landfill,403011,Vista Solar Energy Center,NM,24171.910474670403
2026,1,p31,City of Clovis Landfill,400354,WSMR I,NM,84461.83149005707
2026,1,p31,Apache Junction Landfill,405245,Wal-Mart Truth or Consequences PV,NM,460900.1777903602
2026,1,p47,City of Clovis Landfill,400979,"Caprock Solar 1, LLC",NM,3143.8589729835912
2026,1,p47,City of Clovis Landfill,404980,Chaves County Solar II,NM,5220.179582808258
2026,1,p47,City of Clovis Landfill,401681,"Chaves Solar, LLC",NM,2240.0345314226392
2026,1,p47,City of Clovis Landfill,400614,GSE NM1,NM,114121.22152612451
2026,1,p47,City of Clovis Landfill,404982,Hayhurst New Mexico Solar,NM,15054.96865378659
2026,1,p47,City of Clovis Landfill,402530,Middle Daisy,NM,38992.38301969138
2026,1,p47,City of Clovis Landfill,401682,"Roswell Solar, LLC",NM,2494.958470250725
2026,1,p47,City of Clovis Landfill,400546,SEV NM Phase 2,NM,151182.15846617258
2026,1,p47,City of Clovis Landfill,400260,SPS1 Dollarhide,NM,27894.098432485465
2026,1,p47,City of Clovis Landfill,400261,SPS2 Jal,NM,30600.62611683909
2026,1,p47,City of Clovis Landfill,400262,SPS3 Lea,NM,26591.319859255353
2026,1,p47,City of Clovis Landfill,400264,SPS5 Hopi,NM,30960.923580670777
2026,1,p47,City of Clovis Landfill,404698,SoCore Clovis 1,NM,6707.766490134218
2026,1,p48,City of Clovis Landfill,406439,"BESSP1, LLC",TX,461223.81705087266
2026,1,p48,City of Clovis Landfill,405590,"Hecate Energy Frye Solar, LLC",TX,1264.318662637074
2026,1,p57,Victoria Landfill,404918,"Hecate Energy Upshur Rural, LLC",TX,30562.79968523759
2026,1,p59,City of Clovis Landfill,402666,Fort Bliss (DEA EPIC),TX,50648.704380487216
2026,1,p59,City of Clovis Landfill,401616,Montana Solar Facility,TX,29316.375975703875
2026,1,p59,City of Clovis Landfill,401045,Newman Solar,TX,10941.389358785038
2026,1,p60,City of Clovis Landfill,403962,"ANSON Solar Center, LLC",TX,1706.1896949286834
2026,1,p60,City of Clovis Landfill,403883,Azure Sky Solar,TX,1580.1605895278365
2026,1,p60,City of Clovis Landfill,403232,"ENGIE Long Draw Solar, LLC",TX,888.5034620295969
2026,1,p60,City of Clovis Landfill,406252,Highpeak Solar 1,TX,23227.009369103318
2026,1,p60,City of Clovis Landfill,402721,Holstein 1 Solar Farm,TX,2521.5600203442395
2026,1,p60,City of Clovis Landfill,405492,Juno Solar Project,TX,657.6429987010235
2026,1,p60,City of Clovis Landfill,402541,Lamesa II,TX,4282.1039885949385
2026,1,p60,City of Clovis Landfill,401660,Lamesa Solar,TX,2084.580001173129
2026,1,p60,City of Clovis Landfill,405932,Lumina II Solar Project,TX,655.3703949471942
2026,1,p60,City of Clovis Landfill,405933,Lumina Solar Project,TX,615.9551267466151
2026,1,p60,City of Clovis Landfill,402909,Misae Solar,TX,994.8004001490675
2026,1,p60,City of Clovis Landfill,400968,"OCI Alamo 7, LLC",TX,2905.61425924766
2026,1,p60,City of Clovis Landfill,405939,Texas Solar Nova 1,TX,910.5181452641607
2026,1,p61,City of Clovis Landfill,400967,Alamo 6,TX,1111.792296314968
2026,1,p61,City of Clovis Landfill,403557,Aragorn Solar Project,TX,639.3281795919793
2026,1,p61,City of Clovis Landfill,400691,Barilla Solar,TX,4508.686873593113
2026,1,p61,City of Clovis Landfill,401946,Bluebell Solar,TX,5550.125074982026
2026,1,p61,City of Clovis Landfill,403574,Bluebell Solar II,TX,1451.781927050742
2026,1,p61,City of Clovis Landfill,400554,"Bryan Solar, LLC",TX,19118.373400081662
2026,1,p61,City of Clovis Landfill,401463,Buckthorn Westex,TX,1137.8435984555658
2026,1,p61,City of Clovis Landfill,401703,East Pecos Solar,TX,1519.096512624919
2026,1,p61,Victoria Landfill,405363,Galloway 1 Solar Farm,TX,727.0007301743236
2026,1,p61,Victoria Landfill,405494,Galloway 2 Solar Farm,TX,1132.785003606237
2026,1,p61,City of Clovis Landfill,403210,Greasewood,TX,612.3458475564335
2026,1,p61,City of Clovis Landfill,406370,Hayhurst Texas Solar,TX,4839.348920081382
2026,1,p61,City of Clovis Landfill,402304,Midway Solar-TX,TX,764.3207774920702
2026,1,p61,Victoria Landfill,400695,"OCI Alamo 4, LLC",TX,4144.3493222630095
2026,1,p61,City of Clovis Landfill,401868,Pearl Solar,TX,3613.663399115313
2026,1,p61,City of Clovis Landfill,402290,RE Maplewood,TX,501.649353354374
2026,1,p61,City of Clovis Landfill,401430,RE Roserock,TX,1374.6860715113467
2026,1,p61,City of Clovis Landfill,402848,Rambler,TX,1131.5265758964877
2026,1,p61,City of Clovis Landfill,402083,Solaire Holman Solar Project,TX,3528.9763205007766
2026,1,p61,City of Clovis Landfill,403023,"Taygete Energy Project, LLC",TX,577.4724825933216
2026,1,p61,City of Clovis Landfill,404647,Taygete II Energy Project,TX,724.4041354727008
2026,1,p61,City of Clovis Landfill,403551,Titan Solar Project,TX,454.77775386057544
2026,1,p61,Victoria Landfill,406103,Zier Solar,TX,758.8010253500361
2026,1,p62,City of Clovis Landfill,403502,2W Permian Solar Project Hybrid,TX,478.1663337540477
2026,1,p62,City of Clovis Landfill,403697,CED Crane Solar,TX,1462.1876807593153
2026,1,p62,City of Clovis Landfill,401525,Castle Gap Solar Hybrid,TX,1243.436426674238
2026,1,p62,City of Clovis Landfill,404599,Emerald Grove,TX,1441.1548655640738
2026,1,p62,City of Clovis Landfill,403004,Lapetus,TX,1169.1801056862778
2026,1,p62,City of Clovis Landfill,403280,Oberon IA,TX,1257.3355369726894
2026,1,p62,City of Clovis Landfill,403279,Oberon IB,TX,4691.7650639310505
2026,1,p62,City of Clovis Landfill,403602,Oxy Renewable Energy-Goldsmith,TX,8518.720543774152
2026,1,p62,City of Clovis Landfill,402679,Phoebe Solar,TX,620.5678016992471
2026,1,p62,City of Clovis Landfill,403177,Prospero Solar,TX,491.42477121851476
2026,1,p62,City of Clovis Landfill,404128,Prospero Solar II,TX,406.8028926485815
2026,1,p62,City of Clovis Landfill,403070,"Roadrunner, LLC",TX,487.61369705775235
2026,1,p62,City of Clovis Landfill,401805,Upton County Solar,TX,1705.1728014662206
2026,1,p62,City of Clovis Landfill,402995,West of the Pecos Solar,TX,1517.01416147098
2026,1,p63,Victoria Landfill,405599,"BPL Crown Solar, LLC",TX,2833.549835311687
2026,1,p63,Victoria Landfill,404966,BPL Files Solar,TX,3958.8406168847405
2026,1,p63,Victoria Landfill,403825,Briar Creek Solar 1,TX,4737.580658961891
2026,1,p63,Victoria Landfill,402610,Chisum,TX,67172.74008651012
2026,1,p63,Victoria Landfill,401697,CoServ Community Solar Station,TX,481777.1135969593
2026,1,p63,Victoria Landfill,403188,Coniglio Solar,TX,8183.621223024618
2026,1,p63,Victoria Landfill,406415,Dileo Solar,TX,5832.189229182243
2026,1,p63,Victoria Landfill,402655,Eddy II,TX,27606.35976118321
2026,1,p63,Victoria Landfill,406221,Eiffel Solar Project,TX,3229.784256078147
2026,1,p63,Victoria Landfill,405540,"Ellis Solar, LLC",TX,9990.9981037244
2026,1,p63,Victoria Landfill,403823,Elm Branch Solar 1,TX,3521.3294898751537
2026,1,p63,Victoria Landfill,406206,Five Wells Solar Center - Hybrid,TX,1211.2671260738896
2026,1,p63,Victoria Landfill,404567,G.S.E. One LLC,TX,7759.121194008722
2026,1,p63,Victoria Landfill,403288,Griffin Solar,TX,97728.35229339953
2026,1,p63,Victoria Landfill,406202,Grizzly Ridge Solar,TX,5752.959478698536
2026,1,p63,Victoria Landfill,402329,Highway 56 Solar,TX,97837.70716985827
2026,1,p63,Victoria Landfill,405319,IKEA Grand Prairie Rooftop PV System,TX,701291.8287546397
2026,1,p63,Victoria Landfill,405689,"IP Radian, LLC",TX,1700.0747826986449
2026,1,p63,Victoria Landfill,403481,Impact Solar 1,TX,3775.5711812530553
2026,1,p63,Victoria Landfill,403190,Kellam Solar,TX,7720.542399009279
2026,1,p63,Victoria Landfill,402421,Leon Solar,TX,47461.50161942578
2026,1,p63,Victoria Landfill,403874,Lily Solar Hybrid,TX,4029.4469042937076
2026,1,p63,Victoria Landfill,402404,Marlin Solar,TX,57235.66147718103
2026,1,p63,Victoria Landfill,405794,Noble Solar,TX,2591.9308414710918
2026,1,p63,Victoria Landfill,402405,North Gainesville Solar,TX,111761.99875736119
2026,1,p63,Victoria Landfill,401933,Phantom Solar,TX,17517.692252136047
2026,1,p63,Victoria Landfill,404872,"Pisgah Ridge Solar, LLC",TX,1989.670071092656
2026,1,p63,Victoria Landfill,406416,Pitts Dudik Solar,TX,13626.4219836034
2026,1,p63,Victoria Landfill,403189,Rippey Solar,TX,9572.37132170202
2026,1,p63,Victoria Landfill,404630,"Samson Solar Energy III, LLC",TX,3032.2440401123113
2026,1,p63,Victoria Landfill,402652,Sterling Solar (TX),TX,59467.06136876385
2026,1,p63,Victoria Landfill,404812,Sun Valley Solar Project,TX,1723.147488260323
2026,1,p63,Victoria Landfill,404388,"TPE Erath Solar, LLC",TX,39852.32811372813
2026,1,p63,Victoria Landfill,403457,"TPE Whitney Solar, LLC",TX,51946.07856800197
2026,1,p63,Victoria Landfill,405361,Toyota HQ Plan,TX,200089.09180637065
2026,1,p63,Victoria Landfill,405984,Waco Solar,TX,1050.6714225148291
2026,1,p63,Victoria Landfill,402306,Walnut Springs Solar,TX,182436.85224077155
2026,1,p63,Victoria Landfill,402330,Whitesboro Solar,TX,259174.91327820983
2026,1,p63,Victoria Landfill,402331,Whitesboro Solar II,TX,1038072.4103501089
2026,1,p63,Victoria Landfill,402414,Whitewright Solar,TX,169444.61662384158
2026,1,p63,Victoria Landfill,402654,Yellow Jacket,TX,115923.27874702174
2026,1,p64,Victoria Landfill,405731,Austin TX GigaFactory,TX,57484.41180239311
2026,1,p64,Victoria Landfill,402203,Bandera Electric Coop PV,TX,106965.25501318616
2026,1,p64,Victoria Landfill,404721,"Blue Jay Solar I, LLC",TX,929.1562786916459
2026,1,p64,Victoria Landfill,402648,Bovine,TX,7135.949698739024
2026,1,p64,Victoria Landfill,402389,"E-Volve Energy Holdings, LLC",TX,57582.311463127706
2026,1,p64,Victoria Landfill,400227,East Blackland Solar Project 1,TX,1124.3874567827513
2026,1,p64,Victoria Landfill,405101,IKEA Round Rock 027,TX,105881.56240180829
2026,1,p64,Victoria Landfill,402653,Lampwick,TX,31486.75655121335
2026,1,p64,Victoria Landfill,405613,Niagara Bottling - Seguin,TX,17616.836087412405
2026,1,p64,Victoria Landfill,402544,PowerFin Kingsbery,TX,39398.58167709924
2026,1,p64,Victoria Landfill,400249,Webberville Solar Project,TX,4119.532804014947
2026,1,p65,Victoria Landfill,405700,Aktina Solar,TX,2392.4158936837484
2026,1,p65,Victoria Landfill,404074,"Alexis Solar, LLC",TX,261762.3155643822
2026,1,p65,Victoria Landfill,405727,Bernard Creek Solar,TX,8644.930584711039
2026,1,p65,Victoria Landfill,400081,Blue Wing Solar Energy Generation,TX,119902.40800186316
2026,1,p65,Victoria Landfill,405477,Brightside,TX,37110.767440270334
2026,1,p65,Victoria Landfill,401728,CPS 1 Community Solar,TX,1716308.8095176194
2026,1,p65,Victoria Landfill,402656,Cascade Solar (TX),TX,133144.8569107484
2026,1,p65,Victoria Landfill,403987,Catan Solar,TX,82710.6263688296
2026,1,p65,Victoria Landfill,403091,Commerce Solar,TX,384568.43281416985
2026,1,p65,Victoria Landfill,404247,"Corazon Energy, LLC",TX,13316.289559512184
2026,1,p65,Victoria Landfill,404062,Elara Solar,TX,17670.807364333803
2026,1,p65,Victoria Landfill,404359,FELPS 1-Calaveras,TX,1651773.922467777
2026,1,p65,Victoria Landfill,404361,FELPS 2-Calaveras,TX,1859605.1715660526
2026,1,p65,Victoria Landfill,404362,FELPS 3-Floresville South,TX,1311760.40741312
2026,1,p65,Victoria Landfill,404363,FELPS 4-Floresville South,TX,1311956.5050801004
2026,1,p65,Victoria Landfill,404364,FELPS 5-Floresville South,TX,1312302.7226856225
2026,1,p65,Victoria Landfill,404739,FELPS 6- Floresville West,TX,1992965.886514598
2026,1,p65,Victoria Landfill,404740,FELPS 7- Floresville West,TX,1992661.070403402
2026,1,p65,Victoria Landfill,406516,Ganado Solar,TX,4154.86684550357
2026,1,p65,Victoria Landfill,405801,Horizon Solar,TX,18781.38519422146
2026,1,p65,Victoria Landfill,405380,IKEA Live Oak Rooftop PV System,TX,2069423.3076335818
2026,1,p65,Victoria Landfill,403343,Mars Solar,TX,305995.2830105188
2026,1,p65,Victoria Landfill,404877,Nebula Solar,TX,33244.887374668586
2026,1,p65,Victoria Landfill,400694,"OCI Alamo 2, LLC",TX,481323.23906500015
2026,1,p65,Victoria Landfill,400965,"OCI Alamo 3, LLC",TX,303936.4701931697
2026,1,p65,Victoria Landfill,400966,"OCI Alamo 5, LLC",TX,38098.5421384077
2026,1,p65,Victoria Landfill,400593,OCI Alamo Solar I Hybrid,TX,83113.56215567734
2026,1,p65,Victoria Landfill,405809,Shakes Solar,TX,23948.222884500516
2026,1,p65,Victoria Landfill,405545,Sparta Solar,TX,6224.053410799774
2026,1,p65,Victoria Landfill,400379,"SunE CPS1, LLC",TX,185397.0407638045
2026,1,p65,Victoria Landfill,400364,"SunE CPS2, LLC",TX,186198.95181784345
2026,1,p65,Victoria Landfill,400353,"SunE CPS3, LLC",TX,254192.67471182428
2026,1,p65,Victoria Landfill,406032,Tres Bahias,TX,2408.186929785887
2026,1,p65,Victoria Landfill,404878,Vancourt Solar Interconnections,TX,69297.50957567025
2026,1,p66,Victoria Landfill,406386,Umbriel Solar,TX,6542.899718749277
2026,1,p67,Victoria Landfill,404939,Brazoria County Solar Project (Danciger),TX,891.283386708303
2026,1,p67,Victoria Landfill,404681,Brazoria West,TX,970.036911805694
2026,1,p67,Victoria Landfill,402649,Bronson,TX,15947.877272182015
2026,1,p67,Victoria Landfill,406178,"Cutlass Solar 1, LLC",TX,1584.424318666021
2026,1,p67,Victoria Landfill,404587,Fighting Jays Solar Project,TX,963.2518236415465
2026,1,p67,Victoria Landfill,405564,"Fort Bend Solar, LLC",TX,725.2298544752181
2026,1,p67,Victoria Landfill,404853,"Longbow Solar, LLC",TX,3687.0925475221657
2026,1,p67,Victoria Landfill,403514,Wagyu,TX,1591.9851661572015
2026,2,p12,Apex Regional Landfill,402144,Battle Mountain Solar Project,NV,1283.1677379835012
2026,2,p12,Apex Regional Landfill,405553,Dodge Flat,NV,1719.2891596739069
2026,2,p12,Apex Regional Landfill,402609,"EGP Stillwater Solar PV II, LLC",NV,4546.823669311019
2026,2,p12,Apex Regional Landfill,404659,Fish Springs,NV,2317.1394630817313
2026,2,p12,Apex Regional Landfill,401086,Ft. Churchill PV,NV,16753.060349175823
2026,2,p12,Apex Regional Landfill,405028,Galena 2 Geothermal Power Plant,NV,337834.37173241004
2026,2,p12,Apex Regional Landfill,402130,Luning Energy,NV,1467.3859462962853
2026,2,p12,Apex Regional Landfill,403107,NVSS-II,NV,1094.7997002817963
2026,2,p12,Apex Regional Landfill,400468,"Patua Acquisition Project, LLC",NV,45340.471874285504
2026,2,p12,Apex Regional Landfill,405021,Steamboat Hills LP,NV,63413.56813285756
2026,2,p12,Apex Regional Landfill,405023,Steamboat II,NV,61317.76651154719
2026,2,p12,Apex Regional Landfill,400029,Stillwater Facility,NV,6930.400084895415
2026,2,p12,Apex Regional Landfill,401318,Sunshine Valley Solar,NV,323.08785730938416
2026,2,p12,Apex Regional Landfill,405026,TS Power Plant,NV,1276.8669028198901
2026,2,p12,Apex Regional Landfill,401943,Tungsten Mountain,NV,11549.467716855717
2026,2,p12,Apex Regional Landfill,403308,Turquoise Liberty Solar,NV,25313.927588411498
2026,2,p12,Apex Regional Landfill,403884,"Turquoise Nevada, LLC",NV,3756.5742489351414
2026,2,p12,Apex Regional Landfill,400035,Western 102 Power Plant,NV,1006681.4930508814
2026,2,p13,Apex Regional Landfill,400555,Apex Solar PV Power Project,NV,1155.255061886338
2026,2,p13,Apex Regional Landfill,405385,Arrow Canyon Solar Hybrid,NV,484.54292697203607
2026,2,p13,Apex Regional Landfill,402017,"Boulder Solar II, LLC",NV,435.6820031193056
2026,2,p13,Apex Regional Landfill,401649,"Boulder Solar Power, LLC",NV,263.68340799010105
2026,2,p13,Apex Regional Landfill,400059,CM10,NV,7314.258361452394
2026,2,p13,Apex Regional Landfill,400086,CM48,NV,560.7531684701514
2026,2,p13,Apex Regional Landfill,400363,Copper Mountain Solar 2,NV,206.21985107396875
2026,2,p13,Apex Regional Landfill,400802,Copper Mountain Solar 3,NV,115.06040250169177
2026,2,p13,Apex Regional Landfill,401308,"Copper Mountain Solar 4, LLC",NV,283.0952967902102
2026,2,p13,Apex Regional Landfill,403688,"Copper Mountain Solar 5, LLC",NV,150.56741780551977
2026,2,p13,Apex Regional Landfill,405358,Dignity - San Martin,NV,7843.862456723391
2026,2,p13,Apex Regional Landfill,405355,Dignity - Siena Campus,NV,10114.857423946109
2026,2,p13,Apex Regional Landfill,405556,Dry Lake Solar Energy Center,NV,208.25842447532693
2026,2,p13,Apex Regional Landfill,405495,Gemini Solar,NV,92.43405951883786
2026,2,p13,Apex Regional Landfill,403386,"Harry Allen Solar Energy, LLC",NV,307.8991473050979
2026,2,p13,Apex Regional Landfill,406090,IGS LAS1,NV,12193.317239200636
2026,2,p13,Apex Regional Landfill,406089,IGS VGT,NV,9563.05920232992
2026,2,p13,Apex Regional Landfill,405309,IKEA Las Vegas 462,NV,11710.684796544054
2026,2,p13,Apex Regional Landfill,400545,Las Vegas WPCF Solar Plant,NV,1408.4338166098407
2026,2,p13,Apex Regional Landfill,400313,Moapa Southern Paiute,NV,158.48734691847022
2026,2,p13,Apex Regional Landfill,400600,Mountain View Solar,NV,1153.3567810336222
2026,2,p13,Apex Regional Landfill,400036,Nellis Air Force Base Solar Array,NV,672.3472769783907
2026,2,p13,Apex Regional Landfill,401381,Nellis Solar PV II,NV,332.1932396596304
2026,2,p13,Apex Regional Landfill,401319,"Playa Solar 1, LLC",NV,269.08411815830965
2026,2,p13,Apex Regional Landfill,401596,Playa Solar 2,NV,225.62543521117368
2026,2,p13,Apex Regional Landfill,401274,River Mountains Solar,NV,894.2337795762983
2026,2,p13,Mohave Valley Landfill,401042,Searchlight Solar,NV,2799.6748722143607
2026,2,p13,Apex Regional Landfill,400166,Silver State Solar Power North,NV,744.8635173712222
2026,2,p13,Apex Regional Landfill,400658,Silver State Solar Power South,NV,215.002501511689
2026,2,p13,Apex Regional Landfill,405246,"Solar Las Vegas MB 2, LLC",NV,4038.1211100335167
2026,2,p13,Apex Regional Landfill,405188,Solar Las Vegas MB-1,NV,1460.592434471973
2026,2,p13,Apex Regional Landfill,400556,Spectrum Solar PV Power Project,NV,449.61124172276106
2026,2,p13,Apex Regional Landfill,402485,"Techren Solar I, LLC",NV,234.9460164473438
2026,2,p13,Apex Regional Landfill,402690,"Techren Solar II, LLC",NV,138.85593849557821
2026,2,p13,Apex Regional Landfill,402691,"Techren Solar III, LLC",NV,1126.5108119956828
2026,2,p13,Apex Regional Landfill,402692,"Techren Solar IV, LLC",NV,1412.8898492802161
2026,2,p13,Apex Regional Landfill,403001,Techren Solar V,NV,387.2663477284431
2026,2,p13,Apex Regional Landfill,401851,Townsite Solar Project Hybrid,NV,160.0090857458481
2026,2,p13,Apex Regional Landfill,406448,Yellow Pine II,NV,602.791340902642
2026,2,p13,Apex Regional Landfill,404971,Yellow Pine Solar,NV,625.5770657637667
2026,2,p27,Mohave Valley Landfill,400374,"Black Mountain Solar, LLC",AZ,534.9306968842554
2026,2,p27,Mohave Valley Landfill,402236,Gray Hawk Solar,AZ,217.82503738905723
2026,2,p27,Mohave Valley Landfill,401819,Jacobson 5 MW Solar,AZ,2051.0156980745223
2026,2,p27,Mohave Valley Landfill,400199,La Senita,AZ,5916.262433622714
2026,2,p27,Mohave Valley Landfill,403718,Mohave Electric Cooperative at Joy Lane,AZ,90.43943663017001
2026,2,p27,Mohave Valley Landfill,401311,Mohave Electric at Fort Mohave,AZ,208.34673925549907
2026,2,p27,Mohave Valley Landfill,406478,Mohave Energy - Hybrid,AZ,68.79811496988216
2026,2,p28,Apache Junction Landfill,405418,AZ State University - Tempe Campus Solar,AZ,7638.816705796372
2026,2,p28,South Yuma County Landfill,400148,Agua Caliente Solar Project,AZ,275.2229916487753
2026,2,p28,Apache Junction Landfill,402067,Apache Solar 1,AZ,7355.680732000993
2026,2,p28,South Yuma County Landfill,400274,Arizona Western College PV,AZ,2479.169587591359
2026,2,p28,Apache Junction Landfill,400240,Arlington Valley Solar Energy II,AZ,616.2184500369035
2026,2,p28,Apache Junction Landfill,400437,Badger 1,AZ,3977.5484450304466
2026,2,p28,Apache Junction Landfill,401688,Bonnybrooke PV,AZ,587.9175717599201
2026,2,p28,Apache Junction Landfill,400371,Buckeye Union HS District 201,AZ,20465.63593439614
2026,2,p28,Apache Junction Landfill,405635,"Central Line Solar, LLC",AZ,454.0562618703081
2026,2,p28,Apache Junction Landfill,400201,Chino Solar Valley,AZ,6330.727761874585
2026,2,p28,Apache Junction Landfill,400202,Cotton Center Solar Hybrid,AZ,3226.2601453230977
2026,2,p28,Apache Junction Landfill,401069,Desert Star Hybrid,AZ,4731.6497380995725
2026,2,p28,Apache Junction Landfill,403257,East Line Solar,AZ,360.01222374663143
2026,2,p28,Apache Junction Landfill,406171,Eleven Mile Solar Center,AZ,146.5952740920732
2026,2,p28,Apache Junction Landfill,405244,Estrella Mountain PV,AZ,20791.11326178938
2026,2,p28,South Yuma County Landfill,400349,Foothills Solar Plant Hybrid,AZ,344.65335484906217
2026,2,p28,Apache Junction Landfill,400825,Fort Huachuca Solar PV Project,AZ,10610.746303950797
2026,2,p28,Apache Junction Landfill,400845,Gila Bend Hybrid,AZ,2079.828097706413
2026,2,p28,Apache Junction Landfill,400599,"Gilbert Solar Facility I, LLC",AZ,4969.63342271251
2026,2,p28,South Yuma County Landfill,400507,Hyder II Hybrid,AZ,4472.3360167929095
2026,2,p28,South Yuma County Landfill,400204,Hyder Solar Hybrid,AZ,4925.827111227038
2026,2,p28,Apache Junction Landfill,405282,Intel - Ocotillo Campus Solar,AZ,5152.788041800386
2026,2,p28,Apache Junction Landfill,405125,Jewish Community Center PV,AZ,24854.87946036667
2026,2,p28,Apache Junction Landfill,402234,Kayenta Solar Project,AZ,3929.1158573335397
2026,2,p28,Apache Junction Landfill,400595,Lake Pleasant WTP,AZ,6762.591834264886
2026,2,p28,Apache Junction Landfill,400128,Luke Solar,AZ,3943.03996510633
2026,2,p28,Apache Junction Landfill,405068,Macys Goodyear,AZ,12911.682794599279
2026,2,p28,South Yuma County Landfill,406279,McFarland A Solar and Storage,AZ,345.79461369569265
2026,2,p28,Apache Junction Landfill,405617,Mesa Carport PV,AZ,859.8244379932604
2026,2,p28,Apache Junction Landfill,404512,Mesa Solar Array,AZ,992.9888311310752
2026,2,p28,Apache Junction Landfill,400250,Mesquite Solar 1,AZ,1274.216338748968
2026,2,p28,Apache Junction Landfill,401621,"Mesquite Solar 2, LLC",AZ,738.5416081658386
2026,2,p28,Apache Junction Landfill,401622,"Mesquite Solar 3, LLC",AZ,640.1370669940859
2026,2,p28,Apache Junction Landfill,406038,"Mesquite Solar 4, LLC",AZ,1238.6575816176614
2026,2,p28,Apache Junction Landfill,404922,"Mesquite Solar 5, LLC",AZ,1200.829164779563
2026,2,p28,Mohave Valley Landfill,403572,OE_AZ1,AZ,3011.3313256874726
2026,2,p28,Apache Junction Landfill,400203,Paloma Solar Hybrid,AZ,3908.2814570516225
2026,2,p28,Apache Junction Landfill,405126,Paradise Valley H.S. PV,AZ,24829.354653446026
2026,2,p28,Apache Junction Landfill,405150,Phoenix Airport East Economy Lot,AZ,26916.39396338909
2026,2,p28,Apache Junction Landfill,405151,Phoenix Airport Rental Car Center,AZ,48793.90006556621
2026,2,p28,Apache Junction Landfill,402528,Pinal Central Energy Center Hybrid,AZ,1373.1414240006568
2026,2,p28,Apache Junction Landfill,400125,"Poseidon Solar, LLC",AZ,682.5971823045014
2026,2,p28,Apache Junction Landfill,400031,Prescott Airport,AZ,26989.799705496407
2026,2,p28,Apache Junction Landfill,400401,Prescott Solar Plant,AZ,11226.256395633218
2026,2,p28,Apache Junction Landfill,400323,Queen Creek Solar Farm,AZ,426.56867531973387
2026,2,p28,Mohave Valley Landfill,400289,"RE Bagdad Solar I, LLC",AZ,5342.242974144889
2026,2,p28,Apache Junction Landfill,405132,"RE Gillespie 1, LLC",AZ,3597.7488805099642
2026,2,p28,Apache Junction Landfill,400758,Red Horse 2,AZ,1617.423302117046
2026,2,p28,Apache Junction Landfill,401609,Red Horse III,AZ,2917.3391256388836
2026,2,p28,Apache Junction Landfill,401726,Red Rock,AZ,1179.8702381081978
2026,2,p28,Apache Junction Landfill,406380,SR McNeal,AZ,6467.01958968867
2026,2,p28,Apache Junction Landfill,400416,Saddle Mountain Solar I,AZ,9982.817990826083
2026,2,p28,Apache Junction Landfill,403674,Saint Solar,AZ,442.1705512531155
2026,2,p28,Apache Junction Landfill,401214,Sandstone Solar,AZ,615.422693943083
2026,2,p28,Apache Junction Landfill,405029,Solana Generating Station,AZ,355.76153760605285
2026,2,p28,Apache Junction Landfill,406275,Sonoran Solar Energy,AZ,163.65695794043762
2026,2,p28,Apache Junction Landfill,406034,Storey Solar and Storage,AZ,280.54297949717557
2026,2,p28,Apache Junction Landfill,401664,Sulphur Springs,AZ,4988.694301753083
2026,2,p28,Apache Junction Landfill,403643,Sun Streams 2,AZ,691.3611804002026
2026,2,p28,Apache Junction Landfill,406517,Sun Streams 3,AZ,342.7474134652044
2026,2,p28,Apache Junction Landfill,401975,"Sun Streams, LLC",AZ,977.3693835011347
2026,2,p28,Apache Junction Landfill,405311,T0588 Phoenix - AZ,AZ,32483.154123158627
2026,2,p28,Apache Junction Landfill,405134,Union HS at Casa Grande,AZ,17435.33893221802
2026,2,p28,Apache Junction Landfill,405135,Vista Grande HS at Casa Grande,AZ,21445.69531137908
2026,2,p28,Apache Junction Landfill,400334,Walmart Casa Grande,AZ,18180.02977530536
2026,2,p28,Apache Junction Landfill,406098,"West Line Solar, LLC",AZ,407.1646665151737
2026,2,p29,Apache Junction Landfill,400014,Springerville,AZ,10945.434620090144
2026,2,p30,Apache Junction Landfill,405143,Actus Lend Lease DMAFB,AZ,15795.630818468824
2026,2,p30,Apache Junction Landfill,405611,Amazon TUS2,AZ,17126.627036632723
2026,2,p30,Apache Junction Landfill,405268,Amphitheater High School Solar,AZ,34887.55675317607
2026,2,p30,Apache Junction Landfill,400939,Avalon Solar,AZ,1834.565552070661
2026,2,p30,Apache Junction Landfill,401479,Avalon Solar II,AZ,3261.887233995691
2026,2,p30,Apache Junction Landfill,400226,Avra Valley Solar,AZ,1647.3734415309593
2026,2,p30,Apache Junction Landfill,404704,Broadway 2 - Tucson Phase II,AZ,14009.144403799703
2026,2,p30,Apache Junction Landfill,405768,Broadway 3 - Tucson Phase I,AZ,33458.777204402824
2026,2,p30,Apache Junction Landfill,405269,Canyon Del Oro High School Solar,AZ,8127.88057498249
2026,2,p30,Apache Junction Landfill,400757,Cogenra-TEP,AZ,40990.097337459934
2026,2,p30,Apache Junction Landfill,401295,Davis Monthan AFB (AZ) West Airfield,AZ,4384.378901883064
2026,2,p30,Apache Junction Landfill,400330,FRB Solar Farm,AZ,21464.405432288302
2026,2,p30,Apache Junction Landfill,400761,"Gato Montes Solar, LLC",AZ,16372.617660979802
2026,2,p30,Apache Junction Landfill,404536,Iron Horse Battery Storage Hybrid,AZ,25601.862243655756
2026,2,p30,Apache Junction Landfill,400552,"Picture Rocks Solar, LLC",AZ,3793.024447919575
2026,2,p30,Apache Junction Landfill,405374,Pima Community College,AZ,44659.793273006595
2026,2,p30,Apache Junction Landfill,405303,Pima Community College - East Campus,AZ,36614.157812412304
2026,2,p30,Apache Junction Landfill,405516,Pima Community College NW,AZ,27703.75043115881
2026,2,p30,Apache Junction Landfill,400408,Prairie Fire,AZ,9040.522363092943
2026,2,p30,Apache Junction Landfill,400290,"RE Ajo 1, LLC",AZ,9665.046713073258
2026,2,p30,Apache Junction Landfill,404926,Raptor Ridge,AZ,3527.5027952761743
2026,2,p30,Apache Junction Landfill,400857,Rio Rico Solar,AZ,13414.396625270563
2026,2,p30,Apache Junction Landfill,400193,Roger Road WWTP,AZ,37551.70788210964
2026,2,p30,Apache Junction Landfill,401076,Tech Park Solar,AZ,8074.489427456141
2026,2,p30,Apache Junction Landfill,400156,UASTP I,AZ,57032.360970831534
2026,2,p30,Apache Junction Landfill,401075,Valencia Solar,AZ,5476.336921651201
2026,2,p30,Apache Junction Landfill,404187,"Wilmot Energy Center, LLC",AZ,507.5098801877082
2026,2,p31,City of Clovis Landfill,400211,Alamogordo Solar Energy Center,NM,56520.814659312025
2026,2,p31,Northeastern New Mexico Regional Landfill,400206,Albuquerque Solar Energy Center,NM,101299.28786326988
2026,2,p31,Northeastern New Mexico Regional Landfill,403675,Alcalde Solar Array,NM,45444.14866070798
2026,2,p31,Apache Junction Landfill,401595,Alta Luna,NM,11123.503387518089
2026,2,p31,Northeastern New Mexico Regional Landfill,404724,Angel Fire Energy Facility,NM,5301.125341158727
2026,2,p31,Northeastern New Mexico Regional Landfill,405469,Arroyo Solar Energy Storage Hybrid,NM,729.8593405711555
2026,2,p31,Northeastern New Mexico Regional Landfill,403321,Bluewater CDEC 1,NM,148091.7030433159
2026,2,p31,Northeastern New Mexico Regional Landfill,403736,Britton Solar Energy Center,NM,2860.4493804593367
2026,2,p31,City of Clovis Landfill,404981,Buena Vista Energy Center,NM,2618.8856756795008
2026,2,p31,Northeastern New Mexico Regional Landfill,402876,CNMEC Solar Energy Center,NM,96544.41462137469
2026,2,p31,City of Clovis Landfill,402519,Carrizozo Solar,NM,96246.10352859145
2026,2,p31,Northeastern New Mexico Regional Landfill,401202,Cibola,NM,33016.723527751274
2026,2,p31,Northeastern New Mexico Regional Landfill,400104,Cimarron Solar Facility,NM,1096.2960130887561
2026,2,p31,Apache Junction Landfill,402988,City of Gallup Solar,NM,34885.09127348024
2026,2,p31,Northeastern New Mexico Regional Landfill,403604,City of Rio Rancho WWTP,NM,161810.64114952908
2026,2,p31,Apache Junction Landfill,401225,City of Truth or Consequences PV,NM,166434.83123350647
2026,2,p31,Apache Junction Landfill,402177,Columbus Solar Project,NM,170541.04377688444
2026,2,p31,Northeastern New Mexico Regional Landfill,404748,"Cuba 2.5ac, LLC",NM,65358.45439732215
2026,2,p31,Apache Junction Landfill,400209,Deming Solar Energy Center,NM,47940.20585766769
2026,2,p31,Northeastern New Mexico Regional Landfill,403868,Encino Solar Energy Center,NM,3487.5682262696637
2026,2,p31,Northeastern New Mexico Regional Landfill,401038,Eubank Landfill Solar Array,NM,90951.55338738194
2026,2,p31,Northeastern New Mexico Regional Landfill,402441,Facebook 1 Solar Energy Center,NM,19014.425440621842
2026,2,p31,Northeastern New Mexico Regional Landfill,402442,Facebook 2 Solar Energy Center,NM,18299.501042978485
2026,2,p31,Northeastern New Mexico Regional Landfill,402443,Facebook 3 Solar Energy Center,NM,18314.856424079288
2026,2,p31,Northeastern New Mexico Regional Landfill,403322,Grants CDEC 2,NM,77127.11589274947
2026,2,p31,Apache Junction Landfill,400216,"Hatch Solar Energy Center I, LLC",NM,81363.34531212995
2026,2,p31,City of Clovis Landfill,401617,Holloman Solar Facility,NM,62805.127833979794
2026,2,p31,Northeastern New Mexico Regional Landfill,406109,"Jicarilla Solar 1, LLC",NM,4703.781710236833
2026,2,p31,Northeastern New Mexico Regional Landfill,400427,Kit Carson,NM,103305.03269955699
2026,2,p31,Northeastern New Mexico Regional Landfill,400210,Las Vegas Solar Energy Center,NM,14034.28954397467
2026,2,p31,Northeastern New Mexico Regional Landfill,400434,Los Alamos PV Site,NM,149222.2539467304
2026,2,p31,Northeastern New Mexico Regional Landfill,400207,Los Lunas Solar Energy Center,NM,33835.19996700823
2026,2,p31,Apache Junction Landfill,400838,Macho Springs,NM,5982.773896818761
2026,2,p31,Northeastern New Mexico Regional Landfill,400582,Manzano Solar,NM,26064.929125720715
2026,2,p31,Northeastern New Mexico Regional Landfill,401201,Meadow Lake Solar Energy Center,NM,24233.354622915995
2026,2,p31,Northeastern New Mexico Regional Landfill,406177,"NMRD Data Center III, LLC",NM,3437.798840028218
2026,2,p31,City of Clovis Landfill,405693,NMSU Solar and Storage,NM,120341.71819070853
2026,2,p31,Northeastern New Mexico Regional Landfill,406375,OE_ESCL,NM,1623.2187402934403
2026,2,p31,City of Clovis Landfill,400581,Otero Solar,NM,35879.80392456871
2026,2,p31,Northeastern New Mexico Regional Landfill,400146,Questa Solar Facility,NM,86042.17371162656
2026,2,p31,Northeastern New Mexico Regional Landfill,403178,"RC Energy AA, LLC Solar Facility",NM,227933.03897539183
2026,2,p31,Northeastern New Mexico Regional Landfill,401566,Rio Communities Solar Energy Center,NM,28087.43753740635
2026,2,p31,Northeastern New Mexico Regional Landfill,403084,Rio De Oro Solar Energy Center,NM,21412.677917859495
2026,2,p31,Northeastern New Mexico Regional Landfill,400624,Rio Rancho High School,NM,202429.90077008287
2026,2,p31,City of Clovis Landfill,400135,Roadrunner Solar,NM,17208.989758229887
2026,2,p31,Northeastern New Mexico Regional Landfill,404648,"Route 66 Energy Center, LLC",NM,5856.031063576156
2026,2,p31,Northeastern New Mexico Regional Landfill,403387,San Miguel I Solar Energy Center,NM,6946.830484920402
2026,2,p31,Northeastern New Mexico Regional Landfill,405458,San Miguel II Solar Energy Center,NM,5541.173871935391
2026,2,p31,Northeastern New Mexico Regional Landfill,401161,Sandoval Solar Energy Center,NM,31118.897135355008
2026,2,p31,Northeastern New Mexico Regional Landfill,401564,Santa Fe Solar Energy Center,NM,16939.512465963595
2026,2,p31,Northeastern New Mexico Regional Landfill,401565,Santolina Solar Energy Center,NM,22118.23759040721
2026,2,p31,Apache Junction Landfill,400596,Silver City WWTP PV Project,NM,279532.5926471002
2026,2,p31,Northeastern New Mexico Regional Landfill,406343,Sky Ranch Solar,NM,1058.4906765062476
2026,2,p31,Northeastern New Mexico Regional Landfill,401563,South Valley Solar Energy Center,NM,19905.20097141323
2026,2,p31,Northeastern New Mexico Regional Landfill,401162,Springer Solar 1,NM,33138.38456278928
2026,2,p31,Northeastern New Mexico Regional Landfill,400735,Storrie Lake Solar Project,NM,51415.75173195919
2026,2,p31,Northeastern New Mexico Regional Landfill,400623,Sue Cleveland High School,NM,175876.55760323151
2026,2,p31,City of Clovis Landfill,400343,"SunE EPE1, LLC",NM,31502.308281910155
2026,2,p31,City of Clovis Landfill,400342,"SunE EPE2, LLC",NM,28067.64756845994
2026,2,p31,Northeastern New Mexico Regional Landfill,402854,Syncarpha Eagle Nest,NM,72716.98805428988
2026,2,p31,Northeastern New Mexico Regional Landfill,403412,Syncarpha El Rito,NM,86320.0552749128
2026,2,p31,Northeastern New Mexico Regional Landfill,403413,Syncarpha Questa,NM,62938.92459648574
2026,2,p31,Northeastern New Mexico Regional Landfill,403411,Syncarpha Taos,NM,34317.04837832327
2026,2,p31,Northeastern New Mexico Regional Landfill,404618,Taos Mesa Energy Facility Hybrid,NM,7176.219059350191
2026,2,p31,Northeastern New Mexico Regional Landfill,403011,Vista Solar Energy Center,NM,18825.3835615168
2026,2,p31,City of Clovis Landfill,400354,WSMR I,NM,82191.99965928159
2026,2,p31,Apache Junction Landfill,405245,Wal-Mart Truth or Consequences PV,NM,1063077.5719284925
2026,2,p47,City of Clovis Landfill,400979,"Caprock Solar 1, LLC",NM,2476.389546715534
2026,2,p47,City of Clovis Landfill,404980,Chaves County Solar II,NM,4109.437689969292
2026,2,p47,City of Clovis Landfill,401681,"Chaves Solar, LLC",NM,1765.5220539331378
2026,2,p47,City of Clovis Landfill,400614,GSE NM1,NM,100979.24479495568
2026,2,p47,City of Clovis Landfill,404982,Hayhurst New Mexico Solar,NM,11844.603422880717
2026,2,p47,City of Clovis Landfill,402530,Middle Daisy,NM,27265.60550607909
2026,2,p47,City of Clovis Landfill,401682,"Roswell Solar, LLC",NM,2209.6023061751252
2026,2,p47,City of Clovis Landfill,400546,SEV NM Phase 2,NM,135894.7503617452
2026,2,p47,City of Clovis Landfill,400260,SPS1 Dollarhide,NM,19750.18178141261
2026,2,p47,City of Clovis Landfill,400261,SPS2 Jal,NM,27507.71963770446
2026,2,p47,City of Clovis Landfill,400262,SPS3 Lea,NM,20918.06579033509
2026,2,p47,City of Clovis Landfill,400264,SPS5 Hopi,NM,27831.57994633766
2026,2,p47,City of Clovis Landfill,404698,SoCore Clovis 1,NM,4527.718097949709
2026,2,p48,City of Clovis Landfill,406439,"BESSP1, LLC",TX,482534.47057179664
2026,2,p48,City of Clovis Landfill,405590,"Hecate Energy Frye Solar, LLC",TX,1321.9349550308502
2026,2,p57,Victoria Landfill,404918,"Hecate Energy Upshur Rural, LLC",TX,24732.41646651239
2026,2,p59,City of Clovis Landfill,402666,Fort Bliss (DEA EPIC),TX,45087.77189329018
2026,2,p59,City of Clovis Landfill,401616,Montana Solar Facility,TX,33026.186398313075
2026,2,p59,City of Clovis Landfill,401045,Newman Solar,TX,10957.110643069074
2026,2,p60,City of Clovis Landfill,403962,"ANSON Solar Center, LLC",TX,922.1414385223289
2026,2,p60,City of Clovis Landfill,403883,Azure Sky Solar,TX,854.6228338946984
2026,2,p60,City of Clovis Landfill,403232,"ENGIE Long Draw Solar, LLC",TX,484.0756973352242
2026,2,p60,City of Clovis Landfill,406252,Highpeak Solar 1,TX,9964.809794640063
2026,2,p60,City of Clovis Landfill,402721,Holstein 1 Solar Farm,TX,1358.9664596294378
2026,2,p60,City of Clovis Landfill,405492,Juno Solar Project,TX,322.2825417771683
2026,2,p60,City of Clovis Landfill,402541,Lamesa II,TX,2302.1570959812784
2026,2,p60,City of Clovis Landfill,401660,Lamesa Solar,TX,1309.438933581642
2026,2,p60,City of Clovis Landfill,405932,Lumina II Solar Project,TX,359.177410293525
2026,2,p60,City of Clovis Landfill,405933,Lumina Solar Project,TX,378.14586055889805
2026,2,p60,City of Clovis Landfill,402909,Misae Solar,TX,541.0230264080526
2026,2,p60,City of Clovis Landfill,400968,"OCI Alamo 7, LLC",TX,2080.4974995948087
2026,2,p60,City of Clovis Landfill,405939,Texas Solar Nova 1,TX,495.86980385204345
2026,2,p61,City of Clovis Landfill,400967,Alamo 6,TX,1234.4146437066725
2026,2,p61,City of Clovis Landfill,403557,Aragorn Solar Project,TX,478.4701993720055
2026,2,p61,City of Clovis Landfill,400691,Barilla Solar,TX,3347.0692224040363
2026,2,p61,City of Clovis Landfill,401946,Bluebell Solar,TX,4119.1528784590055
2026,2,p61,City of Clovis Landfill,403574,Bluebell Solar II,TX,1080.7932742092328
2026,2,p61,City of Clovis Landfill,400554,"Bryan Solar, LLC",TX,11345.995843113496
2026,2,p61,City of Clovis Landfill,401463,Buckthorn Westex,TX,1014.1845637170815
2026,2,p61,City of Clovis Landfill,401703,East Pecos Solar,TX,1130.6978112874979
2026,2,p61,City of Clovis Landfill,405363,Galloway 1 Solar Farm,TX,554.5311052013535
2026,2,p61,City of Clovis Landfill,405494,Galloway 2 Solar Farm,TX,863.5401612583231
2026,2,p61,City of Clovis Landfill,403210,Greasewood,TX,458.46649916290045
2026,2,p61,City of Clovis Landfill,406370,Hayhurst Texas Solar,TX,3592.2097995701156
2026,2,p61,City of Clovis Landfill,402304,Midway Solar-TX,TX,571.1350755382601
2026,2,p61,Victoria Landfill,400695,"OCI Alamo 4, LLC",TX,3087.856479095574
2026,2,p61,City of Clovis Landfill,401868,Pearl Solar,TX,2302.6536450377453
2026,2,p61,City of Clovis Landfill,402290,RE Maplewood,TX,376.4002240425806
2026,2,p61,City of Clovis Landfill,401430,RE Roserock,TX,855.9282934178932
2026,2,p61,City of Clovis Landfill,402848,Rambler,TX,705.7037672702832
2026,2,p61,City of Clovis Landfill,402083,Solaire Holman Solar Project,TX,2620.7481553466055
2026,2,p61,City of Clovis Landfill,403023,"Taygete Energy Project, LLC",TX,432.6126798160109
2026,2,p61,City of Clovis Landfill,404647,Taygete II Energy Project,TX,541.5423576346435
2026,2,p61,City of Clovis Landfill,403551,Titan Solar Project,TX,341.65135862353503
2026,2,p61,Victoria Landfill,406103,Zier Solar,TX,642.7407709593172
2026,2,p62,City of Clovis Landfill,403502,2W Permian Solar Project Hybrid,TX,284.39390484039257
2026,2,p62,City of Clovis Landfill,403697,CED Crane Solar,TX,854.6060492457245
2026,2,p62,City of Clovis Landfill,401525,Castle Gap Solar Hybrid,TX,869.9384809948979
2026,2,p62,City of Clovis Landfill,404599,Emerald Grove,TX,1078.1423382867747
2026,2,p62,City of Clovis Landfill,403004,Lapetus,TX,796.0554202027677
2026,2,p62,City of Clovis Landfill,403280,Oberon IA,TX,735.9001080076671
2026,2,p62,City of Clovis Landfill,403279,Oberon IB,TX,2726.0535039028823
2026,2,p62,City of Clovis Landfill,403602,Oxy Renewable Energy-Goldsmith,TX,5764.7112636370075
2026,2,p62,City of Clovis Landfill,402679,Phoebe Solar,TX,366.9114707962707
2026,2,p62,City of Clovis Landfill,403177,Prospero Solar,TX,292.07678903907987
2026,2,p62,City of Clovis Landfill,404128,Prospero Solar II,TX,243.04083774613403
2026,2,p62,City of Clovis Landfill,403070,"Roadrunner, LLC",TX,562.3533330635345
2026,2,p62,City of Clovis Landfill,401805,Upton County Solar,TX,1239.9153388034763
2026,2,p62,City of Clovis Landfill,402995,West of the Pecos Solar,TX,886.3764221466171
2026,2,p63,Victoria Landfill,405599,"BPL Crown Solar, LLC",TX,1584.9504067516873
2026,2,p63,Victoria Landfill,404966,BPL Files Solar,TX,1897.4267953103938
2026,2,p63,Victoria Landfill,403825,Briar Creek Solar 1,TX,2631.9764006012174
2026,2,p63,Victoria Landfill,402610,Chisum,TX,36965.0523355064
2026,2,p63,Victoria Landfill,401697,CoServ Community Solar Station,TX,662300.4365666244
2026,2,p63,Victoria Landfill,403188,Coniglio Solar,TX,4526.9531003568
2026,2,p63,Victoria Landfill,406415,Dileo Solar,TX,3233.901333682935
2026,2,p63,Victoria Landfill,402655,Eddy II,TX,15207.511350043556
2026,2,p63,Victoria Landfill,406221,Eiffel Solar Project,TX,1802.8395990101694
2026,2,p63,Victoria Landfill,405540,"Ellis Solar, LLC",TX,5520.829119205857
2026,2,p63,Victoria Landfill,403823,Elm Branch Solar 1,TX,1963.160237928819
2026,2,p63,Victoria Landfill,406206,Five Wells Solar Center - Hybrid,TX,692.8576187324826
2026,2,p63,Victoria Landfill,404567,G.S.E. One LLC,TX,3823.0742178684236
2026,2,p63,Victoria Landfill,403288,Griffin Solar,TX,35864.88394076795
2026,2,p63,Victoria Landfill,406202,Grizzly Ridge Solar,TX,3816.498961677368
2026,2,p63,Victoria Landfill,402329,Highway 56 Solar,TX,53827.70877887928
2026,2,p63,Victoria Landfill,405319,IKEA Grand Prairie Rooftop PV System,TX,385666.9539984604
2026,2,p63,Victoria Landfill,405689,"IP Radian, LLC",TX,848.8840422841
2026,2,p63,Victoria Landfill,403481,Impact Solar 1,TX,1847.53454777005
2026,2,p63,Victoria Landfill,403190,Kellam Solar,TX,4272.306190273792
2026,2,p63,Victoria Landfill,402421,Leon Solar,TX,26125.848059160304
2026,2,p63,Victoria Landfill,403874,Lily Solar Hybrid,TX,2242.573855720953
2026,2,p63,Victoria Landfill,402404,Marlin Solar,TX,28356.54040872063
2026,2,p63,Victoria Landfill,405794,Noble Solar,TX,1452.0841926040168
2026,2,p63,Victoria Landfill,402405,North Gainesville Solar,TX,69162.81890153607
2026,2,p63,Victoria Landfill,401933,Phantom Solar,TX,12059.819368090619
2026,2,p63,Victoria Landfill,404872,"Pisgah Ridge Solar, LLC",TX,1120.9011708642852
2026,2,p63,Victoria Landfill,406416,Pitts Dudik Solar,TX,7519.947649019063
2026,2,p63,Victoria Landfill,403189,Rippey Solar,TX,5290.626374032471
2026,2,p63,Victoria Landfill,404630,"Samson Solar Energy III, LLC",TX,1694.2122919425408
2026,2,p63,Victoria Landfill,402652,Sterling Solar (TX),TX,37394.587454114764
2026,2,p63,Victoria Landfill,404812,Sun Valley Solar Project,TX,974.3404804031976
2026,2,p63,Victoria Landfill,404388,"TPE Erath Solar, LLC",TX,21941.565770650344
2026,2,p63,Victoria Landfill,403457,"TPE Whitney Solar, LLC",TX,22251.37940908596
2026,2,p63,Victoria Landfill,405361,Toyota HQ Plan,TX,165053.82164478762
2026,2,p63,Victoria Landfill,405984,Waco Solar,TX,682.409430311574
2026,2,p63,Victoria Landfill,402306,Walnut Springs Solar,TX,50204.12831991898
2026,2,p63,Victoria Landfill,402497,West Moore Solar II,TX,570832.873863396
2026,2,p63,Victoria Landfill,402330,Whitesboro Solar,TX,190042.82083411052
2026,2,p63,Victoria Landfill,402331,Whitesboro Solar II,TX,285461.000077109
2026,2,p63,Victoria Landfill,402414,Whitewright Solar,TX,93204.32737469467
2026,2,p63,Victoria Landfill,402654,Yellow Jacket,TX,47844.595153877686
2026,2,p64,Victoria Landfill,405731,Austin TX GigaFactory,TX,36906.12663144874
2026,2,p64,Victoria Landfill,402203,Bandera Electric Coop PV,TX,53411.90633306308
2026,2,p64,Victoria Landfill,404721,"Blue Jay Solar I, LLC",TX,439.260981550951
2026,2,p64,Victoria Landfill,402648,Bovine,TX,3591.07558626163
2026,2,p64,Victoria Landfill,402389,"E-Volve Energy Holdings, LLC",TX,32867.89481587975
2026,2,p64,Victoria Landfill,400227,East Blackland Solar Project 1,TX,472.8461433123764
2026,2,p64,Victoria Landfill,405101,IKEA Round Rock 027,TX,70474.93711136773
2026,2,p64,Victoria Landfill,402653,Lampwick,TX,14000.9167935766
2026,2,p64,Victoria Landfill,405613,Niagara Bottling - Seguin,TX,8821.668599022829
2026,2,p64,Victoria Landfill,402544,PowerFin Kingsbery,TX,19692.07040113404
2026,2,p64,Victoria Landfill,400249,Webberville Solar Project,TX,2375.1590870324744
2026,2,p65,Victoria Landfill,405700,Aktina Solar,TX,1438.1248361124356
2026,2,p65,Victoria Landfill,404074,"Alexis Solar, LLC",TX,154711.3313802727
2026,2,p65,Victoria Landfill,405727,Bernard Creek Solar,TX,6147.716001809833
2026,2,p65,Victoria Landfill,400081,Blue Wing Solar Energy Generation,TX,70880.00423024005
2026,2,p65,Victoria Landfill,405477,Brightside,TX,18826.851107072478
2026,2,p65,Victoria Landfill,401728,CPS 1 Community Solar,TX,912846.7279580015
2026,2,p65,Victoria Landfill,402656,Cascade Solar (TX),TX,89940.70660173376
2026,2,p65,Victoria Landfill,403987,Catan Solar,TX,48901.72673843111
2026,2,p65,Victoria Landfill,403091,Commerce Solar,TX,227282.92661168167
2026,2,p65,Victoria Landfill,404247,"Corazon Energy, LLC",TX,7893.527513025249
2026,2,p65,Victoria Landfill,404062,Elara Solar,TX,10466.805706624553
2026,2,p65,Victoria Landfill,404359,FELPS 1-Calaveras,TX,976130.9964770278
2026,2,p65,Victoria Landfill,404361,FELPS 2-Calaveras,TX,1255931.75417808
2026,2,p65,Victoria Landfill,404362,FELPS 3-Floresville South,TX,775201.8918008696
2026,2,p65,Victoria Landfill,404363,FELPS 4-Floresville South,TX,775317.7746317305
2026,2,p65,Victoria Landfill,404364,FELPS 5-Floresville South,TX,775522.3700093273
2026,2,p65,Victoria Landfill,404739,FELPS 6- Floresville West,TX,1177756.4990621451
2026,2,p65,Victoria Landfill,404740,FELPS 7- Floresville West,TX,1030386.7612966226
2026,2,p65,Victoria Landfill,406516,Ganado Solar,TX,2479.6354705584613
2026,2,p65,Victoria Landfill,405801,Horizon Solar,TX,13335.814094741383
2026,2,p65,Victoria Landfill,405380,IKEA Live Oak Rooftop PV System,TX,764358.9315506192
2026,2,p65,Victoria Landfill,403343,Mars Solar,TX,241114.24397394643
2026,2,p65,Victoria Landfill,404877,Nebula Solar,TX,27514.50983863228
2026,2,p65,Victoria Landfill,400694,"OCI Alamo 2, LLC",TX,455099.7284759939
2026,2,p65,Victoria Landfill,400965,"OCI Alamo 3, LLC",TX,199586.6270511929
2026,2,p65,Victoria Landfill,400966,"OCI Alamo 5, LLC",TX,36025.83838309729
2026,2,p65,Victoria Landfill,400593,OCI Alamo Solar I Hybrid,TX,27326.356425764196
2026,2,p65,Victoria Landfill,405809,Shakes Solar,TX,14176.409661468993
2026,2,p65,Victoria Landfill,405545,Sparta Solar,TX,3702.4098179430566
2026,2,p65,Victoria Landfill,400379,"SunE CPS1, LLC",TX,140876.3212890121
2026,2,p65,Victoria Landfill,400364,"SunE CPS2, LLC",TX,110057.57983316068
2026,2,p65,Victoria Landfill,400353,"SunE CPS3, LLC",TX,175267.85923868488
2026,2,p65,Victoria Landfill,406032,Tres Bahias,TX,2557.7982016418628
2026,2,p65,Victoria Landfill,404878,Vancourt Solar Interconnections,TX,40975.31961389956
2026,2,p66,Victoria Landfill,406386,Umbriel Solar,TX,4762.626756912436
2026,2,p67,Victoria Landfill,404939,Brazoria County Solar Project (Danciger),TX,581.2814140504689
2026,2,p67,Victoria Landfill,404681,Brazoria West,TX,793.8783441526947
2026,2,p67,Victoria Landfill,402649,Bronson,TX,10026.33148058236
2026,2,p67,Victoria Landfill,406178,"Cutlass Solar 1, LLC",TX,1016.0909636272415
2026,2,p67,Victoria Landfill,404587,Fighting Jays Solar Project,TX,707.4166979416557
2026,2,p67,Victoria Landfill,405564,"Fort Bend Solar, LLC",TX,581.5186964775642
2026,2,p67,Victoria Landfill,404853,"Longbow Solar, LLC",TX,2335.101547688525
2026,2,p67,Victoria Landfill,403514,Wagyu,TX,1020.833907724878
2026,3,p12,Apex Regional Landfill,402144,Battle Mountain Solar Project,NV,1146.1050948742231
2026,3,p12,Apex Regional Landfill,405553,Dodge Flat,NV,2554.13176451086
2026,3,p12,Apex Regional Landfill,402609,"EGP Stillwater Solar PV II, LLC",NV,5046.514749234466
2026,3,p12,Apex Regional Landfill,404659,Fish Springs,NV,2317.1394630817313
2026,3,p12,Apex Regional Landfill,401086,Ft. Churchill PV,NV,16753.060349175823
2026,3,p12,Apex Regional Landfill,402130,Luning Energy,NV,1467.3859462962853
2026,3,p12,Apex Regional Landfill,403107,NVSS-II,NV,1210.932561424218
2026,3,p12,Apex Regional Landfill,400468,"Patua Acquisition Project, LLC",NV,11372.320931071377
2026,3,p12,Apex Regional Landfill,405023,Steamboat II,NV,183854.09163464155
2026,3,p12,Apex Regional Landfill,400029,Stillwater Facility,NV,5947.429208481785
2026,3,p12,Apex Regional Landfill,401318,Sunshine Valley Solar,NV,357.27334572305716
2026,3,p12,Apex Regional Landfill,405026,TS Power Plant,NV,1276.8669028198901
2026,3,p12,Apex Regional Landfill,405576,Tesla Reno GigaFactory,NV,148645.38836804178
2026,3,p12,Apex Regional Landfill,401943,Tungsten Mountain,NV,12827.230357617465
2026,3,p12,Apex Regional Landfill,403308,Turquoise Liberty Solar,NV,20261.062860729202
2026,3,p12,Apex Regional Landfill,403884,"Turquoise Nevada, LLC",NV,3756.5742489351414
2026,3,p12,Apex Regional Landfill,400035,Western 102 Power Plant,NV,503365.54850044067
2026,3,p13,Apex Regional Landfill,400555,Apex Solar PV Power Project,NV,1339.5302472007274
2026,3,p13,Apex Regional Landfill,405385,Arrow Canyon Solar Hybrid,NV,484.54292697203607
2026,3,p13,Apex Regional Landfill,402017,"Boulder Solar II, LLC",NV,435.6820031193056
2026,3,p13,Apex Regional Landfill,401649,"Boulder Solar Power, LLC",NV,242.27546219109092
2026,3,p13,Apex Regional Landfill,400059,CM10,NV,2471.1554204841314
2026,3,p13,Apex Regional Landfill,400086,CM48,NV,624.6468207789205
2026,3,p13,Apex Regional Landfill,400363,Copper Mountain Solar 2,NV,206.21985107396875
2026,3,p13,Apex Regional Landfill,400802,Copper Mountain Solar 3,NV,122.33334166854641
2026,3,p13,Apex Regional Landfill,401308,"Copper Mountain Solar 4, LLC",NV,283.0952967902102
2026,3,p13,Apex Regional Landfill,403688,"Copper Mountain Solar 5, LLC",NV,150.56741780551977
2026,3,p13,Apex Regional Landfill,405358,Dignity - San Martin,NV,5505.584904706374
2026,3,p13,Apex Regional Landfill,405355,Dignity - Siena Campus,NV,7598.5440554595825
2026,3,p13,Apex Regional Landfill,405556,Dry Lake Solar Energy Center,NV,230.92334940037367
2026,3,p13,Apex Regional Landfill,405495,Gemini Solar,NV,98.55264659295757
2026,3,p13,Apex Regional Landfill,403386,"Harry Allen Solar Energy, LLC",NV,411.2172262271371
2026,3,p13,Apex Regional Landfill,406090,IGS LAS1,NV,13711.281400350714
2026,3,p13,Apex Regional Landfill,406089,IGS VGT,NV,9563.05920232992
2026,3,p13,Apex Regional Landfill,405309,IKEA Las Vegas 462,NV,10415.009146928049
2026,3,p13,Apex Regional Landfill,400545,Las Vegas WPCF Solar Plant,NV,1408.4338166098407
2026,3,p13,Apex Regional Landfill,400313,Moapa Southern Paiute,NV,158.48734691847022
2026,3,p13,Apex Regional Landfill,400600,Mountain View Solar,NV,908.0783741372617
2026,3,p13,Apex Regional Landfill,400036,Nellis Air Force Base Solar Array,NV,610.0729442805516
2026,3,p13,Apex Regional Landfill,401381,Nellis Solar PV II,NV,332.1932396596304
2026,3,p13,Apex Regional Landfill,401319,"Playa Solar 1, LLC",NV,269.08411815830965
2026,3,p13,Apex Regional Landfill,401596,Playa Solar 2,NV,225.62543521117368
2026,3,p13,Apex Regional Landfill,401274,River Mountains Solar,NV,999.8125082733357
2026,3,p13,Mohave Valley Landfill,401042,Searchlight Solar,NV,2454.7379131250655
2026,3,p13,Apex Regional Landfill,400166,Silver State Solar Power North,NV,831.7709632926253
2026,3,p13,Apex Regional Landfill,400658,Silver State Solar Power South,NV,270.1353520155852
2026,3,p13,Apex Regional Landfill,405246,"Solar Las Vegas MB 2, LLC",NV,4038.1211100335167
2026,3,p13,Apex Regional Landfill,405188,Solar Las Vegas MB-1,NV,1284.2188739129765
2026,3,p13,Apex Regional Landfill,400556,Spectrum Solar PV Power Project,NV,449.61124172276106
2026,3,p13,Apex Regional Landfill,402485,"Techren Solar I, LLC",NV,234.9460164473438
2026,3,p13,Apex Regional Landfill,402690,"Techren Solar II, LLC",NV,138.85593849557821
2026,3,p13,Apex Regional Landfill,402691,"Techren Solar III, LLC",NV,887.1981759966421
2026,3,p13,Apex Regional Landfill,402692,"Techren Solar IV, LLC",NV,806.9850051556754
2026,3,p13,Apex Regional Landfill,403001,Techren Solar V,NV,387.2663477284431
2026,3,p13,Apex Regional Landfill,401851,Townsite Solar Project Hybrid,NV,160.0090857458481
2026,3,p13,Apex Regional Landfill,406448,Yellow Pine II,NV,602.791340902642
2026,3,p13,Apex Regional Landfill,404971,Yellow Pine Solar,NV,625.5770657637667
2026,3,p27,Mohave Valley Landfill,400374,"Black Mountain Solar, LLC",AZ,605.6094822248633
2026,3,p27,Mohave Valley Landfill,402236,Gray Hawk Solar,AZ,217.82503738905723
2026,3,p27,Mohave Valley Landfill,401819,Jacobson 5 MW Solar,AZ,1604.16314283574
2026,3,p27,Mohave Valley Landfill,400199,La Senita,AZ,5916.262433622714
2026,3,p27,Mohave Valley Landfill,403718,Mohave Electric Cooperative at Joy Lane,AZ,96.02390742241116
2026,3,p27,Mohave Valley Landfill,401311,Mohave Electric at Fort Mohave,AZ,174.71323130439927
2026,3,p27,Mohave Valley Landfill,406478,Mohave Energy - Hybrid,AZ,68.79811496988216
2026,3,p28,Apache Junction Landfill,405418,AZ State University - Tempe Campus Solar,AZ,9536.946627245465
2026,3,p28,South Yuma County Landfill,400148,Agua Caliente Solar Project,AZ,275.2229916487753
2026,3,p28,Apache Junction Landfill,402067,Apache Solar 1,AZ,5731.373240445217
2026,3,p28,South Yuma County Landfill,400274,Arizona Western College PV,AZ,2130.1991079354502
2026,3,p28,Apache Junction Landfill,400240,Arlington Valley Solar Energy II,AZ,616.2184500369035
2026,3,p28,Apache Junction Landfill,400437,Badger 1,AZ,4960.361301288059
2026,3,p28,Apache Junction Landfill,401688,Bonnybrooke PV,AZ,520.21500278993
2026,3,p28,Apache Junction Landfill,400371,Buckeye Union HS District 201,AZ,17913.218570096622
2026,3,p28,Apache Junction Landfill,405635,"Central Line Solar, LLC",AZ,454.0562618703081
2026,3,p28,Apache Junction Landfill,400201,Chino Solar Valley,AZ,7378.132885520348
2026,3,p28,Apache Junction Landfill,400202,Cotton Center Solar Hybrid,AZ,3226.2601453230977
2026,3,p28,Apache Junction Landfill,401069,Desert Star Hybrid,AZ,5252.244484555081
2026,3,p28,Apache Junction Landfill,403257,East Line Solar,AZ,399.22662421496034
2026,3,p28,Apache Junction Landfill,406171,Eleven Mile Solar Center,AZ,146.5952740920732
2026,3,p28,Apache Junction Landfill,405244,Estrella Mountain PV,AZ,20791.11326178938
2026,3,p28,South Yuma County Landfill,400349,Foothills Solar Plant Hybrid,AZ,447.41239646541624
2026,3,p28,Apache Junction Landfill,400825,Fort Huachuca Solar PV Project,AZ,10610.746303950797
2026,3,p28,Apache Junction Landfill,400845,Gila Bend Hybrid,AZ,2079.828097706413
2026,3,p28,Apache Junction Landfill,400599,"Gilbert Solar Facility I, LLC",AZ,5516.670800791676
2026,3,p28,South Yuma County Landfill,400507,Hyder II Hybrid,AZ,4472.3360167929095
2026,3,p28,South Yuma County Landfill,400204,Hyder Solar Hybrid,AZ,4382.554791090701
2026,3,p28,Apache Junction Landfill,405282,Intel - Ocotillo Campus Solar,AZ,5882.286759200441
2026,3,p28,Apache Junction Landfill,405125,Jewish Community Center PV,AZ,28398.96266613333
2026,3,p28,Apache Junction Landfill,402234,Kayenta Solar Project,AZ,3929.1158573335397
2026,3,p28,Apache Junction Landfill,400595,Lake Pleasant WTP,AZ,6762.591834264886
2026,3,p28,Apache Junction Landfill,400128,Luke Solar,AZ,3943.03996510633
2026,3,p28,Apache Junction Landfill,405068,Macys Goodyear,AZ,18425.419555141834
2026,3,p28,South Yuma County Landfill,406279,McFarland A Solar and Storage,AZ,345.79461369569265
2026,3,p28,Apache Junction Landfill,405617,Mesa Carport PV,AZ,1266.5881469898902
2026,3,p28,Apache Junction Landfill,404512,Mesa Solar Array,AZ,1111.3253075224595
2026,3,p28,Apache Junction Landfill,400250,Mesquite Solar 1,AZ,967.2365090617261
2026,3,p28,Apache Junction Landfill,401621,"Mesquite Solar 2, LLC",AZ,738.5416081658386
2026,3,p28,Apache Junction Landfill,401622,"Mesquite Solar 3, LLC",AZ,565.9070611198251
2026,3,p28,Apache Junction Landfill,406038,"Mesquite Solar 4, LLC",AZ,1371.1420884640684
2026,3,p28,Apache Junction Landfill,404922,"Mesquite Solar 5, LLC",AZ,1200.829164779563
2026,3,p28,Mohave Valley Landfill,403572,OE_AZ1,AZ,3011.3313256874726
2026,3,p28,Apache Junction Landfill,400203,Paloma Solar Hybrid,AZ,3479.172075156998
2026,3,p28,Apache Junction Landfill,405126,Paradise Valley H.S. PV,AZ,28369.791458224034
2026,3,p28,Apache Junction Landfill,405150,Phoenix Airport East Economy Lot,AZ,20945.26130930263
2026,3,p28,Apache Junction Landfill,405151,Phoenix Airport Rental Car Center,AZ,48793.90006556621
2026,3,p28,Apache Junction Landfill,402528,Pinal Central Energy Center Hybrid,AZ,1373.1414240006568
2026,3,p28,Apache Junction Landfill,400125,"Poseidon Solar, LLC",AZ,682.5971823045014
2026,3,p28,Apache Junction Landfill,400031,Prescott Airport,AZ,38537.015142137716
2026,3,p28,Apache Junction Landfill,400401,Prescott Solar Plant,AZ,9828.761473679066
2026,3,p28,Apache Junction Landfill,400323,Queen Creek Solar Farm,AZ,426.56867531973387
2026,3,p28,Mohave Valley Landfill,400289,"RE Bagdad Solar I, LLC",AZ,5342.242974144889
2026,3,p28,Apache Junction Landfill,405132,"RE Gillespie 1, LLC",AZ,3597.7488805099642
2026,3,p28,Apache Junction Landfill,400758,Red Horse 2,AZ,1617.423302117046
2026,3,p28,Apache Junction Landfill,401609,Red Horse III,AZ,2917.3391256388836
2026,3,p28,Apache Junction Landfill,401726,Red Rock,AZ,1179.8702381081978
2026,3,p28,Apache Junction Landfill,406380,SR McNeal,AZ,6467.01958968867
2026,3,p28,Apache Junction Landfill,400416,Saddle Mountain Solar I,AZ,5566.586448236713
2026,3,p28,Apache Junction Landfill,403674,Saint Solar,AZ,442.1705512531155
2026,3,p28,Apache Junction Landfill,401214,Sandstone Solar,AZ,544.2819847001975
2026,3,p28,Apache Junction Landfill,405029,Solana Generating Station,AZ,293.86863408484226
2026,3,p28,Apache Junction Landfill,406275,Sonoran Solar Energy,AZ,180.42266336050014
2026,3,p28,Apache Junction Landfill,406034,Storey Solar and Storage,AZ,280.54297949717557
2026,3,p28,Apache Junction Landfill,401664,Sulphur Springs,AZ,4988.694301753083
2026,3,p28,Apache Junction Landfill,403643,Sun Streams 2,AZ,476.33979360013507
2026,3,p28,Apache Junction Landfill,406517,Sun Streams 3,AZ,342.7474134652044
2026,3,p28,Apache Junction Landfill,401975,"Sun Streams, LLC",AZ,667.0119290007567
2026,3,p28,Apache Junction Landfill,405311,T0588 Phoenix - AZ,AZ,32483.154123158627
2026,3,p28,Apache Junction Landfill,405134,Union HS at Casa Grande,AZ,17435.33893221802
2026,3,p28,Apache Junction Landfill,405135,Vista Grande HS at Casa Grande,AZ,27559.80910891596
2026,3,p28,Apache Junction Landfill,400334,Walmart Casa Grande,AZ,24224.607360407157
2026,3,p28,Apache Junction Landfill,406098,"West Line Solar, LLC",AZ,458.7171874459129
2026,3,p29,Apache Junction Landfill,400014,Springerville,AZ,8220.650220067604
2026,3,p30,Apache Junction Landfill,405143,Actus Lend Lease DMAFB,AZ,15795.630818468824
2026,3,p30,Apache Junction Landfill,405611,Amazon TUS2,AZ,17126.627036632723
2026,3,p30,Apache Junction Landfill,405268,Amphitheater High School Solar,AZ,34887.55675317607
2026,3,p30,Apache Junction Landfill,400939,Avalon Solar,AZ,1834.565552070661
2026,3,p30,Apache Junction Landfill,401479,Avalon Solar II,AZ,3261.887233995691
2026,3,p30,Apache Junction Landfill,400226,Avra Valley Solar,AZ,1291.578681190746
2026,3,p30,Apache Junction Landfill,404704,Broadway 2 - Tucson Phase II,AZ,12457.716916710842
2026,3,p30,Apache Junction Landfill,405768,Broadway 3 - Tucson Phase I,AZ,33458.777204402824
2026,3,p30,Apache Junction Landfill,405269,Canyon Del Oro High School Solar,AZ,7319.72221948424
2026,3,p30,Apache Junction Landfill,400757,Cogenra-TEP,AZ,40990.097337459934
2026,3,p30,Apache Junction Landfill,401295,Davis Monthan AFB (AZ) West Airfield,AZ,3842.118666647681
2026,3,p30,Apache Junction Landfill,400330,FRB Solar Farm,AZ,21464.405432288302
2026,3,p30,Apache Junction Landfill,400761,"Gato Montes Solar, LLC",AZ,11707.954620699858
2026,3,p30,Apache Junction Landfill,404536,Iron Horse Battery Storage Hybrid,AZ,25601.862243655756
2026,3,p30,Apache Junction Landfill,400552,"Picture Rocks Solar, LLC",AZ,3793.024447919575
2026,3,p30,Apache Junction Landfill,405374,Pima Community College,AZ,39702.73813378364
2026,3,p30,Apache Junction Landfill,405303,Pima Community College - East Campus,AZ,48803.444743216394
2026,3,p30,Apache Junction Landfill,405516,Pima Community College NW,AZ,49829.713160085856
2026,3,p30,Apache Junction Landfill,400408,Prairie Fire,AZ,9040.522363092943
2026,3,p30,Apache Junction Landfill,400290,"RE Ajo 1, LLC",AZ,9665.046713073258
2026,3,p30,Apache Junction Landfill,404926,Raptor Ridge,AZ,3527.5027952761743
2026,3,p30,Apache Junction Landfill,400857,Rio Rico Solar,AZ,11743.384174611745
2026,3,p30,Apache Junction Landfill,400193,Roger Road WWTP,AZ,37551.70788210964
2026,3,p30,Apache Junction Landfill,401076,Tech Park Solar,AZ,8966.51080606238
2026,3,p30,Apache Junction Landfill,400156,UASTP I,AZ,48891.49469214132
2026,3,p30,Apache Junction Landfill,401075,Valencia Solar,AZ,8734.360862641919
2026,3,p30,Apache Junction Landfill,404187,"Wilmot Energy Center, LLC",AZ,449.8582726642447
2026,3,p31,City of Clovis Landfill,400211,Alamogordo Solar Energy Center,NM,72664.65215377261
2026,3,p31,Northeastern New Mexico Regional Landfill,400206,Albuquerque Solar Energy Center,NM,101299.28786326988
2026,3,p31,Northeastern New Mexico Regional Landfill,403675,Alcalde Solar Array,NM,45444.14866070798
2026,3,p31,Apache Junction Landfill,401595,Alta Luna,NM,11123.503387518089
2026,3,p31,Northeastern New Mexico Regional Landfill,404724,Angel Fire Energy Facility,NM,5301.125341158727
2026,3,p31,Northeastern New Mexico Regional Landfill,405469,Arroyo Solar Energy Storage Hybrid,NM,1027.8742237159365
2026,3,p31,Northeastern New Mexico Regional Landfill,403321,Bluewater CDEC 1,NM,115190.10042922349
2026,3,p31,Northeastern New Mexico Regional Landfill,403736,Britton Solar Energy Center,NM,2860.4493804593367
2026,3,p31,City of Clovis Landfill,404981,Buena Vista Energy Center,NM,2618.8856756795008
2026,3,p31,Northeastern New Mexico Regional Landfill,402876,CNMEC Solar Energy Center,NM,96544.41462137469
2026,3,p31,City of Clovis Landfill,402519,Carrizozo Solar,NM,112284.22354524002
2026,3,p31,Northeastern New Mexico Regional Landfill,401202,Cibola,NM,33016.723527751274
2026,3,p31,Northeastern New Mexico Regional Landfill,400104,Cimarron Solar Facility,NM,1096.2960130887561
2026,3,p31,Apache Junction Landfill,402988,City of Gallup Solar,NM,38756.06841275583
2026,3,p31,Northeastern New Mexico Regional Landfill,403604,City of Rio Rancho WWTP,NM,208032.3982551374
2026,3,p31,Apache Junction Landfill,401225,City of Truth or Consequences PV,NM,208031.96478688307
2026,3,p31,Apache Junction Landfill,402177,Columbus Solar Project,NM,170541.04377688447
2026,3,p31,Northeastern New Mexico Regional Landfill,404748,"Cuba 2.5ac, LLC",NM,65358.45439732215
2026,3,p31,Apache Junction Landfill,400209,Deming Solar Energy Center,NM,37297.11500485265
2026,3,p31,Northeastern New Mexico Regional Landfill,403868,Encino Solar Energy Center,NM,3919.2028445658716
2026,3,p31,Northeastern New Mexico Regional Landfill,401038,Eubank Landfill Solar Array,NM,90951.55338738194
2026,3,p31,Northeastern New Mexico Regional Landfill,402441,Facebook 1 Solar Energy Center,NM,19014.425440621842
2026,3,p31,Northeastern New Mexico Regional Landfill,402442,Facebook 2 Solar Energy Center,NM,18299.501042978485
2026,3,p31,Northeastern New Mexico Regional Landfill,402443,Facebook 3 Solar Energy Center,NM,30501.76652019881
2026,3,p31,Northeastern New Mexico Regional Landfill,403322,Grants CDEC 2,NM,53999.32850889463
2026,3,p31,Apache Junction Landfill,400216,"Hatch Solar Energy Center I, LLC",NM,72328.11772411551
2026,3,p31,City of Clovis Landfill,401617,Holloman Solar Facility,NM,71774.80560616263
2026,3,p31,Northeastern New Mexico Regional Landfill,406109,"Jicarilla Solar 1, LLC",NM,4703.781710236833
2026,3,p31,Northeastern New Mexico Regional Landfill,400427,Kit Carson,NM,80356.02349518877
2026,3,p31,Northeastern New Mexico Regional Landfill,400210,Las Vegas Solar Energy Center,NM,16034.260724556756
2026,3,p31,Northeastern New Mexico Regional Landfill,400434,Los Alamos PV Site,NM,170534.7914705633
2026,3,p31,Northeastern New Mexico Regional Landfill,400207,Los Lunas Solar Energy Center,NM,38663.8726365951
2026,3,p31,Apache Junction Landfill,400838,Macho Springs,NM,11919.250773637523
2026,3,p31,Northeastern New Mexico Regional Landfill,400582,Manzano Solar,NM,33502.197081669496
2026,3,p31,Northeastern New Mexico Regional Landfill,401201,Meadow Lake Solar Energy Center,NM,27690.335100489712
2026,3,p31,Northeastern New Mexico Regional Landfill,406177,"NMRD Data Center III, LLC",NM,3437.798840028218
2026,3,p31,City of Clovis Landfill,405693,NMSU Solar and Storage,NM,120341.71819070853
2026,3,p31,Northeastern New Mexico Regional Landfill,406375,OE_ESCL,NM,2576.4552165295054
2026,3,p31,City of Clovis Landfill,400581,Otero Solar,NM,32293.56187498183
2026,3,p31,Northeastern New Mexico Regional Landfill,400146,Questa Solar Facility,NM,107544.09431955822
2026,3,p31,Northeastern New Mexico Regional Landfill,403178,"RC Energy AA, LLC Solar Facility",NM,177288.91726528254
2026,3,p31,Northeastern New Mexico Regional Landfill,401566,Rio Communities Solar Energy Center,NM,28087.43753740635
2026,3,p31,Northeastern New Mexico Regional Landfill,403084,Rio De Oro Solar Energy Center,NM,24084.95124760443
2026,3,p31,Northeastern New Mexico Regional Landfill,400624,Rio Rancho High School,NM,202429.90077008287
2026,3,p31,City of Clovis Landfill,400135,Roadrunner Solar,NM,17208.989758229887
2026,3,p31,Northeastern New Mexico Regional Landfill,404648,"Route 66 Energy Center, LLC",NM,5209.1933098343625
2026,3,p31,Northeastern New Mexico Regional Landfill,403387,San Miguel I Solar Energy Center,NM,6178.792795473691
2026,3,p31,Northeastern New Mexico Regional Landfill,405458,San Miguel II Solar Energy Center,NM,7901.180697093414
2026,3,p31,Northeastern New Mexico Regional Landfill,401161,Sandoval Solar Energy Center,NM,31118.897135355008
2026,3,p31,Northeastern New Mexico Regional Landfill,401564,Santa Fe Solar Energy Center,NM,14826.384817705642
2026,3,p31,Northeastern New Mexico Regional Landfill,401565,Santolina Solar Energy Center,NM,17701.488328305768
2026,3,p31,Apache Junction Landfill,400596,Silver City WWTP PV Project,NM,279532.5926471002
2026,3,p31,Northeastern New Mexico Regional Landfill,406343,Sky Ranch Solar,NM,1058.4906765062476
2026,3,p31,Northeastern New Mexico Regional Landfill,401563,South Valley Solar Energy Center,NM,25582.546597559864
2026,3,p31,Northeastern New Mexico Regional Landfill,401162,Springer Solar 1,NM,59621.499189100716
2026,3,p31,Northeastern New Mexico Regional Landfill,400735,Storrie Lake Solar Project,NM,44993.094175451784
2026,3,p31,Northeastern New Mexico Regional Landfill,400623,Sue Cleveland High School,NM,197856.81589364796
2026,3,p31,City of Clovis Landfill,400343,"SunE EPE1, LLC",NM,35000.63326560016
2026,3,p31,City of Clovis Landfill,400342,"SunE EPE2, LLC",NM,28067.64756845994
2026,3,p31,Northeastern New Mexico Regional Landfill,402854,Syncarpha Eagle Nest,NM,64641.155079357675
2026,3,p31,Northeastern New Mexico Regional Landfill,403412,Syncarpha El Rito,NM,86320.0552749128
2026,3,p31,Northeastern New Mexico Regional Landfill,403413,Syncarpha Questa,NM,62938.92459648574
2026,3,p31,Northeastern New Mexico Regional Landfill,403411,Syncarpha Taos,NM,26698.702356451442
2026,3,p31,Northeastern New Mexico Regional Landfill,404618,Taos Mesa Energy Facility Hybrid,NM,5589.168441694594
2026,3,p31,Northeastern New Mexico Regional Landfill,403011,Vista Solar Energy Center,NM,26878.62311078114
2026,3,p31,City of Clovis Landfill,400354,WSMR I,NM,73061.48674477254
2026,3,p31,Apache Junction Landfill,405245,Wal-Mart Truth or Consequences PV,NM,318955.6794925479
2026,3,p47,City of Clovis Landfill,400979,"Caprock Solar 1, LLC",NM,2476.389546715534
2026,3,p47,City of Clovis Landfill,404980,Chaves County Solar II,NM,4109.437689969292
2026,3,p47,City of Clovis Landfill,401681,"Chaves Solar, LLC",NM,1765.5220539331378
2026,3,p47,City of Clovis Landfill,400614,GSE NM1,NM,100979.24479495568
2026,3,p47,City of Clovis Landfill,404982,Hayhurst New Mexico Solar,NM,15223.809135503778
2026,3,p47,City of Clovis Landfill,402530,Middle Daisy,NM,40889.716544768635
2026,3,p47,City of Clovis Landfill,401682,"Roswell Solar, LLC",NM,1771.1585306800996
2026,3,p47,City of Clovis Landfill,400546,SEV NM Phase 2,NM,118910.07949511458
2026,3,p47,City of Clovis Landfill,400260,SPS1 Dollarhide,NM,28207.09536114659
2026,3,p47,City of Clovis Landfill,400261,SPS2 Jal,NM,27507.71963770446
2026,3,p47,City of Clovis Landfill,400262,SPS3 Lea,NM,20918.06579033509
2026,3,p47,City of Clovis Landfill,400264,SPS5 Hopi,NM,24354.80538163295
2026,3,p47,City of Clovis Landfill,404698,SoCore Clovis 1,NM,4527.71809794971
2026,3,p48,City of Clovis Landfill,406439,"BESSP1, LLC",TX,482534.47057179664
2026,3,p48,City of Clovis Landfill,405590,"Hecate Energy Frye Solar, LLC",TX,930.5694971315955
2026,3,p57,Victoria Landfill,404918,"Hecate Energy Upshur Rural, LLC",TX,27816.530688101437
2026,3,p59,City of Clovis Landfill,402666,Fort Bliss (DEA EPIC),TX,50721.57045136395
2026,3,p59,City of Clovis Landfill,401616,Montana Solar Facility,TX,26424.425804390452
2026,3,p59,City of Clovis Landfill,401045,Newman Solar,TX,10957.110643069074
2026,3,p60,City of Clovis Landfill,403962,"ANSON Solar Center, LLC",TX,922.1414385223289
2026,3,p60,City of Clovis Landfill,403883,Azure Sky Solar,TX,994.1627347604814
2026,3,p60,City of Clovis Landfill,403232,"ENGIE Long Draw Solar, LLC",TX,432.2210008201993
2026,3,p60,City of Clovis Landfill,406252,Highpeak Solar 1,TX,11070.079390855622
2026,3,p60,City of Clovis Landfill,402721,Holstein 1 Solar Farm,TX,1135.3692878078652
2026,3,p60,City of Clovis Landfill,405492,Juno Solar Project,TX,322.2825417771683
2026,3,p60,City of Clovis Landfill,402541,Lamesa II,TX,2682.9527071948246
2026,3,p60,City of Clovis Landfill,401660,Lamesa Solar,TX,1309.438933581642
2026,3,p60,City of Clovis Landfill,405932,Lumina II Solar Project,TX,401.9016579927157
2026,3,p60,City of Clovis Landfill,405933,Lumina Solar Project,TX,378.14586055889805
2026,3,p60,City of Clovis Landfill,402909,Misae Solar,TX,541.0230264080526
2026,3,p60,City of Clovis Landfill,400968,"OCI Alamo 7, LLC",TX,1785.766918038408
2026,3,p60,City of Clovis Landfill,405939,Texas Solar Nova 1,TX,495.86980385204345
2026,3,p61,City of Clovis Landfill,400967,Alamo 6,TX,828.7375720377814
2026,3,p61,City of Clovis Landfill,403557,Aragorn Solar Project,TX,478.4701993720055
2026,3,p61,City of Clovis Landfill,400691,Barilla Solar,TX,3347.0692224040363
2026,3,p61,City of Clovis Landfill,401946,Bluebell Solar,TX,4939.5067684108035
2026,3,p61,City of Clovis Landfill,403574,Bluebell Solar II,TX,928.877581993628
2026,3,p61,City of Clovis Landfill,400554,"Bryan Solar, LLC",TX,14178.14894671687
2026,3,p61,City of Clovis Landfill,401463,Buckthorn Westex,TX,1263.3848474713516
2026,3,p61,City of Clovis Landfill,401703,East Pecos Solar,TX,1130.6978112874979
2026,3,p61,City of Clovis Landfill,405363,Galloway 1 Solar Farm,TX,554.5311052013535
2026,3,p61,Victoria Landfill,405494,Galloway 2 Solar Farm,TX,943.6045793027953
2026,3,p61,City of Clovis Landfill,403210,Greasewood,TX,458.46649916290045
2026,3,p61,City of Clovis Landfill,406370,Hayhurst Texas Solar,TX,3145.3565032113506
2026,3,p61,City of Clovis Landfill,402304,Midway Solar-TX,TX,571.1350755382601
2026,3,p61,Victoria Landfill,400695,"OCI Alamo 4, LLC",TX,4602.033371743361
2026,3,p61,City of Clovis Landfill,401868,Pearl Solar,TX,2302.6536450377453
2026,3,p61,City of Clovis Landfill,402290,RE Maplewood,TX,478.97645128331817
2026,3,p61,City of Clovis Landfill,401430,RE Roserock,TX,1023.6372663614719
2026,3,p61,City of Clovis Landfill,402848,Rambler,TX,705.7037672702832
2026,3,p61,City of Clovis Landfill,402083,Solaire Holman Solar Project,TX,2042.2226605362494
2026,3,p61,City of Clovis Landfill,403023,"Taygete Energy Project, LLC",TX,432.6126798160109
2026,3,p61,City of Clovis Landfill,404647,Taygete II Energy Project,TX,628.9021791237509
2026,3,p61,City of Clovis Landfill,403551,Titan Solar Project,TX,341.65135862353503
2026,3,p61,Victoria Landfill,406103,Zier Solar,TX,642.7407709593172
2026,3,p62,City of Clovis Landfill,403502,2W Permian Solar Project Hybrid,TX,284.39390484039257
2026,3,p62,City of Clovis Landfill,403697,CED Crane Solar,TX,645.3003941092935
2026,3,p62,City of Clovis Landfill,401525,Castle Gap Solar Hybrid,TX,727.8459722790816
2026,3,p62,City of Clovis Landfill,404599,Emerald Grove,TX,1502.4459021214843
2026,3,p62,City of Clovis Landfill,403004,Lapetus,TX,951.7898185033213
2026,3,p62,City of Clovis Landfill,403280,Oberon IA,TX,735.9001080076671
2026,3,p62,City of Clovis Landfill,403279,Oberon IB,TX,2726.0535039028823
2026,3,p62,City of Clovis Landfill,403602,Oxy Renewable Energy-Goldsmith,TX,4327.879304902755
2026,3,p62,City of Clovis Landfill,402679,Phoebe Solar,TX,425.16614447898246
2026,3,p62,City of Clovis Landfill,403177,Prospero Solar,TX,292.07678903907987
2026,3,p62,City of Clovis Landfill,404128,Prospero Solar II,TX,243.04083774613403
2026,3,p62,City of Clovis Landfill,403070,"Roadrunner, LLC",TX,562.3533330635345
2026,3,p62,City of Clovis Landfill,401805,Upton County Solar,TX,1239.9153388034763
2026,3,p62,City of Clovis Landfill,402995,West of the Pecos Solar,TX,886.3764221466171
2026,3,p63,Victoria Landfill,405599,"BPL Crown Solar, LLC",TX,2601.9155487194794
2026,3,p63,Victoria Landfill,404966,BPL Files Solar,TX,1897.4267953103938
2026,3,p63,Victoria Landfill,403825,Briar Creek Solar 1,TX,1988.8579739009124
2026,3,p63,Victoria Landfill,402610,Chisum,TX,29583.942407165123
2026,3,p63,Victoria Landfill,401697,CoServ Community Solar Station,TX,331179.969630212
2026,3,p63,Victoria Landfill,403188,Coniglio Solar,TX,3782.378032597333
2026,3,p63,Victoria Landfill,406415,Dileo Solar,TX,3233.901333682935
2026,3,p63,Victoria Landfill,402655,Eddy II,TX,15207.511350043556
2026,3,p63,Victoria Landfill,406221,Eiffel Solar Project,TX,1584.9224858588982
2026,3,p63,Victoria Landfill,405540,"Ellis Solar, LLC",TX,4610.608048304879
2026,3,p63,Victoria Landfill,403823,Elm Branch Solar 1,TX,1963.160237928819
2026,3,p63,Victoria Landfill,406206,Five Wells Solar Center - Hybrid,TX,692.8576187324826
2026,3,p63,Victoria Landfill,404567,G.S.E. One LLC,TX,4293.520658376976
2026,3,p63,Victoria Landfill,403288,Griffin Solar,TX,40340.55659663894
2026,3,p63,Victoria Landfill,406202,Grizzly Ridge Solar,TX,2743.0714565695484
2026,3,p63,Victoria Landfill,402329,Highway 56 Solar,TX,53827.70877887928
2026,3,p63,Victoria Landfill,405319,IKEA Grand Prairie Rooftop PV System,TX,1928096.7592171028
2026,3,p63,Victoria Landfill,405689,"IP Radian, LLC",TX,848.8840422841
2026,3,p63,Victoria Landfill,403481,Impact Solar 1,TX,2102.967669765772
2026,3,p63,Victoria Landfill,403190,Kellam Solar,TX,4272.306190273792
2026,3,p63,Victoria Landfill,402421,Leon Solar,TX,37297.13893002901
2026,3,p63,Victoria Landfill,403874,Lily Solar Hybrid,TX,2242.573855720953
2026,3,p63,Victoria Landfill,402404,Marlin Solar,TX,35430.799837450795
2026,3,p63,Victoria Landfill,405794,Noble Solar,TX,1452.0841926040168
2026,3,p63,Victoria Landfill,402405,North Gainesville Solar,TX,79034.72121692695
2026,3,p63,Victoria Landfill,401933,Phantom Solar,TX,19260.009372664994
2026,3,p63,Victoria Landfill,404872,"Pisgah Ridge Solar, LLC",TX,988.2263612312495
2026,3,p63,Victoria Landfill,406416,Pitts Dudik Solar,TX,4722.280790811913
2026,3,p63,Victoria Landfill,403189,Rippey Solar,TX,5944.516834061532
2026,3,p63,Victoria Landfill,404630,"Samson Solar Energy III, LLC",TX,1694.2122919425408
2026,3,p63,Victoria Landfill,402652,Sterling Solar (TX),TX,26194.062026020336
2026,3,p63,Victoria Landfill,404812,Sun Valley Solar Project,TX,872.6918374472866
2026,3,p63,Victoria Landfill,404388,"TPE Erath Solar, LLC",TX,21941.565770650344
2026,3,p63,Victoria Landfill,403457,"TPE Whitney Solar, LLC",TX,33347.317766728935
2026,3,p63,Victoria Landfill,405361,Toyota HQ Plan,TX,66057.23027419506
2026,3,p63,Victoria Landfill,405984,Waco Solar,TX,682.409430311574
2026,3,p63,Victoria Landfill,402306,Walnut Springs Solar,TX,40175.20319469518
2026,3,p63,Victoria Landfill,402497,West Moore Solar II,TX,285446.18827859807
2026,3,p63,Victoria Landfill,402654,Yellow Jacket,TX,76515.65062992429
2026,3,p64,Victoria Landfill,405731,Austin TX GigaFactory,TX,32300.298639242632
2026,3,p64,Victoria Landfill,402203,Bandera Electric Coop PV,TX,53411.90633306308
2026,3,p64,Victoria Landfill,404721,"Blue Jay Solar I, LLC",TX,439.260981550951
2026,3,p64,Victoria Landfill,402648,Bovine,TX,3591.07558626163
2026,3,p64,Victoria Landfill,402389,"E-Volve Energy Holdings, LLC",TX,28766.845800619783
2026,3,p64,Victoria Landfill,400227,East Blackland Solar Project 1,TX,590.9442717444839
2026,3,p64,Victoria Landfill,405101,IKEA Round Rock 027,TX,60415.58933742949
2026,3,p64,Victoria Landfill,402653,Lampwick,TX,20971.623843464906
2026,3,p64,Victoria Landfill,405613,Niagara Bottling - Seguin,TX,9916.939337175681
2026,3,p64,Victoria Landfill,402544,PowerFin Kingsbery,TX,19692.07040113404
2026,3,p64,Victoria Landfill,400249,Webberville Solar Project,TX,2761.1018192378865
2026,3,p65,Victoria Landfill,405700,Aktina Solar,TX,1438.1248361124356
2026,3,p65,Victoria Landfill,404074,"Alexis Solar, LLC",TX,154711.3313802727
2026,3,p65,Victoria Landfill,405727,Bernard Creek Solar,TX,5133.0137838081955
2026,3,p65,Victoria Landfill,400081,Blue Wing Solar Energy Generation,TX,70880.00423024005
2026,3,p65,Victoria Landfill,405477,Brightside,TX,18826.851107072478
2026,3,p65,Victoria Landfill,401728,CPS 1 Community Solar,TX,1304041.2530712308
2026,3,p65,Victoria Landfill,402656,Cascade Solar (TX),TX,69967.10573330404
2026,3,p65,Victoria Landfill,403987,Catan Solar,TX,48901.72673843111
2026,3,p65,Victoria Landfill,403091,Commerce Solar,TX,227282.92661168167
2026,3,p65,Victoria Landfill,404247,"Corazon Energy, LLC",TX,7893.527513025249
2026,3,p65,Victoria Landfill,404062,Elara Solar,TX,10466.805706624555
2026,3,p65,Victoria Landfill,404359,FELPS 1-Calaveras,TX,1098139.9331999312
2026,3,p65,Victoria Landfill,404361,FELPS 2-Calaveras,TX,1255931.75417808
2026,3,p65,Victoria Landfill,404362,FELPS 3-Floresville South,TX,775201.8918008696
2026,3,p65,Victoria Landfill,404363,FELPS 4-Floresville South,TX,775317.7746317305
2026,3,p65,Victoria Landfill,404364,FELPS 5-Floresville South,TX,775522.3700093273
2026,3,p65,Victoria Landfill,404739,FELPS 6- Floresville West,TX,916046.0554247351
2026,3,p65,Victoria Landfill,404740,FELPS 7- Floresville West,TX,1030386.7612966226
2026,3,p65,Victoria Landfill,406516,Ganado Solar,TX,2479.6354705584613
2026,3,p65,Victoria Landfill,405801,Horizon Solar,TX,7435.231249878546
2026,3,p65,Victoria Landfill,405380,IKEA Live Oak Rooftop PV System,TX,1019125.4078362258
2026,3,p65,Victoria Landfill,403343,Mars Solar,TX,289325.1922299756
2026,3,p65,Victoria Landfill,404877,Nebula Solar,TX,17218.882159320176
2026,3,p65,Victoria Landfill,400694,"OCI Alamo 2, LLC",TX,284459.6438076712
2026,3,p65,Victoria Landfill,400965,"OCI Alamo 3, LLC",TX,224527.517595867
2026,3,p65,Victoria Landfill,400966,"OCI Alamo 5, LLC",TX,20040.800298965176
2026,3,p65,Victoria Landfill,400593,OCI Alamo Solar I Hybrid,TX,35116.88606346825
2026,3,p65,Victoria Landfill,405809,Shakes Solar,TX,9470.774005579327
2026,3,p65,Victoria Landfill,405545,Sparta Solar,TX,3702.4098179430566
2026,3,p65,Victoria Landfill,400379,"SunE CPS1, LLC",TX,140876.32128901212
2026,3,p65,Victoria Landfill,400364,"SunE CPS2, LLC",TX,141485.601872978
2026,3,p65,Victoria Landfill,400353,"SunE CPS3, LLC",TX,131465.7701024637
2026,3,p65,Victoria Landfill,406032,Tres Bahias,TX,1620.9373862011641
2026,3,p65,Victoria Landfill,404878,Vancourt Solar Interconnections,TX,40975.31961389956
2026,3,p66,Victoria Landfill,406386,Umbriel Solar,TX,4762.626756912436
2026,3,p67,Victoria Landfill,404939,Brazoria County Solar Project (Danciger),TX,581.2814140504689
2026,3,p67,Victoria Landfill,404681,Brazoria West,TX,793.8783441526947
2026,3,p67,Victoria Landfill,402649,Bronson,TX,10026.33148058236
2026,3,p67,Victoria Landfill,406178,"Cutlass Solar 1, LLC",TX,1016.0909636272415
2026,3,p67,Victoria Landfill,404587,Fighting Jays Solar Project,TX,563.4358081323988
2026,3,p67,Victoria Landfill,405564,"Fort Bend Solar, LLC",TX,656.0924111457878
2026,3,p67,Victoria Landfill,404853,"Longbow Solar, LLC",TX,2335.101547688525
2026,3,p67,Victoria Landfill,403514,Wagyu,TX,1020.833907724878
2026,4,p12,Apex Regional Landfill,402144,Battle Mountain Solar Project,NV,1459.3911362668587
2026,4,p12,Apex Regional Landfill,405553,Dodge Flat,NV,5058.6595790217225
2026,4,p12,Apex Regional Landfill,402609,"EGP Stillwater Solar PV II, LLC",NV,5046.514749234466
2026,4,p12,Apex Regional Landfill,404659,Fish Springs,NV,2884.0233413521623
2026,4,p12,Apex Regional Landfill,401086,Ft. Churchill PV,NV,16753.060349175823
2026,4,p12,Apex Regional Landfill,402130,Luning Energy,NV,1467.3859462962853
2026,4,p12,Apex Regional Landfill,403107,NVSS-II,NV,1094.7997002817963
2026,4,p12,Apex Regional Landfill,400468,"Patua Acquisition Project, LLC",NV,11372.320931071377
2026,4,p12,Apex Regional Landfill,405023,Steamboat II,NV,183854.09163464155
2026,4,p12,Apex Regional Landfill,400029,Stillwater Facility,NV,5947.429208481785
2026,4,p12,Apex Regional Landfill,401318,Sunshine Valley Solar,NV,323.08785730938416
2026,4,p12,Apex Regional Landfill,405026,TS Power Plant,NV,1140.504352506569
2026,4,p12,Apex Regional Landfill,405576,Tesla Reno GigaFactory,NV,148645.38836804178
2026,4,p12,Apex Regional Landfill,401943,Tungsten Mountain,NV,12827.230357617465
2026,4,p12,Apex Regional Landfill,403308,Turquoise Liberty Solar,NV,20261.062860729202
2026,4,p12,Apex Regional Landfill,403884,"Turquoise Nevada, LLC",NV,3756.5742489351414
2026,4,p12,Apex Regional Landfill,400035,Western 102 Power Plant,NV,503365.54850044067
2026,4,p13,Apex Regional Landfill,400555,Apex Solar PV Power Project,NV,1155.255061886338
2026,4,p13,Apex Regional Landfill,405385,Arrow Canyon Solar Hybrid,NV,484.54292697203607
2026,4,p13,Apex Regional Landfill,402017,"Boulder Solar II, LLC",NV,435.6820031193056
2026,4,p13,Apex Regional Landfill,401649,"Boulder Solar Power, LLC",NV,242.27546219109092
2026,4,p13,Apex Regional Landfill,400059,CM10,NV,3163.0272691938835
2026,4,p13,Apex Regional Landfill,400086,CM48,NV,560.7531684701514
2026,4,p13,Apex Regional Landfill,400363,Copper Mountain Solar 2,NV,206.21985107396875
2026,4,p13,Apex Regional Landfill,400802,Copper Mountain Solar 3,NV,115.06040250169177
2026,4,p13,Apex Regional Landfill,401308,"Copper Mountain Solar 4, LLC",NV,283.0952967902102
2026,4,p13,Apex Regional Landfill,403688,"Copper Mountain Solar 5, LLC",NV,150.56741780551977
2026,4,p13,Apex Regional Landfill,405358,Dignity - San Martin,NV,6869.5801433829665
2026,4,p13,Apex Regional Landfill,405355,Dignity - Siena Campus,NV,8676.964070525235
2026,4,p13,Apex Regional Landfill,405556,Dry Lake Solar Energy Center,NV,230.92334940037367
2026,4,p13,Apex Regional Landfill,405495,Gemini Solar,NV,106.71076269178381
2026,4,p13,Apex Regional Landfill,403386,"Harry Allen Solar Energy, LLC",NV,275.61224764196066
2026,4,p13,Apex Regional Landfill,406090,IGS LAS1,NV,10978.945910280572
2026,4,p13,Apex Regional Landfill,406089,IGS VGT,NV,10922.124238377048
2026,4,p13,Apex Regional Landfill,405309,IKEA Las Vegas 462,NV,10415.00914692805
2026,4,p13,Apex Regional Landfill,400545,Las Vegas WPCF Solar Plant,NV,1257.4527203198581
2026,4,p13,Apex Regional Landfill,400313,Moapa Southern Paiute,NV,158.48734691847022
2026,4,p13,Apex Regional Landfill,400600,Mountain View Solar,NV,908.0783741372617
2026,4,p13,Apex Regional Landfill,400036,Nellis Air Force Base Solar Array,NV,750.1901928506896
2026,4,p13,Apex Regional Landfill,401381,Nellis Solar PV II,NV,332.1932396596304
2026,4,p13,Apex Regional Landfill,401319,"Playa Solar 1, LLC",NV,323.954160197887
2026,4,p13,Apex Regional Landfill,401596,Playa Solar 2,NV,225.62543521117368
2026,4,p13,Apex Regional Landfill,401274,River Mountains Solar,NV,894.2337795762983
2026,4,p13,Mohave Valley Landfill,401042,Searchlight Solar,NV,2186.4536116111694
2026,4,p13,Apex Regional Landfill,400166,Silver State Solar Power North,NV,675.3375606341002
2026,4,p13,Apex Regional Landfill,400658,Silver State Solar Power South,NV,238.63086601335877
2026,4,p13,Apex Regional Landfill,405246,"Solar Las Vegas MB 2, LLC",NV,4607.909275752591
2026,4,p13,Apex Regional Landfill,405188,Solar Las Vegas MB-1,NV,1147.0394379226457
2026,4,p13,Apex Regional Landfill,400556,Spectrum Solar PV Power Project,NV,449.61124172276106
2026,4,p13,Apex Regional Landfill,402485,"Techren Solar I, LLC",NV,234.9460164473438
2026,4,p13,Apex Regional Landfill,402690,"Techren Solar II, LLC",NV,138.85593849557821
2026,4,p13,Apex Regional Landfill,402691,"Techren Solar III, LLC",NV,1126.5108119956828
2026,4,p13,Apex Regional Landfill,402692,"Techren Solar IV, LLC",NV,1185.6755327335131
2026,4,p13,Apex Regional Landfill,403001,Techren Solar V,NV,387.2663477284431
2026,4,p13,Apex Regional Landfill,401851,Townsite Solar Project Hybrid,NV,148.96857217126328
2026,4,p13,Apex Regional Landfill,406448,Yellow Pine II,NV,602.791340902642
2026,4,p13,Apex Regional Landfill,404971,Yellow Pine Solar,NV,625.5770657637667
2026,4,p27,Mohave Valley Landfill,400374,"Black Mountain Solar, LLC",AZ,534.9306968842554
2026,4,p27,Mohave Valley Landfill,402236,Gray Hawk Solar,AZ,268.58099107164503
2026,4,p27,Mohave Valley Landfill,401819,Jacobson 5 MW Solar,AZ,2051.0156980745223
2026,4,p27,Mohave Valley Landfill,400199,La Senita,AZ,5916.262433622714
2026,4,p27,Mohave Valley Landfill,403718,Mohave Electric Cooperative at Joy Lane,AZ,90.43943663017004
2026,4,p27,Mohave Valley Landfill,401311,Mohave Electric at Fort Mohave,AZ,264.4025858406654
2026,4,p27,Mohave Valley Landfill,406478,Mohave Energy - Hybrid,AZ,68.79811496988216
2026,4,p28,Apache Junction Landfill,405418,AZ State University - Tempe Campus Solar,AZ,12700.496496327287
2026,4,p28,South Yuma County Landfill,400148,Agua Caliente Solar Project,AZ,248.68446257668916
2026,4,p28,Apache Junction Landfill,402067,Apache Solar 1,AZ,7355.680732000993
2026,4,p28,South Yuma County Landfill,400274,Arizona Western College PV,AZ,1868.4712481935192
2026,4,p28,Apache Junction Landfill,400240,Arlington Valley Solar Energy II,AZ,552.8938466994698
2026,4,p28,Apache Junction Landfill,400437,Badger 1,AZ,4414.354158922719
2026,4,p28,Apache Junction Landfill,401688,Bonnybrooke PV,AZ,467.55744914660465
2026,4,p28,Apache Junction Landfill,400371,Buckeye Union HS District 201,AZ,17913.218570096622
2026,4,p28,Apache Junction Landfill,405635,"Central Line Solar, LLC",AZ,454.0562618703081
2026,4,p28,Apache Junction Landfill,400201,Chino Solar Valley,AZ,7378.132885520348
2026,4,p28,Apache Junction Landfill,400202,Cotton Center Solar Hybrid,AZ,3226.2601453230977
2026,4,p28,Apache Junction Landfill,401069,Desert Star Hybrid,AZ,5252.244484555081
2026,4,p28,Apache Junction Landfill,403257,East Line Solar,AZ,360.01222374663143
2026,4,p28,Apache Junction Landfill,406171,Eleven Mile Solar Center,AZ,159.13255585358235
2026,4,p28,Apache Junction Landfill,405244,Estrella Mountain PV,AZ,20791.11326178938
2026,4,p28,South Yuma County Landfill,400349,Foothills Solar Plant Hybrid,AZ,310.4003409769442
2026,4,p28,Apache Junction Landfill,400825,Fort Huachuca Solar PV Project,AZ,9101.539263386396
2026,4,p28,Apache Junction Landfill,400845,Gila Bend Hybrid,AZ,2079.828097706413
2026,4,p28,Apache Junction Landfill,400599,"Gilbert Solar Facility I, LLC",AZ,5516.670800791676
2026,4,p28,South Yuma County Landfill,400507,Hyder II Hybrid,AZ,4472.3360167929095
2026,4,p28,South Yuma County Landfill,400204,Hyder Solar Hybrid,AZ,5624.32009425947
2026,4,p28,Apache Junction Landfill,405282,Intel - Ocotillo Campus Solar,AZ,4585.400150489232
2026,4,p28,Apache Junction Landfill,405125,Jewish Community Center PV,AZ,28398.96266613333
2026,4,p28,Apache Junction Landfill,402234,Kayenta Solar Project,AZ,3929.1158573335397
2026,4,p28,Apache Junction Landfill,400595,Lake Pleasant WTP,AZ,6762.591834264886
2026,4,p28,Apache Junction Landfill,400128,Luke Solar,AZ,3943.03996510633
2026,4,p28,Apache Junction Landfill,405068,Macys Goodyear,AZ,18425.419555141834
2026,4,p28,South Yuma County Landfill,406279,McFarland A Solar and Storage,AZ,345.79461369569265
2026,4,p28,Apache Junction Landfill,405617,Mesa Carport PV,AZ,961.5153652424176
2026,4,p28,Apache Junction Landfill,404512,Mesa Solar Array,AZ,1111.3253075224595
2026,4,p28,Apache Junction Landfill,400250,Mesquite Solar 1,AZ,967.2365090617261
2026,4,p28,Apache Junction Landfill,401621,"Mesquite Solar 2, LLC",AZ,738.5416081658386
2026,4,p28,Apache Junction Landfill,401622,"Mesquite Solar 3, LLC",AZ,461.9850528958601
2026,4,p28,Apache Junction Landfill,406038,"Mesquite Solar 4, LLC",AZ,1238.6575816176614
2026,4,p28,Apache Junction Landfill,404922,"Mesquite Solar 5, LLC",AZ,1200.829164779563
2026,4,p28,Mohave Valley Landfill,403572,OE_AZ1,AZ,3011.3313256874726
2026,4,p28,Apache Junction Landfill,400203,Paloma Solar Hybrid,AZ,3908.2814570516225
2026,4,p28,Apache Junction Landfill,405126,Paradise Valley H.S. PV,AZ,24829.354653446026
2026,4,p28,Apache Junction Landfill,405150,Phoenix Airport East Economy Lot,AZ,26916.39396338909
2026,4,p28,Apache Junction Landfill,405151,Phoenix Airport Rental Car Center,AZ,48793.90006556621
2026,4,p28,Apache Junction Landfill,402528,Pinal Central Energy Center Hybrid,AZ,1373.1414240006568
2026,4,p28,Apache Junction Landfill,400125,"Poseidon Solar, LLC",AZ,682.5971823045014
2026,4,p28,Apache Junction Landfill,400031,Prescott Airport,AZ,29983.52222610712
2026,4,p28,Apache Junction Landfill,400401,Prescott Solar Plant,AZ,7872.26858294325
2026,4,p28,Apache Junction Landfill,400323,Queen Creek Solar Farm,AZ,426.56867531973387
2026,4,p28,Mohave Valley Landfill,400289,"RE Bagdad Solar I, LLC",AZ,5342.242974144889
2026,4,p28,Apache Junction Landfill,405132,"RE Gillespie 1, LLC",AZ,3597.7488805099642
2026,4,p28,Apache Junction Landfill,400758,Red Horse 2,AZ,1617.423302117046
2026,4,p28,Apache Junction Landfill,401609,Red Horse III,AZ,2917.3391256388836
2026,4,p28,Apache Junction Landfill,401726,Red Rock,AZ,1179.8702381081978
2026,4,p28,Apache Junction Landfill,406380,SR McNeal,AZ,7180.433208542966
2026,4,p28,Apache Junction Landfill,400416,Saddle Mountain Solar I,AZ,6256.622626766302
2026,4,p28,Apache Junction Landfill,403674,Saint Solar,AZ,442.1705512531155
2026,4,p28,Apache Junction Landfill,401214,Sandstone Solar,AZ,544.2819847001975
2026,4,p28,Apache Junction Landfill,405029,Solana Generating Station,AZ,355.76153760605285
2026,4,p28,Apache Junction Landfill,406275,Sonoran Solar Energy,AZ,163.65695794043762
2026,4,p28,Apache Junction Landfill,406034,Storey Solar and Storage,AZ,280.54297949717557
2026,4,p28,Apache Junction Landfill,401664,Sulphur Springs,AZ,4988.694301753083
2026,4,p28,Apache Junction Landfill,403643,Sun Streams 2,AZ,530.095140300152
2026,4,p28,Apache Junction Landfill,406517,Sun Streams 3,AZ,342.7474134652044
2026,4,p28,Apache Junction Landfill,401975,"Sun Streams, LLC",AZ,791.1549108009079
2026,4,p28,Apache Junction Landfill,405311,T0588 Phoenix - AZ,AZ,28879.058889474345
2026,4,p28,Apache Junction Landfill,405134,Union HS at Casa Grande,AZ,15696.43474099622
2026,4,p28,Apache Junction Landfill,405135,Vista Grande HS at Casa Grande,AZ,21445.69531137908
2026,4,p28,Apache Junction Landfill,400334,Walmart Casa Grande,AZ,18180.02977530536
2026,4,p28,Apache Junction Landfill,406098,"West Line Solar, LLC",AZ,458.7171874459129
2026,4,p29,Apache Junction Landfill,400014,Springerville,AZ,10945.434620090144
2026,4,p30,Apache Junction Landfill,405143,Actus Lend Lease DMAFB,AZ,18045.535646821514
2026,4,p30,Apache Junction Landfill,405611,Amazon TUS2,AZ,19261.668288711815
2026,4,p30,Apache Junction Landfill,405268,Amphitheater High School Solar,AZ,34887.55675317607
2026,4,p30,Apache Junction Landfill,400939,Avalon Solar,AZ,1834.565552070661
2026,4,p30,Apache Junction Landfill,401479,Avalon Solar II,AZ,3261.887233995691
2026,4,p30,Apache Junction Landfill,400226,Avra Valley Solar,AZ,1447.238888839589
2026,4,p30,Apache Junction Landfill,404704,Broadway 2 - Tucson Phase II,AZ,12457.716916710842
2026,4,p30,Apache Junction Landfill,405768,Broadway 3 - Tucson Phase I,AZ,33458.777204402824
2026,4,p30,Apache Junction Landfill,405269,Canyon Del Oro High School Solar,AZ,7319.72221948424
2026,4,p30,Apache Junction Landfill,400757,Cogenra-TEP,AZ,40990.097337459934
2026,4,p30,Apache Junction Landfill,401295,Davis Monthan AFB (AZ) West Airfield,AZ,3842.118666647681
2026,4,p30,Apache Junction Landfill,400330,FRB Solar Farm,AZ,21464.405432288302
2026,4,p30,Apache Junction Landfill,400761,"Gato Montes Solar, LLC",AZ,10250.247420612377
2026,4,p30,Apache Junction Landfill,404536,Iron Horse Battery Storage Hybrid,AZ,20490.749198924597
2026,4,p30,Apache Junction Landfill,400552,"Picture Rocks Solar, LLC",AZ,3793.024447919575
2026,4,p30,Apache Junction Landfill,405374,Pima Community College,AZ,39702.73813378364
2026,4,p30,Apache Junction Landfill,405303,Pima Community College - East Campus,AZ,29300.585653929833
2026,4,p30,Apache Junction Landfill,405516,Pima Community College NW,AZ,35605.87997720419
2026,4,p30,Apache Junction Landfill,400408,Prairie Fire,AZ,9040.522363092943
2026,4,p30,Apache Junction Landfill,400290,"RE Ajo 1, LLC",AZ,9665.046713073258
2026,4,p30,Apache Junction Landfill,404926,Raptor Ridge,AZ,3962.653517185696
2026,4,p30,Apache Junction Landfill,400857,Rio Rico Solar,AZ,10443.707824099329
2026,4,p30,Apache Junction Landfill,400193,Roger Road WWTP,AZ,37551.70788210964
2026,4,p30,Apache Junction Landfill,401076,Tech Park Solar,AZ,10081.537529320178
2026,4,p30,Apache Junction Landfill,400156,UASTP I,AZ,42785.84498312366
2026,4,p30,Apache Junction Landfill,401075,Valencia Solar,AZ,5476.336921651201
2026,4,p30,Apache Junction Landfill,404187,"Wilmot Energy Center, LLC",AZ,449.8582726642447
2026,4,p31,City of Clovis Landfill,400211,Alamogordo Solar Energy Center,NM,84772.53027461804
2026,4,p31,Northeastern New Mexico Regional Landfill,400206,Albuquerque Solar Energy Center,NM,101299.28786326988
2026,4,p31,Northeastern New Mexico Regional Landfill,403675,Alcalde Solar Array,NM,45444.14866070798
2026,4,p31,Apache Junction Landfill,401595,Alta Luna,NM,11123.503387518089
2026,4,p31,Northeastern New Mexico Regional Landfill,404724,Angel Fire Energy Facility,NM,5301.125341158727
2026,4,p31,Northeastern New Mexico Regional Landfill,405469,Arroyo Solar Energy Storage Hybrid,NM,903.7013557389442
2026,4,p31,Northeastern New Mexico Regional Landfill,403321,Bluewater CDEC 1,NM,129584.55157288893
2026,4,p31,Northeastern New Mexico Regional Landfill,403736,Britton Solar Energy Center,NM,2860.4493804593367
2026,4,p31,City of Clovis Landfill,404981,Buena Vista Energy Center,NM,2618.8856756795008
2026,4,p31,Northeastern New Mexico Regional Landfill,402876,CNMEC Solar Energy Center,NM,110331.54652729962
2026,4,p31,City of Clovis Landfill,402519,Carrizozo Solar,NM,96246.10352859145
2026,4,p31,Northeastern New Mexico Regional Landfill,401202,Cibola,NM,26420.277078181014
2026,4,p31,Northeastern New Mexico Regional Landfill,400104,Cimarron Solar Facility,NM,1096.2960130887561
2026,4,p31,Apache Junction Landfill,402988,City of Gallup Solar,NM,49816.00309640037
2026,4,p31,Northeastern New Mexico Regional Landfill,403604,City of Rio Rancho WWTP,NM,208032.3982551374
2026,4,p31,Apache Junction Landfill,401225,City of Truth or Consequences PV,NM,184922.44614611828
2026,4,p31,Apache Junction Landfill,402177,Columbus Solar Project,NM,170541.04377688447
2026,4,p31,Northeastern New Mexico Regional Landfill,404748,"Cuba 2.5ac, LLC",NM,65358.45439732215
2026,4,p31,Apache Junction Landfill,400209,Deming Solar Energy Center,NM,37297.11500485265
2026,4,p31,Northeastern New Mexico Regional Landfill,403868,Encino Solar Energy Center,NM,3487.5682262696637
2026,4,p31,Northeastern New Mexico Regional Landfill,401038,Eubank Landfill Solar Array,NM,90951.55338738194
2026,4,p31,Northeastern New Mexico Regional Landfill,402441,Facebook 1 Solar Energy Center,NM,19014.425440621842
2026,4,p31,Northeastern New Mexico Regional Landfill,402442,Facebook 2 Solar Energy Center,NM,18299.501042978485
2026,4,p31,Northeastern New Mexico Regional Landfill,402443,Facebook 3 Solar Energy Center,NM,22884.947710124114
2026,4,p31,Northeastern New Mexico Regional Landfill,403322,Grants CDEC 2,NM,53999.32850889463
2026,4,p31,Apache Junction Landfill,400216,"Hatch Solar Energy Center I, LLC",NM,108469.02807617327
2026,4,p31,City of Clovis Landfill,401617,Holloman Solar Facility,NM,71774.80560616263
2026,4,p31,Northeastern New Mexico Regional Landfill,406109,"Jicarilla Solar 1, LLC",NM,5370.82320028495
2026,4,p31,Northeastern New Mexico Regional Landfill,400427,Kit Carson,NM,72323.87027365988
2026,4,p31,Northeastern New Mexico Regional Landfill,400210,Las Vegas Solar Energy Center,NM,14034.28954397467
2026,4,p31,Northeastern New Mexico Regional Landfill,400434,Los Alamos PV Site,NM,132645.83587263816
2026,4,p31,Northeastern New Mexico Regional Landfill,400207,Los Lunas Solar Energy Center,NM,33835.19996700823
2026,4,p31,Apache Junction Landfill,400838,Macho Springs,NM,7466.8931160234515
2026,4,p31,Northeastern New Mexico Regional Landfill,400582,Manzano Solar,NM,23461.885341138644
2026,4,p31,Northeastern New Mexico Regional Landfill,401201,Meadow Lake Solar Energy Center,NM,21544.592029247553
2026,4,p31,Northeastern New Mexico Regional Landfill,406177,"NMRD Data Center III, LLC",NM,3437.798840028218
2026,4,p31,City of Clovis Landfill,405693,NMSU Solar and Storage,NM,180503.8855717127
2026,4,p31,Northeastern New Mexico Regional Landfill,406375,OE_ESCL,NM,1623.2187402934403
2026,4,p31,City of Clovis Landfill,400581,Otero Solar,NM,40362.60648655229
2026,4,p31,Northeastern New Mexico Regional Landfill,400146,Questa Solar Facility,NM,86042.17371162656
2026,4,p31,Northeastern New Mexico Regional Landfill,403178,"RC Energy AA, LLC Solar Facility",NM,265916.1302579738
2026,4,p31,Northeastern New Mexico Regional Landfill,401566,Rio Communities Solar Energy Center,NM,28087.43753740635
2026,4,p31,Northeastern New Mexico Regional Landfill,403084,Rio De Oro Solar Energy Center,NM,19274.859254063544
2026,4,p31,Northeastern New Mexico Regional Landfill,400624,Rio Rancho High School,NM,179941.5219378403
2026,4,p31,City of Clovis Landfill,400135,Roadrunner Solar,NM,17208.989758229887
2026,4,p31,Northeastern New Mexico Regional Landfill,404648,"Route 66 Energy Center, LLC",NM,6687.679604101321
2026,4,p31,Northeastern New Mexico Regional Landfill,403387,San Miguel I Solar Energy Center,NM,6946.830484920402
2026,4,p31,Northeastern New Mexico Regional Landfill,405458,San Miguel II Solar Energy Center,NM,7901.180697093414
2026,4,p31,Northeastern New Mexico Regional Landfill,401161,Sandoval Solar Energy Center,NM,35004.44786728688
2026,4,p31,Northeastern New Mexico Regional Landfill,401564,Santa Fe Solar Energy Center,NM,16939.512465963595
2026,4,p31,Northeastern New Mexico Regional Landfill,401565,Santolina Solar Energy Center,NM,19664.488000350855
2026,4,p31,Apache Junction Landfill,400596,Silver City WWTP PV Project,NM,314468.3796004877
2026,4,p31,Northeastern New Mexico Regional Landfill,406343,Sky Ranch Solar,NM,1058.4906765062476
2026,4,p31,Northeastern New Mexico Regional Landfill,401563,South Valley Solar Energy Center,NM,22389.039682852384
2026,4,p31,Northeastern New Mexico Regional Landfill,401162,Springer Solar 1,NM,33138.38456278928
2026,4,p31,Northeastern New Mexico Regional Landfill,400735,Storrie Lake Solar Project,NM,51415.75173195919
2026,4,p31,Northeastern New Mexico Regional Landfill,400623,Sue Cleveland High School,NM,158292.35097089835
2026,4,p31,City of Clovis Landfill,400343,"SunE EPE1, LLC",NM,31502.308281910155
2026,4,p31,City of Clovis Landfill,400342,"SunE EPE2, LLC",NM,28067.64756845994
2026,4,p31,Northeastern New Mexico Regional Landfill,402854,Syncarpha Eagle Nest,NM,64641.155079357675
2026,4,p31,Northeastern New Mexico Regional Landfill,403412,Syncarpha El Rito,NM,86320.0552749128
2026,4,p31,Northeastern New Mexico Regional Landfill,403413,Syncarpha Questa,NM,113262.47124975434
2026,4,p31,Northeastern New Mexico Regional Landfill,403411,Syncarpha Taos,NM,34317.04837832327
2026,4,p31,Northeastern New Mexico Regional Landfill,404618,Taos Mesa Energy Facility Hybrid,NM,5589.168441694594
2026,4,p31,Northeastern New Mexico Regional Landfill,403011,Vista Solar Energy Center,NM,26878.62311078114
2026,4,p31,City of Clovis Landfill,400354,WSMR I,NM,164366.6158898632
2026,4,p31,Apache Junction Landfill,405245,Wal-Mart Truth or Consequences PV,NM,398683.0251106848
2026,4,p47,City of Clovis Landfill,400979,"Caprock Solar 1, LLC",NM,2749.6124487172606
2026,4,p47,City of Clovis Landfill,404980,Chaves County Solar II,NM,4109.437689969292
2026,4,p47,City of Clovis Landfill,401681,"Chaves Solar, LLC",NM,1765.5220539331378
2026,4,p47,City of Clovis Landfill,400614,GSE NM1,NM,100979.24479495568
2026,4,p47,City of Clovis Landfill,404982,Hayhurst New Mexico Solar,NM,11844.603422880717
2026,4,p47,City of Clovis Landfill,402530,Middle Daisy,NM,35050.81181390169
2026,4,p47,City of Clovis Landfill,401682,"Roswell Solar, LLC",NM,1966.022430900111
2026,4,p47,City of Clovis Landfill,400546,SEV NM Phase 2,NM,118910.07949511458
2026,4,p47,City of Clovis Landfill,400260,SPS1 Dollarhide,NM,21942.714931714007
2026,4,p47,City of Clovis Landfill,400261,SPS2 Jal,NM,24071.4276115789
2026,4,p47,City of Clovis Landfill,400262,SPS3 Lea,NM,18305.480495130705
2026,4,p47,City of Clovis Landfill,400264,SPS5 Hopi,NM,19487.320991046363
2026,4,p47,City of Clovis Landfill,404698,SoCore Clovis 1,NM,3525.421504783108
2026,4,p48,City of Clovis Landfill,406439,"BESSP1, LLC",TX,482534.47057179664
2026,4,p48,City of Clovis Landfill,405590,"Hecate Energy Frye Solar, LLC",TX,930.5694971315955
2026,4,p57,Victoria Landfill,404918,"Hecate Energy Upshur Rural, LLC",TX,31781.82040157307
2026,4,p59,City of Clovis Landfill,402666,Fort Bliss (DEA EPIC),TX,50721.57045136395
2026,4,p59,City of Clovis Landfill,401616,Montana Solar Facility,TX,44029.12072151742
2026,4,p59,City of Clovis Landfill,401045,Newman Solar,TX,7675.192478758352
2026,4,p60,City of Clovis Landfill,403962,"ANSON Solar Center, LLC",TX,809.0466872945375
2026,4,p60,City of Clovis Landfill,403883,Azure Sky Solar,TX,854.6228338946984
2026,4,p60,City of Clovis Landfill,403232,"ENGIE Long Draw Solar, LLC",TX,432.2210008201993
2026,4,p60,City of Clovis Landfill,406252,Highpeak Solar 1,TX,11070.079390855622
2026,4,p60,City of Clovis Landfill,402721,Holstein 1 Solar Farm,TX,1358.9664596294378
2026,4,p60,City of Clovis Landfill,405492,Juno Solar Project,TX,409.3965740849307
2026,4,p60,City of Clovis Landfill,402541,Lamesa II,TX,2682.9527071948246
2026,4,p60,City of Clovis Landfill,401660,Lamesa Solar,TX,1309.438933581642
2026,4,p60,City of Clovis Landfill,405932,Lumina II Solar Project,TX,324.99801213417254
2026,4,p60,City of Clovis Landfill,405933,Lumina Solar Project,TX,378.14586055889805
2026,4,p60,City of Clovis Landfill,402909,Misae Solar,TX,541.0230264080526
2026,4,p60,City of Clovis Landfill,400968,"OCI Alamo 7, LLC",TX,1785.766918038408
2026,4,p60,City of Clovis Landfill,405939,Texas Solar Nova 1,TX,495.86980385204345
2026,4,p61,City of Clovis Landfill,400967,Alamo 6,TX,747.6021577040036
2026,4,p61,City of Clovis Landfill,403557,Aragorn Solar Project,TX,478.4701993720055
2026,4,p61,City of Clovis Landfill,400691,Barilla Solar,TX,3822.738621504613
2026,4,p61,City of Clovis Landfill,401946,Bluebell Solar,TX,4939.5067684108035
2026,4,p61,City of Clovis Landfill,403574,Bluebell Solar II,TX,928.877581993628
2026,4,p61,City of Clovis Landfill,400554,"Bryan Solar, LLC",TX,22674.608257526987
2026,4,p61,City of Clovis Landfill,401463,Buckthorn Westex,TX,729.3842394264868
2026,4,p61,City of Clovis Landfill,401703,East Pecos Solar,TX,1130.6978112874979
2026,4,p61,City of Clovis Landfill,405363,Galloway 1 Solar Farm,TX,554.5311052013535
2026,4,p61,Victoria Landfill,405494,Galloway 2 Solar Farm,TX,943.6045793027953
2026,4,p61,City of Clovis Landfill,403210,Greasewood,TX,458.46649916290045
2026,4,p61,City of Clovis Landfill,406370,Hayhurst Texas Solar,TX,3592.2097995701156
2026,4,p61,City of Clovis Landfill,402304,Midway Solar-TX,TX,571.1350755382601
2026,4,p61,Victoria Landfill,400695,"OCI Alamo 4, LLC",TX,3693.527236154688
2026,4,p61,City of Clovis Landfill,401868,Pearl Solar,TX,2683.5320144273696
2026,4,p61,City of Clovis Landfill,402290,RE Maplewood,TX,421.2773234604032
2026,4,p61,City of Clovis Landfill,401430,RE Roserock,TX,1023.6372663614719
2026,4,p61,City of Clovis Landfill,402848,Rambler,TX,705.7037672702832
2026,4,p61,City of Clovis Landfill,402083,Solaire Holman Solar Project,TX,2295.32756451578
2026,4,p61,City of Clovis Landfill,403023,"Taygete Energy Project, LLC",TX,432.6126798160109
2026,4,p61,City of Clovis Landfill,404647,Taygete II Energy Project,TX,541.5423576346435
2026,4,p61,City of Clovis Landfill,403551,Titan Solar Project,TX,341.65135862353503
2026,4,p61,Victoria Landfill,406103,Zier Solar,TX,577.9365401638374
2026,4,p62,City of Clovis Landfill,403502,2W Permian Solar Project Hybrid,TX,284.39390484039257
2026,4,p62,City of Clovis Landfill,403697,CED Crane Solar,TX,645.3003941092935
2026,4,p62,City of Clovis Landfill,401525,Castle Gap Solar Hybrid,TX,727.8459722790816
2026,4,p62,City of Clovis Landfill,404599,Emerald Grove,TX,759.9146654107423
2026,4,p62,City of Clovis Landfill,403004,Lapetus,TX,684.816564273801
2026,4,p62,City of Clovis Landfill,403280,Oberon IA,TX,735.9001080076671
2026,4,p62,City of Clovis Landfill,403279,Oberon IB,TX,2726.0535039028823
2026,4,p62,City of Clovis Landfill,403602,Oxy Renewable Energy-Goldsmith,TX,4327.879304902755
2026,4,p62,City of Clovis Landfill,402679,Phoebe Solar,TX,366.9114707962707
2026,4,p62,City of Clovis Landfill,403177,Prospero Solar,TX,292.07678903907987
2026,4,p62,City of Clovis Landfill,404128,Prospero Solar II,TX,243.04083774613403
2026,4,p62,City of Clovis Landfill,403070,"Roadrunner, LLC",TX,562.3533330635345
2026,4,p62,City of Clovis Landfill,401805,Upton County Solar,TX,1239.9153388034763
2026,4,p62,City of Clovis Landfill,402995,West of the Pecos Solar,TX,1031.2085877210532
2026,4,p63,Victoria Landfill,405599,"BPL Crown Solar, LLC",TX,1966.3123349896096
2026,4,p63,Victoria Landfill,404966,BPL Files Solar,TX,1667.6862826215943
2026,4,p63,Victoria Landfill,403825,Briar Creek Solar 1,TX,1988.8579739009124
2026,4,p63,Victoria Landfill,402610,Chisum,TX,73870.6019772128
2026,4,p63,Victoria Landfill,401697,CoServ Community Solar Station,TX,331179.969630212
2026,4,p63,Victoria Landfill,403188,Coniglio Solar,TX,3782.378032597333
2026,4,p63,Victoria Landfill,406415,Dileo Solar,TX,3233.901333682935
2026,4,p63,Victoria Landfill,402655,Eddy II,TX,15207.511350043556
2026,4,p63,Victoria Landfill,406221,Eiffel Solar Project,TX,1802.8395990101694
2026,4,p63,Victoria Landfill,405540,"Ellis Solar, LLC",TX,4610.608048304879
2026,4,p63,Victoria Landfill,403823,Elm Branch Solar 1,TX,1963.160237928819
2026,4,p63,Victoria Landfill,406206,Five Wells Solar Center - Hybrid,TX,692.8576187324826
2026,4,p63,Victoria Landfill,404567,G.S.E. One LLC,TX,3446.7170654615807
2026,4,p63,Victoria Landfill,403288,Griffin Solar,TX,40340.55659663894
2026,4,p63,Victoria Landfill,406202,Grizzly Ridge Solar,TX,2407.625361223355
2026,4,p63,Victoria Landfill,402329,Highway 56 Solar,TX,76871.22567248468
2026,4,p63,Victoria Landfill,405319,IKEA Grand Prairie Rooftop PV System,TX,964078.1309554513
2026,4,p63,Victoria Landfill,405689,"IP Radian, LLC",TX,848.8840422841
2026,4,p63,Victoria Landfill,403481,Impact Solar 1,TX,1847.53454777005
2026,4,p63,Victoria Landfill,403190,Kellam Solar,TX,4272.306190273792
2026,4,p63,Victoria Landfill,402421,Leon Solar,TX,37297.13893002901
2026,4,p63,Victoria Landfill,403874,Lily Solar Hybrid,TX,1969.6899604808336
2026,4,p63,Victoria Landfill,402404,Marlin Solar,TX,31500.655710378473
2026,4,p63,Victoria Landfill,405794,Noble Solar,TX,1452.0841926040168
2026,4,p63,Victoria Landfill,402405,North Gainesville Solar,TX,69162.81890153607
2026,4,p63,Victoria Landfill,401933,Phantom Solar,TX,13774.15032156071
2026,4,p63,Victoria Landfill,404872,"Pisgah Ridge Solar, LLC",TX,988.2263612312495
2026,4,p63,Victoria Landfill,406416,Pitts Dudik Solar,TX,4722.280790811913
2026,4,p63,Victoria Landfill,403189,Rippey Solar,TX,5290.626374032471
2026,4,p63,Victoria Landfill,404630,"Samson Solar Energy III, LLC",TX,1694.2122919425408
2026,4,p63,Victoria Landfill,402652,Sterling Solar (TX),TX,52328.62135824068
2026,4,p63,Victoria Landfill,404812,Sun Valley Solar Project,TX,791.372923082558
2026,4,p63,Victoria Landfill,404388,"TPE Erath Solar, LLC",TX,24372.90611252261
2026,4,p63,Victoria Landfill,403457,"TPE Whitney Solar, LLC",TX,22251.37940908596
2026,4,p63,Victoria Landfill,405361,Toyota HQ Plan,TX,330048.14059577504
2026,4,p63,Victoria Landfill,405984,Waco Solar,TX,682.409430311574
2026,4,p63,Victoria Landfill,402306,Walnut Springs Solar,TX,40175.20319469518
2026,4,p63,Victoria Landfill,402414,Whitewright Solar,TX,31107.777587431545
2026,4,p63,Victoria Landfill,402654,Yellow Jacket,TX,42535.14043609128
2026,4,p64,Victoria Landfill,405731,Austin TX GigaFactory,TX,28717.987978637895
2026,4,p64,Victoria Landfill,402203,Bandera Electric Coop PV,TX,53411.90633306308
2026,4,p64,Victoria Landfill,404721,"Blue Jay Solar I, LLC",TX,439.260981550951
2026,4,p64,Victoria Landfill,402648,Bovine,TX,3591.07558626163
2026,4,p64,Victoria Landfill,402389,"E-Volve Energy Holdings, LLC",TX,38335.96016955971
2026,4,p64,Victoria Landfill,400227,East Blackland Solar Project 1,TX,590.9442717444839
2026,4,p64,Victoria Landfill,405101,IKEA Round Rock 027,TX,52871.0785069758
2026,4,p64,Victoria Landfill,402653,Lampwick,TX,20971.623843464906
2026,4,p64,Victoria Landfill,405613,Niagara Bottling - Seguin,TX,7945.452008500546
2026,4,p64,Victoria Landfill,402544,PowerFin Kingsbery,TX,19692.070401134042
2026,4,p64,Victoria Landfill,400249,Webberville Solar Project,TX,2085.7020378784146
2026,4,p65,Victoria Landfill,405700,Aktina Solar,TX,1438.1248361124356
2026,4,p65,Victoria Landfill,404074,"Alexis Solar, LLC",TX,154711.3313802727
2026,4,p65,Victoria Landfill,405727,Bernard Creek Solar,TX,4408.226485235596
2026,4,p65,Victoria Landfill,400081,Blue Wing Solar Energy Generation,TX,70880.00423024005
2026,4,p65,Victoria Landfill,405477,Brightside,TX,16480.93255541342
2026,4,p65,Victoria Landfill,401728,CPS 1 Community Solar,TX,1141043.5342740521
2026,4,p65,Victoria Landfill,402656,Cascade Solar (TX),TX,69967.10573330404
2026,4,p65,Victoria Landfill,403987,Catan Solar,TX,48901.72673843111
2026,4,p65,Victoria Landfill,403091,Commerce Solar,TX,227282.92661168167
2026,4,p65,Victoria Landfill,404247,"Corazon Energy, LLC",TX,7893.527513025249
2026,4,p65,Victoria Landfill,404062,Elara Solar,TX,10466.805706624555
2026,4,p65,Victoria Landfill,404359,FELPS 1-Calaveras,TX,976130.9964770278
2026,4,p65,Victoria Landfill,404361,FELPS 2-Calaveras,TX,976849.0316260176
2026,4,p65,Victoria Landfill,404362,FELPS 3-Floresville South,TX,775201.8918008696
2026,4,p65,Victoria Landfill,404363,FELPS 4-Floresville South,TX,775317.7746317305
2026,4,p65,Victoria Landfill,404364,FELPS 5-Floresville South,TX,775522.3700093273
2026,4,p65,Victoria Landfill,404739,FELPS 6- Floresville West,TX,1030544.3745161021
2026,4,p65,Victoria Landfill,404740,FELPS 7- Floresville West,TX,1177576.3696684546
2026,4,p65,Victoria Landfill,406516,Ganado Solar,TX,2479.6354705584613
2026,4,p65,Victoria Landfill,405801,Horizon Solar,TX,8357.197319388366
2026,4,p65,Victoria Landfill,405380,IKEA Live Oak Rooftop PV System,TX,764358.9315506192
2026,4,p65,Victoria Landfill,403343,Mars Solar,TX,160762.66354723088
2026,4,p65,Victoria Landfill,404877,Nebula Solar,TX,15312.284440929045
2026,4,p65,Victoria Landfill,400694,"OCI Alamo 2, LLC",TX,227579.61558489696
2026,4,p65,Victoria Landfill,400965,"OCI Alamo 3, LLC",TX,224527.517595867
2026,4,p65,Victoria Landfill,400966,"OCI Alamo 5, LLC",TX,22538.46249961081
2026,4,p65,Victoria Landfill,400593,OCI Alamo Solar I Hybrid,TX,30734.713142259723
2026,4,p65,Victoria Landfill,405809,Shakes Solar,TX,10647.182919551748
2026,4,p65,Victoria Landfill,405545,Sparta Solar,TX,3702.4098179430566
2026,4,p65,Victoria Landfill,400379,"SunE CPS1, LLC",TX,197203.04872709687
2026,4,p65,Victoria Landfill,400364,"SunE CPS2, LLC",TX,99057.77211922461
2026,4,p65,Victoria Landfill,400353,"SunE CPS3, LLC",TX,116865.07372372325
2026,4,p65,Victoria Landfill,406032,Tres Bahias,TX,1620.9373862011641
2026,4,p65,Victoria Landfill,404878,Vancourt Solar Interconnections,TX,40975.31961389956
2026,4,p66,Victoria Landfill,406386,Umbriel Solar,TX,4762.626756912436
2026,4,p67,Victoria Landfill,404939,Brazoria County Solar Project (Danciger),TX,581.2814140504689
2026,4,p67,Victoria Landfill,404681,Brazoria West,TX,630.6837551854293
2026,4,p67,Victoria Landfill,402649,Bronson,TX,10026.33148058236
2026,4,p67,Victoria Landfill,406178,"Cutlass Solar 1, LLC",TX,1016.0909636272415
2026,4,p67,Victoria Landfill,404587,Fighting Jays Solar Project,TX,563.4358081323988
2026,4,p67,Victoria Landfill,405564,"Fort Bend Solar, LLC",TX,523.5169184022793
2026,4,p67,Victoria Landfill,404853,"Longbow Solar, LLC",TX,2335.101547688525
2026,4,p67,Victoria Landfill,403514,Wagyu,TX,1020.833907724878
2027,1,p12,Apex Regional Landfill,402144,Battle Mountain Solar Project,NV,1459.3911362668587
2027,1,p12,Apex Regional Landfill,405553,Dodge Flat,NV,2554.13176451086
2027,1,p12,Apex Regional Landfill,402609,"EGP Stillwater Solar PV II, LLC",NV,5046.514749234466
2027,1,p12,Apex Regional Landfill,404659,Fish Springs,NV,1939.2168775681084
2027,1,p12,Apex Regional Landfill,401086,Ft. Churchill PV,NV,16753.060349175823
2027,1,p12,Apex Regional Landfill,402130,Luning Energy,NV,1467.3859462962853
2027,1,p12,Apex Regional Landfill,403107,NVSS-II,NV,1094.7997002817963
2027,1,p12,Apex Regional Landfill,400468,"Patua Acquisition Project, LLC",NV,11372.320931071377
2027,1,p12,Apex Regional Landfill,405023,Steamboat II,NV,183854.09163464155
2027,1,p12,Apex Regional Landfill,400029,Stillwater Facility,NV,4636.801373263609
2027,1,p12,Apex Regional Landfill,401318,Sunshine Valley Solar,NV,323.08785730938416
2027,1,p12,Apex Regional Landfill,405026,TS Power Plant,NV,1031.4143122559124
2027,1,p12,Apex Regional Landfill,405576,Tesla Reno GigaFactory,NV,148645.38836804178
2027,1,p12,Apex Regional Landfill,401943,Tungsten Mountain,NV,11549.467716855717
2027,1,p12,Apex Regional Landfill,403308,Turquoise Liberty Solar,NV,20261.062860729202
2027,1,p12,Apex Regional Landfill,403884,"Turquoise Nevada, LLC",NV,3756.5742489351414
2027,1,p12,Apex Regional Landfill,400035,Western 102 Power Plant,NV,503365.54850044067
2027,1,p13,Apex Regional Landfill,400555,Apex Solar PV Power Project,NV,1339.5302472007277
2027,1,p13,Apex Regional Landfill,405385,Arrow Canyon Solar Hybrid,NV,484.54292697203607
2027,1,p13,Apex Regional Landfill,402017,"Boulder Solar II, LLC",NV,435.6820031193056
2027,1,p13,Apex Regional Landfill,401649,"Boulder Solar Power, LLC",NV,263.68340799010105
2027,1,p13,Apex Regional Landfill,400059,CM10,NV,3163.0272691938835
2027,1,p13,Apex Regional Landfill,400086,CM48,NV,560.7531684701514
2027,1,p13,Apex Regional Landfill,400363,Copper Mountain Solar 2,NV,206.21985107396875
2027,1,p13,Apex Regional Landfill,400802,Copper Mountain Solar 3,NV,115.06040250169177
2027,1,p13,Apex Regional Landfill,401308,"Copper Mountain Solar 4, LLC",NV,283.0952967902102
2027,1,p13,Apex Regional Landfill,403688,"Copper Mountain Solar 5, LLC",NV,150.56741780551977
2027,1,p13,Apex Regional Landfill,405358,Dignity - San Martin,NV,5505.584904706374
2027,1,p13,Apex Regional Landfill,405355,Dignity - Siena Campus,NV,6088.756034367665
2027,1,p13,Apex Regional Landfill,405556,Dry Lake Solar Energy Center,NV,230.92334940037367
2027,1,p13,Apex Regional Landfill,405495,Gemini Solar,NV,98.55264659295757
2027,1,p13,Apex Regional Landfill,403386,"Harry Allen Solar Energy, LLC",NV,250.50021457063164
2027,1,p13,Apex Regional Landfill,406090,IGS LAS1,NV,12193.317239200636
2027,1,p13,Apex Regional Landfill,406089,IGS VGT,NV,8506.008618737707
2027,1,p13,Apex Regional Landfill,405309,IKEA Las Vegas 462,NV,18707.333304470492
2027,1,p13,Apex Regional Landfill,400545,Las Vegas WPCF Solar Plant,NV,1257.4527203198581
2027,1,p13,Apex Regional Landfill,400313,Moapa Southern Paiute,NV,158.48734691847022
2027,1,p13,Apex Regional Landfill,400600,Mountain View Solar,NV,822.2309317235356
2027,1,p13,Apex Regional Landfill,400036,Nellis Air Force Base Solar Array,NV,672.3472769783907
2027,1,p13,Apex Regional Landfill,401381,Nellis Solar PV II,NV,332.1932396596304
2027,1,p13,Apex Regional Landfill,401319,"Playa Solar 1, LLC",NV,269.08411815830965
2027,1,p13,Apex Regional Landfill,401596,Playa Solar 2,NV,225.62543521117368
2027,1,p13,Apex Regional Landfill,401274,River Mountains Solar,NV,894.2337795762983
2027,1,p13,Mohave Valley Landfill,401042,Searchlight Solar,NV,1971.826170400053
2027,1,p13,Apex Regional Landfill,400166,Silver State Solar Power North,NV,675.3375606341002
2027,1,p13,Apex Regional Landfill,400658,Silver State Solar Power South,NV,215.002501511689
2027,1,p13,Apex Regional Landfill,405246,"Solar Las Vegas MB 2, LLC",NV,4607.909275752591
2027,1,p13,Apex Regional Landfill,405188,Solar Las Vegas MB-1,NV,1284.2188739129765
2027,1,p13,Apex Regional Landfill,400556,Spectrum Solar PV Power Project,NV,449.61124172276106
2027,1,p13,Apex Regional Landfill,402485,"Techren Solar I, LLC",NV,234.9460164473438
2027,1,p13,Apex Regional Landfill,402690,"Techren Solar II, LLC",NV,138.85593849557821
2027,1,p13,Apex Regional Landfill,402691,"Techren Solar III, LLC",NV,1305.9952889949634
2027,1,p13,Apex Regional Landfill,402692,"Techren Solar IV, LLC",NV,901.6576370501349
2027,1,p13,Apex Regional Landfill,403001,Techren Solar V,NV,387.2663477284431
2027,1,p13,Apex Regional Landfill,401851,Townsite Solar Project Hybrid,NV,148.96857217126328
2027,1,p13,Apex Regional Landfill,406448,Yellow Pine II,NV,602.791340902642
2027,1,p13,Apex Regional Landfill,404971,Yellow Pine Solar,NV,625.5770657637667
2027,1,p27,Mohave Valley Landfill,400374,"Black Mountain Solar, LLC",AZ,534.9306968842554
2027,1,p27,Mohave Valley Landfill,402236,Gray Hawk Solar,AZ,240.0307671251894
2027,1,p27,Mohave Valley Landfill,401819,Jacobson 5 MW Solar,AZ,1604.16314283574
2027,1,p27,Mohave Valley Landfill,400199,La Senita,AZ,5916.262433622714
2027,1,p27,Mohave Valley Landfill,403718,Mohave Electric Cooperative at Joy Lane,AZ,103.00449591271253
2027,1,p27,Mohave Valley Landfill,401311,Mohave Electric at Fort Mohave,AZ,264.4025858406654
2027,1,p27,Mohave Valley Landfill,406478,Mohave Energy - Hybrid,AZ,68.79811496988216
2027,1,p28,Apache Junction Landfill,405418,AZ State University - Tempe Campus Solar,AZ,7638.816705796372
2027,1,p28,South Yuma County Landfill,400148,Agua Caliente Solar Project,AZ,354.83857886503375
2027,1,p28,Apache Junction Landfill,402067,Apache Solar 1,AZ,5162.865618400696
2027,1,p28,South Yuma County Landfill,400274,Arizona Western College PV,AZ,1868.4712481935192
2027,1,p28,Apache Junction Landfill,400240,Arlington Valley Solar Energy II,AZ,552.8938466994698
2027,1,p28,Apache Junction Landfill,400437,Badger 1,AZ,4414.354158922719
2027,1,p28,Apache Junction Landfill,401688,Bonnybrooke PV,AZ,587.9175717599201
2027,1,p28,Apache Junction Landfill,400371,Buckeye Union HS District 201,AZ,20465.63593439614
2027,1,p28,Apache Junction Landfill,405635,"Central Line Solar, LLC",AZ,454.0562618703081
2027,1,p28,Apache Junction Landfill,400201,Chino Solar Valley,AZ,4934.187597013565
2027,1,p28,Apache Junction Landfill,400202,Cotton Center Solar Hybrid,AZ,3226.2601453230977
2027,1,p28,Apache Junction Landfill,401069,Desert Star Hybrid,AZ,5252.244484555081
2027,1,p28,Apache Junction Landfill,403257,East Line Solar,AZ,399.22662421496034
2027,1,p28,Apache Junction Landfill,406171,Eleven Mile Solar Center,AZ,159.13255585358235
2027,1,p28,Apache Junction Landfill,405244,Estrella Mountain PV,AZ,20791.11326178938
2027,1,p28,South Yuma County Landfill,400349,Foothills Solar Plant Hybrid,AZ,310.4003409769442
2027,1,p28,Apache Junction Landfill,400825,Fort Huachuca Solar PV Project,AZ,7969.633982963095
2027,1,p28,Apache Junction Landfill,400845,Gila Bend Hybrid,AZ,2370.3325373787575
2027,1,p28,Apache Junction Landfill,400599,"Gilbert Solar Facility I, LLC",AZ,5516.670800791676
2027,1,p28,South Yuma County Landfill,400507,Hyder II Hybrid,AZ,4472.3360167929095
2027,1,p28,South Yuma County Landfill,400204,Hyder Solar Hybrid,AZ,6555.644071636051
2027,1,p28,Apache Junction Landfill,405282,Intel - Ocotillo Campus Solar,AZ,4131.489837440309
2027,1,p28,Apache Junction Landfill,405125,Jewish Community Center PV,AZ,33124.40694048889
2027,1,p28,Apache Junction Landfill,402234,Kayenta Solar Project,AZ,3929.1158573335397
2027,1,p28,Apache Junction Landfill,400595,Lake Pleasant WTP,AZ,6762.591834264886
2027,1,p28,Apache Junction Landfill,400128,Luke Solar,AZ,3553.365670595697
2027,1,p28,Apache Junction Landfill,405068,Macys Goodyear,AZ,16128.029238249095
2027,1,p28,South Yuma County Landfill,406279,McFarland A Solar and Storage,AZ,345.79461369569265
2027,1,p28,Apache Junction Landfill,405617,Mesa Carport PV,AZ,859.8244379932604
2027,1,p28,Apache Junction Landfill,404512,Mesa Solar Array,AZ,1263.4722057399538
2027,1,p28,Apache Junction Landfill,400250,Mesquite Solar 1,AZ,967.2365090617261
2027,1,p28,Apache Junction Landfill,401621,"Mesquite Solar 2, LLC",AZ,738.5416081658386
2027,1,p28,Apache Junction Landfill,401622,"Mesquite Solar 3, LLC",AZ,640.1370669940859
2027,1,p28,Apache Junction Landfill,406038,"Mesquite Solar 4, LLC",AZ,1371.1420884640684
2027,1,p28,Apache Junction Landfill,404922,"Mesquite Solar 5, LLC",AZ,1200.829164779563
2027,1,p28,Mohave Valley Landfill,403572,OE_AZ1,AZ,3011.3313256874726
2027,1,p28,Apache Junction Landfill,400203,Paloma Solar Hybrid,AZ,4459.993519487569
2027,1,p28,Apache Junction Landfill,405126,Paradise Valley H.S. PV,AZ,19872.74312675682
2027,1,p28,Apache Junction Landfill,405150,Phoenix Airport East Economy Lot,AZ,31394.743453953943
2027,1,p28,Apache Junction Landfill,405151,Phoenix Airport Rental Car Center,AZ,24420.09854278312
2027,1,p28,Apache Junction Landfill,402528,Pinal Central Energy Center Hybrid,AZ,1373.1414240006568
2027,1,p28,Apache Junction Landfill,400125,"Poseidon Solar, LLC",AZ,682.5971823045014
2027,1,p28,Apache Junction Landfill,400031,Prescott Airport,AZ,33725.6753768705
2027,1,p28,Apache Junction Landfill,400401,Prescott Solar Plant,AZ,9828.761473679066
2027,1,p28,Apache Junction Landfill,400323,Queen Creek Solar Farm,AZ,426.56867531973387
2027,1,p28,Mohave Valley Landfill,400289,"RE Bagdad Solar I, LLC",AZ,5342.242974144889
2027,1,p28,Apache Junction Landfill,405132,"RE Gillespie 1, LLC",AZ,3597.7488805099642
2027,1,p28,Apache Junction Landfill,400758,Red Horse 2,AZ,1617.423302117046
2027,1,p28,Apache Junction Landfill,401609,Red Horse III,AZ,2917.3391256388836
2027,1,p28,Apache Junction Landfill,401726,Red Rock,AZ,1305.822817897997
2027,1,p28,Apache Junction Landfill,406380,SR McNeal,AZ,6467.01958968867
2027,1,p28,Apache Junction Landfill,400416,Saddle Mountain Solar I,AZ,8326.73116235507
2027,1,p28,Apache Junction Landfill,403674,Saint Solar,AZ,442.1705512531155
2027,1,p28,Apache Junction Landfill,401214,Sandstone Solar,AZ,544.2819847001975
2027,1,p28,Apache Junction Landfill,405029,Solana Generating Station,AZ,355.76153760605285
2027,1,p28,Apache Junction Landfill,406275,Sonoran Solar Energy,AZ,163.65695794043762
2027,1,p28,Apache Junction Landfill,406034,Storey Solar and Storage,AZ,280.54297949717557
2027,1,p28,Apache Junction Landfill,401664,Sulphur Springs,AZ,4988.694301753083
2027,1,p28,Apache Junction Landfill,403643,Sun Streams 2,AZ,820.3740124802432
2027,1,p28,Apache Junction Landfill,406517,Sun Streams 3,AZ,342.7474134652044
2027,1,p28,Apache Junction Landfill,401975,"Sun Streams, LLC",AZ,578.338370572077
2027,1,p28,Apache Junction Landfill,405311,T0588 Phoenix - AZ,AZ,28879.058889474345
2027,1,p28,Apache Junction Landfill,405134,Union HS at Casa Grande,AZ,26129.859888327035
2027,1,p28,Apache Junction Landfill,405135,Vista Grande HS at Casa Grande,AZ,21445.69531137908
2027,1,p28,Apache Junction Landfill,400334,Walmart Casa Grande,AZ,20770.563026063275
2027,1,p28,Apache Junction Landfill,406098,"West Line Solar, LLC",AZ,458.7171874459129
2027,1,p29,Apache Junction Landfill,400014,Springerville,AZ,7312.3887533934285
2027,1,p30,Apache Junction Landfill,405143,Actus Lend Lease DMAFB,AZ,25245.231097550113
2027,1,p30,Apache Junction Landfill,405611,Amazon TUS2,AZ,17126.627036632723
2027,1,p30,Apache Junction Landfill,405268,Amphitheater High School Solar,AZ,34887.55675317607
2027,1,p30,Apache Junction Landfill,400939,Avalon Solar,AZ,1834.565552070661
2027,1,p30,Apache Junction Landfill,401479,Avalon Solar II,AZ,3261.887233995691
2027,1,p30,Apache Junction Landfill,400226,Avra Valley Solar,AZ,1167.0505150716715
2027,1,p30,Apache Junction Landfill,404704,Broadway 2 - Tucson Phase II,AZ,22386.85283407952
2027,1,p30,Apache Junction Landfill,405768,Broadway 3 - Tucson Phase I,AZ,33458.777204402824
2027,1,p30,Apache Junction Landfill,405269,Canyon Del Oro High School Solar,AZ,8127.88057498249
2027,1,p30,Apache Junction Landfill,400757,Cogenra-TEP,AZ,40990.097337459934
2027,1,p30,Apache Junction Landfill,401295,Davis Monthan AFB (AZ) West Airfield,AZ,5107.392548863577
2027,1,p30,Apache Junction Landfill,400330,FRB Solar Farm,AZ,21464.405432288306
2027,1,p30,Apache Junction Landfill,400761,"Gato Montes Solar, LLC",AZ,8209.457340489902
2027,1,p30,Apache Junction Landfill,404536,Iron Horse Battery Storage Hybrid,AZ,22762.354996582886
2027,1,p30,Apache Junction Landfill,400552,"Picture Rocks Solar, LLC",AZ,3793.024447919575
2027,1,p30,Apache Junction Landfill,405374,Pima Community College,AZ,39702.73813378364
2027,1,p30,Apache Junction Landfill,405303,Pima Community College - East Campus,AZ,48803.444743216394
2027,1,p30,Apache Junction Landfill,405516,Pima Community College NW,AZ,31160.932107553668
2027,1,p30,Apache Junction Landfill,400408,Prairie Fire,AZ,9040.522363092943
2027,1,p30,Apache Junction Landfill,400290,"RE Ajo 1, LLC",AZ,9665.046713073258
2027,1,p30,Apache Junction Landfill,404926,Raptor Ridge,AZ,3962.653517185696
2027,1,p30,Apache Junction Landfill,400857,Rio Rico Solar,AZ,15642.41322614899
2027,1,p30,Apache Junction Landfill,400193,Roger Road WWTP,AZ,37551.70788210964
2027,1,p30,Apache Junction Landfill,401076,Tech Park Solar,AZ,10081.537529320178
2027,1,p30,Apache Junction Landfill,400156,UASTP I,AZ,34237.935390498926
2027,1,p30,Apache Junction Landfill,401075,Valencia Solar,AZ,4872.999154801068
2027,1,p30,Apache Junction Landfill,404187,"Wilmot Energy Center, LLC",AZ,449.8582726642447
2027,1,p31,City of Clovis Landfill,400211,Alamogordo Solar Energy Center,NM,72664.65215377261
2027,1,p31,Northeastern New Mexico Regional Landfill,400206,Albuquerque Solar Energy Center,NM,135054.22005772652
2027,1,p31,Northeastern New Mexico Regional Landfill,403675,Alcalde Solar Array,NM,58418.336483795974
2027,1,p31,Apache Junction Landfill,401595,Alta Luna,NM,11123.503387518089
2027,1,p31,Northeastern New Mexico Regional Landfill,404724,Angel Fire Energy Facility,NM,5301.125341158727
2027,1,p31,Northeastern New Mexico Regional Landfill,405469,Arroyo Solar Energy Storage Hybrid,NM,903.7013557389442
2027,1,p31,Northeastern New Mexico Regional Landfill,403321,Bluewater CDEC 1,NM,115190.10042922349
2027,1,p31,Northeastern New Mexico Regional Landfill,403736,Britton Solar Energy Center,NM,2860.4493804593367
2027,1,p31,City of Clovis Landfill,404981,Buena Vista Energy Center,NM,2618.8856756795008
2027,1,p31,Northeastern New Mexico Regional Landfill,402876,CNMEC Solar Energy Center,NM,85821.08980565527
2027,1,p31,City of Clovis Landfill,402519,Carrizozo Solar,NM,84217.51351610498
2027,1,p31,Northeastern New Mexico Regional Landfill,401202,Cibola,NM,33016.723527751274
2027,1,p31,Northeastern New Mexico Regional Landfill,400104,Cimarron Solar Facility,NM,1096.2960130887561
2027,1,p31,Apache Junction Landfill,402988,City of Gallup Solar,NM,34885.09127348024
2027,1,p31,Northeastern New Mexico Regional Landfill,403604,City of Rio Rancho WWTP,NM,182032.65988323273
2027,1,p31,Apache Junction Landfill,401225,City of Truth or Consequences PV,NM,237744.20303929498
2027,1,p31,Apache Junction Landfill,402177,Columbus Solar Project,NM,170541.04377688444
2027,1,p31,Northeastern New Mexico Regional Landfill,404748,"Cuba 2.5ac, LLC",NM,65358.45439732215
2027,1,p31,Apache Junction Landfill,400209,Deming Solar Energy Center,NM,55922.523997278986
2027,1,p31,Northeastern New Mexico Regional Landfill,403868,Encino Solar Energy Center,NM,5214.106699454497
2027,1,p31,Northeastern New Mexico Regional Landfill,401038,Eubank Landfill Solar Array,NM,90951.55338738194
2027,1,p31,Northeastern New Mexico Regional Landfill,402441,Facebook 1 Solar Energy Center,NM,19014.425440621842
2027,1,p31,Northeastern New Mexico Regional Landfill,402442,Facebook 2 Solar Energy Center,NM,18299.501042978485
2027,1,p31,Northeastern New Mexico Regional Landfill,402443,Facebook 3 Solar Energy Center,NM,30501.76652019881
2027,1,p31,Northeastern New Mexico Regional Landfill,403322,Grants CDEC 2,NM,67490.53781614329
2027,1,p31,Apache Junction Landfill,400216,"Hatch Solar Energy Center I, LLC",NM,72328.11772411551
2027,1,p31,City of Clovis Landfill,401617,Holloman Solar Facility,NM,55828.711788948705
2027,1,p31,Northeastern New Mexico Regional Landfill,406109,"Jicarilla Solar 1, LLC",NM,3769.9236241694653
2027,1,p31,Northeastern New Mexico Regional Landfill,400427,Kit Carson,NM,103305.03269955699
2027,1,p31,Northeastern New Mexico Regional Landfill,400210,Las Vegas Solar Energy Center,NM,14034.28954397467
2027,1,p31,Northeastern New Mexico Regional Landfill,400434,Los Alamos PV Site,NM,132645.83587263816
2027,1,p31,Northeastern New Mexico Regional Landfill,400207,Los Lunas Solar Energy Center,NM,27075.058229586575
2027,1,p31,Apache Junction Landfill,400838,Macho Springs,NM,7466.8931160234515
2027,1,p31,Northeastern New Mexico Regional Landfill,400582,Manzano Solar,NM,39080.148048631076
2027,1,p31,Northeastern New Mexico Regional Landfill,401201,Meadow Lake Solar Energy Center,NM,27690.335100489712
2027,1,p31,Northeastern New Mexico Regional Landfill,406177,"NMRD Data Center III, LLC",NM,3437.798840028218
2027,1,p31,City of Clovis Landfill,405693,NMSU Solar and Storage,NM,135382.26003595957
2027,1,p31,Northeastern New Mexico Regional Landfill,406375,OE_ESCL,NM,1623.2187402934405
2027,1,p31,City of Clovis Landfill,400581,Otero Solar,NM,40362.60648655229
2027,1,p31,Northeastern New Mexico Regional Landfill,400146,Questa Solar Facility,NM,107544.09431955822
2027,1,p31,Northeastern New Mexico Regional Landfill,403178,"RC Energy AA, LLC Solar Facility",NM,177288.91726528254
2027,1,p31,Northeastern New Mexico Regional Landfill,401566,Rio Communities Solar Energy Center,NM,24580.81925521806
2027,1,p31,Northeastern New Mexico Regional Landfill,403084,Rio De Oro Solar Energy Center,NM,38515.22722822709
2027,1,p31,Northeastern New Mexico Regional Landfill,400624,Rio Rancho High School,NM,202429.90077008287
2027,1,p31,City of Clovis Landfill,400135,Roadrunner Solar,NM,17208.989758229887
2027,1,p31,Northeastern New Mexico Regional Landfill,404648,"Route 66 Energy Center, LLC",NM,5209.1933098343625
2027,1,p31,Northeastern New Mexico Regional Landfill,403387,San Miguel I Solar Energy Center,NM,5564.362643916321
2027,1,p31,Northeastern New Mexico Regional Landfill,405458,San Miguel II Solar Energy Center,NM,6917.844519944239
2027,1,p31,Northeastern New Mexico Regional Landfill,401161,Sandoval Solar Energy Center,NM,40000.155951199304
2027,1,p31,Northeastern New Mexico Regional Landfill,401564,Santa Fe Solar Energy Center,NM,14826.384817705642
2027,1,p31,Northeastern New Mexico Regional Landfill,401565,Santolina Solar Energy Center,NM,17701.488328305768
2027,1,p31,Apache Junction Landfill,400596,Silver City WWTP PV Project,NM,314468.3796004877
2027,1,p31,Northeastern New Mexico Regional Landfill,406343,Sky Ranch Solar,NM,1058.4906765062476
2027,1,p31,Northeastern New Mexico Regional Landfill,401563,South Valley Solar Energy Center,NM,25582.546597559864
2027,1,p31,Northeastern New Mexico Regional Landfill,401162,Springer Solar 1,NM,42596.63978647193
2027,1,p31,Northeastern New Mexico Regional Landfill,400735,Storrie Lake Solar Project,NM,36001.37359634143
2027,1,p31,Northeastern New Mexico Regional Landfill,400623,Sue Cleveland High School,NM,175876.55760323151
2027,1,p31,City of Clovis Landfill,400343,"SunE EPE1, LLC",NM,35000.63326560016
2027,1,p31,City of Clovis Landfill,400342,"SunE EPE2, LLC",NM,28067.64756845994
2027,1,p31,Northeastern New Mexico Regional Landfill,402854,Syncarpha Eagle Nest,NM,83100.20187920271
2027,1,p31,Northeastern New Mexico Regional Landfill,403412,Syncarpha El Rito,NM,86320.0552749128
2027,1,p31,Northeastern New Mexico Regional Landfill,403413,Syncarpha Questa,NM,80911.61982979598
2027,1,p31,Northeastern New Mexico Regional Landfill,403411,Syncarpha Taos,NM,34317.04837832327
2027,1,p31,Northeastern New Mexico Regional Landfill,404618,Taos Mesa Energy Facility Hybrid,NM,5589.168441694594
2027,1,p31,Northeastern New Mexico Regional Landfill,403011,Vista Solar Energy Center,NM,18825.3835615168
2027,1,p31,City of Clovis Landfill,400354,WSMR I,NM,109583.53840280882
2027,1,p31,Apache Junction Landfill,405245,Wal-Mart Truth or Consequences PV,NM,354390.0553228309
2027,1,p47,City of Clovis Landfill,400979,"Caprock Solar 1, LLC",NM,3530.2493115793345
2027,1,p47,City of Clovis Landfill,404980,Chaves County Solar II,NM,4109.437689969292
2027,1,p47,City of Clovis Landfill,401681,"Chaves Solar, LLC",NM,1765.5220539331378
2027,1,p47,City of Clovis Landfill,400614,GSE NM1,NM,100979.24479495568
2027,1,p47,City of Clovis Landfill,404982,Hayhurst New Mexico Solar,NM,11844.603422880717
2027,1,p47,City of Clovis Landfill,402530,Middle Daisy,NM,35050.81181390169
2027,1,p47,City of Clovis Landfill,401682,"Roswell Solar, LLC",NM,1771.1585306800996
2027,1,p47,City of Clovis Landfill,400546,SEV NM Phase 2,NM,118910.07949511458
2027,1,p47,City of Clovis Landfill,400260,SPS1 Dollarhide,NM,32905.38068322102
2027,1,p47,City of Clovis Landfill,400261,SPS2 Jal,NM,32089.442339205205
2027,1,p47,City of Clovis Landfill,400262,SPS3 Lea,NM,18305.480495130705
2027,1,p47,City of Clovis Landfill,400264,SPS5 Hopi,NM,21650.647386862624
2027,1,p47,City of Clovis Landfill,404698,SoCore Clovis 1,NM,3963.9262642934964
2027,1,p48,City of Clovis Landfill,406439,"BESSP1, LLC",TX,482534.47057179664
2027,1,p48,City of Clovis Landfill,405590,"Hecate Energy Frye Solar, LLC",TX,1032.034615846217
2027,1,p57,Victoria Landfill,404918,"Hecate Energy Upshur Rural, LLC",TX,24732.41646651239
2027,1,p59,City of Clovis Landfill,402666,Fort Bliss (DEA EPIC),TX,50721.57045136395
2027,1,p59,City of Clovis Landfill,401616,Montana Solar Facility,TX,33026.186398313075
2027,1,p59,City of Clovis Landfill,401045,Newman Solar,TX,7675.192478758352
2027,1,p60,City of Clovis Landfill,403962,"ANSON Solar Center, LLC",TX,922.1414385223289
2027,1,p60,City of Clovis Landfill,403883,Azure Sky Solar,TX,994.1627347604814
2027,1,p60,City of Clovis Landfill,403232,"ENGIE Long Draw Solar, LLC",TX,432.2210008201993
2027,1,p60,City of Clovis Landfill,406252,Highpeak Solar 1,TX,9964.809794640063
2027,1,p60,City of Clovis Landfill,402721,Holstein 1 Solar Farm,TX,1358.9664596294378
2027,1,p60,City of Clovis Landfill,405492,Juno Solar Project,TX,360.39493091181436
2027,1,p60,City of Clovis Landfill,402541,Lamesa II,TX,2682.9527071948246
2027,1,p60,City of Clovis Landfill,401660,Lamesa Solar,TX,986.4250573612314
2027,1,p60,City of Clovis Landfill,405932,Lumina II Solar Project,TX,359.177410293525
2027,1,p60,City of Clovis Landfill,405933,Lumina Solar Project,TX,378.14586055889805
2027,1,p60,City of Clovis Landfill,402909,Misae Solar,TX,541.0230264080526
2027,1,p60,City of Clovis Landfill,400968,"OCI Alamo 7, LLC",TX,2080.4974995948087
2027,1,p60,City of Clovis Landfill,405939,Texas Solar Nova 1,TX,495.86980385204345
2027,1,p61,City of Clovis Landfill,400967,Alamo 6,TX,828.7375720377814
2027,1,p61,City of Clovis Landfill,403557,Aragorn Solar Project,TX,478.4701993720055
2027,1,p61,City of Clovis Landfill,400691,Barilla Solar,TX,3347.0692224040363
2027,1,p61,City of Clovis Landfill,401946,Bluebell Solar,TX,4939.5067684108035
2027,1,p61,City of Clovis Landfill,403574,Bluebell Solar II,TX,1080.7932742092328
2027,1,p61,City of Clovis Landfill,400554,"Bryan Solar, LLC",TX,18898.40411938916
2027,1,p61,City of Clovis Landfill,401463,Buckthorn Westex,TX,1263.3848474713516
2027,1,p61,City of Clovis Landfill,401703,East Pecos Solar,TX,1130.6978112874979
2027,1,p61,Victoria Landfill,405363,Galloway 1 Solar Farm,TX,925.5046960125629
2027,1,p61,Victoria Landfill,405494,Galloway 2 Solar Farm,TX,943.6045793027953
2027,1,p61,City of Clovis Landfill,403210,Greasewood,TX,458.46649916290045
2027,1,p61,City of Clovis Landfill,406370,Hayhurst Texas Solar,TX,2797.8039393767554
2027,1,p61,City of Clovis Landfill,402304,Midway Solar-TX,TX,571.1350755382601
2027,1,p61,Victoria Landfill,400695,"OCI Alamo 4, LLC",TX,4602.033371743361
2027,1,p61,City of Clovis Landfill,401868,Pearl Solar,TX,2683.5320144273696
2027,1,p61,City of Clovis Landfill,402290,RE Maplewood,TX,421.2773234604032
2027,1,p61,City of Clovis Landfill,401430,RE Roserock,TX,855.9282934178932
2027,1,p61,City of Clovis Landfill,402848,Rambler,TX,607.3722903316714
2027,1,p61,City of Clovis Landfill,402083,Solaire Holman Solar Project,TX,2295.32756451578
2027,1,p61,City of Clovis Landfill,403023,"Taygete Energy Project, LLC",TX,501.8175550020126
2027,1,p61,City of Clovis Landfill,404647,Taygete II Energy Project,TX,541.5423576346435
2027,1,p61,City of Clovis Landfill,403551,Titan Solar Project,TX,341.65135862353503
2027,1,p61,Victoria Landfill,406103,Zier Solar,TX,642.7407709593172
2027,1,p62,City of Clovis Landfill,403502,2W Permian Solar Project Hybrid,TX,284.39390484039257
2027,1,p62,City of Clovis Landfill,403697,CED Crane Solar,TX,645.3003941092935
2027,1,p62,City of Clovis Landfill,401525,Castle Gap Solar Hybrid,TX,727.8459722790816
2027,1,p62,City of Clovis Landfill,404599,Emerald Grove,TX,842.4181361563802
2027,1,p62,City of Clovis Landfill,403004,Lapetus,TX,684.816564273801
2027,1,p62,City of Clovis Landfill,403280,Oberon IA,TX,735.9001080076671
2027,1,p62,City of Clovis Landfill,403279,Oberon IB,TX,2726.0535039028823
2027,1,p62,City of Clovis Landfill,403602,Oxy Renewable Energy-Goldsmith,TX,3848.9353186580047
2027,1,p62,City of Clovis Landfill,402679,Phoebe Solar,TX,366.9114707962707
2027,1,p62,City of Clovis Landfill,403177,Prospero Solar,TX,292.07678903907987
2027,1,p62,City of Clovis Landfill,404128,Prospero Solar II,TX,271.24801387690076
2027,1,p62,City of Clovis Landfill,403070,"Roadrunner, LLC",TX,562.3533330635345
2027,1,p62,City of Clovis Landfill,401805,Upton County Solar,TX,995.4089567827812
2027,1,p62,City of Clovis Landfill,402995,West of the Pecos Solar,TX,1031.2085877210532
2027,1,p63,Victoria Landfill,405599,"BPL Crown Solar, LLC",TX,1966.3123349896096
2027,1,p63,Victoria Landfill,404966,BPL Files Solar,TX,1667.6862826215943
2027,1,p63,Victoria Landfill,403825,Briar Creek Solar 1,TX,1988.8579739009124
2027,1,p63,Victoria Landfill,402610,Chisum,TX,29583.942407165123
2027,1,p63,Victoria Landfill,401697,CoServ Community Solar Station,TX,662300.4365666244
2027,1,p63,Victoria Landfill,403188,Coniglio Solar,TX,3782.378032597333
2027,1,p63,Victoria Landfill,406415,Dileo Solar,TX,3233.901333682935
2027,1,p63,Victoria Landfill,402655,Eddy II,TX,18994.51351410445
2027,1,p63,Victoria Landfill,406221,Eiffel Solar Project,TX,1415.4313978523542
2027,1,p63,Victoria Landfill,405540,"Ellis Solar, LLC",TX,4610.608048304879
2027,1,p63,Victoria Landfill,403823,Elm Branch Solar 1,TX,1963.160237928819
2027,1,p63,Victoria Landfill,406206,Five Wells Solar Center - Hybrid,TX,692.8576187324826
2027,1,p63,Victoria Landfill,404567,G.S.E. One LLC,TX,4293.520658376976
2027,1,p63,Victoria Landfill,403288,Griffin Solar,TX,40340.55659663894
2027,1,p63,Victoria Landfill,406202,Grizzly Ridge Solar,TX,2407.625361223355
2027,1,p63,Victoria Landfill,405319,IKEA Grand Prairie Rooftop PV System,TX,275493.39648284315
2027,1,p63,Victoria Landfill,405689,"IP Radian, LLC",TX,848.8840422841
2027,1,p63,Victoria Landfill,403481,Impact Solar 1,TX,1847.53454777005
2027,1,p63,Victoria Landfill,403190,Kellam Solar,TX,4272.306190273792
2027,1,p63,Victoria Landfill,402421,Leon Solar,TX,37297.13893002901
2027,1,p63,Victoria Landfill,403874,Lily Solar Hybrid,TX,1969.6899604808336
2027,1,p63,Victoria Landfill,402404,Marlin Solar,TX,35430.799837450795
2027,1,p63,Victoria Landfill,405794,Noble Solar,TX,1452.0841926040168
2027,1,p63,Victoria Landfill,401933,Phantom Solar,TX,12059.819368090622
2027,1,p63,Victoria Landfill,404872,"Pisgah Ridge Solar, LLC",TX,1297.800917041666
2027,1,p63,Victoria Landfill,406416,Pitts Dudik Solar,TX,4722.280790811913
2027,1,p63,Victoria Landfill,403189,Rippey Solar,TX,5290.626374032471
2027,1,p63,Victoria Landfill,404630,"Samson Solar Energy III, LLC",TX,1694.2122919425408
2027,1,p63,Victoria Landfill,402652,Sterling Solar (TX),TX,87174.7004678678
2027,1,p63,Victoria Landfill,404812,Sun Valley Solar Project,TX,974.3404804031976
2027,1,p63,Victoria Landfill,404388,"TPE Erath Solar, LLC",TX,21941.565770650344
2027,1,p63,Victoria Landfill,403457,"TPE Whitney Solar, LLC",TX,28591.91561345338
2027,1,p63,Victoria Landfill,405907,Verizon Hidden Ridge Solar Project,TX,835126.8777420644
2027,1,p63,Victoria Landfill,405984,Waco Solar,TX,682.409430311574
2027,1,p63,Victoria Landfill,402306,Walnut Springs Solar,TX,57367.6462665074
2027,1,p63,Victoria Landfill,402414,Whitewright Solar,TX,31107.777587431545
2027,1,p63,Victoria Landfill,402654,Yellow Jacket,TX,42535.14043609128
2027,1,p64,Victoria Landfill,405731,Austin TX GigaFactory,TX,28717.987978637895
2027,1,p64,Victoria Landfill,402203,Bandera Electric Coop PV,TX,53411.90633306308
2027,1,p64,Victoria Landfill,404721,"Blue Jay Solar I, LLC",TX,439.260981550951
2027,1,p64,Victoria Landfill,402648,Bovine,TX,3591.07558626163
2027,1,p64,Victoria Landfill,402389,"E-Volve Energy Holdings, LLC",TX,45991.251664711664
2027,1,p64,Victoria Landfill,400227,East Blackland Solar Project 1,TX,524.5140745014234
2027,1,p64,Victoria Landfill,405101,IKEA Round Rock 027,TX,47003.125638845166
2027,1,p64,Victoria Landfill,402653,Lampwick,TX,20971.623843464906
2027,1,p64,Victoria Landfill,405613,Niagara Bottling - Seguin,TX,8821.668599022829
2027,1,p64,Victoria Landfill,402544,PowerFin Kingsbery,TX,19692.07040113404
2027,1,p64,Victoria Landfill,400249,Webberville Solar Project,TX,2375.1590870324744
2027,1,p65,Victoria Landfill,405700,Aktina Solar,TX,1438.1248361124356
2027,1,p65,Victoria Landfill,404074,"Alexis Solar, LLC",TX,154711.3313802727
2027,1,p65,Victoria Landfill,405727,Bernard Creek Solar,TX,3864.6360113061464
2027,1,p65,Victoria Landfill,400081,Blue Wing Solar Energy Generation,TX,70880.00423024005
2027,1,p65,Victoria Landfill,405477,Brightside,TX,16480.93255541342
2027,1,p65,Victoria Landfill,401728,CPS 1 Community Solar,TX,1014267.5307651351
2027,1,p65,Victoria Landfill,402656,Cascade Solar (TX),TX,62976.34542935361
2027,1,p65,Victoria Landfill,403987,Catan Solar,TX,48901.72673843111
2027,1,p65,Victoria Landfill,403091,Commerce Solar,TX,227282.92661168167
2027,1,p65,Victoria Landfill,404247,"Corazon Energy, LLC",TX,7893.527513025249
2027,1,p65,Victoria Landfill,404062,Elara Solar,TX,10466.805706624553
2027,1,p65,Victoria Landfill,404359,FELPS 1-Calaveras,TX,1255008.5661293785
2027,1,p65,Victoria Landfill,404361,FELPS 2-Calaveras,TX,1098947.7227425447
2027,1,p65,Victoria Landfill,404362,FELPS 3-Floresville South,TX,775201.8918008696
2027,1,p65,Victoria Landfill,404363,FELPS 4-Floresville South,TX,775317.7746317305
2027,1,p65,Victoria Landfill,404364,FELPS 5-Floresville South,TX,775522.3700093273
2027,1,p65,Victoria Landfill,404739,FELPS 6- Floresville West,TX,1030544.3745161021
2027,1,p65,Victoria Landfill,404740,FELPS 7- Floresville West,TX,1030386.7612966226
2027,1,p65,Victoria Landfill,406516,Ganado Solar,TX,2479.6354705584613
2027,1,p65,Victoria Landfill,405801,Horizon Solar,TX,11123.095527917825
2027,1,p65,Victoria Landfill,405380,IKEA Live Oak Rooftop PV System,TX,679436.7727887506
2027,1,p65,Victoria Landfill,403343,Mars Solar,TX,206677.85236249687
2027,1,p65,Victoria Landfill,404877,Nebula Solar,TX,17218.882159320176
2027,1,p65,Victoria Landfill,400694,"OCI Alamo 2, LLC",TX,284459.6438076713
2027,1,p65,Victoria Landfill,400965,"OCI Alamo 3, LLC",TX,179633.9146154536
2027,1,p65,Victoria Landfill,400966,"OCI Alamo 5, LLC",TX,20040.800298965176
2027,1,p65,Victoria Landfill,400593,OCI Alamo Solar I Hybrid,TX,30734.713142259723
2027,1,p65,Victoria Landfill,405809,Shakes Solar,TX,16999.79105500279
2027,1,p65,Victoria Landfill,405545,Sparta Solar,TX,3702.4098179430566
2027,1,p65,Victoria Landfill,400379,"SunE CPS1, LLC",TX,123274.21896461055
2027,1,p65,Victoria Landfill,400364,"SunE CPS2, LLC",TX,123807.3394755808
2027,1,p65,Victoria Landfill,400353,"SunE CPS3, LLC",TX,150238.09401798705
2027,1,p65,Victoria Landfill,406032,Tres Bahias,TX,2141.4156170015526
2027,1,p65,Victoria Landfill,404878,Vancourt Solar Interconnections,TX,40975.31961389956
2027,1,p66,Victoria Landfill,406386,Umbriel Solar,TX,4762.626756912436
2027,1,p67,Victoria Landfill,404939,Brazoria County Solar Project (Danciger),TX,581.2814140504689
2027,1,p67,Victoria Landfill,404681,Brazoria West,TX,916.2742858781438
2027,1,p67,Victoria Landfill,402649,Bronson,TX,10026.33148058236
2027,1,p67,Victoria Landfill,406178,"Cutlass Solar 1, LLC",TX,1016.0909636272415
2027,1,p67,Victoria Landfill,404587,Fighting Jays Solar Project,TX,513.042496699159
2027,1,p67,Victoria Landfill,405564,"Fort Bend Solar, LLC",TX,581.5186964775642
2027,1,p67,Victoria Landfill,404853,"Longbow Solar, LLC",TX,2335.101547688525
2027,1,p67,Victoria Landfill,403514,Wagyu,TX,1020.833907724878
2027,2,p12,Apex Regional Landfill,402144,Battle Mountain Solar Project,NV,1298.480683163408
2027,2,p12,Apex Regional Landfill,405553,Dodge Flat,NV,1951.3174318477547
2027,2,p12,Apex Regional Landfill,402609,"EGP Stillwater Solar PV II, LLC",NV,4318.084879565779
2027,2,p12,Apex Regional Landfill,404659,Fish Springs,NV,1484.4062943819872
2027,2,p12,Apex Regional Landfill,401086,Ft. Churchill PV,NV,12732.708543099754
2027,2,p12,Apex Regional Landfill,402130,Luning Energy,NV,1126.1402619771322
2027,2,p12,Apex Regional Landfill,403107,NVSS-II,NV,843.2317300408716
2027,2,p12,Apex Regional Landfill,400468,"Patua Acquisition Project, LLC",NV,8647.058292209129
2027,2,p12,Apex Regional Landfill,405023,Steamboat II,NV,139614.2237672764
2027,2,p12,Apex Regional Landfill,400029,Stillwater Facility,NV,4527.882746766938
2027,2,p12,Apex Regional Landfill,401318,Sunshine Valley Solar,NV,283.22045623662996
2027,2,p12,Apex Regional Landfill,405026,TS Power Plant,NV,877.9357380440684
2027,2,p12,Apex Regional Landfill,401943,Tungsten Mountain,NV,29156.14962051683
2027,2,p12,Apex Regional Landfill,403308,Turquoise Liberty Solar,NV,12838.57614522806
2027,2,p12,Apex Regional Landfill,403884,"Turquoise Nevada, LLC",NV,2864.3442589116657
2027,2,p12,Apex Regional Landfill,400035,Western 102 Power Plant,NV,382222.52765835385
2027,2,p13,Apex Regional Landfill,400555,Apex Solar PV Power Project,NV,997.57173795835
2027,2,p13,Apex Regional Landfill,405385,Arrow Canyon Solar Hybrid,NV,369.2409252223825
2027,2,p13,Apex Regional Landfill,402017,"Boulder Solar II, LLC",NV,333.3329962168337
2027,2,p13,Apex Regional Landfill,401649,"Boulder Solar Power, LLC",NV,191.19838652768388
2027,2,p13,Apex Regional Landfill,400059,CM10,NV,2051.653908489242
2027,2,p13,Apex Regional Landfill,400086,CM48,NV,725.7630383156452
2027,2,p13,Apex Regional Landfill,400363,Copper Mountain Solar 2,NV,179.08823396659557
2027,2,p13,Apex Regional Landfill,400802,Copper Mountain Solar 3,NV,97.70794525948556
2027,2,p13,Apex Regional Landfill,401308,"Copper Mountain Solar 4, LLC",NV,221.19691310530837
2027,2,p13,Apex Regional Landfill,403688,"Copper Mountain Solar 5, LLC",NV,123.80207701539878
2027,2,p13,Apex Regional Landfill,405358,Dignity - San Martin,NV,5061.60948861087
2027,2,p13,Apex Regional Landfill,405355,Dignity - Siena Campus,NV,6389.857270769168
2027,2,p13,Apex Regional Landfill,405556,Dry Lake Solar Energy Center,NV,182.85571045834303
2027,2,p13,Apex Regional Landfill,405495,Gemini Solar,NV,121.5488165142606
2027,2,p13,Apex Regional Landfill,403386,"Harry Allen Solar Energy, LLC",NV,182.47888181018064
2027,2,p13,Apex Regional Landfill,406090,IGS LAS1,NV,10089.580792486324
2027,2,p13,Apex Regional Landfill,406089,IGS VGT,NV,5642.760179755389
2027,2,p13,Apex Regional Landfill,405309,IKEA Las Vegas 462,NV,6905.393487303567
2027,2,p13,Apex Regional Landfill,400545,Las Vegas WPCF Solar Plant,NV,1190.8668894029167
2027,2,p13,Apex Regional Landfill,400313,Moapa Southern Paiute,NV,129.62243876651846
2027,2,p13,Apex Regional Landfill,400600,Mountain View Solar,NV,995.944181958517
2027,2,p13,Apex Regional Landfill,400036,Nellis Air Force Base Solar Array,NV,507.25848066785915
2027,2,p13,Apex Regional Landfill,401381,Nellis Solar PV II,NV,257.27902756117567
2027,2,p13,Apex Regional Landfill,401319,"Playa Solar 1, LLC",NV,210.9000875865205
2027,2,p13,Apex Regional Landfill,401596,Playa Solar 2,NV,178.96226941010033
2027,2,p13,Apex Regional Landfill,401274,River Mountains Solar,NV,670.3230352102507
2027,2,p13,Mohave Valley Landfill,401042,Searchlight Solar,NV,1814.640180424191
2027,2,p13,Apex Regional Landfill,400166,Silver State Solar Power North,NV,706.5355104766951
2027,2,p13,Apex Regional Landfill,400658,Silver State Solar Power South,NV,188.51997010644823
2027,2,p13,Apex Regional Landfill,405246,"Solar Las Vegas MB 2, LLC",NV,2980.7681549906424
2027,2,p13,Apex Regional Landfill,405188,Solar Las Vegas MB-1,NV,956.923368901673
2027,2,p13,Apex Regional Landfill,400556,Spectrum Solar PV Power Project,NV,343.56960394823415
2027,2,p13,Apex Regional Landfill,402485,"Techren Solar I, LLC",NV,185.81197144045078
2027,2,p13,Apex Regional Landfill,402690,"Techren Solar II, LLC",NV,115.19530222581737
2027,2,p13,Apex Regional Landfill,402691,"Techren Solar III, LLC",NV,841.0235977881059
2027,2,p13,Apex Regional Landfill,402692,"Techren Solar IV, LLC",NV,675.7788335476155
2027,2,p13,Apex Regional Landfill,403001,Techren Solar V,NV,297.75229533258187
2027,2,p13,Apex Regional Landfill,401851,Townsite Solar Project Hybrid,NV,130.740765754014
2027,2,p13,Apex Regional Landfill,406448,Yellow Pine II,NV,456.1417719038083
2027,2,p13,Apex Regional Landfill,404971,Yellow Pine Solar,NV,472.88701792329255
2027,2,p27,Mohave Valley Landfill,400374,"Black Mountain Solar, LLC",AZ,449.06844418802194
2027,2,p27,Mohave Valley Landfill,402236,Gray Hawk Solar,AZ,205.34728280650515
2027,2,p27,Mohave Valley Landfill,401819,Jacobson 5 MW Solar,AZ,1676.0760067461626
2027,2,p27,Mohave Valley Landfill,400199,La Senita,AZ,5503.529293498024
2027,2,p27,Mohave Valley Landfill,403718,Mohave Electric Cooperative at Joy Lane,AZ,98.59167859298739
2027,2,p27,Mohave Valley Landfill,401311,Mohave Electric at Fort Mohave,AZ,165.26362836517976
2027,2,p27,Mohave Valley Landfill,406478,Mohave Energy - Hybrid,AZ,66.78793669666527
2027,2,p28,Apache Junction Landfill,405418,AZ State University - Tempe Campus Solar,AZ,5851.9690575140185
2027,2,p28,South Yuma County Landfill,400148,Agua Caliente Solar Project,AZ,198.7191701849778
2027,2,p28,Apache Junction Landfill,402067,Apache Solar 1,AZ,4393.4293831757905
2027,2,p28,South Yuma County Landfill,400274,Arizona Western College PV,AZ,1281.6419807207674
2027,2,p28,Apache Junction Landfill,400240,Arlington Valley Solar Energy II,AZ,433.66974378292895
2027,2,p28,Apache Junction Landfill,400437,Badger 1,AZ,3803.8698375972563
2027,2,p28,Apache Junction Landfill,401688,Bonnybrooke PV,AZ,408.6816425786842
2027,2,p28,Apache Junction Landfill,400371,Buckeye Union HS District 201,AZ,12190.353554299265
2027,2,p28,Apache Junction Landfill,405635,"Central Line Solar, LLC",AZ,358.09290944537037
2027,2,p28,Apache Junction Landfill,400201,Chino Solar Valley,AZ,4251.050800328443
2027,2,p28,Apache Junction Landfill,400202,Cotton Center Solar Hybrid,AZ,2477.877544124457
2027,2,p28,Apache Junction Landfill,401069,Desert Star Hybrid,AZ,4027.06030735449
2027,2,p28,Apache Junction Landfill,403257,East Line Solar,AZ,286.1814933378909
2027,2,p28,Apache Junction Landfill,406171,Eleven Mile Solar Center,AZ,132.57748319966072
2027,2,p28,Apache Junction Landfill,405244,Estrella Mountain PV,AZ,15908.962454194483
2027,2,p28,South Yuma County Landfill,400349,Foothills Solar Plant Hybrid,AZ,272.10243916473695
2027,2,p28,Apache Junction Landfill,400825,Fort Huachuca Solar PV Project,AZ,5431.7492227610555
2027,2,p28,Apache Junction Landfill,400845,Gila Bend Hybrid,AZ,1601.2504483515725
2027,2,p28,Apache Junction Landfill,400599,"Gilbert Solar Facility I, LLC",AZ,3810.959828576545
2027,2,p28,South Yuma County Landfill,400507,Hyder II Hybrid,AZ,3428.3631802477257
2027,2,p28,South Yuma County Landfill,400204,Hyder Solar Hybrid,AZ,3775.1282431218015
2027,2,p28,Apache Junction Landfill,405282,Intel - Ocotillo Campus Solar,AZ,3517.1532325130133
2027,2,p28,Apache Junction Landfill,405125,Jewish Community Center PV,AZ,19016.34903499071
2027,2,p28,Apache Junction Landfill,402234,Kayenta Solar Project,AZ,3015.320965082545
2027,2,p28,Apache Junction Landfill,400595,Lake Pleasant WTP,AZ,5181.957724551491
2027,2,p28,Apache Junction Landfill,400128,Luke Solar,AZ,3877.3027318258855
2027,2,p28,Apache Junction Landfill,405068,Macys Goodyear,AZ,14100.018602827176
2027,2,p28,South Yuma County Landfill,406279,McFarland A Solar and Storage,AZ,272.9751105370408
2027,2,p28,Apache Junction Landfill,405617,Mesa Carport PV,AZ,746.1249789757079
2027,2,p28,Apache Junction Landfill,404512,Mesa Solar Array,AZ,860.6781745984864
2027,2,p28,Apache Junction Landfill,400250,Mesquite Solar 1,AZ,750.4996906747098
2027,2,p28,Apache Junction Landfill,401621,"Mesquite Solar 2, LLC",AZ,641.792766711381
2027,2,p28,Apache Junction Landfill,401622,"Mesquite Solar 3, LLC",AZ,443.6203870746106
2027,2,p28,Apache Junction Landfill,406038,"Mesquite Solar 4, LLC",AZ,958.043667712785
2027,2,p28,Apache Junction Landfill,404922,"Mesquite Solar 5, LLC",AZ,929.1179103951946
2027,2,p28,Mohave Valley Landfill,403572,OE_AZ1,AZ,2312.0909668776117
2027,2,p28,Apache Junction Landfill,400203,Paloma Solar Hybrid,AZ,3421.260195543056
2027,2,p28,Apache Junction Landfill,405126,Paradise Valley H.S. PV,AZ,18996.831317034797
2027,2,p28,Apache Junction Landfill,405150,Phoenix Airport East Economy Lot,AZ,18024.39978556657
2027,2,p28,Apache Junction Landfill,405151,Phoenix Airport Rental Car Center,AZ,28002.687744964474
2027,2,p28,Apache Junction Landfill,402528,Pinal Central Energy Center Hybrid,AZ,1173.6088381847233
2027,2,p28,Apache Junction Landfill,400125,"Poseidon Solar, LLC",AZ,532.8482852759624
2027,2,p28,Apache Junction Landfill,400031,Prescott Airport,AZ,41251.36374547747
2027,2,p28,Apache Junction Landfill,400401,Prescott Solar Plant,AZ,7526.525282423317
2027,2,p28,Apache Junction Landfill,400323,Queen Creek Solar Farm,AZ,337.0743386389021
2027,2,p28,Mohave Valley Landfill,400289,"RE Bagdad Solar I, LLC",AZ,3643.965226500239
2027,2,p28,Apache Junction Landfill,405132,"RE Gillespie 1, LLC",AZ,2761.938942893109
2027,2,p28,Apache Junction Landfill,400758,Red Horse 2,AZ,1247.6694630052052
2027,2,p28,Apache Junction Landfill,401609,Red Horse III,AZ,2241.6589763759766
2027,2,p28,Apache Junction Landfill,401726,Red Rock,AZ,1009.4020243984114
2027,2,p28,Apache Junction Landfill,406380,SR McNeal,AZ,4955.946388866506
2027,2,p28,Apache Junction Landfill,400416,Saddle Mountain Solar I,AZ,4795.064914077396
2027,2,p28,Apache Junction Landfill,403674,Saint Solar,AZ,349.00441963805275
2027,2,p28,Apache Junction Landfill,401214,Sandstone Solar,AZ,481.4828539233411
2027,2,p28,Apache Junction Landfill,405029,Solana Generating Station,AZ,316.73605673909685
2027,2,p28,Apache Junction Landfill,406275,Sonoran Solar Energy,AZ,136.0370981587454
2027,2,p28,Apache Junction Landfill,406034,Storey Solar and Storage,AZ,225.41479291766734
2027,2,p28,Apache Junction Landfill,401664,Sulphur Springs,AZ,3825.5348599279037
2027,2,p28,Apache Junction Landfill,403643,Sun Streams 2,AZ,469.0850625267847
2027,2,p28,Apache Junction Landfill,406517,Sun Streams 3,AZ,272.97983823103925
2027,2,p28,Apache Junction Landfill,401975,"Sun Streams, LLC",AZ,615.8576938609227
2027,2,p28,Apache Junction Landfill,405311,T0588 Phoenix - AZ,AZ,19888.748491907492
2027,2,p28,Apache Junction Landfill,405134,Union HS at Casa Grande,AZ,23980.26642939271
2027,2,p28,Apache Junction Landfill,405135,Vista Grande HS at Casa Grande,AZ,24591.09112418288
2027,2,p28,Apache Junction Landfill,400334,Walmart Casa Grande,AZ,12371.70378584052
2027,2,p28,Apache Junction Landfill,406098,"West Line Solar, LLC",AZ,361.65691802263416
2027,2,p29,Apache Junction Landfill,400014,Springerville,AZ,6162.815391119019
2027,2,p30,Apache Junction Landfill,405143,Actus Lend Lease DMAFB,AZ,10844.69996800191
2027,2,p30,Apache Junction Landfill,405611,Amazon TUS2,AZ,18867.53047752313
2027,2,p30,Apache Junction Landfill,405268,Amphitheater High School Solar,AZ,29907.080865616266
2027,2,p30,Apache Junction Landfill,400939,Avalon Solar,AZ,1578.936783975943
2027,2,p30,Apache Junction Landfill,401479,Avalon Solar II,AZ,2802.2261985530163
2027,2,p30,Apache Junction Landfill,400226,Avra Valley Solar,AZ,1246.977553541639
2027,2,p30,Apache Junction Landfill,404704,Broadway 2 - Tucson Phase II,AZ,13722.744207370846
2027,2,p30,Apache Junction Landfill,405768,Broadway 3 - Tucson Phase I,AZ,28682.54198281778
2027,2,p30,Apache Junction Landfill,405269,Canyon Del Oro High School Solar,AZ,6280.003245387921
2027,2,p30,Apache Junction Landfill,400757,Cogenra-TEP,AZ,35137.27766940415
2027,2,p30,Apache Junction Landfill,401295,Davis Monthan AFB (AZ) West Airfield,AZ,2938.0462614987655
2027,2,p30,Apache Junction Landfill,400330,FRB Solar Farm,AZ,18402.737360540315
2027,2,p30,Apache Junction Landfill,400761,"Gato Montes Solar, LLC",AZ,7819.914586389484
2027,2,p30,Apache Junction Landfill,404536,Iron Horse Battery Storage Hybrid,AZ,21948.754481074368
2027,2,p30,Apache Junction Landfill,400552,"Picture Rocks Solar, LLC",AZ,3257.4386007108465
2027,2,p30,Apache Junction Landfill,405374,Pima Community College,AZ,51027.76663047705
2027,2,p30,Apache Junction Landfill,405303,Pima Community College - East Campus,AZ,31386.868376524533
2027,2,p30,Apache Junction Landfill,405516,Pima Community College NW,AZ,21379.794141516886
2027,2,p30,Apache Junction Landfill,400408,Prairie Fire,AZ,7754.819067873131
2027,2,p30,Apache Junction Landfill,400290,"RE Ajo 1, LLC",AZ,8290.06913529043
2027,2,p30,Apache Junction Landfill,404926,Raptor Ridge,AZ,3402.819594684079
2027,2,p30,Apache Junction Landfill,400857,Rio Rico Solar,AZ,13412.985206061006
2027,2,p30,Apache Junction Landfill,400193,Roger Road WWTP,AZ,32190.39787545988
2027,2,p30,Apache Junction Landfill,401076,Tech Park Solar,AZ,8647.023571865848
2027,2,p30,Apache Junction Landfill,400156,UASTP I,AZ,32606.324046958583
2027,2,p30,Apache Junction Landfill,401075,Valencia Solar,AZ,4700.12552729367
2027,2,p30,Apache Junction Landfill,404187,"Wilmot Energy Center, LLC",AZ,392.17014360575837
2027,2,p31,City of Clovis Landfill,400211,Alamogordo Solar Energy Center,NM,41153.24245557707
2027,2,p31,Northeastern New Mexico Regional Landfill,400206,Albuquerque Solar Energy Center,NM,72847.5394223608
2027,2,p31,Northeastern New Mexico Regional Landfill,403675,Alcalde Solar Array,NM,41358.64681772539
2027,2,p31,Apache Junction Landfill,401595,Alta Luna,NM,9006.822653804918
2027,2,p31,Northeastern New Mexico Regional Landfill,404724,Angel Fire Energy Facility,NM,4294.754016194269
2027,2,p31,Northeastern New Mexico Regional Landfill,405469,Arroyo Solar Energy Storage Hybrid,NM,737.6089169023206
2027,2,p31,Northeastern New Mexico Regional Landfill,403321,Bluewater CDEC 1,NM,93185.66617221416
2027,2,p31,Northeastern New Mexico Regional Landfill,403736,Britton Solar Energy Center,NM,2320.4530251260344
2027,2,p31,City of Clovis Landfill,404981,Buena Vista Energy Center,NM,2121.779320322613
2027,2,p31,Northeastern New Mexico Regional Landfill,402876,CNMEC Solar Energy Center,NM,78102.87904178568
2027,2,p31,City of Clovis Landfill,402519,Carrizozo Solar,NM,77858.30148649999
2027,2,p31,Northeastern New Mexico Regional Landfill,401202,Cibola,NM,30525.741532164833
2027,2,p31,Northeastern New Mexico Regional Landfill,400104,Cimarron Solar Facility,NM,893.401750118583
2027,2,p31,Apache Junction Landfill,402988,City of Gallup Solar,NM,31359.23706421739
2027,2,p31,Northeastern New Mexico Regional Landfill,403604,City of Rio Rancho WWTP,NM,168287.25424137714
2027,2,p31,Apache Junction Landfill,401225,City of Truth or Consequences PV,NM,192323.85413342417
2027,2,p31,Apache Junction Landfill,402177,Columbus Solar Project,NM,137962.16660458336
2027,2,p31,Northeastern New Mexico Regional Landfill,404748,"Cuba 2.5ac, LLC",NM,52876.06763003316
2027,2,p31,Apache Junction Landfill,400209,Deming Solar Energy Center,NM,27165.789834634124
2027,2,p31,Northeastern New Mexico Regional Landfill,403868,Encino Solar Energy Center,NM,3625.8101326077676
2027,2,p31,Northeastern New Mexico Regional Landfill,401038,Eubank Landfill Solar Array,NM,82771.75538353996
2027,2,p31,Northeastern New Mexico Regional Landfill,402441,Facebook 1 Solar Energy Center,NM,15387.657135307183
2027,2,p31,Northeastern New Mexico Regional Landfill,402442,Facebook 2 Solar Energy Center,NM,14809.343598592675
2027,2,p31,Northeastern New Mexico Regional Landfill,402443,Facebook 3 Solar Energy Center,NM,18518.583188448734
2027,2,p31,Northeastern New Mexico Regional Landfill,403322,Grants CDEC 2,NM,48537.826393992116
2027,2,p31,Apache Junction Landfill,400216,"Hatch Solar Energy Center I, LLC",NM,58516.19329064565
2027,2,p31,City of Clovis Landfill,401617,Holloman Solar Facility,NM,40649.374894133514
2027,2,p31,Northeastern New Mexico Regional Landfill,406109,"Jicarilla Solar 1, LLC",NM,5070.574109760951
2027,2,p31,Northeastern New Mexico Regional Landfill,400427,Kit Carson,NM,65007.83604596313
2027,2,p31,Northeastern New Mexico Regional Landfill,400210,Las Vegas Solar Energy Center,NM,11359.147249223193
2027,2,p31,Northeastern New Mexico Regional Landfill,400434,Los Alamos PV Site,NM,120714.80789348822
2027,2,p31,Northeastern New Mexico Regional Landfill,400207,Los Lunas Solar Energy Center,NM,27376.41365481609
2027,2,p31,Apache Junction Landfill,400838,Macho Springs,NM,6906.4528422176145
2027,2,p31,Northeastern New Mexico Regional Landfill,400582,Manzano Solar,NM,23722.973517007144
2027,2,p31,Northeastern New Mexico Regional Landfill,401201,Meadow Lake Solar Energy Center,NM,39184.1700165651
2027,2,p31,Northeastern New Mexico Regional Landfill,406177,"NMRD Data Center III, LLC",NM,2787.4800408274223
2027,2,p31,City of Clovis Landfill,405693,NMSU Solar and Storage,NM,87616.39758540422
2027,2,p31,Northeastern New Mexico Regional Landfill,406375,OE_ESCL,NM,1319.6377926280854
2027,2,p31,City of Clovis Landfill,400581,Otero Solar,NM,29027.05675985795
2027,2,p31,Northeastern New Mexico Regional Landfill,400146,Questa Solar Facility,NM,115989.42575891293
2027,2,p31,Northeastern New Mexico Regional Landfill,403178,"RC Energy AA, LLC Solar Facility",NM,215110.3111731873
2027,2,p31,Northeastern New Mexico Regional Landfill,401566,Rio Communities Solar Energy Center,NM,19890.400228529696
2027,2,p31,Northeastern New Mexico Regional Landfill,403084,Rio De Oro Solar Energy Center,NM,19489.284834829465
2027,2,p31,Northeastern New Mexico Regional Landfill,400624,Rio Rancho High School,NM,163755.30632395225
2027,2,p31,City of Clovis Landfill,400135,Roadrunner Solar,NM,17400.582776433006
2027,2,p31,Northeastern New Mexico Regional Landfill,404648,"Route 66 Energy Center, LLC",NM,4743.625941578511
2027,2,p31,Northeastern New Mexico Regional Landfill,403387,San Miguel I Solar Energy Center,NM,5625.990668930308
2027,2,p31,Northeastern New Mexico Regional Landfill,405458,San Miguel II Solar Energy Center,NM,6397.979495001035
2027,2,p31,Northeastern New Mexico Regional Landfill,401161,Sandoval Solar Energy Center,NM,32363.343056944792
2027,2,p31,Northeastern New Mexico Regional Landfill,401564,Santa Fe Solar Energy Center,NM,11999.885515641574
2027,2,p31,Northeastern New Mexico Regional Landfill,401565,Santolina Solar Energy Center,NM,17898.379370492767
2027,2,p31,Apache Junction Landfill,400596,Silver City WWTP PV Project,NM,254387.24159771108
2027,2,p31,Northeastern New Mexico Regional Landfill,406343,Sky Ranch Solar,NM,862.8204215504406
2027,2,p31,Northeastern New Mexico Regional Landfill,401563,South Valley Solar Energy Center,NM,18117.4354222206
2027,2,p31,Northeastern New Mexico Regional Landfill,401162,Springer Solar 1,NM,30160.030952169363
2027,2,p31,Northeastern New Mexico Regional Landfill,400735,Storrie Lake Solar Project,NM,32361.351427755082
2027,2,p31,Northeastern New Mexico Regional Landfill,400623,Sue Cleveland High School,NM,142275.89136897918
2027,2,p31,City of Clovis Landfill,400343,"SunE EPE1, LLC",NM,31853.194154055982
2027,2,p31,City of Clovis Landfill,400342,"SunE EPE2, LLC",NM,22707.68119153144
2027,2,p31,Northeastern New Mexico Regional Landfill,402854,Syncarpha Eagle Nest,NM,58828.500695992996
2027,2,p31,Northeastern New Mexico Regional Landfill,403412,Syncarpha El Rito,NM,55872.68602703706
2027,2,p31,Northeastern New Mexico Regional Landfill,403413,Syncarpha Questa,NM,57279.41970105124
2027,2,p31,Northeastern New Mexico Regional Landfill,403411,Syncarpha Taos,NM,27766.188377606966
2027,2,p31,Northeastern New Mexico Regional Landfill,404618,Taos Mesa Energy Facility Hybrid,NM,4527.756589258237
2027,2,p31,Northeastern New Mexico Regional Landfill,403011,Vista Solar Energy Center,NM,16923.654524487196
2027,2,p31,City of Clovis Landfill,400354,WSMR I,NM,75985.76449647086
2027,2,p31,Apache Junction Landfill,405245,Wal-Mart Truth or Consequences PV,NM,368575.9994554374
2027,2,p47,City of Clovis Landfill,400979,"Caprock Solar 1, LLC",NM,2648.8374384170356
2027,2,p47,City of Clovis Landfill,404980,Chaves County Solar II,NM,3082.7018760330025
2027,2,p47,City of Clovis Landfill,401681,"Chaves Solar, LLC",NM,1326.8972411488942
2027,2,p47,City of Clovis Landfill,400614,GSE NM1,NM,67243.65743048862
2027,2,p47,City of Clovis Landfill,404982,Hayhurst New Mexico Solar,NM,11408.370512680147
2027,2,p47,City of Clovis Landfill,402530,Middle Daisy,NM,26260.587317489135
2027,2,p47,City of Clovis Landfill,401682,"Roswell Solar, LLC",NM,1331.1194716099992
2027,2,p47,City of Clovis Landfill,400546,SEV NM Phase 2,NM,101801.8107216325
2027,2,p47,City of Clovis Landfill,400260,SPS1 Dollarhide,NM,14799.032680171567
2027,2,p47,City of Clovis Landfill,400261,SPS2 Jal,NM,16033.963780989507
2027,2,p47,City of Clovis Landfill,400262,SPS3 Lea,NM,18283.299999401588
2027,2,p47,City of Clovis Landfill,400264,SPS5 Hopi,NM,18248.311884109145
2027,2,p47,City of Clovis Landfill,404698,SoCore Clovis 1,NM,2973.70066809609
2027,2,p48,City of Clovis Landfill,406439,"BESSP1, LLC",TX,432972.4925787436
2027,2,p48,City of Clovis Landfill,405590,"Hecate Energy Frye Solar, LLC",TX,836.7711446314948
2027,2,p57,Victoria Landfill,404918,"Hecate Energy Upshur Rural, LLC",TX,22454.283989477204
2027,2,p59,City of Clovis Landfill,402666,Fort Bliss (DEA EPIC),TX,39009.05788156046
2027,2,p59,City of Clovis Landfill,401616,Montana Solar Facility,TX,28574.23734800801
2027,2,p59,City of Clovis Landfill,401045,Newman Solar,TX,7378.481570569887
2027,2,p60,City of Clovis Landfill,403962,"ANSON Solar Center, LLC",TX,721.0220331229585
2027,2,p60,City of Clovis Landfill,403883,Azure Sky Solar,TX,928.9637013706
2027,2,p60,City of Clovis Landfill,403232,"ENGIE Long Draw Solar, LLC",TX,340.0064142275736
2027,2,p60,City of Clovis Landfill,406252,Highpeak Solar 1,TX,9687.639355896366
2027,2,p60,City of Clovis Landfill,402721,Holstein 1 Solar Farm,TX,886.8512876490908
2027,2,p60,City of Clovis Landfill,405492,Juno Solar Project,TX,284.1466207326848
2027,2,p60,City of Clovis Landfill,402541,Lamesa II,TX,2090.421110323984
2027,2,p60,City of Clovis Landfill,401660,Lamesa Solar,TX,878.6777881596732
2027,2,p60,City of Clovis Landfill,405932,Lumina II Solar Project,TX,283.19974377839577
2027,2,p60,City of Clovis Landfill,405933,Lumina Solar Project,TX,297.95168156495856
2027,2,p60,City of Clovis Landfill,402909,Misae Solar,TX,424.6227476691113
2027,2,p60,City of Clovis Landfill,400968,"OCI Alamo 7, LLC",TX,1392.6714913799078
2027,2,p60,City of Clovis Landfill,405939,Texas Solar Nova 1,TX,389.50667225492555
2027,2,p61,City of Clovis Landfill,400967,Alamo 6,TX,1195.0148370469765
2027,2,p61,City of Clovis Landfill,403557,Aragorn Solar Project,TX,389.1831659220619
2027,2,p61,City of Clovis Landfill,400691,Barilla Solar,TX,2702.293041975
2027,2,p61,City of Clovis Landfill,401946,Bluebell Solar,TX,3986.363413989705
2027,2,p61,City of Clovis Landfill,403574,Bluebell Solar II,TX,874.8695381874849
2027,2,p61,City of Clovis Landfill,400554,"Bryan Solar, LLC",TX,9152.26949934313
2027,2,p61,City of Clovis Landfill,401463,Buckthorn Westex,TX,821.1592549330148
2027,2,p61,City of Clovis Landfill,401703,East Pecos Solar,TX,786.8636242853058
2027,2,p61,City of Clovis Landfill,405363,Galloway 1 Solar Farm,TX,450.51527648990145
2027,2,p61,City of Clovis Landfill,405494,Galloway 2 Solar Farm,TX,775.4977862098353
2027,2,p61,City of Clovis Landfill,403210,Greasewood,TX,373.0530772830522
2027,2,p61,City of Clovis Landfill,406370,Hayhurst Texas Solar,TX,2539.640932306174
2027,2,p61,City of Clovis Landfill,402304,Midway Solar-TX,TX,463.9039751053651
2027,2,p61,Victoria Landfill,400695,"OCI Alamo 4, LLC",TX,2989.817454158032
2027,2,p61,City of Clovis Landfill,401868,Pearl Solar,TX,2597.218912915749
2027,2,p61,City of Clovis Landfill,402290,RE Maplewood,TX,668.7473518880497
2027,2,p61,City of Clovis Landfill,401430,RE Roserock,TX,693.5484808801689
2027,2,p61,City of Clovis Landfill,402848,Rambler,TX,493.12404341965146
2027,2,p61,City of Clovis Landfill,402083,Solaire Holman Solar Project,TX,2116.620237966278
2027,2,p61,City of Clovis Landfill,403023,"Taygete Energy Project, LLC",TX,408.00942865654736
2027,2,p61,City of Clovis Landfill,404647,Taygete II Energy Project,TX,440.0417317271485
2027,2,p61,City of Clovis Landfill,403551,Titan Solar Project,TX,540.3337226735164
2027,2,p61,Victoria Landfill,406103,Zier Solar,TX,529.7997780336085
2027,2,p62,City of Clovis Landfill,403502,2W Permian Solar Project Hybrid,TX,440.0837933251308
2027,2,p62,City of Clovis Landfill,403697,CED Crane Solar,TX,680.080848090784
2027,2,p62,City of Clovis Landfill,401525,Castle Gap Solar Hybrid,TX,579.7448396909921
2027,2,p62,City of Clovis Landfill,404599,Emerald Grove,TX,605.128578328792
2027,2,p62,City of Clovis Landfill,403004,Lapetus,TX,633.7355274815739
2027,2,p62,City of Clovis Landfill,403280,Oberon IA,TX,586.1200317029777
2027,2,p62,City of Clovis Landfill,403279,Oberon IB,TX,2161.411342862116
2027,2,p62,City of Clovis Landfill,403602,Oxy Renewable Energy-Goldsmith,TX,3050.2202004560672
2027,2,p62,City of Clovis Landfill,402679,Phoebe Solar,TX,340.16084391454547
2027,2,p62,City of Clovis Landfill,403177,Prospero Solar,TX,234.81494160135142
2027,2,p62,City of Clovis Landfill,404128,Prospero Solar II,TX,419.2727263441167
2027,2,p62,City of Clovis Landfill,403070,"Roadrunner, LLC",TX,448.7503559719234
2027,2,p62,City of Clovis Landfill,401805,Upton County Solar,TX,985.0695877533351
2027,2,p62,City of Clovis Landfill,402995,West of the Pecos Solar,TX,705.2284535398348
2027,2,p63,Victoria Landfill,405599,"BPL Crown Solar, LLC",TX,1410.309645564953
2027,2,p63,Victoria Landfill,404966,BPL Files Solar,TX,1361.5102982862636
2027,2,p63,Victoria Landfill,403825,Briar Creek Solar 1,TX,1426.281248138963
2027,2,p63,Victoria Landfill,402610,Chisum,TX,209214.19517216194
2027,2,p63,Victoria Landfill,401697,CoServ Community Solar Station,TX,234629.23579537813
2027,2,p63,Victoria Landfill,403188,Coniglio Solar,TX,2696.832493047475
2027,2,p63,Victoria Landfill,406415,Dileo Solar,TX,2058.420284407015
2027,2,p63,Victoria Landfill,402655,Eddy II,TX,11982.871653042163
2027,2,p63,Victoria Landfill,406221,Eiffel Solar Project,TX,1020.0589443908436
2027,2,p63,Victoria Landfill,405540,"Ellis Solar, LLC",TX,3283.560627157481
2027,2,p63,Victoria Landfill,403823,Elm Branch Solar 1,TX,1408.0766619831747
2027,2,p63,Victoria Landfill,406206,Five Wells Solar Center - Hybrid,TX,508.17896281635456
2027,2,p63,Victoria Landfill,404567,G.S.E. One LLC,TX,3487.422009560555
2027,2,p63,Victoria Landfill,403288,Griffin Solar,TX,38106.948690158926
2027,2,p63,Victoria Landfill,406202,Grizzly Ridge Solar,TX,1722.9411169314724
2027,2,p63,Victoria Landfill,402329,Highway 56 Solar,TX,76239.59429260633
2027,2,p63,Victoria Landfill,405319,IKEA Grand Prairie Rooftop PV System,TX,170790.10901094932
2027,2,p63,Victoria Landfill,405689,"IP Radian, LLC",TX,618.7099634153752
2027,2,p63,Victoria Landfill,403481,Impact Solar 1,TX,1507.1179332009663
2027,2,p63,Victoria Landfill,403190,Kellam Solar,TX,3043.903509974931
2027,2,p63,Victoria Landfill,402421,Leon Solar,TX,92388.07017646672
2027,2,p63,Victoria Landfill,403874,Lily Solar Hybrid,TX,1412.7023962074127
2027,2,p63,Victoria Landfill,402404,Marlin Solar,TX,22332.79476704718
2027,2,p63,Victoria Landfill,405794,Noble Solar,TX,1210.444481760459
2027,2,p63,Victoria Landfill,402405,North Gainesville Solar,TX,39222.40093263456
2027,2,p63,Victoria Landfill,401933,Phantom Solar,TX,8560.671786326502
2027,2,p63,Victoria Landfill,404872,"Pisgah Ridge Solar, LLC",TX,585.8379332010793
2027,2,p63,Victoria Landfill,406416,Pitts Dudik Solar,TX,3362.6709450637027
2027,2,p63,Victoria Landfill,403189,Rippey Solar,TX,3765.293812200179
2027,2,p63,Victoria Landfill,404630,"Samson Solar Energy III, LLC",TX,1217.5506927131014
2027,2,p63,Victoria Landfill,402652,Sterling Solar (TX),TX,37087.57688085139
2027,2,p63,Victoria Landfill,404812,Sun Valley Solar Project,TX,577.96839281331
2027,2,p63,Victoria Landfill,404388,"TPE Erath Solar, LLC",TX,15561.02014193284
2027,2,p63,Victoria Landfill,403457,"TPE Whitney Solar, LLC",TX,20272.20819409877
2027,2,p63,Victoria Landfill,405361,Toyota HQ Plan,TX,233827.43445406918
2027,2,p63,Victoria Landfill,405984,Waco Solar,TX,500.77734010192955
2027,2,p63,Victoria Landfill,402306,Walnut Springs Solar,TX,31635.55397453927
2027,2,p63,Victoria Landfill,402497,West Moore Solar II,TX,404402.24409991095
2027,2,p63,Victoria Landfill,402414,Whitewright Solar,TX,99036.87881618839
2027,2,p63,Victoria Landfill,402654,Yellow Jacket,TX,33911.038626633796
2027,2,p64,Victoria Landfill,405731,Austin TX GigaFactory,TX,24145.174236882413
2027,2,p64,Victoria Landfill,402203,Bandera Electric Coop PV,TX,39916.721859969155
2027,2,p64,Victoria Landfill,404721,"Blue Jay Solar I, LLC",TX,343.20330094415164
2027,2,p64,Victoria Landfill,402648,Bovine,TX,2697.7844800878447
2027,2,p64,Victoria Landfill,402389,"E-Volve Energy Holdings, LLC",TX,21505.488026031522
2027,2,p64,Victoria Landfill,400227,East Blackland Solar Project 1,TX,456.519172933097
2027,2,p64,Victoria Landfill,405101,IKEA Round Rock 027,TX,45148.863421253474
2027,2,p64,Victoria Landfill,402653,Lampwick,TX,10474.516064485162
2027,2,p64,Victoria Landfill,405613,Niagara Bottling - Seguin,TX,7423.557280133874
2027,2,p64,Victoria Landfill,402544,PowerFin Kingsbery,TX,14726.125011262211
2027,2,p64,Victoria Landfill,400249,Webberville Solar Project,TX,1404.999442422164
2027,2,p65,Victoria Landfill,405700,Aktina Solar,TX,1023.3265232587461
2027,2,p65,Victoria Landfill,404074,"Alexis Solar, LLC",TX,108179.85937643154
2027,2,p65,Victoria Landfill,405727,Bernard Creek Solar,TX,4315.901082444109
2027,2,p65,Victoria Landfill,400081,Blue Wing Solar Energy Generation,TX,49571.60967370614
2027,2,p65,Victoria Landfill,405477,Brightside,TX,11540.070812240623
2027,2,p65,Victoria Landfill,401728,CPS 1 Community Solar,TX,638208.3122432306
2027,2,p65,Victoria Landfill,402656,Cascade Solar (TX),TX,62897.348894063885
2027,2,p65,Victoria Landfill,403987,Catan Solar,TX,34206.132124121315
2027,2,p65,Victoria Landfill,403091,Commerce Solar,TX,158916.1929076355
2027,2,p65,Victoria Landfill,404247,"Corazon Energy, LLC",TX,5536.434747622588
2027,2,p65,Victoria Landfill,404062,Elara Solar,TX,7335.467830507374
2027,2,p65,Victoria Landfill,404359,FELPS 1-Calaveras,TX,767750.701827518
2027,2,p65,Victoria Landfill,404361,FELPS 2-Calaveras,TX,878066.2933770128
2027,2,p65,Victoria Landfill,404362,FELPS 3-Floresville South,TX,541977.9028957775
2027,2,p65,Victoria Landfill,404363,FELPS 4-Floresville South,TX,542058.9190280307
2027,2,p65,Victoria Landfill,404364,FELPS 5-Floresville South,TX,542201.9559735958
2027,2,p65,Victoria Landfill,404739,FELPS 6- Floresville West,TX,720493.2204441334
2027,2,p65,Victoria Landfill,404740,FELPS 7- Floresville West,TX,720383.02971666
2027,2,p65,Victoria Landfill,406516,Ganado Solar,TX,1751.4685843096415
2027,2,p65,Victoria Landfill,405801,Horizon Solar,TX,7794.293892689041
2027,2,p65,Victoria Landfill,405380,IKEA Live Oak Rooftop PV System,TX,534397.3605917519
2027,2,p65,Victoria Landfill,403343,Mars Solar,TX,126454.34471707085
2027,2,p65,Victoria Landfill,404877,Nebula Solar,TX,13769.770416906978
2027,2,p65,Victoria Landfill,400694,"OCI Alamo 2, LLC",TX,159123.61442912868
2027,2,p65,Victoria Landfill,400965,"OCI Alamo 3, LLC",TX,139553.12547608314
2027,2,p65,Victoria Landfill,400966,"OCI Alamo 5, LLC",TX,25204.32688580924
2027,2,p65,Victoria Landfill,400593,OCI Alamo Solar I Hybrid,TX,21505.18958396965
2027,2,p65,Victoria Landfill,405809,Shakes Solar,TX,11902.81573753438
2027,2,p65,Victoria Landfill,405545,Sparta Solar,TX,2606.3359318508005
2027,2,p65,Victoria Landfill,400379,"SunE CPS1, LLC",TX,76630.17651655062
2027,2,p65,Victoria Landfill,400364,"SunE CPS2, LLC",TX,98933.4728069219
2027,2,p65,Victoria Landfill,400353,"SunE CPS3, LLC",TX,81720.74206961616
2027,2,p65,Victoria Landfill,406032,Tres Bahias,TX,1806.1137988913508
2027,2,p65,Victoria Landfill,404878,Vancourt Solar Interconnections,TX,28664.613651336094
2027,2,p66,Victoria Landfill,406386,Umbriel Solar,TX,3477.572753101644
2027,2,p67,Victoria Landfill,404939,Brazoria County Solar Project (Danciger),TX,424.85498219637265
2027,2,p67,Victoria Landfill,404681,Brazoria West,TX,509.43977869370684
2027,2,p67,Victoria Landfill,402649,Bronson,TX,7038.330238851657
2027,2,p67,Victoria Landfill,406178,"Cutlass Solar 1, LLC",TX,729.3109858413911
2027,2,p67,Victoria Landfill,404587,Fighting Jays Solar Project,TX,412.35939219443253
2027,2,p67,Victoria Landfill,405564,"Fort Bend Solar, LLC",TX,477.2380479006788
2027,2,p67,Victoria Landfill,404853,"Longbow Solar, LLC",TX,1652.8893469414718
2027,2,p67,Victoria Landfill,403514,Wagyu,TX,732.6320210092794
2027,3,p12,Apex Regional Landfill,402144,Battle Mountain Solar Project,NV,1298.480683163408
2027,3,p12,Apex Regional Landfill,405553,Dodge Flat,NV,1951.3174318477547
2027,3,p12,Apex Regional Landfill,402609,"EGP Stillwater Solar PV II, LLC",NV,3843.809220725138
2027,3,p12,Apex Regional Landfill,404659,Fish Springs,NV,1771.3667632583847
2027,3,p12,Apex Regional Landfill,401086,Ft. Churchill PV,NV,9561.932394824818
2027,3,p12,Apex Regional Landfill,402130,Luning Energy,NV,1126.1402619771322
2027,3,p12,Apex Regional Landfill,403107,NVSS-II,NV,843.2317300408716
2027,3,p12,Apex Regional Landfill,400468,"Patua Acquisition Project, LLC",NV,8647.058292209129
2027,3,p12,Apex Regional Landfill,405023,Steamboat II,NV,139614.2237672764
2027,3,p12,Apex Regional Landfill,400029,Stillwater Facility,NV,4527.882746766938
2027,3,p12,Apex Regional Landfill,401318,Sunshine Valley Solar,NV,257.2630666547821
2027,3,p12,Apex Regional Landfill,405026,TS Power Plant,NV,877.9357380440684
2027,3,p12,Apex Regional Landfill,405576,Tesla Reno GigaFactory,NV,56464.750337328565
2027,3,p12,Apex Regional Landfill,401943,Tungsten Mountain,NV,10964.558576443811
2027,3,p12,Apex Regional Landfill,403308,Turquoise Liberty Solar,NV,11011.580117338339
2027,3,p12,Apex Regional Landfill,403884,"Turquoise Nevada, LLC",NV,2864.3442589116657
2027,3,p12,Apex Regional Landfill,400035,Western 102 Power Plant,NV,382222.52765835385
2027,3,p13,Apex Regional Landfill,400555,Apex Solar PV Power Project,NV,681.5824753055666
2027,3,p13,Apex Regional Landfill,405385,Arrow Canyon Solar Hybrid,NV,369.2409252223825
2027,3,p13,Apex Regional Landfill,402017,"Boulder Solar II, LLC",NV,333.3329962168337
2027,3,p13,Apex Regional Landfill,401649,"Boulder Solar Power, LLC",NV,191.19838652768388
2027,3,p13,Apex Regional Landfill,400059,CM10,NV,2051.653908489242
2027,3,p13,Apex Regional Landfill,400086,CM48,NV,472.20338019727814
2027,3,p13,Apex Regional Landfill,400363,Copper Mountain Solar 2,NV,164.70109130364042
2027,3,p13,Apex Regional Landfill,400802,Copper Mountain Solar 3,NV,97.70794525948556
2027,3,p13,Apex Regional Landfill,401308,"Copper Mountain Solar 4, LLC",NV,221.19691310530837
2027,3,p13,Apex Regional Landfill,403688,"Copper Mountain Solar 5, LLC",NV,123.80207701539878
2027,3,p13,Apex Regional Landfill,405358,Dignity - San Martin,NV,4059.2083808886964
2027,3,p13,Apex Regional Landfill,405355,Dignity - Siena Campus,NV,6389.857270769168
2027,3,p13,Apex Regional Landfill,405556,Dry Lake Solar Energy Center,NV,182.85571045834303
2027,3,p13,Apex Regional Landfill,405495,Gemini Solar,NV,112.55570819997804
2027,3,p13,Apex Regional Landfill,403386,"Harry Allen Solar Energy, LLC",NV,239.42528115740083
2027,3,p13,Apex Regional Landfill,406090,IGS LAS1,NV,8974.027809987843
2027,3,p13,Apex Regional Landfill,406089,IGS VGT,NV,6264.221983061543
2027,3,p13,Apex Regional Landfill,405309,IKEA Las Vegas 462,NV,8619.340871629458
2027,3,p13,Apex Regional Landfill,400545,Las Vegas WPCF Solar Plant,NV,937.2529028689354
2027,3,p13,Apex Regional Landfill,400313,Moapa Southern Paiute,NV,129.62243876651846
2027,3,p13,Apex Regional Landfill,400600,Mountain View Solar,NV,617.4080891751101
2027,3,p13,Apex Regional Landfill,400036,Nellis Air Force Base Solar Array,NV,507.25848066785915
2027,3,p13,Apex Regional Landfill,401381,Nellis Solar PV II,NV,257.27902756117567
2027,3,p13,Apex Regional Landfill,401319,"Playa Solar 1, LLC",NV,210.9000875865205
2027,3,p13,Apex Regional Landfill,401596,Playa Solar 2,NV,178.96226941010033
2027,3,p13,Apex Regional Landfill,401274,River Mountains Solar,NV,847.6713452703224
2027,3,p13,Mohave Valley Landfill,401042,Searchlight Solar,NV,2068.134606270504
2027,3,p13,Apex Regional Landfill,400166,Silver State Solar Power North,NV,816.0241038894776
2027,3,p13,Apex Regional Landfill,400658,Silver State Solar Power South,NV,171.1554675931422
2027,3,p13,Apex Regional Landfill,405246,"Solar Las Vegas MB 2, LLC",NV,4739.466677985028
2027,3,p13,Apex Regional Landfill,405188,Solar Las Vegas MB-1,NV,856.1101001348205
2027,3,p13,Apex Regional Landfill,400556,Spectrum Solar PV Power Project,NV,343.56960394823415
2027,3,p13,Apex Regional Landfill,402485,"Techren Solar I, LLC",NV,185.81197144045078
2027,3,p13,Apex Regional Landfill,402690,"Techren Solar II, LLC",NV,115.19530222581737
2027,3,p13,Apex Regional Landfill,402691,"Techren Solar III, LLC",NV,742.0961418145926
2027,3,p13,Apex Regional Landfill,402692,"Techren Solar IV, LLC",NV,884.503794730154
2027,3,p13,Apex Regional Landfill,403001,Techren Solar V,NV,297.75229533258187
2027,3,p13,Apex Regional Landfill,401851,Townsite Solar Project Hybrid,NV,122.62708417861259
2027,3,p13,Apex Regional Landfill,406448,Yellow Pine II,NV,456.1417719038083
2027,3,p13,Apex Regional Landfill,404971,Yellow Pine Solar,NV,472.88701792329255
2027,3,p27,Mohave Valley Landfill,400374,"Black Mountain Solar, LLC",AZ,565.893942670314
2027,3,p27,Mohave Valley Landfill,402236,Gray Hawk Solar,AZ,205.34728280650515
2027,3,p27,Mohave Valley Landfill,401819,Jacobson 5 MW Solar,AZ,1494.3096948299221
2027,3,p27,Mohave Valley Landfill,400199,La Senita,AZ,5503.529293498024
2027,3,p27,Mohave Valley Landfill,403718,Mohave Electric Cooperative at Joy Lane,AZ,92.10140313821101
2027,3,p27,Mohave Valley Landfill,401311,Mohave Electric at Fort Mohave,AZ,196.53473558147465
2027,3,p27,Mohave Valley Landfill,406478,Mohave Energy - Hybrid,AZ,66.78793669666527
2027,3,p28,Apache Junction Landfill,405418,AZ State University - Tempe Campus Solar,AZ,6497.043728348909
2027,3,p28,South Yuma County Landfill,400148,Agua Caliente Solar Project,AZ,198.7191701849778
2027,3,p28,Apache Junction Landfill,402067,Apache Solar 1,AZ,7871.135273716422
2027,3,p28,South Yuma County Landfill,400274,Arizona Western College PV,AZ,1281.6419807207678
2027,3,p28,Apache Junction Landfill,400240,Arlington Valley Solar Energy II,AZ,433.66974378292895
2027,3,p28,Apache Junction Landfill,400437,Badger 1,AZ,3386.3617467531167
2027,3,p28,Apache Junction Landfill,401688,Bonnybrooke PV,AZ,368.41668451438596
2027,3,p28,Apache Junction Landfill,400371,Buckeye Union HS District 201,AZ,13708.360621086673
2027,3,p28,Apache Junction Landfill,405635,"Central Line Solar, LLC",AZ,358.09290944537037
2027,3,p28,Apache Junction Landfill,400201,Chino Solar Valley,AZ,4251.050800328443
2027,3,p28,Apache Junction Landfill,400202,Cotton Center Solar Hybrid,AZ,3085.7726751555715
2027,3,p28,Apache Junction Landfill,401069,Desert Star Hybrid,AZ,4027.06030735449
2027,3,p28,Apache Junction Landfill,403257,East Line Solar,AZ,286.1814933378909
2027,3,p28,Apache Junction Landfill,406171,Eleven Mile Solar Center,AZ,122.99076506636511
2027,3,p28,Apache Junction Landfill,405244,Estrella Mountain PV,AZ,15908.962454194483
2027,3,p28,South Yuma County Landfill,400349,Foothills Solar Plant Hybrid,AZ,224.95719733178956
2027,3,p28,Apache Junction Landfill,400825,Fort Huachuca Solar PV Project,AZ,6104.93074810619
2027,3,p28,Apache Junction Landfill,400845,Gila Bend Hybrid,AZ,1823.3866524017972
2027,3,p28,Apache Junction Landfill,400599,"Gilbert Solar Facility I, LLC",AZ,4229.255696196162
2027,3,p28,South Yuma County Landfill,400507,Hyder II Hybrid,AZ,3428.3631802477257
2027,3,p28,South Yuma County Landfill,400204,Hyder Solar Hybrid,AZ,4309.235673567773
2027,3,p28,Apache Junction Landfill,405282,Intel - Ocotillo Campus Solar,AZ,3951.0102590771394
2027,3,p28,Apache Junction Landfill,405125,Jewish Community Center PV,AZ,19016.34903499071
2027,3,p28,Apache Junction Landfill,402234,Kayenta Solar Project,AZ,3015.320965082545
2027,3,p28,Apache Junction Landfill,400595,Lake Pleasant WTP,AZ,5752.586691723879
2027,3,p28,Apache Junction Landfill,400128,Luke Solar,AZ,2728.0010182781202
2027,3,p28,Apache Junction Landfill,405068,Macys Goodyear,AZ,10976.969362198917
2027,3,p28,South Yuma County Landfill,406279,McFarland A Solar and Storage,AZ,272.9751105370408
2027,3,p28,Apache Junction Landfill,405617,Mesa Carport PV,AZ,846.1004016865235
2027,3,p28,Apache Junction Landfill,404512,Mesa Solar Array,AZ,977.0183395411271
2027,3,p28,Apache Junction Landfill,400250,Mesquite Solar 1,AZ,750.4996906747098
2027,3,p28,Apache Junction Landfill,401621,"Mesquite Solar 2, LLC",AZ,522.6936173691048
2027,3,p28,Apache Junction Landfill,401622,"Mesquite Solar 3, LLC",AZ,399.47334628854276
2027,3,p28,Apache Junction Landfill,406038,"Mesquite Solar 4, LLC",AZ,1059.3488507919835
2027,3,p28,Apache Junction Landfill,404922,"Mesquite Solar 5, LLC",AZ,929.1179103951946
2027,3,p28,Mohave Valley Landfill,403572,OE_AZ1,AZ,2312.0909668776117
2027,3,p28,Apache Junction Landfill,400203,Paloma Solar Hybrid,AZ,2999.389798600174
2027,3,p28,Apache Junction Landfill,405126,Paradise Valley H.S. PV,AZ,16891.216395142037
2027,3,p28,Apache Junction Landfill,405150,Phoenix Airport East Economy Lot,AZ,16026.832811614728
2027,3,p28,Apache Junction Landfill,405151,Phoenix Airport Rental Car Center,AZ,28002.687744964474
2027,3,p28,Apache Junction Landfill,402528,Pinal Central Energy Center Hybrid,AZ,1060.8776563662504
2027,3,p28,Apache Junction Landfill,400125,"Poseidon Solar, LLC",AZ,532.8482852759624
2027,3,p28,Apache Junction Landfill,400031,Prescott Airport,AZ,25799.463723423418
2027,3,p28,Apache Junction Landfill,400401,Prescott Solar Plant,AZ,6030.479629938653
2027,3,p28,Apache Junction Landfill,400323,Queen Creek Solar Farm,AZ,337.0743386389021
2027,3,p28,Mohave Valley Landfill,400289,"RE Bagdad Solar I, LLC",AZ,3283.586623800215
2027,3,p28,Apache Junction Landfill,405132,"RE Gillespie 1, LLC",AZ,3063.676934325676
2027,3,p28,Apache Junction Landfill,400758,Red Horse 2,AZ,1247.6694630052052
2027,3,p28,Apache Junction Landfill,401609,Red Horse III,AZ,2241.6589763759766
2027,3,p28,Apache Junction Landfill,401726,Red Rock,AZ,1009.4020243984114
2027,3,p28,Apache Junction Landfill,406380,SR McNeal,AZ,4955.946388866506
2027,3,p28,Apache Junction Landfill,400416,Saddle Mountain Solar I,AZ,3845.311335261917
2027,3,p28,Apache Junction Landfill,403674,Saint Solar,AZ,399.4556529110616
2027,3,p28,Apache Junction Landfill,401214,Sandstone Solar,AZ,427.08462468292345
2027,3,p28,Apache Junction Landfill,405029,Solana Generating Station,AZ,316.73605673909685
2027,3,p28,Apache Junction Landfill,406275,Sonoran Solar Energy,AZ,136.0370981587454
2027,3,p28,Apache Junction Landfill,406034,Storey Solar and Storage,AZ,225.41479291766734
2027,3,p28,Apache Junction Landfill,401664,Sulphur Springs,AZ,3825.5348599279037
2027,3,p28,Apache Junction Landfill,403643,Sun Streams 2,AZ,469.0850625267847
2027,3,p28,Apache Junction Landfill,406517,Sun Streams 3,AZ,272.97983823103925
2027,3,p28,Apache Junction Landfill,401975,"Sun Streams, LLC",AZ,520.9309148841022
2027,3,p28,Apache Junction Landfill,405311,T0588 Phoenix - AZ,AZ,22093.46532211944
2027,3,p28,Apache Junction Landfill,405134,Union HS at Casa Grande,AZ,12013.281724696351
2027,3,p28,Apache Junction Landfill,405135,Vista Grande HS at Casa Grande,AZ,18454.89259813716
2027,3,p28,Apache Junction Landfill,400334,Walmart Casa Grande,AZ,11139.163109256468
2027,3,p28,Apache Junction Landfill,406098,"West Line Solar, LLC",AZ,361.65691802263416
2027,3,p29,Apache Junction Landfill,400014,Springerville,AZ,5551.163554007117
2027,3,p30,Apache Junction Landfill,405143,Actus Lend Lease DMAFB,AZ,12044.5225177799
2027,3,p30,Apache Junction Landfill,405611,Amazon TUS2,AZ,16514.876295332742
2027,3,p30,Apache Junction Landfill,405268,Amphitheater High School Solar,AZ,29907.080865616266
2027,3,p30,Apache Junction Landfill,400939,Avalon Solar,AZ,1408.643476867505
2027,3,p30,Apache Junction Landfill,401479,Avalon Solar II,AZ,2802.2261985530163
2027,3,p30,Apache Junction Landfill,400226,Avra Valley Solar,AZ,1113.5686053703455
2027,3,p30,Apache Junction Landfill,404704,Broadway 2 - Tucson Phase II,AZ,10683.533721288433
2027,3,p30,Apache Junction Landfill,405768,Broadway 3 - Tucson Phase I,AZ,28682.54198281778
2027,3,p30,Apache Junction Landfill,405269,Canyon Del Oro High School Solar,AZ,6972.637270431024
2027,3,p30,Apache Junction Landfill,400757,Cogenra-TEP,AZ,35137.27766940415
2027,3,p30,Apache Junction Landfill,401295,Davis Monthan AFB (AZ) West Airfield,AZ,2938.0462614987655
2027,3,p30,Apache Junction Landfill,400330,FRB Solar Farm,AZ,18402.737360540315
2027,3,p30,Apache Junction Landfill,400761,"Gato Montes Solar, LLC",AZ,7819.914586389484
2027,3,p30,Apache Junction Landfill,404536,Iron Horse Battery Storage Hybrid,AZ,19515.14809651055
2027,3,p30,Apache Junction Landfill,400552,"Picture Rocks Solar, LLC",AZ,3257.4386007108465
2027,3,p30,Apache Junction Landfill,405374,Pima Community College,AZ,43744.69954326605
2027,3,p30,Apache Junction Landfill,405303,Pima Community College - East Campus,AZ,25118.75410521962
2027,3,p30,Apache Junction Landfill,405516,Pima Community College NW,AZ,30522.721479309832
2027,3,p30,Apache Junction Landfill,400408,Prairie Fire,AZ,7754.819067873131
2027,3,p30,Apache Junction Landfill,400290,"RE Ajo 1, LLC",AZ,8290.06913529043
2027,3,p30,Apache Junction Landfill,404926,Raptor Ridge,AZ,2731.515079747264
2027,3,p30,Apache Junction Landfill,400857,Rio Rico Solar,AZ,8957.422477374004
2027,3,p30,Apache Junction Landfill,400193,Roger Road WWTP,AZ,32190.39787545988
2027,3,p30,Apache Junction Landfill,401076,Tech Park Solar,AZ,8647.023571865848
2027,3,p30,Apache Junction Landfill,400156,UASTP I,AZ,41909.188911803896
2027,3,p30,Apache Junction Landfill,401075,Valencia Solar,AZ,4700.1255272936705
2027,3,p30,Apache Junction Landfill,404187,"Wilmot Energy Center, LLC",AZ,392.17014360575837
2027,3,p31,City of Clovis Landfill,400211,Alamogordo Solar Energy Center,NM,45723.89345856342
2027,3,p31,Northeastern New Mexico Regional Landfill,400206,Albuquerque Solar Energy Center,NM,81949.17044016838
2027,3,p31,Northeastern New Mexico Regional Landfill,403675,Alcalde Solar Array,NM,36767.07398018924
2027,3,p31,Apache Junction Landfill,401595,Alta Luna,NM,9006.822653804918
2027,3,p31,Northeastern New Mexico Regional Landfill,404724,Angel Fire Energy Facility,NM,4294.75401619427
2027,3,p31,Northeastern New Mexico Regional Landfill,405469,Arroyo Solar Energy Storage Hybrid,NM,737.6089169023206
2027,3,p31,Northeastern New Mexico Regional Landfill,403321,Bluewater CDEC 1,NM,104829.56303375342
2027,3,p31,Northeastern New Mexico Regional Landfill,403736,Britton Solar Energy Center,NM,2320.4530251260344
2027,3,p31,City of Clovis Landfill,404981,Buena Vista Energy Center,NM,2355.601086058459
2027,3,p31,Northeastern New Mexico Regional Landfill,402876,CNMEC Solar Energy Center,NM,78102.87904178568
2027,3,p31,City of Clovis Landfill,402519,Carrizozo Solar,NM,54506.02606915999
2027,3,p31,Northeastern New Mexico Regional Landfill,401202,Cibola,NM,21378.36645648538
2027,3,p31,Northeastern New Mexico Regional Landfill,400104,Cimarron Solar Facility,NM,893.401750118583
2027,3,p31,Apache Junction Landfill,402988,City of Gallup Solar,NM,31359.23706421739
2027,3,p31,Northeastern New Mexico Regional Landfill,403604,City of Rio Rancho WWTP,NM,147255.65887119246
2027,3,p31,Apache Junction Landfill,401225,City of Truth or Consequences PV,NM,448693.9302846565
2027,3,p31,Apache Junction Landfill,402177,Columbus Solar Project,NM,137962.16660458336
2027,3,p31,Northeastern New Mexico Regional Landfill,404748,"Cuba 2.5ac, LLC",NM,52876.06763003316
2027,3,p31,Apache Junction Landfill,400209,Deming Solar Energy Center,NM,38788.42961233446
2027,3,p31,Northeastern New Mexico Regional Landfill,403868,Encino Solar Energy Center,NM,2827.7392764504857
2027,3,p31,Northeastern New Mexico Regional Landfill,401038,Eubank Landfill Solar Array,NM,73578.72603869108
2027,3,p31,Northeastern New Mexico Regional Landfill,402441,Facebook 1 Solar Energy Center,NM,15387.657135307183
2027,3,p31,Northeastern New Mexico Regional Landfill,402442,Facebook 2 Solar Energy Center,NM,14809.343598592675
2027,3,p31,Northeastern New Mexico Regional Landfill,402443,Facebook 3 Solar Energy Center,NM,24679.947157964976
2027,3,p31,Northeastern New Mexico Regional Landfill,403322,Grants CDEC 2,NM,48537.826393992116
2027,3,p31,Apache Junction Landfill,400216,"Hatch Solar Energy Center I, LLC",NM,65824.93032447637
2027,3,p31,City of Clovis Landfill,401617,Holloman Solar Facility,NM,45164.04061251502
2027,3,p31,Northeastern New Mexico Regional Landfill,406109,"Jicarilla Solar 1, LLC",NM,3391.879833140634
2027,3,p31,Northeastern New Mexico Regional Landfill,400427,Kit Carson,NM,146224.51700354205
2027,3,p31,Northeastern New Mexico Regional Landfill,400210,Las Vegas Solar Energy Center,NM,15134.032572330925
2027,3,p31,Northeastern New Mexico Regional Landfill,400434,Los Alamos PV Site,NM,107305.88382531173
2027,3,p31,Northeastern New Mexico Regional Landfill,400207,Los Lunas Solar Energy Center,NM,21908.029179832873
2027,3,p31,Apache Junction Landfill,400838,Macho Springs,NM,9650.51517110466
2027,3,p31,Northeastern New Mexico Regional Landfill,400582,Manzano Solar,NM,27107.042408022447
2027,3,p31,Northeastern New Mexico Regional Landfill,401201,Meadow Lake Solar Energy Center,NM,17434.3484961956
2027,3,p31,Northeastern New Mexico Regional Landfill,406177,"NMRD Data Center III, LLC",NM,2787.4800408274223
2027,3,p31,City of Clovis Landfill,405693,NMSU Solar and Storage,NM,97349.62138059358
2027,3,p31,Northeastern New Mexico Regional Landfill,406375,OE_ESCL,NM,1319.6377926280854
2027,3,p31,City of Clovis Landfill,400581,Otero Solar,NM,32653.2659262527
2027,3,p31,Northeastern New Mexico Regional Landfill,400146,Questa Solar Facility,NM,87000.69213915968
2027,3,p31,Northeastern New Mexico Regional Landfill,403178,"RC Energy AA, LLC Solar Facility",NM,143418.37120875815
2027,3,p31,Northeastern New Mexico Regional Landfill,401566,Rio Communities Solar Energy Center,NM,17684.188123126398
2027,3,p31,Northeastern New Mexico Regional Landfill,403084,Rio De Oro Solar Energy Center,NM,31162.160967787146
2027,3,p31,Northeastern New Mexico Regional Landfill,400624,Rio Rancho High School,NM,145564.10465239082
2027,3,p31,City of Clovis Landfill,400135,Roadrunner Solar,NM,13923.942906886406
2027,3,p31,Northeastern New Mexico Regional Landfill,404648,"Route 66 Energy Center, LLC",NM,5416.359464675441
2027,3,p31,Northeastern New Mexico Regional Landfill,403387,San Miguel I Solar Energy Center,NM,5004.712959038052
2027,3,p31,Northeastern New Mexico Regional Landfill,405458,San Miguel II Solar Energy Center,NM,5602.543468113405
2027,3,p31,Northeastern New Mexico Regional Landfill,401161,Sandoval Solar Energy Center,NM,32363.343056944792
2027,3,p31,Northeastern New Mexico Regional Landfill,401564,Santa Fe Solar Energy Center,NM,10670.397267225844
2027,3,p31,Northeastern New Mexico Regional Landfill,401565,Santolina Solar Energy Center,NM,17898.379370492767
2027,3,p31,Apache Junction Landfill,400596,Silver City WWTP PV Project,NM,254387.24159771108
2027,3,p31,Northeastern New Mexico Regional Landfill,406343,Sky Ranch Solar,NM,862.8204215504406
2027,3,p31,Northeastern New Mexico Regional Landfill,401563,South Valley Solar Energy Center,NM,18117.4354222206
2027,3,p31,Northeastern New Mexico Regional Landfill,401162,Springer Solar 1,NM,40201.877509592494
2027,3,p31,Northeastern New Mexico Regional Landfill,400735,Storrie Lake Solar Project,NM,32361.351427755082
2027,3,p31,Northeastern New Mexico Regional Landfill,400623,Sue Cleveland High School,NM,182916.29139443042
2027,3,p31,City of Clovis Landfill,400343,"SunE EPE1, LLC",NM,28315.881851238646
2027,3,p31,City of Clovis Landfill,400342,"SunE EPE2, LLC",NM,22707.68119153144
2027,3,p31,Northeastern New Mexico Regional Landfill,402854,Syncarpha Eagle Nest,NM,78426.50383469068
2027,3,p31,Northeastern New Mexico Regional Landfill,403412,Syncarpha El Rito,NM,69832.23471382131
2027,3,p31,Northeastern New Mexico Regional Landfill,403413,Syncarpha Questa,NM,76361.06250810165
2027,3,p31,Northeastern New Mexico Regional Landfill,403411,Syncarpha Taos,NM,19446.67924829488
2027,3,p31,Northeastern New Mexico Regional Landfill,404618,Taos Mesa Energy Facility Hybrid,NM,4527.756589258237
2027,3,p31,Northeastern New Mexico Regional Landfill,403011,Vista Solar Energy Center,NM,16923.654524487196
2027,3,p31,City of Clovis Landfill,400354,WSMR I,NM,59103.90203696623
2027,3,p31,Apache Junction Landfill,405245,Wal-Mart Truth or Consequences PV,NM,429997.6165280103
2027,3,p47,City of Clovis Landfill,400979,"Caprock Solar 1, LLC",NM,2064.0698807021386
2027,3,p47,City of Clovis Landfill,404980,Chaves County Solar II,NM,3082.7018760330025
2027,3,p47,City of Clovis Landfill,401681,"Chaves Solar, LLC",NM,1326.8972411488942
2027,3,p47,City of Clovis Landfill,400614,GSE NM1,NM,67243.65743048862
2027,3,p47,City of Clovis Landfill,404982,Hayhurst New Mexico Solar,NM,8877.040049573447
2027,3,p47,City of Clovis Landfill,402530,Middle Daisy,NM,18387.62615085239
2027,3,p47,City of Clovis Landfill,401682,"Roswell Solar, LLC",NM,1331.1194716099992
2027,3,p47,City of Clovis Landfill,400546,SEV NM Phase 2,NM,89078.75731001595
2027,3,p47,City of Clovis Landfill,400260,SPS1 Dollarhide,NM,16441.438152557297
2027,3,p47,City of Clovis Landfill,400261,SPS2 Jal,NM,20610.129595929364
2027,3,p47,City of Clovis Landfill,400262,SPS3 Lea,NM,18283.299999401588
2027,3,p47,City of Clovis Landfill,400264,SPS5 Hopi,NM,16222.653166841465
2027,3,p47,City of Clovis Landfill,404698,SoCore Clovis 1,NM,2973.70066809609
2027,3,p48,City of Clovis Landfill,406439,"BESSP1, LLC",TX,432972.4925787436
2027,3,p48,City of Clovis Landfill,405590,"Hecate Energy Frye Solar, LLC",TX,836.7711446314948
2027,3,p57,Victoria Landfill,404918,"Hecate Energy Upshur Rural, LLC",TX,25653.538460288233
2027,3,p59,City of Clovis Landfill,402666,Fort Bliss (DEA EPIC),TX,50149.53629666345
2027,3,p59,City of Clovis Landfill,401616,Montana Solar Facility,TX,38093.18865444401
2027,3,p59,City of Clovis Landfill,401045,Newman Solar,TX,6642.371756382896
2027,3,p60,City of Clovis Landfill,403962,"ANSON Solar Center, LLC",TX,838.2951338601184
2027,3,p60,City of Clovis Landfill,403883,Azure Sky Solar,TX,777.0336559254998
2027,3,p60,City of Clovis Landfill,403232,"ENGIE Long Draw Solar, LLC",TX,380.3342874185203
2027,3,p60,City of Clovis Landfill,406252,Highpeak Solar 1,TX,9687.639355896366
2027,3,p60,City of Clovis Landfill,402721,Holstein 1 Solar Farm,TX,886.8512876490908
2027,3,p60,City of Clovis Landfill,405492,Juno Solar Project,TX,322.25564816592555
2027,3,p60,City of Clovis Landfill,402541,Lamesa II,TX,2090.421110323984
2027,3,p60,City of Clovis Landfill,401660,Lamesa Solar,TX,1022.2268480696187
2027,3,p60,City of Clovis Landfill,405932,Lumina II Solar Project,TX,283.19974377839577
2027,3,p60,City of Clovis Landfill,405933,Lumina Solar Project,TX,297.95168156495856
2027,3,p60,City of Clovis Landfill,402909,Misae Solar,TX,424.6227476691113
2027,3,p60,City of Clovis Landfill,400968,"OCI Alamo 7, LLC",TX,1392.6714913799078
2027,3,p60,City of Clovis Landfill,405939,Texas Solar Nova 1,TX,389.50667225492555
2027,3,p61,City of Clovis Landfill,400967,Alamo 6,TX,606.1991328734882
2027,3,p61,City of Clovis Landfill,403557,Aragorn Solar Project,TX,389.1831659220619
2027,3,p61,City of Clovis Landfill,400691,Barilla Solar,TX,2702.293041975
2027,3,p61,City of Clovis Landfill,401946,Bluebell Solar,TX,3986.363413989705
2027,3,p61,City of Clovis Landfill,403574,Bluebell Solar II,TX,874.8695381874849
2027,3,p61,City of Clovis Landfill,400554,"Bryan Solar, LLC",TX,10167.2568405257
2027,3,p61,City of Clovis Landfill,401463,Buckthorn Westex,TX,687.1966172275124
2027,3,p61,City of Clovis Landfill,401703,East Pecos Solar,TX,915.1103235495234
2027,3,p61,Victoria Landfill,405363,Galloway 1 Solar Farm,TX,757.8079528885345
2027,3,p61,City of Clovis Landfill,405494,Galloway 2 Solar Farm,TX,775.4977862098353
2027,3,p61,City of Clovis Landfill,403210,Greasewood,TX,373.0530772830522
2027,3,p61,City of Clovis Landfill,406370,Hayhurst Texas Solar,TX,2035.1894315849393
2027,3,p61,City of Clovis Landfill,402304,Midway Solar-TX,TX,463.9039751053651
2027,3,p61,Victoria Landfill,400695,"OCI Alamo 4, LLC",TX,2989.817454158032
2027,3,p61,City of Clovis Landfill,401868,Pearl Solar,TX,2167.2463322131243
2027,3,p61,City of Clovis Landfill,402290,RE Maplewood,TX,668.7473518880497
2027,3,p61,City of Clovis Landfill,401430,RE Roserock,TX,693.5484808801689
2027,3,p61,City of Clovis Landfill,402848,Rambler,TX,493.12404341965146
2027,3,p61,City of Clovis Landfill,402083,Solaire Holman Solar Project,TX,1854.2156368079934
2027,3,p61,City of Clovis Landfill,403023,"Taygete Energy Project, LLC",TX,352.20571437704064
2027,3,p61,City of Clovis Landfill,404647,Taygete II Energy Project,TX,440.0417317271485
2027,3,p61,City of Clovis Landfill,403551,Titan Solar Project,TX,540.3337226735164
2027,3,p61,Victoria Landfill,406103,Zier Solar,TX,477.5445464520965
2027,3,p62,City of Clovis Landfill,403502,2W Permian Solar Project Hybrid,TX,440.0837933251308
2027,3,p62,City of Clovis Landfill,403697,CED Crane Solar,TX,585.4097881778149
2027,3,p62,City of Clovis Landfill,401525,Castle Gap Solar Hybrid,TX,579.7448396909921
2027,3,p62,City of Clovis Landfill,404599,Emerald Grove,TX,1192.8737279575837
2027,3,p62,City of Clovis Landfill,403004,Lapetus,TX,633.7355274815739
2027,3,p62,City of Clovis Landfill,403280,Oberon IA,TX,586.1200317029777
2027,3,p62,City of Clovis Landfill,403279,Oberon IB,TX,2161.411342862116
2027,3,p62,City of Clovis Landfill,403602,Oxy Renewable Energy-Goldsmith,TX,3429.324796925576
2027,3,p62,City of Clovis Landfill,402679,Phoebe Solar,TX,294.0497845981819
2027,3,p62,City of Clovis Landfill,403177,Prospero Solar,TX,234.81494160135142
2027,3,p62,City of Clovis Landfill,404128,Prospero Solar II,TX,419.2727263441167
2027,3,p62,City of Clovis Landfill,403070,"Roadrunner, LLC",TX,448.7503559719234
2027,3,p62,City of Clovis Landfill,401805,Upton County Solar,TX,985.0695877533351
2027,3,p62,City of Clovis Landfill,402995,West of the Pecos Solar,TX,819.8692910131406
2027,3,p63,Victoria Landfill,405599,"BPL Crown Solar, LLC",TX,1603.2820672456603
2027,3,p63,Victoria Landfill,404966,BPL Files Solar,TX,1361.5102982862636
2027,3,p63,Victoria Landfill,403825,Briar Creek Solar 1,TX,1426.281248138963
2027,3,p63,Victoria Landfill,401697,CoServ Community Solar Station,TX,469198.9688969563
2027,3,p63,Victoria Landfill,403188,Coniglio Solar,TX,2696.832493047475
2027,3,p63,Victoria Landfill,406415,Dileo Solar,TX,2308.2849832328916
2027,3,p63,Victoria Landfill,402655,Eddy II,TX,21521.566820435884
2027,3,p63,Victoria Landfill,406221,Eiffel Solar Project,TX,1140.128475714699
2027,3,p63,Victoria Landfill,405540,"Ellis Solar, LLC",TX,3283.560627157481
2027,3,p63,Victoria Landfill,403823,Elm Branch Solar 1,TX,1408.0766619831747
2027,3,p63,Victoria Landfill,406206,Five Wells Solar Center - Hybrid,TX,508.17896281635456
2027,3,p63,Victoria Landfill,404567,G.S.E. One LLC,TX,4058.741895520648
2027,3,p63,Victoria Landfill,403288,Griffin Solar,TX,32671.599262107648
2027,3,p63,Victoria Landfill,406202,Grizzly Ridge Solar,TX,1722.9411169314724
2027,3,p63,Victoria Landfill,402329,Highway 56 Solar,TX,38149.54849320316
2027,3,p63,Victoria Landfill,405689,"IP Radian, LLC",TX,698.596716217572
2027,3,p63,Victoria Landfill,403481,Impact Solar 1,TX,1507.1179332009663
2027,3,p63,Victoria Landfill,403190,Kellam Solar,TX,3043.903509974931
2027,3,p63,Victoria Landfill,402421,Leon Solar,TX,30835.691854688906
2027,3,p63,Victoria Landfill,403874,Lily Solar Hybrid,TX,1412.7023962074127
2027,3,p63,Victoria Landfill,402404,Marlin Solar,TX,20105.465559722463
2027,3,p63,Victoria Landfill,405794,Noble Solar,TX,1210.444481760459
2027,3,p63,Victoria Landfill,402405,North Gainesville Solar,TX,39222.40093263456
2027,3,p63,Victoria Landfill,401933,Phantom Solar,TX,13661.3732418424
2027,3,p63,Victoria Landfill,404872,"Pisgah Ridge Solar, LLC",TX,644.3196264678658
2027,3,p63,Victoria Landfill,406416,Pitts Dudik Solar,TX,2995.652250478848
2027,3,p63,Victoria Landfill,403189,Rippey Solar,TX,3765.293812200179
2027,3,p63,Victoria Landfill,404630,"Samson Solar Energy III, LLC",TX,1217.5506927131014
2027,3,p63,Victoria Landfill,402652,Sterling Solar (TX),TX,23202.049060707126
2027,3,p63,Victoria Landfill,404812,Sun Valley Solar Project,TX,635.5756927036775
2027,3,p63,Victoria Landfill,404388,"TPE Erath Solar, LLC",TX,15561.02014193284
2027,3,p63,Victoria Landfill,403457,"TPE Whitney Solar, LLC",TX,20272.20819409877
2027,3,p63,Victoria Landfill,405984,Waco Solar,TX,500.77734010192955
2027,3,p63,Victoria Landfill,402306,Walnut Springs Solar,TX,31635.55397453927
2027,3,p63,Victoria Landfill,402497,West Moore Solar II,TX,202230.87339685546
2027,3,p63,Victoria Landfill,402414,Whitewright Solar,TX,49548.1907549942
2027,3,p63,Victoria Landfill,402654,Yellow Jacket,TX,45194.8839375784
2027,3,p64,Victoria Landfill,405731,Austin TX GigaFactory,TX,21468.98850987326
2027,3,p64,Victoria Landfill,402203,Bandera Electric Coop PV,TX,39916.721859969155
2027,3,p64,Victoria Landfill,404721,"Blue Jay Solar I, LLC",TX,311.6810112614681
2027,3,p64,Victoria Landfill,402648,Bovine,TX,2697.7844800878447
2027,3,p64,Victoria Landfill,402389,"E-Volve Energy Holdings, LLC",TX,17216.290959585214
2027,3,p64,Victoria Landfill,400227,East Blackland Solar Project 1,TX,456.519172933097
2027,3,p64,Victoria Landfill,405101,IKEA Round Rock 027,TX,39512.69333032179
2027,3,p64,Victoria Landfill,402653,Lampwick,TX,10474.516064485162
2027,3,p64,Victoria Landfill,405613,Niagara Bottling - Seguin,TX,7423.557280133874
2027,3,p64,Victoria Landfill,402544,PowerFin Kingsbery,TX,14726.125011262211
2027,3,p64,Victoria Landfill,400249,Webberville Solar Project,TX,1789.4270848856397
2027,3,p65,Victoria Landfill,405700,Aktina Solar,TX,1023.3265232587461
2027,3,p65,Victoria Landfill,404074,"Alexis Solar, LLC",TX,108179.85937643154
2027,3,p65,Victoria Landfill,405727,Bernard Creek Solar,TX,3099.787257117221
2027,3,p65,Victoria Landfill,400081,Blue Wing Solar Energy Generation,TX,49571.60967370614
2027,3,p65,Victoria Landfill,405477,Brightside,TX,11540.070812240623
2027,3,p65,Victoria Landfill,401728,CPS 1 Community Solar,TX,638208.3122432306
2027,3,p65,Victoria Landfill,402656,Cascade Solar (TX),TX,55042.61811903091
2027,3,p65,Victoria Landfill,403987,Catan Solar,TX,34206.132124121315
2027,3,p65,Victoria Landfill,403091,Commerce Solar,TX,158916.1929076355
2027,3,p65,Victoria Landfill,404247,"Corazon Energy, LLC",TX,5536.434747622588
2027,3,p65,Victoria Landfill,404062,Elara Solar,TX,7335.467830507374
2027,3,p65,Victoria Landfill,404359,FELPS 1-Calaveras,TX,767750.701827518
2027,3,p65,Victoria Landfill,404361,FELPS 2-Calaveras,TX,682953.6732251877
2027,3,p65,Victoria Landfill,404362,FELPS 3-Floresville South,TX,541977.9028957775
2027,3,p65,Victoria Landfill,404363,FELPS 4-Floresville South,TX,542058.9190280307
2027,3,p65,Victoria Landfill,404364,FELPS 5-Floresville South,TX,542201.9559735958
2027,3,p65,Victoria Landfill,404739,FELPS 6- Floresville West,TX,640445.0295829852
2027,3,p65,Victoria Landfill,404740,FELPS 7- Floresville West,TX,823286.3907199259
2027,3,p65,Victoria Landfill,406516,Ganado Solar,TX,1751.4685843096415
2027,3,p65,Victoria Landfill,405801,Horizon Solar,TX,5860.596092966781
2027,3,p65,Victoria Landfill,405380,IKEA Live Oak Rooftop PV System,TX,427529.7890121616
2027,3,p65,Victoria Landfill,403343,Mars Solar,TX,126454.34471707085
2027,3,p65,Victoria Landfill,404877,Nebula Solar,TX,12055.986951518607
2027,3,p65,Victoria Landfill,400694,"OCI Alamo 2, LLC",TX,198889.64236296088
2027,3,p65,Victoria Landfill,400965,"OCI Alamo 3, LLC",TX,125603.76319785482
2027,3,p65,Victoria Landfill,400966,"OCI Alamo 5, LLC",TX,18020.091402378028
2027,3,p65,Victoria Landfill,400593,OCI Alamo Solar I Hybrid,TX,21505.18958396965
2027,3,p65,Victoria Landfill,405809,Shakes Solar,TX,6639.121051430211
2027,3,p65,Victoria Landfill,405545,Sparta Solar,TX,2606.3359318508005
2027,3,p65,Victoria Landfill,400379,"SunE CPS1, LLC",TX,98507.51189447935
2027,3,p65,Victoria Landfill,400364,"SunE CPS2, LLC",TX,69271.28177298534
2027,3,p65,Victoria Landfill,400353,"SunE CPS3, LLC",TX,122551.36175752424
2027,3,p65,Victoria Landfill,406032,Tres Bahias,TX,1307.0820545795366
2027,3,p65,Victoria Landfill,404878,Vancourt Solar Interconnections,TX,28664.613651336094
2027,3,p66,Victoria Landfill,406386,Umbriel Solar,TX,3477.572753101644
2027,3,p67,Victoria Landfill,404939,Brazoria County Solar Project (Danciger),TX,424.85498219637265
2027,3,p67,Victoria Landfill,404681,Brazoria West,TX,959.3768635874137
2027,3,p67,Victoria Landfill,402649,Bronson,TX,7038.330238851657
2027,3,p67,Victoria Landfill,406178,"Cutlass Solar 1, LLC",TX,729.3109858413911
2027,3,p67,Victoria Landfill,404587,Fighting Jays Solar Project,TX,456.4664794937366
2027,3,p67,Victoria Landfill,405564,"Fort Bend Solar, LLC",TX,425.0211286380939
2027,3,p67,Victoria Landfill,404853,"Longbow Solar, LLC",TX,1652.8893469414718
2027,3,p67,Victoria Landfill,403514,Wagyu,TX,732.6320210092794
2027,4,p12,Apex Regional Landfill,402144,Battle Mountain Solar Project,NV,1120.069721282921
2027,4,p12,Apex Regional Landfill,405553,Dodge Flat,NV,1951.3174318477547
2027,4,p12,Apex Regional Landfill,402609,"EGP Stillwater Solar PV II, LLC",NV,3464.3886936526237
2027,4,p12,Apex Regional Landfill,404659,Fish Springs,NV,1484.4062943819872
2027,4,p12,Apex Regional Landfill,401086,Ft. Churchill PV,NV,12732.708543099754
2027,4,p12,Apex Regional Landfill,402130,Luning Energy,NV,1126.1402619771322
2027,4,p12,Apex Regional Landfill,403107,NVSS-II,NV,843.2317300408716
2027,4,p12,Apex Regional Landfill,400468,"Patua Acquisition Project, LLC",NV,8647.058292209129
2027,4,p12,Apex Regional Landfill,405023,Steamboat II,NV,69831.9138586382
2027,4,p12,Apex Regional Landfill,400029,Stillwater Facility,NV,4527.882746766938
2027,4,p12,Apex Regional Landfill,401318,Sunshine Valley Solar,NV,257.2630666547821
2027,4,p12,Apex Regional Landfill,405026,TS Power Plant,NV,877.9357380440684
2027,4,p12,Apex Regional Landfill,405576,Tesla Reno GigaFactory,NV,37659.70154155237
2027,4,p12,Apex Regional Landfill,401943,Tungsten Mountain,NV,9751.785840172275
2027,4,p12,Apex Regional Landfill,403308,Turquoise Liberty Solar,NV,15396.370584273673
2027,4,p12,Apex Regional Landfill,403884,"Turquoise Nevada, LLC",NV,2864.3442589116657
2027,4,p12,Apex Regional Landfill,400035,Western 102 Power Plant,NV,382222.52765835385
2027,4,p13,Apex Regional Landfill,400555,Apex Solar PV Power Project,NV,618.3846227750099
2027,4,p13,Apex Regional Landfill,405385,Arrow Canyon Solar Hybrid,NV,369.2409252223825
2027,4,p13,Apex Regional Landfill,402017,"Boulder Solar II, LLC",NV,333.3329962168337
2027,4,p13,Apex Regional Landfill,401649,"Boulder Solar Power, LLC",NV,206.93110169742647
2027,4,p13,Apex Regional Landfill,400059,CM10,NV,2051.653908489242
2027,4,p13,Apex Regional Landfill,400086,CM48,NV,472.20338019727814
2027,4,p13,Apex Regional Landfill,400363,Copper Mountain Solar 2,NV,164.70109130364042
2027,4,p13,Apex Regional Landfill,400802,Copper Mountain Solar 3,NV,103.0528336216506
2027,4,p13,Apex Regional Landfill,401308,"Copper Mountain Solar 4, LLC",NV,221.19691310530837
2027,4,p13,Apex Regional Landfill,403688,"Copper Mountain Solar 5, LLC",NV,123.80207701539878
2027,4,p13,Apex Regional Landfill,405358,Dignity - San Martin,NV,6732.2780014811615
2027,4,p13,Apex Regional Landfill,405355,Dignity - Siena Campus,NV,4980.91208837602
2027,4,p13,Apex Regional Landfill,405556,Dry Lake Solar Energy Center,NV,182.85571045834303
2027,4,p13,Apex Regional Landfill,405495,Gemini Solar,NV,91.57178879998537
2027,4,p13,Apex Regional Landfill,403386,"Harry Allen Solar Energy, LLC",NV,215.69761476272572
2027,4,p13,Apex Regional Landfill,406090,IGS LAS1,NV,16113.566897978117
2027,4,p13,Apex Regional Landfill,406089,IGS VGT,NV,6264.221983061543
2027,4,p13,Apex Regional Landfill,405309,IKEA Las Vegas 462,NV,9843.589003290808
2027,4,p13,Apex Regional Landfill,400545,Las Vegas WPCF Solar Plant,NV,1190.8668894029167
2027,4,p13,Apex Regional Landfill,400313,Moapa Southern Paiute,NV,129.62243876651846
2027,4,p13,Apex Regional Landfill,400600,Mountain View Solar,NV,680.4974379723445
2027,4,p13,Apex Regional Landfill,400036,Nellis Air Force Base Solar Array,NV,564.4652970013417
2027,4,p13,Apex Regional Landfill,401381,Nellis Solar PV II,NV,257.27902756117567
2027,4,p13,Apex Regional Landfill,401319,"Playa Solar 1, LLC",NV,210.9000875865205
2027,4,p13,Apex Regional Landfill,401596,Playa Solar 2,NV,178.96226941010033
2027,4,p13,Apex Regional Landfill,401274,River Mountains Solar,NV,747.912920861532
2027,4,p13,Mohave Valley Landfill,401042,Searchlight Solar,NV,3589.1011613483815
2027,4,p13,Apex Regional Landfill,400166,Silver State Solar Power North,NV,969.3081346673727
2027,4,p13,Apex Regional Landfill,400658,Silver State Solar Power South,NV,171.1554675931422
2027,4,p13,Apex Regional Landfill,405246,"Solar Las Vegas MB 2, LLC",NV,3399.5058985607343
2027,4,p13,Apex Regional Landfill,405188,Solar Las Vegas MB-1,NV,956.923368901673
2027,4,p13,Apex Regional Landfill,400556,Spectrum Solar PV Power Project,NV,343.56960394823415
2027,4,p13,Apex Regional Landfill,402485,"Techren Solar I, LLC",NV,185.81197144045078
2027,4,p13,Apex Regional Landfill,402690,"Techren Solar II, LLC",NV,115.19530222581737
2027,4,p13,Apex Regional Landfill,402691,"Techren Solar III, LLC",NV,972.9268724194569
2027,4,p13,Apex Regional Landfill,402692,"Techren Solar IV, LLC",NV,765.232388340132
2027,4,p13,Apex Regional Landfill,403001,Techren Solar V,NV,297.75229533258187
2027,4,p13,Apex Regional Landfill,401851,Townsite Solar Project Hybrid,NV,122.62708417861259
2027,4,p13,Apex Regional Landfill,406448,Yellow Pine II,NV,456.1417719038083
2027,4,p13,Apex Regional Landfill,404971,Yellow Pine Solar,NV,472.88701792329255
2027,4,p27,Mohave Valley Landfill,400374,"Black Mountain Solar, LLC",AZ,500.17959977402484
2027,4,p27,Mohave Valley Landfill,402236,Gray Hawk Solar,AZ,205.34728280650515
2027,4,p27,Mohave Valley Landfill,401819,Jacobson 5 MW Solar,AZ,1494.3096948299221
2027,4,p27,Mohave Valley Landfill,400199,La Senita,AZ,5503.529293498024
2027,4,p27,Mohave Valley Landfill,403718,Mohave Electric Cooperative at Joy Lane,AZ,86.90918277438993
2027,4,p27,Mohave Valley Landfill,401311,Mohave Electric at Fort Mohave,AZ,218.87124073597104
2027,4,p27,Mohave Valley Landfill,406478,Mohave Energy - Hybrid,AZ,66.78793669666527
2027,4,p28,Apache Junction Landfill,405418,AZ State University - Tempe Campus Solar,AZ,8340.114216448601
2027,4,p28,South Yuma County Landfill,400148,Agua Caliente Solar Project,AZ,198.7191701849778
2027,4,p28,Apache Junction Landfill,402067,Apache Solar 1,AZ,4936.8209285727635
2027,4,p28,South Yuma County Landfill,400274,Arizona Western College PV,AZ,1437.3001995608633
2027,4,p28,Apache Junction Landfill,400240,Arlington Valley Solar Energy II,AZ,433.66974378292895
2027,4,p28,Apache Junction Landfill,400437,Badger 1,AZ,3052.355274077805
2027,4,p28,Apache Junction Landfill,401688,Bonnybrooke PV,AZ,408.6816425786842
2027,4,p28,Apache Junction Landfill,400371,Buckeye Union HS District 201,AZ,15660.083992670485
2027,4,p28,Apache Junction Landfill,405635,"Central Line Solar, LLC",AZ,358.09290944537037
2027,4,p28,Apache Junction Landfill,400201,Chino Solar Valley,AZ,3410.1000442627537
2027,4,p28,Apache Junction Landfill,400202,Cotton Center Solar Hybrid,AZ,2477.877544124457
2027,4,p28,Apache Junction Landfill,401069,Desert Star Hybrid,AZ,4027.06030735449
2027,4,p28,Apache Junction Landfill,403257,East Line Solar,AZ,286.1814933378909
2027,4,p28,Apache Junction Landfill,406171,Eleven Mile Solar Center,AZ,122.99076506636511
2027,4,p28,Apache Junction Landfill,405244,Estrella Mountain PV,AZ,15908.962454194483
2027,4,p28,South Yuma County Landfill,400349,Foothills Solar Plant Hybrid,AZ,245.91063814643286
2027,4,p28,Apache Junction Landfill,400825,Fort Huachuca Solar PV Project,AZ,5431.7492227610555
2027,4,p28,Apache Junction Landfill,400845,Gila Bend Hybrid,AZ,1290.259762681258
2027,4,p28,Apache Junction Landfill,400599,"Gilbert Solar Facility I, LLC",AZ,4229.255696196162
2027,4,p28,South Yuma County Landfill,400507,Hyder II Hybrid,AZ,3428.3631802477257
2027,4,p28,South Yuma County Landfill,400204,Hyder Solar Hybrid,AZ,3359.7113527749348
2027,4,p28,Apache Junction Landfill,405282,Intel - Ocotillo Campus Solar,AZ,3951.0102590771403
2027,4,p28,Apache Junction Landfill,405125,Jewish Community Center PV,AZ,19016.34903499071
2027,4,p28,Apache Junction Landfill,402234,Kayenta Solar Project,AZ,3015.320965082545
2027,4,p28,Apache Junction Landfill,400595,Lake Pleasant WTP,AZ,5181.957724551491
2027,4,p28,Apache Junction Landfill,400128,Luke Solar,AZ,3398.42701784765
2027,4,p28,Apache Junction Landfill,405068,Macys Goodyear,AZ,12343.303404973778
2027,4,p28,South Yuma County Landfill,406279,McFarland A Solar and Storage,AZ,272.9751105370408
2027,4,p28,Apache Junction Landfill,405617,Mesa Carport PV,AZ,746.1249789757079
2027,4,p28,Apache Junction Landfill,404512,Mesa Solar Array,AZ,770.191379643099
2027,4,p28,Apache Junction Landfill,400250,Mesquite Solar 1,AZ,750.4996906747098
2027,4,p28,Apache Junction Landfill,401621,"Mesquite Solar 2, LLC",AZ,522.6936173691048
2027,4,p28,Apache Junction Landfill,401622,"Mesquite Solar 3, LLC",AZ,443.6203870746106
2027,4,p28,Apache Junction Landfill,406038,"Mesquite Solar 4, LLC",AZ,1059.3488507919835
2027,4,p28,Apache Junction Landfill,404922,"Mesquite Solar 5, LLC",AZ,929.1179103951946
2027,4,p28,Mohave Valley Landfill,403572,OE_AZ1,AZ,2312.0909668776117
2027,4,p28,Apache Junction Landfill,400203,Paloma Solar Hybrid,AZ,3983.7540581335656
2027,4,p28,Apache Junction Landfill,405126,Paradise Valley H.S. PV,AZ,21704.05050232548
2027,4,p28,Apache Junction Landfill,405150,Phoenix Airport East Economy Lot,AZ,16026.832811614728
2027,4,p28,Apache Junction Landfill,405151,Phoenix Airport Rental Car Center,AZ,22411.409599971576
2027,4,p28,Apache Junction Landfill,402528,Pinal Central Energy Center Hybrid,AZ,1060.8776563662504
2027,4,p28,Apache Junction Landfill,400125,"Poseidon Solar, LLC",AZ,532.8482852759624
2027,4,p28,Apache Junction Landfill,400031,Prescott Airport,AZ,25799.463723423418
2027,4,p28,Apache Junction Landfill,400401,Prescott Solar Plant,AZ,6695.388808820726
2027,4,p28,Apache Junction Landfill,400323,Queen Creek Solar Farm,AZ,307.99660677501186
2027,4,p28,Mohave Valley Landfill,400289,"RE Bagdad Solar I, LLC",AZ,4673.618377071737
2027,4,p28,Apache Junction Landfill,405132,"RE Gillespie 1, LLC",AZ,2761.938942893109
2027,4,p28,Apache Junction Landfill,400758,Red Horse 2,AZ,1247.6694630052052
2027,4,p28,Apache Junction Landfill,401609,Red Horse III,AZ,2241.6589763759766
2027,4,p28,Apache Junction Landfill,401726,Red Rock,AZ,913.0915239585701
2027,4,p28,Apache Junction Landfill,406380,SR McNeal,AZ,4955.946388866506
2027,4,p28,Apache Junction Landfill,400416,Saddle Mountain Solar I,AZ,4267.424036957685
2027,4,p28,Apache Junction Landfill,403674,Saint Solar,AZ,349.00441963805275
2027,4,p28,Apache Junction Landfill,401214,Sandstone Solar,AZ,427.08462468292345
2027,4,p28,Apache Junction Landfill,405029,Solana Generating Station,AZ,256.6384930192975
2027,4,p28,Apache Junction Landfill,406275,Sonoran Solar Energy,AZ,136.0370981587454
2027,4,p28,Apache Junction Landfill,406034,Storey Solar and Storage,AZ,247.80451453237572
2027,4,p28,Apache Junction Landfill,401664,Sulphur Springs,AZ,3825.5348599279037
2027,4,p28,Apache Junction Landfill,403643,Sun Streams 2,AZ,375.13216418749926
2027,4,p28,Apache Junction Landfill,406517,Sun Streams 3,AZ,272.97983823103925
2027,4,p28,Apache Junction Landfill,401975,"Sun Streams, LLC",AZ,520.9309148841022
2027,4,p28,Apache Junction Landfill,405311,T0588 Phoenix - AZ,AZ,24849.361359884366
2027,4,p28,Apache Junction Landfill,405134,Union HS at Casa Grande,AZ,12013.281724696351
2027,4,p28,Apache Junction Landfill,405135,Vista Grande HS at Casa Grande,AZ,18454.89259813716
2027,4,p28,Apache Junction Landfill,400334,Walmart Casa Grande,AZ,13912.37963157058
2027,4,p28,Apache Junction Landfill,406098,"West Line Solar, LLC",AZ,361.65691802263416
2027,4,p29,Apache Junction Landfill,400014,Springerville,AZ,6927.380187508895
2027,4,p30,Apache Junction Landfill,405143,Actus Lend Lease DMAFB,AZ,12044.5225177799
2027,4,p30,Apache Junction Landfill,405611,Amazon TUS2,AZ,14685.0341536291
2027,4,p30,Apache Junction Landfill,405268,Amphitheater High School Solar,AZ,29907.080865616266
2027,4,p30,Apache Junction Landfill,400939,Avalon Solar,AZ,1578.936783975943
2027,4,p30,Apache Junction Landfill,401479,Avalon Solar II,AZ,2496.011845380459
2027,4,p30,Apache Junction Landfill,400226,Avra Valley Solar,AZ,1647.2043980555186
2027,4,p30,Apache Junction Landfill,404704,Broadway 2 - Tucson Phase II,AZ,13722.744207370846
2027,4,p30,Apache Junction Landfill,405768,Broadway 3 - Tucson Phase I,AZ,28682.54198281778
2027,4,p30,Apache Junction Landfill,405269,Canyon Del Oro High School Solar,AZ,6972.637270431024
2027,4,p30,Apache Junction Landfill,400757,Cogenra-TEP,AZ,35137.27766940415
2027,4,p30,Apache Junction Landfill,401295,Davis Monthan AFB (AZ) West Airfield,AZ,3764.2603304984136
2027,4,p30,Apache Junction Landfill,400330,FRB Solar Farm,AZ,18402.737360540315
2027,4,p30,Apache Junction Landfill,400761,"Gato Montes Solar, LLC",AZ,7819.914586389484
2027,4,p30,Apache Junction Landfill,404536,Iron Horse Battery Storage Hybrid,AZ,19515.14809651055
2027,4,p30,Apache Junction Landfill,400552,"Picture Rocks Solar, LLC",AZ,4327.819127614461
2027,4,p30,Apache Junction Landfill,405374,Pima Community College,AZ,38282.399227857786
2027,4,p30,Apache Junction Landfill,405303,Pima Community College - East Campus,AZ,31386.868376524533
2027,4,p30,Apache Junction Landfill,405516,Pima Community College NW,AZ,35602.12555586149
2027,4,p30,Apache Junction Landfill,400408,Prairie Fire,AZ,7754.819067873131
2027,4,p30,Apache Junction Landfill,400290,"RE Ajo 1, LLC",AZ,8290.06913529043
2027,4,p30,Apache Junction Landfill,404926,Raptor Ridge,AZ,3029.8726419414043
2027,4,p30,Apache Junction Landfill,400857,Rio Rico Solar,AZ,8957.422477374004
2027,4,p30,Apache Junction Landfill,400193,Roger Road WWTP,AZ,32190.39787545988
2027,4,p30,Apache Junction Landfill,401076,Tech Park Solar,AZ,9875.698793560969
2027,4,p30,Apache Junction Landfill,400156,UASTP I,AZ,36676.327425328396
2027,4,p30,Apache Junction Landfill,401075,Valencia Solar,AZ,6251.40169639156
2027,4,p30,Apache Junction Landfill,404187,"Wilmot Energy Center, LLC",AZ,392.17014360575837
2027,4,p31,City of Clovis Landfill,400211,Alamogordo Solar Energy Center,NM,51437.207212296344
2027,4,p31,Northeastern New Mexico Regional Landfill,400206,Albuquerque Solar Energy Center,NM,72847.5394223608
2027,4,p31,Northeastern New Mexico Regional Landfill,403675,Alcalde Solar Array,NM,55133.365330333865
2027,4,p31,Apache Junction Landfill,401595,Alta Luna,NM,10002.436613116579
2027,4,p31,Northeastern New Mexico Regional Landfill,404724,Angel Fire Energy Facility,NM,4294.75401619427
2027,4,p31,Northeastern New Mexico Regional Landfill,405469,Arroyo Solar Energy Storage Hybrid,NM,737.6089169023206
2027,4,p31,Northeastern New Mexico Regional Landfill,403321,Bluewater CDEC 1,NM,93185.66617221416
2027,4,p31,Northeastern New Mexico Regional Landfill,403736,Britton Solar Energy Center,NM,2320.4530251260344
2027,4,p31,City of Clovis Landfill,404981,Buena Vista Energy Center,NM,2121.779320322613
2027,4,p31,Northeastern New Mexico Regional Landfill,402876,CNMEC Solar Energy Center,NM,62489.20148940855
2027,4,p31,City of Clovis Landfill,402519,Carrizozo Solar,NM,60560.31969587777
2027,4,p31,Northeastern New Mexico Regional Landfill,401202,Cibola,NM,21378.36645648538
2027,4,p31,Northeastern New Mexico Regional Landfill,400104,Cimarron Solar Facility,NM,893.401750118583
2027,4,p31,Apache Junction Landfill,402988,City of Gallup Solar,NM,35273.354569744544
2027,4,p31,Northeastern New Mexico Regional Landfill,403604,City of Rio Rancho WWTP,NM,168287.25424137714
2027,4,p31,Apache Junction Landfill,401225,City of Truth or Consequences PV,NM,168289.15949424612
2027,4,p31,Apache Junction Landfill,402177,Columbus Solar Project,NM,137962.16660458336
2027,4,p31,Northeastern New Mexico Regional Landfill,404748,"Cuba 2.5ac, LLC",NM,52876.06763003316
2027,4,p31,Apache Junction Landfill,400209,Deming Solar Energy Center,NM,33945.66303829266
2027,4,p31,Northeastern New Mexico Regional Landfill,403868,Encino Solar Energy Center,NM,2827.7392764504857
2027,4,p31,Northeastern New Mexico Regional Landfill,401038,Eubank Landfill Solar Array,NM,110350.84341808662
2027,4,p31,Northeastern New Mexico Regional Landfill,402441,Facebook 1 Solar Energy Center,NM,15387.657135307183
2027,4,p31,Northeastern New Mexico Regional Landfill,402442,Facebook 2 Solar Energy Center,NM,14809.343598592675
2027,4,p31,Northeastern New Mexico Regional Landfill,402443,Facebook 3 Solar Energy Center,NM,16464.795198609983
2027,4,p31,Northeastern New Mexico Regional Landfill,403322,Grants CDEC 2,NM,62395.922140875584
2027,4,p31,Apache Junction Landfill,400216,"Hatch Solar Energy Center I, LLC",NM,58516.19329064565
2027,4,p31,City of Clovis Landfill,401617,Holloman Solar Facility,NM,50807.3727604919
2027,4,p31,Northeastern New Mexico Regional Landfill,406109,"Jicarilla Solar 1, LLC",NM,3056.1409778165703
2027,4,p31,Northeastern New Mexico Regional Landfill,400427,Kit Carson,NM,65007.83604596313
2027,4,p31,Northeastern New Mexico Regional Landfill,400210,Las Vegas Solar Energy Center,NM,11359.147249223193
2027,4,p31,Northeastern New Mexico Regional Landfill,400434,Los Alamos PV Site,NM,120714.80789348822
2027,4,p31,Northeastern New Mexico Regional Landfill,400207,Los Lunas Solar Energy Center,NM,31282.402565518394
2027,4,p31,Apache Junction Landfill,400838,Macho Springs,NM,6906.4528422176145
2027,4,p31,Northeastern New Mexico Regional Landfill,400582,Manzano Solar,NM,21090.91993510636
2027,4,p31,Northeastern New Mexico Regional Landfill,401201,Meadow Lake Solar Energy Center,NM,26134.277104343397
2027,4,p31,Northeastern New Mexico Regional Landfill,406177,"NMRD Data Center III, LLC",NM,2787.4800408274223
2027,4,p31,City of Clovis Landfill,405693,NMSU Solar and Storage,NM,146015.74035654037
2027,4,p31,Northeastern New Mexico Regional Landfill,406375,OE_ESCL,NM,1176.843735658298
2027,4,p31,City of Clovis Landfill,400581,Otero Solar,NM,37315.534854474514
2027,4,p31,Northeastern New Mexico Regional Landfill,400146,Questa Solar Facility,NM,139180.4126547155
2027,4,p31,Northeastern New Mexico Regional Landfill,403178,"RC Energy AA, LLC Solar Facility",NM,215110.3111731873
2027,4,p31,Northeastern New Mexico Regional Landfill,401566,Rio Communities Solar Energy Center,NM,26509.036544739593
2027,4,p31,Northeastern New Mexico Regional Landfill,403084,Rio De Oro Solar Energy Center,NM,22268.541056962247
2027,4,p31,Northeastern New Mexico Regional Landfill,400624,Rio Rancho High School,NM,163755.30632395225
2027,4,p31,City of Clovis Landfill,400135,Roadrunner Solar,NM,13923.942906886406
2027,4,p31,Northeastern New Mexico Regional Landfill,404648,"Route 66 Energy Center, LLC",NM,4220.3887569475655
2027,4,p31,Northeastern New Mexico Regional Landfill,403387,San Miguel I Solar Energy Center,NM,4507.690791124246
2027,4,p31,Northeastern New Mexico Regional Landfill,405458,San Miguel II Solar Energy Center,NM,4983.87100275636
2027,4,p31,Northeastern New Mexico Regional Landfill,401161,Sandoval Solar Energy Center,NM,28322.236584814196
2027,4,p31,Northeastern New Mexico Regional Landfill,401564,Santa Fe Solar Energy Center,NM,15988.350260888768
2027,4,p31,Northeastern New Mexico Regional Landfill,401565,Santolina Solar Energy Center,NM,15913.502915982455
2027,4,p31,Apache Junction Landfill,400596,Silver City WWTP PV Project,NM,254387.24159771108
2027,4,p31,Northeastern New Mexico Regional Landfill,406343,Sky Ranch Solar,NM,862.8204215504406
2027,4,p31,Northeastern New Mexico Regional Landfill,401563,South Valley Solar Energy Center,NM,18117.4354222206
2027,4,p31,Northeastern New Mexico Regional Landfill,401162,Springer Solar 1,NM,26812.74876636166
2027,4,p31,Northeastern New Mexico Regional Landfill,400735,Storrie Lake Solar Project,NM,32361.351427755082
2027,4,p31,Northeastern New Mexico Regional Landfill,400623,Sue Cleveland High School,NM,160056.06638011412
2027,4,p31,City of Clovis Landfill,400343,"SunE EPE1, LLC",NM,50954.68058926957
2027,4,p31,City of Clovis Landfill,400342,"SunE EPE2, LLC",NM,22707.68119153144
2027,4,p31,Northeastern New Mexico Regional Landfill,402854,Syncarpha Eagle Nest,NM,58828.50069599302
2027,4,p31,Northeastern New Mexico Regional Landfill,403412,Syncarpha El Rito,NM,93098.14919179509
2027,4,p31,Northeastern New Mexico Regional Landfill,403413,Syncarpha Questa,NM,57279.41970105124
2027,4,p31,Northeastern New Mexico Regional Landfill,403411,Syncarpha Taos,NM,32388.13789389146
2027,4,p31,Northeastern New Mexico Regional Landfill,404618,Taos Mesa Energy Facility Hybrid,NM,5089.414752928016
2027,4,p31,Northeastern New Mexico Regional Landfill,403011,Vista Solar Energy Center,NM,16923.654524487196
2027,4,p31,City of Clovis Landfill,400354,WSMR I,NM,66489.71686299951
2027,4,p31,Apache Junction Landfill,405245,Wal-Mart Truth or Consequences PV,NM,515987.88042961236
2027,4,p47,City of Clovis Landfill,400979,"Caprock Solar 1, LLC",NM,2648.8374384170356
2027,4,p47,City of Clovis Landfill,404980,Chaves County Solar II,NM,3082.7018760330025
2027,4,p47,City of Clovis Landfill,401681,"Chaves Solar, LLC",NM,1472.398775865438
2027,4,p47,City of Clovis Landfill,400614,GSE NM1,NM,67243.65743048862
2027,4,p47,City of Clovis Landfill,404982,Hayhurst New Mexico Solar,NM,7991.074387486102
2027,4,p47,City of Clovis Landfill,402530,Middle Daisy,NM,22980.18683139049
2027,4,p47,City of Clovis Landfill,401682,"Roswell Solar, LLC",NM,1477.0901430444435
2027,4,p47,City of Clovis Landfill,400546,SEV NM Phase 2,NM,89078.75731001595
2027,4,p47,City of Clovis Landfill,400260,SPS1 Dollarhide,NM,18494.44499303946
2027,4,p47,City of Clovis Landfill,400261,SPS2 Jal,NM,16033.963780989507
2027,4,p47,City of Clovis Landfill,400262,SPS3 Lea,NM,18283.299999401588
2027,4,p47,City of Clovis Landfill,400264,SPS5 Hopi,NM,18248.311884109145
2027,4,p47,City of Clovis Landfill,404698,SoCore Clovis 1,NM,2973.70066809609
2027,4,p48,City of Clovis Landfill,406439,"BESSP1, LLC",TX,432972.4925787436
2027,4,p48,City of Clovis Landfill,405590,"Hecate Energy Frye Solar, LLC",TX,836.7711446314948
2027,4,p57,Victoria Landfill,404918,"Hecate Energy Upshur Rural, LLC",TX,25653.538460288233
2027,4,p59,City of Clovis Landfill,402666,Fort Bliss (DEA EPIC),TX,39009.05788156046
2027,4,p59,City of Clovis Landfill,401616,Montana Solar Facility,TX,28574.23734800801
2027,4,p59,City of Clovis Landfill,401045,Newman Solar,TX,6642.371756382896
2027,4,p60,City of Clovis Landfill,403962,"ANSON Solar Center, LLC",TX,633.0672075700887
2027,4,p60,City of Clovis Landfill,403883,Azure Sky Solar,TX,777.0336559254998
2027,4,p60,City of Clovis Landfill,403232,"ENGIE Long Draw Solar, LLC",TX,432.1844100925946
2027,4,p60,City of Clovis Landfill,406252,Highpeak Solar 1,TX,9687.639355896366
2027,4,p60,City of Clovis Landfill,402721,Holstein 1 Solar Farm,TX,886.8512876490908
2027,4,p60,City of Clovis Landfill,405492,Juno Solar Project,TX,322.25564816592555
2027,4,p60,City of Clovis Landfill,402541,Lamesa II,TX,2090.421110323984
2027,4,p60,City of Clovis Landfill,401660,Lamesa Solar,TX,878.6777881596732
2027,4,p60,City of Clovis Landfill,405932,Lumina II Solar Project,TX,283.19974377839577
2027,4,p60,City of Clovis Landfill,405933,Lumina Solar Project,TX,297.95168156495856
2027,4,p60,City of Clovis Landfill,402909,Misae Solar,TX,424.6227476691113
2027,4,p60,City of Clovis Landfill,400968,"OCI Alamo 7, LLC",TX,1220.7604835449195
2027,4,p60,City of Clovis Landfill,405939,Texas Solar Nova 1,TX,389.50667225492555
2027,4,p61,City of Clovis Landfill,400967,Alamo 6,TX,753.4030589168605
2027,4,p61,City of Clovis Landfill,403557,Aragorn Solar Project,TX,389.1831659220619
2027,4,p61,City of Clovis Landfill,400691,Barilla Solar,TX,2702.293041975
2027,4,p61,City of Clovis Landfill,401946,Bluebell Solar,TX,3986.363413989705
2027,4,p61,City of Clovis Landfill,403574,Bluebell Solar II,TX,874.8695381874849
2027,4,p61,City of Clovis Landfill,400554,"Bryan Solar, LLC",TX,10167.2568405257
2027,4,p61,City of Clovis Landfill,401463,Buckthorn Westex,TX,591.5090188664393
2027,4,p61,City of Clovis Landfill,401703,East Pecos Solar,TX,786.8636242853058
2027,4,p61,Victoria Landfill,405363,Galloway 1 Solar Farm,TX,757.8079528885345
2027,4,p61,Victoria Landfill,405494,Galloway 2 Solar Farm,TX,861.5154131346825
2027,4,p61,City of Clovis Landfill,403210,Greasewood,TX,373.0530772830522
2027,4,p61,City of Clovis Landfill,406370,Hayhurst Texas Solar,TX,2899.9634328213406
2027,4,p61,City of Clovis Landfill,402304,Midway Solar-TX,TX,414.2905810603245
2027,4,p61,Victoria Landfill,400695,"OCI Alamo 4, LLC",TX,2501.4316607650267
2027,4,p61,City of Clovis Landfill,401868,Pearl Solar,TX,2167.2463322131243
2027,4,p61,City of Clovis Landfill,402290,RE Maplewood,TX,389.59138480745696
2027,4,p61,City of Clovis Landfill,401430,RE Roserock,TX,693.5484808801689
2027,4,p61,City of Clovis Landfill,402848,Rambler,TX,493.12404341965146
2027,4,p61,City of Clovis Landfill,402083,Solaire Holman Solar Project,TX,1650.123169240439
2027,4,p61,City of Clovis Landfill,403023,"Taygete Energy Project, LLC",TX,352.20571437704064
2027,4,p61,City of Clovis Landfill,404647,Taygete II Energy Project,TX,510.48478223167325
2027,4,p61,City of Clovis Landfill,403551,Titan Solar Project,TX,540.3337226735164
2027,4,p61,Victoria Landfill,406103,Zier Solar,TX,529.7997780336085
2027,4,p62,City of Clovis Landfill,403502,2W Permian Solar Project Hybrid,TX,440.0837933251308
2027,4,p62,City of Clovis Landfill,403697,CED Crane Solar,TX,680.080848090784
2027,4,p62,City of Clovis Landfill,401525,Castle Gap Solar Hybrid,TX,579.7448396909921
2027,4,p62,City of Clovis Landfill,404599,Emerald Grove,TX,857.0193567411314
2027,4,p62,City of Clovis Landfill,403004,Lapetus,TX,633.7355274815739
2027,4,p62,City of Clovis Landfill,403280,Oberon IA,TX,586.1200317029777
2027,4,p62,City of Clovis Landfill,403279,Oberon IB,TX,2161.411342862116
2027,4,p62,City of Clovis Landfill,403602,Oxy Renewable Energy-Goldsmith,TX,3050.2202004560672
2027,4,p62,City of Clovis Landfill,402679,Phoebe Solar,TX,340.16084391454547
2027,4,p62,City of Clovis Landfill,403177,Prospero Solar,TX,234.81494160135142
2027,4,p62,City of Clovis Landfill,404128,Prospero Solar II,TX,419.2727263441167
2027,4,p62,City of Clovis Landfill,403070,"Roadrunner, LLC",TX,448.7503559719234
2027,4,p62,City of Clovis Landfill,401805,Upton County Solar,TX,985.0695877533351
2027,4,p62,City of Clovis Landfill,402995,West of the Pecos Solar,TX,705.2284535398348
2027,4,p63,Victoria Landfill,405599,"BPL Crown Solar, LLC",TX,1410.309645564953
2027,4,p63,Victoria Landfill,404966,BPL Files Solar,TX,1361.5102982862636
2027,4,p63,Victoria Landfill,403825,Briar Creek Solar 1,TX,1426.281248138963
2027,4,p63,Victoria Landfill,402610,Chisum,TX,23298.91296917356
2027,4,p63,Victoria Landfill,401697,CoServ Community Solar Station,TX,234629.23579537813
2027,4,p63,Victoria Landfill,403188,Coniglio Solar,TX,2696.832493047475
2027,4,p63,Victoria Landfill,406415,Dileo Solar,TX,2308.2849832328916
2027,4,p63,Victoria Landfill,402655,Eddy II,TX,53714.66301038973
2027,4,p63,Victoria Landfill,406221,Eiffel Solar Project,TX,1294.5035874167988
2027,4,p63,Victoria Landfill,405540,"Ellis Solar, LLC",TX,3283.560627157481
2027,4,p63,Victoria Landfill,403823,Elm Branch Solar 1,TX,1600.7300860093424
2027,4,p63,Victoria Landfill,406206,Five Wells Solar Center - Hybrid,TX,508.17896281635456
2027,4,p63,Victoria Landfill,404567,G.S.E. One LLC,TX,3487.422009560555
2027,4,p63,Victoria Landfill,403288,Griffin Solar,TX,38106.948690158926
2027,4,p63,Victoria Landfill,406202,Grizzly Ridge Solar,TX,1722.9411169314724
2027,4,p63,Victoria Landfill,402329,Highway 56 Solar,TX,38149.54849320316
2027,4,p63,Victoria Landfill,405319,IKEA Grand Prairie Rooftop PV System,TX,273228.47280123894
2027,4,p63,Victoria Landfill,405689,"IP Radian, LLC",TX,556.5758223470003
2027,4,p63,Victoria Landfill,403481,Impact Solar 1,TX,1507.1179332009663
2027,4,p63,Victoria Landfill,403190,Kellam Solar,TX,3043.903509974931
2027,4,p63,Victoria Landfill,402421,Leon Solar,TX,36990.929686866664
2027,4,p63,Victoria Landfill,403874,Lily Solar Hybrid,TX,1412.7023962074127
2027,4,p63,Victoria Landfill,402404,Marlin Solar,TX,28696.592502260664
2027,4,p63,Victoria Landfill,405794,Noble Solar,TX,1210.444481760459
2027,4,p63,Victoria Landfill,402405,North Gainesville Solar,TX,39222.40093263456
2027,4,p63,Victoria Landfill,401933,Phantom Solar,TX,11394.394817168666
2027,4,p63,Victoria Landfill,404872,"Pisgah Ridge Solar, LLC",TX,1112.1731726021585
2027,4,p63,Victoria Landfill,406416,Pitts Dudik Solar,TX,3362.6709450637027
2027,4,p63,Victoria Landfill,403189,Rippey Solar,TX,3765.293812200179
2027,4,p63,Victoria Landfill,404630,"Samson Solar Energy III, LLC",TX,1217.5506927131014
2027,4,p63,Victoria Landfill,402652,Sterling Solar (TX),TX,20630.65501993967
2027,4,p63,Victoria Landfill,404812,Sun Valley Solar Project,TX,635.5756927036775
2027,4,p63,Victoria Landfill,404388,"TPE Erath Solar, LLC",TX,15561.02014193284
2027,4,p63,Victoria Landfill,403457,"TPE Whitney Solar, LLC",TX,15780.49586069904
2027,4,p63,Victoria Landfill,405984,Waco Solar,TX,574.3231144855845
2027,4,p63,Victoria Landfill,402306,Walnut Springs Solar,TX,40657.282911893344
2027,4,p63,Victoria Landfill,402497,West Moore Solar II,TX,404402.24409991095
2027,4,p63,Victoria Landfill,402330,Whitesboro Solar,TX,403818.9257422367
2027,4,p63,Victoria Landfill,402414,Whitewright Solar,TX,66044.4201087256
2027,4,p63,Victoria Landfill,402654,Yellow Jacket,TX,45194.8839375784
2027,4,p64,Victoria Landfill,405731,Austin TX GigaFactory,TX,21468.98850987326
2027,4,p64,Victoria Landfill,402203,Bandera Electric Coop PV,TX,39916.721859969155
2027,4,p64,Victoria Landfill,404721,"Blue Jay Solar I, LLC",TX,343.20330094415164
2027,4,p64,Victoria Landfill,402648,Bovine,TX,2697.7844800878447
2027,4,p64,Victoria Landfill,402389,"E-Volve Energy Holdings, LLC",TX,21505.488026031522
2027,4,p64,Victoria Landfill,400227,East Blackland Solar Project 1,TX,456.519172933097
2027,4,p64,Victoria Landfill,405101,IKEA Round Rock 027,TX,31622.05520301743
2027,4,p64,Victoria Landfill,402653,Lampwick,TX,10474.516064485162
2027,4,p64,Victoria Landfill,405613,Niagara Bottling - Seguin,TX,7423.557280133874
2027,4,p64,Victoria Landfill,402544,PowerFin Kingsbery,TX,14726.125011262211
2027,4,p64,Victoria Landfill,400249,Webberville Solar Project,TX,1573.1865359999347
2027,4,p65,Victoria Landfill,405700,Aktina Solar,TX,902.8485445764026
2027,4,p65,Victoria Landfill,404074,"Alexis Solar, LLC",TX,108179.85937643154
2027,4,p65,Victoria Landfill,405727,Bernard Creek Solar,TX,3099.787257117221
2027,4,p65,Victoria Landfill,400081,Blue Wing Solar Energy Generation,TX,49571.60967370614
2027,4,p65,Victoria Landfill,405477,Brightside,TX,11540.070812240623
2027,4,p65,Victoria Landfill,401728,CPS 1 Community Solar,TX,797745.5146305884
2027,4,p65,Victoria Landfill,402656,Cascade Solar (TX),TX,44045.99503398473
2027,4,p65,Victoria Landfill,403987,Catan Solar,TX,34206.132124121315
2027,4,p65,Victoria Landfill,403091,Commerce Solar,TX,158916.1929076355
2027,4,p65,Victoria Landfill,404247,"Corazon Energy, LLC",TX,5536.434747622588
2027,4,p65,Victoria Landfill,404062,Elara Solar,TX,7335.467830507374
2027,4,p65,Victoria Landfill,404359,FELPS 1-Calaveras,TX,767750.701827518
2027,4,p65,Victoria Landfill,404361,FELPS 2-Calaveras,TX,878066.2933770128
2027,4,p65,Victoria Landfill,404362,FELPS 3-Floresville South,TX,541977.9028957775
2027,4,p65,Victoria Landfill,404363,FELPS 4-Floresville South,TX,542058.9190280307
2027,4,p65,Victoria Landfill,404364,FELPS 5-Floresville South,TX,542201.9559735958
2027,4,p65,Victoria Landfill,404739,FELPS 6- Floresville West,TX,720493.2204441334
2027,4,p65,Victoria Landfill,404740,FELPS 7- Floresville West,TX,960490.8720576135
2027,4,p65,Victoria Landfill,406516,Ganado Solar,TX,1751.4685843096415
2027,4,p65,Victoria Landfill,405801,Horizon Solar,TX,4700.377413133425
2027,4,p65,Victoria Landfill,405380,IKEA Live Oak Rooftop PV System,TX,534397.3605917519
2027,4,p65,Victoria Landfill,403343,Mars Solar,TX,168585.95872482774
2027,4,p65,Victoria Landfill,404877,Nebula Solar,TX,13769.770416906978
2027,4,p65,Victoria Landfill,400694,"OCI Alamo 2, LLC",TX,176797.40462194302
2027,4,p65,Victoria Landfill,400965,"OCI Alamo 3, LLC",TX,156989.8283238685
2027,4,p65,Victoria Landfill,400966,"OCI Alamo 5, LLC",TX,14028.849467138465
2027,4,p65,Victoria Landfill,400593,OCI Alamo Solar I Hybrid,TX,17216.05220593572
2027,4,p65,Victoria Landfill,405809,Shakes Solar,TX,5981.15921566719
2027,4,p65,Victoria Landfill,405545,Sparta Solar,TX,2606.3359318508005
2027,4,p65,Victoria Landfill,400379,"SunE CPS1, LLC",TX,76630.17651655062
2027,4,p65,Victoria Landfill,400364,"SunE CPS2, LLC",TX,98933.4728069219
2027,4,p65,Victoria Landfill,400353,"SunE CPS3, LLC",TX,81720.74206961616
2027,4,p65,Victoria Landfill,406032,Tres Bahias,TX,1151.134634482094
2027,4,p65,Victoria Landfill,404878,Vancourt Solar Interconnections,TX,28664.613651336094
2027,4,p66,Victoria Landfill,406386,Umbriel Solar,TX,3477.572753101644
2027,4,p67,Victoria Landfill,404939,Brazoria County Solar Project (Danciger),TX,470.524018245919
2027,4,p67,Victoria Landfill,404681,Brazoria West,TX,459.4467692610727
2027,4,p67,Victoria Landfill,402649,Bronson,TX,7038.330238851657
2027,4,p67,Victoria Landfill,406178,"Cutlass Solar 1, LLC",TX,729.3109858413911
2027,4,p67,Victoria Landfill,404587,Fighting Jays Solar Project,TX,513.175591735699
2027,4,p67,Victoria Landfill,405564,"Fort Bend Solar, LLC",TX,425.0211286380939
2027,4,p67,Victoria Landfill,404853,"Longbow Solar, LLC",TX,1652.8893469414718
2027,4,p67,Victoria Landfill,403514,Wagyu,TX,732.6320210092794
2028,1,p12,Apex Regional Landfill,402144,Battle Mountain Solar Project,NV,882.1884387756052
2028,1,p12,Apex Regional Landfill,405553,Dodge Flat,NV,1951.3174318477547
2028,1,p12,Apex Regional Landfill,402609,"EGP Stillwater Solar PV II, LLC",NV,3843.809220725138
2028,1,p12,Apex Regional Landfill,404659,Fish Springs,NV,1484.4062943819872
2028,1,p12,Apex Regional Landfill,401086,Ft. Churchill PV,NV,12732.708543099754
2028,1,p12,Apex Regional Landfill,402130,Luning Energy,NV,1126.1402619771322
2028,1,p12,Apex Regional Landfill,403107,NVSS-II,NV,843.2317300408716
2028,1,p12,Apex Regional Landfill,400468,"Patua Acquisition Project, LLC",NV,8647.058292209129
2028,1,p12,Apex Regional Landfill,405023,Steamboat II,NV,69831.9138586382
2028,1,p12,Apex Regional Landfill,400029,Stillwater Facility,NV,3968.0978971710697
2028,1,p12,Apex Regional Landfill,401318,Sunshine Valley Solar,NV,257.2630666547821
2028,1,p12,Apex Regional Landfill,405026,TS Power Plant,NV,795.1025592396617
2028,1,p12,Apex Regional Landfill,405576,Tesla Reno GigaFactory,NV,56464.750337328565
2028,1,p12,Apex Regional Landfill,401943,Tungsten Mountain,NV,9751.785840172275
2028,1,p12,Apex Regional Landfill,403308,Turquoise Liberty Solar,NV,12838.57614522806
2028,1,p12,Apex Regional Landfill,403884,"Turquoise Nevada, LLC",NV,2864.3442589116657
2028,1,p12,Apex Regional Landfill,400035,Western 102 Power Plant,NV,382222.52765835385
2028,1,p13,Apex Regional Landfill,400555,Apex Solar PV Power Project,NV,862.1477682500142
2028,1,p13,Apex Regional Landfill,405385,Arrow Canyon Solar Hybrid,NV,369.2409252223825
2028,1,p13,Apex Regional Landfill,402017,"Boulder Solar II, LLC",NV,333.3329962168337
2028,1,p13,Apex Regional Landfill,401649,"Boulder Solar Power, LLC",NV,191.19838652768388
2028,1,p13,Apex Regional Landfill,400059,CM10,NV,2337.661045416277
2028,1,p13,Apex Regional Landfill,400086,CM48,NV,387.68349415782257
2028,1,p13,Apex Regional Landfill,400363,Copper Mountain Solar 2,NV,164.70109130364042
2028,1,p13,Apex Regional Landfill,400802,Copper Mountain Solar 3,NV,97.70794525948556
2028,1,p13,Apex Regional Landfill,401308,"Copper Mountain Solar 4, LLC",NV,221.19691310530837
2028,1,p13,Apex Regional Landfill,403688,"Copper Mountain Solar 5, LLC",NV,123.80207701539878
2028,1,p13,Apex Regional Landfill,405358,Dignity - San Martin,NV,6732.2780014811615
2028,1,p13,Apex Regional Landfill,405355,Dignity - Siena Campus,NV,4980.91208837602
2028,1,p13,Apex Regional Landfill,405556,Dry Lake Solar Energy Center,NV,182.85571045834303
2028,1,p13,Apex Regional Landfill,405495,Gemini Solar,NV,121.5488165142606
2028,1,p13,Apex Regional Landfill,403386,"Harry Allen Solar Energy, LLC",NV,182.47888181018064
2028,1,p13,Apex Regional Landfill,406090,IGS LAS1,NV,8974.027809987843
2028,1,p13,Apex Regional Landfill,406089,IGS VGT,NV,5642.760179755389
2028,1,p13,Apex Regional Landfill,405309,IKEA Las Vegas 462,NV,9843.589003290808
2028,1,p13,Apex Regional Landfill,400545,Las Vegas WPCF Solar Plant,NV,1048.2090219775523
2028,1,p13,Apex Regional Landfill,400313,Moapa Southern Paiute,NV,129.62243876651846
2028,1,p13,Apex Regional Landfill,400600,Mountain View Solar,NV,860.7527202501574
2028,1,p13,Apex Regional Landfill,400036,Nellis Air Force Base Solar Array,NV,564.4652970013417
2028,1,p13,Apex Regional Landfill,401381,Nellis Solar PV II,NV,257.27902756117567
2028,1,p13,Apex Regional Landfill,401319,"Playa Solar 1, LLC",NV,210.9000875865205
2028,1,p13,Apex Regional Landfill,401596,Playa Solar 2,NV,178.96226941010033
2028,1,p13,Apex Regional Landfill,401274,River Mountains Solar,NV,747.912920861532
2028,1,p13,Mohave Valley Landfill,401042,Searchlight Solar,NV,1814.640180424191
2028,1,p13,Apex Regional Landfill,400166,Silver State Solar Power North,NV,816.0241038894776
2028,1,p13,Apex Regional Landfill,400658,Silver State Solar Power South,NV,157.64974341612634
2028,1,p13,Apex Regional Landfill,405246,"Solar Las Vegas MB 2, LLC",NV,2980.7681549906424
2028,1,p13,Apex Regional Landfill,405188,Solar Las Vegas MB-1,NV,1259.3631752022307
2028,1,p13,Apex Regional Landfill,400556,Spectrum Solar PV Power Project,NV,343.56960394823415
2028,1,p13,Apex Regional Landfill,402485,"Techren Solar I, LLC",NV,185.81197144045078
2028,1,p13,Apex Regional Landfill,402690,"Techren Solar II, LLC",NV,115.19530222581737
2028,1,p13,Apex Regional Landfill,402691,"Techren Solar III, LLC",NV,742.0961418145926
2028,1,p13,Apex Regional Landfill,402692,"Techren Solar IV, LLC",NV,606.2038464867694
2028,1,p13,Apex Regional Landfill,403001,Techren Solar V,NV,297.75229533258187
2028,1,p13,Apex Regional Landfill,401851,Townsite Solar Project Hybrid,NV,122.62708417861259
2028,1,p13,Apex Regional Landfill,406448,Yellow Pine II,NV,456.1417719038083
2028,1,p13,Apex Regional Landfill,404971,Yellow Pine Solar,NV,472.88701792329255
2028,1,p27,Mohave Valley Landfill,400374,"Black Mountain Solar, LLC",AZ,565.893942670314
2028,1,p27,Mohave Valley Landfill,402236,Gray Hawk Solar,AZ,205.34728280650515
2028,1,p27,Mohave Valley Landfill,401819,Jacobson 5 MW Solar,AZ,1494.3096948299221
2028,1,p27,Mohave Valley Landfill,400199,La Senita,AZ,5503.529293498024
2028,1,p27,Mohave Valley Landfill,403718,Mohave Electric Cooperative at Joy Lane,AZ,106.93631846341414
2028,1,p27,Mohave Valley Landfill,401311,Mohave Electric at Fort Mohave,AZ,196.53473558147465
2028,1,p27,Mohave Valley Landfill,406478,Mohave Energy - Hybrid,AZ,66.78793669666527
2028,1,p28,Apache Junction Landfill,405418,AZ State University - Tempe Campus Solar,AZ,9722.417082523365
2028,1,p28,South Yuma County Landfill,400148,Agua Caliente Solar Project,AZ,245.10286738068575
2028,1,p28,Apache Junction Landfill,402067,Apache Solar 1,AZ,4393.4293831757905
2028,1,p28,South Yuma County Landfill,400274,Arizona Western College PV,AZ,1281.6419807207674
2028,1,p28,Apache Junction Landfill,400240,Arlington Valley Solar Energy II,AZ,433.66974378292895
2028,1,p28,Apache Junction Landfill,400437,Badger 1,AZ,3052.355274077805
2028,1,p28,Apache Junction Landfill,401688,Bonnybrooke PV,AZ,460.45087437563916
2028,1,p28,Apache Junction Landfill,400371,Buckeye Union HS District 201,AZ,15660.083992670485
2028,1,p28,Apache Junction Landfill,405635,"Central Line Solar, LLC",AZ,410.05889101959883
2028,1,p28,Apache Junction Landfill,400201,Chino Solar Valley,AZ,4851.729911803935
2028,1,p28,Apache Junction Landfill,400202,Cotton Center Solar Hybrid,AZ,2477.877544124457
2028,1,p28,Apache Junction Landfill,401069,Desert Star Hybrid,AZ,4524.655718273801
2028,1,p28,Apache Junction Landfill,403257,East Line Solar,AZ,316.1670525051273
2028,1,p28,Apache Junction Landfill,406171,Eleven Mile Solar Center,AZ,122.99076506636511
2028,1,p28,Apache Junction Landfill,405244,Estrella Mountain PV,AZ,15908.962454194483
2028,1,p28,South Yuma County Landfill,400349,Foothills Solar Plant Hybrid,AZ,272.10243916473706
2028,1,p28,Apache Junction Landfill,400825,Fort Huachuca Solar PV Project,AZ,6970.44985212136
2028,1,p28,Apache Junction Landfill,400845,Gila Bend Hybrid,AZ,1601.2504483515725
2028,1,p28,Apache Junction Landfill,400599,"Gilbert Solar Facility I, LLC",AZ,4229.255696196162
2028,1,p28,South Yuma County Landfill,400507,Hyder II Hybrid,AZ,3428.3631802477257
2028,1,p28,South Yuma County Landfill,400204,Hyder Solar Hybrid,AZ,3027.377840497441
2028,1,p28,Apache Junction Landfill,405282,Intel - Ocotillo Campus Solar,AZ,3517.1532325130133
2028,1,p28,Apache Junction Landfill,405125,Jewish Community Center PV,AZ,25339.699706654286
2028,1,p28,Apache Junction Landfill,402234,Kayenta Solar Project,AZ,3015.320965082545
2028,1,p28,Apache Junction Landfill,400595,Lake Pleasant WTP,AZ,5752.586691723879
2028,1,p28,Apache Junction Landfill,400128,Luke Solar,AZ,5409.705016556239
2028,1,p28,Apache Junction Landfill,405068,Macys Goodyear,AZ,12343.303404973778
2028,1,p28,South Yuma County Landfill,406279,McFarland A Solar and Storage,AZ,272.9751105370408
2028,1,p28,Apache Junction Landfill,405617,Mesa Carport PV,AZ,668.3663168672957
2028,1,p28,Apache Junction Landfill,404512,Mesa Solar Array,AZ,860.6781745984864
2028,1,p28,Apache Junction Landfill,400250,Mesquite Solar 1,AZ,750.4996906747098
2028,1,p28,Apache Junction Landfill,401621,"Mesquite Solar 2, LLC",AZ,522.6936173691048
2028,1,p28,Apache Junction Landfill,401622,"Mesquite Solar 3, LLC",AZ,500.3808680852693
2028,1,p28,Apache Junction Landfill,406038,"Mesquite Solar 4, LLC",AZ,1185.9803296409816
2028,1,p28,Apache Junction Landfill,404922,"Mesquite Solar 5, LLC",AZ,929.1179103951946
2028,1,p28,Mohave Valley Landfill,403572,OE_AZ1,AZ,2312.0909668776117
2028,1,p28,Apache Junction Landfill,400203,Paloma Solar Hybrid,AZ,2671.2683787557103
2028,1,p28,Apache Junction Landfill,405126,Paradise Valley H.S. PV,AZ,18996.831317034797
2028,1,p28,Apache Junction Landfill,405150,Phoenix Airport East Economy Lot,AZ,18024.39978556657
2028,1,p28,Apache Junction Landfill,405151,Phoenix Airport Rental Car Center,AZ,22411.409599971576
2028,1,p28,Apache Junction Landfill,402528,Pinal Central Energy Center Hybrid,AZ,1060.8776563662504
2028,1,p28,Apache Junction Landfill,400125,"Poseidon Solar, LLC",AZ,532.8482852759624
2028,1,p28,Apache Junction Landfill,400031,Prescott Airport,AZ,20648.83038273873
2028,1,p28,Apache Junction Landfill,400401,Prescott Solar Plant,AZ,6030.479629938653
2028,1,p28,Apache Junction Landfill,400323,Queen Creek Solar Farm,AZ,307.99660677501186
2028,1,p28,Mohave Valley Landfill,400289,"RE Bagdad Solar I, LLC",AZ,4673.618377071737
2028,1,p28,Apache Junction Landfill,405132,"RE Gillespie 1, LLC",AZ,2761.938942893109
2028,1,p28,Apache Junction Landfill,400758,Red Horse 2,AZ,1381.1552900057834
2028,1,p28,Apache Junction Landfill,401609,Red Horse III,AZ,2241.6589763759766
2028,1,p28,Apache Junction Landfill,401726,Red Rock,AZ,913.0915239585701
2028,1,p28,Apache Junction Landfill,406380,SR McNeal,AZ,4955.946388866506
2028,1,p28,Apache Junction Landfill,400416,Saddle Mountain Solar I,AZ,4267.424036957685
2028,1,p28,Apache Junction Landfill,403674,Saint Solar,AZ,349.00441963805275
2028,1,p28,Apache Junction Landfill,401214,Sandstone Solar,AZ,481.4828539233411
2028,1,p28,Apache Junction Landfill,405029,Solana Generating Station,AZ,316.73605673909685
2028,1,p28,Apache Junction Landfill,406275,Sonoran Solar Energy,AZ,136.0370981587454
2028,1,p28,Apache Junction Landfill,406034,Storey Solar and Storage,AZ,225.41479291766734
2028,1,p28,Apache Junction Landfill,401664,Sulphur Springs,AZ,3825.5348599279037
2028,1,p28,Apache Junction Landfill,403643,Sun Streams 2,AZ,416.23655721093667
2028,1,p28,Apache Junction Landfill,406517,Sun Streams 3,AZ,272.97983823103925
2028,1,p28,Apache Junction Landfill,401975,"Sun Streams, LLC",AZ,520.9309148841022
2028,1,p28,Apache Junction Landfill,405311,T0588 Phoenix - AZ,AZ,19888.748491907492
2028,1,p28,Apache Junction Landfill,405134,Union HS at Casa Grande,AZ,13342.946691884841
2028,1,p28,Apache Junction Landfill,405135,Vista Grande HS at Casa Grande,AZ,18454.89259813716
2028,1,p28,Apache Junction Landfill,400334,Walmart Casa Grande,AZ,13912.37963157058
2028,1,p28,Apache Junction Landfill,406098,"West Line Solar, LLC",AZ,487.8008772316878
2028,1,p29,Apache Junction Landfill,400014,Springerville,AZ,6162.81539111902
2028,1,p30,Apache Junction Landfill,405143,Actus Lend Lease DMAFB,AZ,15472.586945717014
2028,1,p30,Apache Junction Landfill,405611,Amazon TUS2,AZ,16514.876295332742
2028,1,p30,Apache Junction Landfill,405268,Amphitheater High School Solar,AZ,29907.080865616266
2028,1,p30,Apache Junction Landfill,400939,Avalon Solar,AZ,1578.936783975943
2028,1,p30,Apache Junction Landfill,401479,Avalon Solar II,AZ,2496.011845380459
2028,1,p30,Apache Junction Landfill,400226,Avra Valley Solar,AZ,1246.977553541639
2028,1,p30,Apache Junction Landfill,404704,Broadway 2 - Tucson Phase II,AZ,12013.188308949488
2028,1,p30,Apache Junction Landfill,405768,Broadway 3 - Tucson Phase I,AZ,28682.54198281778
2028,1,p30,Apache Junction Landfill,405269,Canyon Del Oro High School Solar,AZ,7838.429801734902
2028,1,p30,Apache Junction Landfill,400757,Cogenra-TEP,AZ,35137.27766940415
2028,1,p30,Apache Junction Landfill,401295,Davis Monthan AFB (AZ) West Airfield,AZ,3299.5149166861115
2028,1,p30,Apache Junction Landfill,400330,FRB Solar Farm,AZ,18402.737360540315
2028,1,p30,Apache Junction Landfill,400761,"Gato Montes Solar, LLC",AZ,8791.616782188168
2028,1,p30,Apache Junction Landfill,404536,Iron Horse Battery Storage Hybrid,AZ,25077.676975513565
2028,1,p30,Apache Junction Landfill,400552,"Picture Rocks Solar, LLC",AZ,12890.863342843391
2028,1,p30,Apache Junction Landfill,405374,Pima Community College,AZ,38282.399227857786
2028,1,p30,Apache Junction Landfill,405303,Pima Community College - East Campus,AZ,27904.582670244024
2028,1,p30,Apache Junction Landfill,405516,Pima Community College NW,AZ,26713.16842189611
2028,1,p30,Apache Junction Landfill,400408,Prairie Fire,AZ,9681.949579841415
2028,1,p30,Apache Junction Landfill,400290,"RE Ajo 1, LLC",AZ,8290.06913529043
2028,1,p30,Apache Junction Landfill,404926,Raptor Ridge,AZ,3029.8726419414043
2028,1,p30,Apache Junction Landfill,400857,Rio Rico Solar,AZ,10071.313159545756
2028,1,p30,Apache Junction Landfill,400193,Roger Road WWTP,AZ,32190.39787545988
2028,1,p30,Apache Junction Landfill,401076,Tech Park Solar,AZ,8647.023571865848
2028,1,p30,Apache Junction Landfill,400156,UASTP I,AZ,36676.327425328396
2028,1,p30,Apache Junction Landfill,401075,Valencia Solar,AZ,5364.958171192766
2028,1,p30,Apache Junction Landfill,404187,"Wilmot Energy Center, LLC",AZ,392.17014360575837
2028,1,p31,City of Clovis Landfill,400211,Alamogordo Solar Energy Center,NM,58782.89632423867
2028,1,p31,Northeastern New Mexico Regional Landfill,400206,Albuquerque Solar Energy Center,NM,72847.5394223608
2028,1,p31,Northeastern New Mexico Regional Landfill,403675,Alcalde Solar Array,NM,41358.64681772539
2028,1,p31,Apache Junction Landfill,401595,Alta Luna,NM,9006.822653804918
2028,1,p31,Northeastern New Mexico Regional Landfill,404724,Angel Fire Energy Facility,NM,4294.75401619427
2028,1,p31,Northeastern New Mexico Regional Landfill,405469,Arroyo Solar Energy Storage Hybrid,NM,737.6089169023206
2028,1,p31,Northeastern New Mexico Regional Landfill,403321,Bluewater CDEC 1,NM,93185.66617221416
2028,1,p31,Northeastern New Mexico Regional Landfill,403736,Britton Solar Energy Center,NM,2320.4530251260344
2028,1,p31,City of Clovis Landfill,404981,Buena Vista Energy Center,NM,2355.601086058459
2028,1,p31,Northeastern New Mexico Regional Landfill,402876,CNMEC Solar Energy Center,NM,62489.20148940855
2028,1,p31,City of Clovis Landfill,402519,Carrizozo Solar,NM,77858.30148649999
2028,1,p31,Northeastern New Mexico Regional Landfill,401202,Cibola,NM,26714.335250631728
2028,1,p31,Northeastern New Mexico Regional Landfill,400104,Cimarron Solar Facility,NM,893.401750118583
2028,1,p31,Apache Junction Landfill,402988,City of Gallup Solar,NM,40305.79136256519
2028,1,p31,Northeastern New Mexico Regional Landfill,403604,City of Rio Rancho WWTP,NM,147255.65887119246
2028,1,p31,Apache Junction Landfill,401225,City of Truth or Consequences PV,NM,192323.85413342417
2028,1,p31,Apache Junction Landfill,402177,Columbus Solar Project,NM,137962.16660458336
2028,1,p31,Northeastern New Mexico Regional Landfill,404748,"Cuba 2.5ac, LLC",NM,52876.06763003316
2028,1,p31,Apache Junction Landfill,400209,Deming Solar Energy Center,NM,30179.066814037917
2028,1,p31,Northeastern New Mexico Regional Landfill,403868,Encino Solar Energy Center,NM,3625.8101326077676
2028,1,p31,Northeastern New Mexico Regional Landfill,401038,Eubank Landfill Solar Array,NM,94591.3645412028
2028,1,p31,Northeastern New Mexico Regional Landfill,402441,Facebook 1 Solar Energy Center,NM,15387.657135307183
2028,1,p31,Northeastern New Mexico Regional Landfill,402442,Facebook 2 Solar Energy Center,NM,14809.343598592675
2028,1,p31,Northeastern New Mexico Regional Landfill,402443,Facebook 3 Solar Energy Center,NM,18518.583188448734
2028,1,p31,Northeastern New Mexico Regional Landfill,403322,Grants CDEC 2,NM,54600.743283253636
2028,1,p31,Apache Junction Landfill,400216,"Hatch Solar Energy Center I, LLC",NM,58516.19329064565
2028,1,p31,City of Clovis Landfill,401617,Holloman Solar Facility,NM,58063.08552217646
2028,1,p31,Northeastern New Mexico Regional Landfill,406109,"Jicarilla Solar 1, LLC",NM,3391.879833140634
2028,1,p31,Northeastern New Mexico Regional Landfill,400427,Kit Carson,NM,73129.50414172103
2028,1,p31,Northeastern New Mexico Regional Landfill,400210,Las Vegas Solar Energy Center,NM,9094.216055358556
2028,1,p31,Northeastern New Mexico Regional Landfill,400434,Los Alamos PV Site,NM,107305.88382531173
2028,1,p31,Northeastern New Mexico Regional Landfill,400207,Los Lunas Solar Energy Center,NM,24338.422279825412
2028,1,p31,Apache Junction Landfill,400838,Macho Springs,NM,4848.40609555233
2028,1,p31,Northeastern New Mexico Regional Landfill,400582,Manzano Solar,NM,23722.973517007144
2028,1,p31,Northeastern New Mexico Regional Landfill,401201,Meadow Lake Solar Energy Center,NM,19609.330648232542
2028,1,p31,Northeastern New Mexico Regional Landfill,406177,"NMRD Data Center III, LLC",NM,2787.4800408274223
2028,1,p31,City of Clovis Landfill,405693,NMSU Solar and Storage,NM,109516.15112458027
2028,1,p31,Northeastern New Mexico Regional Landfill,406375,OE_ESCL,NM,1319.6377926280857
2028,1,p31,City of Clovis Landfill,400581,Otero Solar,NM,37315.534854474514
2028,1,p31,Northeastern New Mexico Regional Landfill,400146,Questa Solar Facility,NM,87000.69213915968
2028,1,p31,Northeastern New Mexico Regional Landfill,403178,"RC Energy AA, LLC Solar Facility",NM,161341.35619986543
2028,1,p31,Northeastern New Mexico Regional Landfill,401566,Rio Communities Solar Energy Center,NM,17684.188123126398
2028,1,p31,Northeastern New Mexico Regional Landfill,403084,Rio De Oro Solar Energy Center,NM,15598.326123843573
2028,1,p31,Northeastern New Mexico Regional Landfill,400624,Rio Rancho High School,NM,145564.10465239084
2028,1,p31,City of Clovis Landfill,400135,Roadrunner Solar,NM,13923.942906886406
2028,1,p31,Northeastern New Mexico Regional Landfill,404648,"Route 66 Energy Center, LLC",NM,4743.625941578511
2028,1,p31,Northeastern New Mexico Regional Landfill,403387,San Miguel I Solar Energy Center,NM,5625.990668930308
2028,1,p31,Northeastern New Mexico Regional Landfill,405458,San Miguel II Solar Energy Center,NM,5602.543468113405
2028,1,p31,Northeastern New Mexico Regional Landfill,401161,Sandoval Solar Energy Center,NM,25179.15377315706
2028,1,p31,Northeastern New Mexico Regional Landfill,401564,Santa Fe Solar Energy Center,NM,15988.350260888768
2028,1,p31,Northeastern New Mexico Regional Landfill,401565,Santolina Solar Energy Center,NM,15913.502915982455
2028,1,p31,Apache Junction Landfill,400596,Silver City WWTP PV Project,NM,226127.13664463206
2028,1,p31,Northeastern New Mexico Regional Landfill,406343,Sky Ranch Solar,NM,862.8204215504406
2028,1,p31,Northeastern New Mexico Regional Landfill,401563,South Valley Solar Energy Center,NM,16108.219406407197
2028,1,p31,Northeastern New Mexico Regional Landfill,401162,Springer Solar 1,NM,30160.030952169363
2028,1,p31,Northeastern New Mexico Regional Landfill,400735,Storrie Lake Solar Project,NM,36402.20894623698
2028,1,p31,Northeastern New Mexico Regional Landfill,400623,Sue Cleveland High School,NM,160056.06638011412
2028,1,p31,City of Clovis Landfill,400343,"SunE EPE1, LLC",NM,31853.194154055982
2028,1,p31,City of Clovis Landfill,400342,"SunE EPE2, LLC",NM,22707.68119153144
2028,1,p31,Northeastern New Mexico Regional Landfill,402854,Syncarpha Eagle Nest,NM,58828.500695992996
2028,1,p31,Northeastern New Mexico Regional Landfill,403412,Syncarpha El Rito,NM,111710.88077417409
2028,1,p31,Northeastern New Mexico Regional Landfill,403413,Syncarpha Questa,NM,45830.43401682098
2028,1,p31,Northeastern New Mexico Regional Landfill,403411,Syncarpha Taos,NM,48564.9612008872
2028,1,p31,Northeastern New Mexico Regional Landfill,404618,Taos Mesa Energy Facility Hybrid,NM,5089.414752928016
2028,1,p31,Northeastern New Mexico Regional Landfill,403011,Vista Solar Energy Center,NM,21749.12973722639
2028,1,p31,City of Clovis Landfill,400354,WSMR I,NM,66489.71686299951
2028,1,p31,Apache Junction Landfill,405245,Wal-Mart Truth or Consequences PV,NM,286680.5100253402
2028,1,p47,City of Clovis Landfill,400979,"Caprock Solar 1, LLC",NM,1859.401235501925
2028,1,p47,City of Clovis Landfill,404980,Chaves County Solar II,NM,3082.7018760330025
2028,1,p47,City of Clovis Landfill,401681,"Chaves Solar, LLC",NM,1326.8972411488942
2028,1,p47,City of Clovis Landfill,400614,GSE NM1,NM,75646.94168071219
2028,1,p47,City of Clovis Landfill,404982,Hayhurst New Mexico Solar,NM,11408.370512680147
2028,1,p47,City of Clovis Landfill,402530,Middle Daisy,NM,22980.18683139049
2028,1,p47,City of Clovis Landfill,401682,"Roswell Solar, LLC",NM,1331.1194716099992
2028,1,p47,City of Clovis Landfill,400546,SEV NM Phase 2,NM,79183.04910098083
2028,1,p47,City of Clovis Landfill,400260,SPS1 Dollarhide,NM,18494.44499303946
2028,1,p47,City of Clovis Landfill,400261,SPS2 Jal,NM,20610.129595929364
2028,1,p47,City of Clovis Landfill,400262,SPS3 Lea,NM,13716.820856726194
2028,1,p47,City of Clovis Landfill,400264,SPS5 Hopi,NM,20852.73023488188
2028,1,p47,City of Clovis Landfill,404698,SoCore Clovis 1,NM,2973.70066809609
2028,1,p48,City of Clovis Landfill,406439,"BESSP1, LLC",TX,432972.4925787436
2028,1,p48,City of Clovis Landfill,405590,"Hecate Energy Frye Solar, LLC",TX,836.7711446314948
2028,1,p57,Victoria Landfill,404918,"Hecate Energy Upshur Rural, LLC",TX,25653.538460288233
2028,1,p59,City of Clovis Landfill,402666,Fort Bliss (DEA EPIC),TX,50149.53629666345
2028,1,p59,City of Clovis Landfill,401616,Montana Solar Facility,TX,25401.25357919601
2028,1,p59,City of Clovis Landfill,401045,Newman Solar,TX,6642.371756382896
2028,1,p60,City of Clovis Landfill,403962,"ANSON Solar Center, LLC",TX,633.0672075700887
2028,1,p60,City of Clovis Landfill,403883,Azure Sky Solar,TX,777.0336559254998
2028,1,p60,City of Clovis Landfill,403232,"ENGIE Long Draw Solar, LLC",TX,340.0064142275736
2028,1,p60,City of Clovis Landfill,406252,Highpeak Solar 1,TX,8613.16647509677
2028,1,p60,City of Clovis Landfill,402721,Holstein 1 Solar Farm,TX,886.8512876490908
2028,1,p60,City of Clovis Landfill,405492,Juno Solar Project,TX,322.25564816592555
2028,1,p60,City of Clovis Landfill,402541,Lamesa II,TX,2090.421110323984
2028,1,p60,City of Clovis Landfill,401660,Lamesa Solar,TX,878.6777881596732
2028,1,p60,City of Clovis Landfill,405932,Lumina II Solar Project,TX,283.19974377839577
2028,1,p60,City of Clovis Landfill,405933,Lumina Solar Project,TX,297.95168156495856
2028,1,p60,City of Clovis Landfill,402909,Misae Solar,TX,424.6227476691113
2028,1,p60,City of Clovis Landfill,400968,"OCI Alamo 7, LLC",TX,1392.6714913799078
2028,1,p60,City of Clovis Landfill,405939,Texas Solar Nova 1,TX,389.50667225492555
2028,1,p61,City of Clovis Landfill,400967,Alamo 6,TX,671.6231000038758
2028,1,p61,City of Clovis Landfill,403557,Aragorn Solar Project,TX,389.1831659220619
2028,1,p61,City of Clovis Landfill,400691,Barilla Solar,TX,2702.293041975
2028,1,p61,City of Clovis Landfill,401946,Bluebell Solar,TX,3986.363413989705
2028,1,p61,City of Clovis Landfill,403574,Bluebell Solar II,TX,874.8695381874849
2028,1,p61,City of Clovis Landfill,400554,"Bryan Solar, LLC",TX,9152.26949934313
2028,1,p61,City of Clovis Landfill,401463,Buckthorn Westex,TX,687.1966172275124
2028,1,p61,City of Clovis Landfill,401703,East Pecos Solar,TX,915.1103235495234
2028,1,p61,City of Clovis Landfill,405363,Galloway 1 Solar Farm,TX,522.7039177882183
2028,1,p61,City of Clovis Landfill,405494,Galloway 2 Solar Farm,TX,775.4977862098353
2028,1,p61,City of Clovis Landfill,403210,Greasewood,TX,373.0530772830522
2028,1,p61,City of Clovis Landfill,406370,Hayhurst Texas Solar,TX,2035.1894315849393
2028,1,p61,City of Clovis Landfill,402304,Midway Solar-TX,TX,414.2905810603245
2028,1,p61,Victoria Landfill,400695,"OCI Alamo 4, LLC",TX,2152.5846654843085
2028,1,p61,City of Clovis Landfill,401868,Pearl Solar,TX,2167.2463322131243
2028,1,p61,City of Clovis Landfill,402290,RE Maplewood,TX,389.59138480745696
2028,1,p61,City of Clovis Landfill,401430,RE Roserock,TX,828.7814913162026
2028,1,p61,City of Clovis Landfill,402848,Rambler,TX,493.12404341965146
2028,1,p61,City of Clovis Landfill,402083,Solaire Holman Solar Project,TX,1650.123169240439
2028,1,p61,City of Clovis Landfill,403023,"Taygete Energy Project, LLC",TX,486.13462864785674
2028,1,p61,City of Clovis Landfill,404647,Taygete II Energy Project,TX,510.48478223167325
2028,1,p61,City of Clovis Landfill,403551,Titan Solar Project,TX,540.3337226735164
2028,1,p61,Victoria Landfill,406103,Zier Solar,TX,529.7997780336085
2028,1,p62,City of Clovis Landfill,403502,2W Permian Solar Project Hybrid,TX,440.0837933251308
2028,1,p62,City of Clovis Landfill,403697,CED Crane Solar,TX,514.406493243088
2028,1,p62,City of Clovis Landfill,401525,Castle Gap Solar Hybrid,TX,579.7448396909921
2028,1,p62,City of Clovis Landfill,404599,Emerald Grove,TX,752.0648657359899
2028,1,p62,City of Clovis Landfill,403004,Lapetus,TX,633.7355274815739
2028,1,p62,City of Clovis Landfill,403280,Oberon IA,TX,586.1200317029777
2028,1,p62,City of Clovis Landfill,403279,Oberon IB,TX,2161.411342862116
2028,1,p62,City of Clovis Landfill,403602,Oxy Renewable Energy-Goldsmith,TX,3429.324796925576
2028,1,p62,City of Clovis Landfill,402679,Phoebe Solar,TX,294.0497845981819
2028,1,p62,City of Clovis Landfill,403177,Prospero Solar,TX,234.81494160135142
2028,1,p62,City of Clovis Landfill,404128,Prospero Solar II,TX,419.2727263441167
2028,1,p62,City of Clovis Landfill,403070,"Roadrunner, LLC",TX,448.7503559719234
2028,1,p62,City of Clovis Landfill,401805,Upton County Solar,TX,985.0695877533351
2028,1,p62,City of Clovis Landfill,402995,West of the Pecos Solar,TX,705.2284535398348
2028,1,p63,Victoria Landfill,405599,"BPL Crown Solar, LLC",TX,1603.2820672456603
2028,1,p63,Victoria Landfill,404966,BPL Files Solar,TX,1361.5102982862636
2028,1,p63,Victoria Landfill,403825,Briar Creek Solar 1,TX,1881.8740995852838
2028,1,p63,Victoria Landfill,402610,Chisum,TX,52348.17581339053
2028,1,p63,Victoria Landfill,401697,CoServ Community Solar Station,TX,312819.1468292376
2028,1,p63,Victoria Landfill,403188,Coniglio Solar,TX,2696.832493047475
2028,1,p63,Victoria Landfill,406415,Dileo Solar,TX,2308.2849832328916
2028,1,p63,Victoria Landfill,402655,Eddy II,TX,11982.871653042163
2028,1,p63,Victoria Landfill,406221,Eiffel Solar Project,TX,1140.128475714699
2028,1,p63,Victoria Landfill,405540,"Ellis Solar, LLC",TX,2822.9809223921275
2028,1,p63,Victoria Landfill,403823,Elm Branch Solar 1,TX,1408.0766619831747
2028,1,p63,Victoria Landfill,406206,Five Wells Solar Center - Hybrid,TX,508.17896281635456
2028,1,p63,Victoria Landfill,404567,G.S.E. One LLC,TX,2725.6621616137654
2028,1,p63,Victoria Landfill,403288,Griffin Solar,TX,25424.466691372614
2028,1,p63,Victoria Landfill,406202,Grizzly Ridge Solar,TX,1722.9411169314724
2028,1,p63,Victoria Landfill,402329,Highway 56 Solar,TX,38149.54849320316
2028,1,p63,Victoria Landfill,405319,IKEA Grand Prairie Rooftop PV System,TX,227700.3111166658
2028,1,p63,Victoria Landfill,405689,"IP Radian, LLC",TX,618.7099634153752
2028,1,p63,Victoria Landfill,403481,Impact Solar 1,TX,1507.1179332009663
2028,1,p63,Victoria Landfill,403190,Kellam Solar,TX,3043.903509974931
2028,1,p63,Victoria Landfill,402421,Leon Solar,TX,36990.929686866664
2028,1,p63,Victoria Landfill,403874,Lily Solar Hybrid,TX,1412.7023962074127
2028,1,p63,Victoria Landfill,402404,Marlin Solar,TX,22332.79476704718
2028,1,p63,Victoria Landfill,405794,Noble Solar,TX,1046.0242263375367
2028,1,p63,Victoria Landfill,401933,Phantom Solar,TX,8560.671786326502
2028,1,p63,Victoria Landfill,404872,"Pisgah Ridge Solar, LLC",TX,717.4217430513489
2028,1,p63,Victoria Landfill,406416,Pitts Dudik Solar,TX,3362.6709450637027
2028,1,p63,Victoria Landfill,403189,Rippey Solar,TX,3765.293812200179
2028,1,p63,Victoria Landfill,404630,"Samson Solar Energy III, LLC",TX,1217.5506927131014
2028,1,p63,Victoria Landfill,402652,Sterling Solar (TX),TX,37087.57688085139
2028,1,p63,Victoria Landfill,404812,Sun Valley Solar Project,TX,707.5848175666373
2028,1,p63,Victoria Landfill,404388,"TPE Erath Solar, LLC",TX,15561.02014193284
2028,1,p63,Victoria Landfill,403457,"TPE Whitney Solar, LLC",TX,15780.49586069904
2028,1,p63,Victoria Landfill,405907,Verizon Hidden Ridge Solar Project,TX,591631.3046402016
2028,1,p63,Victoria Landfill,405984,Waco Solar,TX,574.3231144855845
2028,1,p63,Victoria Landfill,402306,Walnut Springs Solar,TX,40657.282911893344
2028,1,p63,Victoria Landfill,402330,Whitesboro Solar,TX,403818.9257422367
2028,1,p63,Victoria Landfill,402414,Whitewright Solar,TX,24803.846724397088
2028,1,p63,Victoria Landfill,402654,Yellow Jacket,TX,33911.038626633796
2028,1,p64,Victoria Landfill,405731,Austin TX GigaFactory,TX,21468.98850987326
2028,1,p64,Victoria Landfill,402203,Bandera Electric Coop PV,TX,39916.721859969155
2028,1,p64,Victoria Landfill,404721,"Blue Jay Solar I, LLC",TX,383.7319591076018
2028,1,p64,Victoria Landfill,402648,Bovine,TX,2697.7844800878447
2028,1,p64,Victoria Landfill,402389,"E-Volve Energy Holdings, LLC",TX,28654.149803442026
2028,1,p64,Victoria Landfill,400227,East Blackland Solar Project 1,TX,456.519172933097
2028,1,p64,Victoria Landfill,405101,IKEA Round Rock 027,TX,45148.863421253474
2028,1,p64,Victoria Landfill,402653,Lampwick,TX,13450.234170395208
2028,1,p64,Victoria Landfill,405613,Niagara Bottling - Seguin,TX,8475.565078181571
2028,1,p64,Victoria Landfill,402544,PowerFin Kingsbery,TX,14726.125011262211
2028,1,p64,Victoria Landfill,400249,Webberville Solar Project,TX,1573.1865359999347
2028,1,p65,Victoria Landfill,405700,Aktina Solar,TX,902.8485445764026
2028,1,p65,Victoria Landfill,404074,"Alexis Solar, LLC",TX,108179.85937643154
2028,1,p65,Victoria Landfill,405727,Bernard Creek Solar,TX,3099.787257117221
2028,1,p65,Victoria Landfill,400081,Blue Wing Solar Energy Generation,TX,49571.60967370614
2028,1,p65,Victoria Landfill,405477,Brightside,TX,11540.070812240623
2028,1,p65,Victoria Landfill,401728,CPS 1 Community Solar,TX,1595431.526567377
2028,1,p65,Victoria Landfill,402656,Cascade Solar (TX),TX,55042.61811903091
2028,1,p65,Victoria Landfill,403987,Catan Solar,TX,34206.132124121315
2028,1,p65,Victoria Landfill,403091,Commerce Solar,TX,158916.1929076355
2028,1,p65,Victoria Landfill,404247,"Corazon Energy, LLC",TX,5536.434747622588
2028,1,p65,Victoria Landfill,404062,Elara Solar,TX,7335.467830507374
2028,1,p65,Victoria Landfill,404359,FELPS 1-Calaveras,TX,614212.4620007743
2028,1,p65,Victoria Landfill,404361,FELPS 2-Calaveras,TX,768315.4445416114
2028,1,p65,Victoria Landfill,404362,FELPS 3-Floresville South,TX,541977.9028957775
2028,1,p65,Victoria Landfill,404363,FELPS 4-Floresville South,TX,542058.9190280307
2028,1,p65,Victoria Landfill,404364,FELPS 5-Floresville South,TX,542201.9559735958
2028,1,p65,Victoria Landfill,404739,FELPS 6- Floresville West,TX,720493.2204441334
2028,1,p65,Victoria Landfill,404740,FELPS 7- Floresville West,TX,720383.02971666
2028,1,p65,Victoria Landfill,406516,Ganado Solar,TX,1751.4685843096415
2028,1,p65,Victoria Landfill,405801,Horizon Solar,TX,6689.323721419179
2028,1,p65,Victoria Landfill,405380,IKEA Live Oak Rooftop PV System,TX,534397.3605917519
2028,1,p65,Victoria Landfill,403343,Mars Solar,TX,126454.34471707085
2028,1,p65,Victoria Landfill,404877,Nebula Solar,TX,10723.044256216537
2028,1,p65,Victoria Landfill,400694,"OCI Alamo 2, LLC",TX,265166.35558601446
2028,1,p65,Victoria Landfill,400965,"OCI Alamo 3, LLC",TX,139553.12547608314
2028,1,p65,Victoria Landfill,400966,"OCI Alamo 5, LLC",TX,14028.849467138465
2028,1,p65,Victoria Landfill,400593,OCI Alamo Solar I Hybrid,TX,17216.05220593572
2028,1,p65,Victoria Landfill,405809,Shakes Solar,TX,7461.573346133989
2028,1,p65,Victoria Landfill,405545,Sparta Solar,TX,2606.3359318508005
2028,1,p65,Victoria Landfill,400379,"SunE CPS1, LLC",TX,68973.10913427555
2028,1,p65,Victoria Landfill,400364,"SunE CPS2, LLC",TX,86574.22654278167
2028,1,p65,Victoria Landfill,400353,"SunE CPS3, LLC",TX,81720.74206961616
2028,1,p65,Victoria Landfill,406032,Tres Bahias,TX,1515.0119480427927
2028,1,p65,Victoria Landfill,404878,Vancourt Solar Interconnections,TX,28664.613651336094
2028,1,p66,Victoria Landfill,406386,Umbriel Solar,TX,3477.572753101644
2028,1,p67,Victoria Landfill,404939,Brazoria County Solar Project (Danciger),TX,470.524018245919
2028,1,p67,Victoria Landfill,404681,Brazoria West,TX,659.4188069916091
2028,1,p67,Victoria Landfill,402649,Bronson,TX,7038.330238851657
2028,1,p67,Victoria Landfill,406178,"Cutlass Solar 1, LLC",TX,729.3109858413911
2028,1,p67,Victoria Landfill,404587,Fighting Jays Solar Project,TX,456.4664794937366
2028,1,p67,Victoria Landfill,405564,"Fort Bend Solar, LLC",TX,477.2380479006788
2028,1,p67,Victoria Landfill,404853,"Longbow Solar, LLC",TX,1652.8893469414718
2028,1,p67,Victoria Landfill,403514,Wagyu,TX,732.6320210092794
2028,2,p12,Apex Regional Landfill,402144,Battle Mountain Solar Project,NV,816.2634841327821
2028,2,p12,Apex Regional Landfill,405553,Dodge Flat,NV,1800.7376688031331
2028,2,p12,Apex Regional Landfill,402609,"EGP Stillwater Solar PV II, LLC",NV,3194.0022855760544
2028,2,p12,Apex Regional Landfill,404659,Fish Springs,NV,1370.7970682313764
2028,2,p12,Apex Regional Landfill,401086,Ft. Churchill PV,NV,7056.909411337189
2028,2,p12,Apex Regional Landfill,402130,Luning Energy,NV,1040.898933925473
2028,2,p12,Apex Regional Landfill,403107,NVSS-II,NV,780.3914104002546
2028,2,p12,Apex Regional Landfill,400468,"Patua Acquisition Project, LLC",NV,7086.669248435647
2028,2,p12,Apex Regional Landfill,405023,Steamboat II,NV,128563.34382027265
2028,2,p12,Apex Regional Landfill,400029,Stillwater Facility,NV,3256.913541909074
2028,2,p12,Apex Regional Landfill,401318,Sunshine Valley Solar,NV,240.82038962777264
2028,2,p12,Apex Regional Landfill,405026,TS Power Plant,NV,812.3475169179227
2028,2,p12,Apex Regional Landfill,405576,Tesla Reno GigaFactory,NV,20828.857193570297
2028,2,p12,Apex Regional Landfill,401943,Tungsten Mountain,NV,8983.556417610444
2028,2,p12,Apex Regional Landfill,403308,Turquoise Liberty Solar,NV,14181.196739555126
2028,2,p12,Apex Regional Landfill,403884,"Turquoise Nevada, LLC",NV,2641.4700284906626
2028,2,p13,Apex Regional Landfill,400555,Apex Solar PV Power Project,NV,503.7155417533058
2028,2,p13,Apex Regional Landfill,405385,Arrow Canyon Solar Hybrid,NV,279.2808294972369
2028,2,p13,Apex Regional Landfill,402017,"Boulder Solar II, LLC",NV,253.4789926557235
2028,2,p13,Apex Regional Landfill,401649,"Boulder Solar Power, LLC",NV,151.34739915265837
2028,2,p13,Apex Regional Landfill,400059,CM10,NV,1488.1877895056318
2028,2,p13,Apex Regional Landfill,400086,CM48,NV,292.5328372790572
2028,2,p13,Apex Regional Landfill,400363,Copper Mountain Solar 2,NV,132.30762417687154
2028,2,p13,Apex Regional Landfill,400802,Copper Mountain Solar 3,NV,84.1693362944416
2028,2,p13,Apex Regional Landfill,401308,"Copper Mountain Solar 4, LLC",NV,172.90300287801006
2028,2,p13,Apex Regional Landfill,403688,"Copper Mountain Solar 5, LLC",NV,102.91941597692583
2028,2,p13,Apex Regional Landfill,405358,Dignity - San Martin,NV,3651.0076716130056
2028,2,p13,Apex Regional Landfill,405355,Dignity - Siena Campus,NV,4035.949388626837
2028,2,p13,Apex Regional Landfill,405556,Dry Lake Solar Energy Center,NV,161.3108530984545
2028,2,p13,Apex Regional Landfill,405495,Gemini Solar,NV,109.91638568186991
2028,2,p13,Apex Regional Landfill,403386,"Harry Allen Solar Energy, LLC",NV,240.55995363717474
2028,2,p13,Apex Regional Landfill,406090,IGS LAS1,NV,6462.297043615413
2028,2,p13,Apex Regional Landfill,406089,IGS VGT,NV,8087.5893457571365
2028,2,p13,Apex Regional Landfill,405309,IKEA Las Vegas 462,NV,8260.045114397899
2028,2,p13,Apex Regional Landfill,400545,Las Vegas WPCF Solar Plant,NV,1197.688881650209
2028,2,p13,Apex Regional Landfill,400313,Moapa Southern Paiute,NV,107.10166843258177
2028,2,p13,Apex Regional Landfill,400600,Mountain View Solar,NV,502.9358823016449
2028,2,p13,Apex Regional Landfill,400036,Nellis Air Force Base Solar Array,NV,472.41127462905666
2028,2,p13,Apex Regional Landfill,401381,Nellis Solar PV II,NV,198.83000161812768
2028,2,p13,Apex Regional Landfill,401319,"Playa Solar 1, LLC",NV,165.5041631404066
2028,2,p13,Apex Regional Landfill,401596,Playa Solar 2,NV,142.5550709347666
2028,2,p13,Apex Regional Landfill,401274,River Mountains Solar,NV,623.0595986984928
2028,2,p13,Mohave Valley Landfill,401042,Searchlight Solar,NV,1060.218037258931
2028,2,p13,Apex Regional Landfill,400166,Silver State Solar Power North,NV,521.645680305337
2028,2,p13,Apex Regional Landfill,400658,Silver State Solar Power South,NV,136.94545121250258
2028,2,p13,Apex Regional Landfill,405246,"Solar Las Vegas MB 2, LLC",NV,2155.807862822873
2028,2,p13,Apex Regional Landfill,405188,Solar Las Vegas MB-1,NV,629.1233117053238
2028,2,p13,Apex Regional Landfill,400556,Spectrum Solar PV Power Project,NV,260.8345625760982
2028,2,p13,Apex Regional Landfill,402485,"Techren Solar I, LLC",NV,147.4769614223181
2028,2,p13,Apex Regional Landfill,402690,"Techren Solar II, LLC",NV,96.7349713430369
2028,2,p13,Apex Regional Landfill,402691,"Techren Solar III, LLC",NV,491.90974069068074
2028,2,p13,Apex Regional Landfill,402692,"Techren Solar IV, LLC",NV,449.55181981269857
2028,2,p13,Apex Regional Landfill,403001,Techren Solar V,NV,227.91228735282803
2028,2,p13,Apex Regional Landfill,401851,Townsite Solar Project Hybrid,NV,102.0751185110369
2028,2,p13,Apex Regional Landfill,406448,Yellow Pine II,NV,341.7239034800621
2028,2,p13,Apex Regional Landfill,404971,Yellow Pine Solar,NV,353.7562906889976
2028,2,p27,Mohave Valley Landfill,400374,"Black Mountain Solar, LLC",AZ,345.5954889492413
2028,2,p27,Mohave Valley Landfill,402236,Gray Hawk Solar,AZ,181.17448310030937
2028,2,p27,Mohave Valley Landfill,401819,Jacobson 5 MW Solar,AZ,1126.3294126157966
2028,2,p27,Mohave Valley Landfill,400199,La Senita,AZ,3667.5588989025387
2028,2,p27,Mohave Valley Landfill,403718,Mohave Electric Cooperative at Joy Lane,AZ,117.74488253629356
2028,2,p27,Mohave Valley Landfill,401311,Mohave Electric at Fort Mohave,AZ,123.22874056371022
2028,2,p27,Mohave Valley Landfill,406478,Mohave Energy - Hybrid,AZ,57.846014086888125
2028,2,p28,Apache Junction Landfill,405418,AZ State University - Tempe Campus Solar,AZ,6007.347695104576
2028,2,p28,South Yuma County Landfill,400148,Agua Caliente Solar Project,AZ,298.9094590426704
2028,2,p28,Apache Junction Landfill,402067,Apache Solar 1,AZ,3170.7300397407894
2028,2,p28,South Yuma County Landfill,400274,Arizona Western College PV,AZ,841.8898869054688
2028,2,p28,Apache Junction Landfill,400240,Arlington Valley Solar Energy II,AZ,359.5173297403223
2028,2,p28,Apache Junction Landfill,400437,Badger 1,AZ,2446.916013969412
2028,2,p28,Apache Junction Landfill,401688,Bonnybrooke PV,AZ,277.8154629722124
2028,2,p28,Apache Junction Landfill,400371,Buckeye Union HS District 201,AZ,9865.690373334573
2028,2,p28,Apache Junction Landfill,405635,"Central Line Solar, LLC",AZ,360.0347688011946
2028,2,p28,Apache Junction Landfill,400201,Chino Solar Valley,AZ,4075.7645566300675
2028,2,p28,Apache Junction Landfill,400202,Cotton Center Solar Hybrid,AZ,1988.141754266478
2028,2,p28,Apache Junction Landfill,401069,Desert Star Hybrid,AZ,2907.4080282914465
2028,2,p28,Apache Junction Landfill,403257,East Line Solar,AZ,267.9711247803354
2028,2,p28,Apache Junction Landfill,406171,Eleven Mile Solar Center,AZ,108.30974601292745
2028,2,p28,Apache Junction Landfill,405244,Estrella Mountain PV,AZ,11447.338332551803
2028,2,p28,South Yuma County Landfill,400349,Foothills Solar Plant Hybrid,AZ,186.97579055864975
2028,2,p28,Apache Junction Landfill,400825,Fort Huachuca Solar PV Project,AZ,4400.844729419434
2028,2,p28,Apache Junction Landfill,400845,Gila Bend Hybrid,AZ,1163.8953422538775
2028,2,p28,Apache Junction Landfill,400599,"Gilbert Solar Facility I, LLC",AZ,3052.7327841437677
2028,2,p28,South Yuma County Landfill,400507,Hyder II Hybrid,AZ,2474.313505538
2028,2,p28,South Yuma County Landfill,400204,Hyder Solar Hybrid,AZ,3107.4267568446426
2028,2,p28,Apache Junction Landfill,405282,Intel - Ocotillo Campus Solar,AZ,2852.7482521126863
2028,2,p28,Apache Junction Landfill,405125,Jewish Community Center PV,AZ,13680.723568387219
2028,2,p28,Apache Junction Landfill,402234,Kayenta Solar Project,AZ,2180.2362874116834
2028,2,p28,Apache Junction Landfill,400595,Lake Pleasant WTP,AZ,3737.4723841114183
2028,2,p28,Apache Junction Landfill,400128,Luke Solar,AZ,2187.888769174247
2028,2,p28,Apache Junction Landfill,405068,Macys Goodyear,AZ,8884.57696717577
2028,2,p28,South Yuma County Landfill,406279,McFarland A Solar and Storage,AZ,206.42795445303423
2028,2,p28,Apache Junction Landfill,405617,Mesa Carport PV,AZ,549.2873594899419
2028,2,p28,Apache Junction Landfill,404512,Mesa Solar Array,AZ,566.584706483208
2028,2,p28,Apache Junction Landfill,400250,Mesquite Solar 1,AZ,552.4316147235743
2028,2,p28,Apache Junction Landfill,401621,"Mesquite Solar 2, LLC",AZ,388.6995821857971
2028,2,p28,Apache Junction Landfill,401622,"Mesquite Solar 3, LLC",AZ,427.05691530274885
2028,2,p28,Apache Junction Landfill,406038,"Mesquite Solar 4, LLC",AZ,865.4264752826464
2028,2,p28,Apache Junction Landfill,404922,"Mesquite Solar 5, LLC",AZ,760.1248549452437
2028,2,p28,Mohave Valley Landfill,403572,OE_AZ1,AZ,1673.0800524996798
2028,2,p28,Apache Junction Landfill,400203,Paloma Solar Hybrid,AZ,2168.786012048054
2028,2,p28,Apache Junction Landfill,405126,Paradise Valley H.S. PV,AZ,18206.828347409068
2028,2,p28,Apache Junction Landfill,405150,Phoenix Airport East Economy Lot,AZ,12967.775645507847
2028,2,p28,Apache Junction Landfill,405151,Phoenix Airport Rental Car Center,AZ,20139.51319022084
2028,2,p28,Apache Junction Landfill,402528,Pinal Central Energy Center Hybrid,AZ,775.5108963257039
2028,2,p28,Apache Junction Landfill,400125,"Poseidon Solar, LLC",AZ,395.9980900438621
2028,2,p28,Apache Junction Landfill,400031,Prescott Airport,AZ,24725.875092407663
2028,2,p28,Apache Junction Landfill,400401,Prescott Solar Plant,AZ,6190.635790158736
2028,2,p28,Apache Junction Landfill,400323,Queen Creek Solar Farm,AZ,234.38948230888286
2028,2,p28,Mohave Valley Landfill,400289,"RE Bagdad Solar I, LLC",AZ,2630.343730541379
2028,2,p28,Apache Junction Landfill,405132,"RE Gillespie 1, LLC",AZ,1998.1219438403714
2028,2,p28,Apache Junction Landfill,400758,Red Horse 2,AZ,909.764569718208
2028,2,p28,Apache Junction Landfill,401609,Red Horse III,AZ,1624.1789002224873
2028,2,p28,Apache Junction Landfill,401726,Red Rock,AZ,669.2919378541906
2028,2,p28,Apache Junction Landfill,406380,SR McNeal,AZ,3575.03029101306
2028,2,p28,Apache Junction Landfill,400416,Saddle Mountain Solar I,AZ,3080.165678801915
2028,2,p28,Apache Junction Landfill,403674,Saint Solar,AZ,263.8632028843092
2028,2,p28,Apache Junction Landfill,401214,Sandstone Solar,AZ,359.0799940707931
2028,2,p28,Apache Junction Landfill,405029,Solana Generating Station,AZ,197.4766457435085
2028,2,p28,Apache Junction Landfill,406275,Sonoran Solar Energy,AZ,193.72392252856633
2028,2,p28,Apache Junction Landfill,406034,Storey Solar and Storage,AZ,175.03510234298793
2028,2,p28,Apache Junction Landfill,401664,Sulphur Springs,AZ,2762.5647822952124
2028,2,p28,Apache Junction Landfill,403643,Sun Streams 2,AZ,350.16927648156366
2028,2,p28,Apache Junction Landfill,406517,Sun Streams 3,AZ,209.2217306180921
2028,2,p28,Apache Junction Landfill,401975,"Sun Streams, LLC",AZ,387.432667496294
2028,2,p28,Apache Junction Landfill,405311,T0588 Phoenix - AZ,AZ,20419.79693147485
2028,2,p28,Apache Junction Landfill,405134,Union HS at Casa Grande,AZ,9603.054858496609
2028,2,p28,Apache Junction Landfill,405135,Vista Grande HS at Casa Grande,AZ,10631.007871429889
2028,2,p28,Apache Junction Landfill,400334,Walmart Casa Grande,AZ,10012.325828562596
2028,2,p28,Apache Junction Landfill,406098,"West Line Solar, LLC",AZ,363.62097396165365
2028,2,p29,Apache Junction Landfill,400014,Springerville,AZ,4240.086544644596
2028,2,p30,Apache Junction Landfill,405143,Actus Lend Lease DMAFB,AZ,10623.40735148545
2028,2,p30,Apache Junction Landfill,405611,Amazon TUS2,AZ,9079.705873939334
2028,2,p30,Apache Junction Landfill,405268,Amphitheater High School Solar,AZ,20520.487952531774
2028,2,p30,Apache Junction Landfill,400939,Avalon Solar,AZ,1097.158890226511
2028,2,p30,Apache Junction Landfill,401479,Avalon Solar II,AZ,1935.9131965195422
2028,2,p30,Apache Junction Landfill,400226,Avra Valley Solar,AZ,1143.9669101498996
2028,2,p30,Apache Junction Landfill,404704,Broadway 2 - Tucson Phase II,AZ,9423.6192108917
2028,2,p30,Apache Junction Landfill,405768,Broadway 3 - Tucson Phase I,AZ,19680.876942306873
2028,2,p30,Apache Junction Landfill,405269,Canyon Del Oro High School Solar,AZ,7169.915081276552
2028,2,p30,Apache Junction Landfill,400757,Cogenra-TEP,AZ,24106.597698649213
2028,2,p30,Apache Junction Landfill,401295,Davis Monthan AFB (AZ) West Airfield,AZ,2276.8816123619044
2028,2,p30,Apache Junction Landfill,400330,FRB Solar Farm,AZ,14030.9438440736
2028,2,p30,Apache Junction Landfill,400761,"Gato Montes Solar, LLC",AZ,4843.313669068844
2028,2,p30,Apache Junction Landfill,404536,Iron Horse Battery Storage Hybrid,AZ,13395.208965458587
2028,2,p30,Apache Junction Landfill,400552,"Picture Rocks Solar, LLC",AZ,4449.766545433609
2028,2,p30,Apache Junction Landfill,405374,Pima Community College,AZ,30008.318155601344
2028,2,p30,Apache Junction Landfill,405303,Pima Community College - East Campus,AZ,19147.465375292213
2028,2,p30,Apache Junction Landfill,405516,Pima Community College NW,AZ,24425.322901280102
2028,2,p30,Apache Junction Landfill,400408,Prairie Fire,AZ,5331.682461713884
2028,2,p30,Apache Junction Landfill,400290,"RE Ajo 1, LLC",AZ,5698.679260378334
2028,2,p30,Apache Junction Landfill,404926,Raptor Ridge,AZ,2092.000081952386
2028,2,p30,Apache Junction Landfill,400857,Rio Rico Solar,AZ,5545.2576796788635
2028,2,p30,Apache Junction Landfill,400193,Roger Road WWTP,AZ,22086.055308724895
2028,2,p30,Apache Junction Landfill,401076,Tech Park Solar,AZ,4764.000841622847
2028,2,p30,Apache Junction Landfill,400156,UASTP I,AZ,25161.85461087141
2028,2,p30,Apache Junction Landfill,401075,Valencia Solar,AZ,3693.0627739722086
2028,2,p30,Apache Junction Landfill,404187,"Wilmot Energy Center, LLC",AZ,283.44660079290543
2028,2,p31,City of Clovis Landfill,400211,Alamogordo Solar Energy Center,NM,36332.96635751276
2028,2,p31,Northeastern New Mexico Regional Landfill,400206,Albuquerque Solar Energy Center,NM,57887.26293954959
2028,2,p31,Northeastern New Mexico Regional Landfill,403675,Alcalde Solar Array,NM,25977.115254184824
2028,2,p31,Apache Junction Landfill,401595,Alta Luna,NM,6374.72617039325
2028,2,p31,Northeastern New Mexico Regional Landfill,404724,Angel Fire Energy Facility,NM,3043.3293760698525
2028,2,p31,Northeastern New Mexico Regional Landfill,405469,Arroyo Solar Energy Storage Hybrid,NM,531.072656038718
2028,2,p31,Northeastern New Mexico Regional Landfill,403321,Bluewater CDEC 1,NM,65823.11068386908
2028,2,p31,Northeastern New Mexico Regional Landfill,403736,Britton Solar Energy Center,NM,1648.9665390962969
2028,2,p31,City of Clovis Landfill,404981,Buena Vista Energy Center,NM,1503.6266301334074
2028,2,p31,Northeastern New Mexico Regional Landfill,402876,CNMEC Solar Energy Center,NM,73549.56260899594
2028,2,p31,City of Clovis Landfill,402519,Carrizozo Solar,NM,48121.07853313877
2028,2,p31,Northeastern New Mexico Regional Landfill,401202,Cibola,NM,16783.657737560323
2028,2,p31,Northeastern New Mexico Regional Landfill,400104,Cimarron Solar Facility,NM,641.1023515544144
2028,2,p31,Apache Junction Landfill,402988,City of Gallup Solar,NM,24925.63412488368
2028,2,p31,Northeastern New Mexico Regional Landfill,403604,City of Rio Rancho WWTP,NM,83215.21228803085
2028,2,p31,Apache Junction Landfill,401225,City of Truth or Consequences PV,NM,95104.38434566608
2028,2,p31,Apache Junction Landfill,402177,Columbus Solar Project,NM,97450.27141277195
2028,2,p31,Northeastern New Mexico Regional Landfill,404748,"Cuba 2.5ac, LLC",NM,37354.19614914602
2028,2,p31,Apache Junction Landfill,400209,Deming Solar Energy Center,NM,19199.614122797462
2028,2,p31,Northeastern New Mexico Regional Landfill,403868,Encino Solar Energy Center,NM,2007.2407332310638
2028,2,p31,Northeastern New Mexico Regional Landfill,401038,Eubank Landfill Solar Array,NM,77946.12807077642
2028,2,p31,Northeastern New Mexico Regional Landfill,402441,Facebook 1 Solar Energy Center,NM,10877.763909311954
2028,2,p31,Northeastern New Mexico Regional Landfill,402442,Facebook 2 Solar Energy Center,NM,10469.32623574469
2028,2,p31,Northeastern New Mexico Regional Landfill,402443,Facebook 3 Solar Energy Center,NM,20921.706308679313
2028,2,p31,Northeastern New Mexico Regional Landfill,403322,Grants CDEC 2,NM,34290.285233471055
2028,2,p31,Apache Junction Landfill,400216,"Hatch Solar Energy Center I, LLC",NM,46502.88198937002
2028,2,p31,City of Clovis Landfill,401617,Holloman Solar Facility,NM,31902.50189619166
2028,2,p31,Northeastern New Mexico Regional Landfill,406109,"Jicarilla Solar 1, LLC",NM,3083.1478960811605
2028,2,p31,Northeastern New Mexico Regional Landfill,400427,Kit Carson,NM,51658.31660527804
2028,2,p31,Northeastern New Mexico Regional Landfill,400210,Las Vegas Solar Energy Center,NM,9175.19011620988
2028,2,p31,Northeastern New Mexico Regional Landfill,400434,Los Alamos PV Site,NM,75795.60567552902
2028,2,p31,Northeastern New Mexico Regional Landfill,400207,Los Lunas Solar Energy Center,NM,19344.900697448174
2028,2,p31,Apache Junction Landfill,400838,Macho Springs,NM,3437.817595806767
2028,2,p31,Northeastern New Mexico Regional Landfill,400582,Manzano Solar,NM,14905.730127994202
2028,2,p31,Northeastern New Mexico Regional Landfill,401201,Meadow Lake Solar Energy Center,NM,12323.252912907867
2028,2,p31,Northeastern New Mexico Regional Landfill,406177,"NMRD Data Center III, LLC",NM,1978.807387833517
2028,2,p31,City of Clovis Landfill,405693,NMSU Solar and Storage,NM,88399.3405642082
2028,2,p31,Northeastern New Mexico Regional Landfill,406375,OE_ESCL,NM,841.2850860323689
2028,2,p31,City of Clovis Landfill,400581,Otero Solar,NM,18456.825808476606
2028,2,p31,Northeastern New Mexico Regional Landfill,400146,Questa Solar Facility,NM,98307.19770067163
2028,2,p31,Northeastern New Mexico Regional Landfill,403178,"RC Energy AA, LLC Solar Facility",NM,113958.5073294567
2028,2,p31,Northeastern New Mexico Regional Landfill,401566,Rio Communities Solar Energy Center,NM,16061.193045698663
2028,2,p31,Northeastern New Mexico Regional Landfill,403084,Rio De Oro Solar Energy Center,NM,15737.432657537325
2028,2,p31,Northeastern New Mexico Regional Landfill,400624,Rio Rancho High School,NM,102815.72143869995
2028,2,p31,City of Clovis Landfill,400135,Roadrunner Solar,NM,10930.269567062498
2028,2,p31,Northeastern New Mexico Regional Landfill,404648,"Route 66 Energy Center, LLC",NM,4468.967006586275
2028,2,p31,Northeastern New Mexico Regional Landfill,403387,San Miguel I Solar Energy Center,NM,4547.671379762343
2028,2,p31,Northeastern New Mexico Regional Landfill,405458,San Miguel II Solar Energy Center,NM,3966.964130138126
2028,2,p31,Northeastern New Mexico Regional Landfill,401161,Sandoval Solar Energy Center,NM,26672.361914207504
2028,2,p31,Northeastern New Mexico Regional Landfill,401564,Santa Fe Solar Energy Center,NM,13555.510518635947
2028,2,p31,Northeastern New Mexico Regional Landfill,401565,Santolina Solar Energy Center,NM,20220.869579917704
2028,2,p31,Apache Junction Landfill,400596,Silver City WWTP PV Project,NM,179676.23320719926
2028,2,p31,Northeastern New Mexico Regional Landfill,406343,Sky Ranch Solar,NM,619.5040905731323
2028,2,p31,Northeastern New Mexico Regional Landfill,401563,South Valley Solar Energy Center,NM,20468.4051839621
2028,2,p31,Northeastern New Mexico Regional Landfill,401162,Springer Solar 1,NM,21310.848407217636
2028,2,p31,Northeastern New Mexico Regional Landfill,400735,Storrie Lake Solar Project,NM,22865.545222602872
2028,2,p31,Northeastern New Mexico Regional Landfill,400623,Sue Cleveland High School,NM,113050.76308604627
2028,2,p31,City of Clovis Landfill,400343,"SunE EPE1, LLC",NM,20003.38086326186
2028,2,p31,City of Clovis Landfill,400342,"SunE EPE2, LLC",NM,16042.552895508476
2028,2,p31,Northeastern New Mexico Regional Landfill,402854,Syncarpha Eagle Nest,NM,47490.09036453974
2028,2,p31,Northeastern New Mexico Regional Landfill,403412,Syncarpha El Rito,NM,43852.36459378779
2028,2,p31,Northeastern New Mexico Regional Landfill,403413,Syncarpha Questa,NM,35971.914153682126
2028,2,p31,Northeastern New Mexico Regional Landfill,403411,Syncarpha Taos,NM,17171.970323071087
2028,2,p31,Northeastern New Mexico Regional Landfill,404618,Taos Mesa Energy Facility Hybrid,NM,4114.573997883364
2028,2,p31,Northeastern New Mexico Regional Landfill,403011,Vista Solar Energy Center,NM,11962.571994224167
2028,2,p31,City of Clovis Landfill,400354,WSMR I,NM,41747.619135533736
2028,2,p31,Apache Junction Landfill,405245,Wal-Mart Truth or Consequences PV,NM,227788.22100039726
2028,2,p47,City of Clovis Landfill,400979,"Caprock Solar 1, LLC",NM,1440.1768903505276
2028,2,p47,City of Clovis Landfill,404980,Chaves County Solar II,NM,2148.2985185398506
2028,2,p47,City of Clovis Landfill,401681,"Chaves Solar, LLC",NM,927.7171480983607
2028,2,p47,City of Clovis Landfill,400614,GSE NM1,NM,46751.021112823255
2028,2,p47,City of Clovis Landfill,404982,Hayhurst New Mexico Solar,NM,6946.214265419523
2028,2,p47,City of Clovis Landfill,402530,Middle Daisy,NM,14206.747471488632
2028,2,p47,City of Clovis Landfill,401682,"Roswell Solar, LLC",NM,1032.1266332905184
2028,2,p47,City of Clovis Landfill,400546,SEV NM Phase 2,NM,70774.78620945409
2028,2,p47,City of Clovis Landfill,400260,SPS1 Dollarhide,NM,12862.068240357203
2028,2,p47,City of Clovis Landfill,400261,SPS2 Jal,NM,16718.734371546318
2028,2,p47,City of Clovis Landfill,400262,SPS3 Lea,NM,9540.810909161873
2028,2,p47,City of Clovis Landfill,400264,SPS5 Hopi,NM,11282.788447214645
2028,2,p47,City of Clovis Landfill,404698,SoCore Clovis 1,NM,2072.5242318566425
2028,2,p48,City of Clovis Landfill,406439,"BESSP1, LLC",TX,18191.7614361057
2028,2,p48,City of Clovis Landfill,405590,"Hecate Energy Frye Solar, LLC",TX,170.25390489426138
2028,2,p57,Victoria Landfill,404918,"Hecate Energy Upshur Rural, LLC",TX,14605.007623440848
2028,2,p59,City of Clovis Landfill,402666,Fort Bliss (DEA EPIC),TX,28802.295863511896
2028,2,p59,City of Clovis Landfill,401616,Montana Solar Facility,TX,21433.603020383634
2028,2,p59,City of Clovis Landfill,401045,Newman Solar,TX,4364.7435954237335
2028,2,p60,City of Clovis Landfill,403962,"ANSON Solar Center, LLC",TX,629.5510915592487
2028,2,p60,City of Clovis Landfill,403883,Azure Sky Solar,TX,772.6953601667783
2028,2,p60,City of Clovis Landfill,403232,"ENGIE Long Draw Solar, LLC",TX,378.26150692748575
2028,2,p60,City of Clovis Landfill,406252,Highpeak Solar 1,TX,9632.413373238618
2028,2,p60,City of Clovis Landfill,402721,Holstein 1 Solar Farm,TX,881.8858330363797
2028,2,p60,City of Clovis Landfill,405492,Juno Solar Project,TX,320.51454968499473
2028,2,p60,City of Clovis Landfill,402541,Lamesa II,TX,2078.582174114215
2028,2,p60,City of Clovis Landfill,401660,Lamesa Solar,TX,873.7590116850029
2028,2,p60,City of Clovis Landfill,405932,Lumina II Solar Project,TX,314.7189728185844
2028,2,p60,City of Clovis Landfill,405933,Lumina Solar Project,TX,336.2016597899016
2028,2,p60,City of Clovis Landfill,402909,Misae Solar,TX,422.2970396696268
2028,2,p60,City of Clovis Landfill,400968,"OCI Alamo 7, LLC",TX,1384.8173419891593
2028,2,p60,City of Clovis Landfill,405939,Texas Solar Nova 1,TX,387.38150907932504
2028,2,p61,City of Clovis Landfill,400967,Alamo 6,TX,671.4568699392055
2028,2,p61,City of Clovis Landfill,403557,Aragorn Solar Project,TX,306.48752748183256
2028,2,p61,City of Clovis Landfill,400691,Barilla Solar,TX,2105.115872666043
2028,2,p61,City of Clovis Landfill,401946,Bluebell Solar,TX,3103.583516692489
2028,2,p61,City of Clovis Landfill,403574,Bluebell Solar II,TX,684.1476140475983
2028,2,p61,City of Clovis Landfill,400554,"Bryan Solar, LLC",TX,7909.7236100029395
2028,2,p61,City of Clovis Landfill,401463,Buckthorn Westex,TX,642.3835634551517
2028,2,p61,City of Clovis Landfill,401703,East Pecos Solar,TX,615.7159615234195
2028,2,p61,City of Clovis Landfill,405363,Galloway 1 Solar Farm,TX,410.3106149464768
2028,2,p61,City of Clovis Landfill,405494,Galloway 2 Solar Farm,TX,606.8781113456328
2028,2,p61,City of Clovis Landfill,403210,Greasewood,TX,570.5067524867547
2028,2,p61,City of Clovis Landfill,406370,Hayhurst Texas Solar,TX,1760.7233315174076
2028,2,p61,City of Clovis Landfill,402304,Midway Solar-TX,TX,364.58894616649945
2028,2,p61,Victoria Landfill,400695,"OCI Alamo 4, LLC",TX,1958.29820817667
2028,2,p61,City of Clovis Landfill,401868,Pearl Solar,TX,1450.261204404529
2028,2,p61,City of Clovis Landfill,402290,RE Maplewood,TX,355.04187066891467
2028,2,p61,City of Clovis Landfill,401430,RE Roserock,TX,468.0455962241824
2028,2,p61,City of Clovis Landfill,402848,Rambler,TX,387.3098915320414
2028,2,p61,City of Clovis Landfill,402083,Solaire Holman Solar Project,TX,1286.9694557398739
2028,2,p61,City of Clovis Landfill,403023,"Taygete Energy Project, LLC",TX,624.8694830042293
2028,2,p61,City of Clovis Landfill,404647,Taygete II Energy Project,TX,400.8092575776895
2028,2,p61,City of Clovis Landfill,403551,Titan Solar Project,TX,424.0192014321621
2028,2,p61,Victoria Landfill,406103,Zier Solar,TX,425.19637533123347
2028,2,p62,City of Clovis Landfill,403502,2W Permian Solar Project Hybrid,TX,436.3401197177961
2028,2,p62,City of Clovis Landfill,403697,CED Crane Solar,TX,510.00457575097334
2028,2,p62,City of Clovis Landfill,401525,Castle Gap Solar Hybrid,TX,574.7642488320805
2028,2,p62,City of Clovis Landfill,404599,Emerald Grove,TX,745.5581112219039
2028,2,p62,City of Clovis Landfill,403004,Lapetus,TX,541.006287992993
2028,2,p62,City of Clovis Landfill,403280,Oberon IA,TX,581.0829785363082
2028,2,p62,City of Clovis Landfill,403279,Oberon IB,TX,2445.9996456034564
2028,2,p62,City of Clovis Landfill,403602,Oxy Renewable Energy-Goldsmith,TX,3399.106713576329
2028,2,p62,City of Clovis Landfill,402679,Phoebe Solar,TX,291.5994708031322
2028,2,p62,City of Clovis Landfill,403177,Prospero Solar,TX,275.9904083715598
2028,2,p62,City of Clovis Landfill,404128,Prospero Solar II,TX,371.45448525251015
2028,2,p62,City of Clovis Landfill,403070,"Roadrunner, LLC",TX,444.9299263819534
2028,2,p62,City of Clovis Landfill,401805,Upton County Solar,TX,976.4992115790824
2028,2,p62,City of Clovis Landfill,402995,West of the Pecos Solar,TX,699.1365087937896
2028,2,p63,Victoria Landfill,405599,"BPL Crown Solar, LLC",TX,1268.7250365023067
2028,2,p63,Victoria Landfill,404966,BPL Files Solar,TX,1079.3483484281323
2028,2,p63,Victoria Landfill,403825,Briar Creek Solar 1,TX,1283.0225781725057
2028,2,p63,Victoria Landfill,402610,Chisum,TX,16442.318242201138
2028,2,p63,Victoria Landfill,401697,CoServ Community Solar Station,TX,367530.3564532401
2028,2,p63,Victoria Landfill,403188,Coniglio Solar,TX,2125.2888891464477
2028,2,p63,Victoria Landfill,406415,Dileo Solar,TX,1820.9446686245278
2028,2,p63,Victoria Landfill,402655,Eddy II,TX,9398.92281677929
2028,2,p63,Victoria Landfill,406221,Eiffel Solar Project,TX,905.9428406681748
2028,2,p63,Victoria Landfill,405540,"Ellis Solar, LLC",TX,2224.099316260712
2028,2,p63,Victoria Landfill,403823,Elm Branch Solar 1,TX,1115.823176612309
2028,2,p63,Victoria Landfill,406206,Five Wells Solar Center - Hybrid,TX,410.9449908452932
2028,2,p63,Victoria Landfill,404567,G.S.E. One LLC,TX,2408.9168068434806
2028,2,p63,Victoria Landfill,403288,Griffin Solar,TX,25604.134582969935
2028,2,p63,Victoria Landfill,406202,Grizzly Ridge Solar,TX,1362.4524167714546
2028,2,p63,Victoria Landfill,402329,Highway 56 Solar,TX,29894.941103881647
2028,2,p63,Victoria Landfill,405319,IKEA Grand Prairie Rooftop PV System,TX,1069908.0434526603
2028,2,p63,Victoria Landfill,405689,"IP Radian, LLC",TX,448.853622653517
2028,2,p63,Victoria Landfill,403481,Impact Solar 1,TX,1193.4009186564233
2028,2,p63,Victoria Landfill,403190,Kellam Solar,TX,2397.1451112155173
2028,2,p63,Victoria Landfill,402421,Leon Solar,TX,28987.410033447588
2028,2,p63,Victoria Landfill,403874,Lily Solar Hybrid,TX,1119.4464541813486
2028,2,p63,Victoria Landfill,402404,Marlin Solar,TX,19686.68080244331
2028,2,p63,Victoria Landfill,405794,Noble Solar,TX,832.2322037420495
2028,2,p63,Victoria Landfill,402405,North Gainesville Solar,TX,102312.13535610675
2028,2,p63,Victoria Landfill,401933,Phantom Solar,TX,6718.358086348208
2028,2,p63,Victoria Landfill,404872,"Pisgah Ridge Solar, LLC",TX,746.6219611674225
2028,2,p63,Victoria Landfill,406416,Pitts Dudik Solar,TX,2359.3505260242628
2028,2,p63,Victoria Landfill,403189,Rippey Solar,TX,2962.2007702457004
2028,2,p63,Victoria Landfill,404630,"Samson Solar Energy III, LLC",TX,966.5866581892349
2028,2,p63,Victoria Landfill,402652,Sterling Solar (TX),TX,145077.55185416839
2028,2,p63,Victoria Landfill,404812,Sun Valley Solar Project,TX,567.1370082910946
2028,2,p63,Victoria Landfill,404388,"TPE Erath Solar, LLC",TX,13550.766454598339
2028,2,p63,Victoria Landfill,403457,"TPE Whitney Solar, LLC",TX,13912.808793175715
2028,2,p63,Victoria Landfill,405984,Waco Solar,TX,405.1473958569893
2028,2,p63,Victoria Landfill,402306,Walnut Springs Solar,TX,44579.1026104456
2028,2,p63,Victoria Landfill,402330,Whitesboro Solar,TX,316319.0173788801
2028,2,p63,Victoria Landfill,402414,Whitewright Solar,TX,17287.87910387495
2028,2,p63,Victoria Landfill,402654,Yellow Jacket,TX,26574.97134746472
2028,2,p64,Victoria Landfill,405731,Austin TX GigaFactory,TX,30644.59744741514
2028,2,p64,Victoria Landfill,402203,Bandera Electric Coop PV,TX,38018.9017902414
2028,2,p64,Victoria Landfill,404721,"Blue Jay Solar I, LLC",TX,299.67342312459215
2028,2,p64,Victoria Landfill,402648,Bovine,TX,2572.161463019353
2028,2,p64,Victoria Landfill,402389,"E-Volve Energy Holdings, LLC",TX,18214.902466030388
2028,2,p64,Victoria Landfill,400227,East Blackland Solar Project 1,TX,500.63377394856025
2028,2,p64,Victoria Landfill,405101,IKEA Round Rock 027,TX,33459.15475919372
2028,2,p64,Victoria Landfill,402653,Lampwick,TX,11218.487554733443
2028,2,p64,Victoria Landfill,405613,Niagara Bottling - Seguin,TX,7072.914388309206
2028,2,p64,Victoria Landfill,402544,PowerFin Kingsbery,TX,14027.7669528851
2028,2,p64,Victoria Landfill,400249,Webberville Solar Project,TX,1501.1117742617148
2028,2,p65,Victoria Landfill,405700,Aktina Solar,TX,674.3580371163317
2028,2,p65,Victoria Landfill,404074,"Alexis Solar, LLC",TX,78886.4501037887
2028,2,p65,Victoria Landfill,405727,Bernard Creek Solar,TX,2276.0728082279097
2028,2,p65,Victoria Landfill,400081,Blue Wing Solar Energy Generation,TX,36157.12919829852
2028,2,p65,Victoria Landfill,405477,Brightside,TX,8429.602155879258
2028,2,p65,Victoria Landfill,401728,CPS 1 Community Solar,TX,664706.6765010478
2028,2,p65,Victoria Landfill,402656,Cascade Solar (TX),TX,45872.48139423799
2028,2,p65,Victoria Landfill,403987,Catan Solar,TX,24954.67178978487
2028,2,p65,Victoria Landfill,403091,Commerce Solar,TX,115876.61937209187
2028,2,p65,Victoria Landfill,404247,"Corazon Energy, LLC",TX,4052.551257652061
2028,2,p65,Victoria Landfill,404062,Elara Solar,TX,5364.1663000409235
2028,2,p65,Victoria Landfill,404359,FELPS 1-Calaveras,TX,497568.8885337978
2028,2,p65,Victoria Landfill,404361,FELPS 2-Calaveras,TX,560169.2968485669
2028,2,p65,Victoria Landfill,404362,FELPS 3-Floresville South,TX,395154.14114950766
2028,2,p65,Victoria Landfill,404363,FELPS 4-Floresville South,TX,395213.20731051965
2028,2,p65,Victoria Landfill,404364,FELPS 5-Floresville South,TX,395317.4907787925
2028,2,p65,Victoria Landfill,404739,FELPS 6- Floresville West,TX,525303.707614286
2028,2,p65,Victoria Landfill,404740,FELPS 7- Floresville West,TX,600246.7810192367
2028,2,p65,Victoria Landfill,406516,Ganado Solar,TX,1293.0586157637977
2028,2,p65,Victoria Landfill,405801,Horizon Solar,TX,3818.954954652643
2028,2,p65,Victoria Landfill,405380,IKEA Live Oak Rooftop PV System,TX,346342.0962859223
2028,2,p65,Victoria Landfill,403343,Mars Solar,TX,92209.7681087374
2028,2,p65,Victoria Landfill,404877,Nebula Solar,TX,8805.73941279013
2028,2,p65,Victoria Landfill,400694,"OCI Alamo 2, LLC",TX,193340.07068437134
2028,2,p65,Victoria Landfill,400965,"OCI Alamo 3, LLC",TX,101759.65245712582
2028,2,p65,Victoria Landfill,400966,"OCI Alamo 5, LLC",TX,18391.755703610186
2028,2,p65,Victoria Landfill,400593,OCI Alamo Solar I Hybrid,TX,15694.838023155688
2028,2,p65,Victoria Landfill,405809,Shakes Solar,TX,4856.483079067534
2028,2,p65,Victoria Landfill,405545,Sparta Solar,TX,1916.3138982537084
2028,2,p65,Victoria Landfill,400379,"SunE CPS1, LLC",TX,62862.76885695931
2028,2,p65,Victoria Landfill,400364,"SunE CPS2, LLC",TX,56126.17009443379
2028,2,p65,Victoria Landfill,400353,"SunE CPS3, LLC",TX,67038.05068992649
2028,2,p65,Victoria Landfill,406032,Tres Bahias,TX,855.3751476043851
2028,2,p65,Victoria Landfill,404878,Vancourt Solar Interconnections,TX,20914.535421127362
2028,2,p66,Victoria Landfill,406386,Umbriel Solar,TX,2320.5689213088453
2028,2,p67,Victoria Landfill,404939,Brazoria County Solar Project (Danciger),TX,310.59462611637827
2028,2,p67,Victoria Landfill,404681,Brazoria West,TX,412.901163183036
2028,2,p67,Victoria Landfill,402649,Bronson,TX,4855.770157406737
2028,2,p67,Victoria Landfill,406178,"Cutlass Solar 1, LLC",TX,519.8349913433037
2028,2,p67,Victoria Landfill,404587,Fighting Jays Solar Project,TX,332.3199367053673
2028,2,p67,Victoria Landfill,405564,"Fort Bend Solar, LLC",TX,310.70881188289525
2028,2,p67,Victoria Landfill,404853,"Longbow Solar, LLC",TX,1154.5732500034496
2028,2,p67,Victoria Landfill,403514,Wagyu,TX,522.1174052328016
2028,3,p12,Apex Regional Landfill,402144,Battle Mountain Solar Project,NV,739.5975307195039
2028,3,p12,Apex Regional Landfill,405553,Dodge Flat,NV,1800.7376688031331
2028,3,p12,Apex Regional Landfill,402609,"EGP Stillwater Solar PV II, LLC",NV,3194.0022855760544
2028,3,p12,Apex Regional Landfill,404659,Fish Springs,NV,1370.7970682313764
2028,3,p12,Apex Regional Landfill,401086,Ft. Churchill PV,NV,8808.73577667148
2028,3,p12,Apex Regional Landfill,402130,Luning Energy,NV,1040.898933925473
2028,3,p12,Apex Regional Landfill,403107,NVSS-II,NV,780.3914104002546
2028,3,p12,Apex Regional Landfill,400468,"Patua Acquisition Project, LLC",NV,7966.3024107401025
2028,3,p12,Apex Regional Landfill,405023,Steamboat II,NV,128563.34382027265
2028,3,p12,Apex Regional Landfill,400029,Stillwater Facility,NV,3256.913541909074
2028,3,p12,Apex Regional Landfill,401318,Sunshine Valley Solar,NV,240.82038962777264
2028,3,p12,Apex Regional Landfill,405026,TS Power Plant,NV,736.0731602261304
2028,3,p12,Apex Regional Landfill,405576,Tesla Reno GigaFactory,NV,17365.648319641914
2028,3,p12,Apex Regional Landfill,401943,Tungsten Mountain,NV,8983.556417610444
2028,3,p12,Apex Regional Landfill,403308,Turquoise Liberty Solar,NV,11825.931274629276
2028,3,p12,Apex Regional Landfill,403884,"Turquoise Nevada, LLC",NV,2641.4700284906626
2028,3,p12,Apex Regional Landfill,400035,Western 102 Power Plant,NV,351961.65563773864
2028,3,p13,Apex Regional Landfill,400555,Apex Solar PV Power Project,NV,503.7155417533058
2028,3,p13,Apex Regional Landfill,405385,Arrow Canyon Solar Hybrid,NV,394.1192692458552
2028,3,p13,Apex Regional Landfill,402017,"Boulder Solar II, LLC",NV,253.4789926557235
2028,3,p13,Apex Regional Landfill,401649,"Boulder Solar Power, LLC",NV,151.34739915265837
2028,3,p13,Apex Regional Landfill,400059,CM10,NV,1328.3451406716727
2028,3,p13,Apex Regional Landfill,400086,CM48,NV,396.6452175415103
2028,3,p13,Apex Regional Landfill,400363,Copper Mountain Solar 2,NV,132.30762417687154
2028,3,p13,Apex Regional Landfill,400802,Copper Mountain Solar 3,NV,88.00993477160176
2028,3,p13,Apex Regional Landfill,401308,"Copper Mountain Solar 4, LLC",NV,172.90300287801006
2028,3,p13,Apex Regional Landfill,403688,"Copper Mountain Solar 5, LLC",NV,102.91941597692583
2028,3,p13,Apex Regional Landfill,405358,Dignity - San Martin,NV,3651.0076716130056
2028,3,p13,Apex Regional Landfill,405355,Dignity - Siena Campus,NV,3238.6803009014693
2028,3,p13,Apex Regional Landfill,405556,Dry Lake Solar Energy Center,NV,145.35272408438954
2028,3,p13,Apex Regional Landfill,405495,Gemini Solar,NV,101.30032344160279
2028,3,p13,Apex Regional Landfill,403386,"Harry Allen Solar Energy, LLC",NV,186.00109545512487
2028,3,p13,Apex Regional Landfill,406090,IGS LAS1,NV,8294.495070362673
2028,3,p13,Apex Regional Landfill,406089,IGS VGT,NV,4068.596647878568
2028,3,p13,Apex Regional Landfill,405309,IKEA Las Vegas 462,NV,5523.2313929319325
2028,3,p13,Apex Regional Landfill,400545,Las Vegas WPCF Solar Plant,NV,1006.3413930418408
2028,3,p13,Apex Regional Landfill,400313,Moapa Southern Paiute,NV,107.10166843258177
2028,3,p13,Apex Regional Landfill,400600,Mountain View Solar,NV,502.9358823016449
2028,3,p13,Apex Regional Landfill,400036,Nellis Air Force Base Solar Array,NV,419.5603590504245
2028,3,p13,Apex Regional Landfill,401381,Nellis Solar PV II,NV,198.83000161812768
2028,3,p13,Apex Regional Landfill,401319,"Playa Solar 1, LLC",NV,194.47921642550818
2028,3,p13,Apex Regional Landfill,401596,Playa Solar 2,NV,142.5550709347666
2028,3,p13,Apex Regional Landfill,401274,River Mountains Solar,NV,551.3776426111813
2028,3,p13,Mohave Valley Landfill,401042,Searchlight Solar,NV,1315.2277466986636
2028,3,p13,Apex Regional Landfill,400166,Silver State Solar Power North,NV,380.03316121373587
2028,3,p13,Apex Regional Landfill,400658,Silver State Solar Power South,NV,136.94545121250258
2028,3,p13,Apex Regional Landfill,405246,"Solar Las Vegas MB 2, LLC",NV,2155.807862822873
2028,3,p13,Apex Regional Landfill,405188,Solar Las Vegas MB-1,NV,794.7002721925594
2028,3,p13,Apex Regional Landfill,400556,Spectrum Solar PV Power Project,NV,260.8345625760982
2028,3,p13,Apex Regional Landfill,402485,"Techren Solar I, LLC",NV,147.4769614223181
2028,3,p13,Apex Regional Landfill,402690,"Techren Solar II, LLC",NV,96.7349713430369
2028,3,p13,Apex Regional Landfill,402691,"Techren Solar III, LLC",NV,491.90974069068074
2028,3,p13,Apex Regional Landfill,402692,"Techren Solar IV, LLC",NV,449.55181981269857
2028,3,p13,Apex Regional Landfill,403001,Techren Solar V,NV,227.91228735282803
2028,3,p13,Apex Regional Landfill,401851,Townsite Solar Project Hybrid,NV,102.0751185110369
2028,3,p13,Apex Regional Landfill,406448,Yellow Pine II,NV,341.7239034800621
2028,3,p13,Apex Regional Landfill,404971,Yellow Pine Solar,NV,353.7562906889976
2028,3,p27,Mohave Valley Landfill,400374,"Black Mountain Solar, LLC",AZ,389.22638744198997
2028,3,p27,Mohave Valley Landfill,402236,Gray Hawk Solar,AZ,149.84219785579623
2028,3,p27,Mohave Valley Landfill,401819,Jacobson 5 MW Solar,AZ,1126.3294126157966
2028,3,p27,Mohave Valley Landfill,400199,La Senita,AZ,3667.5588989025387
2028,3,p27,Mohave Valley Landfill,403718,Mohave Electric Cooperative at Joy Lane,AZ,84.50244694931058
2028,3,p27,Mohave Valley Landfill,401311,Mohave Electric at Fort Mohave,AZ,123.22874056371022
2028,3,p27,Mohave Valley Landfill,406478,Mohave Energy - Hybrid,AZ,57.846014086888125
2028,3,p28,Apache Junction Landfill,405418,AZ State University - Tempe Campus Solar,AZ,6007.347695104576
2028,3,p28,South Yuma County Landfill,400148,Agua Caliente Solar Project,AZ,167.64284452133518
2028,3,p28,Apache Junction Landfill,402067,Apache Solar 1,AZ,3561.2841672083896
2028,3,p28,South Yuma County Landfill,400274,Arizona Western College PV,AZ,931.3914043394096
2028,3,p28,Apache Junction Landfill,400240,Arlington Valley Solar Energy II,AZ,359.5173297403223
2028,3,p28,Apache Junction Landfill,400437,Badger 1,AZ,2446.916013969412
2028,3,p28,Apache Junction Landfill,401688,Bonnybrooke PV,AZ,254.6636186749912
2028,3,p28,Apache Junction Landfill,400371,Buckeye Union HS District 201,AZ,8774.646667408508
2028,3,p28,Apache Junction Landfill,405635,"Central Line Solar, LLC",AZ,307.7451440009954
2028,3,p28,Apache Junction Landfill,400201,Chino Solar Valley,AZ,2732.6087110867124
2028,3,p28,Apache Junction Landfill,400202,Cotton Center Solar Hybrid,AZ,2230.872346049788
2028,3,p28,Apache Junction Landfill,401069,Desert Star Hybrid,AZ,2907.4080282914465
2028,3,p28,Apache Junction Landfill,403257,East Line Solar,AZ,240.26186168279347
2028,3,p28,Apache Junction Landfill,406171,Eleven Mile Solar Center,AZ,117.16870687191708
2028,3,p28,Apache Junction Landfill,405244,Estrella Mountain PV,AZ,11447.338332551803
2028,3,p28,South Yuma County Landfill,400349,Foothills Solar Plant Hybrid,AZ,186.97579055864975
2028,3,p28,Apache Junction Landfill,400825,Fort Huachuca Solar PV Project,AZ,4400.844729419434
2028,3,p28,Apache Junction Landfill,400845,Gila Bend Hybrid,AZ,1323.5522454330028
2028,3,p28,Apache Junction Landfill,400599,"Gilbert Solar Facility I, LLC",AZ,3052.7327841437677
2028,3,p28,South Yuma County Landfill,400507,Hyder II Hybrid,AZ,2474.313505538
2028,3,p28,South Yuma County Landfill,400204,Hyder Solar Hybrid,AZ,3107.4267568446444
2028,3,p28,Apache Junction Landfill,405282,Intel - Ocotillo Campus Solar,AZ,3788.2319961502485
2028,3,p28,Apache Junction Landfill,405125,Jewish Community Center PV,AZ,12165.787285233084
2028,3,p28,Apache Junction Landfill,402234,Kayenta Solar Project,AZ,2180.2362874116834
2028,3,p28,Apache Junction Landfill,400595,Lake Pleasant WTP,AZ,3737.4723841114183
2028,3,p28,Apache Junction Landfill,400128,Luke Solar,AZ,2187.888769174247
2028,3,p28,Apache Junction Landfill,405068,Macys Goodyear,AZ,8884.57696717577
2028,3,p28,South Yuma County Landfill,406279,McFarland A Solar and Storage,AZ,206.42795445303423
2028,3,p28,Apache Junction Landfill,405617,Mesa Carport PV,AZ,621.1431222742193
2028,3,p28,Apache Junction Landfill,404512,Mesa Solar Array,AZ,566.584706483208
2028,3,p28,Apache Junction Landfill,400250,Mesquite Solar 1,AZ,552.4316147235743
2028,3,p28,Apache Junction Landfill,401621,"Mesquite Solar 2, LLC",AZ,388.6995821857971
2028,3,p28,Apache Junction Landfill,401622,"Mesquite Solar 3, LLC",AZ,300.13695020183263
2028,3,p28,Apache Junction Landfill,406038,"Mesquite Solar 4, LLC",AZ,701.6005842261171
2028,3,p28,Apache Junction Landfill,404922,"Mesquite Solar 5, LLC",AZ,680.8106510624388
2028,3,p28,Mohave Valley Landfill,403572,OE_AZ1,AZ,1673.0800524996798
2028,3,p28,Apache Junction Landfill,400203,Paloma Solar Hybrid,AZ,1932.9539018204928
2028,3,p28,Apache Junction Landfill,405126,Paradise Valley H.S. PV,AZ,10942.615816445443
2028,3,p28,Apache Junction Landfill,405150,Phoenix Airport East Economy Lot,AZ,12967.775645507847
2028,3,p28,Apache Junction Landfill,405151,Phoenix Airport Rental Car Center,AZ,10092.905105110422
2028,3,p28,Apache Junction Landfill,402528,Pinal Central Energy Center Hybrid,AZ,775.5108963257039
2028,3,p28,Apache Junction Landfill,400125,"Poseidon Solar, LLC",AZ,395.9980900438621
2028,3,p28,Apache Junction Landfill,400031,Prescott Airport,AZ,21200.22108206371
2028,3,p28,Apache Junction Landfill,400401,Prescott Solar Plant,AZ,5422.593443888895
2028,3,p28,Apache Junction Landfill,400323,Queen Creek Solar Farm,AZ,234.38948230888286
2028,3,p28,Mohave Valley Landfill,400289,"RE Bagdad Solar I, LLC",AZ,2954.1142969215516
2028,3,p28,Apache Junction Landfill,405132,"RE Gillespie 1, LLC",AZ,1998.1219438403714
2028,3,p28,Apache Junction Landfill,400758,Red Horse 2,AZ,909.764569718208
2028,3,p28,Apache Junction Landfill,401609,Red Horse III,AZ,1624.1789002224873
2028,3,p28,Apache Junction Landfill,401726,Red Rock,AZ,669.2919378541906
2028,3,p28,Apache Junction Landfill,406380,SR McNeal,AZ,3575.03029101306
2028,3,p28,Apache Junction Landfill,400416,Saddle Mountain Solar I,AZ,2776.7788129217233
2028,3,p28,Apache Junction Landfill,403674,Saint Solar,AZ,300.12423336502735
2028,3,p28,Apache Junction Landfill,401214,Sandstone Solar,AZ,319.98212231194395
2028,3,p28,Apache Junction Landfill,405029,Solana Generating Station,AZ,182.35868316915764
2028,3,p28,Apache Junction Landfill,406275,Sonoran Solar Energy,AZ,175.29555971249553
2028,3,p28,Apache Junction Landfill,406034,Storey Solar and Storage,AZ,191.12736263586137
2028,3,p28,Apache Junction Landfill,401664,Sulphur Springs,AZ,2762.5647822952124
2028,3,p28,Apache Junction Landfill,403643,Sun Streams 2,AZ,350.16927648156366
2028,3,p28,Apache Junction Landfill,406517,Sun Streams 3,AZ,209.2217306180921
2028,3,p28,Apache Junction Landfill,401975,"Sun Streams, LLC",AZ,387.432667496294
2028,3,p28,Apache Junction Landfill,405311,T0588 Phoenix - AZ,AZ,28569.196896064797
2028,3,p28,Apache Junction Landfill,405134,Union HS at Casa Grande,AZ,10797.649588308683
2028,3,p28,Apache Junction Landfill,405135,Vista Grande HS at Casa Grande,AZ,13277.18558428736
2028,3,p28,Apache Junction Landfill,400334,Walmart Casa Grande,AZ,8904.989294277864
2028,3,p28,Apache Junction Landfill,406098,"West Line Solar, LLC",AZ,310.73364830137797
2028,3,p29,Apache Junction Landfill,400014,Springerville,AZ,4764.31023522517
2028,3,p30,Apache Junction Landfill,405143,Actus Lend Lease DMAFB,AZ,7450.274252039815
2028,3,p30,Apache Junction Landfill,405611,Amazon TUS2,AZ,11338.05808742417
2028,3,p30,Apache Junction Landfill,405268,Amphitheater High School Solar,AZ,20520.487952531774
2028,3,p30,Apache Junction Landfill,400939,Avalon Solar,AZ,980.3964602013431
2028,3,p30,Apache Junction Landfill,401479,Avalon Solar II,AZ,1935.9131965195422
2028,3,p30,Apache Junction Landfill,400226,Avra Valley Solar,AZ,869.5494376124251
2028,3,p30,Apache Junction Landfill,404704,Broadway 2 - Tucson Phase II,AZ,7339.769835137991
2028,3,p30,Apache Junction Landfill,405768,Broadway 3 - Tucson Phase I,AZ,19680.876942306873
2028,3,p30,Apache Junction Landfill,405269,Canyon Del Oro High School Solar,AZ,4320.467856765931
2028,3,p30,Apache Junction Landfill,400757,Cogenra-TEP,AZ,24106.597698649213
2028,3,p30,Apache Junction Landfill,401295,Davis Monthan AFB (AZ) West Airfield,AZ,1830.764693889524
2028,3,p30,Apache Junction Landfill,400330,FRB Solar Farm,AZ,12632.479161666235
2028,3,p30,Apache Junction Landfill,400761,"Gato Montes Solar, LLC",AZ,6899.1779472412045
2028,3,p30,Apache Junction Landfill,404536,Iron Horse Battery Storage Hybrid,AZ,20069.66493818788
2028,3,p30,Apache Junction Landfill,400552,"Picture Rocks Solar, LLC",AZ,2248.0317827168055
2028,3,p30,Apache Junction Landfill,405374,Pima Community College,AZ,21019.711814920935
2028,3,p30,Apache Junction Landfill,405303,Pima Community College - East Campus,AZ,19147.465375292213
2028,3,p30,Apache Junction Landfill,405516,Pima Community College NW,AZ,20942.60491824009
2028,3,p30,Apache Junction Landfill,400408,Prairie Fire,AZ,5331.682461713884
2028,3,p30,Apache Junction Landfill,400290,"RE Ajo 1, LLC",AZ,5698.679260378334
2028,3,p30,Apache Junction Landfill,404926,Raptor Ridge,AZ,2092.000081952386
2028,3,p30,Apache Junction Landfill,400857,Rio Rico Solar,AZ,6919.997844598578
2028,3,p30,Apache Junction Landfill,400193,Roger Road WWTP,AZ,22086.055308724895
2028,3,p30,Apache Junction Landfill,401076,Tech Park Solar,AZ,6785.873908032638
2028,3,p30,Apache Junction Landfill,400156,UASTP I,AZ,33533.70714116188
2028,3,p30,Apache Junction Landfill,401075,Valencia Solar,AZ,3237.2170547256824
2028,3,p30,Apache Junction Landfill,404187,"Wilmot Energy Center, LLC",AZ,283.44660079290543
2028,3,p31,City of Clovis Landfill,400211,Alamogordo Solar Energy Center,NM,58122.31611480042
2028,3,p31,Northeastern New Mexico Regional Landfill,400206,Albuquerque Solar Energy Center,NM,57887.26293954959
2028,3,p31,Northeastern New Mexico Regional Landfill,403675,Alcalde Solar Array,NM,46731.214433612695
2028,3,p31,Apache Junction Landfill,401595,Alta Luna,NM,6374.72617039325
2028,3,p31,Northeastern New Mexico Regional Landfill,404724,Angel Fire Energy Facility,NM,3043.3293760698525
2028,3,p31,Northeastern New Mexico Regional Landfill,405469,Arroyo Solar Energy Storage Hybrid,NM,696.5997814182906
2028,3,p31,Northeastern New Mexico Regional Landfill,403321,Bluewater CDEC 1,NM,74046.6881093652
2028,3,p31,Northeastern New Mexico Regional Landfill,403736,Britton Solar Energy Center,NM,1648.9665390962969
2028,3,p31,City of Clovis Landfill,404981,Buena Vista Energy Center,NM,1503.6266301334074
2028,3,p31,Northeastern New Mexico Regional Landfill,402876,CNMEC Solar Energy Center,NM,63047.40956198225
2028,3,p31,City of Clovis Landfill,402519,Carrizozo Solar,NM,48121.07853313877
2028,3,p31,Northeastern New Mexico Regional Landfill,401202,Cibola,NM,21569.13386832041
2028,3,p31,Northeastern New Mexico Regional Landfill,400104,Cimarron Solar Facility,NM,641.1023515544144
2028,3,p31,Apache Junction Landfill,402988,City of Gallup Solar,NM,22161.263335452153
2028,3,p31,Northeastern New Mexico Regional Landfill,403604,City of Rio Rancho WWTP,NM,92457.51462226761
2028,3,p31,Apache Junction Landfill,401225,City of Truth or Consequences PV,NM,118868.9061770826
2028,3,p31,Apache Junction Landfill,402177,Columbus Solar Project,NM,97450.27141277195
2028,3,p31,Northeastern New Mexico Regional Landfill,404748,"Cuba 2.5ac, LLC",NM,37354.19614914602
2028,3,p31,Apache Junction Landfill,400209,Deming Solar Energy Center,NM,23987.943398496827
2028,3,p31,Northeastern New Mexico Regional Landfill,403868,Encino Solar Energy Center,NM,2993.6154598965945
2028,3,p31,Northeastern New Mexico Regional Landfill,401038,Eubank Landfill Solar Array,NM,58468.218873057325
2028,3,p31,Northeastern New Mexico Regional Landfill,402441,Facebook 1 Solar Energy Center,NM,10877.763909311954
2028,3,p31,Northeastern New Mexico Regional Landfill,402442,Facebook 2 Solar Energy Center,NM,10469.32623574469
2028,3,p31,Northeastern New Mexico Regional Landfill,402443,Facebook 3 Solar Energy Center,NM,11638.49962922184
2028,3,p31,Northeastern New Mexico Regional Landfill,403322,Grants CDEC 2,NM,38572.25947766744
2028,3,p31,Apache Junction Landfill,400216,"Hatch Solar Energy Center I, LLC",NM,37211.56499549601
2028,3,p31,City of Clovis Landfill,401617,Holloman Solar Facility,NM,35888.14170462813
2028,3,p31,Northeastern New Mexico Regional Landfill,406109,"Jicarilla Solar 1, LLC",NM,3083.1478960811605
2028,3,p31,Northeastern New Mexico Regional Landfill,400427,Kit Carson,NM,45922.33601356937
2028,3,p31,Northeastern New Mexico Regional Landfill,400210,Las Vegas Solar Energy Center,NM,7143.923708141017
2028,3,p31,Northeastern New Mexico Regional Landfill,400434,Los Alamos PV Site,NM,75795.60567552902
2028,3,p31,Northeastern New Mexico Regional Landfill,400207,Los Lunas Solar Energy Center,NM,15482.81881393854
2028,3,p31,Apache Junction Landfill,400838,Macho Springs,NM,4285.697739758459
2028,3,p31,Northeastern New Mexico Regional Landfill,400582,Manzano Solar,NM,14905.730127994202
2028,3,p31,Northeastern New Mexico Regional Landfill,401201,Meadow Lake Solar Energy Center,NM,15834.327665195831
2028,3,p31,Northeastern New Mexico Regional Landfill,406177,"NMRD Data Center III, LLC",NM,1978.807387833517
2028,3,p31,City of Clovis Landfill,405693,NMSU Solar and Storage,NM,77351.5959222697
2028,3,p31,Northeastern New Mexico Regional Landfill,406375,OE_ESCL,NM,942.1343117989151
2028,3,p31,City of Clovis Landfill,400581,Otero Solar,NM,30749.787394994335
2028,3,p31,Northeastern New Mexico Regional Landfill,400146,Questa Solar Facility,NM,61454.93279288228
2028,3,p31,Northeastern New Mexico Regional Landfill,403178,"RC Energy AA, LLC Solar Facility",NM,130233.36676510764
2028,3,p31,Northeastern New Mexico Regional Landfill,401566,Rio Communities Solar Energy Center,NM,11253.182515959063
2028,3,p31,Northeastern New Mexico Regional Landfill,403084,Rio De Oro Solar Energy Center,NM,13774.564985332661
2028,3,p31,Northeastern New Mexico Regional Landfill,400624,Rio Rancho High School,NM,154206.3365180999
2028,3,p31,City of Clovis Landfill,400135,Roadrunner Solar,NM,9838.980953226248
2028,3,p31,Northeastern New Mexico Regional Landfill,404648,"Route 66 Energy Center, LLC",NM,2695.1767159117644
2028,3,p31,Northeastern New Mexico Regional Landfill,403387,San Miguel I Solar Energy Center,NM,3983.5238672795513
2028,3,p31,Northeastern New Mexico Regional Landfill,405458,San Miguel II Solar Energy Center,NM,5277.788413550834
2028,3,p31,Northeastern New Mexico Regional Landfill,401161,Sandoval Solar Energy Center,NM,16017.213660484496
2028,3,p31,Northeastern New Mexico Regional Landfill,401564,Santa Fe Solar Energy Center,NM,7546.168634753305
2028,3,p31,Northeastern New Mexico Regional Landfill,401565,Santolina Solar Energy Center,NM,11249.145891020946
2028,3,p31,Apache Junction Landfill,400596,Silver City WWTP PV Project,NM,143750.24596975942
2028,3,p31,Northeastern New Mexico Regional Landfill,406343,Sky Ranch Solar,NM,619.5040905731323
2028,3,p31,Northeastern New Mexico Regional Landfill,401563,South Valley Solar Energy Center,NM,12805.68746993881
2028,3,p31,Northeastern New Mexico Regional Landfill,401162,Springer Solar 1,NM,28402.967449656848
2028,3,p31,Northeastern New Mexico Regional Landfill,400735,Storrie Lake Solar Project,NM,29388.703491946548
2028,3,p31,Northeastern New Mexico Regional Landfill,400623,Sue Cleveland High School,NM,113050.76308604627
2028,3,p31,City of Clovis Landfill,400343,"SunE EPE1, LLC",NM,29996.379580542787
2028,3,p31,City of Clovis Landfill,400342,"SunE EPE2, LLC",NM,17823.127280709417
2028,3,p31,Northeastern New Mexico Regional Landfill,402854,Syncarpha Eagle Nest,NM,36944.40167906423
2028,3,p31,Northeastern New Mexico Regional Landfill,403412,Syncarpha El Rito,NM,49329.59875802378
2028,3,p31,Northeastern New Mexico Regional Landfill,403413,Syncarpha Questa,NM,32378.17186630391
2028,3,p31,Northeastern New Mexico Regional Landfill,403411,Syncarpha Taos,NM,19620.18161495267
2028,3,p31,Northeastern New Mexico Regional Landfill,404618,Taos Mesa Energy Facility Hybrid,NM,3207.8889494426157
2028,3,p31,Northeastern New Mexico Regional Landfill,403011,Vista Solar Energy Center,NM,13453.582083514688
2028,3,p31,City of Clovis Landfill,400354,WSMR I,NM,46963.89859888798
2028,3,p31,Apache Junction Landfill,405245,Wal-Mart Truth or Consequences PV,NM,260322.7815690254
2028,3,p47,City of Clovis Landfill,400979,"Caprock Solar 1, LLC",NM,1618.0260730568436
2028,3,p47,City of Clovis Landfill,404980,Chaves County Solar II,NM,2148.2985185398506
2028,3,p47,City of Clovis Landfill,401681,"Chaves Solar, LLC",NM,1028.865339142623
2028,3,p47,City of Clovis Landfill,400614,GSE NM1,NM,60103.48902257276
2028,3,p47,City of Clovis Landfill,404982,Hayhurst New Mexico Solar,NM,6176.3441724506865
2028,3,p47,City of Clovis Landfill,402530,Middle Daisy,NM,15980.41797683721
2028,3,p47,City of Clovis Landfill,401682,"Roswell Solar, LLC",NM,930.6523128314665
2028,3,p47,City of Clovis Landfill,400546,SEV NM Phase 2,NM,61930.11086185982
2028,3,p47,City of Clovis Landfill,400260,SPS1 Dollarhide,NM,11434.881039061962
2028,3,p47,City of Clovis Landfill,400261,SPS2 Jal,NM,11151.617390597547
2028,3,p47,City of Clovis Landfill,400262,SPS3 Lea,NM,9540.810909161873
2028,3,p47,City of Clovis Landfill,400264,SPS5 Hopi,NM,14501.475595361684
2028,3,p47,City of Clovis Landfill,404698,SoCore Clovis 1,NM,2072.5242318566425
2028,3,p48,City of Clovis Landfill,406439,"BESSP1, LLC",TX,4056.134097012379
2028,3,p48,City of Clovis Landfill,405590,"Hecate Energy Frye Solar, LLC",TX,164.79424503018055
2028,3,p57,Victoria Landfill,404918,"Hecate Energy Upshur Rural, LLC",TX,14605.007623440848
2028,3,p59,City of Clovis Landfill,402666,Fort Bliss (DEA EPIC),TX,38397.266675115854
2028,3,p59,City of Clovis Landfill,401616,Montana Solar Facility,TX,16674.44311112061
2028,3,p59,City of Clovis Landfill,401045,Newman Solar,TX,4364.7435954237335
2028,3,p60,City of Clovis Landfill,403962,"ANSON Solar Center, LLC",TX,629.5510915592487
2028,3,p60,City of Clovis Landfill,403883,Azure Sky Solar,TX,923.757746460134
2028,3,p60,City of Clovis Landfill,403232,"ENGIE Long Draw Solar, LLC",TX,338.1639426799873
2028,3,p60,City of Clovis Landfill,406252,Highpeak Solar 1,TX,8564.076712734328
2028,3,p60,City of Clovis Landfill,402721,Holstein 1 Solar Farm,TX,881.8858330363797
2028,3,p60,City of Clovis Landfill,405492,Juno Solar Project,TX,371.03640318249376
2028,3,p60,City of Clovis Landfill,402541,Lamesa II,TX,2078.582174114215
2028,3,p60,City of Clovis Landfill,401660,Lamesa Solar,TX,873.7590116850029
2028,3,p60,City of Clovis Landfill,405932,Lumina II Solar Project,TX,281.6816901387417
2028,3,p60,City of Clovis Landfill,405933,Lumina Solar Project,TX,336.2016597899016
2028,3,p60,City of Clovis Landfill,402909,Misae Solar,TX,422.2970396696268
2028,3,p60,City of Clovis Landfill,400968,"OCI Alamo 7, LLC",TX,1213.8881028280146
2028,3,p60,City of Clovis Landfill,405939,Texas Solar Nova 1,TX,387.38150907932504
2028,3,p61,City of Clovis Landfill,400967,Alamo 6,TX,671.4568699392055
2028,3,p61,City of Clovis Landfill,403557,Aragorn Solar Project,TX,306.48752748183256
2028,3,p61,City of Clovis Landfill,400691,Barilla Solar,TX,2105.115872666043
2028,3,p61,City of Clovis Landfill,401946,Bluebell Solar,TX,2589.216835360406
2028,3,p61,City of Clovis Landfill,403574,Bluebell Solar II,TX,684.1476140475983
2028,3,p61,City of Clovis Landfill,400554,"Bryan Solar, LLC",TX,8896.266132665807
2028,3,p61,City of Clovis Landfill,401463,Buckthorn Westex,TX,642.3835634551517
2028,3,p61,City of Clovis Landfill,401703,East Pecos Solar,TX,715.4380503273228
2028,3,p61,City of Clovis Landfill,405363,Galloway 1 Solar Farm,TX,410.3106149464768
2028,3,p61,City of Clovis Landfill,405494,Galloway 2 Solar Farm,TX,606.8781113456328
2028,3,p61,City of Clovis Landfill,403210,Greasewood,TX,570.5067524867547
2028,3,p61,City of Clovis Landfill,406370,Hayhurst Texas Solar,TX,3155.3952537713344
2028,3,p61,City of Clovis Landfill,402304,Midway Solar-TX,TX,414.1897343759994
2028,3,p61,Victoria Landfill,400695,"OCI Alamo 4, LLC",TX,1958.29820817667
2028,3,p61,City of Clovis Landfill,401868,Pearl Solar,TX,1450.261204404529
2028,3,p61,City of Clovis Landfill,402290,RE Maplewood,TX,523.8710916533719
2028,3,p61,City of Clovis Landfill,401430,RE Roserock,TX,543.1559574782128
2028,3,p61,City of Clovis Landfill,402848,Rambler,TX,387.3098915320414
2028,3,p61,City of Clovis Landfill,402083,Solaire Holman Solar Project,TX,1286.9694557398739
2028,3,p61,City of Clovis Landfill,403023,"Taygete Energy Project, LLC",TX,381.87506128253756
2028,3,p61,City of Clovis Landfill,404647,Taygete II Energy Project,TX,400.8092575776895
2028,3,p61,City of Clovis Landfill,403551,Titan Solar Project,TX,424.0192014321621
2028,3,p61,Victoria Landfill,406103,Zier Solar,TX,384.56374404998536
2028,3,p62,City of Clovis Landfill,403502,2W Permian Solar Project Hybrid,TX,436.3401197177961
2028,3,p62,City of Clovis Landfill,403697,CED Crane Solar,TX,510.00457575097334
2028,3,p62,City of Clovis Landfill,401525,Castle Gap Solar Hybrid,TX,574.7642488320805
2028,3,p62,City of Clovis Landfill,404599,Emerald Grove,TX,745.5581112219039
2028,3,p62,City of Clovis Landfill,403004,Lapetus,TX,628.2767645418254
2028,3,p62,City of Clovis Landfill,403280,Oberon IA,TX,581.0829785363082
2028,3,p62,City of Clovis Landfill,403279,Oberon IB,TX,2445.9996456034564
2028,3,p62,City of Clovis Landfill,403602,Oxy Renewable Energy-Goldsmith,TX,3399.106713576329
2028,3,p62,City of Clovis Landfill,402679,Phoebe Solar,TX,291.5994708031322
2028,3,p62,City of Clovis Landfill,403177,Prospero Solar,TX,275.9904083715598
2028,3,p62,City of Clovis Landfill,404128,Prospero Solar II,TX,371.45448525251015
2028,3,p62,City of Clovis Landfill,403070,"Roadrunner, LLC",TX,444.9299263819534
2028,3,p62,City of Clovis Landfill,401805,Upton County Solar,TX,784.6760550032659
2028,3,p62,City of Clovis Landfill,402995,West of the Pecos Solar,TX,812.7620221427546
2028,3,p63,Victoria Landfill,405599,"BPL Crown Solar, LLC",TX,1268.7250365023067
2028,3,p63,Victoria Landfill,404966,BPL Files Solar,TX,1079.3483484281323
2028,3,p63,Victoria Landfill,403825,Briar Creek Solar 1,TX,1130.0825926259424
2028,3,p63,Victoria Landfill,402610,Chisum,TX,20538.022129301426
2028,3,p63,Victoria Landfill,401697,CoServ Community Solar Station,TX,183794.92957351997
2028,3,p63,Victoria Landfill,403188,Coniglio Solar,TX,2125.2888891464477
2028,3,p63,Victoria Landfill,406415,Dileo Solar,TX,1820.9446686245278
2028,3,p63,Victoria Landfill,402655,Eddy II,TX,12067.328566201944
2028,3,p63,Victoria Landfill,406221,Eiffel Solar Project,TX,905.9428406681748
2028,3,p63,Victoria Landfill,405540,"Ellis Solar, LLC",TX,2224.099316260712
2028,3,p63,Victoria Landfill,403823,Elm Branch Solar 1,TX,1115.823176612309
2028,3,p63,Victoria Landfill,406206,Five Wells Solar Center - Hybrid,TX,410.9449908452932
2028,3,p63,Victoria Landfill,404567,G.S.E. One LLC,TX,2408.9168068434806
2028,3,p63,Victoria Landfill,403288,Griffin Solar,TX,29861.573231164926
2028,3,p63,Victoria Landfill,406202,Grizzly Ridge Solar,TX,1548.5880914816628
2028,3,p63,Victoria Landfill,402329,Highway 56 Solar,TX,298413.88679461635
2028,3,p63,Victoria Landfill,405689,"IP Radian, LLC",TX,497.52248876020644
2028,3,p63,Victoria Landfill,403481,Impact Solar 1,TX,1193.4009186564233
2028,3,p63,Victoria Landfill,403190,Kellam Solar,TX,2397.1451112155173
2028,3,p63,Victoria Landfill,402421,Leon Solar,TX,36219.386868359485
2028,3,p63,Victoria Landfill,403874,Lily Solar Hybrid,TX,1270.8669913786841
2028,3,p63,Victoria Landfill,402404,Marlin Solar,TX,15761.245180714646
2028,3,p63,Victoria Landfill,405794,Noble Solar,TX,832.2322037420495
2028,3,p63,Victoria Landfill,401933,Phantom Solar,TX,5386.587007838568
2028,3,p63,Victoria Landfill,404872,"Pisgah Ridge Solar, LLC",TX,574.8421443255669
2028,3,p63,Victoria Landfill,406416,Pitts Dudik Solar,TX,2646.8315050522956
2028,3,p63,Victoria Landfill,403189,Rippey Solar,TX,2962.2007702457004
2028,3,p63,Victoria Landfill,404630,"Samson Solar Energy III, LLC",TX,966.5866581892349
2028,3,p63,Victoria Landfill,402652,Sterling Solar (TX),TX,72568.5272739842
2028,3,p63,Victoria Landfill,404812,Sun Valley Solar Project,TX,510.7331955698617
2028,3,p63,Victoria Landfill,404388,"TPE Erath Solar, LLC",TX,13550.766454598339
2028,3,p63,Victoria Landfill,403457,"TPE Whitney Solar, LLC",TX,11142.147573300574
2028,3,p63,Victoria Landfill,405984,Waco Solar,TX,405.1473958569893
2028,3,p63,Victoria Landfill,402306,Walnut Springs Solar,TX,22319.3026521228
2028,3,p63,Victoria Landfill,402497,West Moore Solar II,TX,316775.92307611956
2028,3,p63,Victoria Landfill,402330,Whitesboro Solar,TX,105479.34092215994
2028,3,p63,Victoria Landfill,402654,Yellow Jacket,TX,26574.97134746472
2028,3,p64,Victoria Landfill,405731,Austin TX GigaFactory,TX,22998.32375901136
2028,3,p64,Victoria Landfill,402203,Bandera Electric Coop PV,TX,38018.9017902414
2028,3,p64,Victoria Landfill,404721,"Blue Jay Solar I, LLC",TX,299.67342312459215
2028,3,p64,Victoria Landfill,402648,Bovine,TX,2572.161463019353
2028,3,p64,Victoria Landfill,402389,"E-Volve Energy Holdings, LLC",TX,20484.327437559186
2028,3,p64,Victoria Landfill,400227,East Blackland Solar Project 1,TX,437.6150482130518
2028,3,p64,Victoria Landfill,405101,IKEA Round Rock 027,TX,37634.11126736795
2028,3,p64,Victoria Landfill,402653,Lampwick,TX,9978.600347963062
2028,3,p64,Victoria Landfill,405613,Niagara Bottling - Seguin,TX,6293.646422252627
2028,3,p64,Victoria Landfill,402544,PowerFin Kingsbery,TX,14027.7669528851
2028,3,p64,Victoria Landfill,400249,Webberville Solar Project,TX,1707.0559286133882
2028,3,p65,Victoria Landfill,405700,Aktina Solar,TX,674.3580371163317
2028,3,p65,Victoria Landfill,404074,"Alexis Solar, LLC",TX,78886.4501037887
2028,3,p65,Victoria Landfill,405727,Bernard Creek Solar,TX,2276.0728082279097
2028,3,p65,Victoria Landfill,400081,Blue Wing Solar Energy Generation,TX,36157.12919829852
2028,3,p65,Victoria Landfill,405477,Brightside,TX,8429.602155879258
2028,3,p65,Victoria Landfill,401728,CPS 1 Community Solar,TX,517007.30454388156
2028,3,p65,Victoria Landfill,402656,Cascade Solar (TX),TX,53507.977844311004
2028,3,p65,Victoria Landfill,403987,Catan Solar,TX,24954.67178978487
2028,3,p65,Victoria Landfill,403091,Commerce Solar,TX,115876.61937209187
2028,3,p65,Victoria Landfill,404247,"Corazon Energy, LLC",TX,4052.551257652061
2028,3,p65,Victoria Landfill,404062,Elara Solar,TX,5364.1663000409235
2028,3,p65,Victoria Landfill,404359,FELPS 1-Calaveras,TX,497568.88853379793
2028,3,p65,Victoria Landfill,404361,FELPS 2-Calaveras,TX,560169.2968485669
2028,3,p65,Victoria Landfill,404362,FELPS 3-Floresville South,TX,395154.14114950766
2028,3,p65,Victoria Landfill,404363,FELPS 4-Floresville South,TX,395213.2073105197
2028,3,p65,Victoria Landfill,404364,FELPS 5-Floresville South,TX,395317.4907787925
2028,3,p65,Victoria Landfill,404739,FELPS 6- Floresville West,TX,525303.707614286
2028,3,p65,Victoria Landfill,404740,FELPS 7- Floresville West,TX,525223.371228557
2028,3,p65,Victoria Landfill,406516,Ganado Solar,TX,1293.0586157637977
2028,3,p65,Victoria Landfill,405801,Horizon Solar,TX,4288.886487259223
2028,3,p65,Victoria Landfill,405380,IKEA Live Oak Rooftop PV System,TX,389627.4204849374
2028,3,p65,Victoria Landfill,403343,Mars Solar,TX,81970.8497292999
2028,3,p65,Victoria Landfill,404877,Nebula Solar,TX,7056.492068992104
2028,3,p65,Victoria Landfill,400694,"OCI Alamo 2, LLC",TX,165728.5609714326
2028,3,p65,Victoria Landfill,400965,"OCI Alamo 3, LLC",TX,101759.65245712583
2028,3,p65,Victoria Landfill,400966,"OCI Alamo 5, LLC",TX,13153.969129378704
2028,3,p65,Victoria Landfill,400593,OCI Alamo Solar I Hybrid,TX,15694.838023155688
2028,3,p65,Victoria Landfill,405809,Shakes Solar,TX,8694.067387281559
2028,3,p65,Victoria Landfill,405545,Sparta Solar,TX,1503.689186152884
2028,3,p65,Victoria Landfill,400379,"SunE CPS1, LLC",TX,62862.76885695931
2028,3,p65,Victoria Landfill,400364,"SunE CPS2, LLC",TX,56126.17009443379
2028,3,p65,Victoria Landfill,400353,"SunE CPS3, LLC",TX,89364.23335530199
2028,3,p65,Victoria Landfill,406032,Tres Bahias,TX,969.071212433583
2028,3,p65,Victoria Landfill,404878,Vancourt Solar Interconnections,TX,20914.535421127362
2028,3,p66,Victoria Landfill,406386,Umbriel Solar,TX,2571.798502143161
2028,3,p67,Victoria Landfill,404939,Brazoria County Solar Project (Danciger),TX,310.59462611637827
2028,3,p67,Victoria Landfill,404681,Brazoria West,TX,368.7263545101564
2028,3,p67,Victoria Landfill,402649,Bronson,TX,4855.770157406737
2028,3,p67,Victoria Landfill,406178,"Cutlass Solar 1, LLC",TX,519.8349913433037
2028,3,p67,Victoria Landfill,404587,Fighting Jays Solar Project,TX,277.75648812429387
2028,3,p67,Victoria Landfill,405564,"Fort Bend Solar, LLC",TX,310.70881188289525
2028,3,p67,Victoria Landfill,404853,"Longbow Solar, LLC",TX,1154.5732500034496
2028,3,p67,Victoria Landfill,403514,Wagyu,TX,522.1174052328016
2028,4,p12,Apex Regional Landfill,402144,Battle Mountain Solar Project,NV,816.2634841327821
2028,4,p12,Apex Regional Landfill,405553,Dodge Flat,NV,1800.7376688031331
2028,4,p12,Apex Regional Landfill,402609,"EGP Stillwater Solar PV II, LLC",NV,3543.379878417839
2028,4,p12,Apex Regional Landfill,404659,Fish Springs,NV,1635.035691877652
2028,4,p12,Apex Regional Landfill,401086,Ft. Churchill PV,NV,8808.73577667148
2028,4,p12,Apex Regional Landfill,402130,Luning Energy,NV,1040.898933925473
2028,4,p12,Apex Regional Landfill,403107,NVSS-II,NV,780.3914104002546
2028,4,p12,Apex Regional Landfill,400468,"Patua Acquisition Project, LLC",NV,7966.3024107401025
2028,4,p12,Apex Regional Landfill,405023,Steamboat II,NV,128563.34382027265
2028,4,p12,Apex Regional Landfill,400029,Stillwater Facility,NV,3657.8272408977064
2028,4,p12,Apex Regional Landfill,401318,Sunshine Valley Solar,NV,240.82038962777264
2028,4,p12,Apex Regional Landfill,405026,TS Power Plant,NV,907.6904627826632
2028,4,p12,Apex Regional Landfill,405576,Tesla Reno GigaFactory,NV,20828.857193570297
2028,4,p12,Apex Regional Landfill,401943,Tungsten Mountain,NV,8983.556417610444
2028,4,p12,Apex Regional Landfill,403308,Turquoise Liberty Solar,NV,11825.931274629276
2028,4,p12,Apex Regional Landfill,403884,"Turquoise Nevada, LLC",NV,2641.4700284906626
2028,4,p12,Apex Regional Landfill,400035,Western 102 Power Plant,NV,234657.6384084922
2028,4,p13,Apex Regional Landfill,400555,Apex Solar PV Power Project,NV,503.7155417533058
2028,4,p13,Apex Regional Landfill,405385,Arrow Canyon Solar Hybrid,NV,394.1192692458552
2028,4,p13,Apex Regional Landfill,402017,"Boulder Solar II, LLC",NV,253.4789926557235
2028,4,p13,Apex Regional Landfill,401649,"Boulder Solar Power, LLC",NV,151.34739915265837
2028,4,p13,Apex Regional Landfill,400059,CM10,NV,1488.1877895056318
2028,4,p13,Apex Regional Landfill,400086,CM48,NV,353.26505909882144
2028,4,p13,Apex Regional Landfill,400363,Copper Mountain Solar 2,NV,132.30762417687154
2028,4,p13,Apex Regional Landfill,400802,Copper Mountain Solar 3,NV,84.1693362944416
2028,4,p13,Apex Regional Landfill,401308,"Copper Mountain Solar 4, LLC",NV,172.90300287801006
2028,4,p13,Apex Regional Landfill,403688,"Copper Mountain Solar 5, LLC",NV,102.91941597692583
2028,4,p13,Apex Regional Landfill,405358,Dignity - San Martin,NV,4851.475578817342
2028,4,p13,Apex Regional Landfill,405355,Dignity - Siena Campus,NV,4035.949388626837
2028,4,p13,Apex Regional Landfill,405556,Dry Lake Solar Energy Center,NV,161.3108530984545
2028,4,p13,Apex Regional Landfill,405495,Gemini Solar,NV,109.91638568186991
2028,4,p13,Apex Regional Landfill,403386,"Harry Allen Solar Energy, LLC",NV,168.95145227323425
2028,4,p13,Apex Regional Landfill,406090,IGS LAS1,NV,9668.64359042312
2028,4,p13,Apex Regional Landfill,406089,IGS VGT,NV,4515.1513920872985
2028,4,p13,Apex Regional Landfill,405309,IKEA Las Vegas 462,NV,5523.2313929319325
2028,4,p13,Apex Regional Landfill,400545,Las Vegas WPCF Solar Plant,NV,869.6646154644346
2028,4,p13,Apex Regional Landfill,400313,Moapa Southern Paiute,NV,113.49030381397975
2028,4,p13,Apex Regional Landfill,400600,Mountain View Solar,NV,502.9358823016449
2028,4,p13,Apex Regional Landfill,400036,Nellis Air Force Base Solar Array,NV,378.4540913781551
2028,4,p13,Apex Regional Landfill,401381,Nellis Solar PV II,NV,198.83000161812768
2028,4,p13,Apex Regional Landfill,401319,"Playa Solar 1, LLC",NV,194.47921642550818
2028,4,p13,Apex Regional Landfill,401596,Playa Solar 2,NV,142.5550709347666
2028,4,p13,Apex Regional Landfill,401274,River Mountains Solar,NV,551.3776426111813
2028,4,p13,Mohave Valley Landfill,401042,Searchlight Solar,NV,1315.2277466986636
2028,4,p13,Apex Regional Landfill,400166,Silver State Solar Power North,NV,380.03316121373587
2028,4,p13,Apex Regional Landfill,400658,Silver State Solar Power South,NV,127.24083996666893
2028,4,p13,Apex Regional Landfill,405246,"Solar Las Vegas MB 2, LLC",NV,2155.807862822873
2028,4,p13,Apex Regional Landfill,405188,Solar Las Vegas MB-1,NV,571.1713755347914
2028,4,p13,Apex Regional Landfill,400556,Spectrum Solar PV Power Project,NV,260.8345625760982
2028,4,p13,Apex Regional Landfill,402485,"Techren Solar I, LLC",NV,158.35174046924234
2028,4,p13,Apex Regional Landfill,402690,"Techren Solar II, LLC",NV,96.7349713430369
2028,4,p13,Apex Regional Landfill,402691,"Techren Solar III, LLC",NV,491.90974069068074
2028,4,p13,Apex Regional Landfill,402692,"Techren Solar IV, LLC",NV,563.822639759184
2028,4,p13,Apex Regional Landfill,403001,Techren Solar V,NV,227.91228735282803
2028,4,p13,Apex Regional Landfill,401851,Townsite Solar Project Hybrid,NV,102.0751185110369
2028,4,p13,Apex Regional Landfill,406448,Yellow Pine II,NV,466.91816925723157
2028,4,p13,Apex Regional Landfill,404971,Yellow Pine Solar,NV,353.7562906889976
2028,4,p27,Mohave Valley Landfill,400374,"Black Mountain Solar, LLC",AZ,311.66034567710335
2028,4,p27,Mohave Valley Landfill,402236,Gray Hawk Solar,AZ,149.84219785579623
2028,4,p27,Mohave Valley Landfill,401819,Jacobson 5 MW Solar,AZ,1281.493728775196
2028,4,p27,Mohave Valley Landfill,400199,La Senita,AZ,3667.5588989025387
2028,4,p27,Mohave Valley Landfill,403718,Mohave Electric Cooperative at Joy Lane,AZ,71.20547271451743
2028,4,p27,Mohave Valley Landfill,401311,Mohave Electric at Fort Mohave,AZ,178.5951012728504
2028,4,p27,Mohave Valley Landfill,406478,Mohave Energy - Hybrid,AZ,57.846014086888125
2028,4,p28,Apache Junction Landfill,405418,AZ State University - Tempe Campus Solar,AZ,6007.347695104576
2028,4,p28,South Yuma County Landfill,400148,Agua Caliente Solar Project,AZ,141.38952161706817
2028,4,p28,Apache Junction Landfill,402067,Apache Solar 1,AZ,3561.2841672083896
2028,4,p28,South Yuma County Landfill,400274,Arizona Western College PV,AZ,1043.2683011318359
2028,4,p28,Apache Junction Landfill,400240,Arlington Valley Solar Energy II,AZ,324.7150731025087
2028,4,p28,Apache Junction Landfill,400437,Badger 1,AZ,2206.8541145724703
2028,4,p28,Apache Junction Landfill,401688,Bonnybrooke PV,AZ,306.7552683437389
2028,4,p28,Apache Junction Landfill,400371,Buckeye Union HS District 201,AZ,8774.646667408508
2028,4,p28,Apache Junction Landfill,405635,"Central Line Solar, LLC",AZ,307.7451440009954
2028,4,p28,Apache Junction Landfill,400201,Chino Solar Valley,AZ,3068.3976724725517
2028,4,p28,Apache Junction Landfill,400202,Cotton Center Solar Hybrid,AZ,1793.95728083983
2028,4,p28,Apache Junction Landfill,401069,Desert Star Hybrid,AZ,3265.0469043278767
2028,4,p28,Apache Junction Landfill,403257,East Line Solar,AZ,240.26186168279347
2028,4,p28,Apache Junction Landfill,406171,Eleven Mile Solar Center,AZ,108.30974601292745
2028,4,p28,Apache Junction Landfill,405244,Estrella Mountain PV,AZ,11447.338332551803
2028,4,p28,South Yuma County Landfill,400349,Foothills Solar Plant Hybrid,AZ,230.00423643254965
2028,4,p28,Apache Junction Landfill,400825,Fort Huachuca Solar PV Project,AZ,5022.922973622208
2028,4,p28,Apache Junction Landfill,400845,Gila Bend Hybrid,AZ,940.375677803102
2028,4,p28,Apache Junction Landfill,400599,"Gilbert Solar Facility I, LLC",AZ,3052.7327841437677
2028,4,p28,South Yuma County Landfill,400507,Hyder II Hybrid,AZ,2474.313505538
2028,4,p28,South Yuma County Landfill,400204,Hyder Solar Hybrid,AZ,2424.9710842125005
2028,4,p28,Apache Junction Landfill,405282,Intel - Ocotillo Campus Solar,AZ,3253.669856700213
2028,4,p28,Apache Junction Landfill,405125,Jewish Community Center PV,AZ,13680.723568387219
2028,4,p28,Apache Junction Landfill,402234,Kayenta Solar Project,AZ,2180.2362874116834
2028,4,p28,Apache Junction Landfill,400595,Lake Pleasant WTP,AZ,3737.4723841114183
2028,4,p28,Apache Junction Landfill,400128,Luke Solar,AZ,2187.888769174247
2028,4,p28,Apache Junction Landfill,405068,Macys Goodyear,AZ,8884.57696717577
2028,4,p28,South Yuma County Landfill,406279,McFarland A Solar and Storage,AZ,206.42795445303423
2028,4,p28,Apache Junction Landfill,405617,Mesa Carport PV,AZ,493.39954399105943
2028,4,p28,Apache Junction Landfill,404512,Mesa Solar Array,AZ,566.584706483208
2028,4,p28,Apache Junction Landfill,400250,Mesquite Solar 1,AZ,552.4316147235743
2028,4,p28,Apache Junction Landfill,401621,"Mesquite Solar 2, LLC",AZ,388.6995821857971
2028,4,p28,Apache Junction Landfill,401622,"Mesquite Solar 3, LLC",AZ,274.7529571816493
2028,4,p28,Apache Junction Landfill,406038,"Mesquite Solar 4, LLC",AZ,774.4120913623523
2028,4,p28,Apache Junction Landfill,404922,"Mesquite Solar 5, LLC",AZ,680.8106510624388
2028,4,p28,Mohave Valley Landfill,403572,OE_AZ1,AZ,1673.0800524996798
2028,4,p28,Apache Junction Landfill,400203,Paloma Solar Hybrid,AZ,2168.786012048054
2028,4,p28,Apache Junction Landfill,405126,Paradise Valley H.S. PV,AZ,15612.466729207774
2028,4,p28,Apache Junction Landfill,405150,Phoenix Airport East Economy Lot,AZ,11532.055798229198
2028,4,p28,Apache Junction Landfill,405151,Phoenix Airport Rental Car Center,AZ,13441.774466813895
2028,4,p28,Apache Junction Landfill,402528,Pinal Central Energy Center Hybrid,AZ,775.5108963257039
2028,4,p28,Apache Junction Landfill,400125,"Poseidon Solar, LLC",AZ,395.9980900438621
2028,4,p28,Apache Junction Landfill,400031,Prescott Airport,AZ,21200.22108206371
2028,4,p28,Apache Junction Landfill,400401,Prescott Solar Plant,AZ,7214.6922518518595
2028,4,p28,Apache Junction Landfill,400323,Queen Creek Solar Farm,AZ,234.38948230888286
2028,4,p28,Mohave Valley Landfill,400289,"RE Bagdad Solar I, LLC",AZ,2630.343730541379
2028,4,p28,Apache Junction Landfill,405132,"RE Gillespie 1, LLC",AZ,1998.1219438403714
2028,4,p28,Apache Junction Landfill,400758,Red Horse 2,AZ,909.764569718208
2028,4,p28,Apache Junction Landfill,401609,Red Horse III,AZ,1624.1789002224873
2028,4,p28,Apache Junction Landfill,401726,Red Rock,AZ,669.2919378541906
2028,4,p28,Apache Junction Landfill,406380,SR McNeal,AZ,3575.03029101306
2028,4,p28,Apache Junction Landfill,400416,Saddle Mountain Solar I,AZ,5507.260605843447
2028,4,p28,Apache Junction Landfill,403674,Saint Solar,AZ,300.12423336502735
2028,4,p28,Apache Junction Landfill,401214,Sandstone Solar,AZ,319.98212231194395
2028,4,p28,Apache Junction Landfill,405029,Solana Generating Station,AZ,197.4766457435085
2028,4,p28,Apache Junction Landfill,406275,Sonoran Solar Energy,AZ,175.29555971249553
2028,4,p28,Apache Junction Landfill,406034,Storey Solar and Storage,AZ,175.03510234298793
2028,4,p28,Apache Junction Landfill,401664,Sulphur Springs,AZ,2762.5647822952124
2028,4,p28,Apache Junction Landfill,403643,Sun Streams 2,AZ,350.16927648156366
2028,4,p28,Apache Junction Landfill,406517,Sun Streams 3,AZ,209.2217306180921
2028,4,p28,Apache Junction Landfill,401975,"Sun Streams, LLC",AZ,387.432667496294
2028,4,p28,Apache Junction Landfill,405311,T0588 Phoenix - AZ,AZ,17873.109442540495
2028,4,p28,Apache Junction Landfill,405134,Union HS at Casa Grande,AZ,8647.37907464695
2028,4,p28,Apache Junction Landfill,405135,Vista Grande HS at Casa Grande,AZ,15167.312522042697
2028,4,p28,Apache Junction Landfill,400334,Walmart Casa Grande,AZ,10012.325828562596
2028,4,p28,Apache Junction Landfill,406098,"West Line Solar, LLC",AZ,363.62097396165365
2028,4,p29,Apache Junction Landfill,400014,Springerville,AZ,6336.981306966894
2028,4,p30,Apache Junction Landfill,405143,Actus Lend Lease DMAFB,AZ,7450.274252039815
2028,4,p30,Apache Junction Landfill,405611,Amazon TUS2,AZ,11338.05808742417
2028,4,p30,Apache Junction Landfill,405268,Amphitheater High School Solar,AZ,20520.487952531774
2028,4,p30,Apache Junction Landfill,400939,Avalon Solar,AZ,980.3964602013431
2028,4,p30,Apache Junction Landfill,401479,Avalon Solar II,AZ,1557.9899612156337
2028,4,p30,Apache Junction Landfill,400226,Avra Valley Solar,AZ,778.0769467665999
2028,4,p30,Apache Junction Landfill,404704,Broadway 2 - Tucson Phase II,AZ,9423.6192108917
2028,4,p30,Apache Junction Landfill,405768,Broadway 3 - Tucson Phase I,AZ,19680.876942306873
2028,4,p30,Apache Junction Landfill,405269,Canyon Del Oro High School Solar,AZ,6152.255358237046
2028,4,p30,Apache Junction Landfill,400757,Cogenra-TEP,AZ,24106.597698649213
2028,4,p30,Apache Junction Landfill,401295,Davis Monthan AFB (AZ) West Airfield,AZ,2276.8816123619044
2028,4,p30,Apache Junction Landfill,400330,FRB Solar Farm,AZ,12632.479161666235
2028,4,p30,Apache Junction Landfill,400761,"Gato Montes Solar, LLC",AZ,6899.177947241205
2028,4,p30,Apache Junction Landfill,404536,Iron Horse Battery Storage Hybrid,AZ,15063.822958640909
2028,4,p30,Apache Junction Landfill,400552,"Picture Rocks Solar, LLC",AZ,2981.9433702890724
2028,4,p30,Apache Junction Landfill,405374,Pima Community College,AZ,26263.065513651174
2028,4,p30,Apache Junction Landfill,405303,Pima Community College - East Campus,AZ,19147.465375292213
2028,4,p30,Apache Junction Landfill,405516,Pima Community College NW,AZ,16298.980940853397
2028,4,p30,Apache Junction Landfill,400408,Prairie Fire,AZ,5331.682461713884
2028,4,p30,Apache Junction Landfill,400290,"RE Ajo 1, LLC",AZ,5698.679260378334
2028,4,p30,Apache Junction Landfill,404926,Raptor Ridge,AZ,1887.4297757571478
2028,4,p30,Apache Junction Landfill,400857,Rio Rico Solar,AZ,6919.997844598578
2028,4,p30,Apache Junction Landfill,400193,Roger Road WWTP,AZ,22086.055308724895
2028,4,p30,Apache Junction Landfill,401076,Tech Park Solar,AZ,7909.136722704743
2028,4,p30,Apache Junction Landfill,400156,UASTP I,AZ,28749.791409567326
2028,4,p30,Apache Junction Landfill,401075,Valencia Solar,AZ,3693.0627739722086
2028,4,p30,Apache Junction Landfill,404187,"Wilmot Energy Center, LLC",AZ,283.44660079290543
2028,4,p31,City of Clovis Landfill,400211,Alamogordo Solar Energy Center,NM,41520.90677591459
2028,4,p31,Northeastern New Mexico Regional Landfill,400206,Albuquerque Solar Energy Center,NM,66151.94460521382
2028,4,p31,Northeastern New Mexico Regional Landfill,403675,Alcalde Solar Array,NM,25977.115254184824
2028,4,p31,Apache Junction Landfill,401595,Alta Luna,NM,6374.72617039325
2028,4,p31,Northeastern New Mexico Regional Landfill,404724,Angel Fire Energy Facility,NM,3043.3293760698525
2028,4,p31,Northeastern New Mexico Regional Landfill,405469,Arroyo Solar Energy Storage Hybrid,NM,602.0128526299634
2028,4,p31,Northeastern New Mexico Regional Landfill,403321,Bluewater CDEC 1,NM,65823.11068386908
2028,4,p31,Northeastern New Mexico Regional Landfill,403736,Britton Solar Energy Center,NM,1648.9665390962969
2028,4,p31,City of Clovis Landfill,404981,Buena Vista Energy Center,NM,1503.6266301334074
2028,4,p31,Northeastern New Mexico Regional Landfill,402876,CNMEC Solar Energy Center,NM,63047.40956198225
2028,4,p31,City of Clovis Landfill,402519,Carrizozo Solar,NM,54993.034976630006
2028,4,p31,Northeastern New Mexico Regional Landfill,401202,Cibola,NM,25158.24096639047
2028,4,p31,Northeastern New Mexico Regional Landfill,400104,Cimarron Solar Facility,NM,641.1023515544144
2028,4,p31,Apache Junction Landfill,402988,City of Gallup Solar,NM,28479.82513986706
2028,4,p31,Northeastern New Mexico Regional Landfill,403604,City of Rio Rancho WWTP,NM,104010.39254006358
2028,4,p31,Apache Junction Landfill,401225,City of Truth or Consequences PV,NM,118868.9061770826
2028,4,p31,Apache Junction Landfill,402177,Columbus Solar Project,NM,97450.27141277195
2028,4,p31,Northeastern New Mexico Regional Landfill,404748,"Cuba 2.5ac, LLC",NM,37354.19614914602
2028,4,p31,Apache Junction Landfill,400209,Deming Solar Energy Center,NM,31968.492191329104
2028,4,p31,Northeastern New Mexico Regional Landfill,403868,Encino Solar Energy Center,NM,2007.2407332310638
2028,4,p31,Northeastern New Mexico Regional Landfill,401038,Eubank Landfill Solar Array,NM,51975.58247381763
2028,4,p31,Northeastern New Mexico Regional Landfill,402441,Facebook 1 Solar Energy Center,NM,10877.763909311954
2028,4,p31,Northeastern New Mexico Regional Landfill,402442,Facebook 2 Solar Energy Center,NM,10469.32623574469
2028,4,p31,Northeastern New Mexico Regional Landfill,402443,Facebook 3 Solar Energy Center,NM,17440.50380388276
2028,4,p31,Northeastern New Mexico Regional Landfill,403322,Grants CDEC 2,NM,38572.25947766744
2028,4,p31,Apache Junction Landfill,400216,"Hatch Solar Energy Center I, LLC",NM,41341.039214995566
2028,4,p31,City of Clovis Landfill,401617,Holloman Solar Facility,NM,31902.50189619166
2028,4,p31,Northeastern New Mexico Regional Landfill,406109,"Jicarilla Solar 1, LLC",NM,3083.1478960811605
2028,4,p31,Northeastern New Mexico Regional Landfill,400427,Kit Carson,NM,51658.31660527804
2028,4,p31,Northeastern New Mexico Regional Landfill,400210,Las Vegas Solar Energy Center,NM,9175.19011620988
2028,4,p31,Northeastern New Mexico Regional Landfill,400434,Los Alamos PV Site,NM,97441.63835999445
2028,4,p31,Northeastern New Mexico Regional Landfill,400207,Los Lunas Solar Energy Center,NM,17199.29965105394
2028,4,p31,Apache Junction Landfill,400838,Macho Springs,NM,4285.697739758459
2028,4,p31,Northeastern New Mexico Regional Landfill,400582,Manzano Solar,NM,22341.3495520413
2028,4,p31,Northeastern New Mexico Regional Landfill,401201,Meadow Lake Solar Energy Center,NM,11094.376749607081
2028,4,p31,Northeastern New Mexico Regional Landfill,406177,"NMRD Data Center III, LLC",NM,1978.807387833517
2028,4,p31,City of Clovis Landfill,405693,NMSU Solar and Storage,NM,77351.5959222697
2028,4,p31,Northeastern New Mexico Regional Landfill,406375,OE_ESCL,NM,942.1343117989151
2028,4,p31,City of Clovis Landfill,400581,Otero Solar,NM,26359.443971238
2028,4,p31,Northeastern New Mexico Regional Landfill,400146,Questa Solar Facility,NM,70229.28158045118
2028,4,p31,Northeastern New Mexico Regional Landfill,403178,"RC Energy AA, LLC Solar Facility",NM,101300.28332395037
2028,4,p31,Northeastern New Mexico Regional Landfill,401566,Rio Communities Solar Energy Center,NM,12499.703764410071
2028,4,p31,Northeastern New Mexico Regional Landfill,403084,Rio De Oro Solar Energy Center,NM,15737.432657537325
2028,4,p31,Northeastern New Mexico Regional Landfill,400624,Rio Rancho High School,NM,92537.59842281997
2028,4,p31,City of Clovis Landfill,400135,Roadrunner Solar,NM,9838.980953226248
2028,4,p31,Northeastern New Mexico Regional Landfill,404648,"Route 66 Energy Center, LLC",NM,3835.4704742025206
2028,4,p31,Northeastern New Mexico Regional Landfill,403387,San Miguel I Solar Energy Center,NM,3544.7424686818235
2028,4,p31,Northeastern New Mexico Regional Landfill,405458,San Miguel II Solar Energy Center,NM,3530.022702333889
2028,4,p31,Northeastern New Mexico Regional Landfill,401161,Sandoval Solar Energy Center,NM,22866.951823592142
2028,4,p31,Northeastern New Mexico Regional Landfill,401564,Santa Fe Solar Energy Center,NM,7546.168634753305
2028,4,p31,Northeastern New Mexico Regional Landfill,401565,Santolina Solar Energy Center,NM,11249.145891020946
2028,4,p31,Apache Junction Landfill,400596,Silver City WWTP PV Project,NM,179676.23320719926
2028,4,p31,Northeastern New Mexico Regional Landfill,406343,Sky Ranch Solar,NM,619.5040905731323
2028,4,p31,Northeastern New Mexico Regional Landfill,401563,South Valley Solar Energy Center,NM,20468.4051839621
2028,4,p31,Northeastern New Mexico Regional Landfill,401162,Springer Solar 1,NM,21310.848407217636
2028,4,p31,Northeastern New Mexico Regional Landfill,400735,Storrie Lake Solar Project,NM,29388.703491946555
2028,4,p31,Northeastern New Mexico Regional Landfill,400623,Sue Cleveland High School,NM,150722.85368809494
2028,4,p31,City of Clovis Landfill,400343,"SunE EPE1, LLC",NM,29996.379580542787
2028,4,p31,City of Clovis Landfill,400342,"SunE EPE2, LLC",NM,16042.552895508476
2028,4,p31,Northeastern New Mexico Regional Landfill,402854,Syncarpha Eagle Nest,NM,47490.09036453974
2028,4,p31,Northeastern New Mexico Regional Landfill,403412,Syncarpha El Rito,NM,43852.36459378779
2028,4,p31,Northeastern New Mexico Regional Landfill,403413,Syncarpha Questa,NM,32378.17186630391
2028,4,p31,Northeastern New Mexico Regional Landfill,403411,Syncarpha Taos,NM,17171.970323071087
2028,4,p31,Northeastern New Mexico Regional Landfill,404618,Taos Mesa Energy Facility Hybrid,NM,4114.573997883364
2028,4,p31,Northeastern New Mexico Regional Landfill,403011,Vista Solar Energy Center,NM,13453.582083514688
2028,4,p31,City of Clovis Landfill,400354,WSMR I,NM,62612.73698895063
2028,4,p31,Apache Junction Landfill,405245,Wal-Mart Truth or Consequences PV,NM,364433.37538863556
2028,4,p47,City of Clovis Landfill,400979,"Caprock Solar 1, LLC",NM,2578.41165967095
2028,4,p47,City of Clovis Landfill,404980,Chaves County Solar II,NM,2148.2985185398506
2028,4,p47,City of Clovis Landfill,401681,"Chaves Solar, LLC",NM,1155.300577947951
2028,4,p47,City of Clovis Landfill,400614,GSE NM1,NM,70117.83995488488
2028,4,p47,City of Clovis Landfill,404982,Hayhurst New Mexico Solar,NM,5560.448098075618
2028,4,p47,City of Clovis Landfill,402530,Middle Daisy,NM,21301.429492882944
2028,4,p47,City of Clovis Landfill,401682,"Roswell Solar, LLC",NM,1032.1266332905184
2028,4,p47,City of Clovis Landfill,400546,SEV NM Phase 2,NM,49547.56537522786
2028,4,p47,City of Clovis Landfill,400260,SPS1 Dollarhide,NM,17143.629844242936
2028,4,p47,City of Clovis Landfill,400261,SPS2 Jal,NM,12543.396635834739
2028,4,p47,City of Clovis Landfill,400262,SPS3 Lea,NM,8482.652300221665
2028,4,p47,City of Clovis Landfill,400264,SPS5 Hopi,NM,12690.964074528974
2028,4,p47,City of Clovis Landfill,404698,SoCore Clovis 1,NM,2072.5242318566425
2028,4,p48,City of Clovis Landfill,406439,"BESSP1, LLC",TX,4056.134097012379
2028,4,p48,City of Clovis Landfill,405590,"Hecate Energy Frye Solar, LLC",TX,170.25390489426138
2028,4,p57,Victoria Landfill,404918,"Hecate Energy Upshur Rural, LLC",TX,16682.936899103825
2028,4,p59,City of Clovis Landfill,402666,Fort Bliss (DEA EPIC),TX,25603.97225964391
2028,4,p59,City of Clovis Landfill,401616,Montana Solar Facility,TX,30000.0908570571
2028,4,p59,City of Clovis Landfill,401045,Newman Solar,TX,4364.7435954237335
2028,4,p60,City of Clovis Landfill,403962,"ANSON Solar Center, LLC",TX,629.5510915592487
2028,4,p60,City of Clovis Landfill,403883,Azure Sky Solar,TX,772.6953601667783
2028,4,p60,City of Clovis Landfill,403232,"ENGIE Long Draw Solar, LLC",TX,378.26150692748575
2028,4,p60,City of Clovis Landfill,406252,Highpeak Solar 1,TX,11005.98907960128
2028,4,p60,City of Clovis Landfill,402721,Holstein 1 Solar Farm,TX,881.8858330363797
2028,4,p60,City of Clovis Landfill,405492,Juno Solar Project,TX,320.51454968499473
2028,4,p60,City of Clovis Landfill,402541,Lamesa II,TX,1784.1252104836128
2028,4,p60,City of Clovis Landfill,401660,Lamesa Solar,TX,873.7590116850029
2028,4,p60,City of Clovis Landfill,405932,Lumina II Solar Project,TX,281.6816901387417
2028,4,p60,City of Clovis Landfill,405933,Lumina Solar Project,TX,336.2016597899016
2028,4,p60,City of Clovis Landfill,402909,Misae Solar,TX,422.2970396696268
2028,4,p60,City of Clovis Landfill,400968,"OCI Alamo 7, LLC",TX,1384.8173419891593
2028,4,p60,City of Clovis Landfill,405939,Texas Solar Nova 1,TX,387.38150907932504
2028,4,p61,City of Clovis Landfill,400967,Alamo 6,TX,589.6976897843048
2028,4,p61,City of Clovis Landfill,403557,Aragorn Solar Project,TX,306.48752748183256
2028,4,p61,City of Clovis Landfill,400691,Barilla Solar,TX,2403.3633646611916
2028,4,p61,City of Clovis Landfill,401946,Bluebell Solar,TX,2589.216835360406
2028,4,p61,City of Clovis Landfill,403574,Bluebell Solar II,TX,684.1476140475983
2028,4,p61,City of Clovis Landfill,400554,"Bryan Solar, LLC",TX,10164.677947518067
2028,4,p61,City of Clovis Landfill,401463,Buckthorn Westex,TX,642.3835634551517
2028,4,p61,City of Clovis Landfill,401703,East Pecos Solar,TX,715.4380503273228
2028,4,p61,City of Clovis Landfill,405363,Galloway 1 Solar Farm,TX,488.8960521957723
2028,4,p61,City of Clovis Landfill,405494,Galloway 2 Solar Farm,TX,606.8781113456328
2028,4,p61,City of Clovis Landfill,403210,Greasewood,TX,570.5067524867547
2028,4,p61,City of Clovis Landfill,406370,Hayhurst Texas Solar,TX,2258.820446608096
2028,4,p61,City of Clovis Landfill,402304,Midway Solar-TX,TX,414.1897343759994
2028,4,p61,Victoria Landfill,400695,"OCI Alamo 4, LLC",TX,2338.0573110520036
2028,4,p61,City of Clovis Landfill,401868,Pearl Solar,TX,1450.261204404529
2028,4,p61,City of Clovis Landfill,402290,RE Maplewood,TX,523.8710916533719
2028,4,p61,City of Clovis Landfill,401430,RE Roserock,TX,543.1559574782128
2028,4,p61,City of Clovis Landfill,402848,Rambler,TX,387.3098915320414
2028,4,p61,City of Clovis Landfill,402083,Solaire Holman Solar Project,TX,1286.9694557398739
2028,4,p61,City of Clovis Landfill,403023,"Taygete Energy Project, LLC",TX,624.8694830042293
2028,4,p61,City of Clovis Landfill,404647,Taygete II Energy Project,TX,400.8092575776895
2028,4,p61,City of Clovis Landfill,403551,Titan Solar Project,TX,424.0192014321621
2028,4,p61,Victoria Landfill,406103,Zier Solar,TX,384.56374404998536
2028,4,p62,City of Clovis Landfill,403502,2W Permian Solar Project Hybrid,TX,436.3401197177961
2028,4,p62,City of Clovis Landfill,403697,CED Crane Solar,TX,510.00457575097334
2028,4,p62,City of Clovis Landfill,401525,Castle Gap Solar Hybrid,TX,574.7642488320805
2028,4,p62,City of Clovis Landfill,404599,Emerald Grove,TX,664.6498131639146
2028,4,p62,City of Clovis Landfill,403004,Lapetus,TX,628.2767645418254
2028,4,p62,City of Clovis Landfill,403280,Oberon IA,TX,581.0829785363082
2028,4,p62,City of Clovis Landfill,403279,Oberon IB,TX,2445.9996456034564
2028,4,p62,City of Clovis Landfill,403602,Oxy Renewable Energy-Goldsmith,TX,3882.210039987233
2028,4,p62,City of Clovis Landfill,402679,Phoebe Solar,TX,291.5994708031322
2028,4,p62,City of Clovis Landfill,403177,Prospero Solar,TX,275.9904083715598
2028,4,p62,City of Clovis Landfill,404128,Prospero Solar II,TX,371.45448525251015
2028,4,p62,City of Clovis Landfill,403070,"Roadrunner, LLC",TX,444.9299263819534
2028,4,p62,City of Clovis Landfill,401805,Upton County Solar,TX,784.6760550032659
2028,4,p62,City of Clovis Landfill,402995,West of the Pecos Solar,TX,699.1365087937896
2028,4,p63,Victoria Landfill,405599,"BPL Crown Solar, LLC",TX,1000.0089603462383
2028,4,p63,Victoria Landfill,404966,BPL Files Solar,TX,1249.3226241994878
2028,4,p63,Victoria Landfill,403825,Briar Creek Solar 1,TX,1130.0825926259424
2028,4,p63,Victoria Landfill,402610,Chisum,TX,41016.54156480285
2028,4,p63,Victoria Landfill,401697,CoServ Community Solar Station,TX,367530.3564532401
2028,4,p63,Victoria Landfill,403188,Coniglio Solar,TX,2125.2888891464477
2028,4,p63,Victoria Landfill,406415,Dileo Solar,TX,1468.6562736596222
2028,4,p63,Victoria Landfill,402655,Eddy II,TX,8464.980804481362
2028,4,p63,Victoria Landfill,406221,Eiffel Solar Project,TX,811.8939354606
2028,4,p63,Victoria Landfill,405540,"Ellis Solar, LLC",TX,2224.099316260712
2028,4,p63,Victoria Landfill,403823,Elm Branch Solar 1,TX,1266.7261027283532
2028,4,p63,Victoria Landfill,406206,Five Wells Solar Center - Hybrid,TX,410.9449908452932
2028,4,p63,Victoria Landfill,404567,G.S.E. One LLC,TX,2408.9168068434806
2028,4,p63,Victoria Landfill,403288,Griffin Solar,TX,19927.54971870994
2028,4,p63,Victoria Landfill,406202,Grizzly Ridge Solar,TX,1548.5880914816628
2028,4,p63,Victoria Landfill,402329,Highway 56 Solar,TX,29894.941103881647
2028,4,p63,Victoria Landfill,405689,"IP Radian, LLC",TX,497.52248876020644
2028,4,p63,Victoria Landfill,403481,Impact Solar 1,TX,1193.4009186564233
2028,4,p63,Victoria Landfill,403190,Kellam Solar,TX,2397.1451112155173
2028,4,p63,Victoria Landfill,402421,Leon Solar,TX,28987.410033447588
2028,4,p63,Victoria Landfill,403874,Lily Solar Hybrid,TX,1270.8669913786841
2028,4,p63,Victoria Landfill,402404,Marlin Solar,TX,17505.883234816272
2028,4,p63,Victoria Landfill,405794,Noble Solar,TX,832.2322037420495
2028,4,p63,Victoria Landfill,401933,Phantom Solar,TX,6718.358086348208
2028,4,p63,Victoria Landfill,404872,"Pisgah Ridge Solar, LLC",TX,746.6219611674225
2028,4,p63,Victoria Landfill,406416,Pitts Dudik Solar,TX,2359.3505260242628
2028,4,p63,Victoria Landfill,403189,Rippey Solar,TX,2962.2007702457004
2028,4,p63,Victoria Landfill,404630,"Samson Solar Energy III, LLC",TX,966.5866581892349
2028,4,p63,Victoria Landfill,402652,Sterling Solar (TX),TX,16172.61926717426
2028,4,p63,Victoria Landfill,404812,Sun Valley Solar Project,TX,510.7331955698617
2028,4,p63,Victoria Landfill,404388,"TPE Erath Solar, LLC",TX,12201.640078518507
2028,4,p63,Victoria Landfill,403457,"TPE Whitney Solar, LLC",TX,13912.808793175715
2028,4,p63,Victoria Landfill,405984,Waco Solar,TX,361.9418080998656
2028,4,p63,Victoria Landfill,402306,Walnut Springs Solar,TX,37159.169291004655
2028,4,p63,Victoria Landfill,402497,West Moore Solar II,TX,316775.92307611956
2028,4,p63,Victoria Landfill,402330,Whitesboro Solar,TX,316319.0173788801
2028,4,p63,Victoria Landfill,402414,Whitewright Solar,TX,51744.631924024834
2028,4,p63,Victoria Landfill,402654,Yellow Jacket,TX,26574.97134746472
2028,4,p64,Victoria Landfill,405731,Austin TX GigaFactory,TX,18410.55954596908
2028,4,p64,Victoria Landfill,402203,Bandera Electric Coop PV,TX,38018.9017902414
2028,4,p64,Victoria Landfill,404721,"Blue Jay Solar I, LLC",TX,368.29363150304715
2028,4,p64,Victoria Landfill,402648,Bovine,TX,2572.161463019353
2028,4,p64,Victoria Landfill,402389,"E-Volve Energy Holdings, LLC",TX,18214.902466030388
2028,4,p64,Victoria Landfill,400227,East Blackland Solar Project 1,TX,390.35100391142026
2028,4,p64,Victoria Landfill,405101,IKEA Round Rock 027,TX,50158.9807918906
2028,4,p64,Victoria Landfill,402653,Lampwick,TX,8986.690582546755
2028,4,p64,Victoria Landfill,405613,Niagara Bottling - Seguin,TX,8074.830344667664
2028,4,p64,Victoria Landfill,402544,PowerFin Kingsbery,TX,14027.7669528851
2028,4,p64,Victoria Landfill,400249,Webberville Solar Project,TX,1981.6481344156207
2028,4,p65,Victoria Landfill,405700,Aktina Solar,TX,762.1945147329507
2028,4,p65,Victoria Landfill,404074,"Alexis Solar, LLC",TX,78886.4501037887
2028,4,p65,Victoria Landfill,405727,Bernard Creek Solar,TX,2645.501160632562
2028,4,p65,Victoria Landfill,400081,Blue Wing Solar Energy Generation,TX,36157.12919829852
2028,4,p65,Victoria Landfill,405477,Brightside,TX,8429.602155879258
2028,4,p65,Victoria Landfill,401728,CPS 1 Community Solar,TX,517007.3045438817
2028,4,p65,Victoria Landfill,402656,Cascade Solar (TX),TX,64197.6728744132
2028,4,p65,Victoria Landfill,403987,Catan Solar,TX,24954.67178978487
2028,4,p65,Victoria Landfill,403091,Commerce Solar,TX,115876.61937209187
2028,4,p65,Victoria Landfill,404247,"Corazon Energy, LLC",TX,4052.551257652062
2028,4,p65,Victoria Landfill,404062,Elara Solar,TX,5364.1663000409235
2028,4,p65,Victoria Landfill,404359,FELPS 1-Calaveras,TX,559757.5617637977
2028,4,p65,Victoria Landfill,404361,FELPS 2-Calaveras,TX,640184.9817278194
2028,4,p65,Victoria Landfill,404362,FELPS 3-Floresville South,TX,395154.14114950766
2028,4,p65,Victoria Landfill,404363,FELPS 4-Floresville South,TX,395213.2073105197
2028,4,p65,Victoria Landfill,404364,FELPS 5-Floresville South,TX,395317.4907787925
2028,4,p65,Victoria Landfill,404739,FELPS 6- Floresville West,TX,700385.1092544477
2028,4,p65,Victoria Landfill,404740,FELPS 7- Floresville West,TX,840321.6923494111
2028,4,p65,Victoria Landfill,406516,Ganado Solar,TX,1293.0586157637977
2028,4,p65,Victoria Landfill,405801,Horizon Solar,TX,4288.886487259223
2028,4,p65,Victoria Landfill,405380,IKEA Live Oak Rooftop PV System,TX,346342.0962859223
2028,4,p65,Victoria Landfill,403343,Mars Solar,TX,92209.7681087374
2028,4,p65,Victoria Landfill,404877,Nebula Solar,TX,11721.151652453507
2028,4,p65,Victoria Landfill,400694,"OCI Alamo 2, LLC",TX,289980.3546796571
2028,4,p65,Victoria Landfill,400965,"OCI Alamo 3, LLC",TX,152609.72733878877
2028,4,p65,Victoria Landfill,400966,"OCI Alamo 5, LLC",TX,13153.969129378704
2028,4,p65,Victoria Landfill,400593,OCI Alamo Solar I Hybrid,TX,12567.770957284545
2028,4,p65,Victoria Landfill,405809,Shakes Solar,TX,6227.048903429684
2028,4,p65,Victoria Landfill,405545,Sparta Solar,TX,1503.689186152884
2028,4,p65,Victoria Landfill,400379,"SunE CPS1, LLC",TX,83797.19091134572
2028,4,p65,Victoria Landfill,400364,"SunE CPS2, LLC",TX,63134.50351951302
2028,4,p65,Victoria Landfill,400353,"SunE CPS3, LLC",TX,67038.05068992649
2028,4,p65,Victoria Landfill,406032,Tres Bahias,TX,766.9448749594535
2028,4,p65,Victoria Landfill,404878,Vancourt Solar Interconnections,TX,20914.535421127362
2028,4,p66,Victoria Landfill,406386,Umbriel Solar,TX,2320.5689213088453
2028,4,p67,Victoria Landfill,404939,Brazoria County Solar Project (Danciger),TX,341.9811176559254
2028,4,p67,Victoria Landfill,404681,Brazoria West,TX,334.3681699868058
2028,4,p67,Victoria Landfill,402649,Bronson,TX,4855.770157406737
2028,4,p67,Victoria Landfill,406178,"Cutlass Solar 1, LLC",TX,519.8349913433037
2028,4,p67,Victoria Landfill,404587,Fighting Jays Solar Project,TX,302.00690971588216
2028,4,p67,Victoria Landfill,405564,"Fort Bend Solar, LLC",TX,310.70881188289525
2028,4,p67,Victoria Landfill,404853,"Longbow Solar, LLC",TX,1154.5732500034496
2028,4,p67,Victoria Landfill,403514,Wagyu,TX,522.1174052328016
2029,1,p12,Apex Regional Landfill,402144,Battle Mountain Solar Project,NV,1199.5932511991728
2029,1,p12,Apex Regional Landfill,405553,Dodge Flat,NV,1800.7376688031331
2029,1,p12,Apex Regional Landfill,402609,"EGP Stillwater Solar PV II, LLC",NV,3980.1018694700683
2029,1,p12,Apex Regional Landfill,404659,Fish Springs,NV,1635.035691877652
2029,1,p12,Apex Regional Landfill,401086,Ft. Churchill PV,NV,7056.909411337189
2029,1,p12,Apex Regional Landfill,402130,Luning Energy,NV,1151.0428210283035
2029,1,p12,Apex Regional Landfill,403107,NVSS-II,NV,780.3914104002546
2029,1,p12,Apex Regional Landfill,400468,"Patua Acquisition Project, LLC",NV,9097.259333702974
2029,1,p12,Apex Regional Landfill,405023,Steamboat II,NV,64306.473885136285
2029,1,p12,Apex Regional Landfill,400029,Stillwater Facility,NV,3657.8272408977064
2029,1,p12,Apex Regional Landfill,401318,Sunshine Valley Solar,NV,240.82038962777264
2029,1,p12,Apex Regional Landfill,405026,TS Power Plant,NV,736.0731602261304
2029,1,p12,Apex Regional Landfill,405576,Tesla Reno GigaFactory,NV,26023.670504462872
2029,1,p12,Apex Regional Landfill,401943,Tungsten Mountain,NV,8983.556417610444
2029,1,p12,Apex Regional Landfill,403308,Turquoise Liberty Solar,NV,14181.196739555126
2029,1,p12,Apex Regional Landfill,403884,"Turquoise Nevada, LLC",NV,2641.4700284906626
2029,1,p12,Apex Regional Landfill,400035,Western 102 Power Plant,NV,176005.6297938692
2029,1,p13,Apex Regional Landfill,400555,Apex Solar PV Power Project,NV,633.4617108256787
2029,1,p13,Apex Regional Landfill,405385,Arrow Canyon Solar Hybrid,NV,394.1192692458552
2029,1,p13,Apex Regional Landfill,402017,"Boulder Solar II, LLC",NV,253.4789926557235
2029,1,p13,Apex Regional Landfill,401649,"Boulder Solar Power, LLC",NV,176.78326144082297
2029,1,p13,Apex Regional Landfill,400059,CM10,NV,1328.3451406716729
2029,1,p13,Apex Regional Landfill,400086,CM48,NV,454.4854287984287
2029,1,p13,Apex Regional Landfill,400363,Copper Mountain Solar 2,NV,132.30762417687154
2029,1,p13,Apex Regional Landfill,400802,Copper Mountain Solar 3,NV,84.1693362944416
2029,1,p13,Apex Regional Landfill,401308,"Copper Mountain Solar 4, LLC",NV,172.90300287801006
2029,1,p13,Apex Regional Landfill,403688,"Copper Mountain Solar 5, LLC",NV,118.15240625604748
2029,1,p13,Apex Regional Landfill,405358,Dignity - San Martin,NV,3250.8517025448937
2029,1,p13,Apex Regional Landfill,405355,Dignity - Siena Campus,NV,4035.949388626837
2029,1,p13,Apex Regional Landfill,405556,Dry Lake Solar Energy Center,NV,183.65223371814537
2029,1,p13,Apex Regional Landfill,405495,Gemini Solar,NV,109.91638568186991
2029,1,p13,Apex Regional Landfill,403386,"Harry Allen Solar Energy, LLC",NV,168.95145227323425
2029,1,p13,Apex Regional Landfill,406090,IGS LAS1,NV,6462.297043615413
2029,1,p13,Apex Regional Landfill,406089,IGS VGT,NV,5073.344822348209
2029,1,p13,Apex Regional Landfill,405309,IKEA Las Vegas 462,NV,5523.2313929319325
2029,1,p13,Apex Regional Landfill,400545,Las Vegas WPCF Solar Plant,NV,687.428912027894
2029,1,p13,Apex Regional Landfill,400313,Moapa Southern Paiute,NV,113.49030381397975
2029,1,p13,Apex Regional Landfill,400600,Mountain View Solar,NV,502.9358823016449
2029,1,p13,Apex Regional Landfill,400036,Nellis Air Force Base Solar Array,NV,419.5603590504245
2029,1,p13,Apex Regional Landfill,401381,Nellis Solar PV II,NV,198.83000161812768
2029,1,p13,Apex Regional Landfill,401319,"Playa Solar 1, LLC",NV,194.47921642550818
2029,1,p13,Apex Regional Landfill,401596,Playa Solar 2,NV,142.5550709347666
2029,1,p13,Apex Regional Landfill,401274,River Mountains Solar,NV,623.0595986984928
2029,1,p13,Mohave Valley Landfill,401042,Searchlight Solar,NV,1315.2277466986636
2029,1,p13,Apex Regional Landfill,400166,Silver State Solar Power North,NV,600.3193020228932
2029,1,p13,Apex Regional Landfill,400658,Silver State Solar Power South,NV,127.24083996666893
2029,1,p13,Apex Regional Landfill,405246,"Solar Las Vegas MB 2, LLC",NV,1921.785205842554
2029,1,p13,Apex Regional Landfill,405188,Solar Las Vegas MB-1,NV,794.7002721925594
2029,1,p13,Apex Regional Landfill,400556,Spectrum Solar PV Power Project,NV,260.8345625760982
2029,1,p13,Apex Regional Landfill,402485,"Techren Solar I, LLC",NV,158.35174046924234
2029,1,p13,Apex Regional Landfill,402690,"Techren Solar II, LLC",NV,101.97175149226327
2029,1,p13,Apex Regional Landfill,402691,"Techren Solar III, LLC",NV,491.90974069068074
2029,1,p13,Apex Regional Landfill,402692,"Techren Solar IV, LLC",NV,649.5257547190479
2029,1,p13,Apex Regional Landfill,403001,Techren Solar V,NV,227.91228735282803
2029,1,p13,Apex Regional Landfill,401851,Townsite Solar Project Hybrid,NV,102.0751185110369
2029,1,p13,Apex Regional Landfill,406448,Yellow Pine II,NV,341.7239034800621
2029,1,p13,Apex Regional Landfill,404971,Yellow Pine Solar,NV,353.7562906889976
2029,1,p27,Mohave Valley Landfill,400374,"Black Mountain Solar, LLC",AZ,389.22638744198997
2029,1,p27,Mohave Valley Landfill,402236,Gray Hawk Solar,AZ,163.55007265027072
2029,1,p27,Mohave Valley Landfill,401819,Jacobson 5 MW Solar,AZ,1488.3794836543952
2029,1,p27,Mohave Valley Landfill,400199,La Senita,AZ,3667.5588989025387
2029,1,p27,Mohave Valley Landfill,403718,Mohave Electric Cooperative at Joy Lane,AZ,74.65283640501937
2029,1,p27,Mohave Valley Landfill,401311,Mohave Electric at Fort Mohave,AZ,178.5951012728504
2029,1,p27,Mohave Valley Landfill,406478,Mohave Energy - Hybrid,AZ,57.846014086888125
2029,1,p28,Apache Junction Landfill,405418,AZ State University - Tempe Campus Solar,AZ,6007.347695104576
2029,1,p28,South Yuma County Landfill,400148,Agua Caliente Solar Project,AZ,211.39838269511358
2029,1,p28,Apache Junction Landfill,402067,Apache Solar 1,AZ,3561.2841672083896
2029,1,p28,South Yuma County Landfill,400274,Arizona Western College PV,AZ,1378.8989915091145
2029,1,p28,Apache Junction Landfill,400240,Arlington Valley Solar Energy II,AZ,359.5173297403223
2029,1,p28,Apache Junction Landfill,400437,Badger 1,AZ,2206.8541145724703
2029,1,p28,Apache Junction Landfill,401688,Bonnybrooke PV,AZ,277.8154629722124
2029,1,p28,Apache Junction Landfill,400371,Buckeye Union HS District 201,AZ,11268.460852382366
2029,1,p28,Apache Junction Landfill,405635,"Central Line Solar, LLC",AZ,307.7451440009954
2029,1,p28,Apache Junction Landfill,400201,Chino Solar Valley,AZ,3500.1263371114883
2029,1,p28,Apache Junction Landfill,400202,Cotton Center Solar Hybrid,AZ,1793.95728083983
2029,1,p28,Apache Junction Landfill,401069,Desert Star Hybrid,AZ,5196.296834924604
2029,1,p28,Apache Junction Landfill,403257,East Line Solar,AZ,240.26186168279347
2029,1,p28,Apache Junction Landfill,406171,Eleven Mile Solar Center,AZ,108.30974601292745
2029,1,p28,Apache Junction Landfill,405244,Estrella Mountain PV,AZ,12714.120700613115
2029,1,p28,South Yuma County Landfill,400349,Foothills Solar Plant Hybrid,AZ,230.00423643254976
2029,1,p28,Apache Junction Landfill,400825,Fort Huachuca Solar PV Project,AZ,5022.922973622208
2029,1,p28,Apache Junction Landfill,400845,Gila Bend Hybrid,AZ,1039.7177508923355
2029,1,p28,Apache Junction Landfill,400599,"Gilbert Solar Facility I, LLC",AZ,3052.7327841437677
2029,1,p28,South Yuma County Landfill,400507,Hyder II Hybrid,AZ,2474.313505538
2029,1,p28,South Yuma County Landfill,400204,Hyder Solar Hybrid,AZ,2424.9710842125005
2029,1,p28,Apache Junction Landfill,405282,Intel - Ocotillo Campus Solar,AZ,3253.669856700213
2029,1,p28,Apache Junction Landfill,405125,Jewish Community Center PV,AZ,10953.838258709777
2029,1,p28,Apache Junction Landfill,402234,Kayenta Solar Project,AZ,2180.2362874116834
2029,1,p28,Apache Junction Landfill,400595,Lake Pleasant WTP,AZ,3737.4723841114183
2029,1,p28,Apache Junction Landfill,400128,Luke Solar,AZ,2455.587737821028
2029,1,p28,Apache Junction Landfill,405068,Macys Goodyear,AZ,10147.188388200875
2029,1,p28,South Yuma County Landfill,406279,McFarland A Solar and Storage,AZ,206.42795445303423
2029,1,p28,Apache Junction Landfill,405617,Mesa Carport PV,AZ,549.2873594899419
2029,1,p28,Apache Junction Landfill,404512,Mesa Solar Array,AZ,631.620667293609
2029,1,p28,Apache Junction Landfill,400250,Mesquite Solar 1,AZ,721.1431462980986
2029,1,p28,Apache Junction Landfill,401621,"Mesquite Solar 2, LLC",AZ,388.6995821857971
2029,1,p28,Apache Junction Landfill,401622,"Mesquite Solar 3, LLC",AZ,274.7529571816493
2029,1,p28,Apache Junction Landfill,406038,"Mesquite Solar 4, LLC",AZ,982.444968894453
2029,1,p28,Apache Junction Landfill,404922,"Mesquite Solar 5, LLC",AZ,760.1248549452437
2029,1,p28,Mohave Valley Landfill,403572,OE_AZ1,AZ,1673.0800524996798
2029,1,p28,Apache Junction Landfill,400203,Paloma Solar Hybrid,AZ,2168.786012048055
2029,1,p28,Apache Junction Landfill,405126,Paradise Valley H.S. PV,AZ,13666.695515556803
2029,1,p28,Apache Junction Landfill,405150,Phoenix Airport East Economy Lot,AZ,11532.055798229198
2029,1,p28,Apache Junction Landfill,405151,Phoenix Airport Rental Car Center,AZ,13441.774466813895
2029,1,p28,Apache Junction Landfill,402528,Pinal Central Energy Center Hybrid,AZ,856.5346603618934
2029,1,p28,Apache Junction Landfill,400125,"Poseidon Solar, LLC",AZ,395.9980900438621
2029,1,p28,Apache Junction Landfill,400031,Prescott Airport,AZ,18555.980574305748
2029,1,p28,Apache Junction Landfill,400401,Prescott Solar Plant,AZ,5422.593443888895
2029,1,p28,Apache Junction Landfill,400323,Queen Creek Solar Farm,AZ,234.38948230888286
2029,1,p28,Mohave Valley Landfill,400289,"RE Bagdad Solar I, LLC",AZ,2630.343730541379
2029,1,p28,Apache Junction Landfill,405132,"RE Gillespie 1, LLC",AZ,1998.1219438403714
2029,1,p28,Apache Junction Landfill,400758,Red Horse 2,AZ,1005.7054085757868
2029,1,p28,Apache Junction Landfill,401609,Red Horse III,AZ,1624.1789002224873
2029,1,p28,Apache Junction Landfill,401726,Red Rock,AZ,669.2919378541906
2029,1,p28,Apache Junction Landfill,406380,SR McNeal,AZ,3575.03029101306
2029,1,p28,Apache Junction Landfill,400416,Saddle Mountain Solar I,AZ,5507.260605843447
2029,1,p28,Apache Junction Landfill,403674,Saint Solar,AZ,263.8632028843092
2029,1,p28,Apache Junction Landfill,401214,Sandstone Solar,AZ,359.0799940707931
2029,1,p28,Apache Junction Landfill,405029,Solana Generating Station,AZ,216.3740989614471
2029,1,p28,Apache Junction Landfill,406275,Sonoran Solar Energy,AZ,193.72392252856633
2029,1,p28,Apache Junction Landfill,406034,Storey Solar and Storage,AZ,175.03510234298793
2029,1,p28,Apache Junction Landfill,401664,Sulphur Springs,AZ,2762.5647822952124
2029,1,p28,Apache Junction Landfill,403643,Sun Streams 2,AZ,350.16927648156366
2029,1,p28,Apache Junction Landfill,406517,Sun Streams 3,AZ,209.2217306180921
2029,1,p28,Apache Junction Landfill,401975,"Sun Streams, LLC",AZ,387.432667496294
2029,1,p28,Apache Junction Landfill,405311,T0588 Phoenix - AZ,AZ,15892.352506702666
2029,1,p28,Apache Junction Landfill,405134,Union HS at Casa Grande,AZ,14381.433777744911
2029,1,p28,Apache Junction Landfill,405135,Vista Grande HS at Casa Grande,AZ,15167.312522042697
2029,1,p28,Apache Junction Landfill,400334,Walmart Casa Grande,AZ,8019.120066850079
2029,1,p28,Apache Junction Landfill,406098,"West Line Solar, LLC",AZ,363.62097396165365
2029,1,p29,Apache Junction Landfill,400014,Springerville,AZ,3820.707592180136
2029,1,p30,Apache Junction Landfill,405143,Actus Lend Lease DMAFB,AZ,7450.274252039815
2029,1,p30,Apache Junction Landfill,405611,Amazon TUS2,AZ,22629.819154848337
2029,1,p30,Apache Junction Landfill,405268,Amphitheater High School Solar,AZ,20520.487952531774
2029,1,p30,Apache Junction Landfill,400939,Avalon Solar,AZ,980.3964602013431
2029,1,p30,Apache Junction Landfill,401479,Avalon Solar II,AZ,1935.9131965195422
2029,1,p30,Apache Junction Landfill,400226,Avra Valley Solar,AZ,869.5494376124251
2029,1,p30,Apache Junction Landfill,404704,Broadway 2 - Tucson Phase II,AZ,10986.506242706986
2029,1,p30,Apache Junction Landfill,405768,Broadway 3 - Tucson Phase I,AZ,19680.876942306873
2029,1,p30,Apache Junction Landfill,405269,Canyon Del Oro High School Solar,AZ,5389.010565957414
2029,1,p30,Apache Junction Landfill,400757,Cogenra-TEP,AZ,24106.597698649213
2029,1,p30,Apache Junction Landfill,401295,Davis Monthan AFB (AZ) West Airfield,AZ,2276.8816123619044
2029,1,p30,Apache Junction Landfill,400330,FRB Solar Farm,AZ,12632.479161666235
2029,1,p30,Apache Junction Landfill,400761,"Gato Montes Solar, LLC",AZ,6899.177947241205
2029,1,p30,Apache Junction Landfill,404536,Iron Horse Battery Storage Hybrid,AZ,20069.66493818788
2029,1,p30,Apache Junction Landfill,400552,"Picture Rocks Solar, LLC",AZ,2981.9433702890724
2029,1,p30,Apache Junction Landfill,405374,Pima Community College,AZ,35001.98834486822
2029,1,p30,Apache Junction Landfill,405303,Pima Community College - East Campus,AZ,19147.465375292213
2029,1,p30,Apache Junction Landfill,405516,Pima Community College NW,AZ,20942.60491824009
2029,1,p30,Apache Junction Landfill,400408,Prairie Fire,AZ,5331.682461713884
2029,1,p30,Apache Junction Landfill,400290,"RE Ajo 1, LLC",AZ,5698.679260378334
2029,1,p30,Apache Junction Landfill,404926,Raptor Ridge,AZ,2676.48667108164
2029,1,p30,Apache Junction Landfill,400857,Rio Rico Solar,AZ,9211.231452798105
2029,1,p30,Apache Junction Landfill,400193,Roger Road WWTP,AZ,22086.055308724895
2029,1,p30,Apache Junction Landfill,401076,Tech Park Solar,AZ,5288.190155136496
2029,1,p30,Apache Junction Landfill,400156,UASTP I,AZ,20138.74309269713
2029,1,p30,Apache Junction Landfill,401075,Valencia Solar,AZ,2882.6703842006063
2029,1,p30,Apache Junction Landfill,404187,"Wilmot Energy Center, LLC",AZ,283.44660079290543
2029,1,p31,City of Clovis Landfill,400211,Alamogordo Solar Energy Center,NM,41520.90677591459
2029,1,p31,Northeastern New Mexico Regional Landfill,400206,Albuquerque Solar Energy Center,NM,57887.26293954959
2029,1,p31,Northeastern New Mexico Regional Landfill,403675,Alcalde Solar Array,NM,25977.115254184824
2029,1,p31,Apache Junction Landfill,401595,Alta Luna,NM,6374.72617039325
2029,1,p31,Northeastern New Mexico Regional Landfill,404724,Angel Fire Energy Facility,NM,3043.3293760698525
2029,1,p31,Northeastern New Mexico Regional Landfill,405469,Arroyo Solar Energy Storage Hybrid,NM,696.5997814182906
2029,1,p31,Northeastern New Mexico Regional Landfill,403321,Bluewater CDEC 1,NM,65823.11068386908
2029,1,p31,Northeastern New Mexico Regional Landfill,403736,Britton Solar Energy Center,NM,1648.9665390962969
2029,1,p31,City of Clovis Landfill,404981,Buena Vista Energy Center,NM,1503.6266301334074
2029,1,p31,Northeastern New Mexico Regional Landfill,402876,CNMEC Solar Energy Center,NM,55170.79477672195
2029,1,p31,City of Clovis Landfill,402519,Carrizozo Solar,NM,48121.07853313877
2029,1,p31,Northeastern New Mexico Regional Landfill,401202,Cibola,NM,15108.741091794289
2029,1,p31,Northeastern New Mexico Regional Landfill,400104,Cimarron Solar Facility,NM,641.1023515544144
2029,1,p31,Apache Junction Landfill,402988,City of Gallup Solar,NM,22161.26333545216
2029,1,p31,Northeastern New Mexico Regional Landfill,403604,City of Rio Rancho WWTP,NM,104010.39254006358
2029,1,p31,Apache Junction Landfill,401225,City of Truth or Consequences PV,NM,105666.39404851785
2029,1,p31,Apache Junction Landfill,402177,Columbus Solar Project,NM,97450.27141277195
2029,1,p31,Northeastern New Mexico Regional Landfill,404748,"Cuba 2.5ac, LLC",NM,37354.19614914602
2029,1,p31,Apache Junction Landfill,400209,Deming Solar Energy Center,NM,21327.760467552736
2029,1,p31,Northeastern New Mexico Regional Landfill,403868,Encino Solar Energy Center,NM,2993.6154598965945
2029,1,p31,Northeastern New Mexico Regional Landfill,401038,Eubank Landfill Solar Array,NM,58468.218873057325
2029,1,p31,Northeastern New Mexico Regional Landfill,402441,Facebook 1 Solar Energy Center,NM,10877.763909311954
2029,1,p31,Northeastern New Mexico Regional Landfill,402442,Facebook 2 Solar Energy Center,NM,10469.32623574469
2029,1,p31,Northeastern New Mexico Regional Landfill,402443,Facebook 3 Solar Energy Center,NM,11638.49962922184
2029,1,p31,Northeastern New Mexico Regional Landfill,403322,Grants CDEC 2,NM,34290.28523347106
2029,1,p31,Apache Junction Landfill,400216,"Hatch Solar Energy Center I, LLC",NM,37211.56499549601
2029,1,p31,City of Clovis Landfill,401617,Holloman Solar Facility,NM,31902.50189619166
2029,1,p31,Northeastern New Mexico Regional Landfill,406109,"Jicarilla Solar 1, LLC",NM,3083.1478960811605
2029,1,p31,Northeastern New Mexico Regional Landfill,400427,Kit Carson,NM,45922.33601356937
2029,1,p31,Northeastern New Mexico Regional Landfill,400210,Las Vegas Solar Energy Center,NM,8032.602761671143
2029,1,p31,Northeastern New Mexico Regional Landfill,400434,Los Alamos PV Site,NM,68219.4942359661
2029,1,p31,Northeastern New Mexico Regional Landfill,400207,Los Lunas Solar Energy Center,NM,22103.530614240768
2029,1,p31,Apache Junction Landfill,400838,Macho Springs,NM,4891.326414009667
2029,1,p31,Northeastern New Mexico Regional Landfill,400582,Manzano Solar,NM,19154.655513163973
2029,1,p31,Northeastern New Mexico Regional Landfill,401201,Meadow Lake Solar Energy Center,NM,13859.348117033853
2029,1,p31,Northeastern New Mexico Regional Landfill,406177,"NMRD Data Center III, LLC",NM,1978.807387833517
2029,1,p31,City of Clovis Landfill,405693,NMSU Solar and Storage,NM,68758.90564520637
2029,1,p31,Northeastern New Mexico Regional Landfill,406375,OE_ESCL,NM,942.1343117989151
2029,1,p31,City of Clovis Landfill,400581,Otero Solar,NM,20505.652739562895
2029,1,p31,Northeastern New Mexico Regional Landfill,400146,Questa Solar Facility,NM,61454.93279288228
2029,1,p31,Northeastern New Mexico Regional Landfill,403178,"RC Energy AA, LLC Solar Facility",NM,101300.28332395037
2029,1,p31,Northeastern New Mexico Regional Landfill,401566,Rio Communities Solar Energy Center,NM,14057.85532497383
2029,1,p31,Northeastern New Mexico Regional Landfill,403084,Rio De Oro Solar Energy Center,NM,13774.564985332661
2029,1,p31,Northeastern New Mexico Regional Landfill,400624,Rio Rancho High School,NM,102815.72143869995
2029,1,p31,City of Clovis Landfill,400135,Roadrunner Solar,NM,9838.980953226248
2029,1,p31,Northeastern New Mexico Regional Landfill,404648,"Route 66 Energy Center, LLC",NM,2990.8084310241825
2029,1,p31,Northeastern New Mexico Regional Landfill,403387,San Miguel I Solar Energy Center,NM,3983.5238672795513
2029,1,p31,Northeastern New Mexico Regional Landfill,405458,San Miguel II Solar Energy Center,NM,5277.788413550834
2029,1,p31,Northeastern New Mexico Regional Landfill,401161,Sandoval Solar Energy Center,NM,20012.894255630625
2029,1,p31,Northeastern New Mexico Regional Landfill,401564,Santa Fe Solar Energy Center,NM,9692.362164711392
2029,1,p31,Northeastern New Mexico Regional Landfill,401565,Santolina Solar Energy Center,NM,12650.977717411066
2029,1,p31,Apache Junction Landfill,400596,Silver City WWTP PV Project,NM,159717.35140862156
2029,1,p31,Northeastern New Mexico Regional Landfill,406343,Sky Ranch Solar,NM,765.7572932414154
2029,1,p31,Northeastern New Mexico Regional Landfill,401563,South Valley Solar Energy Center,NM,14630.144068515783
2029,1,p31,Northeastern New Mexico Regional Landfill,401162,Springer Solar 1,NM,24350.327996834436
2029,1,p31,Northeastern New Mexico Regional Landfill,400735,Storrie Lake Solar Project,NM,25719.42696544074
2029,1,p31,Northeastern New Mexico Regional Landfill,400623,Sue Cleveland High School,NM,129195.94477263857
2029,1,p31,City of Clovis Landfill,400343,"SunE EPE1, LLC",NM,20003.38086326186
2029,1,p31,City of Clovis Landfill,400342,"SunE EPE2, LLC",NM,16042.552895508476
2029,1,p31,Northeastern New Mexico Regional Landfill,402854,Syncarpha Eagle Nest,NM,47490.09036453974
2029,1,p31,Northeastern New Mexico Regional Landfill,403412,Syncarpha El Rito,NM,43852.36459378779
2029,1,p31,Northeastern New Mexico Regional Landfill,403413,Syncarpha Questa,NM,35971.914153682126
2029,1,p31,Northeastern New Mexico Regional Landfill,403411,Syncarpha Taos,NM,15267.805984940966
2029,1,p31,Northeastern New Mexico Regional Landfill,404618,Taos Mesa Energy Facility Hybrid,NM,3207.8889494426157
2029,1,p31,Northeastern New Mexico Regional Landfill,403011,Vista Solar Energy Center,NM,11962.571994224167
2029,1,p31,City of Clovis Landfill,400354,WSMR I,NM,46963.89859888798
2029,1,p31,Apache Junction Landfill,405245,Wal-Mart Truth or Consequences PV,NM,202483.56278035312
2029,1,p47,City of Clovis Landfill,400979,"Caprock Solar 1, LLC",NM,1618.0260730568436
2029,1,p47,City of Clovis Landfill,404980,Chaves County Solar II,NM,2148.2985185398506
2029,1,p47,City of Clovis Landfill,401681,"Chaves Solar, LLC",NM,1534.6062943639345
2029,1,p47,City of Clovis Landfill,400614,GSE NM1,NM,52592.72582333867
2029,1,p47,City of Clovis Landfill,404982,Hayhurst New Mexico Solar,NM,7936.047242093739
2029,1,p47,City of Clovis Landfill,402530,Middle Daisy,NM,18260.851483713952
2029,1,p47,City of Clovis Landfill,401682,"Roswell Solar, LLC",NM,1032.1266332905184
2029,1,p47,City of Clovis Landfill,400546,SEV NM Phase 2,NM,82567.68667291309
2029,1,p47,City of Clovis Landfill,400260,SPS1 Dollarhide,NM,14697.02321345109
2029,1,p47,City of Clovis Landfill,400261,SPS2 Jal,NM,11151.617390597547
2029,1,p47,City of Clovis Landfill,400262,SPS3 Lea,NM,12715.286735982501
2029,1,p47,City of Clovis Landfill,400264,SPS5 Hopi,NM,12690.964074528974
2029,1,p47,City of Clovis Landfill,404698,SoCore Clovis 1,NM,1844.1752537281268
2029,1,p48,City of Clovis Landfill,406439,"BESSP1, LLC",TX,4056.134097012379
2029,1,p48,City of Clovis Landfill,405590,"Hecate Energy Frye Solar, LLC",TX,146.36789298890798
2029,1,p57,Victoria Landfill,404918,"Hecate Energy Upshur Rural, LLC",TX,14605.007623440848
2029,1,p59,City of Clovis Landfill,402666,Fort Bliss (DEA EPIC),TX,32914.42621134216
2029,1,p59,City of Clovis Landfill,401616,Montana Solar Facility,TX,25002.972952330914
2029,1,p59,City of Clovis Landfill,401045,Newman Solar,TX,7262.983706572892
2029,1,p60,City of Clovis Landfill,403962,"ANSON Solar Center, LLC",TX,629.5510915592487
2029,1,p60,City of Clovis Landfill,403883,Azure Sky Solar,TX,772.6953601667783
2029,1,p60,City of Clovis Landfill,403232,"ENGIE Long Draw Solar, LLC",TX,338.1639426799873
2029,1,p60,City of Clovis Landfill,406252,Highpeak Solar 1,TX,8564.076712734328
2029,1,p60,City of Clovis Landfill,402721,Holstein 1 Solar Farm,TX,881.8858330363797
2029,1,p60,City of Clovis Landfill,405492,Juno Solar Project,TX,320.51454968499473
2029,1,p60,City of Clovis Landfill,402541,Lamesa II,TX,1784.1252104836128
2029,1,p60,City of Clovis Landfill,401660,Lamesa Solar,TX,1016.4882755158367
2029,1,p60,City of Clovis Landfill,405932,Lumina II Solar Project,TX,281.6816901387417
2029,1,p60,City of Clovis Landfill,405933,Lumina Solar Project,TX,336.2016597899016
2029,1,p60,City of Clovis Landfill,402909,Misae Solar,TX,422.2970396696268
2029,1,p60,City of Clovis Landfill,400968,"OCI Alamo 7, LLC",TX,1384.8173419891593
2029,1,p60,City of Clovis Landfill,405939,Texas Solar Nova 1,TX,387.38150907932504
2029,1,p61,City of Clovis Landfill,400967,Alamo 6,TX,780.4691101457396
2029,1,p61,City of Clovis Landfill,403557,Aragorn Solar Project,TX,306.48752748183256
2029,1,p61,City of Clovis Landfill,400691,Barilla Solar,TX,2403.3633646611916
2029,1,p61,City of Clovis Landfill,401946,Bluebell Solar,TX,2589.216835360406
2029,1,p61,City of Clovis Landfill,403574,Bluebell Solar II,TX,684.1476140475983
2029,1,p61,City of Clovis Landfill,400554,"Bryan Solar, LLC",TX,8896.266132665809
2029,1,p61,City of Clovis Landfill,401463,Buckthorn Westex,TX,642.3835634551517
2029,1,p61,City of Clovis Landfill,401703,East Pecos Solar,TX,715.4380503273228
2029,1,p61,Victoria Landfill,405363,Galloway 1 Solar Farm,TX,2252.1533606066782
2029,1,p61,City of Clovis Landfill,405363,Galloway 1 Solar Farm,TX,409.69341673801046
2029,1,p61,City of Clovis Landfill,405494,Galloway 2 Solar Farm,TX,606.8781113456328
2029,1,p61,City of Clovis Landfill,403210,Greasewood,TX,570.5067524867547
2029,1,p61,City of Clovis Landfill,406370,Hayhurst Texas Solar,TX,1760.7233315174076
2029,1,p61,City of Clovis Landfill,402304,Midway Solar-TX,TX,414.1897343759994
2029,1,p61,Victoria Landfill,400695,"OCI Alamo 4, LLC",TX,1958.29820817667
2029,1,p61,City of Clovis Landfill,401868,Pearl Solar,TX,1450.261204404529
2029,1,p61,City of Clovis Landfill,402290,RE Maplewood,TX,523.8710916533719
2029,1,p61,City of Clovis Landfill,401430,RE Roserock,TX,648.3104632338554
2029,1,p61,City of Clovis Landfill,402848,Rambler,TX,387.3098915320414
2029,1,p61,City of Clovis Landfill,402083,Solaire Holman Solar Project,TX,1286.9694557398739
2029,1,p61,City of Clovis Landfill,403023,"Taygete Energy Project, LLC",TX,624.8694830042293
2029,1,p61,City of Clovis Landfill,404647,Taygete II Energy Project,TX,346.0341391665911
2029,1,p61,City of Clovis Landfill,403551,Titan Solar Project,TX,424.0192014321621
2029,1,p61,Victoria Landfill,406103,Zier Solar,TX,384.56374404998536
2029,1,p62,City of Clovis Landfill,403502,2W Permian Solar Project Hybrid,TX,436.3401197177961
2029,1,p62,City of Clovis Landfill,403697,CED Crane Solar,TX,510.00457575097334
2029,1,p62,City of Clovis Landfill,401525,Castle Gap Solar Hybrid,TX,574.7642488320805
2029,1,p62,City of Clovis Landfill,404599,Emerald Grove,TX,664.6498131639146
2029,1,p62,City of Clovis Landfill,403004,Lapetus,TX,541.006287992993
2029,1,p62,City of Clovis Landfill,403280,Oberon IA,TX,581.0829785363082
2029,1,p62,City of Clovis Landfill,403279,Oberon IB,TX,2445.9996456034564
2029,1,p62,City of Clovis Landfill,403602,Oxy Renewable Energy-Goldsmith,TX,3399.106713576329
2029,1,p62,City of Clovis Landfill,402679,Phoebe Solar,TX,291.5994708031322
2029,1,p62,City of Clovis Landfill,403177,Prospero Solar,TX,275.9904083715598
2029,1,p62,City of Clovis Landfill,404128,Prospero Solar II,TX,415.7133673215739
2029,1,p62,City of Clovis Landfill,403070,"Roadrunner, LLC",TX,444.9299263819534
2029,1,p62,City of Clovis Landfill,401805,Upton County Solar,TX,976.4992115790824
2029,1,p62,City of Clovis Landfill,402995,West of the Pecos Solar,TX,812.7620221427546
2029,1,p63,Victoria Landfill,405599,"BPL Crown Solar, LLC",TX,1117.572243664518
2029,1,p63,Victoria Landfill,404966,BPL Files Solar,TX,1249.3226241994878
2029,1,p63,Victoria Landfill,403825,Briar Creek Solar 1,TX,1130.0825926259424
2029,1,p63,Victoria Landfill,402610,Chisum,TX,41016.54156480285
2029,1,p63,Victoria Landfill,401697,CoServ Community Solar Station,TX,245040.07186675988
2029,1,p63,Victoria Landfill,403188,Coniglio Solar,TX,2125.2888891464477
2029,1,p63,Victoria Landfill,406415,Dileo Solar,TX,1468.6562736596222
2029,1,p63,Victoria Landfill,402655,Eddy II,TX,12067.328566201944
2029,1,p63,Victoria Landfill,406221,Eiffel Solar Project,TX,811.8939354606
2029,1,p63,Victoria Landfill,405540,"Ellis Solar, LLC",TX,2584.8654200041647
2029,1,p63,Victoria Landfill,403823,Elm Branch Solar 1,TX,1115.823176612309
2029,1,p63,Victoria Landfill,406206,Five Wells Solar Center - Hybrid,TX,410.9449908452932
2029,1,p63,Victoria Landfill,404567,G.S.E. One LLC,TX,2147.870794283094
2029,1,p63,Victoria Landfill,403288,Griffin Solar,TX,17940.745016218953
2029,1,p63,Victoria Landfill,406202,Grizzly Ridge Solar,TX,1362.4524167714546
2029,1,p63,Victoria Landfill,405319,IKEA Grand Prairie Rooftop PV System,TX,534983.7730732302
2029,1,p63,Victoria Landfill,405689,"IP Radian, LLC",TX,448.853622653517
2029,1,p63,Victoria Landfill,403481,Impact Solar 1,TX,1051.6636405493707
2029,1,p63,Victoria Landfill,403190,Kellam Solar,TX,2397.1451112155173
2029,1,p63,Victoria Landfill,402421,Leon Solar,TX,36219.386868359485
2029,1,p63,Victoria Landfill,403874,Lily Solar Hybrid,TX,1119.4464541813486
2029,1,p63,Victoria Landfill,402404,Marlin Solar,TX,22490.563389392348
2029,1,p63,Victoria Landfill,405794,Noble Solar,TX,832.2322037420495
2029,1,p63,Victoria Landfill,401933,Phantom Solar,TX,5978.485264953963
2029,1,p63,Victoria Landfill,404872,"Pisgah Ridge Solar, LLC",TX,517.5822053782816
2029,1,p63,Victoria Landfill,406416,Pitts Dudik Solar,TX,2359.3505260242628
2029,1,p63,Victoria Landfill,403189,Rippey Solar,TX,2962.2007702457004
2029,1,p63,Victoria Landfill,404630,"Samson Solar Energy III, LLC",TX,966.5866581892349
2029,1,p63,Victoria Landfill,402652,Sterling Solar (TX),TX,48398.85241392276
2029,1,p63,Victoria Landfill,404812,Sun Valley Solar Project,TX,510.7331955698617
2029,1,p63,Victoria Landfill,404388,"TPE Erath Solar, LLC",TX,12201.640078518507
2029,1,p63,Victoria Landfill,403457,"TPE Whitney Solar, LLC",TX,13912.808793175715
2029,1,p63,Victoria Landfill,405361,Toyota HQ Plan,TX,183166.88899142866
2029,1,p63,Victoria Landfill,405984,Waco Solar,TX,597.1722303330945
2029,1,p63,Victoria Landfill,402306,Walnut Springs Solar,TX,31859.21691997542
2029,1,p63,Victoria Landfill,402497,West Moore Solar II,TX,158417.71288495976
2029,1,p63,Victoria Landfill,402330,Whitesboro Solar,TX,316319.0173788801
2029,1,p63,Victoria Landfill,402414,Whitewright Solar,TX,17287.87910387495
2029,1,p63,Victoria Landfill,402654,Yellow Jacket,TX,26574.97134746472
2029,1,p64,Victoria Landfill,405731,Austin TX GigaFactory,TX,20449.56586287676
2029,1,p64,Victoria Landfill,402203,Bandera Electric Coop PV,TX,38018.9017902414
2029,1,p64,Victoria Landfill,404721,"Blue Jay Solar I, LLC",TX,329.6947642901662
2029,1,p64,Victoria Landfill,402648,Bovine,TX,2851.3457707103926
2029,1,p64,Victoria Landfill,402389,"E-Volve Energy Holdings, LLC",TX,27292.602352145583
2029,1,p64,Victoria Landfill,400227,East Blackland Solar Project 1,TX,390.35100391142026
2029,1,p64,Victoria Landfill,405101,IKEA Round Rock 027,TX,33459.15475919372
2029,1,p64,Victoria Landfill,402653,Lampwick,TX,11218.487554733443
2029,1,p64,Victoria Landfill,405613,Niagara Bottling - Seguin,TX,7072.914388309206
2029,1,p64,Victoria Landfill,402544,PowerFin Kingsbery,TX,14027.7669528851
2029,1,p64,Victoria Landfill,400249,Webberville Solar Project,TX,1501.1117742617148
2029,1,p65,Victoria Landfill,405700,Aktina Solar,TX,762.1945147329507
2029,1,p65,Victoria Landfill,404074,"Alexis Solar, LLC",TX,78886.4501037887
2029,1,p65,Victoria Landfill,405727,Bernard Creek Solar,TX,2645.501160632562
2029,1,p65,Victoria Landfill,400081,Blue Wing Solar Energy Generation,TX,36157.12919829852
2029,1,p65,Victoria Landfill,405477,Brightside,TX,8429.602155879258
2029,1,p65,Victoria Landfill,401728,CPS 1 Community Solar,TX,581625.779775142
2029,1,p65,Victoria Landfill,402656,Cascade Solar (TX),TX,45872.48139423799
2029,1,p65,Victoria Landfill,403987,Catan Solar,TX,24954.67178978487
2029,1,p65,Victoria Landfill,403091,Commerce Solar,TX,115876.61937209187
2029,1,p65,Victoria Landfill,404247,"Corazon Energy, LLC",TX,4052.551257652062
2029,1,p65,Victoria Landfill,404062,Elara Solar,TX,5364.1663000409235
2029,1,p65,Victoria Landfill,404359,FELPS 1-Calaveras,TX,497568.88853379793
2029,1,p65,Victoria Landfill,404361,FELPS 2-Calaveras,TX,640184.9817278194
2029,1,p65,Victoria Landfill,404362,FELPS 3-Floresville South,TX,395154.14114950766
2029,1,p65,Victoria Landfill,404363,FELPS 4-Floresville South,TX,395213.2073105197
2029,1,p65,Victoria Landfill,404364,FELPS 5-Floresville South,TX,395317.4907787925
2029,1,p65,Victoria Landfill,404739,FELPS 6- Floresville West,TX,466943.2404008986
2029,1,p65,Victoria Landfill,404740,FELPS 7- Floresville West,TX,466871.8302802507
2029,1,p65,Victoria Landfill,406516,Ganado Solar,TX,1430.1203848708867
2029,1,p65,Victoria Landfill,405801,Horizon Solar,TX,3818.954954652643
2029,1,p65,Victoria Landfill,405380,IKEA Live Oak Rooftop PV System,TX,389627.4204849374
2029,1,p65,Victoria Landfill,403343,Mars Solar,TX,92209.7681087374
2029,1,p65,Victoria Landfill,404877,Nebula Solar,TX,7833.935332902338
2029,1,p65,Victoria Landfill,400694,"OCI Alamo 2, LLC",TX,145019.9286867285
2029,1,p65,Victoria Landfill,400965,"OCI Alamo 3, LLC",TX,101759.65245712582
2029,1,p65,Victoria Landfill,400966,"OCI Alamo 5, LLC",TX,13153.969129378704
2029,1,p65,Victoria Landfill,400593,OCI Alamo Solar I Hybrid,TX,17928.457355920782
2029,1,p65,Victoria Landfill,405809,Shakes Solar,TX,4856.483079067534
2029,1,p65,Victoria Landfill,405545,Sparta Solar,TX,1503.689186152884
2029,1,p65,Victoria Landfill,400379,"SunE CPS1, LLC",TX,62862.76885695931
2029,1,p65,Victoria Landfill,400364,"SunE CPS2, LLC",TX,56126.17009443379
2029,1,p65,Victoria Landfill,400353,"SunE CPS3, LLC",TX,76606.41468937312
2029,1,p65,Victoria Landfill,406032,Tres Bahias,TX,855.3751476043851
2029,1,p65,Victoria Landfill,404878,Vancourt Solar Interconnections,TX,20914.535421127362
2029,1,p66,Victoria Landfill,406386,Umbriel Solar,TX,2320.5689213088453
2029,1,p67,Victoria Landfill,404939,Brazoria County Solar Project (Danciger),TX,341.9811176559254
2029,1,p67,Victoria Landfill,404681,Brazoria West,TX,306.8816223681252
2029,1,p67,Victoria Landfill,402649,Bronson,TX,4855.770157406737
2029,1,p67,Victoria Landfill,406178,"Cutlass Solar 1, LLC",TX,519.8349913433037
2029,1,p67,Victoria Landfill,404587,Fighting Jays Solar Project,TX,332.3199367053673
2029,1,p67,Victoria Landfill,405564,"Fort Bend Solar, LLC",TX,282.7970209847958
2029,1,p67,Victoria Landfill,404853,"Longbow Solar, LLC",TX,1154.5732500034496
2029,1,p67,Victoria Landfill,403514,Wagyu,TX,522.1174052328016
2029,2,p12,Apex Regional Landfill,402144,Battle Mountain Solar Project,NV,626.1342384314503
2029,2,p12,Apex Regional Landfill,405553,Dodge Flat,NV,1366.4618028480845
2029,2,p12,Apex Regional Landfill,402609,"EGP Stillwater Solar PV II, LLC",NV,2676.934015103882
2029,2,p12,Apex Regional Landfill,404659,Fish Springs,NV,1241.8534150340965
2029,2,p12,Apex Regional Landfill,401086,Ft. Churchill PV,NV,6636.497575672154
2029,2,p12,Apex Regional Landfill,402130,Luning Energy,NV,877.8893123177887
2029,2,p12,Apex Regional Landfill,403107,NVSS-II,NV,599.1583304894168
2029,2,p12,Apex Regional Landfill,400468,"Patua Acquisition Project, LLC",NV,6002.985136550021
2029,2,p12,Apex Regional Landfill,405023,Steamboat II,NV,96692.32502255926
2029,2,p12,Apex Regional Landfill,400029,Stillwater Facility,NV,2461.5104636311685
2029,2,p12,Apex Regional Landfill,401318,Sunshine Valley Solar,NV,193.39929093466483
2029,2,p12,Apex Regional Landfill,405026,TS Power Plant,NV,623.1894192420234
2029,2,p12,Apex Regional Landfill,405576,Tesla Reno GigaFactory,NV,13071.321688388409
2029,2,p12,Apex Regional Landfill,401943,Tungsten Mountain,NV,6767.9632264036945
2029,2,p12,Apex Regional Landfill,403308,Turquoise Liberty Solar,NV,8905.437715651427
2029,2,p12,Apex Regional Landfill,403884,"Turquoise Nevada, LLC",NV,1998.6950801301432
2029,2,p12,Apex Regional Landfill,400035,Western 102 Power Plant,NV,529327.4584060449
2029,2,p13,Apex Regional Landfill,400555,Apex Solar PV Power Project,NV,390.0631717644341
2029,2,p13,Apex Regional Landfill,405385,Arrow Canyon Solar Hybrid,NV,279.19689021102624
2029,2,p13,Apex Regional Landfill,402017,"Boulder Solar II, LLC",NV,185.47097205707232
2029,2,p13,Apex Regional Landfill,401649,"Boulder Solar Power, LLC",NV,124.94192429225768
2029,2,p13,Apex Regional Landfill,400059,CM10,NV,1008.3093398652971
2029,2,p13,Apex Regional Landfill,400086,CM48,NV,229.48550912835185
2029,2,p13,Apex Regional Landfill,400363,Copper Mountain Solar 2,NV,104.7195824835941
2029,2,p13,Apex Regional Landfill,400802,Copper Mountain Solar 3,NV,95.67428838868244
2029,2,p13,Apex Regional Landfill,401308,"Copper Mountain Solar 4, LLC",NV,131.77327744083684
2029,2,p13,Apex Regional Landfill,403688,"Copper Mountain Solar 5, LLC",NV,120.66525792185723
2029,2,p13,Apex Regional Landfill,405358,Dignity - San Martin,NV,2792.5277808044
2029,2,p13,Apex Regional Landfill,405355,Dignity - Siena Campus,NV,2174.8778494703715
2029,2,p13,Apex Regional Landfill,405556,Dry Lake Solar Energy Center,NV,113.41313738753814
2029,2,p13,Apex Regional Landfill,405495,Gemini Solar,NV,97.8362647886743
2029,2,p13,Apex Regional Landfill,403386,"Harry Allen Solar Energy, LLC",NV,113.23268851586184
2029,2,p13,Apex Regional Landfill,406090,IGS LAS1,NV,6459.953416855312
2029,2,p13,Apex Regional Landfill,406089,IGS VGT,NV,3875.817177873905
2029,2,p13,Apex Regional Landfill,405309,IKEA Las Vegas 462,NV,4739.569961605158
2029,2,p13,Apex Regional Landfill,400545,Las Vegas WPCF Solar Plant,NV,527.7978436099966
2029,2,p13,Apex Regional Landfill,400313,Moapa Southern Paiute,NV,134.75462395912314
2029,2,p13,Apex Regional Landfill,400600,Mountain View Solar,NV,438.0321681490888
2029,2,p13,Apex Regional Landfill,400036,Nellis Air Force Base Solar Array,NV,296.15141816406464
2029,2,p13,Apex Regional Landfill,401381,Nellis Solar PV II,NV,149.05162629516806
2029,2,p13,Apex Regional Landfill,401319,"Playa Solar 1, LLC",NV,146.15216287860156
2029,2,p13,Apex Regional Landfill,401596,Playa Solar 2,NV,111.54871692078325
2029,2,p13,Apex Regional Landfill,401274,River Mountains Solar,NV,383.99749063942915
2029,2,p13,Mohave Valley Landfill,401042,Searchlight Solar,NV,1011.289720810101
2029,2,p13,Apex Regional Landfill,400166,Silver State Solar Power North,NV,490.0152170533127
2029,2,p13,Apex Regional Landfill,400658,Silver State Solar Power South,NV,107.81033719264914
2029,2,p13,Apex Regional Landfill,405246,"Solar Las Vegas MB 2, LLC",NV,1297.268640434617
2029,2,p13,Apex Regional Landfill,405188,Solar Las Vegas MB-1,NV,484.0846249412381
2029,2,p13,Apex Regional Landfill,400556,Spectrum Solar PV Power Project,NV,190.37289319266472
2029,2,p13,Apex Regional Landfill,402485,"Techren Solar I, LLC",NV,131.13498506741854
2029,2,p13,Apex Regional Landfill,402690,"Techren Solar II, LLC",NV,81.013147678012
2029,2,p13,Apex Regional Landfill,402691,"Techren Solar III, LLC",NV,344.3667117237163
2029,2,p13,Apex Regional Landfill,402692,"Techren Solar IV, LLC",NV,316.13841808240556
2029,2,p13,Apex Regional Landfill,403001,Techren Solar V,NV,168.43273104401692
2029,2,p13,Apex Regional Landfill,401851,Townsite Solar Project Hybrid,NV,84.57194469216087
2029,2,p13,Apex Regional Landfill,406448,Yellow Pine II,NV,244.27941221343397
2029,2,p13,Apex Regional Landfill,404971,Yellow Pine Solar,NV,252.2980720602711
2029,2,p27,Mohave Valley Landfill,400374,"Black Mountain Solar, LLC",AZ,293.8090976727299
2029,2,p27,Mohave Valley Landfill,402236,Gray Hawk Solar,AZ,108.4806033555056
2029,2,p27,Mohave Valley Landfill,401819,Jacobson 5 MW Solar,AZ,581.3687381122783
2029,2,p27,Mohave Valley Landfill,400199,La Senita,AZ,2299.420051025199
2029,2,p27,Mohave Valley Landfill,403718,Mohave Electric Cooperative at Joy Lane,AZ,78.82738619430454
2029,2,p27,Mohave Valley Landfill,401311,Mohave Electric at Fort Mohave,AZ,97.65224904729524
2029,2,p27,Mohave Valley Landfill,406478,Mohave Energy - Hybrid,AZ,51.18262140192911
2029,2,p28,Apache Junction Landfill,405418,AZ State University - Tempe Campus Solar,AZ,3986.299533001711
2029,2,p28,South Yuma County Landfill,400148,Agua Caliente Solar Project,AZ,175.19492335478233
2029,2,p28,Apache Junction Landfill,402067,Apache Solar 1,AZ,2369.5549401193935
2029,2,p28,South Yuma County Landfill,400274,Arizona Western College PV,AZ,627.9434265009885
2029,2,p28,Apache Junction Landfill,400240,Arlington Valley Solar Energy II,AZ,230.3195839198553
2029,2,p28,Apache Junction Landfill,400437,Badger 1,AZ,1633.0046969705857
2029,2,p28,Apache Junction Landfill,401688,Bonnybrooke PV,AZ,218.44891216427067
2029,2,p28,Apache Junction Landfill,400371,Buckeye Union HS District 201,AZ,5238.460159946708
2029,2,p28,Apache Junction Landfill,405635,"Central Line Solar, LLC",AZ,219.10317813007399
2029,2,p28,Apache Junction Landfill,400201,Chino Solar Valley,AZ,2709.6047296098955
2029,2,p28,Apache Junction Landfill,400202,Cotton Center Solar Hybrid,AZ,1201.4265759924697
2029,2,p28,Apache Junction Landfill,401069,Desert Star Hybrid,AZ,3450.229198852903
2029,2,p28,Apache Junction Landfill,403257,East Line Solar,AZ,174.4995811451086
2029,2,p28,Apache Junction Landfill,406171,Eleven Mile Solar Center,AZ,128.27260103286358
2029,2,p28,Apache Junction Landfill,405244,Estrella Mountain PV,AZ,7581.903387161506
2029,2,p28,South Yuma County Landfill,400349,Foothills Solar Plant Hybrid,AZ,135.91617344254152
2029,2,p28,Apache Junction Landfill,400825,Fort Huachuca Solar PV Project,AZ,2924.468982159577
2029,2,p28,Apache Junction Landfill,400845,Gila Bend Hybrid,AZ,784.9822683231952
2029,2,p28,Apache Junction Landfill,400599,"Gilbert Solar Facility I, LLC",AZ,2033.4239732022322
2029,2,p28,South Yuma County Landfill,400507,Hyder II Hybrid,AZ,1647.7497135833705
2029,2,p28,South Yuma County Landfill,400204,Hyder Solar Hybrid,AZ,1812.4814874799654
2029,2,p28,Apache Junction Landfill,405282,Intel - Ocotillo Campus Solar,AZ,1695.1375810657262
2029,2,p28,Apache Junction Landfill,405125,Jewish Community Center PV,AZ,10345.473704853319
2029,2,p28,Apache Junction Landfill,402234,Kayenta Solar Project,AZ,1456.7406706988043
2029,2,p28,Apache Junction Landfill,400595,Lake Pleasant WTP,AZ,2486.0079037317278
2029,2,p28,Apache Junction Landfill,400128,Luke Solar,AZ,1638.7363398687273
2029,2,p28,Apache Junction Landfill,405068,Macys Goodyear,AZ,5888.026456711131
2029,2,p28,South Yuma County Landfill,406279,McFarland A Solar and Storage,AZ,148.773231502336
2029,2,p28,Apache Junction Landfill,405617,Mesa Carport PV,AZ,312.2613017508762
2029,2,p28,Apache Junction Landfill,404512,Mesa Solar Array,AZ,390.18518736434197
2029,2,p28,Apache Junction Landfill,400250,Mesquite Solar 1,AZ,380.8305919852779
2029,2,p28,Apache Junction Landfill,401621,"Mesquite Solar 2, LLC",AZ,272.6106396953398
2029,2,p28,Apache Junction Landfill,401622,"Mesquite Solar 3, LLC",AZ,214.07448363947063
2029,2,p28,Apache Junction Landfill,406038,"Mesquite Solar 4, LLC",AZ,479.4249752131278
2029,2,p28,Apache Junction Landfill,404922,"Mesquite Solar 5, LLC",AZ,465.68370821599854
2029,2,p28,Mohave Valley Landfill,403572,OE_AZ1,AZ,1119.457637975699
2029,2,p28,Apache Junction Landfill,400203,Paloma Solar Hybrid,AZ,1649.5833088058093
2029,2,p28,Apache Junction Landfill,405126,Paradise Valley H.S. PV,AZ,10334.877190644806
2029,2,p28,Apache Junction Landfill,405150,Phoenix Airport East Economy Lot,AZ,9806.92691678159
2029,2,p28,Apache Junction Landfill,405151,Phoenix Airport Rental Car Center,AZ,7635.306457603922
2029,2,p28,Apache Junction Landfill,402528,Pinal Central Energy Center Hybrid,AZ,528.2765672026565
2029,2,p28,Apache Junction Landfill,400125,"Poseidon Solar, LLC",AZ,277.43464486980247
2029,2,p28,Apache Junction Landfill,400031,Prescott Airport,AZ,12280.415415168936
2029,2,p28,Apache Junction Landfill,400401,Prescott Solar Plant,AZ,4107.445215948623
2029,2,p28,Apache Junction Landfill,400323,Queen Creek Solar Farm,AZ,170.618186613917
2029,2,p28,Mohave Valley Landfill,400289,"RE Bagdad Solar I, LLC",AZ,1966.1671221514694
2029,2,p28,Apache Junction Landfill,405132,"RE Gillespie 1, LLC",AZ,1479.712317628538
2029,2,p28,Apache Junction Landfill,400758,Red Horse 2,AZ,617.0125701954339
2029,2,p28,Apache Junction Landfill,401609,Red Horse III,AZ,1089.2102432108404
2029,2,p28,Apache Junction Landfill,401726,Red Rock,AZ,458.07032569996284
2029,2,p28,Apache Junction Landfill,406380,SR McNeal,AZ,2961.7264286042755
2029,2,p28,Apache Junction Landfill,400416,Saddle Mountain Solar I,AZ,1851.0300632446424
2029,2,p28,Apache Junction Landfill,403674,Saint Solar,AZ,190.0990700124888
2029,2,p28,Apache Junction Landfill,401214,Sandstone Solar,AZ,227.19130351676824
2029,2,p28,Apache Junction Landfill,405029,Solana Generating Station,AZ,271.12453952124156
2029,2,p28,Apache Junction Landfill,406275,Sonoran Solar Energy,AZ,131.5596017732823
2029,2,p28,Apache Junction Landfill,406034,Storey Solar and Storage,AZ,131.3874504619915
2029,2,p28,Apache Junction Landfill,401664,Sulphur Springs,AZ,1841.6351898505566
2029,2,p28,Apache Junction Landfill,403643,Sun Streams 2,AZ,202.5111327268643
2029,2,p28,Apache Junction Landfill,406517,Sun Streams 3,AZ,153.983366627828
2029,2,p28,Apache Junction Landfill,401975,"Sun Streams, LLC",AZ,316.8685111681307
2029,2,p28,Apache Junction Landfill,405311,T0588 Phoenix - AZ,AZ,13512.31924072921
2029,2,p28,Apache Junction Landfill,405134,Union HS at Casa Grande,AZ,6362.909971653004
2029,2,p28,Apache Junction Landfill,405135,Vista Grande HS at Casa Grande,AZ,7819.681953297037
2029,2,p28,Apache Junction Landfill,400334,Walmart Casa Grande,AZ,5315.996029857217
2029,2,p28,Apache Junction Landfill,406098,"West Line Solar, LLC",AZ,196.1096769803331
2029,2,p29,Apache Junction Landfill,400014,Springerville,AZ,1398.6736581181663
2029,2,p30,Apache Junction Landfill,405143,Actus Lend Lease DMAFB,AZ,5989.599449526758
2029,2,p30,Apache Junction Landfill,405611,Amazon TUS2,AZ,8333.469341568953
2029,2,p30,Apache Junction Landfill,405268,Amphitheater High School Solar,AZ,13194.2908507035
2029,2,p30,Apache Junction Landfill,400939,Avalon Solar,AZ,817.5384014579513
2029,2,p30,Apache Junction Landfill,401479,Avalon Solar II,AZ,1259.759467094815
2029,2,p30,Apache Junction Landfill,400226,Avra Valley Solar,AZ,574.9683478951252
2029,2,p30,Apache Junction Landfill,404704,Broadway 2 - Tucson Phase II,AZ,6068.169860819361
2029,2,p30,Apache Junction Landfill,405768,Broadway 3 - Tucson Phase I,AZ,12655.114459362567
2029,2,p30,Apache Junction Landfill,405269,Canyon Del Oro High School Solar,AZ,3477.248942493267
2029,2,p30,Apache Junction Landfill,400757,Cogenra-TEP,AZ,15497.197420909413
2029,2,p30,Apache Junction Landfill,401295,Davis Monthan AFB (AZ) West Airfield,AZ,1683.352461074483
2029,2,p30,Apache Junction Landfill,400330,FRB Solar Farm,AZ,8128.816407264264
2029,2,p30,Apache Junction Landfill,400761,"Gato Montes Solar, LLC",AZ,3896.9464495413386
2029,2,p30,Apache Junction Landfill,404536,Iron Horse Battery Storage Hybrid,AZ,9690.162266950903
2029,2,p30,Apache Junction Landfill,400552,"Picture Rocks Solar, LLC",AZ,1931.4928858546673
2029,2,p30,Apache Junction Landfill,405374,Pima Community College,AZ,19287.12906774436
2029,2,p30,Apache Junction Landfill,405303,Pima Community College - East Campus,AZ,11085.943962337073
2029,2,p30,Apache Junction Landfill,405516,Pima Community College NW,AZ,11787.980108060197
2029,2,p30,Apache Junction Landfill,400408,Prairie Fire,AZ,4288.968647998676
2029,2,p30,Apache Junction Landfill,400290,"RE Ajo 1, LLC",AZ,3676.1101378989893
2029,2,p30,Apache Junction Landfill,404926,Raptor Ridge,AZ,1228.624673091185
2029,2,p30,Apache Junction Landfill,400857,Rio Rico Solar,AZ,7108.87654433762
2029,2,p30,Apache Junction Landfill,400193,Roger Road WWTP,AZ,14199.657558897643
2029,2,p30,Apache Junction Landfill,401076,Tech Park Solar,AZ,3833.280651379156
2029,2,p30,Apache Junction Landfill,400156,UASTP I,AZ,14382.793901371657
2029,2,p30,Apache Junction Landfill,401075,Valencia Solar,AZ,2388.15530359462
2029,2,p30,Apache Junction Landfill,404187,"Wilmot Energy Center, LLC",AZ,198.58832349979966
2029,2,p31,City of Clovis Landfill,400211,Alamogordo Solar Energy Center,NM,16727.049457295063
2029,2,p31,Northeastern New Mexico Regional Landfill,400206,Albuquerque Solar Energy Center,NM,44400.22518336314
2029,2,p31,Northeastern New Mexico Regional Landfill,403675,Alcalde Solar Array,NM,13463.413962654564
2029,2,p31,Apache Junction Landfill,401595,Alta Luna,NM,3686.1235441943145
2029,2,p31,Northeastern New Mexico Regional Landfill,404724,Angel Fire Energy Facility,NM,1765.0390112852551
2029,2,p31,Northeastern New Mexico Regional Landfill,405469,Arroyo Solar Energy Storage Hybrid,NM,360.90404748966813
2029,2,p31,Northeastern New Mexico Regional Landfill,403321,Bluewater CDEC 1,NM,34089.26863229088
2029,2,p31,Northeastern New Mexico Regional Landfill,403736,Britton Solar Energy Center,NM,963.0645058028309
2029,2,p31,City of Clovis Landfill,404981,Buena Vista Energy Center,NM,872.2033685968751
2029,2,p31,Northeastern New Mexico Regional Landfill,402876,CNMEC Solar Energy Center,NM,25404.019817804492
2029,2,p31,City of Clovis Landfill,402519,Carrizozo Solar,NM,44284.69873035265
2029,2,p31,Northeastern New Mexico Regional Landfill,401202,Cibola,NM,12420.244745672218
2029,2,p31,Northeastern New Mexico Regional Landfill,400104,Cimarron Solar Facility,NM,383.3865611785259
2029,2,p31,Apache Junction Landfill,402988,City of Gallup Solar,NM,19125.591201158204
2029,2,p31,Northeastern New Mexico Regional Landfill,403604,City of Rio Rancho WWTP,NM,47876.28383725024
2029,2,p31,Apache Junction Landfill,401225,City of Truth or Consequences PV,NM,91168.15874499551
2029,2,p31,Apache Junction Landfill,402177,Columbus Solar Project,NM,56068.662307083025
2029,2,p31,Northeastern New Mexico Regional Landfill,404748,"Cuba 2.5ac, LLC",NM,21499.099388808725
2029,2,p31,Apache Junction Landfill,400209,Deming Solar Energy Center,NM,12286.43328276606
2029,2,p31,Northeastern New Mexico Regional Landfill,403868,Encino Solar Energy Center,NM,1310.9571795854379
2029,2,p31,Northeastern New Mexico Regional Landfill,401038,Eubank Landfill Solar Array,NM,38444.13703136519
2029,2,p31,Northeastern New Mexico Regional Landfill,402441,Facebook 1 Solar Energy Center,NM,6271.051789256628
2029,2,p31,Northeastern New Mexico Regional Landfill,402442,Facebook 2 Solar Energy Center,NM,6036.136892937063
2029,2,p31,Northeastern New Mexico Regional Landfill,402443,Facebook 3 Solar Energy Center,NM,6041.182472261441
2029,2,p31,Northeastern New Mexico Regional Landfill,403322,Grants CDEC 2,NM,25366.129111296268
2029,2,p31,Apache Junction Landfill,400216,"Hatch Solar Energy Center I, LLC",NM,35672.60199532812
2029,2,p31,City of Clovis Landfill,401617,Holloman Solar Facility,NM,23595.942849170344
2029,2,p31,Northeastern New Mexico Regional Landfill,406109,"Jicarilla Solar 1, LLC",NM,1398.285370506547
2029,2,p31,Northeastern New Mexico Regional Landfill,400427,Kit Carson,NM,29726.183204429006
2029,2,p31,Northeastern New Mexico Regional Landfill,400210,Las Vegas Solar Energy Center,NM,3714.6131708757025
2029,2,p31,Northeastern New Mexico Regional Landfill,400434,Los Alamos PV Site,NM,43608.86133705621
2029,2,p31,Northeastern New Mexico Regional Landfill,400207,Los Lunas Solar Energy Center,NM,12727.605609485192
2029,2,p31,Apache Junction Landfill,400838,Macho Springs,NM,2484.6087747435017
2029,2,p31,Northeastern New Mexico Regional Landfill,400582,Manzano Solar,NM,8587.755971748307
2029,2,p31,Northeastern New Mexico Regional Landfill,401201,Meadow Lake Solar Energy Center,NM,9121.843320422817
2029,2,p31,Northeastern New Mexico Regional Landfill,406177,"NMRD Data Center III, LLC",NM,1152.7740595428604
2029,2,p31,City of Clovis Landfill,405693,NMSU Solar and Storage,NM,44496.52843805556
2029,2,p31,Northeastern New Mexico Regional Landfill,406375,OE_ESCL,NM,556.526543864443
2029,2,p31,City of Clovis Landfill,400581,Otero Solar,NM,15168.146498980126
2029,2,p31,Northeastern New Mexico Regional Landfill,400146,Questa Solar Facility,NM,31435.613890806995
2029,2,p31,Northeastern New Mexico Regional Landfill,403178,"RC Energy AA, LLC Solar Facility",NM,87399.75376037888
2029,2,p31,Northeastern New Mexico Regional Landfill,401566,Rio Communities Solar Energy Center,NM,7203.918313466218
2029,2,p31,Northeastern New Mexico Regional Landfill,403084,Rio De Oro Solar Energy Center,NM,9066.113689805792
2029,2,p31,Northeastern New Mexico Regional Landfill,400624,Rio Rancho High School,NM,66539.00111712128
2029,2,p31,City of Clovis Landfill,400135,Roadrunner Solar,NM,5666.322577763619
2029,2,p31,Northeastern New Mexico Regional Landfill,404648,"Route 66 Energy Center, LLC",NM,1564.7973309571316
2029,2,p31,Northeastern New Mexico Regional Landfill,403387,San Miguel I Solar Energy Center,NM,1851.5353791369932
2029,2,p31,Northeastern New Mexico Regional Landfill,405458,San Miguel II Solar Energy Center,NM,2044.9630233877078
2029,2,p31,Northeastern New Mexico Regional Landfill,401161,Sandoval Solar Energy Center,NM,13166.69099716894
2029,2,p31,Northeastern New Mexico Regional Landfill,401564,Santa Fe Solar Energy Center,NM,5589.26226309037
2029,2,p31,Northeastern New Mexico Regional Landfill,401565,Santolina Solar Energy Center,NM,8327.55753894372
2029,2,p31,Apache Junction Landfill,400596,Silver City WWTP PV Project,NM,165350.334590302
2029,2,p31,Northeastern New Mexico Regional Landfill,406343,Sky Ranch Solar,NM,370.9642172875057
2029,2,p31,Northeastern New Mexico Regional Landfill,401563,South Valley Solar Energy Center,NM,6563.749090047658
2029,2,p31,Northeastern New Mexico Regional Landfill,401162,Springer Solar 1,NM,9824.250750359324
2029,2,p31,Northeastern New Mexico Regional Landfill,400735,Storrie Lake Solar Project,NM,16917.707899240104
2029,2,p31,Northeastern New Mexico Regional Landfill,400623,Sue Cleveland High School,NM,65036.34466400611
2029,2,p31,City of Clovis Landfill,400343,"SunE EPE1, LLC",NM,11512.426170906785
2029,2,p31,City of Clovis Landfill,400342,"SunE EPE2, LLC",NM,9234.336876993522
2029,2,p31,Northeastern New Mexico Regional Landfill,402854,Syncarpha Eagle Nest,NM,21263.404124435085
2029,2,p31,Northeastern New Mexico Regional Landfill,403412,Syncarpha El Rito,NM,22716.34618548709
2029,2,p31,Northeastern New Mexico Regional Landfill,403413,Syncarpha Questa,NM,26609.668082581673
2029,2,p31,Northeastern New Mexico Regional Landfill,403411,Syncarpha Taos,NM,9891.194941547557
2029,2,p31,Northeastern New Mexico Regional Landfill,404618,Taos Mesa Energy Facility Hybrid,NM,2087.8356133492207
2029,2,p31,Northeastern New Mexico Regional Landfill,403011,Vista Solar Energy Center,NM,12383.378873159032
2029,2,p31,City of Clovis Landfill,400354,WSMR I,NM,27018.89787629756
2029,2,p31,Apache Junction Landfill,405245,Wal-Mart Truth or Consequences PV,NM,104835.78911990087
2029,2,p47,City of Clovis Landfill,400979,"Caprock Solar 1, LLC",NM,835.6198056576492
2029,2,p47,City of Clovis Landfill,404980,Chaves County Solar II,NM,1242.8545105619235
2029,2,p47,City of Clovis Landfill,401681,"Chaves Solar, LLC",NM,765.2765040979101
2029,2,p47,City of Clovis Landfill,400614,GSE NM1,NM,34572.389950582095
2029,2,p47,City of Clovis Landfill,404982,Hayhurst New Mexico Solar,NM,3559.3491887512437
2029,2,p47,City of Clovis Landfill,402530,Middle Daisy,NM,9197.588360739399
2029,2,p47,City of Clovis Landfill,401682,"Roswell Solar, LLC",NM,600.9535853292987
2029,2,p47,City of Clovis Landfill,400546,SEV NM Phase 2,NM,31666.700008560725
2029,2,p47,City of Clovis Landfill,400260,SPS1 Dollarhide,NM,8459.518985454755
2029,2,p47,City of Clovis Landfill,400261,SPS2 Jal,NM,6420.586355014549
2029,2,p47,City of Clovis Landfill,400262,SPS3 Lea,NM,5494.225294976474
2029,2,p47,City of Clovis Landfill,400264,SPS5 Hopi,NM,7305.851495381915
2029,2,p47,City of Clovis Landfill,404698,SoCore Clovis 1,NM,1199.2773649864212
2029,2,p48,City of Clovis Landfill,406439,"BESSP1, LLC",TX,1246.010395114309
2029,2,p48,City of Clovis Landfill,405590,"Hecate Energy Frye Solar, LLC",TX,145.27128643775148
2029,2,p57,Victoria Landfill,404918,"Hecate Energy Upshur Rural, LLC",TX,12604.948420450399
2029,2,p59,City of Clovis Landfill,402666,Fort Bliss (DEA EPIC),TX,17352.176540050023
2029,2,p59,City of Clovis Landfill,401616,Montana Solar Facility,TX,11302.462707770082
2029,2,p59,City of Clovis Landfill,401045,Newman Solar,TX,2635.4420815219028
2029,2,p60,City of Clovis Landfill,403962,"ANSON Solar Center, LLC",TX,455.82912741091593
2029,2,p60,City of Clovis Landfill,403883,Azure Sky Solar,TX,558.351675846346
2029,2,p60,City of Clovis Landfill,403232,"ENGIE Long Draw Solar, LLC",TX,247.13231142910897
2029,2,p60,City of Clovis Landfill,406252,Highpeak Solar 1,TX,6138.68178523848
2029,2,p60,City of Clovis Landfill,402721,Holstein 1 Solar Farm,TX,760.39038650531
2029,2,p60,City of Clovis Landfill,405492,Juno Solar Project,TX,234.49149272370758
2029,2,p60,City of Clovis Landfill,402541,Lamesa II,TX,1282.7562700844483
2029,2,p60,City of Clovis Landfill,401660,Lamesa Solar,TX,630.7353151539528
2029,2,p60,City of Clovis Landfill,405932,Lumina II Solar Project,TX,395.97394543310287
2029,2,p60,City of Clovis Landfill,405933,Lumina Solar Project,TX,372.5843661082968
2029,2,p60,City of Clovis Landfill,402909,Misae Solar,TX,307.3899773143734
2029,2,p60,City of Clovis Landfill,400968,"OCI Alamo 7, LLC",TX,1159.994861671759
2029,2,p60,City of Clovis Landfill,405939,Texas Solar Nova 1,TX,282.3828344443539
2029,2,p61,City of Clovis Landfill,400967,Alamo 6,TX,357.2314214914019
2029,2,p61,City of Clovis Landfill,403557,Aragorn Solar Project,TX,403.64980769675736
2029,2,p61,City of Clovis Landfill,400691,Barilla Solar,TX,1611.3141860050564
2029,2,p61,City of Clovis Landfill,401946,Bluebell Solar,TX,1735.4717947236036
2029,2,p61,City of Clovis Landfill,403574,Bluebell Solar II,TX,462.8087765317062
2029,2,p61,City of Clovis Landfill,400554,"Bryan Solar, LLC",TX,5289.784747961524
2029,2,p61,City of Clovis Landfill,401463,Buckthorn Westex,TX,434.90870755559075
2029,2,p61,City of Clovis Landfill,401703,East Pecos Solar,TX,483.7120490379166
2029,2,p61,Victoria Landfill,405363,Galloway 1 Solar Farm,TX,790.2945351907521
2029,2,p61,City of Clovis Landfill,405363,Galloway 1 Solar Farm,TX,409.69341673801046
2029,2,p61,Victoria Landfill,405494,Galloway 2 Solar Farm,TX,3864.033993632206
2029,2,p61,City of Clovis Landfill,405494,Galloway 2 Solar Farm,TX,405.83878530236257
2029,2,p61,City of Clovis Landfill,403210,Greasewood,TX,386.892101039838
2029,2,p61,City of Clovis Landfill,406370,Hayhurst Texas Solar,TX,1514.7536913575425
2029,2,p61,City of Clovis Landfill,402304,Midway Solar-TX,TX,481.27798628178914
2029,2,p61,Victoria Landfill,400695,"OCI Alamo 4, LLC",TX,1327.974622914778
2029,2,p61,City of Clovis Landfill,401868,Pearl Solar,TX,974.6035309026755
2029,2,p61,City of Clovis Landfill,402290,RE Maplewood,TX,355.73760008648856
2029,2,p61,City of Clovis Landfill,401430,RE Roserock,TX,368.62066767872807
2029,2,p61,City of Clovis Landfill,402848,Rambler,TX,511.6350006953205
2029,2,p61,City of Clovis Landfill,402083,Solaire Holman Solar Project,TX,865.5180617887586
2029,2,p61,City of Clovis Landfill,403023,"Taygete Energy Project, LLC",TX,423.2085959595583
2029,2,p61,City of Clovis Landfill,404647,Taygete II Energy Project,TX,529.6712418388234
2029,2,p61,City of Clovis Landfill,403551,Titan Solar Project,TX,424.8570554116983
2029,2,p61,Victoria Landfill,406103,Zier Solar,TX,493.81045824195826
2029,2,p62,City of Clovis Landfill,403502,2W Permian Solar Project Hybrid,TX,349.2573029807468
2029,2,p62,City of Clovis Landfill,403697,CED Crane Solar,TX,407.61013262794256
2029,2,p62,City of Clovis Landfill,401525,Castle Gap Solar Hybrid,TX,395.83399996678287
2029,2,p62,City of Clovis Landfill,404599,Emerald Grove,TX,676.6050706577552
2029,2,p62,City of Clovis Landfill,403004,Lapetus,TX,432.16794151768966
2029,2,p62,City of Clovis Landfill,403280,Oberon IA,TX,463.9144366665059
2029,2,p62,City of Clovis Landfill,403279,Oberon IB,TX,1941.1962960556964
2029,2,p62,City of Clovis Landfill,403602,Oxy Renewable Energy-Goldsmith,TX,2398.5483713809094
2029,2,p62,City of Clovis Landfill,402679,Phoebe Solar,TX,321.48931631874325
2029,2,p62,City of Clovis Landfill,403177,Prospero Solar,TX,222.2373004716703
2029,2,p62,City of Clovis Landfill,404128,Prospero Solar II,TX,297.8585609225991
2029,2,p62,City of Clovis Landfill,403070,"Roadrunner, LLC",TX,356.06166361771614
2029,2,p62,City of Clovis Landfill,401805,Upton County Solar,TX,1030.3933732350442
2029,2,p62,City of Clovis Landfill,402995,West of the Pecos Solar,TX,647.4375153993947
2029,2,p63,Victoria Landfill,405599,"BPL Crown Solar, LLC",TX,663.1812062166166
2029,2,p63,Victoria Landfill,404966,BPL Files Solar,TX,823.2070423790449
2029,2,p63,Victoria Landfill,403825,Briar Creek Solar 1,TX,844.8378797339604
2029,2,p63,Victoria Landfill,402610,Chisum,TX,10575.066567470793
2029,2,p63,Victoria Landfill,401697,CoServ Community Solar Station,TX,235926.36104934363
2029,2,p63,Victoria Landfill,403188,Coniglio Solar,TX,1385.4595552646922
2029,2,p63,Victoria Landfill,406415,Dileo Solar,TX,963.9897420150951
2029,2,p63,Victoria Landfill,402655,Eddy II,TX,5454.68899132489
2029,2,p63,Victoria Landfill,406221,Eiffel Solar Project,TX,602.8034105379261
2029,2,p63,Victoria Landfill,405540,"Ellis Solar, LLC",TX,1448.8825581444478
2029,2,p63,Victoria Landfill,403823,Elm Branch Solar 1,TX,834.3777345933153
2029,2,p63,Victoria Landfill,406206,Five Wells Solar Center - Hybrid,TX,285.0813748008999
2029,2,p63,Victoria Landfill,404567,G.S.E. One LLC,TX,1782.9402170771389
2029,2,p63,Victoria Landfill,403288,Griffin Solar,TX,12812.116365015097
2029,2,p63,Victoria Landfill,406202,Grizzly Ridge Solar,TX,895.821151735953
2029,2,p63,Victoria Landfill,405689,"IP Radian, LLC",TX,434.36907890360783
2029,2,p63,Victoria Landfill,403481,Impact Solar 1,TX,787.3128296397649
2029,2,p63,Victoria Landfill,403190,Kellam Solar,TX,1559.954681525277
2029,2,p63,Victoria Landfill,402421,Leon Solar,TX,18627.328014361687
2029,2,p63,Victoria Landfill,403874,Lily Solar Hybrid,TX,739.844011314049
2029,2,p63,Victoria Landfill,402404,Marlin Solar,TX,16856.846996561937
2029,2,p63,City of Clovis Landfill,405794,Noble Solar,TX,547.6441887808197
2029,2,p63,Victoria Landfill,401933,Phantom Solar,TX,3858.693321944992
2029,2,p63,Victoria Landfill,404872,"Pisgah Ridge Solar, LLC",TX,437.5353877086311
2029,2,p63,Victoria Landfill,406416,Pitts Dudik Solar,TX,1535.6956417110669
2029,2,p63,Victoria Landfill,403189,Rippey Solar,TX,1922.6444070585
2029,2,p63,Victoria Landfill,404630,"Samson Solar Energy III, LLC",TX,641.72858397969
2029,2,p63,Victoria Landfill,402652,Sterling Solar (TX),TX,13356.942792156247
2029,2,p63,Victoria Landfill,404812,Sun Valley Solar Project,TX,638.761264964537
2029,2,p63,Victoria Landfill,404388,"TPE Erath Solar, LLC",TX,13048.867561586152
2029,2,p63,Victoria Landfill,403457,"TPE Whitney Solar, LLC",TX,8951.461754140852
2029,2,p63,Victoria Landfill,405361,Toyota HQ Plan,TX,58824.65849577507
2029,2,p63,Victoria Landfill,405984,Waco Solar,TX,503.21750354537363
2029,2,p63,Victoria Landfill,402306,Walnut Springs Solar,TX,17919.24935832572
2029,2,p63,Victoria Landfill,402497,West Moore Solar II,TX,101704.17233349702
2029,2,p63,Victoria Landfill,402330,Whitesboro Solar,TX,203055.56997551036
2029,2,p63,Victoria Landfill,402414,Whitewright Solar,TX,11117.802901389587
2029,2,p63,Victoria Landfill,402654,Yellow Jacket,TX,15187.826417815459
2029,2,p64,Victoria Landfill,405731,Austin TX GigaFactory,TX,14859.461885067909
2029,2,p64,Victoria Landfill,402203,Bandera Electric Coop PV,TX,24550.62871790058
2029,2,p64,Victoria Landfill,404721,"Blue Jay Solar I, LLC",TX,338.4242028481319
2029,2,p64,Victoria Landfill,402648,Bovine,TX,1680.6517118907964
2029,2,p64,Victoria Landfill,402389,"E-Volve Energy Holdings, LLC",TX,17630.098952842432
2029,2,p64,Victoria Landfill,400227,East Blackland Solar Project 1,TX,303.4580129996544
2029,2,p64,Victoria Landfill,405101,IKEA Round Rock 027,TX,24302.36469336662
2029,2,p64,Victoria Landfill,402653,Lampwick,TX,5819.258876152682
2029,2,p64,Victoria Landfill,405613,Niagara Bottling - Seguin,TX,4081.7265261104303
2029,2,p64,Victoria Landfill,402544,PowerFin Kingsbery,TX,9071.724395151012
2029,2,p64,Victoria Landfill,400249,Webberville Solar Project,TX,1122.4919630113777
2029,2,p65,Victoria Landfill,405700,Aktina Solar,TX,179.82247092340788
2029,2,p65,Victoria Landfill,404074,"Alexis Solar, LLC",TX,15484.985853029633
2029,2,p65,Victoria Landfill,405727,Bernard Creek Solar,TX,439.03923343452135
2029,2,p65,Victoria Landfill,400081,Blue Wing Solar Energy Generation,TX,7123.372956810396
2029,2,p65,Victoria Landfill,405477,Brightside,TX,1697.4302367993362
2029,2,p65,Victoria Landfill,401728,CPS 1 Community Solar,TX,101219.95446373308
2029,2,p65,Victoria Landfill,402656,Cascade Solar (TX),TX,9024.550239561027
2029,2,p65,Victoria Landfill,403987,Catan Solar,TX,4931.18711459779
2029,2,p65,Victoria Landfill,403091,Commerce Solar,TX,22723.51597316164
2029,2,p65,Victoria Landfill,404247,"Corazon Energy, LLC",TX,840.8941519180521
2029,2,p65,Victoria Landfill,404062,Elara Solar,TX,1097.5614010318732
2029,2,p65,Victoria Landfill,404359,FELPS 1-Calaveras,TX,125232.25886574025
2029,2,p65,Victoria Landfill,404361,FELPS 2-Calaveras,TX,97487.71002009147
2029,2,p65,Victoria Landfill,404362,FELPS 3-Floresville South,TX,77374.75962113043
2029,2,p65,Victoria Landfill,404363,FELPS 4-Floresville South,TX,77386.3181566555
2029,2,p65,Victoria Landfill,404364,FELPS 5-Floresville South,TX,77406.72517400785
2029,2,p65,Victoria Landfill,404739,FELPS 6- Floresville West,TX,102843.46051146931
2029,2,p65,Victoria Landfill,404740,FELPS 7- Floresville West,TX,117508.91635737829
2029,2,p65,Victoria Landfill,406516,Ganado Solar,TX,300.89471423753577
2029,2,p65,Victoria Landfill,405801,Horizon Solar,TX,795.1821719877059
2029,2,p65,Victoria Landfill,405380,IKEA Live Oak Rooftop PV System,TX,61046.4981587734
2029,2,p65,Victoria Landfill,403343,Mars Solar,TX,18092.198541876634
2029,2,p65,Victoria Landfill,404877,Nebula Solar,TX,1580.8654217424737
2029,2,p65,Victoria Landfill,400694,"OCI Alamo 2, LLC",TX,28426.510213176858
2029,2,p65,Victoria Landfill,400965,"OCI Alamo 3, LLC",TX,29911.742296063057
2029,2,p65,Victoria Landfill,400966,"OCI Alamo 5, LLC",TX,2301.6282403688824
2029,2,p65,Victoria Landfill,400593,OCI Alamo Solar I Hybrid,TX,2779.188562502446
2029,2,p65,Victoria Landfill,405809,Shakes Solar,TX,1749.1828938187684
2029,2,p65,Victoria Landfill,405545,Sparta Solar,TX,342.11257720331747
2029,2,p65,Victoria Landfill,400379,"SunE CPS1, LLC",TX,16445.958618248173
2029,2,p65,Victoria Landfill,400364,"SunE CPS2, LLC",TX,11031.073485250112
2029,2,p65,Victoria Landfill,400353,"SunE CPS3, LLC",TX,10545.018097766864
2029,2,p65,Victoria Landfill,406032,Tres Bahias,TX,184.09680823857224
2029,2,p65,Victoria Landfill,404878,Vancourt Solar Interconnections,TX,4140.5811408363315
2029,2,p66,Victoria Landfill,406386,Umbriel Solar,TX,992.1852281926506
2029,2,p67,Victoria Landfill,404939,Brazoria County Solar Project (Danciger),TX,201.1782347887023
2029,2,p67,Victoria Landfill,404681,Brazoria West,TX,214.59216512883606
2029,2,p67,Victoria Landfill,402649,Bronson,TX,2765.737742311243
2029,2,p67,Victoria Landfill,406178,"Cutlass Solar 1, LLC",TX,319.23954271972053
2029,2,p67,Victoria Landfill,404587,Fighting Jays Solar Project,TX,213.43647463913436
2029,2,p67,Victoria Landfill,405564,"Fort Bend Solar, LLC",TX,185.49377727198265
2029,2,p67,Victoria Landfill,404853,"Longbow Solar, LLC",TX,677.3828145975056
2029,2,p67,Victoria Landfill,403514,Wagyu,TX,353.15545086117095
2029,3,p12,Apex Regional Landfill,402144,Battle Mountain Solar Project,NV,626.1342384314503
2029,3,p12,Apex Regional Landfill,405553,Dodge Flat,NV,1366.4618028480845
2029,3,p12,Apex Regional Landfill,402609,"EGP Stillwater Solar PV II, LLC",NV,3005.3502732418674
2029,3,p12,Apex Regional Landfill,404659,Fish Springs,NV,1241.8534150340965
2029,3,p12,Apex Regional Landfill,401086,Ft. Churchill PV,NV,5319.118850537722
2029,3,p12,Apex Regional Landfill,402130,Luning Energy,NV,877.8893123177887
2029,3,p12,Apex Regional Landfill,403107,NVSS-II,NV,599.1583304894168
2029,3,p12,Apex Regional Landfill,400468,"Patua Acquisition Project, LLC",NV,6002.985136550021
2029,3,p12,Apex Regional Landfill,405023,Steamboat II,NV,96692.32502255926
2029,3,p12,Apex Regional Landfill,400029,Stillwater Facility,NV,2461.5104636311685
2029,3,p12,Apex Regional Landfill,401318,Sunshine Valley Solar,NV,234.4836740588548
2029,3,p12,Apex Regional Landfill,405026,TS Power Plant,NV,623.1894192420234
2029,3,p12,Apex Regional Landfill,405576,Tesla Reno GigaFactory,NV,11211.076297190062
2029,3,p12,Apex Regional Landfill,401943,Tungsten Mountain,NV,6767.9632264036945
2029,3,p12,Apex Regional Landfill,403308,Turquoise Liberty Solar,NV,10676.604468781714
2029,3,p12,Apex Regional Landfill,403884,"Turquoise Nevada, LLC",NV,1998.6950801301432
2029,3,p12,Apex Regional Landfill,400035,Western 102 Power Plant,NV,529327.4584060449
2029,3,p13,Apex Regional Landfill,400555,Apex Solar PV Power Project,NV,390.0631717644341
2029,3,p13,Apex Regional Landfill,405385,Arrow Canyon Solar Hybrid,NV,279.19689021102624
2029,3,p13,Apex Regional Landfill,402017,"Boulder Solar II, LLC",NV,185.47097205707232
2029,3,p13,Apex Regional Landfill,401649,"Boulder Solar Power, LLC",NV,134.35917107878993
2029,3,p13,Apex Regional Landfill,400059,CM10,NV,901.7865187691532
2029,3,p13,Apex Regional Landfill,400086,CM48,NV,280.880240307881
2029,3,p13,Apex Regional Landfill,400363,Copper Mountain Solar 2,NV,104.7195824835941
2029,3,p13,Apex Regional Landfill,400802,Copper Mountain Solar 3,NV,95.67428838868244
2029,3,p13,Apex Regional Landfill,401308,"Copper Mountain Solar 4, LLC",NV,131.77327744083684
2029,3,p13,Apex Regional Landfill,403688,"Copper Mountain Solar 5, LLC",NV,89.57593570604467
2029,3,p13,Apex Regional Landfill,405358,Dignity - San Martin,NV,1969.65063156308
2029,3,p13,Apex Regional Landfill,405355,Dignity - Siena Campus,NV,3085.709520671959
2029,3,p13,Apex Regional Landfill,405556,Dry Lake Solar Energy Center,NV,124.04800195212782
2029,3,p13,Apex Regional Landfill,405495,Gemini Solar,NV,89.79754565722858
2029,3,p13,Apex Regional Landfill,403386,"Harry Allen Solar Energy, LLC",NV,120.3025483509576
2029,3,p13,Apex Regional Landfill,406090,IGS LAS1,NV,5544.189207304554
2029,3,p13,Apex Regional Landfill,406089,IGS VGT,NV,3875.817177873905
2029,3,p13,Apex Regional Landfill,405309,IKEA Las Vegas 462,NV,4739.569961605158
2029,3,p13,Apex Regional Landfill,400545,Las Vegas WPCF Solar Plant,NV,814.7141797759945
2029,3,p13,Apex Regional Landfill,400313,Moapa Southern Paiute,NV,134.75462395912314
2029,3,p13,Apex Regional Landfill,400600,Mountain View Solar,NV,389.4786408804527
2029,3,p13,Apex Regional Landfill,400036,Nellis Air Force Base Solar Array,NV,296.15141816406464
2029,3,p13,Apex Regional Landfill,401381,Nellis Solar PV II,NV,149.05162629516806
2029,3,p13,Apex Regional Landfill,401319,"Playa Solar 1, LLC",NV,146.15216287860156
2029,3,p13,Apex Regional Landfill,401596,Playa Solar 2,NV,111.54871692078325
2029,3,p13,Apex Regional Landfill,401274,River Mountains Solar,NV,346.8426527906036
2029,3,p13,Mohave Valley Landfill,401042,Searchlight Solar,NV,795.4873827411898
2029,3,p13,Apex Regional Landfill,400166,Silver State Solar Power North,NV,294.27687614072926
2029,3,p13,Apex Regional Landfill,400658,Silver State Solar Power South,NV,107.81033719264914
2029,3,p13,Apex Regional Landfill,405246,"Solar Las Vegas MB 2, LLC",NV,1453.2267267389443
2029,3,p13,Apex Regional Landfill,405188,Solar Las Vegas MB-1,NV,484.0846249412381
2029,3,p13,Apex Regional Landfill,400556,Spectrum Solar PV Power Project,NV,190.37289319266472
2029,3,p13,Apex Regional Landfill,402485,"Techren Solar I, LLC",NV,131.13498506741854
2029,3,p13,Apex Regional Landfill,402690,"Techren Solar II, LLC",NV,81.013147678012
2029,3,p13,Apex Regional Landfill,402691,"Techren Solar III, LLC",NV,428.58464364477805
2029,3,p13,Apex Regional Landfill,402692,"Techren Solar IV, LLC",NV,316.13841808240556
2029,3,p13,Apex Regional Landfill,403001,Techren Solar V,NV,168.43273104401692
2029,3,p13,Apex Regional Landfill,401851,Townsite Solar Project Hybrid,NV,88.45727743573431
2029,3,p13,Apex Regional Landfill,406448,Yellow Pine II,NV,265.91001912603775
2029,3,p13,Apex Regional Landfill,404971,Yellow Pine Solar,NV,252.2980720602711
2029,3,p27,Mohave Valley Landfill,400374,"Black Mountain Solar, LLC",AZ,293.8090976727299
2029,3,p27,Mohave Valley Landfill,402236,Gray Hawk Solar,AZ,108.4806033555056
2029,3,p27,Mohave Valley Landfill,401819,Jacobson 5 MW Solar,AZ,716.6661227653481
2029,3,p27,Mohave Valley Landfill,400199,La Senita,AZ,2299.420051025199
2029,3,p27,Mohave Valley Landfill,403718,Mohave Electric Cooperative at Joy Lane,AZ,64.33431618394033
2029,3,p27,Mohave Valley Landfill,401311,Mohave Electric at Fort Mohave,AZ,104.83638024070713
2029,3,p27,Mohave Valley Landfill,406478,Mohave Energy - Hybrid,AZ,51.18262140192911
2029,3,p28,Apache Junction Landfill,405418,AZ State University - Tempe Campus Solar,AZ,3110.7434190013305
2029,3,p28,South Yuma County Landfill,400148,Agua Caliente Solar Project,AZ,175.19492335478233
2029,3,p28,Apache Junction Landfill,402067,Apache Solar 1,AZ,3763.509692191031
2029,3,p28,South Yuma County Landfill,400274,Arizona Western College PV,AZ,701.8893260636122
2029,3,p28,Apache Junction Landfill,400240,Arlington Valley Solar Energy II,AZ,230.3195839198553
2029,3,p28,Apache Junction Landfill,400437,Badger 1,AZ,1474.3339292735272
2029,3,p28,Apache Junction Landfill,401688,Bonnybrooke PV,AZ,243.04203961630924
2029,3,p28,Apache Junction Landfill,400371,Buckeye Union HS District 201,AZ,5815.367175496343
2029,3,p28,Apache Junction Landfill,405635,"Central Line Solar, LLC",AZ,219.10317813007399
2029,3,p28,Apache Junction Landfill,400201,Chino Solar Valley,AZ,1821.8354930732635
2029,3,p28,Apache Junction Landfill,400202,Cotton Center Solar Hybrid,AZ,1490.2089649905868
2029,3,p28,Apache Junction Landfill,401069,Desert Star Hybrid,AZ,2477.6771477520742
2029,3,p28,Apache Junction Landfill,403257,East Line Solar,AZ,192.814232737267
2029,3,p28,Apache Junction Landfill,406171,Eleven Mile Solar Center,AZ,128.27260103286358
2029,3,p28,Apache Junction Landfill,405244,Estrella Mountain PV,AZ,7581.903387161506
2029,3,p28,South Yuma County Landfill,400349,Foothills Solar Plant Hybrid,AZ,135.91617344254152
2029,3,p28,Apache Junction Landfill,400825,Fort Huachuca Solar PV Project,AZ,4651.372159455323
2029,3,p28,Apache Junction Landfill,400845,Gila Bend Hybrid,AZ,890.508732369366
2029,3,p28,Apache Junction Landfill,400599,"Gilbert Solar Facility I, LLC",AZ,2033.4239732022322
2029,3,p28,South Yuma County Landfill,400507,Hyder II Hybrid,AZ,1647.7497135833705
2029,3,p28,South Yuma County Landfill,400204,Hyder Solar Hybrid,AZ,1615.1364588710805
2029,3,p28,Apache Junction Landfill,405282,Intel - Ocotillo Campus Solar,AZ,1901.2426511989415
2029,3,p28,Apache Junction Landfill,405125,Jewish Community Center PV,AZ,10345.473704853319
2029,3,p28,Apache Junction Landfill,402234,Kayenta Solar Project,AZ,1456.7406706988043
2029,3,p28,Apache Junction Landfill,400595,Lake Pleasant WTP,AZ,2757.086890813031
2029,3,p28,Apache Junction Landfill,400128,Luke Solar,AZ,1638.7363398687273
2029,3,p28,Apache Junction Landfill,405068,Macys Goodyear,AZ,5238.945408187673
2029,3,p28,South Yuma County Landfill,406279,McFarland A Solar and Storage,AZ,148.773231502336
2029,3,p28,Apache Junction Landfill,405617,Mesa Carport PV,AZ,341.81288861208463
2029,3,p28,Apache Junction Landfill,404512,Mesa Solar Array,AZ,390.18518736434197
2029,3,p28,Apache Junction Landfill,400250,Mesquite Solar 1,AZ,380.8305919852779
2029,3,p28,Apache Junction Landfill,401621,"Mesquite Solar 2, LLC",AZ,272.6106396953398
2029,3,p28,Apache Junction Landfill,401622,"Mesquite Solar 3, LLC",AZ,297.9632154592058
2029,3,p28,Apache Junction Landfill,406038,"Mesquite Solar 4, LLC",AZ,527.550303570142
2029,3,p28,Apache Junction Landfill,404922,"Mesquite Solar 5, LLC",AZ,465.68370821599854
2029,3,p28,Mohave Valley Landfill,403572,OE_AZ1,AZ,1119.457637975699
2029,3,p28,Apache Junction Landfill,400203,Paloma Solar Hybrid,AZ,1916.7976902734445
2029,3,p28,Apache Junction Landfill,405126,Paradise Valley H.S. PV,AZ,8048.526041612623
2029,3,p28,Apache Junction Landfill,405150,Phoenix Airport East Economy Lot,AZ,9806.92691678159
2029,3,p28,Apache Junction Landfill,405151,Phoenix Airport Rental Car Center,AZ,8900.141363871244
2029,3,p28,Apache Junction Landfill,402528,Pinal Central Energy Center Hybrid,AZ,581.8298502251739
2029,3,p28,Apache Junction Landfill,400125,"Poseidon Solar, LLC",AZ,277.43464486980247
2029,3,p28,Apache Junction Landfill,400031,Prescott Airport,AZ,12280.415415168936
2029,3,p28,Apache Junction Landfill,400401,Prescott Solar Plant,AZ,4107.445215948623
2029,3,p28,Apache Junction Landfill,400323,Queen Creek Solar Farm,AZ,170.618186613917
2029,3,p28,Mohave Valley Landfill,400289,"RE Bagdad Solar I, LLC",AZ,1580.9695376211755
2029,3,p28,Apache Junction Landfill,405132,"RE Gillespie 1, LLC",AZ,1479.712317628538
2029,3,p28,Apache Junction Landfill,400758,Red Horse 2,AZ,617.0125701954339
2029,3,p28,Apache Junction Landfill,401609,Red Horse III,AZ,1089.2102432108404
2029,3,p28,Apache Junction Landfill,401726,Red Rock,AZ,458.07032569996284
2029,3,p28,Apache Junction Landfill,406380,SR McNeal,AZ,2961.7264286042755
2029,3,p28,Apache Junction Landfill,400416,Saddle Mountain Solar I,AZ,2302.2133240558032
2029,3,p28,Apache Junction Landfill,403674,Saint Solar,AZ,190.0990700124888
2029,3,p28,Apache Junction Landfill,401214,Sandstone Solar,AZ,227.19130351676824
2029,3,p28,Apache Junction Landfill,405029,Solana Generating Station,AZ,246.1437040188814
2029,3,p28,Apache Junction Landfill,406275,Sonoran Solar Energy,AZ,131.5596017732823
2029,3,p28,Apache Junction Landfill,406034,Storey Solar and Storage,AZ,131.3874504619915
2029,3,p28,Apache Junction Landfill,401664,Sulphur Springs,AZ,1841.6351898505566
2029,3,p28,Apache Junction Landfill,403643,Sun Streams 2,AZ,222.03789681772236
2029,3,p28,Apache Junction Landfill,406517,Sun Streams 3,AZ,153.983366627828
2029,3,p28,Apache Junction Landfill,401975,"Sun Streams, LLC",AZ,316.8685111681307
2029,3,p28,Apache Junction Landfill,405311,T0588 Phoenix - AZ,AZ,9472.512574510449
2029,3,p28,Apache Junction Landfill,405134,Union HS at Casa Grande,AZ,8167.656529268145
2029,3,p28,Apache Junction Landfill,405135,Vista Grande HS at Casa Grande,AZ,10040.649077096192
2029,3,p28,Apache Junction Landfill,400334,Walmart Casa Grande,AZ,5901.518142063574
2029,3,p28,Apache Junction Landfill,406098,"West Line Solar, LLC",AZ,256.03473977246637
2029,3,p29,Apache Junction Landfill,400014,Springerville,AZ,1785.066983294785
2029,3,p30,Apache Junction Landfill,405143,Actus Lend Lease DMAFB,AZ,5989.599449526758
2029,3,p30,Apache Junction Landfill,405611,Amazon TUS2,AZ,5847.317645098266
2029,3,p30,Apache Junction Landfill,405268,Amphitheater High School Solar,AZ,13194.2908507035
2029,3,p30,Apache Junction Landfill,400939,Avalon Solar,AZ,721.1332287757074
2029,3,p30,Apache Junction Landfill,401479,Avalon Solar II,AZ,1124.9303063065024
2029,3,p30,Apache Junction Landfill,400226,Avra Valley Solar,AZ,516.2270892401114
2029,3,p30,Apache Junction Landfill,404704,Broadway 2 - Tucson Phase II,AZ,5315.4357557169415
2029,3,p30,Apache Junction Landfill,405768,Broadway 3 - Tucson Phase I,AZ,12655.114459362567
2029,3,p30,Apache Junction Landfill,405269,Canyon Del Oro High School Solar,AZ,3967.384931420876
2029,3,p30,Apache Junction Landfill,400757,Cogenra-TEP,AZ,15497.197420909413
2029,3,p30,Apache Junction Landfill,401295,Davis Monthan AFB (AZ) West Airfield,AZ,1683.352461074483
2029,3,p30,Apache Junction Landfill,400330,FRB Solar Farm,AZ,8128.816407264264
2029,3,p30,Apache Junction Landfill,400761,"Gato Montes Solar, LLC",AZ,3469.0965129256333
2029,3,p30,Apache Junction Landfill,404536,Iron Horse Battery Storage Hybrid,AZ,7761.3892175607225
2029,3,p30,Apache Junction Landfill,400552,"Picture Rocks Solar, LLC",AZ,1931.4928858546673
2029,3,p30,Apache Junction Landfill,405374,Pima Community College,AZ,15011.38861269006
2029,3,p30,Apache Junction Landfill,405303,Pima Community College - East Campus,AZ,12312.571400374523
2029,3,p30,Apache Junction Landfill,405516,Pima Community College NW,AZ,13465.363406354507
2029,3,p30,Apache Junction Landfill,400408,Prairie Fire,AZ,3440.43432239894
2029,3,p30,Apache Junction Landfill,400290,"RE Ajo 1, LLC",AZ,3676.1101378989893
2029,3,p30,Apache Junction Landfill,404926,Raptor Ridge,AZ,1524.2065863639812
2029,3,p30,Apache Junction Landfill,400857,Rio Rico Solar,AZ,3969.9523112986776
2029,3,p30,Apache Junction Landfill,400193,Roger Road WWTP,AZ,14199.657558897647
2029,3,p30,Apache Junction Landfill,401076,Tech Park Solar,AZ,4374.278313004752
2029,3,p30,Apache Junction Landfill,400156,UASTP I,AZ,12949.14421323449
2029,3,p30,Apache Junction Landfill,401075,Valencia Solar,AZ,1867.7423516847048
2029,3,p30,Apache Junction Landfill,404187,"Wilmot Energy Center, LLC",AZ,198.58832349979966
2029,3,p31,City of Clovis Landfill,400211,Alamogordo Solar Energy Center,NM,23888.334898121517
2029,3,p31,Northeastern New Mexico Regional Landfill,400206,Albuquerque Solar Energy Center,NM,26653.931621977885
2029,3,p31,Northeastern New Mexico Regional Landfill,403675,Alcalde Solar Array,NM,22416.029084490947
2029,3,p31,Apache Junction Landfill,401595,Alta Luna,NM,3686.1235441943145
2029,3,p31,Northeastern New Mexico Regional Landfill,404724,Angel Fire Energy Facility,NM,1765.0390112852551
2029,3,p31,Northeastern New Mexico Regional Landfill,405469,Arroyo Solar Energy Storage Hybrid,NM,415.3061754212796
2029,3,p31,Northeastern New Mexico Regional Landfill,403321,Bluewater CDEC 1,NM,42602.96297038859
2029,3,p31,Northeastern New Mexico Regional Landfill,403736,Britton Solar Energy Center,NM,963.0645058028309
2029,3,p31,City of Clovis Landfill,404981,Buena Vista Energy Center,NM,872.2033685968751
2029,3,p31,Northeastern New Mexico Regional Landfill,402876,CNMEC Solar Energy Center,NM,36276.67490547785
2029,3,p31,City of Clovis Landfill,402519,Carrizozo Solar,NM,31636.89435845189
2029,3,p31,Northeastern New Mexico Regional Landfill,401202,Cibola,NM,9667.855086611724
2029,3,p31,Northeastern New Mexico Regional Landfill,400104,Cimarron Solar Facility,NM,383.3865611785259
2029,3,p31,Apache Junction Landfill,402988,City of Gallup Solar,NM,12765.826474105466
2029,3,p31,Northeastern New Mexico Regional Landfill,403604,City of Rio Rancho WWTP,NM,68379.90921897175
2029,3,p31,Apache Junction Landfill,401225,City of Truth or Consequences PV,NM,68387.69331374663
2029,3,p31,Apache Junction Landfill,402177,Columbus Solar Project,NM,56068.662307083025
2029,3,p31,Northeastern New Mexico Regional Landfill,404748,"Cuba 2.5ac, LLC",NM,21499.099388808725
2029,3,p31,Apache Junction Landfill,400209,Deming Solar Energy Center,NM,12286.43328276606
2029,3,p31,Northeastern New Mexico Regional Landfill,403868,Encino Solar Energy Center,NM,1169.1276351759445
2029,3,p31,Northeastern New Mexico Regional Landfill,401038,Eubank Landfill Solar Array,NM,33642.93131243205
2029,3,p31,Northeastern New Mexico Regional Landfill,402441,Facebook 1 Solar Energy Center,NM,6271.051789256628
2029,3,p31,Northeastern New Mexico Regional Landfill,402442,Facebook 2 Solar Energy Center,NM,6036.136892937063
2029,3,p31,Northeastern New Mexico Regional Landfill,402443,Facebook 3 Solar Energy Center,NM,7542.8552703518
2029,3,p31,Northeastern New Mexico Regional Landfill,403322,Grants CDEC 2,NM,19736.876259874876
2029,3,p31,Apache Junction Landfill,400216,"Hatch Solar Energy Center I, LLC",NM,23797.16700355208
2029,3,p31,City of Clovis Landfill,401617,Holloman Solar Facility,NM,27525.70275258207
2029,3,p31,Northeastern New Mexico Regional Landfill,406109,"Jicarilla Solar 1, LLC",NM,1261.905961445892
2029,3,p31,Northeastern New Mexico Regional Landfill,400427,Kit Carson,NM,23787.844819523198
2029,3,p31,Northeastern New Mexico Regional Landfill,400210,Las Vegas Solar Energy Center,NM,5291.808267008148
2029,3,p31,Northeastern New Mexico Regional Landfill,400434,Los Alamos PV Site,NM,43608.861337056216
2029,3,p31,Northeastern New Mexico Regional Landfill,400207,Los Lunas Solar Energy Center,NM,8919.671310609634
2029,3,p31,Apache Junction Landfill,400838,Macho Springs,NM,2484.6087747435017
2029,3,p31,Northeastern New Mexico Regional Landfill,400582,Manzano Solar,NM,9656.914058229348
2029,3,p31,Northeastern New Mexico Regional Landfill,401201,Meadow Lake Solar Energy Center,NM,7985.924315357464
2029,3,p31,Northeastern New Mexico Regional Landfill,406177,"NMRD Data Center III, LLC",NM,1152.7740595428604
2029,3,p31,City of Clovis Landfill,405693,NMSU Solar and Storage,NM,44496.52843805556
2029,3,p31,Northeastern New Mexico Regional Landfill,406375,OE_ESCL,NM,556.526543864443
2029,3,p31,City of Clovis Landfill,400581,Otero Solar,NM,17693.27367736015
2029,3,p31,Northeastern New Mexico Regional Landfill,400146,Questa Solar Facility,NM,35360.75421717037
2029,3,p31,Northeastern New Mexico Regional Landfill,403178,"RC Energy AA, LLC Solar Facility",NM,58277.99960021924
2029,3,p31,Northeastern New Mexico Regional Landfill,401566,Rio Communities Solar Energy Center,NM,9252.326037342284
2029,3,p31,Northeastern New Mexico Regional Landfill,403084,Rio De Oro Solar Energy Center,NM,7937.160888567569
2029,3,p31,Northeastern New Mexico Regional Landfill,400624,Rio Rancho High School,NM,59149.61113520781
2029,3,p31,City of Clovis Landfill,400135,Roadrunner Solar,NM,5666.322577763619
2029,3,p31,Northeastern New Mexico Regional Landfill,404648,"Route 66 Energy Center, LLC",NM,3095.103382014264
2029,3,p31,Northeastern New Mexico Regional Landfill,403387,San Miguel I Solar Energy Center,NM,2305.7964039462418
2029,3,p31,Northeastern New Mexico Regional Landfill,405458,San Miguel II Solar Energy Center,NM,2044.9630233877083
2029,3,p31,Northeastern New Mexico Regional Landfill,401161,Sandoval Solar Energy Center,NM,11525.166032510326
2029,3,p31,Northeastern New Mexico Regional Landfill,401564,Santa Fe Solar Energy Center,NM,4354.868711270286
2029,3,p31,Northeastern New Mexico Regional Landfill,401565,Santolina Solar Energy Center,NM,6484.653925822893
2029,3,p31,Apache Junction Landfill,400596,Silver City WWTP PV Project,NM,103361.32050143873
2029,3,p31,Northeastern New Mexico Regional Landfill,406343,Sky Ranch Solar,NM,370.9642172875057
2029,3,p31,Northeastern New Mexico Regional Landfill,401563,South Valley Solar Energy Center,NM,6563.749090047658
2029,3,p31,Northeastern New Mexico Regional Landfill,401162,Springer Solar 1,NM,14019.861951984749
2029,3,p31,Northeastern New Mexico Regional Landfill,400735,Storrie Lake Solar Project,NM,16917.707899240104
2029,3,p31,Northeastern New Mexico Regional Landfill,400623,Sue Cleveland High School,NM,65036.34466400611
2029,3,p31,City of Clovis Landfill,400343,"SunE EPE1, LLC",NM,14796.724097251586
2029,3,p31,City of Clovis Landfill,400342,"SunE EPE2, LLC",NM,9234.336876993522
2029,3,p31,Northeastern New Mexico Regional Landfill,402854,Syncarpha Eagle Nest,NM,21263.404124435085
2029,3,p31,Northeastern New Mexico Regional Landfill,403412,Syncarpha El Rito,NM,32437.14114502442
2029,3,p31,Northeastern New Mexico Regional Landfill,403413,Syncarpha Questa,NM,23287.770982246468
2029,3,p31,Northeastern New Mexico Regional Landfill,403411,Syncarpha Taos,NM,7919.854209218044
2029,3,p31,Northeastern New Mexico Regional Landfill,404618,Taos Mesa Energy Facility Hybrid,NM,1677.1667466593767
2029,3,p31,Northeastern New Mexico Regional Landfill,403011,Vista Solar Energy Center,NM,7752.546025686892
2029,3,p31,City of Clovis Landfill,400354,WSMR I,NM,21618.594986778047
2029,3,p31,Apache Junction Landfill,405245,Wal-Mart Truth or Consequences PV,NM,116479.06601988991
2029,3,p47,City of Clovis Landfill,400979,"Caprock Solar 1, LLC",NM,835.6198056576492
2029,3,p47,City of Clovis Landfill,404980,Chaves County Solar II,NM,1242.8545105619235
2029,3,p47,City of Clovis Landfill,401681,"Chaves Solar, LLC",NM,540.9085814785371
2029,3,p47,City of Clovis Landfill,400614,GSE NM1,NM,30253.01413534683
2029,3,p47,City of Clovis Landfill,404982,Hayhurst New Mexico Solar,NM,4002.094908757649
2029,3,p47,City of Clovis Landfill,402530,Middle Daisy,NM,9197.588360739399
2029,3,p47,City of Clovis Landfill,401682,"Roswell Solar, LLC",NM,542.5965696663689
2029,3,p47,City of Clovis Landfill,400546,SEV NM Phase 2,NM,40709.361888520936
2029,3,p47,City of Clovis Landfill,400260,SPS1 Dollarhide,NM,6583.488861731476
2029,3,p47,City of Clovis Landfill,400261,SPS2 Jal,NM,7220.986720803867
2029,3,p47,City of Clovis Landfill,400262,SPS3 Lea,NM,7319.839250401966
2029,3,p47,City of Clovis Landfill,400264,SPS5 Hopi,NM,8347.061219193616
2029,3,p47,City of Clovis Landfill,404698,SoCore Clovis 1,NM,1067.955816510152
2029,3,p48,City of Clovis Landfill,406439,"BESSP1, LLC",TX,1246.010395114309
2029,3,p48,City of Clovis Landfill,405590,"Hecate Energy Frye Solar, LLC",TX,145.27128643775148
2029,3,p57,Victoria Landfill,404918,"Hecate Energy Upshur Rural, LLC",TX,10812.74188807177
2029,3,p59,City of Clovis Landfill,402666,Fort Bliss (DEA EPIC),TX,15426.08841656669
2029,3,p59,City of Clovis Landfill,401616,Montana Solar Facility,TX,18073.51027521213
2029,3,p59,City of Clovis Landfill,401045,Newman Solar,TX,4380.8145167365055
2029,3,p60,City of Clovis Landfill,403962,"ANSON Solar Center, LLC",TX,455.82912741091593
2029,3,p60,City of Clovis Landfill,403883,Azure Sky Solar,TX,558.351675846346
2029,3,p60,City of Clovis Landfill,403232,"ENGIE Long Draw Solar, LLC",TX,247.13231142910897
2029,3,p60,City of Clovis Landfill,406252,Highpeak Solar 1,TX,7887.624172820903
2029,3,p60,City of Clovis Landfill,402721,Holstein 1 Solar Farm,TX,548.1026842752215
2029,3,p60,City of Clovis Landfill,405492,Juno Solar Project,TX,397.32254074148824
2029,3,p60,City of Clovis Landfill,402541,Lamesa II,TX,1493.6517436485235
2029,3,p60,City of Clovis Landfill,401660,Lamesa Solar,TX,630.7353151539528
2029,3,p60,City of Clovis Landfill,405932,Lumina II Solar Project,TX,395.97394543310287
2029,3,p60,City of Clovis Landfill,405933,Lumina Solar Project,TX,372.5843661082968
2029,3,p60,City of Clovis Landfill,402909,Misae Solar,TX,307.3899773143734
2029,3,p60,City of Clovis Landfill,400968,"OCI Alamo 7, LLC",TX,874.3420034288193
2029,3,p60,City of Clovis Landfill,405939,Texas Solar Nova 1,TX,282.3828344443539
2029,3,p61,City of Clovis Landfill,400967,Alamo 6,TX,399.71242059032716
2029,3,p61,City of Clovis Landfill,403557,Aragorn Solar Project,TX,403.64980769675736
2029,3,p61,City of Clovis Landfill,400691,Barilla Solar,TX,1876.9693122225658
2029,3,p61,City of Clovis Landfill,401946,Bluebell Solar,TX,1735.4717947236036
2029,3,p61,City of Clovis Landfill,403574,Bluebell Solar II,TX,462.8087765317062
2029,3,p61,City of Clovis Landfill,400554,"Bryan Solar, LLC",TX,5948.834912869216
2029,3,p61,City of Clovis Landfill,401463,Buckthorn Westex,TX,434.90870755559075
2029,3,p61,City of Clovis Landfill,401703,East Pecos Solar,TX,483.7120490379166
2029,3,p61,Victoria Landfill,405363,Galloway 1 Solar Farm,TX,790.2945351907521
2029,3,p61,City of Clovis Landfill,405363,Galloway 1 Solar Farm,TX,409.69341673801046
2029,3,p61,Victoria Landfill,405494,Galloway 2 Solar Farm,TX,3864.033993632206
2029,3,p61,City of Clovis Landfill,405494,Galloway 2 Solar Farm,TX,405.83878530236257
2029,3,p61,City of Clovis Landfill,403210,Greasewood,TX,386.892101039838
2029,3,p61,City of Clovis Landfill,406370,Hayhurst Texas Solar,TX,1182.0047441003107
2029,3,p61,City of Clovis Landfill,402304,Midway Solar-TX,TX,547.5486373649018
2029,3,p61,Victoria Landfill,400695,"OCI Alamo 4, LLC",TX,1581.6690087377337
2029,3,p61,City of Clovis Landfill,401868,Pearl Solar,TX,974.6035309026755
2029,3,p61,City of Clovis Landfill,402290,RE Maplewood,TX,355.73760008648856
2029,3,p61,City of Clovis Landfill,401430,RE Roserock,TX,368.62066767872807
2029,3,p61,City of Clovis Landfill,402848,Rambler,TX,511.6350006953205
2029,3,p61,City of Clovis Landfill,402083,Solaire Holman Solar Project,TX,971.5348909248532
2029,3,p61,City of Clovis Landfill,403023,"Taygete Energy Project, LLC",TX,365.23357206533564
2029,3,p61,City of Clovis Landfill,404647,Taygete II Energy Project,TX,456.4872685332773
2029,3,p61,City of Clovis Landfill,403551,Titan Solar Project,TX,424.8570554116983
2029,3,p61,Victoria Landfill,406103,Zier Solar,TX,493.81045824195826
2029,3,p62,City of Clovis Landfill,403502,2W Permian Solar Project Hybrid,TX,349.2573029807468
2029,3,p62,City of Clovis Landfill,403697,CED Crane Solar,TX,407.61013262794256
2029,3,p62,City of Clovis Landfill,401525,Castle Gap Solar Hybrid,TX,458.90909517791334
2029,3,p62,City of Clovis Landfill,404599,Emerald Grove,TX,594.2023654130357
2029,3,p62,City of Clovis Landfill,403004,Lapetus,TX,432.16794151768966
2029,3,p62,City of Clovis Landfill,403280,Oberon IA,TX,463.9144366665059
2029,3,p62,City of Clovis Landfill,403279,Oberon IB,TX,1941.1962960556964
2029,3,p62,City of Clovis Landfill,403602,Oxy Renewable Energy-Goldsmith,TX,2696.193989216023
2029,3,p62,City of Clovis Landfill,402679,Phoebe Solar,TX,451.82041101249024
2029,3,p62,City of Clovis Landfill,403177,Prospero Solar,TX,222.2373004716703
2029,3,p62,City of Clovis Landfill,404128,Prospero Solar II,TX,332.917952450424
2029,3,p62,City of Clovis Landfill,403070,"Roadrunner, LLC",TX,356.06166361771614
2029,3,p62,City of Clovis Landfill,401805,Upton County Solar,TX,1030.3933732350442
2029,3,p62,City of Clovis Landfill,402995,West of the Pecos Solar,TX,773.4483327392735
2029,3,p63,Victoria Landfill,405599,"BPL Crown Solar, LLC",TX,663.1812062166166
2029,3,p63,Victoria Landfill,404966,BPL Files Solar,TX,823.2070423790449
2029,3,p63,Victoria Landfill,403825,Briar Creek Solar 1,TX,844.8378797339604
2029,3,p63,Victoria Landfill,402610,Chisum,TX,35111.38227270264
2029,3,p63,Victoria Landfill,401697,CoServ Community Solar Station,TX,157304.07493082905
2029,3,p63,Victoria Landfill,403188,Coniglio Solar,TX,1385.4595552646922
2029,3,p63,Victoria Landfill,406415,Dileo Solar,TX,1064.4883029278833
2029,3,p63,Victoria Landfill,402655,Eddy II,TX,7766.91169026413
2029,3,p63,Victoria Landfill,406221,Eiffel Solar Project,TX,1025.3706346674244
2029,3,p63,Victoria Landfill,405540,"Ellis Solar, LLC",TX,1448.8825581444478
2029,3,p63,Victoria Landfill,403823,Elm Branch Solar 1,TX,737.5183544941508
2029,3,p63,Victoria Landfill,406206,Five Wells Solar Center - Hybrid,TX,285.0813748008999
2029,3,p63,Victoria Landfill,404567,G.S.E. One LLC,TX,1399.95410079333
2029,3,p63,Victoria Landfill,403288,Griffin Solar,TX,12812.116365015097
2029,3,p63,Victoria Landfill,406202,Grizzly Ridge Solar,TX,802.8968786319583
2029,3,p63,Victoria Landfill,402329,Highway 56 Solar,TX,191562.88462060402
2029,3,p63,Victoria Landfill,405689,"IP Radian, LLC",TX,621.8022714554119
2029,3,p63,Victoria Landfill,403481,Impact Solar 1,TX,696.3365626597943
2029,3,p63,Victoria Landfill,403190,Kellam Solar,TX,1559.954681525277
2029,3,p63,Victoria Landfill,402421,Leon Solar,TX,31005.878228069476
2029,3,p63,Victoria Landfill,403874,Lily Solar Hybrid,TX,739.844011314049
2029,3,p63,Victoria Landfill,402404,Marlin Solar,TX,11257.732228974626
2029,3,p63,Victoria Landfill,405794,Noble Solar,TX,2853.135955704216
2029,3,p63,City of Clovis Landfill,405794,Noble Solar,TX,495.88389896620293
2029,3,p63,Victoria Landfill,401933,Phantom Solar,TX,4944.1763585578465
2029,3,p63,Victoria Landfill,404872,"Pisgah Ridge Solar, LLC",TX,500.5408366934031
2029,3,p63,Victoria Landfill,406416,Pitts Dudik Solar,TX,1535.6956417110669
2029,3,p63,Victoria Landfill,403189,Rippey Solar,TX,1922.6444070585
2029,3,p63,Victoria Landfill,404630,"Samson Solar Energy III, LLC",TX,641.72858397969
2029,3,p63,Victoria Landfill,402652,Sterling Solar (TX),TX,15573.182808548954
2029,3,p63,Victoria Landfill,404812,Sun Valley Solar Project,TX,580.8354078480833
2029,3,p63,Victoria Landfill,404388,"TPE Erath Solar, LLC",TX,8719.079272324097
2029,3,p63,Victoria Landfill,403457,"TPE Whitney Solar, LLC",TX,7963.466302991867
2029,3,p63,Victoria Landfill,405361,Toyota HQ Plan,TX,39236.27322845003
2029,3,p63,Victoria Landfill,405907,Verizon Hidden Ridge Solar Project,TX,297481.04248896724
2029,3,p63,Victoria Landfill,405984,Waco Solar,TX,447.753152327202
2029,3,p63,Victoria Landfill,402306,Walnut Springs Solar,TX,15934.833062267306
2029,3,p63,Victoria Landfill,402497,West Moore Solar II,TX,40717.3705496788
2029,3,p63,Victoria Landfill,402330,Whitesboro Solar,TX,67724.85845437007
2029,3,p63,Victoria Landfill,402331,Whitesboro Solar II,TX,203359.3928534032
2029,3,p63,Victoria Landfill,402414,Whitewright Solar,TX,16646.953005184383
2029,3,p63,Victoria Landfill,402654,Yellow Jacket,TX,17078.866883317387
2029,3,p64,Victoria Landfill,405731,Austin TX GigaFactory,TX,13215.021974927027
2029,3,p64,Victoria Landfill,402203,Bandera Electric Coop PV,TX,24550.62871790058
2029,3,p64,Victoria Landfill,404721,"Blue Jay Solar I, LLC",TX,369.41548163125765
2029,3,p64,Victoria Landfill,402648,Bovine,TX,1680.6517118907964
2029,3,p64,Victoria Landfill,402389,"E-Volve Energy Holdings, LLC",TX,17630.098952842432
2029,3,p64,Victoria Landfill,400227,East Blackland Solar Project 1,TX,303.4580129996544
2029,3,p64,Victoria Landfill,405101,IKEA Round Rock 027,TX,24302.36469336662
2029,3,p64,Victoria Landfill,402653,Lampwick,TX,7259.1979217408525
2029,3,p64,Victoria Landfill,405613,Niagara Bottling - Seguin,TX,3679.504142879388
2029,3,p64,Victoria Landfill,402544,PowerFin Kingsbery,TX,9071.724395151012
2029,3,p64,Victoria Landfill,400249,Webberville Solar Project,TX,1122.4919630113777
2029,3,p65,Victoria Landfill,405700,Aktina Solar,TX,166.45360679858481
2029,3,p65,Victoria Landfill,404074,"Alexis Solar, LLC",TX,15484.985853029639
2029,3,p65,Victoria Landfill,405727,Bernard Creek Solar,TX,396.86850680846334
2029,3,p65,Victoria Landfill,400081,Blue Wing Solar Energy Generation,TX,7123.372956810396
2029,3,p65,Victoria Landfill,405477,Brightside,TX,1369.8447281994688
2029,3,p65,Victoria Landfill,401728,CPS 1 Community Solar,TX,113865.01093497474
2029,3,p65,Victoria Landfill,402656,Cascade Solar (TX),TX,10518.724830521196
2029,3,p65,Victoria Landfill,403987,Catan Solar,TX,4931.18711459779
2029,3,p65,Victoria Landfill,403091,Commerce Solar,TX,22723.51597316164
2029,3,p65,Victoria Landfill,404247,"Corazon Energy, LLC",TX,840.8941519180521
2029,3,p65,Victoria Landfill,404062,Elara Solar,TX,1097.5614010318732
2029,3,p65,Victoria Landfill,404359,FELPS 1-Calaveras,TX,175301.36133451635
2029,3,p65,Victoria Landfill,404361,FELPS 2-Calaveras,TX,97487.71002009147
2029,3,p65,Victoria Landfill,404362,FELPS 3-Floresville South,TX,77374.75962113043
2029,3,p65,Victoria Landfill,404363,FELPS 4-Floresville South,TX,77386.3181566555
2029,3,p65,Victoria Landfill,404364,FELPS 5-Floresville South,TX,77406.72517400785
2029,3,p65,Victoria Landfill,404739,FELPS 6- Floresville West,TX,82286.66894793545
2029,3,p65,Victoria Landfill,404740,FELPS 7- Floresville West,TX,91409.04665436088
2029,3,p65,Victoria Landfill,406516,Ganado Solar,TX,300.89471423753577
2029,3,p65,Victoria Landfill,405801,Horizon Solar,TX,795.182171987706
2029,3,p65,Victoria Landfill,405380,IKEA Live Oak Rooftop PV System,TX,61046.4981587734
2029,3,p65,Victoria Landfill,403343,Mars Solar,TX,20668.29794874473
2029,3,p65,Victoria Landfill,404877,Nebula Solar,TX,2015.5404868688952
2029,3,p65,Victoria Landfill,400694,"OCI Alamo 2, LLC",TX,28426.510213176858
2029,3,p65,Victoria Landfill,400965,"OCI Alamo 3, LLC",TX,25647.1366385969
2029,3,p65,Victoria Landfill,400966,"OCI Alamo 5, LLC",TX,2052.5031796390067
2029,3,p65,Victoria Landfill,400593,OCI Alamo Solar I Hybrid,TX,4139.031496853668
2029,3,p65,Victoria Landfill,405809,Shakes Solar,TX,1266.4171223848343
2029,3,p65,Victoria Landfill,405545,Sparta Solar,TX,342.11257720331747
2029,3,p65,Victoria Landfill,400379,"SunE CPS1, LLC",TX,12349.34463713613
2029,3,p65,Victoria Landfill,400364,"SunE CPS2, LLC",TX,12402.519834181372
2029,3,p65,Victoria Landfill,400353,"SunE CPS3, LLC",TX,15038.810413752664
2029,3,p65,Victoria Landfill,406032,Tres Bahias,TX,197.94059873174692
2029,3,p65,Victoria Landfill,404878,Vancourt Solar Interconnections,TX,4140.5811408363315
2029,3,p66,Victoria Landfill,406386,Umbriel Solar,TX,992.1852281926506
2029,3,p67,Victoria Landfill,404939,Brazoria County Solar Project (Danciger),TX,218.88767741229006
2029,3,p67,Victoria Landfill,404681,Brazoria West,TX,258.9034426513606
2029,3,p67,Victoria Landfill,402649,Bronson,TX,2765.737742311243
2029,3,p67,Victoria Landfill,406178,"Cutlass Solar 1, LLC",TX,319.23954271972053
2029,3,p67,Victoria Landfill,404587,Fighting Jays Solar Project,TX,213.43647463913436
2029,3,p67,Victoria Landfill,405564,"Fort Bend Solar, LLC",TX,185.49377727198265
2029,3,p67,Victoria Landfill,404853,"Longbow Solar, LLC",TX,677.3828145975056
2029,3,p67,Victoria Landfill,403514,Wagyu,TX,395.10584472705244
2029,4,p12,Apex Regional Landfill,402144,Battle Mountain Solar Project,NV,626.1342384314503
2029,4,p12,Apex Regional Landfill,405553,Dodge Flat,NV,1366.4618028480845
2029,4,p12,Apex Regional Landfill,402609,"EGP Stillwater Solar PV II, LLC",NV,2676.934015103882
2029,4,p12,Apex Regional Landfill,404659,Fish Springs,NV,1241.8534150340965
2029,4,p12,Apex Regional Landfill,401086,Ft. Churchill PV,NV,6636.497575672154
2029,4,p12,Apex Regional Landfill,402130,Luning Energy,NV,877.8893123177887
2029,4,p12,Apex Regional Landfill,403107,NVSS-II,NV,599.1583304894168
2029,4,p12,Apex Regional Landfill,400468,"Patua Acquisition Project, LLC",NV,6002.985136550021
2029,4,p12,Apex Regional Landfill,405023,Steamboat II,NV,96692.32502255926
2029,4,p12,Apex Regional Landfill,400029,Stillwater Facility,NV,2461.5104636311685
2029,4,p12,Apex Regional Landfill,401318,Sunshine Valley Solar,NV,234.4836740588548
2029,4,p12,Apex Regional Landfill,405026,TS Power Plant,NV,565.8308723178213
2029,4,p12,Apex Regional Landfill,405576,Tesla Reno GigaFactory,NV,11211.076297190062
2029,4,p12,Apex Regional Landfill,401943,Tungsten Mountain,NV,6767.9632264036945
2029,4,p12,Apex Regional Landfill,403308,Turquoise Liberty Solar,NV,10676.604468781714
2029,4,p12,Apex Regional Landfill,403884,"Turquoise Nevada, LLC",NV,1998.6950801301432
2029,4,p12,Apex Regional Landfill,400035,Western 102 Power Plant,NV,529327.4584060449
2029,4,p13,Apex Regional Landfill,400555,Apex Solar PV Power Project,NV,390.0631717644341
2029,4,p13,Apex Regional Landfill,405385,Arrow Canyon Solar Hybrid,NV,279.19689021102624
2029,4,p13,Apex Regional Landfill,402017,"Boulder Solar II, LLC",NV,185.47097205707232
2029,4,p13,Apex Regional Landfill,401649,"Boulder Solar Power, LLC",NV,134.35917107878993
2029,4,p13,Apex Regional Landfill,400059,CM10,NV,1583.5325737844757
2029,4,p13,Apex Regional Landfill,400086,CM48,NV,280.880240307881
2029,4,p13,Apex Regional Landfill,400363,Copper Mountain Solar 2,NV,104.7195824835941
2029,4,p13,Apex Regional Landfill,400802,Copper Mountain Solar 3,NV,95.67428838868244
2029,4,p13,Apex Regional Landfill,401308,"Copper Mountain Solar 4, LLC",NV,131.77327744083684
2029,4,p13,Apex Regional Landfill,403688,"Copper Mountain Solar 5, LLC",NV,120.66525792185723
2029,4,p13,Apex Regional Landfill,405358,Dignity - San Martin,NV,2449.66230195385
2029,4,p13,Apex Regional Landfill,405355,Dignity - Siena Campus,NV,2411.0193938559673
2029,4,p13,Apex Regional Landfill,405556,Dry Lake Solar Energy Center,NV,124.04800195212782
2029,4,p13,Apex Regional Landfill,405495,Gemini Solar,NV,89.79754565722858
2029,4,p13,Apex Regional Landfill,403386,"Harry Allen Solar Energy, LLC",NV,140.5021478798026
2029,4,p13,Apex Regional Landfill,406090,IGS LAS1,NV,4857.366050141483
2029,4,p13,Apex Regional Landfill,406089,IGS VGT,NV,3875.817177873905
2029,4,p13,Apex Regional Landfill,405309,IKEA Las Vegas 462,NV,5521.230963539349
2029,4,p13,Apex Regional Landfill,400545,Las Vegas WPCF Solar Plant,NV,527.7978436099966
2029,4,p13,Apex Regional Landfill,400313,Moapa Southern Paiute,NV,134.75462395912314
2029,4,p13,Apex Regional Landfill,400600,Mountain View Solar,NV,389.4786408804527
2029,4,p13,Apex Regional Landfill,400036,Nellis Air Force Base Solar Array,NV,268.75725503472415
2029,4,p13,Apex Regional Landfill,401381,Nellis Solar PV II,NV,149.05162629516806
2029,4,p13,Apex Regional Landfill,401319,"Playa Solar 1, LLC",NV,146.15216287860156
2029,4,p13,Apex Regional Landfill,401596,Playa Solar 2,NV,111.54871692078325
2029,4,p13,Apex Regional Landfill,401274,River Mountains Solar,NV,383.99749063942915
2029,4,p13,Mohave Valley Landfill,401042,Searchlight Solar,NV,1011.289720810101
2029,4,p13,Apex Regional Landfill,400166,Silver State Solar Power North,NV,364.1834264666519
2029,4,p13,Apex Regional Landfill,400658,Silver State Solar Power South,NV,107.81033719264914
2029,4,p13,Apex Regional Landfill,405246,"Solar Las Vegas MB 2, LLC",NV,1453.2267267389443
2029,4,p13,Apex Regional Landfill,405188,Solar Las Vegas MB-1,NV,397.1884899529904
2029,4,p13,Apex Regional Landfill,400556,Spectrum Solar PV Power Project,NV,190.37289319266472
2029,4,p13,Apex Regional Landfill,402485,"Techren Solar I, LLC",NV,142.78227579133545
2029,4,p13,Apex Regional Landfill,402690,"Techren Solar II, LLC",NV,81.013147678012
2029,4,p13,Apex Regional Landfill,402691,"Techren Solar III, LLC",NV,381.2120569391808
2029,4,p13,Apex Regional Landfill,402692,"Techren Solar IV, LLC",NV,349.4552265927062
2029,4,p13,Apex Regional Landfill,403001,Techren Solar V,NV,168.43273104401692
2029,4,p13,Apex Regional Landfill,401851,Townsite Solar Project Hybrid,NV,88.45727743573431
2029,4,p13,Apex Regional Landfill,406448,Yellow Pine II,NV,327.7117531620485
2029,4,p13,Apex Regional Landfill,404971,Yellow Pine Solar,NV,252.2980720602711
2029,4,p27,Mohave Valley Landfill,400374,"Black Mountain Solar, LLC",AZ,209.2657982818199
2029,4,p27,Mohave Valley Landfill,402236,Gray Hawk Solar,AZ,117.01827883744382
2029,4,p27,Mohave Valley Landfill,401819,Jacobson 5 MW Solar,AZ,716.6661227653481
2029,4,p27,Mohave Valley Landfill,400199,La Senita,AZ,2299.420051025199
2029,4,p27,Mohave Valley Landfill,403718,Mohave Electric Cooperative at Joy Lane,AZ,61.650414330169184
2029,4,p27,Mohave Valley Landfill,401311,Mohave Electric at Fort Mohave,AZ,91.90494409256573
2029,4,p27,Mohave Valley Landfill,406478,Mohave Energy - Hybrid,AZ,51.18262140192911
2029,4,p28,Apache Junction Landfill,405418,AZ State University - Tempe Campus Solar,AZ,3493.7992188764965
2029,4,p28,South Yuma County Landfill,400148,Agua Caliente Solar Project,AZ,209.89959669347795
2029,4,p28,Apache Junction Landfill,402067,Apache Solar 1,AZ,2369.5549401193935
2029,4,p28,South Yuma County Landfill,400274,Arizona Western College PV,AZ,701.8893260636122
2029,4,p28,Apache Junction Landfill,400240,Arlington Valley Solar Energy II,AZ,230.3195839198553
2029,4,p28,Apache Junction Landfill,400437,Badger 1,AZ,1474.3339292735272
2029,4,p28,Apache Junction Landfill,401688,Bonnybrooke PV,AZ,243.04203961630924
2029,4,p28,Apache Junction Landfill,400371,Buckeye Union HS District 201,AZ,5815.367175496343
2029,4,p28,Apache Junction Landfill,405635,"Central Line Solar, LLC",AZ,219.10317813007399
2029,4,p28,Apache Junction Landfill,400201,Chino Solar Valley,AZ,2043.7778022074212
2029,4,p28,Apache Junction Landfill,400202,Cotton Center Solar Hybrid,AZ,1490.2089649905868
2029,4,p28,Apache Junction Landfill,401069,Desert Star Hybrid,AZ,2882.907169044086
2029,4,p28,Apache Junction Landfill,403257,East Line Solar,AZ,192.814232737267
2029,4,p28,Apache Junction Landfill,406171,Eleven Mile Solar Center,AZ,139.9833983232727
2029,4,p28,Apache Junction Landfill,405244,Estrella Mountain PV,AZ,7581.903387161506
2029,4,p28,South Yuma County Landfill,400349,Foothills Solar Plant Hybrid,AZ,148.3586663728592
2029,4,p28,Apache Junction Landfill,400825,Fort Huachuca Solar PV Project,AZ,2348.8345897276618
2029,4,p28,Apache Junction Landfill,400845,Gila Bend Hybrid,AZ,784.9822683231952
2029,4,p28,Apache Junction Landfill,400599,"Gilbert Solar Facility I, LLC",AZ,2033.4239732022322
2029,4,p28,South Yuma County Landfill,400507,Hyder II Hybrid,AZ,1647.7497135833705
2029,4,p28,South Yuma County Landfill,400204,Hyder Solar Hybrid,AZ,2404.5165733066206
2029,4,p28,Apache Junction Landfill,405282,Intel - Ocotillo Campus Solar,AZ,2166.234884227362
2029,4,p28,Apache Junction Landfill,405125,Jewish Community Center PV,AZ,9058.076619246654
2029,4,p28,Apache Junction Landfill,402234,Kayenta Solar Project,AZ,1456.7406706988043
2029,4,p28,Apache Junction Landfill,400595,Lake Pleasant WTP,AZ,3531.5982824738976
2029,4,p28,Apache Junction Landfill,400128,Luke Solar,AZ,1866.2276712785456
2029,4,p28,Apache Junction Landfill,405068,Macys Goodyear,AZ,5888.026456711131
2029,4,p28,South Yuma County Landfill,406279,McFarland A Solar and Storage,AZ,148.773231502336
2029,4,p28,Apache Junction Landfill,405617,Mesa Carport PV,AZ,378.7523721885953
2029,4,p28,Apache Junction Landfill,404512,Mesa Solar Array,AZ,390.18518736434197
2029,4,p28,Apache Junction Landfill,400250,Mesquite Solar 1,AZ,380.8305919852779
2029,4,p28,Apache Junction Landfill,401621,"Mesquite Solar 2, LLC",AZ,329.1890446191747
2029,4,p28,Apache Junction Landfill,401622,"Mesquite Solar 3, LLC",AZ,214.07448363947063
2029,4,p28,Apache Junction Landfill,406038,"Mesquite Solar 4, LLC",AZ,587.7069640164099
2029,4,p28,Apache Junction Landfill,404922,"Mesquite Solar 5, LLC",AZ,465.68370821599854
2029,4,p28,Mohave Valley Landfill,403572,OE_AZ1,AZ,1119.457637975699
2029,4,p28,Apache Junction Landfill,400203,Paloma Solar Hybrid,AZ,1449.172522705083
2029,4,p28,Apache Junction Landfill,405126,Paradise Valley H.S. PV,AZ,10334.877190644806
2029,4,p28,Apache Junction Landfill,405150,Phoenix Airport East Economy Lot,AZ,7637.898050830127
2029,4,p28,Apache Junction Landfill,405151,Phoenix Airport Rental Car Center,AZ,6686.680277903431
2029,4,p28,Apache Junction Landfill,402528,Pinal Central Energy Center Hybrid,AZ,528.2765672026565
2029,4,p28,Apache Junction Landfill,400125,"Poseidon Solar, LLC",AZ,277.43464486980247
2029,4,p28,Apache Junction Landfill,400031,Prescott Airport,AZ,14028.146614478785
2029,4,p28,Apache Junction Landfill,400401,Prescott Solar Plant,AZ,2889.100757164036
2029,4,p28,Apache Junction Landfill,400323,Queen Creek Solar Farm,AZ,184.43164957101888
2029,4,p28,Mohave Valley Landfill,400289,"RE Bagdad Solar I, LLC",AZ,1752.1684640790838
2029,4,p28,Apache Junction Landfill,405132,"RE Gillespie 1, LLC",AZ,1479.712317628538
2029,4,p28,Apache Junction Landfill,400758,Red Horse 2,AZ,680.4254091060376
2029,4,p28,Apache Junction Landfill,401609,Red Horse III,AZ,1089.2102432108404
2029,4,p28,Apache Junction Landfill,401726,Red Rock,AZ,458.07032569996284
2029,4,p28,Apache Junction Landfill,406380,SR McNeal,AZ,2961.7264286042755
2029,4,p28,Apache Junction Landfill,400416,Saddle Mountain Solar I,AZ,2051.5559569384914
2029,4,p28,Apache Junction Landfill,403674,Saint Solar,AZ,214.0660783479036
2029,4,p28,Apache Junction Landfill,401214,Sandstone Solar,AZ,253.0333440191637
2029,4,p28,Apache Junction Landfill,405029,Solana Generating Station,AZ,246.1437040188814
2029,4,p28,Apache Junction Landfill,406275,Sonoran Solar Energy,AZ,143.7399705980369
2029,4,p28,Apache Junction Landfill,406034,Storey Solar and Storage,AZ,131.3874504619915
2029,4,p28,Apache Junction Landfill,401664,Sulphur Springs,AZ,1841.6351898505566
2029,4,p28,Apache Junction Landfill,403643,Sun Streams 2,AZ,202.5111327268643
2029,4,p28,Apache Junction Landfill,406517,Sun Streams 3,AZ,153.983366627828
2029,4,p28,Apache Junction Landfill,401975,"Sun Streams, LLC",AZ,316.8685111681307
2029,4,p28,Apache Junction Landfill,405311,T0588 Phoenix - AZ,AZ,13512.31924072921
2029,4,p28,Apache Junction Landfill,405134,Union HS at Casa Grande,AZ,7152.486590609628
2029,4,p28,Apache Junction Landfill,405135,Vista Grande HS at Casa Grande,AZ,8791.355069959169
2029,4,p28,Apache Junction Landfill,400334,Walmart Casa Grande,AZ,7574.438462653165
2029,4,p28,Apache Junction Landfill,406098,"West Line Solar, LLC",AZ,256.03473977246637
2029,4,p29,Apache Junction Landfill,400014,Springerville,AZ,1785.066983294785
2029,4,p30,Apache Junction Landfill,405143,Actus Lend Lease DMAFB,AZ,5989.599449526758
2029,4,p30,Apache Junction Landfill,405611,Amazon TUS2,AZ,7297.572801372834
2029,4,p30,Apache Junction Landfill,405268,Amphitheater High School Solar,AZ,65786.26617351749
2029,4,p30,Apache Junction Landfill,400939,Avalon Solar,AZ,721.1332287757074
2029,4,p30,Apache Junction Landfill,401479,Avalon Solar II,AZ,1124.9303063065024
2029,4,p30,Apache Junction Landfill,400226,Avra Valley Solar,AZ,574.9683478951252
2029,4,p30,Apache Junction Landfill,404704,Broadway 2 - Tucson Phase II,AZ,5315.4357557169415
2029,4,p30,Apache Junction Landfill,405768,Broadway 3 - Tucson Phase I,AZ,12655.114459362567
2029,4,p30,Apache Junction Landfill,405269,Canyon Del Oro High School Solar,AZ,3477.248942493267
2029,4,p30,Apache Junction Landfill,400757,Cogenra-TEP,AZ,15497.197420909413
2029,4,p30,Apache Junction Landfill,401295,Davis Monthan AFB (AZ) West Airfield,AZ,1192.2358287521379
2029,4,p30,Apache Junction Landfill,400330,FRB Solar Farm,AZ,16211.335794528526
2029,4,p30,Apache Junction Landfill,400761,"Gato Montes Solar, LLC",AZ,3896.9464495413386
2029,4,p30,Apache Junction Landfill,404536,Iron Horse Battery Storage Hybrid,AZ,12904.784015934536
2029,4,p30,Apache Junction Landfill,400552,"Picture Rocks Solar, LLC",AZ,1931.4928858546673
2029,4,p30,Apache Junction Landfill,405374,Pima Community College,AZ,15011.38861269006
2029,4,p30,Apache Junction Landfill,405303,Pima Community College - East Campus,AZ,15817.221223338678
2029,4,p30,Apache Junction Landfill,405516,Pima Community College NW,AZ,13465.36340635451
2029,4,p30,Apache Junction Landfill,400408,Prairie Fire,AZ,3440.43432239894
2029,4,p30,Apache Junction Landfill,400290,"RE Ajo 1, LLC",AZ,3676.1101378989893
2029,4,p30,Apache Junction Landfill,404926,Raptor Ridge,AZ,1524.2065863639816
2029,4,p30,Apache Junction Landfill,400857,Rio Rico Solar,AZ,5090.996680241156
2029,4,p30,Apache Junction Landfill,400193,Roger Road WWTP,AZ,14199.657558897647
2029,4,p30,Apache Junction Landfill,401076,Tech Park Solar,AZ,3075.883925103326
2029,4,p30,Apache Junction Landfill,400156,UASTP I,AZ,32303.415003086222
2029,4,p30,Apache Junction Landfill,401075,Valencia Solar,AZ,2095.4230181452926
2029,4,p30,Apache Junction Landfill,404187,"Wilmot Energy Center, LLC",AZ,198.58832349979966
2029,4,p31,City of Clovis Landfill,400211,Alamogordo Solar Energy Center,NM,20904.46596444382
2029,4,p31,Northeastern New Mexico Regional Landfill,400206,Albuquerque Solar Energy Center,NM,38062.26319715413
2029,4,p31,Northeastern New Mexico Regional Landfill,403675,Alcalde Solar Array,NM,13463.413962654564
2029,4,p31,Apache Junction Landfill,401595,Alta Luna,NM,3686.1235441943145
2029,4,p31,Northeastern New Mexico Regional Landfill,404724,Angel Fire Energy Facility,NM,1765.0390112852551
2029,4,p31,Northeastern New Mexico Regional Landfill,405469,Arroyo Solar Energy Storage Hybrid,NM,415.3061754212796
2029,4,p31,Northeastern New Mexico Regional Landfill,403321,Bluewater CDEC 1,NM,37873.13278255654
2029,4,p31,Northeastern New Mexico Regional Landfill,403736,Britton Solar Energy Center,NM,963.0645058028309
2029,4,p31,City of Clovis Landfill,404981,Buena Vista Energy Center,NM,967.1833619187502
2029,4,p31,Northeastern New Mexico Regional Landfill,402876,CNMEC Solar Energy Center,NM,31746.40195228062
2029,4,p31,City of Clovis Landfill,402519,Carrizozo Solar,NM,31636.89435845189
2029,4,p31,Northeastern New Mexico Regional Landfill,401202,Cibola,NM,17374.546131981104
2029,4,p31,Northeastern New Mexico Regional Landfill,400104,Cimarron Solar Facility,NM,383.3865611785259
2029,4,p31,Apache Junction Landfill,402988,City of Gallup Solar,NM,14355.76765586865
2029,4,p31,Northeastern New Mexico Regional Landfill,403604,City of Rio Rancho WWTP,NM,53192.0385658447
2029,4,p31,Apache Junction Landfill,401225,City of Truth or Consequences PV,NM,60794.20483666368
2029,4,p31,Apache Junction Landfill,402177,Columbus Solar Project,NM,56068.662307083025
2029,4,p31,Northeastern New Mexico Regional Landfill,404748,"Cuba 2.5ac, LLC",NM,21499.099388808725
2029,4,p31,Apache Junction Landfill,400209,Deming Solar Energy Center,NM,15783.61507212779
2029,4,p31,Northeastern New Mexico Regional Landfill,403868,Encino Solar Energy Center,NM,1310.9571795854379
2029,4,p31,Northeastern New Mexico Regional Landfill,401038,Eubank Landfill Solar Array,NM,53807.99533195127
2029,4,p31,Northeastern New Mexico Regional Landfill,402441,Facebook 1 Solar Energy Center,NM,6271.051789256628
2029,4,p31,Northeastern New Mexico Regional Landfill,402442,Facebook 2 Solar Energy Center,NM,6036.136892937063
2029,4,p31,Northeastern New Mexico Regional Landfill,402443,Facebook 3 Solar Energy Center,NM,8615.478697559201
2029,4,p31,Northeastern New Mexico Regional Landfill,403322,Grants CDEC 2,NM,25366.129111296268
2029,4,p31,Apache Junction Landfill,400216,"Hatch Solar Energy Center I, LLC",NM,26766.025751496094
2029,4,p31,City of Clovis Landfill,401617,Holloman Solar Facility,NM,20648.622921611553
2029,4,p31,Northeastern New Mexico Regional Landfill,406109,"Jicarilla Solar 1, LLC",NM,1568.7596318323651
2029,4,p31,Northeastern New Mexico Regional Landfill,400427,Kit Carson,NM,29726.183204429006
2029,4,p31,Northeastern New Mexico Regional Landfill,400210,Las Vegas Solar Energy Center,NM,4634.643643619629
2029,4,p31,Northeastern New Mexico Regional Landfill,400434,Los Alamos PV Site,NM,65396.04636563432
2029,4,p31,Northeastern New Mexico Regional Landfill,400207,Los Lunas Solar Energy Center,NM,11140.966318287043
2029,4,p31,Apache Junction Landfill,400838,Macho Springs,NM,2484.6087747435017
2029,4,p31,Northeastern New Mexico Regional Landfill,400582,Manzano Solar,NM,8587.755971748307
2029,4,p31,Northeastern New Mexico Regional Landfill,401201,Meadow Lake Solar Energy Center,NM,6395.63770826597
2029,4,p31,Northeastern New Mexico Regional Landfill,406177,"NMRD Data Center III, LLC",NM,1152.7740595428604
2029,4,p31,City of Clovis Landfill,405693,NMSU Solar and Storage,NM,35600.69943618445
2029,4,p31,Northeastern New Mexico Regional Landfill,406375,OE_ESCL,NM,631.1030101450779
2029,4,p31,City of Clovis Landfill,400581,Otero Solar,NM,11801.310261140101
2029,4,p31,Northeastern New Mexico Regional Landfill,400146,Questa Solar Facility,NM,40407.363208209
2029,4,p31,Northeastern New Mexico Regional Landfill,403178,"RC Energy AA, LLC Solar Facility",NM,65558.43814025915
2029,4,p31,Northeastern New Mexico Regional Landfill,401566,Rio Communities Solar Energy Center,NM,9252.326037342284
2029,4,p31,Northeastern New Mexico Regional Landfill,403084,Rio De Oro Solar Energy Center,NM,12678.762653768114
2029,4,p31,Northeastern New Mexico Regional Landfill,400624,Rio Rancho High School,NM,88707.17106286169
2029,4,p31,City of Clovis Landfill,400135,Roadrunner Solar,NM,5666.322577763619
2029,4,p31,Northeastern New Mexico Regional Landfill,404648,"Route 66 Energy Center, LLC",NM,1947.3738437214147
2029,4,p31,Northeastern New Mexico Regional Landfill,403387,San Miguel I Solar Energy Center,NM,3062.898111961655
2029,4,p31,Northeastern New Mexico Regional Landfill,405458,San Miguel II Solar Energy Center,NM,2044.9630233877083
2029,4,p31,Northeastern New Mexico Regional Landfill,401161,Sandoval Solar Energy Center,NM,11525.166032510326
2029,4,p31,Northeastern New Mexico Regional Landfill,401564,Santa Fe Solar Energy Center,NM,4354.868711270287
2029,4,p31,Northeastern New Mexico Regional Landfill,401565,Santolina Solar Energy Center,NM,9709.735248784342
2029,4,p31,Apache Junction Landfill,400596,Silver City WWTP PV Project,NM,103361.32050143873
2029,4,p31,Northeastern New Mexico Regional Landfill,406343,Sky Ranch Solar,NM,370.9642172875057
2029,4,p31,Northeastern New Mexico Regional Landfill,401563,South Valley Solar Energy Center,NM,6563.749090047658
2029,4,p31,Northeastern New Mexico Regional Landfill,401162,Springer Solar 1,NM,12271.690617974155
2029,4,p31,Northeastern New Mexico Regional Landfill,400735,Storrie Lake Solar Project,NM,16917.707899240104
2029,4,p31,Northeastern New Mexico Regional Landfill,400623,Sue Cleveland High School,NM,65036.34466400611
2029,4,p31,City of Clovis Landfill,400343,"SunE EPE1, LLC",NM,17259.947542010177
2029,4,p31,City of Clovis Landfill,400342,"SunE EPE2, LLC",NM,9234.336876993522
2029,4,p31,Northeastern New Mexico Regional Landfill,402854,Syncarpha Eagle Nest,NM,23917.018230001973
2029,4,p31,Northeastern New Mexico Regional Landfill,403412,Syncarpha El Rito,NM,25236.552286107883
2029,4,p31,Northeastern New Mexico Regional Landfill,403413,Syncarpha Questa,NM,20704.073237541306
2029,4,p31,Northeastern New Mexico Regional Landfill,403411,Syncarpha Taos,NM,11299.295464640065
2029,4,p31,Northeastern New Mexico Regional Landfill,404618,Taos Mesa Energy Facility Hybrid,NM,1859.6862429659739
2029,4,p31,Northeastern New Mexico Regional Landfill,403011,Vista Solar Energy Center,NM,8855.12527508502
2029,4,p31,City of Clovis Landfill,400354,WSMR I,NM,21618.59498677805
2029,4,p31,Apache Junction Landfill,405245,Wal-Mart Truth or Consequences PV,NM,131033.16214487614
2029,4,p47,City of Clovis Landfill,400979,"Caprock Solar 1, LLC",NM,937.8993527773551
2029,4,p47,City of Clovis Landfill,404980,Chaves County Solar II,NM,1379.0179641021373
2029,4,p47,City of Clovis Landfill,401681,"Chaves Solar, LLC",NM,765.2765040979101
2029,4,p47,City of Clovis Landfill,400614,GSE NM1,NM,30253.01413534683
2029,4,p47,City of Clovis Landfill,404982,Hayhurst New Mexico Solar,NM,3559.3491887512437
2029,4,p47,City of Clovis Landfill,402530,Middle Daisy,NM,9197.588360739399
2029,4,p47,City of Clovis Landfill,401682,"Roswell Solar, LLC",NM,542.5965696663689
2029,4,p47,City of Clovis Landfill,400546,SEV NM Phase 2,NM,47491.35829849109
2029,4,p47,City of Clovis Landfill,400260,SPS1 Dollarhide,NM,6583.488861731476
2029,4,p47,City of Clovis Landfill,400261,SPS2 Jal,NM,8250.072905390134
2029,4,p47,City of Clovis Landfill,400262,SPS3 Lea,NM,7319.839250401966
2029,4,p47,City of Clovis Landfill,400264,SPS5 Hopi,NM,11678.932335391062
2029,4,p47,City of Clovis Landfill,404698,SoCore Clovis 1,NM,1593.2420104152286
2029,4,p48,City of Clovis Landfill,406439,"BESSP1, LLC",TX,1246.010395114309
2029,4,p48,City of Clovis Landfill,405590,"Hecate Energy Frye Solar, LLC",TX,148.177828659064
2029,4,p57,Victoria Landfill,404918,"Hecate Energy Upshur Rural, LLC",TX,12604.948420450399
2029,4,p59,City of Clovis Landfill,402666,Fort Bliss (DEA EPIC),TX,19828.575555957173
2029,4,p59,City of Clovis Landfill,401616,Montana Solar Facility,TX,11302.462707770082
2029,4,p59,City of Clovis Landfill,401045,Newman Solar,TX,8744.24560477301
2029,4,p60,City of Clovis Landfill,403962,"ANSON Solar Center, LLC",TX,455.82912741091593
2029,4,p60,City of Clovis Landfill,403883,Azure Sky Solar,TX,558.351675846346
2029,4,p60,City of Clovis Landfill,403232,"ENGIE Long Draw Solar, LLC",TX,247.13231142910897
2029,4,p60,City of Clovis Landfill,406252,Highpeak Solar 1,TX,6138.68178523848
2029,4,p60,City of Clovis Landfill,402721,Holstein 1 Solar Farm,TX,636.5558935377583
2029,4,p60,City of Clovis Landfill,405492,Juno Solar Project,TX,355.10708384798954
2029,4,p60,City of Clovis Landfill,402541,Lamesa II,TX,1788.905406638228
2029,4,p60,City of Clovis Landfill,401660,Lamesa Solar,TX,630.7353151539528
2029,4,p60,City of Clovis Landfill,405932,Lumina II Solar Project,TX,395.97394543310287
2029,4,p60,City of Clovis Landfill,405933,Lumina Solar Project,TX,416.98448328433386
2029,4,p60,City of Clovis Landfill,402909,Misae Solar,TX,307.3899773143734
2029,4,p60,City of Clovis Landfill,400968,"OCI Alamo 7, LLC",TX,874.3420034288193
2029,4,p60,City of Clovis Landfill,405939,Texas Solar Nova 1,TX,282.3828344443539
2029,4,p61,City of Clovis Landfill,400967,Alamo 6,TX,357.2314214914019
2029,4,p61,City of Clovis Landfill,403557,Aragorn Solar Project,TX,403.64980769675736
2029,4,p61,City of Clovis Landfill,400691,Barilla Solar,TX,1876.9693122225658
2029,4,p61,City of Clovis Landfill,401946,Bluebell Solar,TX,1735.4717947236036
2029,4,p61,City of Clovis Landfill,403574,Bluebell Solar II,TX,462.8087765317062
2029,4,p61,City of Clovis Landfill,400554,"Bryan Solar, LLC",TX,5289.784747961524
2029,4,p61,City of Clovis Landfill,401463,Buckthorn Westex,TX,434.90870755559075
2029,4,p61,City of Clovis Landfill,401703,East Pecos Solar,TX,483.7120490379166
2029,4,p61,City of Clovis Landfill,405363,Galloway 1 Solar Farm,TX,411.12022302510854
2029,4,p61,Victoria Landfill,405494,Galloway 2 Solar Farm,TX,3864.033993632206
2029,4,p61,City of Clovis Landfill,405494,Galloway 2 Solar Farm,TX,405.83878530236257
2029,4,p61,City of Clovis Landfill,403210,Greasewood,TX,386.892101039838
2029,4,p61,City of Clovis Landfill,406370,Hayhurst Texas Solar,TX,1065.5426125602798
2029,4,p61,City of Clovis Landfill,402304,Midway Solar-TX,TX,547.5486373649018
2029,4,p61,Victoria Landfill,400695,"OCI Alamo 4, LLC",TX,1327.974622914778
2029,4,p61,City of Clovis Landfill,401868,Pearl Solar,TX,974.6035309026755
2029,4,p61,City of Clovis Landfill,402290,RE Maplewood,TX,355.73760008648856
2029,4,p61,City of Clovis Landfill,401430,RE Roserock,TX,438.8681154744737
2029,4,p61,City of Clovis Landfill,402848,Rambler,TX,511.6350006953205
2029,4,p61,City of Clovis Landfill,402083,Solaire Holman Solar Project,TX,865.5180617887586
2029,4,p61,City of Clovis Landfill,403023,"Taygete Energy Project, LLC",TX,423.2085959595583
2029,4,p61,City of Clovis Landfill,404647,Taygete II Energy Project,TX,456.4872685332773
2029,4,p61,City of Clovis Landfill,403551,Titan Solar Project,TX,424.8570554116983
2029,4,p61,Victoria Landfill,406103,Zier Solar,TX,493.81045824195826
2029,4,p62,City of Clovis Landfill,403502,2W Permian Solar Project Hybrid,TX,349.2573029807468
2029,4,p62,City of Clovis Landfill,403697,CED Crane Solar,TX,407.61013262794256
2029,4,p62,City of Clovis Landfill,401525,Castle Gap Solar Hybrid,TX,547.2142284734961
2029,4,p62,City of Clovis Landfill,404599,Emerald Grove,TX,530.1113724449207
2029,4,p62,City of Clovis Landfill,403004,Lapetus,TX,432.16794151768966
2029,4,p62,City of Clovis Landfill,403280,Oberon IA,TX,463.9144366665059
2029,4,p62,City of Clovis Landfill,403279,Oberon IB,TX,1941.1962960556964
2029,4,p62,City of Clovis Landfill,403602,Oxy Renewable Energy-Goldsmith,TX,2696.193989216023
2029,4,p62,City of Clovis Landfill,402679,Phoebe Solar,TX,321.48931631874325
2029,4,p62,City of Clovis Landfill,403177,Prospero Solar,TX,222.2373004716703
2029,4,p62,City of Clovis Landfill,404128,Prospero Solar II,TX,332.917952450424
2029,4,p62,City of Clovis Landfill,403070,"Roadrunner, LLC",TX,356.06166361771614
2029,4,p62,City of Clovis Landfill,401805,Upton County Solar,TX,1030.3933732350442
2029,4,p62,City of Clovis Landfill,402995,West of the Pecos Solar,TX,773.4483327392735
2029,4,p63,Victoria Landfill,405599,"BPL Crown Solar, LLC",TX,663.1812062166166
2029,4,p63,Victoria Landfill,404966,BPL Files Solar,TX,714.1064211534672
2029,4,p63,Victoria Landfill,403825,Briar Creek Solar 1,TX,844.8378797339604
2029,4,p63,Victoria Landfill,402610,Chisum,TX,10575.066567470793
2029,4,p63,Victoria Landfill,401697,CoServ Community Solar Station,TX,78681.78881231452
2029,4,p63,Victoria Landfill,403188,Coniglio Solar,TX,1385.4595552646922
2029,4,p63,Victoria Landfill,406415,Dileo Solar,TX,1064.4883029278833
2029,4,p63,Victoria Landfill,402655,Eddy II,TX,7766.91169026413
2029,4,p63,Victoria Landfill,406221,Eiffel Solar Project,TX,1025.3706346674244
2029,4,p63,Victoria Landfill,405540,"Ellis Solar, LLC",TX,1275.2100751013918
2029,4,p63,Victoria Landfill,403823,Elm Branch Solar 1,TX,737.5183544941508
2029,4,p63,Victoria Landfill,406206,Five Wells Solar Center - Hybrid,TX,285.0813748008999
2029,4,p63,Victoria Landfill,404567,G.S.E. One LLC,TX,1265.9089600939972
2029,4,p63,Victoria Landfill,403288,Griffin Solar,TX,12812.116365015097
2029,4,p63,Victoria Landfill,406202,Grizzly Ridge Solar,TX,895.821151735953
2029,4,p63,Victoria Landfill,402329,Highway 56 Solar,TX,63893.96333606796
2029,4,p63,Victoria Landfill,405689,"IP Radian, LLC",TX,621.8022714554119
2029,4,p63,Victoria Landfill,403481,Impact Solar 1,TX,696.3365626597943
2029,4,p63,Victoria Landfill,403190,Kellam Solar,TX,1559.954681525277
2029,4,p63,Victoria Landfill,402421,Leon Solar,TX,23269.28434450211
2029,4,p63,Victoria Landfill,403874,Lily Solar Hybrid,TX,739.844011314049
2029,4,p63,Victoria Landfill,402404,Marlin Solar,TX,16856.846996561937
2029,4,p63,City of Clovis Landfill,405794,Noble Solar,TX,547.6441887808197
2029,4,p63,Victoria Landfill,402405,North Gainesville Solar,TX,28187.68947328064
2029,4,p63,Victoria Landfill,401933,Phantom Solar,TX,5758.288636017489
2029,4,p63,Victoria Landfill,404872,"Pisgah Ridge Solar, LLC",TX,390.2813009700523
2029,4,p63,Victoria Landfill,406416,Pitts Dudik Solar,TX,1535.6956417110669
2029,4,p63,Victoria Landfill,403189,Rippey Solar,TX,1922.6444070585
2029,4,p63,Victoria Landfill,404630,"Samson Solar Energy III, LLC",TX,641.72858397969
2029,4,p63,Victoria Landfill,402652,Sterling Solar (TX),TX,11694.762779861718
2029,4,p63,Victoria Landfill,404812,Sun Valley Solar Project,TX,385.33564008005203
2029,4,p63,Victoria Landfill,404388,"TPE Erath Solar, LLC",TX,7853.121614471689
2029,4,p63,Victoria Landfill,403457,"TPE Whitney Solar, LLC",TX,10221.74161990383
2029,4,p63,Victoria Landfill,405361,Toyota HQ Plan,TX,39236.27322845003
2029,4,p63,Victoria Landfill,405984,Waco Solar,TX,503.21750354537363
2029,4,p63,Victoria Landfill,402306,Walnut Springs Solar,TX,17919.24935832572
2029,4,p63,Victoria Landfill,402497,West Moore Solar II,TX,33941.05924036567
2029,4,p63,Victoria Landfill,402330,Whitesboro Solar,TX,67724.85845437007
2029,4,p63,Victoria Landfill,402331,Whitesboro Solar II,TX,203359.3928534032
2029,4,p63,Victoria Landfill,402414,Whitewright Solar,TX,19964.443067461256
2029,4,p63,Victoria Landfill,402654,Yellow Jacket,TX,17078.866883317387
2029,4,p64,Victoria Landfill,405731,Austin TX GigaFactory,TX,23739.43739982865
2029,4,p64,Victoria Landfill,402203,Bandera Electric Coop PV,TX,24550.62871790058
2029,4,p64,Victoria Landfill,404721,"Blue Jay Solar I, LLC",TX,369.41548163125765
2029,4,p64,Victoria Landfill,402648,Bovine,TX,1680.6517118907964
2029,4,p64,Victoria Landfill,402389,"E-Volve Energy Holdings, LLC",TX,11773.233533161629
2029,4,p64,Victoria Landfill,400227,East Blackland Solar Project 1,TX,272.96359809969766
2029,4,p64,Victoria Landfill,405101,IKEA Round Rock 027,TX,21608.713360081438
2029,4,p64,Victoria Landfill,402653,Lampwick,TX,7259.1979217408525
2029,4,p64,Victoria Landfill,405613,Niagara Bottling - Seguin,TX,4584.504505149234
2029,4,p64,Victoria Landfill,402544,PowerFin Kingsbery,TX,9071.724395151012
2029,4,p64,Victoria Landfill,400249,Webberville Solar Project,TX,803.5951822479643
2029,4,p65,Victoria Landfill,405700,Aktina Solar,TX,166.45360679858481
2029,4,p65,Victoria Landfill,404074,"Alexis Solar, LLC",TX,15484.985853029639
2029,4,p65,Victoria Landfill,405727,Bernard Creek Solar,TX,396.86850680846334
2029,4,p65,Victoria Landfill,400081,Blue Wing Solar Energy Generation,TX,7123.372956810396
2029,4,p65,Victoria Landfill,405477,Brightside,TX,1515.4382875771878
2029,4,p65,Victoria Landfill,401728,CPS 1 Community Solar,TX,101219.95446373308
2029,4,p65,Victoria Landfill,402656,Cascade Solar (TX),TX,7903.919296340898
2029,4,p65,Victoria Landfill,403987,Catan Solar,TX,4931.18711459779
2029,4,p65,Victoria Landfill,403091,Commerce Solar,TX,22723.51597316164
2029,4,p65,Victoria Landfill,404247,"Corazon Energy, LLC",TX,840.8941519180521
2029,4,p65,Victoria Landfill,404062,Elara Solar,TX,1357.076077839842
2029,4,p65,Victoria Landfill,404359,FELPS 1-Calaveras,TX,109585.66434424772
2029,4,p65,Victoria Landfill,404361,FELPS 2-Calaveras,TX,109666.2359358779
2029,4,p65,Victoria Landfill,404362,FELPS 3-Floresville South,TX,77374.75962113043
2029,4,p65,Victoria Landfill,404363,FELPS 4-Floresville South,TX,77386.3181566555
2029,4,p65,Victoria Landfill,404364,FELPS 5-Floresville South,TX,77406.72517400785
2029,4,p65,Victoria Landfill,404739,FELPS 6- Floresville West,TX,91423.02075395049
2029,4,p65,Victoria Landfill,404740,FELPS 7- Floresville West,TX,117508.91635737829
2029,4,p65,Victoria Landfill,406516,Ganado Solar,TX,300.89471423753577
2029,4,p65,Victoria Landfill,405801,Horizon Solar,TX,795.1821719877059
2029,4,p65,Victoria Landfill,405380,IKEA Live Oak Rooftop PV System,TX,67822.83098821489
2029,4,p65,Victoria Landfill,403343,Mars Solar,TX,24103.097157902175
2029,4,p65,Victoria Landfill,404877,Nebula Solar,TX,2341.5467857137105
2029,4,p65,Victoria Landfill,400694,"OCI Alamo 2, LLC",TX,25274.620488801647
2029,4,p65,Victoria Landfill,400965,"OCI Alamo 3, LLC",TX,22448.68239549729
2029,4,p65,Victoria Landfill,400966,"OCI Alamo 5, LLC",TX,2301.6282403688824
2029,4,p65,Victoria Landfill,400593,OCI Alamo Solar I Hybrid,TX,2779.188562502446
2029,4,p65,Victoria Landfill,405809,Shakes Solar,TX,1115.5528188117298
2029,4,p65,Victoria Landfill,405545,Sparta Solar,TX,342.11257720331747
2029,4,p65,Victoria Landfill,400379,"SunE CPS1, LLC",TX,12349.34463713613
2029,4,p65,Victoria Landfill,400364,"SunE CPS2, LLC",TX,12402.519834181372
2029,4,p65,Victoria Landfill,400353,"SunE CPS3, LLC",TX,13166.39694875858
2029,4,p65,Victoria Landfill,406032,Tres Bahias,TX,215.2453368482154
2029,4,p65,Victoria Landfill,404878,Vancourt Solar Interconnections,TX,4140.5811408363315
2029,4,p66,Victoria Landfill,406386,Umbriel Solar,TX,992.1852281926506
2029,4,p67,Victoria Landfill,404939,Brazoria County Solar Project (Danciger),TX,241.65696078547435
2029,4,p67,Victoria Landfill,404681,Brazoria West,TX,233.97834904494056
2029,4,p67,Victoria Landfill,402649,Bronson,TX,2765.737742311243
2029,4,p67,Victoria Landfill,406178,"Cutlass Solar 1, LLC",TX,319.23954271972053
2029,4,p67,Victoria Landfill,404587,Fighting Jays Solar Project,TX,213.43647463913436
2029,4,p67,Victoria Landfill,405564,"Fort Bend Solar, LLC",TX,248.48931900797402
2029,4,p67,Victoria Landfill,404853,"Longbow Solar, LLC",TX,677.3828145975056
2029,4,p67,Victoria Landfill,403514,Wagyu,TX,395.10584472705244
2030,1,p12,Apex Regional Landfill,402144,Battle Mountain Solar Project,NV,1087.3584691766105
2030,1,p12,Apex Regional Landfill,405553,Dodge Flat,NV,1366.4618028480845
2030,1,p12,Apex Regional Landfill,402609,"EGP Stillwater Solar PV II, LLC",NV,3005.3502732418674
2030,1,p12,Apex Regional Landfill,404659,Fish Springs,NV,1241.8534150340965
2030,1,p12,Apex Regional Landfill,401086,Ft. Churchill PV,NV,6636.497575672154
2030,1,p12,Apex Regional Landfill,402130,Luning Energy,NV,877.8893123177887
2030,1,p12,Apex Regional Landfill,403107,NVSS-II,NV,599.1583304894168
2030,1,p12,Apex Regional Landfill,400468,"Patua Acquisition Project, LLC",NV,6002.985136550021
2030,1,p12,Apex Regional Landfill,405023,Steamboat II,NV,96692.32502255926
2030,1,p12,Apex Regional Landfill,400029,Stillwater Facility,NV,2461.5104636311685
2030,1,p12,Apex Regional Landfill,401318,Sunshine Valley Solar,NV,211.3737085514979
2030,1,p12,Apex Regional Landfill,405026,TS Power Plant,NV,694.8876028972767
2030,1,p12,Apex Regional Landfill,405576,Tesla Reno GigaFactory,NV,9815.892253791306
2030,1,p12,Apex Regional Landfill,401943,Tungsten Mountain,NV,6767.9632264036945
2030,1,p12,Apex Regional Landfill,403308,Turquoise Liberty Solar,NV,7640.318606272652
2030,1,p12,Apex Regional Landfill,403884,"Turquoise Nevada, LLC",NV,1998.6950801301432
2030,1,p12,Apex Regional Landfill,400035,Western 102 Power Plant,NV,264688.5311780228
2030,1,p13,Apex Regional Landfill,400555,Apex Solar PV Power Project,NV,503.54957901924536
2030,1,p13,Apex Regional Landfill,405385,Arrow Canyon Solar Hybrid,NV,279.19689021102624
2030,1,p13,Apex Regional Landfill,402017,"Boulder Solar II, LLC",NV,185.47097205707232
2030,1,p13,Apex Regional Landfill,401649,"Boulder Solar Power, LLC",NV,124.94192429225768
2030,1,p13,Apex Regional Landfill,400059,CM10,NV,1008.3093398652971
2030,1,p13,Apex Regional Landfill,400086,CM48,NV,229.48550912835185
2030,1,p13,Apex Regional Landfill,400363,Copper Mountain Solar 2,NV,104.7195824835941
2030,1,p13,Apex Regional Landfill,400802,Copper Mountain Solar 3,NV,95.67428838868244
2030,1,p13,Apex Regional Landfill,401308,"Copper Mountain Solar 4, LLC",NV,131.77327744083684
2030,1,p13,Apex Regional Landfill,403688,"Copper Mountain Solar 5, LLC",NV,89.57593570604467
2030,1,p13,Apex Regional Landfill,405358,Dignity - San Martin,NV,2449.66230195385
2030,1,p13,Apex Regional Landfill,405355,Dignity - Siena Campus,NV,2411.0193938559682
2030,1,p13,Apex Regional Landfill,405556,Dry Lake Solar Energy Center,NV,138.93681234255337
2030,1,p13,Apex Regional Landfill,405495,Gemini Solar,NV,89.79754565722858
2030,1,p13,Apex Regional Landfill,403386,"Harry Allen Solar Energy, LLC",NV,120.3025483509576
2030,1,p13,Apex Regional Landfill,406090,IGS LAS1,NV,3895.8136301131867
2030,1,p13,Apex Regional Landfill,406089,IGS VGT,NV,3397.540524389666
2030,1,p13,Apex Regional Landfill,405309,IKEA Las Vegas 462,NV,4153.324210154511
2030,1,p13,Apex Regional Landfill,400545,Las Vegas WPCF Solar Plant,NV,527.7978436099966
2030,1,p13,Apex Regional Landfill,400313,Moapa Southern Paiute,NV,134.75462395912314
2030,1,p13,Apex Regional Landfill,400600,Mountain View Solar,NV,438.0321681490888
2030,1,p13,Apex Regional Landfill,400036,Nellis Air Force Base Solar Array,NV,296.15141816406464
2030,1,p13,Apex Regional Landfill,401381,Nellis Solar PV II,NV,149.05162629516806
2030,1,p13,Apex Regional Landfill,401319,"Playa Solar 1, LLC",NV,146.15216287860156
2030,1,p13,Apex Regional Landfill,401596,Playa Solar 2,NV,111.54871692078325
2030,1,p13,Apex Regional Landfill,401274,River Mountains Solar,NV,346.8426527906036
2030,1,p13,Mohave Valley Landfill,401042,Searchlight Solar,NV,889.9009056463384
2030,1,p13,Apex Regional Landfill,400166,Silver State Solar Power North,NV,324.8609919083204
2030,1,p13,Apex Regional Landfill,400658,Silver State Solar Power South,NV,107.81033719264914
2030,1,p13,Apex Regional Landfill,405246,"Solar Las Vegas MB 2, LLC",NV,1453.2267267389443
2030,1,p13,Apex Regional Landfill,405188,Solar Las Vegas MB-1,NV,435.8089943922115
2030,1,p13,Apex Regional Landfill,400556,Spectrum Solar PV Power Project,NV,190.37289319266472
2030,1,p13,Apex Regional Landfill,402485,"Techren Solar I, LLC",NV,131.13498506741854
2030,1,p13,Apex Regional Landfill,402690,"Techren Solar II, LLC",NV,84.50305853112445
2030,1,p13,Apex Regional Landfill,402691,"Techren Solar III, LLC",NV,344.3667117237164
2030,1,p13,Apex Regional Landfill,402692,"Techren Solar IV, LLC",NV,392.2911232488071
2030,1,p13,Apex Regional Landfill,403001,Techren Solar V,NV,168.43273104401692
2030,1,p13,Apex Regional Landfill,401851,Townsite Solar Project Hybrid,NV,84.57194469216087
2030,1,p13,Apex Regional Landfill,406448,Yellow Pine II,NV,374.06305368905663
2030,1,p13,Apex Regional Landfill,404971,Yellow Pine Solar,NV,252.2980720602711
2030,1,p27,Mohave Valley Landfill,400374,"Black Mountain Solar, LLC",AZ,230.40162312954743
2030,1,p27,Mohave Valley Landfill,402236,Gray Hawk Solar,AZ,117.01827883744382
2030,1,p27,Mohave Valley Landfill,401819,Jacobson 5 MW Solar,AZ,641.5009090691982
2030,1,p27,Mohave Valley Landfill,400199,La Senita,AZ,2299.420051025199
2030,1,p27,Mohave Valley Landfill,403718,Mohave Electric Cooperative at Joy Lane,AZ,61.650414330169184
2030,1,p27,Mohave Valley Landfill,401311,Mohave Electric at Fort Mohave,AZ,104.83638024070713
2030,1,p27,Mohave Valley Landfill,406478,Mohave Energy - Hybrid,AZ,51.18262140192911
2030,1,p28,Apache Junction Landfill,405418,AZ State University - Tempe Campus Solar,AZ,3986.299533001711
2030,1,p28,South Yuma County Landfill,400148,Agua Caliente Solar Project,AZ,209.899596693478
2030,1,p28,Apache Junction Landfill,402067,Apache Solar 1,AZ,2369.5549401193935
2030,1,p28,South Yuma County Landfill,400274,Arizona Western College PV,AZ,627.9434265009885
2030,1,p28,Apache Junction Landfill,400240,Arlington Valley Solar Energy II,AZ,253.32240440983722
2030,1,p28,Apache Junction Landfill,400437,Badger 1,AZ,1633.0046969705857
2030,1,p28,Apache Junction Landfill,401688,Bonnybrooke PV,AZ,218.4489121642706
2030,1,p28,Apache Junction Landfill,400371,Buckeye Union HS District 201,AZ,5238.460159946708
2030,1,p28,Apache Junction Landfill,405635,"Central Line Solar, LLC",AZ,219.10317813007399
2030,1,p28,Apache Junction Landfill,400201,Chino Solar Valley,AZ,2043.7778022074212
2030,1,p28,Apache Junction Landfill,400202,Cotton Center Solar Hybrid,AZ,1696.4820999892422
2030,1,p28,Apache Junction Landfill,401069,Desert Star Hybrid,AZ,2477.6771477520742
2030,1,p28,Apache Junction Landfill,403257,East Line Solar,AZ,192.814232737267
2030,1,p28,Apache Junction Landfill,406171,Eleven Mile Solar Center,AZ,139.9833983232727
2030,1,p28,Apache Junction Landfill,405244,Estrella Mountain PV,AZ,8419.192983512785
2030,1,p28,South Yuma County Landfill,400349,Foothills Solar Plant Hybrid,AZ,164.35615728326766
2030,1,p28,Apache Junction Landfill,400825,Fort Huachuca Solar PV Project,AZ,2924.468982159577
2030,1,p28,Apache Junction Landfill,400845,Gila Bend Hybrid,AZ,784.9822683231952
2030,1,p28,Apache Junction Landfill,400599,"Gilbert Solar Facility I, LLC",AZ,2033.4239732022322
2030,1,p28,South Yuma County Landfill,400507,Hyder II Hybrid,AZ,1647.7497135833705
2030,1,p28,South Yuma County Landfill,400204,Hyder Solar Hybrid,AZ,1812.4814874799654
2030,1,p28,Apache Junction Landfill,405282,Intel - Ocotillo Campus Solar,AZ,1901.2426511989415
2030,1,p28,Apache Junction Landfill,405125,Jewish Community Center PV,AZ,8056.767774885912
2030,1,p28,Apache Junction Landfill,402234,Kayenta Solar Project,AZ,1456.7406706988043
2030,1,p28,Apache Junction Landfill,400595,Lake Pleasant WTP,AZ,3095.93562466466
2030,1,p28,Apache Junction Landfill,400128,Luke Solar,AZ,2169.5494464916364
2030,1,p28,Apache Junction Landfill,405068,Macys Goodyear,AZ,5888.026456711131
2030,1,p28,South Yuma County Landfill,406279,McFarland A Solar and Storage,AZ,162.82285669012788
2030,1,p28,Apache Junction Landfill,405617,Mesa Carport PV,AZ,378.7523721885953
2030,1,p28,Apache Junction Landfill,404512,Mesa Solar Array,AZ,355.7963706279079
2030,1,p28,Apache Junction Landfill,400250,Mesquite Solar 1,AZ,380.8305919852779
2030,1,p28,Apache Junction Landfill,401621,"Mesquite Solar 2, LLC",AZ,329.1890446191747
2030,1,p28,Apache Junction Landfill,401622,"Mesquite Solar 3, LLC",AZ,297.9632154592058
2030,1,p28,Apache Junction Landfill,406038,"Mesquite Solar 4, LLC",AZ,587.7069640164099
2030,1,p28,Apache Junction Landfill,404922,"Mesquite Solar 5, LLC",AZ,465.68370821599854
2030,1,p28,Mohave Valley Landfill,403572,OE_AZ1,AZ,1119.457637975699
2030,1,p28,Apache Junction Landfill,400203,Paloma Solar Hybrid,AZ,1649.5833088058093
2030,1,p28,Apache Junction Landfill,405126,Paradise Valley H.S. PV,AZ,9048.804669314202
2030,1,p28,Apache Junction Landfill,405150,Phoenix Airport East Economy Lot,AZ,7637.898050830127
2030,1,p28,Apache Junction Landfill,405151,Phoenix Airport Rental Car Center,AZ,8900.141363871244
2030,1,p28,Apache Junction Landfill,402528,Pinal Central Energy Center Hybrid,AZ,648.7714540033205
2030,1,p28,Apache Junction Landfill,400125,"Poseidon Solar, LLC",AZ,277.43464486980247
2030,1,p28,Apache Junction Landfill,400031,Prescott Airport,AZ,14028.146614478788
2030,1,p28,Apache Junction Landfill,400401,Prescott Solar Plant,AZ,4107.445215948623
2030,1,p28,Apache Junction Landfill,400323,Queen Creek Solar Farm,AZ,201.69847826739627
2030,1,p28,Mohave Valley Landfill,400289,"RE Bagdad Solar I, LLC",AZ,2241.308253958823
2030,1,p28,Apache Junction Landfill,405132,"RE Gillespie 1, LLC",AZ,1658.889229832105
2030,1,p28,Apache Junction Landfill,400758,Red Horse 2,AZ,617.0125701954339
2030,1,p28,Apache Junction Landfill,401609,Red Horse III,AZ,1089.2102432108404
2030,1,p28,Apache Junction Landfill,401726,Red Rock,AZ,458.07032569996284
2030,1,p28,Apache Junction Landfill,406380,SR McNeal,AZ,3378.216344119173
2030,1,p28,Apache Junction Landfill,400416,Saddle Mountain Solar I,AZ,2302.2133240558032
2030,1,p28,Apache Junction Landfill,403674,Saint Solar,AZ,190.0990700124888
2030,1,p28,Apache Junction Landfill,401214,Sandstone Solar,AZ,253.0333440191637
2030,1,p28,Apache Junction Landfill,405029,Solana Generating Station,AZ,174.76988829785236
2030,1,p28,Apache Junction Landfill,406275,Sonoran Solar Energy,AZ,143.7399705980369
2030,1,p28,Apache Junction Landfill,406034,Storey Solar and Storage,AZ,155.6990020225606
2030,1,p28,Apache Junction Landfill,401664,Sulphur Springs,AZ,1841.6351898505566
2030,1,p28,Apache Junction Landfill,403643,Sun Streams 2,AZ,202.5111327268643
2030,1,p28,Apache Junction Landfill,406517,Sun Streams 3,AZ,153.983366627828
2030,1,p28,Apache Junction Landfill,401975,"Sun Streams, LLC",AZ,316.8685111681307
2030,1,p28,Apache Junction Landfill,405311,T0588 Phoenix - AZ,AZ,11829.06646313806
2030,1,p28,Apache Junction Landfill,405134,Union HS at Casa Grande,AZ,7152.486590609628
2030,1,p28,Apache Junction Landfill,405135,Vista Grande HS at Casa Grande,AZ,10040.649077096192
2030,1,p28,Apache Junction Landfill,400334,Walmart Casa Grande,AZ,5315.996029857217
2030,1,p28,Apache Junction Landfill,406098,"West Line Solar, LLC",AZ,256.03473977246637
2030,1,p29,Apache Junction Landfill,400014,Springerville,AZ,2480.5749686126987
2030,1,p30,Apache Junction Landfill,405143,Actus Lend Lease DMAFB,AZ,5329.232512912673
2030,1,p30,Apache Junction Landfill,405611,Amazon TUS2,AZ,7297.572801372834
2030,1,p30,Apache Junction Landfill,405268,Amphitheater High School Solar,AZ,13194.2908507035
2030,1,p30,Apache Junction Landfill,400939,Avalon Solar,AZ,721.1332287757074
2030,1,p30,Apache Junction Landfill,401479,Avalon Solar II,AZ,1259.759467094815
2030,1,p30,Apache Junction Landfill,400226,Avra Valley Solar,AZ,516.2270892401114
2030,1,p30,Apache Junction Landfill,404704,Broadway 2 - Tucson Phase II,AZ,4729.9758961928355
2030,1,p30,Apache Junction Landfill,405768,Broadway 3 - Tucson Phase I,AZ,12655.114459362567
2030,1,p30,Apache Junction Landfill,405269,Canyon Del Oro High School Solar,AZ,3096.032062216237
2030,1,p30,Apache Junction Landfill,400757,Cogenra-TEP,AZ,15497.197420909413
2030,1,p30,Apache Junction Landfill,401295,Davis Monthan AFB (AZ) West Airfield,AZ,1319.5623630579307
2030,1,p30,Apache Junction Landfill,400330,FRB Solar Farm,AZ,8128.816407264264
2030,1,p30,Apache Junction Landfill,400761,"Gato Montes Solar, LLC",AZ,4447.039225190101
2030,1,p30,Apache Junction Landfill,404536,Iron Horse Battery Storage Hybrid,AZ,9690.162266950903
2030,1,p30,Apache Junction Landfill,400552,"Picture Rocks Solar, LLC",AZ,2874.090818782
2030,1,p30,Apache Junction Landfill,405374,Pima Community College,AZ,15011.38861269006
2030,1,p30,Apache Junction Landfill,405303,Pima Community College - East Campus,AZ,13845.85569792134
2030,1,p30,Apache Junction Landfill,405516,Pima Community College NW,AZ,13465.363406354507
2030,1,p30,Apache Junction Landfill,400408,Prairie Fire,AZ,3440.43432239894
2030,1,p30,Apache Junction Landfill,400290,"RE Ajo 1, LLC",AZ,3676.1101378989893
2030,1,p30,Apache Junction Landfill,404926,Raptor Ridge,AZ,2016.843108485309
2030,1,p30,Apache Junction Landfill,400857,Rio Rico Solar,AZ,3969.9523112986776
2030,1,p30,Apache Junction Landfill,400193,Roger Road WWTP,AZ,14199.657558897647
2030,1,p30,Apache Junction Landfill,401076,Tech Park Solar,AZ,3412.5046923370287
2030,1,p30,Apache Junction Landfill,400156,UASTP I,AZ,16174.856011543114
2030,1,p30,Apache Junction Landfill,401075,Valencia Solar,AZ,2388.15530359462
2030,1,p30,Apache Junction Landfill,404187,"Wilmot Energy Center, LLC",AZ,198.58832349979966
2030,1,p31,City of Clovis Landfill,400211,Alamogordo Solar Energy Center,NM,18583.679016027843
2030,1,p31,Northeastern New Mexico Regional Landfill,400206,Albuquerque Solar Energy Center,NM,33308.79170749737
2030,1,p31,Northeastern New Mexico Regional Landfill,403675,Alcalde Solar Array,NM,19218.666540977945
2030,1,p31,Apache Junction Landfill,401595,Alta Luna,NM,4090.5487135492385
2030,1,p31,Northeastern New Mexico Regional Landfill,404724,Angel Fire Energy Facility,NM,1765.0390112852551
2030,1,p31,Northeastern New Mexico Regional Landfill,405469,Arroyo Solar Energy Storage Hybrid,NM,320.1024515409597
2030,1,p31,Northeastern New Mexico Regional Landfill,403321,Bluewater CDEC 1,NM,56792.453533884785
2030,1,p31,Northeastern New Mexico Regional Landfill,403736,Britton Solar Energy Center,NM,963.0645058028309
2030,1,p31,City of Clovis Landfill,404981,Buena Vista Energy Center,NM,872.2033685968751
2030,1,p31,Northeastern New Mexico Regional Landfill,402876,CNMEC Solar Energy Center,NM,36276.67490547785
2030,1,p31,City of Clovis Landfill,402519,Carrizozo Solar,NM,24610.336374062583
2030,1,p31,Northeastern New Mexico Regional Landfill,401202,Cibola,NM,9667.855086611724
2030,1,p31,Northeastern New Mexico Regional Landfill,400104,Cimarron Solar Facility,NM,383.3865611785259
2030,1,p31,Apache Junction Landfill,402988,City of Gallup Solar,NM,14355.76765586865
2030,1,p31,Northeastern New Mexico Regional Landfill,403604,City of Rio Rancho WWTP,NM,68379.90921897175
2030,1,p31,Apache Junction Landfill,401225,City of Truth or Consequences PV,NM,78150.74992713901
2030,1,p31,Apache Junction Landfill,402177,Columbus Solar Project,NM,56068.662307083025
2030,1,p31,Northeastern New Mexico Regional Landfill,404748,"Cuba 2.5ac, LLC",NM,21499.099388808725
2030,1,p31,Apache Junction Landfill,400209,Deming Solar Energy Center,NM,15783.61507212779
2030,1,p31,Northeastern New Mexico Regional Landfill,403868,Encino Solar Energy Center,NM,1169.1276351759445
2030,1,p31,Northeastern New Mexico Regional Landfill,401038,Eubank Landfill Solar Array,NM,29908.660197706256
2030,1,p31,Northeastern New Mexico Regional Landfill,402441,Facebook 1 Solar Energy Center,NM,6271.051789256628
2030,1,p31,Northeastern New Mexico Regional Landfill,402442,Facebook 2 Solar Energy Center,NM,6036.136892937063
2030,1,p31,Northeastern New Mexico Regional Landfill,402443,Facebook 3 Solar Energy Center,NM,6708.592604746043
2030,1,p31,Northeastern New Mexico Regional Landfill,403322,Grants CDEC 2,NM,19736.876259874876
2030,1,p31,Apache Junction Landfill,400216,"Hatch Solar Energy Center I, LLC",NM,21422.08000519687
2030,1,p31,City of Clovis Landfill,401617,Holloman Solar Facility,NM,18356.26297795471
2030,1,p31,Northeastern New Mexico Regional Landfill,406109,"Jicarilla Solar 1, LLC",NM,1568.7596318323651
2030,1,p31,Northeastern New Mexico Regional Landfill,400427,Kit Carson,NM,39623.41384593867
2030,1,p31,Northeastern New Mexico Regional Landfill,400210,Las Vegas Solar Energy Center,NM,3714.6131708757025
2030,1,p31,Northeastern New Mexico Regional Landfill,400434,Los Alamos PV Site,NM,39251.424331340604
2030,1,p31,Northeastern New Mexico Regional Landfill,400207,Los Lunas Solar Energy Center,NM,9906.913536244037
2030,1,p31,Apache Junction Landfill,400838,Macho Springs,NM,2484.6087747435017
2030,1,p31,Northeastern New Mexico Regional Landfill,400582,Manzano Solar,NM,9656.914058229348
2030,1,p31,Northeastern New Mexico Regional Landfill,401201,Meadow Lake Solar Energy Center,NM,9121.843320422817
2030,1,p31,Northeastern New Mexico Regional Landfill,406177,"NMRD Data Center III, LLC",NM,1152.7740595428604
2030,1,p31,City of Clovis Landfill,405693,NMSU Solar and Storage,NM,71184.0154436689
2030,1,p31,Northeastern New Mexico Regional Landfill,406375,OE_ESCL,NM,498.52262564617166
2030,1,p31,City of Clovis Landfill,400581,Otero Solar,NM,11801.310261140101
2030,1,p31,Northeastern New Mexico Regional Landfill,400146,Questa Solar Facility,NM,35360.75421717037
2030,1,p31,Northeastern New Mexico Regional Landfill,403178,"RC Energy AA, LLC Solar Facility",NM,65558.43814025915
2030,1,p31,Northeastern New Mexico Regional Landfill,401566,Rio Communities Solar Energy Center,NM,8100.096692661999
2030,1,p31,Northeastern New Mexico Regional Landfill,403084,Rio De Oro Solar Energy Center,NM,10571.384091456757
2030,1,p31,Northeastern New Mexico Regional Landfill,400624,Rio Rancho High School,NM,59149.61113520781
2030,1,p31,City of Clovis Landfill,400135,Roadrunner Solar,NM,5666.322577763619
2030,1,p31,Northeastern New Mexico Regional Landfill,404648,"Route 66 Energy Center, LLC",NM,2585.0013649952193
2030,1,p31,Northeastern New Mexico Regional Landfill,403387,San Miguel I Solar Energy Center,NM,2630.2685645242764
2030,1,p31,Northeastern New Mexico Regional Landfill,405458,San Miguel II Solar Energy Center,NM,2296.2719913236715
2030,1,p31,Northeastern New Mexico Regional Landfill,401161,Sandoval Solar Energy Center,NM,11525.166032510326
2030,1,p31,Northeastern New Mexico Regional Landfill,401564,Santa Fe Solar Energy Center,NM,3922.830968133259
2030,1,p31,Northeastern New Mexico Regional Landfill,401565,Santolina Solar Energy Center,NM,8327.55753894372
2030,1,p31,Apache Junction Landfill,400596,Silver City WWTP PV Project,NM,82698.31580515098
2030,1,p31,Northeastern New Mexico Regional Landfill,406343,Sky Ranch Solar,NM,408.3500992194508
2030,1,p31,Northeastern New Mexico Regional Landfill,401563,South Valley Solar Energy Center,NM,6563.749090047658
2030,1,p31,Northeastern New Mexico Regional Landfill,401162,Springer Solar 1,NM,12271.690617974155
2030,1,p31,Northeastern New Mexico Regional Landfill,400735,Storrie Lake Solar Project,NM,29580.12036374518
2030,1,p31,Northeastern New Mexico Regional Landfill,400623,Sue Cleveland High School,NM,57813.916510216535
2030,1,p31,City of Clovis Landfill,400343,"SunE EPE1, LLC",NM,11512.426170906785
2030,1,p31,City of Clovis Landfill,400342,"SunE EPE2, LLC",NM,9234.336876993522
2030,1,p31,Northeastern New Mexico Regional Landfill,402854,Syncarpha Eagle Nest,NM,38246.534400063145
2030,1,p31,Northeastern New Mexico Regional Landfill,403412,Syncarpha El Rito,NM,28386.809911883865
2030,1,p31,Northeastern New Mexico Regional Landfill,403413,Syncarpha Questa,NM,23287.770982246468
2030,1,p31,Northeastern New Mexico Regional Landfill,403411,Syncarpha Taos,NM,8796.005645808938
2030,1,p31,Northeastern New Mexico Regional Landfill,404618,Taos Mesa Energy Facility Hybrid,NM,1859.6862429659739
2030,1,p31,Northeastern New Mexico Regional Landfill,403011,Vista Solar Energy Center,NM,6894.984387266127
2030,1,p31,City of Clovis Landfill,400354,WSMR I,NM,21618.594986778047
2030,1,p31,Apache Junction Landfill,405245,Wal-Mart Truth or Consequences PV,NM,174695.45051983485
2030,1,p47,City of Clovis Landfill,400979,"Caprock Solar 1, LLC",NM,835.6198056576492
2030,1,p47,City of Clovis Landfill,404980,Chaves County Solar II,NM,1242.8545105619235
2030,1,p47,City of Clovis Landfill,401681,"Chaves Solar, LLC",NM,599.0780428983746
2030,1,p47,City of Clovis Landfill,400614,GSE NM1,NM,30253.01413534683
2030,1,p47,City of Clovis Landfill,404982,Hayhurst New Mexico Solar,NM,6392.921796792238
2030,1,p47,City of Clovis Landfill,402530,Middle Daisy,NM,10509.046208173593
2030,1,p47,City of Clovis Landfill,401682,"Roswell Solar, LLC",NM,542.5965696663689
2030,1,p47,City of Clovis Landfill,400546,SEV NM Phase 2,NM,31666.700008560725
2030,1,p47,City of Clovis Landfill,400260,SPS1 Dollarhide,NM,8459.518985454755
2030,1,p47,City of Clovis Landfill,400261,SPS2 Jal,NM,6420.586355014549
2030,1,p47,City of Clovis Landfill,400262,SPS3 Lea,NM,8780.330414742359
2030,1,p47,City of Clovis Landfill,400264,SPS5 Hopi,NM,8347.061219193616
2030,1,p47,City of Clovis Landfill,404698,SoCore Clovis 1,NM,1067.955816510152
2030,1,p48,City of Clovis Landfill,406439,"BESSP1, LLC",TX,1246.010395114309
2030,1,p48,City of Clovis Landfill,405590,"Hecate Energy Frye Solar, LLC",TX,145.27128643775148
2030,1,p57,Victoria Landfill,404918,"Hecate Energy Upshur Rural, LLC",TX,9468.5869887878
2030,1,p59,City of Clovis Landfill,402666,Fort Bliss (DEA EPIC),TX,17352.176540050023
2030,1,p59,City of Clovis Landfill,401616,Montana Solar Facility,TX,11302.462707770082
2030,1,p59,City of Clovis Landfill,401045,Newman Solar,TX,3757.4672184455753
2030,1,p60,City of Clovis Landfill,403962,"ANSON Solar Center, LLC",TX,455.82912741091593
2030,1,p60,City of Clovis Landfill,403883,Azure Sky Solar,TX,558.351675846346
2030,1,p60,City of Clovis Landfill,403232,"ENGIE Long Draw Solar, LLC",TX,247.13231142910897
2030,1,p60,City of Clovis Landfill,406252,Highpeak Solar 1,TX,6138.68178523848
2030,1,p60,City of Clovis Landfill,402721,Holstein 1 Solar Farm,TX,636.5558935377583
2030,1,p60,City of Clovis Landfill,405492,Juno Solar Project,TX,234.49149272370758
2030,1,p60,City of Clovis Landfill,402541,Lamesa II,TX,1493.6517436485235
2030,1,p60,City of Clovis Landfill,401660,Lamesa Solar,TX,630.7353151539528
2030,1,p60,City of Clovis Landfill,405932,Lumina II Solar Project,TX,395.97394543310287
2030,1,p60,City of Clovis Landfill,405933,Lumina Solar Project,TX,416.98448328433386
2030,1,p60,City of Clovis Landfill,402909,Misae Solar,TX,307.3899773143734
2030,1,p60,City of Clovis Landfill,400968,"OCI Alamo 7, LLC",TX,996.7646569615077
2030,1,p60,City of Clovis Landfill,405939,Texas Solar Nova 1,TX,282.3828344443539
2030,1,p61,City of Clovis Landfill,400967,Alamo 6,TX,357.2314214914019
2030,1,p61,City of Clovis Landfill,403557,Aragorn Solar Project,TX,403.64980769675736
2030,1,p61,City of Clovis Landfill,400691,Barilla Solar,TX,1611.3141860050564
2030,1,p61,City of Clovis Landfill,401946,Bluebell Solar,TX,2079.089467928324
2030,1,p61,City of Clovis Landfill,403574,Bluebell Solar II,TX,462.8087765317062
2030,1,p61,City of Clovis Landfill,400554,"Bryan Solar, LLC",TX,5948.834912869217
2030,1,p61,City of Clovis Landfill,401463,Buckthorn Westex,TX,365.32116107965896
2030,1,p61,City of Clovis Landfill,401703,East Pecos Solar,TX,417.09367470392857
2030,1,p61,City of Clovis Landfill,405363,Galloway 1 Solar Farm,TX,411.12022302510854
2030,1,p61,City of Clovis Landfill,405494,Galloway 2 Solar Farm,TX,411.18963460094517
2030,1,p61,City of Clovis Landfill,403210,Greasewood,TX,386.892101039838
2030,1,p61,City of Clovis Landfill,406370,Hayhurst Texas Solar,TX,1327.5824085253498
2030,1,p61,City of Clovis Landfill,402304,Midway Solar-TX,TX,481.27798628178914
2030,1,p61,Victoria Landfill,400695,"OCI Alamo 4, LLC",TX,1327.974622914778
2030,1,p61,City of Clovis Landfill,401868,Pearl Solar,TX,974.6035309026755
2030,1,p61,City of Clovis Landfill,402290,RE Maplewood,TX,355.73760008648856
2030,1,p61,City of Clovis Landfill,401430,RE Roserock,TX,368.62066767872807
2030,1,p61,City of Clovis Landfill,402848,Rambler,TX,511.6350006953205
2030,1,p61,City of Clovis Landfill,402083,Solaire Holman Solar Project,TX,865.5180617887586
2030,1,p61,City of Clovis Landfill,403023,"Taygete Energy Project, LLC",TX,365.23357206533564
2030,1,p61,City of Clovis Landfill,404647,Taygete II Energy Project,TX,456.4872685332773
2030,1,p61,City of Clovis Landfill,403551,Titan Solar Project,TX,424.8570554116983
2030,1,p61,Victoria Landfill,406103,Zier Solar,TX,493.81045824195826
2030,1,p62,City of Clovis Landfill,403502,2W Permian Solar Project Hybrid,TX,349.2573029807468
2030,1,p62,City of Clovis Landfill,403697,CED Crane Solar,TX,407.61013262794256
2030,1,p62,City of Clovis Landfill,401525,Castle Gap Solar Hybrid,TX,547.2142284734961
2030,1,p62,City of Clovis Landfill,404599,Emerald Grove,TX,786.4753443173811
2030,1,p62,City of Clovis Landfill,403004,Lapetus,TX,501.2986936539714
2030,1,p62,City of Clovis Landfill,403280,Oberon IA,TX,463.9144366665059
2030,1,p62,City of Clovis Landfill,403279,Oberon IB,TX,2261.8317739483123
2030,1,p62,City of Clovis Landfill,403602,Oxy Renewable Energy-Goldsmith,TX,2696.193989216023
2030,1,p62,City of Clovis Landfill,402679,Phoebe Solar,TX,270.80500171561937
2030,1,p62,City of Clovis Landfill,403177,Prospero Solar,TX,222.2373004716703
2030,1,p62,City of Clovis Landfill,404128,Prospero Solar II,TX,297.8585609225991
2030,1,p62,City of Clovis Landfill,403070,"Roadrunner, LLC",TX,356.06166361771614
2030,1,p62,City of Clovis Landfill,401805,Upton County Solar,TX,1030.3933732350442
2030,1,p62,City of Clovis Landfill,402995,West of the Pecos Solar,TX,647.4375153993947
2030,1,p63,Victoria Landfill,405599,"BPL Crown Solar, LLC",TX,663.1812062166166
2030,1,p63,Victoria Landfill,404966,BPL Files Solar,TX,714.1064211534672
2030,1,p63,Victoria Landfill,403825,Briar Creek Solar 1,TX,844.8378797339604
2030,1,p63,Victoria Landfill,402610,Chisum,TX,10575.066567470793
2030,1,p63,Victoria Landfill,401697,CoServ Community Solar Station,TX,94406.24603601742
2030,1,p63,Victoria Landfill,403188,Coniglio Solar,TX,1385.4595552646922
2030,1,p63,Victoria Landfill,406415,Dileo Solar,TX,1064.4883029278833
2030,1,p63,Victoria Landfill,402655,Eddy II,TX,7766.91169026413
2030,1,p63,Victoria Landfill,406221,Eiffel Solar Project,TX,1025.3706346674244
2030,1,p63,Victoria Landfill,405540,"Ellis Solar, LLC",TX,1448.8825581444478
2030,1,p63,Victoria Landfill,403823,Elm Branch Solar 1,TX,737.5183544941508
2030,1,p63,Victoria Landfill,406206,Five Wells Solar Center - Hybrid,TX,285.0813748008999
2030,1,p63,Victoria Landfill,404567,G.S.E. One LLC,TX,2070.1798042899954
2030,1,p63,Victoria Landfill,403288,Griffin Solar,TX,12812.116365015097
2030,1,p63,Victoria Landfill,406202,Grizzly Ridge Solar,TX,895.821151735953
2030,1,p63,Victoria Landfill,402329,Highway 56 Solar,TX,38360.17907916077
2030,1,p63,Victoria Landfill,405689,"IP Radian, LLC",TX,434.36907890360783
2030,1,p63,Victoria Landfill,403481,Impact Solar 1,TX,696.3365626597943
2030,1,p63,Victoria Landfill,403190,Kellam Solar,TX,1559.954681525277
2030,1,p63,Victoria Landfill,402421,Leon Solar,TX,15532.69046093474
2030,1,p63,Victoria Landfill,403874,Lily Solar Hybrid,TX,837.0356281017702
2030,1,p63,Victoria Landfill,402404,Marlin Solar,TX,14457.226381881661
2030,1,p63,Victoria Landfill,405794,Noble Solar,TX,1795.462103951962
2030,1,p63,Victoria Landfill,401933,Phantom Solar,TX,4333.592150463116
2030,1,p63,Victoria Landfill,404872,"Pisgah Ridge Solar, LLC",TX,390.2813009700523
2030,1,p63,Victoria Landfill,406416,Pitts Dudik Solar,TX,1535.6956417110669
2030,1,p63,Victoria Landfill,403189,Rippey Solar,TX,1922.6444070585
2030,1,p63,Victoria Landfill,404630,"Samson Solar Energy III, LLC",TX,641.72858397969
2030,1,p63,Victoria Landfill,402652,Sterling Solar (TX),TX,18675.918831498744
2030,1,p63,Victoria Landfill,404812,Sun Valley Solar Project,TX,580.8354078480833
2030,1,p63,Victoria Landfill,404388,"TPE Erath Solar, LLC",TX,7853.121614471689
2030,1,p63,Victoria Landfill,403457,"TPE Whitney Solar, LLC",TX,10221.74161990383
2030,1,p63,Victoria Landfill,405361,Toyota HQ Plan,TX,39236.27322845003
2030,1,p63,Victoria Landfill,405984,Waco Solar,TX,404.61421249084617
2030,1,p63,Victoria Landfill,402306,Walnut Springs Solar,TX,15934.833062267306
2030,1,p63,Victoria Landfill,402497,West Moore Solar II,TX,33941.05924036567
2030,1,p63,Victoria Landfill,402330,Whitesboro Solar,TX,50808.51951422754
2030,1,p63,Victoria Landfill,402331,Whitesboro Solar II,TX,101709.44777360151
2030,1,p63,Victoria Landfill,402414,Whitewright Solar,TX,33234.403316568765
2030,1,p63,Victoria Landfill,402654,Yellow Jacket,TX,17078.866883317387
2030,1,p64,Victoria Landfill,405731,Austin TX GigaFactory,TX,11899.470046814324
2030,1,p64,Victoria Landfill,402203,Bandera Electric Coop PV,TX,24550.628717900585
2030,1,p64,Victoria Landfill,404721,"Blue Jay Solar I, LLC",TX,369.41548163125765
2030,1,p64,Victoria Landfill,402648,Bovine,TX,1680.6517118907964
2030,1,p64,Victoria Landfill,402389,"E-Volve Energy Holdings, LLC",TX,11773.233533161629
2030,1,p64,Victoria Landfill,400227,East Blackland Solar Project 1,TX,272.96359809969766
2030,1,p64,Victoria Landfill,405101,IKEA Round Rock 027,TX,21608.713360081438
2030,1,p64,Victoria Landfill,402653,Lampwick,TX,6459.231785302981
2030,1,p64,Victoria Landfill,405613,Niagara Bottling - Seguin,TX,4584.504505149234
2030,1,p64,Victoria Landfill,402544,PowerFin Kingsbery,TX,9071.724395151012
2030,1,p64,Victoria Landfill,400249,Webberville Solar Project,TX,1299.656841213274
2030,1,p65,Victoria Landfill,405700,Aktina Solar,TX,166.45360679858481
2030,1,p65,Victoria Landfill,404074,"Alexis Solar, LLC",TX,15484.985853029633
2030,1,p65,Victoria Landfill,405727,Bernard Creek Solar,TX,439.03923343452135
2030,1,p65,Victoria Landfill,400081,Blue Wing Solar Energy Generation,TX,7123.372956810396
2030,1,p65,Victoria Landfill,405477,Brightside,TX,1515.4382875771878
2030,1,p65,Victoria Landfill,401728,CPS 1 Community Solar,TX,130122.94068371398
2030,1,p65,Victoria Landfill,402656,Cascade Solar (TX),TX,7032.317451614131
2030,1,p65,Victoria Landfill,403987,Catan Solar,TX,4931.18711459779
2030,1,p65,Victoria Landfill,403091,Commerce Solar,TX,22723.51597316164
2030,1,p65,Victoria Landfill,404247,"Corazon Energy, LLC",TX,927.71542504228
2030,1,p65,Victoria Landfill,404062,Elara Solar,TX,1212.9012573909706
2030,1,p65,Victoria Landfill,404359,FELPS 1-Calaveras,TX,87680.43201415817
2030,1,p65,Victoria Landfill,404361,FELPS 2-Calaveras,TX,97487.71002009147
2030,1,p65,Victoria Landfill,404362,FELPS 3-Floresville South,TX,77374.75962113043
2030,1,p65,Victoria Landfill,404363,FELPS 4-Floresville South,TX,77386.3181566555
2030,1,p65,Victoria Landfill,404364,FELPS 5-Floresville South,TX,77406.72517400785
2030,1,p65,Victoria Landfill,404739,FELPS 6- Floresville West,TX,117526.88305685065
2030,1,p65,Victoria Landfill,404740,FELPS 7- Floresville West,TX,102827.739649431
2030,1,p65,Victoria Landfill,406516,Ganado Solar,TX,327.71604984170636
2030,1,p65,Victoria Landfill,405801,Horizon Solar,TX,1383.725754537871
2030,1,p65,Victoria Landfill,405380,IKEA Live Oak Rooftop PV System,TX,101704.49513542236
2030,1,p65,Victoria Landfill,403343,Mars Solar,TX,16088.565669868118
2030,1,p65,Victoria Landfill,404877,Nebula Solar,TX,2015.5404868688952
2030,1,p65,Victoria Landfill,400694,"OCI Alamo 2, LLC",TX,32478.939858802114
2030,1,p65,Victoria Landfill,400965,"OCI Alamo 3, LLC",TX,25647.1366385969
2030,1,p65,Victoria Landfill,400966,"OCI Alamo 5, LLC",TX,3646.9035683102115
2030,1,p65,Victoria Landfill,400593,OCI Alamo Solar I Hybrid,TX,3119.149296090251
2030,1,p65,Victoria Landfill,405809,Shakes Solar,TX,1115.5528188117298
2030,1,p65,Victoria Landfill,405545,Sparta Solar,TX,342.11257720331747
2030,1,p65,Victoria Landfill,400379,"SunE CPS1, LLC",TX,14105.036343327005
2030,1,p65,Victoria Landfill,400364,"SunE CPS2, LLC",TX,9933.9164061051
2030,1,p65,Victoria Landfill,400353,"SunE CPS3, LLC",TX,17535.361700411442
2030,1,p65,Victoria Landfill,406032,Tres Bahias,TX,215.2453368482154
2030,1,p65,Victoria Landfill,404878,Vancourt Solar Interconnections,TX,4140.5811408363315
2030,1,p66,Victoria Landfill,406386,Umbriel Solar,TX,992.1852281926506
2030,1,p67,Victoria Landfill,404939,Brazoria County Solar Project (Danciger),TX,218.88767741229006
2030,1,p67,Victoria Landfill,404681,Brazoria West,TX,258.9034426513606
2030,1,p67,Victoria Landfill,402649,Bronson,TX,2765.737742311243
2030,1,p67,Victoria Landfill,406178,"Cutlass Solar 1, LLC",TX,319.23954271972053
2030,1,p67,Victoria Landfill,404587,Fighting Jays Solar Project,TX,264.74773491884577
2030,1,p67,Victoria Landfill,405564,"Fort Bend Solar, LLC",TX,185.49377727198265
2030,1,p67,Victoria Landfill,404853,"Longbow Solar, LLC",TX,677.3828145975056
2030,1,p67,Victoria Landfill,403514,Wagyu,TX,395.10584472705244
2030,2,p12,Apex Regional Landfill,402144,Battle Mountain Solar Project,NV,759.9450485385469
2030,2,p12,Apex Regional Landfill,405553,Dodge Flat,NV,1672.1002395812238
2030,2,p12,Apex Regional Landfill,402609,"EGP Stillwater Solar PV II, LLC",NV,2130.612783492204
2030,2,p12,Apex Regional Landfill,404659,Fish Springs,NV,784.0872995465279
2030,2,p12,Apex Regional Landfill,401086,Ft. Churchill PV,NV,4107.449086589763
2030,2,p12,Apex Regional Landfill,402130,Luning Energy,NV,559.867804283324
2030,2,p12,Apex Regional Landfill,403107,NVSS-II,NV,388.1560349265303
2030,2,p12,Apex Regional Landfill,400468,"Patua Acquisition Project, LLC",NV,3717.1747757914713
2030,2,p12,Apex Regional Landfill,405023,Steamboat II,NV,29817.899748997937
2030,2,p12,Apex Regional Landfill,400029,Stillwater Facility,NV,1535.4550465020623
2030,2,p12,Apex Regional Landfill,401318,Sunshine Valley Solar,NV,248.91994484985187
2030,2,p12,Apex Regional Landfill,405026,TS Power Plant,NV,756.3167463660698
2030,2,p12,Apex Regional Landfill,405576,Tesla Reno GigaFactory,NV,8071.612046323562
2030,2,p12,Apex Regional Landfill,401943,Tungsten Mountain,NV,4188.438287534262
2030,2,p12,Apex Regional Landfill,403308,Turquoise Liberty Solar,NV,5505.225980442162
2030,2,p12,Apex Regional Landfill,403884,"Turquoise Nevada, LLC",NV,1250.3383800116542
2030,2,p12,Apex Regional Landfill,400035,Western 102 Power Plant,NV,326110.367894699
2030,2,p13,Apex Regional Landfill,400555,Apex Solar PV Power Project,NV,265.2852983696654
2030,2,p13,Apex Regional Landfill,405385,Arrow Canyon Solar Hybrid,NV,195.05136853146965
2030,2,p13,Apex Regional Landfill,402017,"Boulder Solar II, LLC",NV,145.23942847186504
2030,2,p13,Apex Regional Landfill,401649,"Boulder Solar Power, LLC",NV,97.33065217179815
2030,2,p13,Apex Regional Landfill,400059,CM10,NV,656.9450292158888
2030,2,p13,Apex Regional Landfill,400086,CM48,NV,177.80354508188955
2030,2,p13,Apex Regional Landfill,400363,Copper Mountain Solar 2,NV,119.43559602622206
2030,2,p13,Apex Regional Landfill,400802,Copper Mountain Solar 3,NV,78.78956774306388
2030,2,p13,Apex Regional Landfill,401308,"Copper Mountain Solar 4, LLC",NV,101.65832304715002
2030,2,p13,Apex Regional Landfill,403688,"Copper Mountain Solar 5, LLC",NV,100.24855718328129
2030,2,p13,Apex Regional Landfill,405358,Dignity - San Martin,NV,1570.0439569781252
2030,2,p13,Apex Regional Landfill,405355,Dignity - Siena Campus,NV,1732.5585852021848
2030,2,p13,Apex Regional Landfill,405556,Dry Lake Solar Energy Center,NV,96.76435123667358
2030,2,p13,Apex Regional Landfill,405495,Gemini Solar,NV,100.52933755301697
2030,2,p13,Apex Regional Landfill,403386,"Harry Allen Solar Energy, LLC",NV,89.91283647115964
2030,2,p13,Apex Regional Landfill,406090,IGS LAS1,NV,4922.761361452031
2030,2,p13,Apex Regional Landfill,406089,IGS VGT,NV,1746.341599527023
2030,2,p13,Apex Regional Landfill,405309,IKEA Las Vegas 462,NV,2360.4590473006883
2030,2,p13,Apex Regional Landfill,400545,Las Vegas WPCF Solar Plant,NV,352.54038750177483
2030,2,p13,Apex Regional Landfill,400313,Moapa Southern Paiute,NV,103.54700984402609
2030,2,p13,Apex Regional Landfill,400600,Mountain View Solar,NV,240.9915476124694
2030,2,p13,Apex Regional Landfill,400036,Nellis Air Force Base Solar Array,NV,174.5544567776844
2030,2,p13,Apex Regional Landfill,401381,Nellis Solar PV II,NV,112.60417893905503
2030,2,p13,Apex Regional Landfill,401319,"Playa Solar 1, LLC",NV,110.76736519086911
2030,2,p13,Apex Regional Landfill,401596,Playa Solar 2,NV,88.84603833198614
2030,2,p13,Apex Regional Landfill,401274,River Mountains Solar,NV,261.44268169139923
2030,2,p13,Mohave Valley Landfill,401042,Searchlight Solar,NV,470.8190214929431
2030,2,p13,Apex Regional Landfill,400166,Silver State Solar Power North,NV,248.89044693235817
2030,2,p13,Apex Regional Landfill,400658,Silver State Solar Power South,NV,108.60206205994518
2030,2,p13,Apex Regional Landfill,405246,"Solar Las Vegas MB 2, LLC",NV,1065.828872899304
2030,2,p13,Apex Regional Landfill,405188,Solar Las Vegas MB-1,NV,416.596027450523
2030,2,p13,Apex Regional Landfill,400556,Spectrum Solar PV Power Project,NV,138.78125387509928
2030,2,p13,Apex Regional Landfill,402485,"Techren Solar I, LLC",NV,101.25396401983542
2030,2,p13,Apex Regional Landfill,402690,"Techren Solar II, LLC",NV,93.82120894738871
2030,2,p13,Apex Regional Landfill,402691,"Techren Solar III, LLC",NV,236.3365330337631
2030,2,p13,Apex Regional Landfill,402692,"Techren Solar IV, LLC",NV,218.4538732450812
2030,2,p13,Apex Regional Landfill,403001,Techren Solar V,NV,133.24637594939176
2030,2,p13,Apex Regional Landfill,401851,Townsite Solar Project Hybrid,NV,98.83121431998613
2030,2,p13,Apex Regional Landfill,406448,Yellow Pine II,NV,186.63411886388084
2030,2,p13,Apex Regional Landfill,404971,Yellow Pine Solar,NV,178.0109331505787
2030,2,p27,Mohave Valley Landfill,400374,"Black Mountain Solar, LLC",AZ,168.05005060940022
2030,2,p27,Mohave Valley Landfill,402236,Gray Hawk Solar,AZ,143.48435444299972
2030,2,p27,Mohave Valley Landfill,401819,Jacobson 5 MW Solar,AZ,444.39820442087563
2030,2,p27,Mohave Valley Landfill,400199,La Senita,AZ,1558.8805441335849
2030,2,p27,Mohave Valley Landfill,403718,Mohave Electric Cooperative at Joy Lane,AZ,53.16919413927573
2030,2,p27,Mohave Valley Landfill,401311,Mohave Electric at Fort Mohave,AZ,89.85198975346081
2030,2,p27,Mohave Valley Landfill,406478,Mohave Energy - Hybrid,AZ,47.57589278604294
2030,2,p28,Apache Junction Landfill,405418,AZ State University - Tempe Campus Solar,AZ,2574.3273131589385
2030,2,p28,South Yuma County Landfill,400148,Agua Caliente Solar Project,AZ,163.61975364880215
2030,2,p28,Apache Junction Landfill,402067,Apache Solar 1,AZ,1238.8376605710498
2030,2,p28,South Yuma County Landfill,400274,Arizona Western College PV,AZ,415.9444633345142
2030,2,p28,Apache Junction Landfill,400240,Arlington Valley Solar Energy II,AZ,179.13105792608582
2030,2,p28,Apache Junction Landfill,400437,Badger 1,AZ,962.5706910140194
2030,2,p28,Apache Junction Landfill,401688,Bonnybrooke PV,AZ,172.53485055388208
2030,2,p28,Apache Junction Landfill,400371,Buckeye Union HS District 201,AZ,3747.9149931679203
2030,2,p28,Apache Junction Landfill,405635,"Central Line Solar, LLC",AZ,157.17491948245936
2030,2,p28,Apache Junction Landfill,400201,Chino Solar Valley,AZ,1511.0363112668233
2030,2,p28,Apache Junction Landfill,400202,Cotton Center Solar Hybrid,AZ,787.4646970346593
2030,2,p28,Apache Junction Landfill,401069,Desert Star Hybrid,AZ,3686.4146914997837
2030,2,p28,Apache Junction Landfill,403257,East Line Solar,AZ,140.3071002085105
2030,2,p28,Apache Junction Landfill,406171,Eleven Mile Solar Center,AZ,106.40916502427895
2030,2,p28,Apache Junction Landfill,405244,Estrella Mountain PV,AZ,5418.612029287237
2030,2,p28,South Yuma County Landfill,400349,Foothills Solar Plant Hybrid,AZ,100.24420764003436
2030,2,p28,Apache Junction Landfill,400825,Fort Huachuca Solar PV Project,AZ,1893.0232302624338
2030,2,p28,Apache Junction Landfill,400845,Gila Bend Hybrid,AZ,467.59820303412374
2030,2,p28,Apache Junction Landfill,400599,"Gilbert Solar Facility I, LLC",AZ,1321.3005555232999
2030,2,p28,South Yuma County Landfill,400507,Hyder II Hybrid,AZ,1070.2844487509362
2030,2,p28,South Yuma County Landfill,400204,Hyder Solar Hybrid,AZ,1175.9815677964584
2030,2,p28,Apache Junction Landfill,405282,Intel - Ocotillo Campus Solar,AZ,1406.5162388193423
2030,2,p28,Apache Junction Landfill,405125,Jewish Community Center PV,AZ,5828.539987355532
2030,2,p28,Apache Junction Landfill,402234,Kayenta Solar Project,AZ,860.783771618689
2030,2,p28,Apache Junction Landfill,400595,Lake Pleasant WTP,AZ,1611.692727304894
2030,2,p28,Apache Junction Landfill,400128,Luke Solar,AZ,1068.0564801427129
2030,2,p28,Apache Junction Landfill,405068,Macys Goodyear,AZ,3794.5354872879107
2030,2,p28,South Yuma County Landfill,406279,McFarland A Solar and Storage,AZ,198.6405441396718
2030,2,p28,Apache Junction Landfill,405617,Mesa Carport PV,AZ,235.90935285898738
2030,2,p28,Apache Junction Landfill,404512,Mesa Solar Array,AZ,266.946550472924
2030,2,p28,Apache Junction Landfill,400250,Mesquite Solar 1,AZ,260.9443460528811
2030,2,p28,Apache Junction Landfill,401621,"Mesquite Solar 2, LLC",AZ,227.80949507339528
2030,2,p28,Apache Junction Landfill,401622,"Mesquite Solar 3, LLC",AZ,184.70587281210294
2030,2,p28,Apache Junction Landfill,406038,"Mesquite Solar 4, LLC",AZ,393.68277292131427
2030,2,p28,Apache Junction Landfill,404922,"Mesquite Solar 5, LLC",AZ,315.3887905912608
2030,2,p28,Mohave Valley Landfill,403572,OE_AZ1,AZ,732.6783992381143
2030,2,p28,Apache Junction Landfill,400203,Paloma Solar Hybrid,AZ,766.4004730644698
2030,2,p28,Apache Junction Landfill,405126,Paradise Valley H.S. PV,AZ,4667.332052695472
2030,2,p28,Apache Junction Landfill,405150,Phoenix Airport East Economy Lot,AZ,5526.1849085753665
2030,2,p28,Apache Junction Landfill,405151,Phoenix Airport Rental Car Center,AZ,4306.977052251044
2030,2,p28,Apache Junction Landfill,402528,Pinal Central Energy Center Hybrid,AZ,389.9118307324303
2030,2,p28,Apache Junction Landfill,400125,"Poseidon Solar, LLC",AZ,194.6022344336066
2030,2,p28,Apache Junction Landfill,400031,Prescott Airport,AZ,7023.8948060181665
2030,2,p28,Apache Junction Landfill,400401,Prescott Solar Plant,AZ,2652.0582169755194
2030,2,p28,Apache Junction Landfill,400323,Queen Creek Solar Farm,AZ,146.00751328132293
2030,2,p28,Mohave Valley Landfill,400289,"RE Bagdad Solar I, LLC",AZ,1028.7990385288297
2030,2,p28,Apache Junction Landfill,405132,"RE Gillespie 1, LLC",AZ,1080.987212078542
2030,2,p28,Apache Junction Landfill,400758,Red Horse 2,AZ,453.17386135277746
2030,2,p28,Apache Junction Landfill,401609,Red Horse III,AZ,715.4631468521352
2030,2,p28,Apache Junction Landfill,401726,Red Rock,AZ,310.50380344456954
2030,2,p28,Apache Junction Landfill,406380,SR McNeal,AZ,1542.8024335263412
2030,2,p28,Apache Junction Landfill,400416,Saddle Mountain Solar I,AZ,1332.934610072521
2030,2,p28,Apache Junction Landfill,403674,Saint Solar,AZ,138.56496588335602
2030,2,p28,Apache Junction Landfill,401214,Sandstone Solar,AZ,162.36451667813554
2030,2,p28,Apache Junction Landfill,405029,Solana Generating Station,AZ,238.63895487944936
2030,2,p28,Apache Junction Landfill,406275,Sonoran Solar Energy,AZ,140.08074100794153
2030,2,p28,Apache Junction Landfill,406034,Storey Solar and Storage,AZ,107.71832196630534
2030,2,p28,Apache Junction Landfill,401664,Sulphur Springs,AZ,1198.2428029961957
2030,2,p28,Apache Junction Landfill,403643,Sun Streams 2,AZ,226.7144725779335
2030,2,p28,Apache Junction Landfill,406517,Sun Streams 3,AZ,184.48695543095994
2030,2,p28,Apache Junction Landfill,401975,"Sun Streams, LLC",AZ,170.30218494977385
2030,2,p28,Apache Junction Landfill,405311,T0588 Phoenix - AZ,AZ,8686.523007170601
2030,2,p28,Apache Junction Landfill,405134,Union HS at Casa Grande,AZ,5257.218280408692
2030,2,p28,Apache Junction Landfill,405135,Vista Grande HS at Casa Grande,AZ,5033.94678085985
2030,2,p28,Apache Junction Landfill,400334,Walmart Casa Grande,AZ,3427.5026635972445
2030,2,p28,Apache Junction Landfill,406098,"West Line Solar, LLC",AZ,180.871378126214
2030,2,p29,Apache Junction Landfill,400014,Springerville,AZ,515.0534817652002
2030,2,p30,Apache Junction Landfill,405143,Actus Lend Lease DMAFB,AZ,4030.1601967694005
2030,2,p30,Apache Junction Landfill,405611,Amazon TUS2,AZ,4906.909602407526
2030,2,p30,Apache Junction Landfill,405268,Amphitheater High School Solar,AZ,8859.546739601043
2030,2,p30,Apache Junction Landfill,400939,Avalon Solar,AZ,498.6474016894403
2030,2,p30,Apache Junction Landfill,401479,Avalon Solar II,AZ,697.0151574929228
2030,2,p30,Apache Junction Landfill,400226,Avra Valley Solar,AZ,451.29633492664396
2030,2,p30,Apache Junction Landfill,404704,Broadway 2 - Tucson Phase II,AZ,5697.438763209854
2030,2,p30,Apache Junction Landfill,405768,Broadway 3 - Tucson Phase I,AZ,8498.130675600143
2030,2,p30,Apache Junction Landfill,405269,Canyon Del Oro High School Solar,AZ,2090.569085514925
2030,2,p30,Apache Junction Landfill,400757,Cogenra-TEP,AZ,10403.21119103536
2030,2,p30,Apache Junction Landfill,401295,Davis Monthan AFB (AZ) West Airfield,AZ,1006.4667819193315
2030,2,p30,Apache Junction Landfill,400330,FRB Solar Farm,AZ,5464.101640285964
2030,2,p30,Apache Junction Landfill,400761,"Gato Montes Solar, LLC",AZ,2996.164543922691
2030,2,p30,Apache Junction Landfill,404536,Iron Horse Battery Storage Hybrid,AZ,5792.423684930152
2030,2,p30,Apache Junction Landfill,400552,"Picture Rocks Solar, LLC",AZ,1309.9652381381666
2030,2,p30,Apache Junction Landfill,405374,Pima Community College,AZ,12943.645454533036
2030,2,p30,Apache Junction Landfill,405303,Pima Community College - East Campus,AZ,9296.298063109787
2030,2,p30,Apache Junction Landfill,405516,Pima Community College NW,AZ,7042.3713694206135
2030,2,p30,Apache Junction Landfill,400408,Prairie Fire,AZ,2321.4258353787
2030,2,p30,Apache Junction Landfill,400290,"RE Ajo 1, LLC",AZ,2479.402013464678
2030,2,p30,Apache Junction Landfill,404926,Raptor Ridge,AZ,1178.479399332066
2030,2,p30,Apache Junction Landfill,400857,Rio Rico Solar,AZ,3005.1266052393808
2030,2,p30,Apache Junction Landfill,400193,Roger Road WWTP,AZ,9533.455472231948
2030,2,p30,Apache Junction Landfill,401076,Tech Park Solar,AZ,2947.3920774025164
2030,2,p30,Apache Junction Landfill,400156,UASTP I,AZ,14461.172256488773
2030,2,p30,Apache Junction Landfill,401075,Valencia Solar,AZ,1267.2325304237927
2030,2,p30,Apache Junction Landfill,404187,"Wilmot Energy Center, LLC",AZ,250.46220370019216
2030,2,p31,City of Clovis Landfill,400211,Alamogordo Solar Energy Center,NM,10012.98013547096
2030,2,p31,Northeastern New Mexico Regional Landfill,400206,Albuquerque Solar Energy Center,NM,20507.626050057457
2030,2,p31,Northeastern New Mexico Regional Landfill,403675,Alcalde Solar Array,NM,10362.737868445576
2030,2,p31,Apache Junction Landfill,401595,Alta Luna,NM,2223.6139068961093
2030,2,p31,Northeastern New Mexico Regional Landfill,404724,Angel Fire Energy Facility,NM,966.171868705815
2030,2,p31,Northeastern New Mexico Regional Landfill,405469,Arroyo Solar Energy Storage Hybrid,NM,342.0221035091978
2030,2,p31,Northeastern New Mexico Regional Landfill,403321,Bluewater CDEC 1,NM,26226.178157745926
2030,2,p31,Northeastern New Mexico Regional Landfill,403736,Britton Solar Energy Center,NM,534.4102559376903
2030,2,p31,City of Clovis Landfill,404981,Buena Vista Energy Center,NM,528.7302959260331
2030,2,p31,Northeastern New Mexico Regional Landfill,402876,CNMEC Solar Energy Center,NM,17107.33536941306
2030,2,p31,City of Clovis Landfill,402519,Carrizozo Solar,NM,19877.665059534953
2030,2,p31,Northeastern New Mexico Regional Landfill,401202,Cibola,NM,9369.912789239193
2030,2,p31,Northeastern New Mexico Regional Landfill,400104,Cimarron Solar Facility,NM,222.32716283918185
2030,2,p31,Apache Junction Landfill,402988,City of Gallup Solar,NM,8850.681095788765
2030,2,p31,Northeastern New Mexico Regional Landfill,403604,City of Rio Rancho WWTP,NM,32230.417352160126
2030,2,p31,Apache Junction Landfill,401225,City of Truth or Consequences PV,NM,36839.47595635993
2030,2,p31,Apache Junction Landfill,402177,Columbus Solar Project,NM,30207.239321882294
2030,2,p31,Northeastern New Mexico Regional Landfill,404748,"Cuba 2.5ac, LLC",NM,11590.46188891995
2030,2,p31,Apache Junction Landfill,400209,Deming Solar Energy Center,NM,5977.082654040798
2030,2,p31,Northeastern New Mexico Regional Landfill,403868,Encino Solar Energy Center,NM,819.8799449640322
2030,2,p31,Northeastern New Mexico Regional Landfill,401038,Eubank Landfill Solar Array,NM,18128.37602544801
2030,2,p31,Northeastern New Mexico Regional Landfill,402441,Facebook 1 Solar Energy Center,NM,3392.088566644208
2030,2,p31,Northeastern New Mexico Regional Landfill,402442,Facebook 2 Solar Energy Center,NM,3265.616672831101
2030,2,p31,Northeastern New Mexico Regional Landfill,402443,Facebook 3 Solar Energy Center,NM,3268.3330777187257
2030,2,p31,Northeastern New Mexico Regional Landfill,403322,Grants CDEC 2,NM,10641.728113713372
2030,2,p31,Apache Junction Landfill,400216,"Hatch Solar Energy Center I, LLC",NM,14431.483944237434
2030,2,p31,City of Clovis Landfill,401617,Holloman Solar Facility,NM,11124.690675962787
2030,2,p31,Northeastern New Mexico Regional Landfill,406109,"Jicarilla Solar 1, LLC",NM,768.7215229046832
2030,2,p31,Northeastern New Mexico Regional Landfill,400427,Kit Carson,NM,16019.703656990838
2030,2,p31,Northeastern New Mexico Regional Landfill,400210,Las Vegas Solar Energy Center,NM,2511.090211612819
2030,2,p31,Northeastern New Mexico Regional Landfill,400434,Los Alamos PV Site,NM,23493.76606060582
2030,2,p31,Northeastern New Mexico Regional Landfill,400207,Los Lunas Solar Energy Center,NM,5349.539234900671
2030,2,p31,Apache Junction Landfill,400838,Macho Springs,NM,1213.1608414114824
2030,2,p31,Northeastern New Mexico Regional Landfill,400582,Manzano Solar,NM,4178.855220755245
2030,2,p31,Northeastern New Mexico Regional Landfill,401201,Meadow Lake Solar Energy Center,NM,3839.6812927855435
2030,2,p31,Northeastern New Mexico Regional Landfill,406177,"NMRD Data Center III, LLC",NM,636.544803009164
2030,2,p31,City of Clovis Landfill,405693,NMSU Solar and Storage,NM,23963.76483172768
2030,2,p31,Northeastern New Mexico Regional Landfill,406375,OE_ESCL,NM,315.54109625985603
2030,2,p31,City of Clovis Landfill,400581,Otero Solar,NM,6361.53429526071
2030,2,p31,Northeastern New Mexico Regional Landfill,400146,Questa Solar Facility,NM,16940.015393860704
2030,2,p31,Northeastern New Mexico Regional Landfill,403178,"RC Energy AA, LLC Solar Facility",NM,40350.307916338075
2030,2,p31,Northeastern New Mexico Regional Landfill,401566,Rio Communities Solar Energy Center,NM,4997.126842372477
2030,2,p31,Northeastern New Mexico Regional Landfill,403084,Rio De Oro Solar Energy Center,NM,4289.077120330726
2030,2,p31,Northeastern New Mexico Regional Landfill,400624,Rio Rancho High School,NM,35838.73970348231
2030,2,p31,City of Clovis Landfill,400135,Roadrunner Solar,NM,3396.5363967187973
2030,2,p31,Northeastern New Mexico Regional Landfill,404648,"Route 66 Energy Center, LLC",NM,1211.456746501335
2030,2,p31,Northeastern New Mexico Regional Landfill,403387,San Miguel I Solar Energy Center,NM,1431.9883064695105
2030,2,p31,Northeastern New Mexico Regional Landfill,405458,San Miguel II Solar Energy Center,NM,1008.6370473938748
2030,2,p31,Northeastern New Mexico Regional Landfill,401161,Sandoval Solar Energy Center,NM,5533.399541463862
2030,2,p31,Northeastern New Mexico Regional Landfill,401564,Santa Fe Solar Energy Center,NM,3025.031330568004
2030,2,p31,Northeastern New Mexico Regional Landfill,401565,Santolina Solar Energy Center,NM,5243.383721459199
2030,2,p31,Apache Junction Landfill,400596,Silver City WWTP PV Project,NM,63614.34720695952
2030,2,p31,Northeastern New Mexico Regional Landfill,406343,Sky Ranch Solar,NM,437.0424474831961
2030,2,p31,Northeastern New Mexico Regional Landfill,401563,South Valley Solar Energy Center,NM,3989.0661708642383
2030,2,p31,Northeastern New Mexico Regional Landfill,401162,Springer Solar 1,NM,6622.671933839402
2030,2,p31,Northeastern New Mexico Regional Landfill,400735,Storrie Lake Solar Project,NM,7987.77930606742
2030,2,p31,Northeastern New Mexico Regional Landfill,400623,Sue Cleveland High School,NM,31141.387635975592
2030,2,p31,City of Clovis Landfill,400343,"SunE EPE1, LLC",NM,13941.78608538224
2030,2,p31,City of Clovis Landfill,400342,"SunE EPE2, LLC",NM,4979.544517910778
2030,2,p31,Northeastern New Mexico Regional Landfill,402854,Syncarpha Eagle Nest,NM,10320.662007236388
2030,2,p31,Northeastern New Mexico Regional Landfill,403412,Syncarpha El Rito,NM,24457.098701111874
2030,2,p31,Northeastern New Mexico Regional Landfill,403413,Syncarpha Questa,NM,14341.855313899663
2030,2,p31,Northeastern New Mexico Regional Landfill,403411,Syncarpha Taos,NM,4751.456154787589
2030,2,p31,Northeastern New Mexico Regional Landfill,404618,Taos Mesa Energy Facility Hybrid,NM,1017.1274054655821
2030,2,p31,Northeastern New Mexico Regional Landfill,403011,Vista Solar Energy Center,NM,4189.685418483074
2030,2,p31,City of Clovis Landfill,400354,WSMR I,NM,14554.27624184946
2030,2,p31,Apache Junction Landfill,405245,Wal-Mart Truth or Consequences PV,NM,56462.15538072122
2030,2,p47,City of Clovis Landfill,400979,"Caprock Solar 1, LLC",NM,670.6806668209025
2030,2,p47,City of Clovis Landfill,404980,Chaves County Solar II,NM,669.6781247259356
2030,2,p47,City of Clovis Landfill,401681,"Chaves Solar, LLC",NM,365.7113956426791
2030,2,p47,City of Clovis Landfill,400614,GSE NM1,NM,14323.023354335151
2030,2,p47,City of Clovis Landfill,404982,Hayhurst New Mexico Solar,NM,2138.368739659886
2030,2,p47,City of Clovis Landfill,402530,Middle Daisy,NM,3926.5406984103497
2030,2,p47,City of Clovis Landfill,401682,"Roswell Solar, LLC",NM,328.00660338149436
2030,2,p47,City of Clovis Landfill,400546,SEV NM Phase 2,NM,25286.86751949016
2030,2,p47,City of Clovis Landfill,400260,SPS1 Dollarhide,NM,3512.3951110695803
2030,2,p47,City of Clovis Landfill,400261,SPS2 Jal,NM,4399.4857558429385
2030,2,p47,City of Clovis Landfill,400262,SPS3 Lea,NM,2608.687986847381
2030,2,p47,City of Clovis Landfill,400264,SPS5 Hopi,NM,3465.8380279460584
2030,2,p47,City of Clovis Landfill,404698,SoCore Clovis 1,NM,576.5829124762126
2030,2,p48,City of Clovis Landfill,406439,"BESSP1, LLC",TX,498.1058821006578
2030,2,p48,City of Clovis Landfill,405590,"Hecate Energy Frye Solar, LLC",TX,144.7539783644037
2030,2,p57,Victoria Landfill,404918,"Hecate Energy Upshur Rural, LLC",TX,8581.532112681049
2030,2,p59,City of Clovis Landfill,402666,Fort Bliss (DEA EPIC),TX,9476.110874783482
2030,2,p59,City of Clovis Landfill,401616,Montana Solar Facility,TX,6175.085365060467
2030,2,p59,City of Clovis Landfill,401045,Newman Solar,TX,1803.062602647631
2030,2,p60,City of Clovis Landfill,403962,"ANSON Solar Center, LLC",TX,486.4981049640716
2030,2,p60,City of Clovis Landfill,403883,Azure Sky Solar,TX,596.1920357300913
2030,2,p60,City of Clovis Landfill,403232,"ENGIE Long Draw Solar, LLC",TX,263.20308906017766
2030,2,p60,City of Clovis Landfill,406252,Highpeak Solar 1,TX,4929.492679548235
2030,2,p60,City of Clovis Landfill,402721,Holstein 1 Solar Farm,TX,348.62500690225943
2030,2,p60,City of Clovis Landfill,405492,Juno Solar Project,TX,249.67805370886256
2030,2,p60,City of Clovis Landfill,402541,Lamesa II,TX,694.325832952893
2030,2,p60,City of Clovis Landfill,401660,Lamesa Solar,TX,400.19909767763403
2030,2,p60,City of Clovis Landfill,405932,Lumina II Solar Project,TX,321.1879275514028
2030,2,p60,City of Clovis Landfill,405933,Lumina Solar Project,TX,302.4186792183091
2030,2,p60,City of Clovis Landfill,402909,Misae Solar,TX,327.6757375712819
2030,2,p60,City of Clovis Landfill,400968,"OCI Alamo 7, LLC",TX,541.3275672624517
2030,2,p60,City of Clovis Landfill,405939,Texas Solar Nova 1,TX,300.919362115325
2030,2,p61,City of Clovis Landfill,400967,Alamo 6,TX,490.3248185598203
2030,2,p61,City of Clovis Landfill,403557,Aragorn Solar Project,TX,375.7423852800888
2030,2,p61,City of Clovis Landfill,400691,Barilla Solar,TX,1003.2304919491432
2030,2,p61,City of Clovis Landfill,401946,Bluebell Solar,TX,1080.0220422559867
2030,2,p61,City of Clovis Landfill,403574,Bluebell Solar II,TX,568.3750813098808
2030,2,p61,City of Clovis Landfill,400554,"Bryan Solar, LLC",TX,5887.153115669022
2030,2,p61,City of Clovis Landfill,401463,Buckthorn Westex,TX,447.7827921453787
2030,2,p61,City of Clovis Landfill,401703,East Pecos Solar,TX,511.82544930547766
2030,2,p61,City of Clovis Landfill,405363,Galloway 1 Solar Farm,TX,434.857303736361
2030,2,p61,City of Clovis Landfill,405494,Galloway 2 Solar Farm,TX,504.5221451058999
2030,2,p61,City of Clovis Landfill,403210,Greasewood,TX,417.3307389286102
2030,2,p61,City of Clovis Landfill,406370,Hayhurst Texas Solar,TX,1097.8618293357688
2030,2,p61,City of Clovis Landfill,402304,Midway Solar-TX,TX,447.76199296947135
2030,2,p61,Victoria Landfill,400695,"OCI Alamo 4, LLC",TX,844.0532901170569
2030,2,p61,City of Clovis Landfill,401868,Pearl Solar,TX,609.4245963069732
2030,2,p61,City of Clovis Landfill,402290,RE Maplewood,TX,435.92791649625053
2030,2,p61,City of Clovis Landfill,401430,RE Roserock,TX,451.86428549250894
2030,2,p61,City of Clovis Landfill,402848,Rambler,TX,475.92573851309055
2030,2,p61,City of Clovis Landfill,402083,Solaire Holman Solar Project,TX,607.5266407675368
2030,2,p61,City of Clovis Landfill,403023,"Taygete Energy Project, LLC",TX,340.101690502647
2030,2,p61,City of Clovis Landfill,404647,Taygete II Energy Project,TX,424.76238381813295
2030,2,p61,City of Clovis Landfill,403551,Titan Solar Project,TX,353.4136495061556
2030,2,p61,Victoria Landfill,406103,Zier Solar,TX,462.43208595752407
2030,2,p62,City of Clovis Landfill,403502,2W Permian Solar Project Hybrid,TX,332.6093133451769
2030,2,p62,City of Clovis Landfill,403697,CED Crane Solar,TX,511.58546343161623
2030,2,p62,City of Clovis Landfill,401525,Castle Gap Solar Hybrid,TX,576.5529590351412
2030,2,p62,City of Clovis Landfill,404599,Emerald Grove,TX,342.05520348106097
2030,2,p62,City of Clovis Landfill,403004,Lapetus,TX,280.0350465240796
2030,2,p62,City of Clovis Landfill,403280,Oberon IA,TX,300.13769754746954
2030,2,p62,City of Clovis Landfill,403279,Oberon IB,TX,1438.6225800787158
2030,2,p62,City of Clovis Landfill,403602,Oxy Renewable Energy-Goldsmith,TX,1713.6712741264118
2030,2,p62,City of Clovis Landfill,402679,Phoebe Solar,TX,292.47946705459356
2030,2,p62,City of Clovis Landfill,403177,Prospero Solar,TX,276.8203130371195
2030,2,p62,City of Clovis Landfill,404128,Prospero Solar II,TX,317.0896035258631
2030,2,p62,City of Clovis Landfill,403070,"Roadrunner, LLC",TX,339.07234272910216
2030,2,p62,City of Clovis Landfill,401805,Upton County Solar,TX,658.8459051954899
2030,2,p62,City of Clovis Landfill,402995,West of the Pecos Solar,TX,416.34896399471916
2030,2,p63,Victoria Landfill,405599,"BPL Crown Solar, LLC",TX,388.8679304372494
2030,2,p63,Victoria Landfill,404966,BPL Files Solar,TX,684.5149933525142
2030,2,p63,Victoria Landfill,403825,Briar Creek Solar 1,TX,487.97928197477796
2030,2,p63,Victoria Landfill,402610,Chisum,TX,57432.112657353835
2030,2,p63,Victoria Landfill,401697,CoServ Community Solar Station,TX,36827.57993987684
2030,2,p63,Victoria Landfill,403188,Coniglio Solar,TX,782.9408922192717
2030,2,p63,Victoria Landfill,406415,Dileo Solar,TX,607.819912583162
2030,2,p63,Victoria Landfill,402655,Eddy II,TX,4264.642574989845
2030,2,p63,Victoria Landfill,406221,Eiffel Solar Project,TX,586.477426809191
2030,2,p63,Victoria Landfill,405540,"Ellis Solar, LLC",TX,817.5442977109005
2030,2,p63,Victoria Landfill,403823,Elm Branch Solar 1,TX,429.4260618429126
2030,2,p63,Victoria Landfill,406206,Five Wells Solar Center - Hybrid,TX,305.6528353737154
2030,2,p63,Victoria Landfill,404567,G.S.E. One LLC,TX,790.8490740077507
2030,2,p63,Victoria Landfill,403288,Griffin Solar,TX,7017.291538642055
2030,2,p63,Victoria Landfill,406202,Grizzly Ridge Solar,TX,515.7956065616117
2030,2,p63,Victoria Landfill,402329,Highway 56 Solar,TX,26180.424429385017
2030,2,p63,Victoria Landfill,405689,"IP Radian, LLC",TX,410.1187057452771
2030,2,p63,Victoria Landfill,403481,Impact Solar 1,TX,754.4120987279856
2030,2,p63,Victoria Landfill,403190,Kellam Solar,TX,878.1449244495935
2030,2,p63,Victoria Landfill,402421,Leon Solar,TX,12722.69190535619
2030,2,p63,Victoria Landfill,403874,Lily Solar Hybrid,TX,801.887173049008
2030,2,p63,Victoria Landfill,402404,Marlin Solar,TX,6932.939258995847
2030,2,p63,City of Clovis Landfill,405794,Noble Solar,TX,596.0008786546745
2030,2,p63,Victoria Landfill,402405,North Gainesville Solar,TX,26916.151940761705
2030,2,p63,Victoria Landfill,401933,Phantom Solar,TX,2391.433442282728
2030,2,p63,Victoria Landfill,404872,"Pisgah Ridge Solar, LLC",TX,380.341527301252
2030,2,p63,Victoria Landfill,406416,Pitts Dudik Solar,TX,864.9092630426402
2030,2,p63,City of Clovis Landfill,403189,Rippey Solar,TX,1070.3844257318297
2030,2,p63,Victoria Landfill,404630,"Samson Solar Energy III, LLC",TX,694.8241907593754
2030,2,p63,Victoria Landfill,402652,Sterling Solar (TX),TX,6407.666679694714
2030,2,p63,Victoria Landfill,404812,Sun Valley Solar Project,TX,375.5444816748259
2030,2,p63,Victoria Landfill,404388,"TPE Erath Solar, LLC",TX,4311.678458333507
2030,2,p63,Victoria Landfill,403457,"TPE Whitney Solar, LLC",TX,4371.882198732717
2030,2,p63,Victoria Landfill,405361,Toyota HQ Plan,TX,21434.234496284913
2030,2,p63,Victoria Landfill,405907,Verizon Hidden Ridge Solar Project,TX,162331.82781516374
2030,2,p63,Victoria Landfill,405984,Waco Solar,TX,436.0863709788412
2030,2,p63,Victoria Landfill,402306,Walnut Springs Solar,TX,8721.03666586924
2030,2,p63,Victoria Landfill,402497,West Moore Solar II,TX,22242.316877313315
2030,2,p63,Victoria Landfill,402330,Whitesboro Solar,TX,36977.52355064171
2030,2,p63,Victoria Landfill,402331,Whitesboro Solar II,TX,110979.33014085257
2030,2,p63,Victoria Landfill,402414,Whitewright Solar,TX,10919.580138293823
2030,2,p63,Victoria Landfill,402654,Yellow Jacket,TX,9345.2181837483
2030,2,p64,Victoria Landfill,405731,Austin TX GigaFactory,TX,7206.729891942848
2030,2,p64,Victoria Landfill,402203,Bandera Electric Coop PV,TX,11886.808416093678
2030,2,p64,Victoria Landfill,404721,"Blue Jay Solar I, LLC",TX,396.2460877939588
2030,2,p64,Victoria Landfill,402648,Bovine,TX,842.3913629239916
2030,2,p64,Victoria Landfill,402389,"E-Volve Energy Holdings, LLC",TX,7332.5561537413305
2030,2,p64,Victoria Landfill,400227,East Blackland Solar Project 1,TX,295.125518158074
2030,2,p64,Victoria Landfill,405101,IKEA Round Rock 027,TX,13439.40388367096
2030,2,p64,Victoria Landfill,402653,Lampwick,TX,4033.093384072303
2030,2,p64,Victoria Landfill,405613,Niagara Bottling - Seguin,TX,2001.9234261672127
2030,2,p64,Victoria Landfill,402544,PowerFin Kingsbery,TX,4411.703617272343
2030,2,p64,Victoria Landfill,400249,Webberville Solar Project,TX,508.6760667329185
2030,2,p65,Victoria Landfill,405700,Aktina Solar,TX,151.16796839619764
2030,2,p65,Victoria Landfill,404074,"Alexis Solar, LLC",TX,4466.450111470377
2030,2,p65,Victoria Landfill,405727,Bernard Creek Solar,TX,167.9334998881145
2030,2,p65,Victoria Landfill,400081,Blue Wing Solar Energy Generation,TX,2077.5986259008982
2030,2,p65,Victoria Landfill,405477,Brightside,TX,475.45281601394794
2030,2,p65,Victoria Landfill,401728,CPS 1 Community Solar,TX,32572.90181932581
2030,2,p65,Victoria Landfill,402656,Cascade Solar (TX),TX,2051.5847358108967
2030,2,p65,Victoria Landfill,403987,Catan Solar,TX,1451.3072069114087
2030,2,p65,Victoria Landfill,403091,Commerce Solar,TX,6534.445083903909
2030,2,p65,Victoria Landfill,404247,"Corazon Energy, LLC",TX,282.74050314424966
2030,2,p65,Victoria Landfill,404062,Elara Solar,TX,356.06845397773293
2030,2,p65,Victoria Landfill,404359,FELPS 1-Calaveras,TX,31350.32388042753
2030,2,p65,Victoria Landfill,404361,FELPS 2-Calaveras,TX,31373.342593294223
2030,2,p65,Victoria Landfill,404362,FELPS 3-Floresville South,TX,22147.904615820367
2030,2,p65,Victoria Landfill,404363,FELPS 4-Floresville South,TX,22151.206804656747
2030,2,p65,Victoria Landfill,404364,FELPS 5-Floresville South,TX,22157.03693986191
2030,2,p65,Victoria Landfill,404739,FELPS 6- Floresville West,TX,26161.389800237263
2030,2,p65,Victoria Landfill,404740,FELPS 7- Floresville West,TX,26157.39750246189
2030,2,p65,Victoria Landfill,406516,Ganado Solar,TX,136.1292827107965
2030,2,p65,Victoria Landfill,405801,Horizon Solar,TX,329.7318491018579
2030,2,p65,Victoria Landfill,405380,IKEA Live Oak Rooftop PV System,TX,17483.040057362363
2030,2,p65,Victoria Landfill,403343,Mars Solar,TX,5947.284366021665
2030,2,p65,Victoria Landfill,404877,Nebula Solar,TX,548.4751402733388
2030,2,p65,Victoria Landfill,400694,"OCI Alamo 2, LLC",TX,7263.276935804777
2030,2,p65,Victoria Landfill,400965,"OCI Alamo 3, LLC",TX,7369.702067998994
2030,2,p65,Victoria Landfill,400966,"OCI Alamo 5, LLC",TX,700.0615200972751
2030,2,p65,Victoria Landfill,400593,OCI Alamo Solar I Hybrid,TX,1058.4953757711355
2030,2,p65,Victoria Landfill,405809,Shakes Solar,TX,327.68560606626147
2030,2,p65,Victoria Landfill,405545,Sparta Solar,TX,220.98183620562105
2030,2,p65,Victoria Landfill,400379,"SunE CPS1, LLC",TX,4072.2086562417417
2030,2,p65,Victoria Landfill,400364,"SunE CPS2, LLC",TX,3194.000010225291
2030,2,p65,Victoria Landfill,400353,"SunE CPS3, LLC",TX,3387.9858678554756
2030,2,p65,Victoria Landfill,406032,Tres Bahias,TX,103.99722479897383
2030,2,p65,Victoria Landfill,404878,Vancourt Solar Interconnections,TX,1225.4368780213772
2030,2,p66,Victoria Landfill,406386,Umbriel Solar,TX,465.32812295812954
2030,2,p67,Victoria Landfill,404939,Brazoria County Solar Project (Danciger),TX,219.99941243384757
2030,2,p67,Victoria Landfill,404681,Brazoria West,TX,200.056813836408
2030,2,p67,Victoria Landfill,402649,Bronson,TX,1422.0584229975464
2030,2,p67,Victoria Landfill,406178,"Cutlass Solar 1, LLC",TX,190.27697069585722
2030,2,p67,Victoria Landfill,404587,Fighting Jays Solar Project,TX,214.5101866744909
2030,2,p67,Victoria Landfill,405564,"Fort Bend Solar, LLC",TX,249.80753007835168
2030,2,p67,Victoria Landfill,404853,"Longbow Solar, LLC",TX,370.59765911465684
2030,2,p67,Victoria Landfill,403514,Wagyu,TX,228.47471132078508
2030,3,p12,Apex Regional Landfill,402144,Battle Mountain Solar Project,NV,688.9109386846922
2030,3,p12,Apex Regional Landfill,405553,Dodge Flat,NV,1672.1002395812238
2030,3,p12,Apex Regional Landfill,402609,"EGP Stillwater Solar PV II, LLC",NV,1668.1663760494923
2030,3,p12,Apex Regional Landfill,404659,Fish Springs,NV,784.0872995465279
2030,3,p12,Apex Regional Landfill,401086,Ft. Churchill PV,NV,4107.449086589763
2030,3,p12,Apex Regional Landfill,402130,Luning Energy,NV,559.867804283324
2030,3,p12,Apex Regional Landfill,403107,NVSS-II,NV,388.1560349265303
2030,3,p12,Apex Regional Landfill,400468,"Patua Acquisition Project, LLC",NV,3717.1747757914713
2030,3,p12,Apex Regional Landfill,405023,Steamboat II,NV,59586.19554799591
2030,3,p12,Apex Regional Landfill,400029,Stillwater Facility,NV,1535.4550465020623
2030,3,p12,Apex Regional Landfill,401318,Sunshine Valley Solar,NV,248.91994484985187
2030,3,p12,Apex Regional Landfill,405026,TS Power Plant,NV,844.6558459118284
2030,3,p12,Apex Regional Landfill,405576,Tesla Reno GigaFactory,NV,6925.61088970591
2030,3,p12,Apex Regional Landfill,401943,Tungsten Mountain,NV,4188.438287534262
2030,3,p12,Apex Regional Landfill,403308,Turquoise Liberty Solar,NV,4725.851404664711
2030,3,p12,Apex Regional Landfill,403884,"Turquoise Nevada, LLC",NV,1250.3383800116542
2030,3,p12,Apex Regional Landfill,400035,Western 102 Power Plant,NV,108736.52526489964
2030,3,p13,Apex Regional Landfill,400555,Apex Solar PV Power Project,NV,265.2852983696654
2030,3,p13,Apex Regional Landfill,405385,Arrow Canyon Solar Hybrid,NV,195.05136853146965
2030,3,p13,Apex Regional Landfill,402017,"Boulder Solar II, LLC",NV,145.23942847186504
2030,3,p13,Apex Regional Landfill,401649,"Boulder Solar Power, LLC",NV,97.33065217179815
2030,3,p13,Apex Regional Landfill,400059,CM10,NV,535.476813372711
2030,3,p13,Apex Regional Landfill,400086,CM48,NV,196.11777295073094
2030,3,p13,Apex Regional Landfill,400363,Copper Mountain Solar 2,NV,119.43559602622206
2030,3,p13,Apex Regional Landfill,400802,Copper Mountain Solar 3,NV,78.78956774306388
2030,3,p13,Apex Regional Landfill,401308,"Copper Mountain Solar 4, LLC",NV,101.65832304715002
2030,3,p13,Apex Regional Landfill,403688,"Copper Mountain Solar 5, LLC",NV,100.24855718328129
2030,3,p13,Apex Regional Landfill,405358,Dignity - San Martin,NV,1265.9559555825
2030,3,p13,Apex Regional Landfill,405355,Dignity - Siena Campus,NV,1395.9676581617477
2030,3,p13,Apex Regional Landfill,405556,Dry Lake Solar Energy Center,NV,96.76435123667358
2030,3,p13,Apex Regional Landfill,405495,Gemini Solar,NV,100.52933755301697
2030,3,p13,Apex Regional Landfill,403386,"Harry Allen Solar Energy, LLC",NV,94.39160163462184
2030,3,p13,Apex Regional Landfill,406090,IGS LAS1,NV,3530.4306724657363
2030,3,p13,Apex Regional Landfill,406089,IGS VGT,NV,1934.8680050300254
2030,3,p13,Apex Regional Landfill,405309,IKEA Las Vegas 462,NV,3515.886595951033
2030,3,p13,Apex Regional Landfill,400545,Las Vegas WPCF Solar Plant,NV,318.88078333491086
2030,3,p13,Apex Regional Landfill,400313,Moapa Southern Paiute,NV,103.54700984402609
2030,3,p13,Apex Regional Landfill,400600,Mountain View Solar,NV,264.9149973140281
2030,3,p13,Apex Regional Landfill,400036,Nellis Air Force Base Solar Array,NV,205.7920834721055
2030,3,p13,Apex Regional Landfill,401381,Nellis Solar PV II,NV,112.60417893905503
2030,3,p13,Apex Regional Landfill,401319,"Playa Solar 1, LLC",NV,110.76736519086911
2030,3,p13,Apex Regional Landfill,401596,Playa Solar 2,NV,93.20627036887346
2030,3,p13,Apex Regional Landfill,401274,River Mountains Solar,NV,261.44268169139923
2030,3,p13,Mohave Valley Landfill,401042,Searchlight Solar,NV,578.4789769911789
2030,3,p13,Apex Regional Landfill,400166,Silver State Solar Power North,NV,204.60455872516735
2030,3,p13,Apex Regional Landfill,400658,Silver State Solar Power South,NV,108.60206205994518
2030,3,p13,Apex Regional Landfill,405246,"Solar Las Vegas MB 2, LLC",NV,1065.828872899304
2030,3,p13,Apex Regional Landfill,405188,Solar Las Vegas MB-1,NV,324.8480080878922
2030,3,p13,Apex Regional Landfill,400556,Spectrum Solar PV Power Project,NV,138.78125387509928
2030,3,p13,Apex Regional Landfill,402485,"Techren Solar I, LLC",NV,101.25396401983542
2030,3,p13,Apex Regional Landfill,402690,"Techren Solar II, LLC",NV,93.82120894738871
2030,3,p13,Apex Regional Landfill,402691,"Techren Solar III, LLC",NV,289.6886996148382
2030,3,p13,Apex Regional Landfill,402692,"Techren Solar IV, LLC",NV,266.69670845796156
2030,3,p13,Apex Regional Landfill,403001,Techren Solar V,NV,143.70167919306573
2030,3,p13,Apex Regional Landfill,401851,Townsite Solar Project Hybrid,NV,98.83121431998613
2030,3,p13,Apex Regional Landfill,406448,Yellow Pine II,NV,357.92182994373195
2030,3,p13,Apex Regional Landfill,404971,Yellow Pine Solar,NV,178.0109331505787
2030,3,p27,Mohave Valley Landfill,400374,"Black Mountain Solar, LLC",AZ,168.05005060940022
2030,3,p27,Mohave Valley Landfill,402236,Gray Hawk Solar,AZ,143.48435444299972
2030,3,p27,Mohave Valley Landfill,401819,Jacobson 5 MW Solar,AZ,559.889348683983
2030,3,p27,Mohave Valley Landfill,400199,La Senita,AZ,1558.8805441335849
2030,3,p27,Mohave Valley Landfill,403718,Mohave Electric Cooperative at Joy Lane,AZ,54.612526876973035
2030,3,p27,Mohave Valley Landfill,401311,Mohave Electric at Fort Mohave,AZ,109.72110585484513
2030,3,p27,Mohave Valley Landfill,406478,Mohave Energy - Hybrid,AZ,47.57589278604294
2030,3,p28,Apache Junction Landfill,405418,AZ State University - Tempe Campus Solar,AZ,2258.3235265140715
2030,3,p28,South Yuma County Landfill,400148,Agua Caliente Solar Project,AZ,147.7143131927019
2030,3,p28,Apache Junction Landfill,402067,Apache Solar 1,AZ,1749.9265065300715
2030,3,p28,South Yuma County Landfill,400274,Arizona Western College PV,AZ,463.39049250132837
2030,3,p28,Apache Junction Landfill,400240,Arlington Valley Solar Energy II,AZ,164.37172037874296
2030,3,p28,Apache Junction Landfill,400437,Badger 1,AZ,962.5706910140194
2030,3,p28,Apache Junction Landfill,401688,Bonnybrooke PV,AZ,172.53485055388208
2030,3,p28,Apache Junction Landfill,400371,Buckeye Union HS District 201,AZ,3747.9149931679203
2030,3,p28,Apache Junction Landfill,405635,"Central Line Solar, LLC",AZ,157.17491948245936
2030,3,p28,Apache Junction Landfill,400201,Chino Solar Valley,AZ,1327.9438998584706
2030,3,p28,Apache Junction Landfill,400202,Cotton Center Solar Hybrid,AZ,787.4646970346593
2030,3,p28,Apache Junction Landfill,401069,Desert Star Hybrid,AZ,1866.3558557498918
2030,3,p28,Apache Junction Landfill,403257,East Line Solar,AZ,140.3071002085105
2030,3,p28,Apache Junction Landfill,406171,Eleven Mile Solar Center,AZ,106.40916502427895
2030,3,p28,Apache Junction Landfill,405244,Estrella Mountain PV,AZ,5418.612029287237
2030,3,p28,South Yuma County Landfill,400349,Foothills Solar Plant Hybrid,AZ,93.8574098760309
2030,3,p28,Apache Junction Landfill,400825,Fort Huachuca Solar PV Project,AZ,1893.0232302624338
2030,3,p28,Apache Junction Landfill,400845,Gila Bend Hybrid,AZ,678.2487945511856
2030,3,p28,Apache Junction Landfill,400599,"Gilbert Solar Facility I, LLC",AZ,1321.3005555232999
2030,3,p28,South Yuma County Landfill,400507,Hyder II Hybrid,AZ,1070.2844487509362
2030,3,p28,South Yuma County Landfill,400204,Hyder Solar Hybrid,AZ,1175.9815677964584
2030,3,p28,Apache Junction Landfill,405282,Intel - Ocotillo Campus Solar,AZ,1633.219441955899
2030,3,p28,Apache Junction Landfill,405125,Jewish Community Center PV,AZ,5828.5399873555325
2030,3,p28,Apache Junction Landfill,402234,Kayenta Solar Project,AZ,860.783771618689
2030,3,p28,Apache Junction Landfill,400595,Lake Pleasant WTP,AZ,1785.6255836721045
2030,3,p28,Apache Junction Landfill,400128,Luke Solar,AZ,1681.1121562283408
2030,3,p28,Apache Junction Landfill,405068,Macys Goodyear,AZ,4329.998125471898
2030,3,p28,South Yuma County Landfill,406279,McFarland A Solar and Storage,AZ,198.6405441396718
2030,3,p28,Apache Junction Landfill,405617,Mesa Carport PV,AZ,216.9481195730886
2030,3,p28,Apache Junction Landfill,404512,Mesa Solar Array,AZ,266.946550472924
2030,3,p28,Apache Junction Landfill,400250,Mesquite Solar 1,AZ,332.4934547371746
2030,3,p28,Apache Junction Landfill,401621,"Mesquite Solar 2, LLC",AZ,207.6414422874625
2030,3,p28,Apache Junction Landfill,401622,"Mesquite Solar 3, LLC",AZ,207.77401494745342
2030,3,p28,Apache Junction Landfill,406038,"Mesquite Solar 4, LLC",AZ,355.08435593005703
2030,3,p28,Apache Junction Landfill,404922,"Mesquite Solar 5, LLC",AZ,315.3887905912608
2030,3,p28,Mohave Valley Landfill,403572,OE_AZ1,AZ,732.6783992381143
2030,3,p28,Apache Junction Landfill,400203,Paloma Solar Hybrid,AZ,846.4119678494106
2030,3,p28,Apache Junction Landfill,405126,Paradise Valley H.S. PV,AZ,5822.590810869339
2030,3,p28,Apache Junction Landfill,405150,Phoenix Airport East Economy Lot,AZ,5526.1849085753665
2030,3,p28,Apache Junction Landfill,405151,Phoenix Airport Rental Car Center,AZ,4915.645628286909
2030,3,p28,Apache Junction Landfill,402528,Pinal Central Energy Center Hybrid,AZ,389.9118307324303
2030,3,p28,Apache Junction Landfill,400125,"Poseidon Solar, LLC",AZ,194.6022344336066
2030,3,p28,Apache Junction Landfill,400031,Prescott Airport,AZ,7896.094529270437
2030,3,p28,Apache Junction Landfill,400401,Prescott Solar Plant,AZ,4606.379114707158
2030,3,p28,Apache Junction Landfill,400323,Queen Creek Solar Farm,AZ,134.92856958339814
2030,3,p28,Mohave Valley Landfill,400289,"RE Bagdad Solar I, LLC",AZ,1138.645687309811
2030,3,p28,Apache Junction Landfill,405132,"RE Gillespie 1, LLC",AZ,966.0216351809261
2030,3,p28,Apache Junction Landfill,400758,Red Horse 2,AZ,453.17386135277746
2030,3,p28,Apache Junction Landfill,401609,Red Horse III,AZ,715.4631468521352
2030,3,p28,Apache Junction Landfill,401726,Red Rock,AZ,310.50380344456954
2030,3,p28,Apache Junction Landfill,406380,SR McNeal,AZ,1542.8024335263412
2030,3,p28,Apache Junction Landfill,400416,Saddle Mountain Solar I,AZ,1204.270851065269
2030,3,p28,Apache Junction Landfill,403674,Saint Solar,AZ,138.56496588335602
2030,3,p28,Apache Junction Landfill,401214,Sandstone Solar,AZ,162.36451667813554
2030,3,p28,Apache Junction Landfill,405029,Solana Generating Station,AZ,277.10734185533926
2030,3,p28,Apache Junction Landfill,406275,Sonoran Solar Energy,AZ,140.08074100794153
2030,3,p28,Apache Junction Landfill,406034,Storey Solar and Storage,AZ,107.71832196630534
2030,3,p28,Apache Junction Landfill,401664,Sulphur Springs,AZ,1691.9338528517083
2030,3,p28,Apache Junction Landfill,403643,Sun Streams 2,AZ,159.05792786120844
2030,3,p28,Apache Junction Landfill,406517,Sun Streams 3,AZ,201.76069735982992
2030,3,p28,Apache Junction Landfill,401975,"Sun Streams, LLC",AZ,190.9697124414028
2030,3,p28,Apache Junction Landfill,405311,T0588 Phoenix - AZ,AZ,7606.494758774277
2030,3,p28,Apache Junction Landfill,405134,Union HS at Casa Grande,AZ,4605.853122857606
2030,3,p28,Apache Junction Landfill,405135,Vista Grande HS at Casa Grande,AZ,5657.403000967331
2030,3,p28,Apache Junction Landfill,400334,Walmart Casa Grande,AZ,4272.804074496556
2030,3,p28,Apache Junction Landfill,406098,"West Line Solar, LLC",AZ,158.44231843851168
2030,3,p29,Apache Junction Landfill,400014,Springerville,AZ,573.6480394858502
2030,3,p30,Apache Junction Landfill,405143,Actus Lend Lease DMAFB,AZ,8014.023373538802
2030,3,p30,Apache Junction Landfill,405611,Amazon TUS2,AZ,4906.909602407526
2030,3,p30,Apache Junction Landfill,405268,Amphitheater High School Solar,AZ,12636.65376228721
2030,3,p30,Apache Junction Landfill,400939,Avalon Solar,AZ,498.6474016894403
2030,3,p30,Apache Junction Landfill,401479,Avalon Solar II,AZ,697.0151574929228
2030,3,p30,Apache Junction Landfill,400226,Avra Valley Solar,AZ,361.2964871651675
2030,3,p30,Apache Junction Landfill,404704,Broadway 2 - Tucson Phase II,AZ,2871.8678916049257
2030,3,p30,Apache Junction Landfill,405768,Broadway 3 - Tucson Phase I,AZ,8498.130675600143
2030,3,p30,Apache Junction Landfill,405269,Canyon Del Oro High School Solar,AZ,3725.986737926865
2030,3,p30,Apache Junction Landfill,400757,Cogenra-TEP,AZ,10403.21119103536
2030,3,p30,Apache Junction Landfill,401295,Davis Monthan AFB (AZ) West Airfield,AZ,1006.4667819193315
2030,3,p30,Apache Junction Landfill,400330,FRB Solar Farm,AZ,5464.101640285964
2030,3,p30,Apache Junction Landfill,400761,"Gato Montes Solar, LLC",AZ,4176.111553491767
2030,3,p30,Apache Junction Landfill,404536,Iron Horse Battery Storage Hybrid,AZ,6510.689518046421
2030,3,p30,Apache Junction Landfill,400552,"Picture Rocks Solar, LLC",AZ,994.0481836036248
2030,3,p30,Apache Junction Landfill,405374,Pima Community College,AZ,11331.476900216405
2030,3,p30,Apache Junction Landfill,405303,Pima Community College - East Campus,AZ,8268.520169430922
2030,3,p30,Apache Junction Landfill,405516,Pima Community College NW,AZ,7042.3713694206135
2030,3,p30,Apache Junction Landfill,400408,Prairie Fire,AZ,2574.217925976334
2030,3,p30,Apache Junction Landfill,400290,"RE Ajo 1, LLC",AZ,2479.402013464678
2030,3,p30,Apache Junction Landfill,404926,Raptor Ridge,AZ,1367.176462554077
2030,3,p30,Apache Junction Landfill,400857,Rio Rico Solar,AZ,3991.4031336525086
2030,3,p30,Apache Junction Landfill,400193,Roger Road WWTP,AZ,9533.455472231948
2030,3,p30,Apache Junction Landfill,401076,Tech Park Solar,AZ,4107.830100363522
2030,3,p30,Apache Junction Landfill,400156,UASTP I,AZ,10857.453447366579
2030,3,p30,Apache Junction Landfill,401075,Valencia Solar,AZ,1616.0712476877338
2030,3,p30,Apache Junction Landfill,404187,"Wilmot Energy Center, LLC",AZ,250.46220370019216
2030,3,p31,City of Clovis Landfill,400211,Alamogordo Solar Energy Center,NM,11262.429723817331
2030,3,p31,Northeastern New Mexico Regional Landfill,400206,Albuquerque Solar Energy Center,NM,14365.685619010219
2030,3,p31,Northeastern New Mexico Regional Landfill,403675,Alcalde Solar Array,NM,8067.571959879892
2030,3,p31,Apache Junction Landfill,401595,Alta Luna,NM,2005.8822182064985
2030,3,p31,Northeastern New Mexico Regional Landfill,404724,Angel Fire Energy Facility,NM,966.1718687058152
2030,3,p31,Northeastern New Mexico Regional Landfill,405469,Arroyo Solar Energy Storage Hybrid,NM,444.532378045597
2030,3,p31,Northeastern New Mexico Regional Landfill,403321,Bluewater CDEC 1,NM,18368.67209439215
2030,3,p31,Northeastern New Mexico Regional Landfill,403736,Britton Solar Energy Center,NM,534.4102559376903
2030,3,p31,City of Clovis Landfill,404981,Buena Vista Energy Center,NM,477.5956092034299
2030,3,p31,Northeastern New Mexico Regional Landfill,402876,CNMEC Solar Energy Center,NM,19546.31309648636
2030,3,p31,City of Clovis Landfill,402519,Carrizozo Solar,NM,11933.552407200967
2030,3,p31,Northeastern New Mexico Regional Landfill,401202,Cibola,NM,5220.836562866219
2030,3,p31,Northeastern New Mexico Regional Landfill,400104,Cimarron Solar Facility,NM,222.32716283918185
2030,3,p31,Apache Junction Landfill,402988,City of Gallup Solar,NM,8850.681095788765
2030,3,p31,Northeastern New Mexico Regional Landfill,403604,City of Rio Rancho WWTP,NM,36829.835362483
2030,3,p31,Apache Junction Landfill,401225,City of Truth or Consequences PV,NM,36839.47595635993
2030,3,p31,Apache Junction Landfill,402177,Columbus Solar Project,NM,30207.239321882294
2030,3,p31,Northeastern New Mexico Regional Landfill,404748,"Cuba 2.5ac, LLC",NM,11590.46188891995
2030,3,p31,Apache Junction Landfill,400209,Deming Solar Energy Center,NM,6636.058835600888
2030,3,p31,Northeastern New Mexico Regional Landfill,403868,Encino Solar Energy Center,NM,584.2633454448226
2030,3,p31,Northeastern New Mexico Regional Landfill,401038,Eubank Landfill Solar Array,NM,24159.670940630687
2030,3,p31,Northeastern New Mexico Regional Landfill,402441,Facebook 1 Solar Energy Center,NM,3392.088566644208
2030,3,p31,Northeastern New Mexico Regional Landfill,402442,Facebook 2 Solar Energy Center,NM,3265.616672831101
2030,3,p31,Northeastern New Mexico Regional Landfill,402443,Facebook 3 Solar Energy Center,NM,4654.265276783895
2030,3,p31,Northeastern New Mexico Regional Landfill,403322,Grants CDEC 2,NM,13672.36720908862
2030,3,p31,Apache Junction Landfill,400216,"Hatch Solar Energy Center I, LLC",NM,14431.483944237434
2030,3,p31,City of Clovis Landfill,401617,Holloman Solar Facility,NM,12711.448854143186
2030,3,p31,Northeastern New Mexico Regional Landfill,406109,"Jicarilla Solar 1, LLC",NM,978.5015923345925
2030,3,p31,Northeastern New Mexico Regional Landfill,400427,Kit Carson,NM,18303.30542514667
2030,3,p31,Northeastern New Mexico Regional Landfill,400210,Las Vegas Solar Energy Center,NM,2235.912552533617
2030,3,p31,Northeastern New Mexico Regional Landfill,400434,Los Alamos PV Site,NM,26426.17540819405
2030,3,p31,Northeastern New Mexico Regional Landfill,400207,Los Lunas Solar Energy Center,NM,6013.920229275753
2030,3,p31,Apache Junction Landfill,400838,Macho Springs,NM,1546.5505046719063
2030,3,p31,Northeastern New Mexico Regional Landfill,400582,Manzano Solar,NM,5214.946205969056
2030,3,p31,Northeastern New Mexico Regional Landfill,401201,Meadow Lake Solar Energy Center,NM,3459.1622914969894
2030,3,p31,Northeastern New Mexico Regional Landfill,406177,"NMRD Data Center III, LLC",NM,636.544803009164
2030,3,p31,City of Clovis Landfill,405693,NMSU Solar and Storage,NM,19174.488551122144
2030,3,p31,Northeastern New Mexico Regional Landfill,406375,OE_ESCL,NM,534.1353978730775
2030,3,p31,City of Clovis Landfill,400581,Otero Solar,NM,6361.53429526071
2030,3,p31,Northeastern New Mexico Regional Landfill,400146,Questa Solar Facility,NM,21770.16514070662
2030,3,p31,Northeastern New Mexico Regional Landfill,403178,"RC Energy AA, LLC Solar Facility",NM,35310.83083678332
2030,3,p31,Northeastern New Mexico Regional Landfill,401566,Rio Communities Solar Energy Center,NM,4997.126842372477
2030,3,p31,Northeastern New Mexico Regional Landfill,403084,Rio De Oro Solar Energy Center,NM,3816.345360282868
2030,3,p31,Northeastern New Mexico Regional Landfill,400624,Rio Rancho High School,NM,40953.63233542264
2030,3,p31,City of Clovis Landfill,400135,Roadrunner Solar,NM,3058.621099916918
2030,3,p31,Northeastern New Mexico Regional Landfill,404648,"Route 66 Energy Center, LLC",NM,1064.3360631761682
2030,3,p31,Northeastern New Mexico Regional Landfill,403387,San Miguel I Solar Energy Center,NM,1012.7391984986572
2030,3,p31,Northeastern New Mexico Regional Landfill,405458,San Miguel II Solar Energy Center,NM,1252.1734892673435
2030,3,p31,Northeastern New Mexico Regional Landfill,401161,Sandoval Solar Energy Center,NM,5533.399541463862
2030,3,p31,Northeastern New Mexico Regional Landfill,401564,Santa Fe Solar Energy Center,NM,2360.4668748640033
2030,3,p31,Northeastern New Mexico Regional Landfill,401565,Santolina Solar Energy Center,NM,3507.086240939466
2030,3,p31,Apache Junction Landfill,400596,Silver City WWTP PV Project,NM,44543.932150871646
2030,3,p31,Northeastern New Mexico Regional Landfill,406343,Sky Ranch Solar,NM,396.7873307248765
2030,3,p31,Northeastern New Mexico Regional Landfill,401563,South Valley Solar Energy Center,NM,3549.668960757101
2030,3,p31,Northeastern New Mexico Regional Landfill,401162,Springer Solar 1,NM,6622.671933839402
2030,3,p31,Northeastern New Mexico Regional Landfill,400735,Storrie Lake Solar Project,NM,9123.963309805627
2030,3,p31,Northeastern New Mexico Regional Landfill,400623,Sue Cleveland High School,NM,40029.07230914005
2030,3,p31,City of Clovis Landfill,400343,"SunE EPE1, LLC",NM,7974.184946804138
2030,3,p31,City of Clovis Landfill,400342,"SunE EPE2, LLC",NM,4979.544517910778
2030,3,p31,Northeastern New Mexico Regional Landfill,402854,Syncarpha Eagle Nest,NM,17178.109158793985
2030,3,p31,Northeastern New Mexico Regional Landfill,403412,Syncarpha El Rito,NM,13602.606513906598
2030,3,p31,Northeastern New Mexico Regional Landfill,403413,Syncarpha Questa,NM,11162.441084121958
2030,3,p31,Northeastern New Mexico Regional Landfill,403411,Syncarpha Taos,NM,6099.160404755471
2030,3,p31,Northeastern New Mexico Regional Landfill,404618,Taos Mesa Energy Facility Hybrid,NM,1297.8805841986054
2030,3,p31,Northeastern New Mexico Regional Landfill,403011,Vista Solar Energy Center,NM,4189.685418483074
2030,3,p31,City of Clovis Landfill,400354,WSMR I,NM,16630.975215156526
2030,3,p31,Apache Junction Landfill,405245,Wal-Mart Truth or Consequences PV,NM,94072.72762120204
2030,3,p47,City of Clovis Landfill,400979,"Caprock Solar 1, LLC",NM,507.35635729067695
2030,3,p47,City of Clovis Landfill,404980,Chaves County Solar II,NM,669.6781247259356
2030,3,p47,City of Clovis Landfill,401681,"Chaves Solar, LLC",NM,327.0082882046037
2030,3,p47,City of Clovis Landfill,400614,GSE NM1,NM,32205.07326137909
2030,3,p47,City of Clovis Landfill,404982,Hayhurst New Mexico Solar,NM,1902.7037051087873
2030,3,p47,City of Clovis Landfill,402530,Middle Daisy,NM,4360.8915061559455
2030,3,p47,City of Clovis Landfill,401682,"Roswell Solar, LLC",NM,296.94428591334486
2030,3,p47,City of Clovis Landfill,400546,SEV NM Phase 2,NM,15179.073883174093
2030,3,p47,City of Clovis Landfill,400260,SPS1 Dollarhide,NM,3949.271571365777
2030,3,p47,City of Clovis Landfill,400261,SPS2 Jal,NM,3425.685238700063
2030,3,p47,City of Clovis Landfill,400262,SPS3 Lea,NM,2932.6010566158043
2030,3,p47,City of Clovis Landfill,400264,SPS5 Hopi,NM,4451.11077058779
2030,3,p47,City of Clovis Landfill,404698,SoCore Clovis 1,NM,736.3541935551301
2030,3,p48,City of Clovis Landfill,406439,"BESSP1, LLC",TX,498.1058821006578
2030,3,p48,City of Clovis Landfill,405590,"Hecate Energy Frye Solar, LLC",TX,144.7539783644037
2030,3,p57,Victoria Landfill,404918,"Hecate Energy Upshur Rural, LLC",TX,7364.099338555183
2030,3,p59,City of Clovis Landfill,402666,Fort Bliss (DEA EPIC),TX,12178.604430807332
2030,3,p59,City of Clovis Landfill,401616,Montana Solar Facility,TX,6944.798107105526
2030,3,p59,City of Clovis Landfill,401045,Newman Solar,TX,5374.420950542891
2030,3,p60,City of Clovis Landfill,403962,"ANSON Solar Center, LLC",TX,486.4981049640716
2030,3,p60,City of Clovis Landfill,403883,Azure Sky Solar,TX,596.1920357300913
2030,3,p60,City of Clovis Landfill,403232,"ENGIE Long Draw Solar, LLC",TX,293.9305466051999
2030,3,p60,City of Clovis Landfill,406252,Highpeak Solar 1,TX,4929.492679548235
2030,3,p60,City of Clovis Landfill,402721,Holstein 1 Solar Farm,TX,348.62500690225943
2030,3,p60,City of Clovis Landfill,405492,Juno Solar Project,TX,249.67805370886256
2030,3,p60,City of Clovis Landfill,402541,Lamesa II,TX,694.325832952893
2030,3,p60,City of Clovis Landfill,401660,Lamesa Solar,TX,345.51114496654355
2030,3,p60,City of Clovis Landfill,405932,Lumina II Solar Project,TX,321.1879275514028
2030,3,p60,City of Clovis Landfill,405933,Lumina Solar Project,TX,338.04808553309766
2030,3,p60,City of Clovis Landfill,402909,Misae Solar,TX,327.6757375712819
2030,3,p60,City of Clovis Landfill,400968,"OCI Alamo 7, LLC",TX,424.8955364707958
2030,3,p60,City of Clovis Landfill,405939,Texas Solar Nova 1,TX,300.919362115325
2030,3,p61,City of Clovis Landfill,400967,Alamo 6,TX,490.3248185598203
2030,3,p61,City of Clovis Landfill,403557,Aragorn Solar Project,TX,375.7423852800888
2030,3,p61,City of Clovis Landfill,400691,Barilla Solar,TX,1003.2304919491432
2030,3,p61,City of Clovis Landfill,401946,Bluebell Solar,TX,1292.549764967184
2030,3,p61,City of Clovis Landfill,403574,Bluebell Solar II,TX,568.3750813098808
2030,3,p61,City of Clovis Landfill,400554,"Bryan Solar, LLC",TX,3685.989483055638
2030,3,p61,City of Clovis Landfill,401463,Buckthorn Westex,TX,447.7827921453787
2030,3,p61,City of Clovis Landfill,401703,East Pecos Solar,TX,511.82544930547766
2030,3,p61,City of Clovis Landfill,405363,Galloway 1 Solar Farm,TX,434.857303736361
2030,3,p61,City of Clovis Landfill,405494,Galloway 2 Solar Farm,TX,504.5221451058999
2030,3,p61,City of Clovis Landfill,403210,Greasewood,TX,417.3307389286102
2030,3,p61,City of Clovis Landfill,406370,Hayhurst Texas Solar,TX,737.7023624571792
2030,3,p61,City of Clovis Landfill,402304,Midway Solar-TX,TX,447.76199296947135
2030,3,p61,Victoria Landfill,400695,"OCI Alamo 4, LLC",TX,731.9746335003348
2030,3,p61,City of Clovis Landfill,401868,Pearl Solar,TX,609.4245963069732
2030,3,p61,City of Clovis Landfill,402290,RE Maplewood,TX,376.1358468110719
2030,3,p61,City of Clovis Landfill,401430,RE Roserock,TX,538.7604568510106
2030,3,p61,City of Clovis Landfill,402848,Rambler,TX,475.92573851309055
2030,3,p61,City of Clovis Landfill,402083,Solaire Holman Solar Project,TX,691.8328139200421
2030,3,p61,City of Clovis Landfill,403023,"Taygete Energy Project, LLC",TX,340.101690502647
2030,3,p61,City of Clovis Landfill,404647,Taygete II Energy Project,TX,424.76238381813295
2030,3,p61,City of Clovis Landfill,403551,Titan Solar Project,TX,353.4136495061556
2030,3,p61,Victoria Landfill,406103,Zier Solar,TX,462.43208595752407
2030,3,p62,City of Clovis Landfill,403502,2W Permian Solar Project Hybrid,TX,332.6093133451769
2030,3,p62,City of Clovis Landfill,403697,CED Crane Solar,TX,511.58546343161623
2030,3,p62,City of Clovis Landfill,401525,Castle Gap Solar Hybrid,TX,576.5529590351412
2030,3,p62,City of Clovis Landfill,404599,Emerald Grove,TX,382.63917532869357
2030,3,p62,City of Clovis Landfill,403004,Lapetus,TX,280.0350465240796
2030,3,p62,City of Clovis Landfill,403280,Oberon IA,TX,300.13769754746954
2030,3,p62,City of Clovis Landfill,403279,Oberon IB,TX,1235.588415596042
2030,3,p62,City of Clovis Landfill,403602,Oxy Renewable Energy-Goldsmith,TX,1713.6712741264118
2030,3,p62,City of Clovis Landfill,402679,Phoebe Solar,TX,402.51788239643105
2030,3,p62,City of Clovis Landfill,403177,Prospero Solar,TX,276.8203130371195
2030,3,p62,City of Clovis Landfill,404128,Prospero Solar II,TX,283.7889174341006
2030,3,p62,City of Clovis Landfill,403070,"Roadrunner, LLC",TX,339.07234272910216
2030,3,p62,City of Clovis Landfill,401805,Upton County Solar,TX,658.8459051954899
2030,3,p62,City of Clovis Landfill,402995,West of the Pecos Solar,TX,416.34896399471916
2030,3,p63,Victoria Landfill,405599,"BPL Crown Solar, LLC",TX,388.8679304372494
2030,3,p63,Victoria Landfill,404966,BPL Files Solar,TX,684.5149933525142
2030,3,p63,Victoria Landfill,403825,Briar Creek Solar 1,TX,487.97928197477796
2030,3,p63,Victoria Landfill,402610,Chisum,TX,9621.604354392302
2030,3,p63,Victoria Landfill,401697,CoServ Community Solar Station,TX,25797.156766053795
2030,3,p63,Victoria Landfill,403188,Coniglio Solar,TX,782.9408922192717
2030,3,p63,Victoria Landfill,406415,Dileo Solar,TX,676.3595649310573
2030,3,p63,Victoria Landfill,402655,Eddy II,TX,4264.642574989845
2030,3,p63,Victoria Landfill,406221,Eiffel Solar Project,TX,586.477426809191
2030,3,p63,Victoria Landfill,405540,"Ellis Solar, LLC",TX,817.5442977109005
2030,3,p63,Victoria Landfill,403823,Elm Branch Solar 1,TX,429.4260618429126
2030,3,p63,Victoria Landfill,406206,Five Wells Solar Center - Hybrid,TX,305.6528353737154
2030,3,p63,Victoria Landfill,404567,G.S.E. One LLC,TX,1156.5222641116263
2030,3,p63,Victoria Landfill,403288,Griffin Solar,TX,12583.5226145157
2030,3,p63,Victoria Landfill,406202,Grizzly Ridge Solar,TX,515.7956065616117
2030,3,p63,Victoria Landfill,402329,Highway 56 Solar,TX,20956.240082268017
2030,3,p63,Victoria Landfill,405689,"IP Radian, LLC",TX,468.5547077361566
2030,3,p63,Victoria Landfill,403481,Impact Solar 1,TX,754.4120987279856
2030,3,p63,Victoria Landfill,403190,Kellam Solar,TX,878.1449244495935
2030,3,p63,Victoria Landfill,402421,Leon Solar,TX,10190.054063044954
2030,3,p63,Victoria Landfill,403874,Lily Solar Hybrid,TX,801.887173049008
2030,3,p63,Victoria Landfill,402404,Marlin Solar,TX,6932.939258995847
2030,3,p63,Victoria Landfill,405794,Noble Solar,TX,3597.644378390275
2030,3,p63,City of Clovis Landfill,405794,Noble Solar,TX,495.88389896620293
2030,3,p63,Victoria Landfill,402405,North Gainesville Solar,TX,35868.368356415616
2030,3,p63,Victoria Landfill,401933,Phantom Solar,TX,2132.3300257846468
2030,3,p63,Victoria Landfill,404872,"Pisgah Ridge Solar, LLC",TX,380.341527301252
2030,3,p63,Victoria Landfill,406416,Pitts Dudik Solar,TX,864.9092630426402
2030,3,p63,City of Clovis Landfill,403189,Rippey Solar,TX,1070.3844257318297
2030,3,p63,Victoria Landfill,404630,"Samson Solar Energy III, LLC",TX,694.8241907593754
2030,3,p63,Victoria Landfill,402652,Sterling Solar (TX),TX,6407.666679694714
2030,3,p63,Victoria Landfill,404812,Sun Valley Solar Project,TX,415.04970515917915
2030,3,p63,Victoria Landfill,404388,"TPE Erath Solar, LLC",TX,4311.678458333507
2030,3,p63,Victoria Landfill,403457,"TPE Whitney Solar, LLC",TX,5603.9906287134945
2030,3,p63,Victoria Landfill,405361,Toyota HQ Plan,TX,12884.341775290946
2030,3,p63,Victoria Landfill,405907,Verizon Hidden Ridge Solar Project,TX,81195.66525448186
2030,3,p63,Victoria Landfill,405984,Waco Solar,TX,377.2451714196473
2030,3,p63,Victoria Landfill,402306,Walnut Springs Solar,TX,13051.80365190386
2030,3,p63,Victoria Landfill,402497,West Moore Solar II,TX,13923.761558495818
2030,3,p63,Victoria Landfill,402330,Whitesboro Solar,TX,22210.315207905027
2030,3,p63,Victoria Landfill,402331,Whitesboro Solar II,TX,27789.459555563128
2030,3,p63,Victoria Landfill,402414,Whitewright Solar,TX,9109.567230878187
2030,3,p63,Victoria Landfill,402654,Yellow Jacket,TX,8313.47201819849
2030,3,p64,Victoria Landfill,405731,Austin TX GigaFactory,TX,9589.138957990464
2030,3,p64,Victoria Landfill,402203,Bandera Electric Coop PV,TX,11886.808416093678
2030,3,p64,Victoria Landfill,404721,"Blue Jay Solar I, LLC",TX,312.060239295469
2030,3,p64,Victoria Landfill,402648,Bovine,TX,842.3913629239916
2030,3,p64,Victoria Landfill,402389,"E-Volve Energy Holdings, LLC",TX,5716.3220515321445
2030,3,p64,Victoria Landfill,400227,East Blackland Solar Project 1,TX,265.67266511331474
2030,3,p64,Victoria Landfill,405101,IKEA Round Rock 027,TX,10466.092508144082
2030,3,p64,Victoria Landfill,402653,Lampwick,TX,4033.0933840723037
2030,3,p64,Victoria Landfill,405613,Niagara Bottling - Seguin,TX,2001.9234261672127
2030,3,p64,Victoria Landfill,402544,PowerFin Kingsbery,TX,4411.703617272343
2030,3,p64,Victoria Landfill,400249,Webberville Solar Project,TX,658.4005243772248
2030,3,p65,Victoria Landfill,405700,Aktina Solar,TX,151.16796839619764
2030,3,p65,Victoria Landfill,404074,"Alexis Solar, LLC",TX,4466.450111470377
2030,3,p65,Victoria Landfill,405727,Bernard Creek Solar,TX,252.26857128998137
2030,3,p65,Victoria Landfill,400081,Blue Wing Solar Energy Generation,TX,2077.5986259008982
2030,3,p65,Victoria Landfill,405477,Brightside,TX,433.8578037925533
2030,3,p65,Victoria Landfill,401728,CPS 1 Community Solar,TX,32572.90181932581
2030,3,p65,Victoria Landfill,402656,Cascade Solar (TX),TX,2051.5847358108977
2030,3,p65,Victoria Landfill,403987,Catan Solar,TX,1451.3072069114087
2030,3,p65,Victoria Landfill,403091,Commerce Solar,TX,6534.445083903909
2030,3,p65,Victoria Landfill,404247,"Corazon Energy, LLC",TX,307.54470418249963
2030,3,p65,Victoria Landfill,404062,Elara Solar,TX,356.06845397773293
2030,3,p65,Victoria Landfill,404359,FELPS 1-Calaveras,TX,41780.597609303375
2030,3,p65,Victoria Landfill,404361,FELPS 2-Calaveras,TX,27894.027048905973
2030,3,p65,Victoria Landfill,404362,FELPS 3-Floresville South,TX,22147.904615820367
2030,3,p65,Victoria Landfill,404363,FELPS 4-Floresville South,TX,22151.206804656747
2030,3,p65,Victoria Landfill,404364,FELPS 5-Floresville South,TX,22157.03693986191
2030,3,p65,Victoria Landfill,404739,FELPS 6- Floresville West,TX,29424.12568854192
2030,3,p65,Victoria Landfill,404740,FELPS 7- Floresville West,TX,26157.39750246189
2030,3,p65,Victoria Landfill,406516,Ganado Solar,TX,136.1292827107965
2030,3,p65,Victoria Landfill,405801,Horizon Solar,TX,295.95320468912564
2030,3,p65,Victoria Landfill,405380,IKEA Live Oak Rooftop PV System,TX,21838.924398252955
2030,3,p65,Victoria Landfill,403343,Mars Solar,TX,5947.284366021665
2030,3,p65,Victoria Landfill,404877,Nebula Solar,TX,548.4751402733388
2030,3,p65,Victoria Landfill,400694,"OCI Alamo 2, LLC",TX,8163.748716055373
2030,3,p65,Victoria Landfill,400965,"OCI Alamo 3, LLC",TX,7369.702067998994
2030,3,p65,Victoria Landfill,400966,"OCI Alamo 5, LLC",TX,628.8883171753556
2030,3,p65,Victoria Landfill,400593,OCI Alamo Solar I Hybrid,TX,1224.994156099658
2030,3,p65,Victoria Landfill,405809,Shakes Solar,TX,300.8673148396353
2030,3,p65,Victoria Landfill,405545,Sparta Solar,TX,220.98183620562105
2030,3,p65,Victoria Landfill,400379,"SunE CPS1, LLC",TX,3570.6204109365244
2030,3,p65,Victoria Landfill,400364,"SunE CPS2, LLC",TX,4089.570672061088
2030,3,p65,Victoria Landfill,400353,"SunE CPS3, LLC",TX,3055.1375504499274
2030,3,p65,Victoria Landfill,406032,Tres Bahias,TX,95.09831859917905
2030,3,p65,Victoria Landfill,404878,Vancourt Solar Interconnections,TX,1225.4368780213772
2030,3,p66,Victoria Landfill,406386,Umbriel Solar,TX,465.32812295812954
2030,3,p67,Victoria Landfill,404939,Brazoria County Solar Project (Danciger),TX,219.99941243384757
2030,3,p67,Victoria Landfill,404681,Brazoria West,TX,235.19534384551
2030,3,p67,Victoria Landfill,402649,Bronson,TX,1422.0584229975464
2030,3,p67,Victoria Landfill,406178,"Cutlass Solar 1, LLC",TX,190.27697069585722
2030,3,p67,Victoria Landfill,404587,Fighting Jays Solar Project,TX,214.510186674491
2030,3,p67,Victoria Landfill,405564,"Fort Bend Solar, LLC",TX,202.23132100876373
2030,3,p67,Victoria Landfill,404853,"Longbow Solar, LLC",TX,405.16376637184095
2030,3,p67,Victoria Landfill,403514,Wagyu,TX,256.63671424091586
2030,4,p12,Apex Regional Landfill,402144,Battle Mountain Solar Project,NV,759.9450485385469
2030,4,p12,Apex Regional Landfill,405025,Brady,NV,39497.61821865838
2030,4,p12,Apex Regional Landfill,405553,Dodge Flat,NV,860.8520947906121
2030,4,p12,Apex Regional Landfill,402609,"EGP Stillwater Solar PV II, LLC",NV,1668.1663760494923
2030,4,p12,Apex Regional Landfill,404659,Fish Springs,NV,784.0872995465279
2030,4,p12,Apex Regional Landfill,401086,Ft. Churchill PV,NV,3295.8800592718108
2030,4,p12,Apex Regional Landfill,402130,Luning Energy,NV,559.867804283324
2030,4,p12,Apex Regional Landfill,403107,NVSS-II,NV,388.1560349265303
2030,4,p12,Apex Regional Landfill,400468,"Patua Acquisition Project, LLC",NV,3717.1747757914713
2030,4,p12,Apex Regional Landfill,405023,Steamboat II,NV,59586.19554799591
2030,4,p12,Apex Regional Landfill,405024,Steamboat III,NV,59617.414400415066
2030,4,p12,Apex Regional Landfill,400029,Stillwater Facility,NV,1535.4550465020623
2030,4,p12,Apex Regional Landfill,401318,Sunshine Valley Solar,NV,226.7737231998683
2030,4,p12,Apex Regional Landfill,405026,TS Power Plant,NV,756.3167463660698
2030,4,p12,Apex Regional Landfill,405576,Tesla Reno GigaFactory,NV,6925.61088970591
2030,4,p12,Apex Regional Landfill,401943,Tungsten Mountain,NV,4188.438287534262
2030,4,p12,Apex Regional Landfill,403308,Turquoise Liberty Solar,NV,4725.851404664711
2030,4,p12,Apex Regional Landfill,403884,"Turquoise Nevada, LLC",NV,1250.3383800116542
2030,4,p13,Apex Regional Landfill,400555,Apex Solar PV Power Project,NV,265.2852983696654
2030,4,p13,Apex Regional Landfill,405385,Arrow Canyon Solar Hybrid,NV,195.05136853146965
2030,4,p13,Apex Regional Landfill,402017,"Boulder Solar II, LLC",NV,145.23942847186504
2030,4,p13,Apex Regional Landfill,401649,"Boulder Solar Power, LLC",NV,97.33065217179815
2030,4,p13,Apex Regional Landfill,400059,CM10,NV,589.46268708079
2030,4,p13,Apex Regional Landfill,400086,CM48,NV,152.16362606551164
2030,4,p13,Apex Regional Landfill,400363,Copper Mountain Solar 2,NV,119.43559602622206
2030,4,p13,Apex Regional Landfill,400802,Copper Mountain Solar 3,NV,78.78956774306388
2030,4,p13,Apex Regional Landfill,401308,"Copper Mountain Solar 4, LLC",NV,101.65832304715002
2030,4,p13,Apex Regional Landfill,403688,"Copper Mountain Solar 5, LLC",NV,100.24855718328129
2030,4,p13,Apex Regional Landfill,405358,Dignity - San Martin,NV,1787.2496722607145
2030,4,p13,Apex Regional Landfill,405355,Dignity - Siena Campus,NV,1732.5585852021848
2030,4,p13,Apex Regional Landfill,405556,Dry Lake Solar Energy Center,NV,106.19643148400831
2030,4,p13,Apex Regional Landfill,405495,Gemini Solar,NV,95.43679879771528
2030,4,p13,Apex Regional Landfill,403386,"Harry Allen Solar Energy, LLC",NV,89.91283647115964
2030,4,p13,Apex Regional Landfill,406090,IGS LAS1,NV,4110.5684595433595
2030,4,p13,Apex Regional Landfill,406089,IGS VGT,NV,1934.8680050300254
2030,4,p13,Apex Regional Landfill,405309,IKEA Las Vegas 462,NV,3515.886595951033
2030,4,p13,Apex Regional Landfill,400545,Las Vegas WPCF Solar Plant,NV,318.88078333491086
2030,4,p13,Apex Regional Landfill,400313,Moapa Southern Paiute,NV,103.54700984402609
2030,4,p13,Apex Regional Landfill,400600,Mountain View Solar,NV,295.67371835888923
2030,4,p13,Apex Regional Landfill,400036,Nellis Air Force Base Solar Array,NV,188.43784641964936
2030,4,p13,Apex Regional Landfill,401381,Nellis Solar PV II,NV,112.60417893905503
2030,4,p13,Apex Regional Landfill,401319,"Playa Solar 1, LLC",NV,110.76736519086911
2030,4,p13,Apex Regional Landfill,401596,Playa Solar 2,NV,88.84603833198614
2030,4,p13,Apex Regional Landfill,401274,River Mountains Solar,NV,237.90504483679928
2030,4,p13,Mohave Valley Landfill,401042,Searchlight Solar,NV,901.4588434858861
2030,4,p13,Apex Regional Landfill,400166,Silver State Solar Power North,NV,189.1044978526507
2030,4,p13,Apex Regional Landfill,400658,Silver State Solar Power South,NV,133.88696722849315
2030,4,p13,Apex Regional Landfill,405246,"Solar Las Vegas MB 2, LLC",NV,938.8007575368911
2030,4,p13,Apex Regional Landfill,405188,Solar Las Vegas MB-1,NV,294.26533496701535
2030,4,p13,Apex Regional Landfill,400556,Spectrum Solar PV Power Project,NV,138.78125387509928
2030,4,p13,Apex Regional Landfill,402485,"Techren Solar I, LLC",NV,101.25396401983542
2030,4,p13,Apex Regional Landfill,402690,"Techren Solar II, LLC",NV,93.82120894738871
2030,4,p13,Apex Regional Landfill,402691,"Techren Solar III, LLC",NV,236.3365330337631
2030,4,p13,Apex Regional Landfill,402692,"Techren Solar IV, LLC",NV,218.4538732450812
2030,4,p13,Apex Regional Landfill,403001,Techren Solar V,NV,133.24637594939176
2030,4,p13,Apex Regional Landfill,401851,Townsite Solar Project Hybrid,NV,81.25004849141965
2030,4,p13,Apex Regional Landfill,406448,Yellow Pine II,NV,357.92182994373195
2030,4,p13,Apex Regional Landfill,404971,Yellow Pine Solar,NV,178.0109331505787
2030,4,p27,Mohave Valley Landfill,400374,"Black Mountain Solar, LLC",AZ,142.47588038752014
2030,4,p27,Mohave Valley Landfill,402236,Gray Hawk Solar,AZ,143.48435444299972
2030,4,p27,Mohave Valley Landfill,401819,Jacobson 5 MW Solar,AZ,444.39820442087563
2030,4,p27,Mohave Valley Landfill,400199,La Senita,AZ,1558.8805441335849
2030,4,p27,Mohave Valley Landfill,403718,Mohave Electric Cooperative at Joy Lane,AZ,56.41669279909467
2030,4,p27,Mohave Valley Landfill,401311,Mohave Electric at Fort Mohave,AZ,83.64289097177821
2030,4,p27,Mohave Valley Landfill,406478,Mohave Energy - Hybrid,AZ,47.57589278604294
2030,4,p28,Apache Junction Landfill,405418,AZ State University - Tempe Campus Solar,AZ,2258.3235265140715
2030,4,p28,South Yuma County Landfill,400148,Agua Caliente Solar Project,AZ,147.7143131927019
2030,4,p28,Apache Junction Landfill,402067,Apache Solar 1,AZ,1536.9728207138126
2030,4,p28,South Yuma County Landfill,400274,Arizona Western College PV,AZ,377.9876400010628
2030,4,p28,Apache Junction Landfill,400240,Arlington Valley Solar Energy II,AZ,198.10734905838382
2030,4,p28,Apache Junction Landfill,400437,Badger 1,AZ,962.5706910140194
2030,4,p28,Apache Junction Landfill,401688,Bonnybrooke PV,AZ,172.53485055388208
2030,4,p28,Apache Junction Landfill,400371,Buckeye Union HS District 201,AZ,3747.9149931679203
2030,4,p28,Apache Junction Landfill,405635,"Central Line Solar, LLC",AZ,157.17491948245936
2030,4,p28,Apache Junction Landfill,400201,Chino Solar Valley,AZ,1071.6145238867764
2030,4,p28,Apache Junction Landfill,400202,Cotton Center Solar Hybrid,AZ,787.4646970346593
2030,4,p28,Apache Junction Landfill,401069,Desert Star Hybrid,AZ,1606.3474506427644
2030,4,p28,Apache Junction Landfill,403257,East Line Solar,AZ,140.3071002085105
2030,4,p28,Apache Junction Landfill,406171,Eleven Mile Solar Center,AZ,106.40916502427895
2030,4,p28,Apache Junction Landfill,405244,Estrella Mountain PV,AZ,5418.612029287237
2030,4,p28,South Yuma County Landfill,400349,Foothills Solar Plant Hybrid,AZ,108.22770484503863
2030,4,p28,Apache Junction Landfill,400825,Fort Huachuca Solar PV Project,AZ,3001.0589564198935
2030,4,p28,Apache Junction Landfill,400845,Gila Bend Hybrid,AZ,425.4680847307113
2030,4,p28,Apache Junction Landfill,400599,"Gilbert Solar Facility I, LLC",AZ,1321.3005555232999
2030,4,p28,South Yuma County Landfill,400507,Hyder II Hybrid,AZ,1070.2844487509362
2030,4,p28,South Yuma County Landfill,400204,Hyder Solar Hybrid,AZ,1859.7447704743333
2030,4,p28,Apache Junction Landfill,405282,Intel - Ocotillo Campus Solar,AZ,1406.5162388193423
2030,4,p28,Apache Junction Landfill,405125,Jewish Community Center PV,AZ,5828.539987355532
2030,4,p28,Apache Junction Landfill,402234,Kayenta Solar Project,AZ,951.2822995763215
2030,4,p28,Apache Junction Landfill,400595,Lake Pleasant WTP,AZ,1785.6255836721045
2030,4,p28,Apache Junction Landfill,400128,Luke Solar,AZ,1068.0564801427129
2030,4,p28,Apache Junction Landfill,405068,Macys Goodyear,AZ,3794.5354872879107
2030,4,p28,South Yuma County Landfill,406279,McFarland A Solar and Storage,AZ,198.6405441396718
2030,4,p28,Apache Junction Landfill,405617,Mesa Carport PV,AZ,235.90935285898738
2030,4,p28,Apache Junction Landfill,404512,Mesa Solar Array,AZ,266.946550472924
2030,4,p28,Apache Junction Landfill,400250,Mesquite Solar 1,AZ,260.9443460528811
2030,4,p28,Apache Junction Landfill,401621,"Mesquite Solar 2, LLC",AZ,191.50700005871624
2030,4,p28,Apache Junction Landfill,401622,"Mesquite Solar 3, LLC",AZ,167.40476621059005
2030,4,p28,Apache Junction Landfill,406038,"Mesquite Solar 4, LLC",AZ,393.68277292131427
2030,4,p28,Apache Junction Landfill,404922,"Mesquite Solar 5, LLC",AZ,315.3887905912608
2030,4,p28,Mohave Valley Landfill,403572,OE_AZ1,AZ,732.6783992381143
2030,4,p28,Apache Junction Landfill,400203,Paloma Solar Hybrid,AZ,846.4119678494106
2030,4,p28,Apache Junction Landfill,405126,Paradise Valley H.S. PV,AZ,4667.332052695472
2030,4,p28,Apache Junction Landfill,405150,Phoenix Airport East Economy Lot,AZ,7352.814204767156
2030,4,p28,Apache Junction Landfill,405151,Phoenix Airport Rental Car Center,AZ,4306.977052251044
2030,4,p28,Apache Junction Landfill,402528,Pinal Central Energy Center Hybrid,AZ,432.86368207398414
2030,4,p28,Apache Junction Landfill,400125,"Poseidon Solar, LLC",AZ,194.6022344336066
2030,4,p28,Apache Junction Landfill,400031,Prescott Airport,AZ,7896.094529270437
2030,4,p28,Apache Junction Landfill,400401,Prescott Solar Plant,AZ,1870.3298578828635
2030,4,p28,Apache Junction Landfill,400323,Queen Creek Solar Farm,AZ,134.92856958339814
2030,4,p28,Mohave Valley Landfill,400289,"RE Bagdad Solar I, LLC",AZ,1138.645687309811
2030,4,p28,Apache Junction Landfill,405132,"RE Gillespie 1, LLC",AZ,1080.987212078542
2030,4,p28,Apache Junction Landfill,400758,Red Horse 2,AZ,453.17386135277746
2030,4,p28,Apache Junction Landfill,401609,Red Horse III,AZ,715.4631468521352
2030,4,p28,Apache Junction Landfill,401726,Red Rock,AZ,339.8601127161882
2030,4,p28,Apache Junction Landfill,406380,SR McNeal,AZ,2184.1618964662016
2030,4,p28,Apache Junction Landfill,400416,Saddle Mountain Solar I,AZ,1493.764308831586
2030,4,p28,Apache Junction Landfill,403674,Saint Solar,AZ,153.94295686391533
2030,4,p28,Apache Junction Landfill,401214,Sandstone Solar,AZ,162.36451667813554
2030,4,p28,Apache Junction Landfill,405029,Solana Generating Station,AZ,190.55347115958708
2030,4,p28,Apache Junction Landfill,406275,Sonoran Solar Energy,AZ,140.08074100794153
2030,4,p28,Apache Junction Landfill,406034,Storey Solar and Storage,AZ,107.71832196630534
2030,4,p28,Apache Junction Landfill,401664,Sulphur Springs,AZ,1486.2292487452446
2030,4,p28,Apache Junction Landfill,403643,Sun Streams 2,AZ,175.16662898423823
2030,4,p28,Apache Junction Landfill,406517,Sun Streams 3,AZ,223.96979412551994
2030,4,p28,Apache Junction Landfill,401975,"Sun Streams, LLC",AZ,170.30218494977385
2030,4,p28,Apache Junction Landfill,405311,T0588 Phoenix - AZ,AZ,7606.494758774277
2030,4,p28,Apache Junction Landfill,405134,Union HS at Casa Grande,AZ,6125.705157143476
2030,4,p28,Apache Junction Landfill,405135,Vista Grande HS at Casa Grande,AZ,5033.94678085985
2030,4,p28,Apache Junction Landfill,400334,Walmart Casa Grande,AZ,3427.5026635972445
2030,4,p28,Apache Junction Landfill,406098,"West Line Solar, LLC",AZ,158.44231843851168
2030,4,p29,Apache Junction Landfill,400014,Springerville,AZ,749.4317126478003
2030,4,p30,Apache Junction Landfill,405143,Actus Lend Lease DMAFB,AZ,4599.283507736459
2030,4,p30,Apache Junction Landfill,405611,Amazon TUS2,AZ,4366.84153769558
2030,4,p30,Apache Junction Landfill,405268,Amphitheater High School Solar,AZ,9838.796708445605
2030,4,p30,Apache Junction Landfill,400939,Avalon Solar,AZ,649.4308622525872
2030,4,p30,Apache Junction Landfill,401479,Avalon Solar II,AZ,697.0151574929228
2030,4,p30,Apache Junction Landfill,400226,Avra Valley Solar,AZ,451.29633492664396
2030,4,p30,Apache Junction Landfill,404704,Broadway 2 - Tucson Phase II,AZ,3578.260609506157
2030,4,p30,Apache Junction Landfill,405768,Broadway 3 - Tucson Phase I,AZ,8498.130675600143
2030,4,p30,Apache Junction Landfill,405269,Canyon Del Oro High School Solar,AZ,2346.1030937042906
2030,4,p30,Apache Junction Landfill,400757,Cogenra-TEP,AZ,10403.21119103536
2030,4,p30,Apache Junction Landfill,401295,Davis Monthan AFB (AZ) West Airfield,AZ,1006.4667819193315
2030,4,p30,Apache Junction Landfill,400330,FRB Solar Farm,AZ,5464.101640285964
2030,4,p30,Apache Junction Landfill,400761,"Gato Montes Solar, LLC",AZ,2111.2042867458836
2030,4,p30,Apache Junction Landfill,404536,Iron Horse Battery Storage Hybrid,AZ,5792.423684930152
2030,4,p30,Apache Junction Landfill,400552,"Picture Rocks Solar, LLC",AZ,1309.9652381381666
2030,4,p30,Apache Junction Landfill,405374,Pima Community College,AZ,15093.203526955207
2030,4,p30,Apache Junction Landfill,405303,Pima Community College - East Campus,AZ,9296.298063109787
2030,4,p30,Apache Junction Landfill,405516,Pima Community College NW,AZ,7042.3713694206135
2030,4,p30,Apache Junction Landfill,400408,Prairie Fire,AZ,2321.4258353787
2030,4,p30,Apache Junction Landfill,400290,"RE Ajo 1, LLC",AZ,2479.402013464678
2030,4,p30,Apache Junction Landfill,404926,Raptor Ridge,AZ,1036.956601915558
2030,4,p30,Apache Junction Landfill,400857,Rio Rico Solar,AZ,3427.8165459878646
2030,4,p30,Apache Junction Landfill,400193,Roger Road WWTP,AZ,9533.455472231948
2030,4,p30,Apache Junction Landfill,401076,Tech Park Solar,AZ,2947.3920774025164
2030,4,p30,Apache Junction Landfill,400156,UASTP I,AZ,9656.213844325848
2030,4,p30,Apache Junction Landfill,401075,Valencia Solar,AZ,1419.8494692267666
2030,4,p30,Apache Junction Landfill,404187,"Wilmot Energy Center, LLC",AZ,250.46220370019216
2030,4,p31,City of Clovis Landfill,400211,Alamogordo Solar Energy Center,NM,22507.476018934656
2030,4,p31,Northeastern New Mexico Regional Landfill,400206,Albuquerque Solar Energy Center,NM,20507.626050057457
2030,4,p31,Northeastern New Mexico Regional Landfill,403675,Alcalde Solar Array,NM,10362.737868445576
2030,4,p31,Apache Junction Landfill,401595,Alta Luna,NM,2005.8822182064985
2030,4,p31,Northeastern New Mexico Regional Landfill,404724,Angel Fire Energy Facility,NM,966.1718687058152
2030,4,p31,Northeastern New Mexico Regional Landfill,405469,Arroyo Solar Energy Storage Hybrid,NM,444.532378045597
2030,4,p31,Northeastern New Mexico Regional Landfill,403321,Bluewater CDEC 1,NM,22952.217298015184
2030,4,p31,Northeastern New Mexico Regional Landfill,403736,Britton Solar Energy Center,NM,589.956808830767
2030,4,p31,City of Clovis Landfill,404981,Buena Vista Energy Center,NM,477.5956092034299
2030,4,p31,Northeastern New Mexico Regional Landfill,402876,CNMEC Solar Energy Center,NM,15210.352692800498
2030,4,p31,City of Clovis Landfill,402519,Carrizozo Solar,NM,13257.571182589965
2030,4,p31,Northeastern New Mexico Regional Landfill,401202,Cibola,NM,4702.202034569596
2030,4,p31,Northeastern New Mexico Regional Landfill,400104,Cimarron Solar Facility,NM,222.32716283918185
2030,4,p31,Apache Junction Landfill,402988,City of Gallup Solar,NM,7750.133086315172
2030,4,p31,Northeastern New Mexico Regional Landfill,403604,City of Rio Rancho WWTP,NM,32230.417352160126
2030,4,p31,Apache Junction Landfill,401225,City of Truth or Consequences PV,NM,36839.47595635993
2030,4,p31,Apache Junction Landfill,402177,Columbus Solar Project,NM,30207.239321882294
2030,4,p31,Northeastern New Mexico Regional Landfill,404748,"Cuba 2.5ac, LLC",NM,11590.46188891995
2030,4,p31,Apache Junction Landfill,400209,Deming Solar Energy Center,NM,9930.939743401332
2030,4,p31,Northeastern New Mexico Regional Landfill,403868,Encino Solar Energy Center,NM,721.7063618310282
2030,4,p31,Northeastern New Mexico Regional Landfill,401038,Eubank Landfill Solar Array,NM,18128.37602544801
2030,4,p31,Northeastern New Mexico Regional Landfill,402441,Facebook 1 Solar Energy Center,NM,3392.088566644208
2030,4,p31,Northeastern New Mexico Regional Landfill,402442,Facebook 2 Solar Energy Center,NM,3265.616672831101
2030,4,p31,Northeastern New Mexico Regional Landfill,402443,Facebook 3 Solar Energy Center,NM,3268.3330777187257
2030,4,p31,Northeastern New Mexico Regional Landfill,403322,Grants CDEC 2,NM,10641.728113713372
2030,4,p31,Apache Junction Landfill,400216,"Hatch Solar Energy Center I, LLC",NM,12833.129841544385
2030,4,p31,City of Clovis Landfill,401617,Holloman Solar Facility,NM,9890.545426266921
2030,4,p31,Northeastern New Mexico Regional Landfill,406109,"Jicarilla Solar 1, LLC",NM,978.5015923345925
2030,4,p31,Northeastern New Mexico Regional Landfill,400427,Kit Carson,NM,12822.661181572672
2030,4,p31,Northeastern New Mexico Regional Landfill,400210,Las Vegas Solar Energy Center,NM,2864.8900590003655
2030,4,p31,Northeastern New Mexico Regional Landfill,400434,Los Alamos PV Site,NM,21147.838582535238
2030,4,p31,Northeastern New Mexico Regional Landfill,400207,Los Lunas Solar Energy Center,NM,5349.539234900671
2030,4,p31,Apache Junction Landfill,400838,Macho Springs,NM,1796.5927521172234
2030,4,p31,Northeastern New Mexico Regional Landfill,400582,Manzano Solar,NM,5214.946205969056
2030,4,p31,Northeastern New Mexico Regional Landfill,401201,Meadow Lake Solar Energy Center,NM,4926.878439324269
2030,4,p31,Northeastern New Mexico Regional Landfill,406177,"NMRD Data Center III, LLC",NM,636.544803009164
2030,4,p31,City of Clovis Landfill,405693,NMSU Solar and Storage,NM,21303.05578694683
2030,4,p31,Northeastern New Mexico Regional Landfill,406375,OE_ESCL,NM,534.1353978730775
2030,4,p31,City of Clovis Landfill,400581,Otero Solar,NM,6361.53429526071
2030,4,p31,Northeastern New Mexico Regional Landfill,400146,Questa Solar Facility,NM,16940.015393860704
2030,4,p31,Northeastern New Mexico Regional Landfill,403178,"RC Energy AA, LLC Solar Facility",NM,28255.56292540665
2030,4,p31,Northeastern New Mexico Regional Landfill,401566,Rio Communities Solar Energy Center,NM,5824.232769451222
2030,4,p31,Northeastern New Mexico Regional Landfill,403084,Rio De Oro Solar Energy Center,NM,3438.1599522445813
2030,4,p31,Northeastern New Mexico Regional Landfill,400624,Rio Rancho High School,NM,35838.73970348231
2030,4,p31,City of Clovis Landfill,400135,Roadrunner Solar,NM,3396.5363967187973
2030,4,p31,Northeastern New Mexico Regional Landfill,404648,"Route 66 Energy Center, LLC",NM,1211.4567465013351
2030,4,p31,Northeastern New Mexico Regional Landfill,403387,San Miguel I Solar Energy Center,NM,1990.9871170973142
2030,4,p31,Northeastern New Mexico Regional Landfill,405458,San Miguel II Solar Energy Center,NM,1658.067559056458
2030,4,p31,Northeastern New Mexico Regional Landfill,401161,Sandoval Solar Energy Center,NM,4983.508715307477
2030,4,p31,Northeastern New Mexico Regional Landfill,401564,Santa Fe Solar Energy Center,NM,2651.213824234504
2030,4,p31,Northeastern New Mexico Regional Landfill,401565,Santolina Solar Energy Center,NM,3159.826744835519
2030,4,p31,Apache Junction Landfill,400596,Silver City WWTP PV Project,NM,44543.932150871646
2030,4,p31,Northeastern New Mexico Regional Landfill,406343,Sky Ranch Solar,NM,396.7873307248765
2030,4,p31,Northeastern New Mexico Regional Landfill,401563,South Valley Solar Energy Center,NM,5307.257801185649
2030,4,p31,Northeastern New Mexico Regional Landfill,401162,Springer Solar 1,NM,6622.671933839402
2030,4,p31,Northeastern New Mexico Regional Landfill,400735,Storrie Lake Solar Project,NM,10638.875314789897
2030,4,p31,Northeastern New Mexico Regional Landfill,400623,Sue Cleveland High School,NM,28030.698000368033
2030,4,p31,City of Clovis Landfill,400343,"SunE EPE1, LLC",NM,6979.584757041121
2030,4,p31,City of Clovis Landfill,400342,"SunE EPE2, LLC",NM,4979.544517910778
2030,4,p31,Northeastern New Mexico Regional Landfill,402854,Syncarpha Eagle Nest,NM,11463.569865829319
2030,4,p31,Northeastern New Mexico Regional Landfill,403412,Syncarpha El Rito,NM,15298.62091815742
2030,4,p31,Northeastern New Mexico Regional Landfill,403413,Syncarpha Questa,NM,11162.441084121958
2030,4,p31,Northeastern New Mexico Regional Landfill,403411,Syncarpha Taos,NM,7109.938592231382
2030,4,p31,Northeastern New Mexico Regional Landfill,404618,Taos Mesa Energy Facility Hybrid,NM,1139.9569211612798
2030,4,p31,Northeastern New Mexico Regional Landfill,403011,Vista Solar Energy Center,NM,3358.646590766459
2030,4,p31,City of Clovis Landfill,400354,WSMR I,NM,16630.975215156526
2030,4,p31,Apache Junction Landfill,405245,Wal-Mart Truth or Consequences PV,NM,70566.11997090152
2030,4,p47,City of Clovis Landfill,400979,"Caprock Solar 1, LLC",NM,577.3524899464878
2030,4,p47,City of Clovis Landfill,404980,Chaves County Solar II,NM,742.1553131732617
2030,4,p47,City of Clovis Landfill,401681,"Chaves Solar, LLC",NM,327.0082882046037
2030,4,p47,City of Clovis Landfill,400614,GSE NM1,NM,14323.023354335151
2030,4,p47,City of Clovis Landfill,404982,Hayhurst New Mexico Solar,NM,2441.3666412255848
2030,4,p47,City of Clovis Landfill,402530,Middle Daisy,NM,3926.5406984103497
2030,4,p47,City of Clovis Landfill,401682,"Roswell Solar, LLC",NM,328.00660338149436
2030,4,p47,City of Clovis Landfill,400546,SEV NM Phase 2,NM,18969.496496792617
2030,4,p47,City of Clovis Landfill,400260,SPS1 Dollarhide,NM,3949.271571365777
2030,4,p47,City of Clovis Landfill,400261,SPS2 Jal,NM,3425.685238700063
2030,4,p47,City of Clovis Landfill,400262,SPS3 Lea,NM,2932.6010566158043
2030,4,p47,City of Clovis Landfill,400264,SPS5 Hopi,NM,3465.8380279460584
2030,4,p47,City of Clovis Landfill,404698,SoCore Clovis 1,NM,520.6629640985911
2030,4,p48,City of Clovis Landfill,406439,"BESSP1, LLC",TX,498.1058821006578
2030,4,p48,City of Clovis Landfill,405590,"Hecate Energy Frye Solar, LLC",TX,144.7539783644037
2030,4,p57,Victoria Landfill,404918,"Hecate Energy Upshur Rural, LLC",TX,8581.532112681049
2030,4,p59,City of Clovis Landfill,402666,Fort Bliss (DEA EPIC),TX,10658.451805543913
2030,4,p59,City of Clovis Landfill,401616,Montana Solar Facility,TX,9253.936333240701
2030,4,p59,City of Clovis Landfill,401045,Newman Solar,TX,4035.1615700821685
2030,4,p60,City of Clovis Landfill,403962,"ANSON Solar Center, LLC",TX,486.4981049640716
2030,4,p60,City of Clovis Landfill,403883,Azure Sky Solar,TX,596.1920357300913
2030,4,p60,City of Clovis Landfill,403232,"ENGIE Long Draw Solar, LLC",TX,333.4372777345141
2030,4,p60,City of Clovis Landfill,406252,Highpeak Solar 1,TX,4929.492679548235
2030,4,p60,City of Clovis Landfill,402721,Holstein 1 Solar Farm,TX,348.62500690225943
2030,4,p60,City of Clovis Landfill,405492,Juno Solar Project,TX,249.67805370886256
2030,4,p60,City of Clovis Landfill,402541,Lamesa II,TX,807.149566995042
2030,4,p60,City of Clovis Landfill,401660,Lamesa Solar,TX,345.51114496654355
2030,4,p60,City of Clovis Landfill,405932,Lumina II Solar Project,TX,321.1879275514028
2030,4,p60,City of Clovis Landfill,405933,Lumina Solar Project,TX,338.04808553309766
2030,4,p60,City of Clovis Landfill,402909,Misae Solar,TX,327.6757375712819
2030,4,p60,City of Clovis Landfill,400968,"OCI Alamo 7, LLC",TX,475.8345499421452
2030,4,p60,City of Clovis Landfill,405939,Texas Solar Nova 1,TX,300.919362115325
2030,4,p61,City of Clovis Landfill,400967,Alamo 6,TX,437.77577524206254
2030,4,p61,City of Clovis Landfill,403557,Aragorn Solar Project,TX,375.7423852800888
2030,4,p61,City of Clovis Landfill,400691,Barilla Solar,TX,1003.2304919491432
2030,4,p61,City of Clovis Landfill,401946,Bluebell Solar,TX,1080.0220422559867
2030,4,p61,City of Clovis Landfill,403574,Bluebell Solar II,TX,568.3750813098808
2030,4,p61,City of Clovis Landfill,400554,"Bryan Solar, LLC",TX,3685.989483055638
2030,4,p61,City of Clovis Landfill,401463,Buckthorn Westex,TX,447.7827921453787
2030,4,p61,City of Clovis Landfill,401703,East Pecos Solar,TX,450.020196729793
2030,4,p61,Victoria Landfill,405363,Galloway 1 Solar Farm,TX,927.408738227276
2030,4,p61,City of Clovis Landfill,405363,Galloway 1 Solar Farm,TX,409.69341673801046
2030,4,p61,City of Clovis Landfill,405494,Galloway 2 Solar Farm,TX,504.5221451058999
2030,4,p61,City of Clovis Landfill,403210,Greasewood,TX,360.1954088959515
2030,4,p61,City of Clovis Landfill,406370,Hayhurst Texas Solar,TX,737.7023624571792
2030,4,p61,City of Clovis Landfill,402304,Midway Solar-TX,TX,447.76199296947135
2030,4,p61,Victoria Landfill,400695,"OCI Alamo 4, LLC",TX,731.9746335003348
2030,4,p61,City of Clovis Landfill,401868,Pearl Solar,TX,609.4245963069732
2030,4,p61,City of Clovis Landfill,402290,RE Maplewood,TX,435.92791649625053
2030,4,p61,City of Clovis Landfill,401430,RE Roserock,TX,389.79559166500763
2030,4,p61,City of Clovis Landfill,402848,Rambler,TX,475.92573851309055
2030,4,p61,City of Clovis Landfill,402083,Solaire Holman Solar Project,TX,691.8328139200421
2030,4,p61,City of Clovis Landfill,403023,"Taygete Energy Project, LLC",TX,340.101690502647
2030,4,p61,City of Clovis Landfill,404647,Taygete II Energy Project,TX,424.76238381813295
2030,4,p61,City of Clovis Landfill,403551,Titan Solar Project,TX,353.4136495061556
2030,4,p61,Victoria Landfill,406103,Zier Solar,TX,462.43208595752407
2030,4,p62,City of Clovis Landfill,403502,2W Permian Solar Project Hybrid,TX,332.6093133451769
2030,4,p62,City of Clovis Landfill,403697,CED Crane Solar,TX,582.1857541075614
2030,4,p62,City of Clovis Landfill,401525,Castle Gap Solar Hybrid,TX,576.5529590351412
2030,4,p62,City of Clovis Landfill,404599,Emerald Grove,TX,382.63917532869357
2030,4,p62,City of Clovis Landfill,403004,Lapetus,TX,323.81031616142616
2030,4,p62,City of Clovis Landfill,403280,Oberon IA,TX,300.13769754746954
2030,4,p62,City of Clovis Landfill,403279,Oberon IB,TX,1235.588415596042
2030,4,p62,City of Clovis Landfill,403602,Oxy Renewable Energy-Goldsmith,TX,1713.6712741264118
2030,4,p62,City of Clovis Landfill,402679,Phoebe Solar,TX,292.47946705459356
2030,4,p62,City of Clovis Landfill,403177,Prospero Solar,TX,276.8203130371195
2030,4,p62,City of Clovis Landfill,404128,Prospero Solar II,TX,283.7889174341006
2030,4,p62,City of Clovis Landfill,403070,"Roadrunner, LLC",TX,339.07234272910216
2030,4,p62,City of Clovis Landfill,401805,Upton County Solar,TX,658.8459051954899
2030,4,p62,City of Clovis Landfill,402995,West of the Pecos Solar,TX,496.142071053663
2030,4,p63,Victoria Landfill,405599,"BPL Crown Solar, LLC",TX,388.8679304372494
2030,4,p63,Victoria Landfill,404966,BPL Files Solar,TX,416.6525792585797
2030,4,p63,Victoria Landfill,403825,Briar Creek Solar 1,TX,434.4197084529307
2030,4,p63,Victoria Landfill,402610,Chisum,TX,7231.078939244225
2030,4,p63,Victoria Landfill,401697,CoServ Community Solar Station,TX,25797.156766053795
2030,4,p63,Victoria Landfill,403188,Coniglio Solar,TX,782.9408922192717
2030,4,p63,Victoria Landfill,406415,Dileo Solar,TX,607.819912583162
2030,4,p63,Victoria Landfill,402655,Eddy II,TX,4264.642574989845
2030,4,p63,Victoria Landfill,406221,Eiffel Solar Project,TX,586.477426809191
2030,4,p63,Victoria Landfill,405540,"Ellis Solar, LLC",TX,817.5442977109005
2030,4,p63,Victoria Landfill,403823,Elm Branch Solar 1,TX,429.4260618429126
2030,4,p63,Victoria Landfill,406206,Five Wells Solar Center - Hybrid,TX,305.6528353737154
2030,4,p63,Victoria Landfill,404567,G.S.E. One LLC,TX,1375.9261781739515
2030,4,p63,Victoria Landfill,403288,Griffin Solar,TX,7017.291538642055
2030,4,p63,Victoria Landfill,406202,Grizzly Ridge Solar,TX,515.7956065616117
2030,4,p63,Victoria Landfill,402329,Highway 56 Solar,TX,20956.240082268017
2030,4,p63,Victoria Landfill,405689,"IP Radian, LLC",TX,468.5547077361566
2030,4,p63,Victoria Landfill,403481,Impact Solar 1,TX,754.4120987279856
2030,4,p63,Victoria Landfill,403190,Kellam Solar,TX,878.1449244495935
2030,4,p63,Victoria Landfill,402421,Leon Solar,TX,10190.054063044954
2030,4,p63,Victoria Landfill,403874,Lily Solar Hybrid,TX,801.887173049008
2030,4,p63,Victoria Landfill,402404,Marlin Solar,TX,5558.251945956676
2030,4,p63,Victoria Landfill,405794,Noble Solar,TX,3597.644378390275
2030,4,p63,City of Clovis Landfill,405794,Noble Solar,TX,495.88389896620293
2030,4,p63,Victoria Landfill,402405,North Gainesville Solar,TX,15406.15940634955
2030,4,p63,Victoria Landfill,401933,Phantom Solar,TX,2724.5664063516892
2030,4,p63,Victoria Landfill,404872,"Pisgah Ridge Solar, LLC",TX,472.0097654444669
2030,4,p63,Victoria Landfill,406416,Pitts Dudik Solar,TX,864.9092630426402
2030,4,p63,City of Clovis Landfill,403189,Rippey Solar,TX,1070.3844257318297
2030,4,p63,Victoria Landfill,404630,"Samson Solar Energy III, LLC",TX,694.8241907593754
2030,4,p63,Victoria Landfill,402652,Sterling Solar (TX),TX,6407.666679694714
2030,4,p63,Victoria Landfill,404812,Sun Valley Solar Project,TX,415.04970515917915
2030,4,p63,Victoria Landfill,404388,"TPE Erath Solar, LLC",TX,4311.678458333507
2030,4,p63,Victoria Landfill,403457,"TPE Whitney Solar, LLC",TX,4910.929636849308
2030,4,p63,Victoria Landfill,405361,Toyota HQ Plan,TX,9220.102037722101
2030,4,p63,Victoria Landfill,405907,Verizon Hidden Ridge Solar Project,TX,54150.27773425456
2030,4,p63,Victoria Landfill,405984,Waco Solar,TX,377.2451714196473
2030,4,p63,Victoria Landfill,402306,Walnut Springs Solar,TX,9803.728412377894
2030,4,p63,Victoria Landfill,402497,West Moore Solar II,TX,13923.761558495818
2030,4,p63,Victoria Landfill,402330,Whitesboro Solar,TX,18518.51312222085
2030,4,p63,Victoria Landfill,402331,Whitesboro Solar II,TX,22243.468183210505
2030,4,p63,Victoria Landfill,402414,Whitewright Solar,TX,10919.580138293823
2030,4,p63,Victoria Landfill,402654,Yellow Jacket,TX,10671.748968026632
2030,4,p64,Victoria Landfill,405731,Austin TX GigaFactory,TX,8227.762348820399
2030,4,p64,Victoria Landfill,402203,Bandera Electric Coop PV,TX,11886.808416093678
2030,4,p64,Victoria Landfill,404721,"Blue Jay Solar I, LLC",TX,283.9982897959725
2030,4,p64,Victoria Landfill,402648,Bovine,TX,842.3913629239916
2030,4,p64,Victoria Landfill,402389,"E-Volve Energy Holdings, LLC",TX,5716.3220515321445
2030,4,p64,Victoria Landfill,400227,East Blackland Solar Project 1,TX,334.39598888441964
2030,4,p64,Victoria Landfill,405101,IKEA Round Rock 027,TX,13439.40388367096
2030,4,p64,Victoria Landfill,402653,Lampwick,TX,3150.0732306784585
2030,4,p64,Victoria Landfill,405613,Niagara Bottling - Seguin,TX,2973.1337923508186
2030,4,p64,Victoria Landfill,402544,PowerFin Kingsbery,TX,4411.703617272343
2030,4,p64,Victoria Landfill,400249,Webberville Solar Project,TX,508.6760667329185
2030,4,p65,Victoria Landfill,405700,Aktina Solar,TX,128.25164974714824
2030,4,p65,Victoria Landfill,404074,"Alexis Solar, LLC",TX,4466.450111470377
2030,4,p65,Victoria Landfill,405727,Bernard Creek Solar,TX,167.9334998881145
2030,4,p65,Victoria Landfill,400081,Blue Wing Solar Energy Generation,TX,2077.5986259008982
2030,4,p65,Victoria Landfill,405477,Brightside,TX,433.8578037925533
2030,4,p65,Victoria Landfill,401728,CPS 1 Community Solar,TX,26070.221994220647
2030,4,p65,Victoria Landfill,402656,Cascade Solar (TX),TX,2300.5949910622594
2030,4,p65,Victoria Landfill,403987,Catan Solar,TX,1451.3072069114087
2030,4,p65,Victoria Landfill,403091,Commerce Solar,TX,6534.445083903909
2030,4,p65,Victoria Landfill,404247,"Corazon Energy, LLC",TX,307.54470418249963
2030,4,p65,Victoria Landfill,404062,Elara Solar,TX,430.20989402216617
2030,4,p65,Victoria Landfill,404359,FELPS 1-Calaveras,TX,27873.565970802254
2030,4,p65,Victoria Landfill,404361,FELPS 2-Calaveras,TX,27894.027048905973
2030,4,p65,Victoria Landfill,404362,FELPS 3-Floresville South,TX,22147.904615820367
2030,4,p65,Victoria Landfill,404363,FELPS 4-Floresville South,TX,22151.206804656747
2030,4,p65,Victoria Landfill,404364,FELPS 5-Floresville South,TX,22157.03693986191
2030,4,p65,Victoria Landfill,404739,FELPS 6- Floresville West,TX,26161.389800237263
2030,4,p65,Victoria Landfill,404740,FELPS 7- Floresville West,TX,26157.39750246189
2030,4,p65,Victoria Landfill,406516,Ganado Solar,TX,136.1292827107965
2030,4,p65,Victoria Landfill,405801,Horizon Solar,TX,329.7318491018579
2030,4,p65,Victoria Landfill,405380,IKEA Live Oak Rooftop PV System,TX,29098.731633070605
2030,4,p65,Victoria Landfill,403343,Mars Solar,TX,4638.888438861292
2030,4,p65,Victoria Landfill,404877,Nebula Solar,TX,548.4751402733388
2030,4,p65,Victoria Landfill,400694,"OCI Alamo 2, LLC",TX,7263.276935804777
2030,4,p65,Victoria Landfill,400965,"OCI Alamo 3, LLC",TX,5745.213318176996
2030,4,p65,Victoria Landfill,400966,"OCI Alamo 5, LLC",TX,791.5699238540287
2030,4,p65,Victoria Landfill,400593,OCI Alamo Solar I Hybrid,TX,758.7975711797949
2030,4,p65,Victoria Landfill,405809,Shakes Solar,TX,361.2084700995442
2030,4,p65,Victoria Landfill,405545,Sparta Solar,TX,220.98183620562105
2030,4,p65,Victoria Landfill,400379,"SunE CPS1, LLC",TX,3570.6204109365244
2030,4,p65,Victoria Landfill,400364,"SunE CPS2, LLC",TX,4089.570672061088
2030,4,p65,Victoria Landfill,400353,"SunE CPS3, LLC",TX,3804.0462646124097
2030,4,p65,Victoria Landfill,406032,Tres Bahias,TX,99.05338802131008
2030,4,p65,Victoria Landfill,404878,Vancourt Solar Interconnections,TX,1225.4368780213772
2030,4,p66,Victoria Landfill,406386,Umbriel Solar,TX,465.32812295812954
2030,4,p67,Victoria Landfill,404939,Brazoria County Solar Project (Danciger),TX,242.92751509582584
2030,4,p67,Victoria Landfill,404681,Brazoria West,TX,260.29429385201144
2030,4,p67,Victoria Landfill,402649,Bronson,TX,1422.0584229975464
2030,4,p67,Victoria Landfill,406178,"Cutlass Solar 1, LLC",TX,190.27697069585722
2030,4,p67,Victoria Landfill,404587,Fighting Jays Solar Project,TX,236.65411422798965
2030,4,p67,Victoria Landfill,405564,"Fort Bend Solar, LLC",TX,186.37258465223445
2030,4,p67,Victoria Landfill,404853,"Longbow Solar, LLC",TX,405.16376637184095
2030,4,p67,Victoria Landfill,403514,Wagyu,TX,256.63671424091586
