Year,Quarter,PCA,Recycler Name,case_id,Site,State,Cost
2026,1,p12,ComstockMetals,402144,Battle Mountain Solar Project,NV,3482.771020191629
2026,1,p12,ComstockMetals,405025,Brady,NV,1890.1476675607196
2026,1,p12,ComstockMetals,405553,Dodge Flat,NV,455.7820930886758
2026,1,p12,ComstockMetals,404659,Fish Springs,NV,1047.578475195048
2026,1,p12,ComstockMetals,401086,Ft. Churchill PV,NV,1083.2788413402207
2026,1,p12,ComstockMetals,405028,Galena 2 Geothermal Power Plant,NV,4455.601776918342
2026,1,p12,ComstockMetals,400468,"Patua Acquisition Project, LLC",NV,1257.7824548055173
2026,1,p12,ComstockMetals,405021,Steamboat Hills LP,NV,30988.272557619726
2026,1,p12,ComstockMetals,405023,Steamboat II,NV,3443.735993279438
2026,1,p12,ComstockMetals,405024,Steamboat III,NV,2546.383567189404
2026,1,p12,ComstockMetals,400029,Stillwater Facility,NV,1845.6582868316546
2026,1,p12,ComstockMetals,401318,Sunshine Valley Solar,NV,10980.077099258442
2026,1,p12,ComstockMetals,405026,TS Power Plant,NV,7712.618700037151
2026,1,p12,ComstockMetals,405576,Tesla Reno GigaFactory,NV,1315.0267677086163
2026,1,p12,ComstockMetals,403308,Turquoise Liberty Solar,NV,1779.9494279831522
2026,1,p12,ComstockMetals,403884,"Turquoise Nevada, LLC",NV,710.6005387083644
2026,1,p12,ComstockMetals,400035,Western 102 Power Plant,NV,13322.430025703386
2026,1,p13,WeRecycleSolar,400555,Apex Solar PV Power Project,NV,122836.889484409
2026,1,p13,WeRecycleSolar,405385,Arrow Canyon Solar Hybrid,NV,2170.6279639291643
2026,1,p13,WeRecycleSolar,401649,"Boulder Solar Power, LLC",NV,11342.203610304923
2026,1,p13,WeRecycleSolar,400059,CM10,NV,109057.31991834486
2026,1,p13,WeRecycleSolar,400086,CM48,NV,45603.99623391568
2026,1,p13,WeRecycleSolar,400363,Copper Mountain Solar 2,NV,14458.733916844954
2026,1,p13,WeRecycleSolar,403688,"Copper Mountain Solar 5, LLC",NV,9045.83646294182
2026,1,p13,WeRecycleSolar,405358,Dignity - San Martin,NV,353210.7907465193
2026,1,p13,WeRecycleSolar,405355,Dignity - Siena Campus,NV,827598.4798679556
2026,1,p13,WeRecycleSolar,405556,Dry Lake Solar Energy Center,NV,8538.786016392101
2026,1,p13,WeRecycleSolar,405495,Gemini Solar,NV,1565.132111450326
2026,1,p13,WeRecycleSolar,403386,"Harry Allen Solar Energy, LLC",NV,8572.401635475073
2026,1,p13,WeRecycleSolar,406090,IGS LAS1,NV,1156594.6534864197
2026,1,p13,WeRecycleSolar,406089,IGS VGT,NV,805960.9978801779
2026,1,p13,WeRecycleSolar,405309,IKEA Las Vegas 462,NV,2408211.9993026876
2026,1,p13,WeRecycleSolar,400545,Las Vegas WPCF Solar Plant,NV,711845.4348912505
2026,1,p13,WeRecycleSolar,400600,Mountain View Solar,NV,30921.390085249248
2026,1,p13,WeRecycleSolar,400036,Nellis Air Force Base Solar Array,NV,50678.48648649529
2026,1,p13,WeRecycleSolar,401042,Searchlight Solar,NV,115810.49908843123
2026,1,p13,WeRecycleSolar,400658,Silver State Solar Power South,NV,3384.0065228443914
2026,1,p13,WeRecycleSolar,405246,"Solar Las Vegas MB 2, LLC",NV,1584679.3532653942
2026,1,p13,WeRecycleSolar,402691,"Techren Solar III, LLC",NV,29598.605747421145
2026,1,p13,WeRecycleSolar,402692,"Techren Solar IV, LLC",NV,44369.88935513515
2026,1,p13,WeRecycleSolar,401851,Townsite Solar Project Hybrid,NV,14178.524910373853
2026,1,p13,WeRecycleSolar,404971,Yellow Pine Solar,NV,7336.028514432151
2026,1,p27,WeRecycleSolar,400374,"Black Mountain Solar, LLC",AZ,12088.811332768513
2026,1,p27,WeRecycleSolar,402236,Gray Hawk Solar,AZ,5162.156871875408
2026,1,p27,WeRecycleSolar,401819,Jacobson 5 MW Solar,AZ,10433.550960808498
2026,1,p27,WeRecycleSolar,403718,Mohave Electric Cooperative at Joy Lane,AZ,11966.013597995143
2026,1,p27,WeRecycleSolar,401311,Mohave Electric at Fort Mohave,AZ,26629.883818938426
2026,1,p27,WeRecycleSolar,406478,Mohave Energy - Hybrid,AZ,13516.676597628186
2026,1,p28,WeRecycleSolar,400148,Agua Caliente Solar Project,AZ,2817.6628124335266
2026,1,p28,FabTechSolar,402067,Apache Solar 1,AZ,27800.8614267865
2026,1,p28,WeRecycleSolar,400274,Arizona Western College PV,AZ,104636.54238468931
2026,1,p28,WeRecycleSolar,400240,Arlington Valley Solar Energy II,AZ,3162.146575603551
2026,1,p28,WeRecycleSolar,400437,Badger 1,AZ,23307.747801881018
2026,1,p28,FabTechSolar,401688,Bonnybrooke PV,AZ,1972.1445925307792
2026,1,p28,WeRecycleSolar,400371,Buckeye Union HS District 201,AZ,23651.95515166268
2026,1,p28,FabTechSolar,405635,"Central Line Solar, LLC",AZ,1263.674144389046
2026,1,p28,FabTechSolar,403257,East Line Solar,AZ,2997.7750851459846
2026,1,p28,FabTechSolar,406171,Eleven Mile Solar Center,AZ,1213.2559396613149
2026,1,p28,WeRecycleSolar,400349,Foothills Solar Plant Hybrid,AZ,31690.009251458163
2026,1,p28,FabTechSolar,400825,Fort Huachuca Solar PV Project,AZ,66008.55371940271
2026,1,p28,WeRecycleSolar,400845,Gila Bend Hybrid,AZ,4178.443668707723
2026,1,p28,FabTechSolar,400599,"Gilbert Solar Facility I, LLC",AZ,17473.718890716467
2026,1,p28,WeRecycleSolar,400204,Hyder Solar Hybrid,AZ,39667.0730389139
2026,1,p28,FabTechSolar,405282,Intel - Ocotillo Campus Solar,AZ,6615.824974581871
2026,1,p28,WeRecycleSolar,405125,Jewish Community Center PV,AZ,49853.05745396429
2026,1,p28,WeRecycleSolar,402234,Kayenta Solar Project,AZ,36695.44898539862
2026,1,p28,WeRecycleSolar,400128,Luke Solar,AZ,6965.549878998184
2026,1,p28,WeRecycleSolar,405068,Macys Goodyear,AZ,25763.633694339725
2026,1,p28,WeRecycleSolar,406279,McFarland A Solar and Storage,AZ,3893.7936963981297
2026,1,p28,FabTechSolar,405617,Mesa Carport PV,AZ,9967.420505235055
2026,1,p28,FabTechSolar,404512,Mesa Solar Array,AZ,11335.511859760065
2026,1,p28,WeRecycleSolar,400250,Mesquite Solar 1,AZ,860.4543790364484
2026,1,p28,WeRecycleSolar,401622,"Mesquite Solar 3, LLC",AZ,1716.4219181219337
2026,1,p28,WeRecycleSolar,406038,"Mesquite Solar 4, LLC",AZ,4135.500998486223
2026,1,p28,WeRecycleSolar,404922,"Mesquite Solar 5, LLC",AZ,6860.2884805613885
2026,1,p28,WeRecycleSolar,403572,OE_AZ1,AZ,11827.258031746058
2026,1,p28,WeRecycleSolar,400203,Paloma Solar Hybrid,AZ,7162.015801759967
2026,1,p28,WeRecycleSolar,405126,Paradise Valley H.S. PV,AZ,85922.3351648615
2026,1,p28,WeRecycleSolar,405150,Phoenix Airport East Economy Lot,AZ,13240.310800472842
2026,1,p28,WeRecycleSolar,405151,Phoenix Airport Rental Car Center,AZ,1915.7359136167058
2026,1,p28,FabTechSolar,400125,"Poseidon Solar, LLC",AZ,7961.337831695686
2026,1,p28,WeRecycleSolar,400031,Prescott Airport,AZ,115477.09170400379
2026,1,p28,WeRecycleSolar,400401,Prescott Solar Plant,AZ,33910.6048700994
2026,1,p28,WeRecycleSolar,400289,"RE Bagdad Solar I, LLC",AZ,27070.58341938971
2026,1,p28,WeRecycleSolar,400416,Saddle Mountain Solar I,AZ,8889.055214000098
2026,1,p28,FabTechSolar,403674,Saint Solar,AZ,1065.0974016863547
2026,1,p28,FabTechSolar,401214,Sandstone Solar,AZ,2609.361875808398
2026,1,p28,WeRecycleSolar,405029,Solana Generating Station,AZ,997.8422122727718
2026,1,p28,WeRecycleSolar,406275,Sonoran Solar Energy,AZ,645.9371005714694
2026,1,p28,FabTechSolar,406034,Storey Solar and Storage,AZ,2441.299606738087
2026,1,p28,WeRecycleSolar,403643,Sun Streams 2,AZ,2715.1391068371527
2026,1,p28,WeRecycleSolar,406517,Sun Streams 3,AZ,1987.0787784302395
2026,1,p28,WeRecycleSolar,401975,"Sun Streams, LLC",AZ,846.226483491681
2026,1,p28,WeRecycleSolar,405311,T0588 Phoenix - AZ,AZ,27329.70308418905
2026,1,p28,FabTechSolar,405134,Union HS at Casa Grande,AZ,39936.254532810985
2026,1,p28,FabTechSolar,405135,Vista Grande HS at Casa Grande,AZ,38955.69664483832
2026,1,p28,FabTechSolar,400334,Walmart Casa Grande,AZ,56977.43063341077
2026,1,p28,FabTechSolar,406098,"West Line Solar, LLC",AZ,2992.2060848410392
2026,1,p29,FabTechSolar,400014,Springerville,AZ,15311.11298269378
2026,1,p30,FabTechSolar,405143,Actus Lend Lease DMAFB,AZ,26387.92351056821
2026,1,p30,FabTechSolar,405611,Amazon TUS2,AZ,63748.019119480574
2026,1,p30,FabTechSolar,400939,Avalon Solar,AZ,6204.597120103843
2026,1,p30,FabTechSolar,401479,Avalon Solar II,AZ,21286.392335047392
2026,1,p30,FabTechSolar,400226,Avra Valley Solar,AZ,4848.209234428844
2026,1,p30,FabTechSolar,404704,Broadway 2 - Tucson Phase II,AZ,44664.88889885522
2026,1,p30,FabTechSolar,405269,Canyon Del Oro High School Solar,AZ,30650.773496904923
2026,1,p30,FabTechSolar,401295,Davis Monthan AFB (AZ) West Airfield,AZ,6645.561647535523
2026,1,p30,FabTechSolar,400761,"Gato Montes Solar, LLC",AZ,34030.25279844224
2026,1,p30,FabTechSolar,404536,Iron Horse Battery Storage Hybrid,AZ,42513.02013071976
2026,1,p30,FabTechSolar,400552,"Picture Rocks Solar, LLC",AZ,2112.883182960888
2026,1,p30,FabTechSolar,405374,Pima Community College,AZ,148136.8264469833
2026,1,p30,FabTechSolar,405303,Pima Community College - East Campus,AZ,119512.39781302054
2026,1,p30,FabTechSolar,405516,Pima Community College NW,AZ,68719.6091629005
2026,1,p30,FabTechSolar,404926,Raptor Ridge,AZ,26151.747164771245
2026,1,p30,FabTechSolar,400857,Rio Rico Solar,AZ,75054.95331781014
2026,1,p30,FabTechSolar,401076,Tech Park Solar,AZ,66561.15603634523
2026,1,p30,FabTechSolar,400156,UASTP I,AZ,141321.08137546064
2026,1,p30,FabTechSolar,401075,Valencia Solar,AZ,12309.430011368026
2026,1,p30,FabTechSolar,404187,"Wilmot Energy Center, LLC",AZ,1278.1813569844599
2026,1,p31,SolarCycle,400211,Alamogordo Solar Energy Center,NM,268948.34564741433
2026,1,p31,FabTechSolar,400206,Albuquerque Solar Energy Center,NM,1903778.9220827883
2026,1,p31,SolarCycle,403675,Alcalde Solar Array,NM,591018.8366298311
2026,1,p31,FabTechSolar,405469,Arroyo Solar Energy Storage Hybrid,NM,4348.889750296213
2026,1,p31,SolarCycle,404981,Buena Vista Energy Center,NM,23264.80364340704
2026,1,p31,SolarCycle,402876,CNMEC Solar Energy Center,NM,866294.2395963384
2026,1,p31,SolarCycle,402519,Carrizozo Solar,NM,303138.0886059055
2026,1,p31,FabTechSolar,401202,Cibola,NM,151417.41534034204
2026,1,p31,FabTechSolar,402988,City of Gallup Solar,NM,340401.9941793371
2026,1,p31,FabTechSolar,403604,City of Rio Rancho WWTP,NM,1534414.6766508066
2026,1,p31,FabTechSolar,401225,City of Truth or Consequences PV,NM,805188.5078098692
2026,1,p31,FabTechSolar,400209,Deming Solar Energy Center,NM,107749.66726856228
2026,1,p31,FabTechSolar,403868,Encino Solar Energy Center,NM,34149.48935920211
2026,1,p31,FabTechSolar,401038,Eubank Landfill Solar Array,NM,1907737.0983144273
2026,1,p31,FabTechSolar,402443,Facebook 3 Solar Energy Center,NM,120896.09301545094
2026,1,p31,FabTechSolar,403322,Grants CDEC 2,NM,340730.58259894577
2026,1,p31,SolarCycle,401617,Holloman Solar Facility,NM,135060.2359501947
2026,1,p31,FabTechSolar,406109,"Jicarilla Solar 1, LLC",NM,19656.50586437072
2026,1,p31,SolarCycle,400427,Kit Carson,NM,1788450.7987300793
2026,1,p31,SolarCycle,400210,Las Vegas Solar Energy Center,NM,728427.118519521
2026,1,p31,SolarCycle,400434,Los Alamos PV Site,NM,1056802.470102995
2026,1,p31,FabTechSolar,400838,Macho Springs,NM,57624.43107965802
2026,1,p31,FabTechSolar,400582,Manzano Solar,NM,228857.71158580828
2026,1,p31,SolarCycle,401201,Meadow Lake Solar Energy Center,NM,408290.0999112127
2026,1,p31,SolarCycle,405693,NMSU Solar and Storage,NM,1010945.2453481333
2026,1,p31,FabTechSolar,406375,OE_ESCL,NM,15516.508806199841
2026,1,p31,SolarCycle,400581,Otero Solar,NM,352707.95554014144
2026,1,p31,SolarCycle,400146,Questa Solar Facility,NM,2261810.8300286126
2026,1,p31,FabTechSolar,403178,"RC Energy AA, LLC Solar Facility",NM,3834801.162921008
2026,1,p31,FabTechSolar,401566,Rio Communities Solar Energy Center,NM,90390.7595992447
2026,1,p31,FabTechSolar,403084,Rio De Oro Solar Energy Center,NM,181458.63694983034
2026,1,p31,FabTechSolar,404648,"Route 66 Energy Center, LLC",NM,64395.55570489583
2026,1,p31,SolarCycle,403387,San Miguel I Solar Energy Center,NM,362512.30812937865
2026,1,p31,SolarCycle,405458,San Miguel II Solar Energy Center,NM,362660.99700968625
2026,1,p31,FabTechSolar,401161,Sandoval Solar Energy Center,NM,203378.93414218686
2026,1,p31,SolarCycle,401564,Santa Fe Solar Energy Center,NM,414504.9856989847
2026,1,p31,FabTechSolar,401565,Santolina Solar Energy Center,NM,68930.47206464333
2026,1,p31,FabTechSolar,400596,Silver City WWTP PV Project,NM,818020.223844807
2026,1,p31,FabTechSolar,401563,South Valley Solar Energy Center,NM,73825.90074110105
2026,1,p31,SolarCycle,401162,Springer Solar 1,NM,1110791.212692516
2026,1,p31,FabTechSolar,400623,Sue Cleveland High School,NM,1276747.750087389
2026,1,p31,SolarCycle,400343,"SunE EPE1, LLC",NM,91947.11035339833
2026,1,p31,SolarCycle,402854,Syncarpha Eagle Nest,NM,1432421.4787336718
2026,1,p31,SolarCycle,403412,Syncarpha El Rito,NM,931102.9027546338
2026,1,p31,SolarCycle,403413,Syncarpha Questa,NM,2865220.561255267
2026,1,p31,SolarCycle,403411,Syncarpha Taos,NM,693781.9105197674
2026,1,p31,SolarCycle,404618,Taos Mesa Energy Facility Hybrid,NM,145152.96678532095
2026,1,p31,FabTechSolar,403011,Vista Solar Energy Center,NM,365596.13920341665
2026,1,p31,SolarCycle,400354,WSMR I,NM,623657.116434098
2026,1,p31,FabTechSolar,405245,Wal-Mart Truth or Consequences PV,NM,1542544.5229429745
2026,1,p47,SolarCycle,400614,GSE NM1,NM,1104758.529304844
2026,1,p47,SolarCycle,404982,Hayhurst New Mexico Solar,NM,67574.51104671454
2026,1,p47,SolarCycle,402530,Middle Daisy,NM,123843.31759626592
2026,1,p47,SolarCycle,401682,"Roswell Solar, LLC",NM,30141.04405116146
2026,1,p47,SolarCycle,400546,SEV NM Phase 2,NM,738181.6224612548
2026,1,p47,SolarCycle,400260,SPS1 Dollarhide,NM,63221.74932522075
2026,1,p47,SolarCycle,400261,SPS2 Jal,NM,34344.01694967093
2026,1,p47,SolarCycle,400262,SPS3 Lea,NM,33542.608723655794
2026,1,p47,SolarCycle,400264,SPS5 Hopi,NM,73508.57282158725
2026,1,p47,SolarCycle,404698,SoCore Clovis 1,NM,291594.99354465393
2026,1,p48,SolarCycle,406439,"BESSP1, LLC",TX,142690.3386085156
2026,1,p48,SolarCycle,405590,"Hecate Energy Frye Solar, LLC",TX,5071.001771042348
2026,1,p57,OkonRecycling,404918,"Hecate Energy Upshur Rural, LLC",TX,37475.13577013953
2026,1,p59,SolarCycle,402666,Fort Bliss (DEA EPIC),TX,147749.5826397321
2026,1,p59,SolarCycle,401616,Montana Solar Facility,TX,189143.61641569613
2026,1,p59,SolarCycle,401045,Newman Solar,TX,19545.813306303713
2026,1,p60,SolarCycle,403962,"ANSON Solar Center, LLC",TX,2658.202913061787
2026,1,p60,OkonRecycling,403883,Azure Sky Solar,TX,2492.9460584493295
2026,1,p60,SolarCycle,403232,"ENGIE Long Draw Solar, LLC",TX,1864.6423553678076
2026,1,p60,SolarCycle,406252,Highpeak Solar 1,TX,34117.75771249043
2026,1,p60,SolarCycle,402721,Holstein 1 Solar Farm,TX,1496.618576616499
2026,1,p60,SolarCycle,405492,Juno Solar Project,TX,1505.6858805478744
2026,1,p60,SolarCycle,402541,Lamesa II,TX,4184.3467295759865
2026,1,p60,SolarCycle,401660,Lamesa Solar,TX,2257.832936812475
2026,1,p60,SolarCycle,405932,Lumina II Solar Project,TX,3525.2133406329726
2026,1,p60,SolarCycle,405933,Lumina Solar Project,TX,3308.933670484285
2026,1,p60,SolarCycle,402909,Misae Solar,TX,4309.7715226488535
2026,1,p60,OkonRecycling,400968,"OCI Alamo 7, LLC",TX,7033.2594763697425
2026,1,p60,SolarCycle,405939,Texas Solar Nova 1,TX,1888.6212389304546
2026,1,p61,SolarCycle,400967,Alamo 6,TX,2324.689270683613
2026,1,p61,SolarCycle,403557,Aragorn Solar Project,TX,1618.7245394078607
2026,1,p61,SolarCycle,400691,Barilla Solar,TX,5470.042211918033
2026,1,p61,SolarCycle,401946,Bluebell Solar,TX,3092.918847103695
2026,1,p61,SolarCycle,403574,Bluebell Solar II,TX,1098.357991583157
2026,1,p61,SolarCycle,400554,"Bryan Solar, LLC",TX,35216.07378175954
2026,1,p61,SolarCycle,401463,Buckthorn Westex,TX,746.955217920536
2026,1,p61,SolarCycle,401703,East Pecos Solar,TX,835.3804459774742
2026,1,p61,SolarCycle,405363,Galloway 1 Solar Farm,TX,1120.1282557784605
2026,1,p61,SolarCycle,403210,Greasewood,TX,663.1597505839292
2026,1,p61,SolarCycle,406370,Hayhurst Texas Solar,TX,5256.616154246089
2026,1,p61,SolarCycle,402304,Midway Solar-TX,TX,984.3225858783858
2026,1,p61,SolarCycle,400695,"OCI Alamo 4, LLC",TX,5158.429328239478
2026,1,p61,SolarCycle,401868,Pearl Solar,TX,1433.0908097332945
2026,1,p61,SolarCycle,402290,RE Maplewood,TX,1259.6577909197204
2026,1,p61,SolarCycle,401430,RE Roserock,TX,772.6740214513084
2026,1,p61,SolarCycle,402848,Rambler,TX,774.644590546396
2026,1,p61,SolarCycle,402083,Solaire Holman Solar Project,TX,3176.8787289672773
2026,1,p61,SolarCycle,403023,"Taygete Energy Project, LLC",TX,706.1666434158743
2026,1,p61,SolarCycle,404647,Taygete II Energy Project,TX,778.3523966167253
2026,1,p61,SolarCycle,403551,Titan Solar Project,TX,1249.238990907436
2026,1,p61,SolarCycle,406103,Zier Solar,TX,5039.257760218243
2026,1,p62,SolarCycle,403502,2W Permian Solar Project Hybrid,TX,446.84752281179635
2026,1,p62,SolarCycle,403697,CED Crane Solar,TX,714.672222982616
2026,1,p62,SolarCycle,401525,Castle Gap Solar Hybrid,TX,666.8725896188145
2026,1,p62,SolarCycle,404599,Emerald Grove,TX,2651.4013945285983
2026,1,p62,SolarCycle,403004,Lapetus,TX,1122.9773759934385
2026,1,p62,SolarCycle,403280,Oberon IA,TX,567.8823996198449
2026,1,p62,SolarCycle,403279,Oberon IB,TX,2097.694417187028
2026,1,p62,SolarCycle,403602,Oxy Renewable Energy-Goldsmith,TX,2153.7383782187426
2026,1,p62,SolarCycle,402679,Phoebe Solar,TX,582.9349266425947
2026,1,p62,SolarCycle,403177,Prospero Solar,TX,566.9332328239718
2026,1,p62,SolarCycle,404128,Prospero Solar II,TX,1195.576830198074
2026,1,p62,SolarCycle,403070,"Roadrunner, LLC",TX,571.5743052194125
2026,1,p62,SolarCycle,401805,Upton County Solar,TX,648.6352529373762
2026,1,p62,SolarCycle,402995,West of the Pecos Solar,TX,863.1702248029798
2026,1,p63,OkonRecycling,404966,BPL Files Solar,TX,1224.465628584053
2026,1,p63,OkonRecycling,403825,Briar Creek Solar 1,TX,1610.0381259076867
2026,1,p63,OkonRecycling,402610,Chisum,TX,61285.70255218877
2026,1,p63,OkonRecycling,401697,CoServ Community Solar Station,TX,43049.67484143859
2026,1,p63,OkonRecycling,403188,Coniglio Solar,TX,1591.189548234455
2026,1,p63,OkonRecycling,406415,Dileo Solar,TX,7170.57590215876
2026,1,p63,OkonRecycling,406221,Eiffel Solar Project,TX,1981.8730293794324
2026,1,p63,OkonRecycling,405540,"Ellis Solar, LLC",TX,1173.99779131835
2026,1,p63,OkonRecycling,403823,Elm Branch Solar 1,TX,2105.413788537706
2026,1,p63,OkonRecycling,406206,Five Wells Solar Center - Hybrid,TX,1456.2392967226435
2026,1,p63,OkonRecycling,404567,G.S.E. One LLC,TX,4919.131883455991
2026,1,p63,OkonRecycling,403288,Griffin Solar,TX,56105.740230185686
2026,1,p63,OkonRecycling,406202,Grizzly Ridge Solar,TX,3693.2643307748704
2026,1,p63,OkonRecycling,405319,IKEA Grand Prairie Rooftop PV System,TX,28175.49002630748
2026,1,p63,OkonRecycling,405689,"IP Radian, LLC",TX,2440.663074894007
2026,1,p63,OkonRecycling,403481,Impact Solar 1,TX,2350.31223378309
2026,1,p63,OkonRecycling,403190,Kellam Solar,TX,13931.59626551466
2026,1,p63,OkonRecycling,403874,Lily Solar Hybrid,TX,1175.1900861931188
2026,1,p63,OkonRecycling,402404,Marlin Solar,TX,235418.31220797673
2026,1,p63,OkonRecycling,405794,Noble Solar,TX,1105.8201475425371
2026,1,p63,OkonRecycling,402405,North Gainesville Solar,TX,148234.89804236527
2026,1,p63,OkonRecycling,404872,"Pisgah Ridge Solar, LLC",TX,1445.8186355818225
2026,1,p63,OkonRecycling,406416,Pitts Dudik Solar,TX,3389.8356615025496
2026,1,p63,OkonRecycling,403189,Rippey Solar,TX,12013.159593517023
2026,1,p63,OkonRecycling,404630,"Samson Solar Energy III, LLC",TX,1984.2175556278603
2026,1,p63,OkonRecycling,402652,Sterling Solar (TX),TX,27824.906209817575
2026,1,p63,OkonRecycling,404812,Sun Valley Solar Project,TX,1971.2791486527306
2026,1,p63,OkonRecycling,403457,"TPE Whitney Solar, LLC",TX,26728.08878836727
2026,1,p63,OkonRecycling,405361,Toyota HQ Plan,TX,5130.227469384012
2026,1,p63,OkonRecycling,405907,Verizon Hidden Ridge Solar Project,TX,4861.567731487772
2026,1,p63,OkonRecycling,405984,Waco Solar,TX,1516.8758187482756
2026,1,p63,OkonRecycling,402306,Walnut Springs Solar,TX,30072.11041963906
2026,1,p63,OkonRecycling,402497,West Moore Solar II,TX,14627.168657213875
2026,1,p63,OkonRecycling,402330,Whitesboro Solar,TX,23736.109476781017
2026,1,p63,OkonRecycling,402331,Whitesboro Solar II,TX,16093.448500260174
2026,1,p63,OkonRecycling,402414,Whitewright Solar,TX,10013.888066829486
2026,1,p63,OkonRecycling,402654,Yellow Jacket,TX,46431.59553720947
2026,1,p64,OkonRecycling,405731,Austin TX GigaFactory,TX,661505.3401990471
2026,1,p64,OkonRecycling,404721,"Blue Jay Solar I, LLC",TX,2025.1930819063734
2026,1,p64,OkonRecycling,402389,"E-Volve Energy Holdings, LLC",TX,457130.8923554278
2026,1,p64,OkonRecycling,400227,East Blackland Solar Project 1,TX,3048.8323166122345
2026,1,p64,OkonRecycling,405101,IKEA Round Rock 027,TX,396770.3016989945
2026,1,p64,SolarCycle,402653,Lampwick,TX,82627.44749998156
2026,1,p64,OkonRecycling,405613,Niagara Bottling - Seguin,TX,323346.1547101849
2026,1,p64,OkonRecycling,400249,Webberville Solar Project,TX,20982.48680836633
2026,1,p65,OkonRecycling,405700,Aktina Solar,TX,22828.057986147705
2026,1,p65,OkonRecycling,405727,Bernard Creek Solar,TX,34060.871901432976
2026,1,p65,OkonRecycling,405477,Brightside,TX,200474.16268579796
2026,1,p65,OkonRecycling,401728,CPS 1 Community Solar,TX,33135413.288607508
2026,1,p65,OkonRecycling,402656,Cascade Solar (TX),TX,1660532.3784022832
2026,1,p65,OkonRecycling,404359,FELPS 1-Calaveras,TX,34404673.85234742
2026,1,p65,OkonRecycling,404361,FELPS 2-Calaveras,TX,17202141.47752389
2026,1,p65,OkonRecycling,404739,FELPS 6- Floresville West,TX,11673355.953778507
2026,1,p65,OkonRecycling,404740,FELPS 7- Floresville West,TX,11669586.063303802
2026,1,p65,SolarCycle,405801,Horizon Solar,TX,46543.56766801027
2026,1,p65,OkonRecycling,405380,IKEA Live Oak Rooftop PV System,TX,3727510.4796895287
2026,1,p65,SolarCycle,403343,Mars Solar,TX,2459508.8336286056
2026,1,p65,OkonRecycling,404877,Nebula Solar,TX,152368.13130062856
2026,1,p65,OkonRecycling,400694,"OCI Alamo 2, LLC",TX,3692590.5348101347
2026,1,p65,SolarCycle,400966,"OCI Alamo 5, LLC",TX,167997.46533417876
2026,1,p65,OkonRecycling,400593,OCI Alamo Solar I Hybrid,TX,169927.4155508454
2026,1,p65,SolarCycle,405809,Shakes Solar,TX,45782.1820844651
2026,1,p65,OkonRecycling,405545,Sparta Solar,TX,53133.8375786749
2026,1,p65,OkonRecycling,400379,"SunE CPS1, LLC",TX,3503052.1057640016
2026,1,p65,OkonRecycling,400364,"SunE CPS2, LLC",TX,3512616.469219421
2026,1,p65,OkonRecycling,400353,"SunE CPS3, LLC",TX,1119234.7933334163
2026,1,p65,OkonRecycling,406032,Tres Bahias,TX,190907.04364836976
2026,1,p67,OkonRecycling,404939,Brazoria County Solar Project (Danciger),TX,19937.173911980444
2026,1,p67,OkonRecycling,404681,Brazoria West,TX,20241.14434970435
2026,1,p67,OkonRecycling,404587,Fighting Jays Solar Project,TX,8764.190025134787
2026,1,p67,OkonRecycling,403514,Wagyu,TX,33205.007675124885
2026,2,p12,ComstockMetals,402144,Battle Mountain Solar Project,NV,2116.725170598139
2026,2,p12,ComstockMetals,405025,Brady,NV,1229.8293944162538
2026,2,p12,ComstockMetals,405553,Dodge Flat,NV,431.0637808149713
2026,2,p12,ComstockMetals,404659,Fish Springs,NV,688.4973969259114
2026,2,p12,ComstockMetals,401086,Ft. Churchill PV,NV,780.5024692988627
2026,2,p12,ComstockMetals,405028,Galena 2 Geothermal Power Plant,NV,2909.4139175278124
2026,2,p12,ComstockMetals,400468,"Patua Acquisition Project, LLC",NV,817.9696225375947
2026,2,p12,ComstockMetals,405021,Steamboat Hills LP,NV,17433.914319564974
2026,2,p12,ComstockMetals,405023,Steamboat II,NV,2094.987450606542
2026,2,p12,ComstockMetals,405024,Steamboat III,NV,1595.2722636283322
2026,2,p12,ComstockMetals,400029,Stillwater Facility,NV,1406.3178358173247
2026,2,p12,ComstockMetals,401318,Sunshine Valley Solar,NV,6291.804660223152
2026,2,p12,ComstockMetals,405026,TS Power Plant,NV,2436.115641271349
2026,2,p12,ComstockMetals,405576,Tesla Reno GigaFactory,NV,909.5576264366182
2026,2,p12,ComstockMetals,403308,Turquoise Liberty Solar,NV,1168.4624974267215
2026,2,p12,ComstockMetals,403884,"Turquoise Nevada, LLC",NV,572.9663861861676
2026,2,p12,ComstockMetals,400035,Western 102 Power Plant,NV,5197.471873003218
2026,2,p13,WeRecycleSolar,400555,Apex Solar PV Power Project,NV,29253.2677636069
2026,2,p13,WeRecycleSolar,405385,Arrow Canyon Solar Hybrid,NV,1651.7894639789217
2026,2,p13,WeRecycleSolar,401649,"Boulder Solar Power, LLC",NV,15871.725818332096
2026,2,p13,WeRecycleSolar,400059,CM10,NV,22347.9982774248
2026,2,p13,WeRecycleSolar,400086,CM48,NV,32358.089089358964
2026,2,p13,WeRecycleSolar,400363,Copper Mountain Solar 2,NV,10339.17149875855
2026,2,p13,WeRecycleSolar,403688,"Copper Mountain Solar 5, LLC",NV,6512.389057483751
2026,2,p13,WeRecycleSolar,405358,Dignity - San Martin,NV,332971.1477371526
2026,2,p13,WeRecycleSolar,405355,Dignity - Siena Campus,NV,292804.26639944117
2026,2,p13,WeRecycleSolar,405556,Dry Lake Solar Energy Center,NV,6153.917136997275
2026,2,p13,WeRecycleSolar,405495,Gemini Solar,NV,1635.5786740376327
2026,2,p13,WeRecycleSolar,403386,"Harry Allen Solar Energy, LLC",NV,6177.6825347264585
2026,2,p13,WeRecycleSolar,406090,IGS LAS1,NV,1635201.115793246
2026,2,p13,WeRecycleSolar,406089,IGS VGT,NV,854667.0653701721
2026,2,p13,WeRecycleSolar,405309,IKEA Las Vegas 462,NV,851531.2803624365
2026,2,p13,WeRecycleSolar,400545,Las Vegas WPCF Solar Plant,NV,251887.019784919
2026,2,p13,WeRecycleSolar,400600,Mountain View Solar,NV,29170.474139146874
2026,2,p13,WeRecycleSolar,400036,Nellis Air Force Base Solar Array,NV,142582.5045820169
2026,2,p13,WeRecycleSolar,401274,River Mountains Solar,NV,111387.10722963631
2026,2,p13,WeRecycleSolar,401042,Searchlight Solar,NV,27597.440632090314
2026,2,p13,WeRecycleSolar,400166,Silver State Solar Power North,NV,30949.915504552657
2026,2,p13,WeRecycleSolar,400658,Silver State Solar Power South,NV,3564.4264084578945
2026,2,p13,WeRecycleSolar,405246,"Solar Las Vegas MB 2, LLC",NV,560422.8401499199
2026,2,p13,WeRecycleSolar,405188,Solar Las Vegas MB-1,NV,114762.9746352161
2026,2,p13,WeRecycleSolar,402691,"Techren Solar III, LLC",NV,21042.68032703363
2026,2,p13,WeRecycleSolar,402692,"Techren Solar IV, LLC",NV,12834.242618632692
2026,2,p13,WeRecycleSolar,401851,Townsite Solar Project Hybrid,NV,10141.070774519365
2026,2,p13,WeRecycleSolar,404971,Yellow Pine Solar,NV,5303.597815634005
2026,2,p27,WeRecycleSolar,400374,"Black Mountain Solar, LLC",AZ,13164.387656264626
2026,2,p27,WeRecycleSolar,402236,Gray Hawk Solar,AZ,5600.359100856917
2026,2,p27,WeRecycleSolar,401819,Jacobson 5 MW Solar,AZ,18661.35700579573
2026,2,p27,WeRecycleSolar,401311,Mohave Electric at Fort Mohave,AZ,29043.494681542874
2026,2,p27,WeRecycleSolar,406478,Mohave Energy - Hybrid,AZ,14723.641650765281
2026,2,p28,WeRecycleSolar,400148,Agua Caliente Solar Project,AZ,1342.1949567991087
2026,2,p28,FabTechSolar,402067,Apache Solar 1,AZ,14637.96751998023
2026,2,p28,WeRecycleSolar,400274,Arizona Western College PV,AZ,41022.34983470469
2026,2,p28,WeRecycleSolar,400240,Arlington Valley Solar Energy II,AZ,1476.4448044986202
2026,2,p28,FabTechSolar,401688,Bonnybrooke PV,AZ,1625.3707992890068
2026,2,p28,WeRecycleSolar,400371,Buckeye Union HS District 201,AZ,18523.184727785912
2026,2,p28,FabTechSolar,405635,"Central Line Solar, LLC",AZ,1073.1703188519125
2026,2,p28,WeRecycleSolar,400201,Chino Solar Valley,AZ,10216.22027399025
2026,2,p28,FabTechSolar,403257,East Line Solar,AZ,2424.7741509158177
2026,2,p28,FabTechSolar,406171,Eleven Mile Solar Center,AZ,1033.873045484401
2026,2,p28,WeRecycleSolar,400349,Foothills Solar Plant Hybrid,AZ,12594.127635708881
2026,2,p28,FabTechSolar,400825,Fort Huachuca Solar PV Project,AZ,13184.257614295466
2026,2,p28,WeRecycleSolar,400845,Gila Bend Hybrid,AZ,4817.527395752777
2026,2,p28,WeRecycleSolar,400204,Hyder Solar Hybrid,AZ,15702.894181627795
2026,2,p28,FabTechSolar,405282,Intel - Ocotillo Campus Solar,AZ,5244.777289271399
2026,2,p28,WeRecycleSolar,405125,Jewish Community Center PV,AZ,38945.012225688784
2026,2,p28,WeRecycleSolar,402234,Kayenta Solar Project,AZ,28689.62650451666
2026,2,p28,WeRecycleSolar,400128,Luke Solar,AZ,10634.72413570934
2026,2,p28,WeRecycleSolar,406279,McFarland A Solar and Storage,AZ,3123.154597004698
2026,2,p28,FabTechSolar,405617,Mesa Carport PV,AZ,15314.197800040312
2026,2,p28,FabTechSolar,404512,Mesa Solar Array,AZ,17446.850489314973
2026,2,p28,WeRecycleSolar,400250,Mesquite Solar 1,AZ,656.3501715866549
2026,2,p28,WeRecycleSolar,401621,"Mesquite Solar 2, LLC",AZ,3445.9646145546544
2026,2,p28,WeRecycleSolar,401622,"Mesquite Solar 3, LLC",AZ,1084.0358856195392
2026,2,p28,WeRecycleSolar,404922,"Mesquite Solar 5, LLC",AZ,5435.318568452913
2026,2,p28,WeRecycleSolar,403572,OE_AZ1,AZ,9306.705130411377
2026,2,p28,WeRecycleSolar,400203,Paloma Solar Hybrid,AZ,8305.739154503324
2026,2,p28,WeRecycleSolar,405126,Paradise Valley H.S. PV,AZ,33729.17744840857
2026,2,p28,WeRecycleSolar,405150,Phoenix Airport East Economy Lot,AZ,10408.075582517791
2026,2,p28,WeRecycleSolar,405151,Phoenix Airport Rental Car Center,AZ,1581.404392957064
2026,2,p28,FabTechSolar,400125,"Poseidon Solar, LLC",AZ,6293.505359837155
2026,2,p28,WeRecycleSolar,400401,Prescott Solar Plant,AZ,17812.697224509204
2026,2,p28,FabTechSolar,400323,Queen Creek Solar Farm,AZ,3490.740846328096
2026,2,p28,WeRecycleSolar,400289,"RE Bagdad Solar I, LLC",AZ,21187.753414914896
2026,2,p28,WeRecycleSolar,400416,Saddle Mountain Solar I,AZ,5693.274128707295
2026,2,p28,FabTechSolar,403674,Saint Solar,AZ,1091.1925180261853
2026,2,p28,FabTechSolar,401214,Sandstone Solar,AZ,1548.0231273638367
2026,2,p28,WeRecycleSolar,405029,Solana Generating Station,AZ,1098.9608904122338
2026,2,p28,WeRecycleSolar,406275,Sonoran Solar Energy,AZ,591.6898375212152
2026,2,p28,FabTechSolar,406034,Storey Solar and Storage,AZ,1991.0425431482777
2026,2,p28,WeRecycleSolar,403643,Sun Streams 2,AZ,851.12006098045
2026,2,p28,WeRecycleSolar,406517,Sun Streams 3,AZ,1637.0108961346118
2026,2,p28,WeRecycleSolar,401975,"Sun Streams, LLC",AZ,689.8338705283661
2026,2,p28,WeRecycleSolar,405311,T0588 Phoenix - AZ,AZ,21389.718089331735
2026,2,p28,FabTechSolar,405134,Union HS at Casa Grande,AZ,92846.7864748561
2026,2,p28,FabTechSolar,405135,Vista Grande HS at Casa Grande,AZ,120605.291648847
2026,2,p28,FabTechSolar,400334,Walmart Casa Grande,AZ,44497.935855491975
2026,2,p28,FabTechSolar,406098,"West Line Solar, LLC",AZ,1410.2167628838197
2026,2,p29,FabTechSolar,400014,Springerville,AZ,14715.967030499301
2026,2,p30,FabTechSolar,405143,Actus Lend Lease DMAFB,AZ,51378.130487957584
2026,2,p30,FabTechSolar,405611,Amazon TUS2,AZ,124664.00991650084
2026,2,p30,FabTechSolar,400939,Avalon Solar,AZ,6093.173394525792
2026,2,p30,FabTechSolar,401479,Avalon Solar II,AZ,10642.730950067382
2026,2,p30,FabTechSolar,400226,Avra Valley Solar,AZ,3308.548281387148
2026,2,p30,FabTechSolar,404704,Broadway 2 - Tucson Phase II,AZ,43815.190163291525
2026,2,p30,FabTechSolar,405269,Canyon Del Oro High School Solar,AZ,59740.17306383671
2026,2,p30,FabTechSolar,401295,Davis Monthan AFB (AZ) West Airfield,AZ,8567.564356297376
2026,2,p30,FabTechSolar,400761,"Gato Montes Solar, LLC",AZ,13593.877647091045
2026,2,p30,FabTechSolar,404536,Iron Horse Battery Storage Hybrid,AZ,83009.25635681451
2026,2,p30,FabTechSolar,400552,"Picture Rocks Solar, LLC",AZ,2360.003578305301
2026,2,p30,FabTechSolar,405374,Pima Community College,AZ,145300.9039415629
2026,2,p30,FabTechSolar,405303,Pima Community College - East Campus,AZ,117225.94332664539
2026,2,p30,FabTechSolar,405516,Pima Community College NW,AZ,201424.4844711982
2026,2,p30,FabTechSolar,404926,Raptor Ridge,AZ,25657.42248557774
2026,2,p30,FabTechSolar,400857,Rio Rico Solar,AZ,24807.297940137847
2026,2,p30,FabTechSolar,400156,UASTP I,AZ,69507.99618081196
2026,2,p30,FabTechSolar,401075,Valencia Solar,AZ,17921.22895399357
2026,2,p30,FabTechSolar,404187,"Wilmot Energy Center, LLC",AZ,1261.3239874713377
2026,2,p31,SolarCycle,400211,Alamogordo Solar Energy Center,NM,464986.4483731899
2026,2,p31,FabTechSolar,400206,Albuquerque Solar Energy Center,NM,823607.5040222344
2026,2,p31,SolarCycle,403675,Alcalde Solar Array,NM,1533048.6576782996
2026,2,p31,FabTechSolar,403321,Bluewater CDEC 1,NM,364072.6089357855
2026,2,p31,SolarCycle,402876,CNMEC Solar Energy Center,NM,749394.9872359976
2026,2,p31,SolarCycle,402519,Carrizozo Solar,NM,262267.21246342524
2026,2,p31,FabTechSolar,401202,Cibola,NM,196344.1729188247
2026,2,p31,FabTechSolar,403604,City of Rio Rancho WWTP,NM,2654232.8830863424
2026,2,p31,FabTechSolar,400209,Deming Solar Energy Center,NM,93257.0245519686
2026,2,p31,FabTechSolar,403868,Encino Solar Energy Center,NM,58786.34141647872
2026,2,p31,FabTechSolar,401038,Eubank Landfill Solar Array,NM,1650238.8143484304
2026,2,p31,FabTechSolar,403322,Grants CDEC 2,NM,196656.377675368
2026,2,p31,FabTechSolar,400216,"Hatch Solar Energy Center I, LLC",NM,271190.8877858864
2026,2,p31,SolarCycle,401617,Holloman Solar Facility,NM,233361.11024767
2026,2,p31,FabTechSolar,406109,"Jicarilla Solar 1, LLC",NM,33713.59813830837
2026,2,p31,SolarCycle,400427,Kit Carson,NM,1031504.4343371362
2026,2,p31,SolarCycle,400210,Las Vegas Solar Energy Center,NM,315270.2447756152
2026,2,p31,SolarCycle,400434,Los Alamos PV Site,NM,1827967.659948236
2026,2,p31,FabTechSolar,400207,Los Lunas Solar Energy Center,NM,222987.10749883018
2026,2,p31,FabTechSolar,400582,Manzano Solar,NM,395629.9783237899
2026,2,p31,SolarCycle,401201,Meadow Lake Solar Energy Center,NM,176811.63678321135
2026,2,p31,SolarCycle,405693,NMSU Solar and Storage,NM,874517.5175085712
2026,2,p31,FabTechSolar,406375,OE_ESCL,NM,6937.859245738059
2026,2,p31,SolarCycle,400581,Otero Solar,NM,305144.945278701
2026,2,p31,FabTechSolar,403178,"RC Energy AA, LLC Solar Facility",NM,1105980.4580393694
2026,2,p31,FabTechSolar,401566,Rio Communities Solar Energy Center,NM,104188.85358072625
2026,2,p31,FabTechSolar,403084,Rio De Oro Solar Energy Center,NM,313629.9656697676
2026,2,p31,FabTechSolar,400624,Rio Rancho High School,NM,1642651.5316062444
2026,2,p31,FabTechSolar,404648,"Route 66 Energy Center, LLC",NM,28077.94739614741
2026,2,p31,SolarCycle,403387,San Miguel I Solar Energy Center,NM,157012.83514935887
2026,2,p31,FabTechSolar,401161,Sandoval Solar Energy Center,NM,527127.8516295829
2026,2,p31,SolarCycle,401564,Santa Fe Solar Energy Center,NM,119799.70814548327
2026,2,p31,FabTechSolar,401565,Santolina Solar Energy Center,NM,148596.4473896457
2026,2,p31,FabTechSolar,400596,Silver City WWTP PV Project,NM,2122114.4812327875
2026,2,p31,FabTechSolar,401563,South Valley Solar Energy Center,NM,317965.5240183282
2026,2,p31,SolarCycle,401162,Springer Solar 1,NM,3842335.488866655
2026,2,p31,SolarCycle,400735,Storrie Lake Solar Project,NM,700311.2334336024
2026,2,p31,FabTechSolar,400623,Sue Cleveland High School,NM,3312506.801510961
2026,2,p31,SolarCycle,402854,Syncarpha Eagle Nest,NM,1858439.111714983
2026,2,p31,SolarCycle,403412,Syncarpha El Rito,NM,1207981.324990998
2026,2,p31,SolarCycle,403413,Syncarpha Questa,NM,2478458.1063931193
2026,2,p31,SolarCycle,403411,Syncarpha Taos,NM,400248.3505803432
2026,2,p31,SolarCycle,404618,Taos Mesa Energy Facility Hybrid,NM,83873.81743393744
2026,2,p31,SolarCycle,400354,WSMR I,NM,269957.43243304273
2026,2,p31,FabTechSolar,405245,Wal-Mart Truth or Consequences PV,NM,381528.2072693511
2026,2,p47,SolarCycle,400614,GSE NM1,NM,434694.83800192585
2026,2,p47,SolarCycle,404982,Hayhurst New Mexico Solar,NM,53233.46416721245
2026,2,p47,SolarCycle,402530,Middle Daisy,NM,194578.95256040344
2026,2,p47,SolarCycle,401682,"Roswell Solar, LLC",NM,12095.823018940886
2026,2,p47,SolarCycle,400546,SEV NM Phase 2,NM,387248.70502371946
2026,2,p47,SolarCycle,400261,SPS2 Jal,NM,18198.219148475706
2026,2,p47,SolarCycle,400262,SPS3 Lea,NM,26467.01266781835
2026,2,p47,SolarCycle,400264,SPS5 Hopi,NM,38733.77772112853
2026,2,p47,SolarCycle,404698,SoCore Clovis 1,NM,305770.59404202097
2026,2,p48,SolarCycle,406439,"BESSP1, LLC",TX,149265.05197850562
2026,2,p48,SolarCycle,405590,"Hecate Energy Frye Solar, LLC",TX,5286.83158841184
2026,2,p57,OkonRecycling,404918,"Hecate Energy Upshur Rural, LLC",TX,67874.38362175482
2026,2,p59,SolarCycle,402666,Fort Bliss (DEA EPIC),TX,295523.2816141932
2026,2,p59,SolarCycle,401616,Montana Solar Facility,TX,94907.62340556303
2026,2,p59,SolarCycle,401045,Newman Solar,TX,19573.367005538577
2026,2,p60,SolarCycle,403962,"ANSON Solar Center, LLC",TX,1609.8055379432765
2026,2,p60,OkonRecycling,403883,Azure Sky Solar,TX,1521.271130013492
2026,2,p60,SolarCycle,403232,"ENGIE Long Draw Solar, LLC",TX,1184.6648422872595
2026,2,p60,SolarCycle,402721,Holstein 1 Solar Farm,TX,987.5004497285462
2026,2,p60,SolarCycle,405492,Juno Solar Project,TX,1584.716301422915
2026,2,p60,SolarCycle,402541,Lamesa II,TX,2427.419061616137
2026,2,p60,SolarCycle,401660,Lamesa Solar,TX,1146.4840390987226
2026,2,p60,SolarCycle,405932,Lumina II Solar Project,TX,2074.296133833977
2026,2,p60,SolarCycle,405933,Lumina Solar Project,TX,1179.2134275679362
2026,2,p60,SolarCycle,402909,Misae Solar,TX,2494.613913051877
2026,2,p60,OkonRecycling,400968,"OCI Alamo 7, LLC",TX,2176.8452079105205
2026,2,p60,SolarCycle,405939,Texas Solar Nova 1,TX,1197.511245929727
2026,2,p61,SolarCycle,400967,Alamo 6,TX,756.7233098654685
2026,2,p61,SolarCycle,403557,Aragorn Solar Project,TX,1303.517171595032
2026,2,p61,SolarCycle,400691,Barilla Solar,TX,4158.741250426694
2026,2,p61,SolarCycle,401946,Bluebell Solar,TX,2396.4301541447994
2026,2,p61,SolarCycle,403574,Bluebell Solar II,TX,917.7367131891621
2026,2,p61,SolarCycle,401463,Buckthorn Westex,TX,605.7757841278952
2026,2,p61,SolarCycle,401703,East Pecos Solar,TX,722.7749145910188
2026,2,p61,SolarCycle,405363,Galloway 1 Solar Farm,TX,933.8763796146645
2026,2,p61,SolarCycle,403210,Greasewood,TX,595.0968786111179
2026,2,p61,SolarCycle,406370,Hayhurst Texas Solar,TX,4000.515087141164
2026,2,p61,SolarCycle,402304,Midway Solar-TX,TX,833.1950929193941
2026,2,p61,SolarCycle,400695,"OCI Alamo 4, LLC",TX,3927.723016043218
2026,2,p61,SolarCycle,401868,Pearl Solar,TX,1421.1936126431153
2026,2,p61,SolarCycle,402290,RE Maplewood,TX,1037.318401883333
2026,2,p61,SolarCycle,401430,RE Roserock,TX,745.3583714990187
2026,2,p61,SolarCycle,402848,Rambler,TX,747.1845050485358
2026,2,p61,SolarCycle,402083,Solaire Holman Solar Project,TX,2458.6748965257925
2026,2,p61,SolarCycle,403023,"Taygete Energy Project, LLC",TX,626.9805938512238
2026,2,p61,SolarCycle,404647,Taygete II Energy Project,TX,680.4964339385817
2026,2,p61,SolarCycle,403551,Titan Solar Project,TX,1029.5942899826346
2026,2,p61,SolarCycle,406103,Zier Solar,TX,2119.686817764939
2026,2,p62,SolarCycle,403502,2W Permian Solar Project Hybrid,TX,427.1467956705304
2026,2,p62,SolarCycle,403697,CED Crane Solar,TX,582.3435269954053
2026,2,p62,SolarCycle,401525,Castle Gap Solar Hybrid,TX,523.7160084566613
2026,2,p62,SolarCycle,404599,Emerald Grove,TX,834.8741759171189
2026,2,p62,SolarCycle,403004,Lapetus,TX,714.2084883445763
2026,2,p62,SolarCycle,403280,Oberon IA,TX,497.2830349529319
2026,2,p62,SolarCycle,403279,Oberon IB,TX,1383.7652172031524
2026,2,p62,SolarCycle,403602,Oxy Renewable Energy-Goldsmith,TX,1162.1808137700025
2026,2,p62,SolarCycle,402679,Phoebe Solar,TX,506.00554258803857
2026,2,p62,SolarCycle,403177,Prospero Solar,TX,496.7330200211215
2026,2,p62,SolarCycle,404128,Prospero Solar II,TX,861.0139523568812
2026,2,p62,SolarCycle,403070,"Roadrunner, LLC",TX,499.4223883473256
2026,2,p62,SolarCycle,401805,Upton County Solar,TX,520.064164244383
2026,2,p62,SolarCycle,402995,West of the Pecos Solar,TX,668.3938594557675
2026,2,p63,OkonRecycling,404966,BPL Files Solar,TX,1004.4978778288827
2026,2,p63,OkonRecycling,403825,Briar Creek Solar 1,TX,1065.3996120427678
2026,2,p63,OkonRecycling,402610,Chisum,TX,33881.03005166676
2026,2,p63,OkonRecycling,401697,CoServ Community Solar Station,TX,15058.152337119249
2026,2,p63,OkonRecycling,403188,Coniglio Solar,TX,1055.0347846850198
2026,2,p63,OkonRecycling,406415,Dileo Solar,TX,4123.137711237909
2026,2,p63,OkonRecycling,406221,Eiffel Solar Project,TX,1269.8715168668107
2026,2,p63,OkonRecycling,405540,"Ellis Solar, LLC",TX,825.6211593984767
2026,2,p63,OkonRecycling,403823,Elm Branch Solar 1,TX,1337.8065442476386
2026,2,p63,OkonRecycling,406206,Five Wells Solar Center - Hybrid,TX,980.8256807911447
2026,2,p63,OkonRecycling,404567,G.S.E. One LLC,TX,5370.138605783277
2026,2,p63,OkonRecycling,403288,Griffin Solar,TX,122930.28113445928
2026,2,p63,OkonRecycling,406202,Grizzly Ridge Solar,TX,1848.7720749513378
2026,2,p63,OkonRecycling,405319,IKEA Grand Prairie Rooftop PV System,TX,15673.73385358334
2026,2,p63,OkonRecycling,405689,"IP Radian, LLC",TX,2083.240043357194
2026,2,p63,OkonRecycling,403481,Impact Solar 1,TX,2008.7141916475484
2026,2,p63,OkonRecycling,403190,Kellam Solar,TX,7841.020834478837
2026,2,p63,OkonRecycling,403874,Lily Solar Hybrid,TX,826.2768020019
2026,2,p63,OkonRecycling,405794,Noble Solar,TX,788.1302929975637
2026,2,p63,OkonRecycling,402405,North Gainesville Solar,TX,41047.18362902087
2026,2,p63,OkonRecycling,401933,Phantom Solar,TX,28416.397503287484
2026,2,p63,OkonRecycling,404872,"Pisgah Ridge Solar, LLC",TX,975.0953622731809
2026,2,p63,OkonRecycling,406416,Pitts Dudik Solar,TX,2044.109757073227
2026,2,p63,OkonRecycling,403189,Rippey Solar,TX,6786.073068830309
2026,2,p63,OkonRecycling,404630,"Samson Solar Energy III, LLC",TX,1271.1607711660984
2026,2,p63,OkonRecycling,402652,Sterling Solar (TX),TX,10453.965276856128
2026,2,p63,OkonRecycling,404812,Sun Valley Solar Project,TX,1264.0459449491602
2026,2,p63,OkonRecycling,403457,"TPE Whitney Solar, LLC",TX,43833.42500666867
2026,2,p63,OkonRecycling,405361,Toyota HQ Plan,TX,2676.006865949776
2026,2,p63,OkonRecycling,405907,Verizon Hidden Ridge Solar Project,TX,2853.4147925360317
2026,2,p63,OkonRecycling,405984,Waco Solar,TX,809.4464576960212
2026,2,p63,OkonRecycling,402306,Walnut Springs Solar,TX,49350.05456189465
2026,2,p63,OkonRecycling,402497,West Moore Solar II,TX,9092.795432812263
2026,2,p63,OkonRecycling,402330,Whitesboro Solar,TX,11399.302673652586
2026,2,p63,OkonRecycling,402331,Whitesboro Solar II,TX,10108.550590366514
2026,2,p63,OkonRecycling,402414,Whitewright Solar,TX,5686.674240195772
2026,2,p63,OkonRecycling,402654,Yellow Jacket,TX,51025.52188459803
2026,2,p64,OkonRecycling,405731,Austin TX GigaFactory,TX,110377.11595847648
2026,2,p64,OkonRecycling,404721,"Blue Jay Solar I, LLC",TX,1616.6037198619936
2026,2,p64,OkonRecycling,402389,"E-Volve Energy Holdings, LLC",TX,152357.46655220774
2026,2,p64,OkonRecycling,400227,East Blackland Solar Project 1,TX,4365.780171671636
2026,2,p64,OkonRecycling,405101,IKEA Round Rock 027,TX,99306.31639578487
2026,2,p64,SolarCycle,402653,Lampwick,TX,82472.88895248329
2026,2,p64,OkonRecycling,405613,Niagara Bottling - Seguin,TX,161569.5650236889
2026,2,p64,OkonRecycling,400249,Webberville Solar Project,TX,7247.933001890399
2026,2,p65,OkonRecycling,405700,Aktina Solar,TX,13653.736722957046
2026,2,p65,OkonRecycling,405727,Bernard Creek Solar,TX,16313.364744190367
2026,2,p65,OkonRecycling,405477,Brightside,TX,158043.62531619612
2026,2,p65,OkonRecycling,402656,Cascade Solar (TX),TX,654430.6932263183
2026,2,p65,OkonRecycling,404359,FELPS 1-Calaveras,TX,20331415.19824672
2026,2,p65,OkonRecycling,404361,FELPS 2-Calaveras,TX,6777249.273955093
2026,2,p65,OkonRecycling,404739,FELPS 6- Floresville West,TX,6898468.708650938
2026,2,p65,OkonRecycling,404740,FELPS 7- Floresville West,TX,10344161.369113056
2026,2,p65,SolarCycle,405801,Horizon Solar,TX,22214.6287193475
2026,2,p65,OkonRecycling,405380,IKEA Live Oak Rooftop PV System,TX,5506688.269105716
2026,2,p65,SolarCycle,403343,Mars Solar,TX,726998.376777464
2026,2,p65,OkonRecycling,404877,Nebula Solar,TX,54282.835610170994
2026,2,p65,OkonRecycling,400694,"OCI Alamo 2, LLC",TX,873151.823801981
2026,2,p65,OkonRecycling,400965,"OCI Alamo 3, LLC",TX,3471658.9834311274
2026,2,p65,SolarCycle,400966,"OCI Alamo 5, LLC",TX,40016.31778098787
2026,2,p65,OkonRecycling,400593,OCI Alamo Solar I Hybrid,TX,501306.4392516686
2026,2,p65,SolarCycle,405809,Shakes Solar,TX,27218.349303015624
2026,2,p65,OkonRecycling,405545,Sparta Solar,TX,31562.769424379574
2026,2,p65,OkonRecycling,400379,"SunE CPS1, LLC",TX,690357.6246648974
2026,2,p65,OkonRecycling,400364,"SunE CPS2, LLC",TX,2075924.8816379346
2026,2,p65,OkonRecycling,400353,"SunE CPS3, LLC",TX,496276.9211031513
2026,2,p65,OkonRecycling,406032,Tres Bahias,TX,22915.816589593782
2026,2,p67,OkonRecycling,404939,Brazoria County Solar Project (Danciger),TX,12655.73241602978
2026,2,p67,OkonRecycling,404681,Brazoria West,TX,4548.804685080956
2026,2,p67,OkonRecycling,404587,Fighting Jays Solar Project,TX,3897.922312500458
2026,2,p67,OkonRecycling,405564,"Fort Bend Solar, LLC",TX,5039.373457990042
2026,2,p67,OkonRecycling,403514,Wagyu,TX,20978.687469511235
2026,3,p12,ComstockMetals,402144,Battle Mountain Solar Project,NV,3833.4503411962783
2026,3,p12,ComstockMetals,405025,Brady,NV,1229.8293944162538
2026,3,p12,ComstockMetals,405553,Dodge Flat,NV,427.18080821309997
2026,3,p12,ComstockMetals,402609,"EGP Stillwater Solar PV II, LLC",NV,4756.978006204581
2026,3,p12,ComstockMetals,404659,Fish Springs,NV,688.4973969259114
2026,3,p12,ComstockMetals,401086,Ft. Churchill PV,NV,780.5024692988627
2026,3,p12,ComstockMetals,405028,Galena 2 Geothermal Power Plant,NV,2658.4725257750306
2026,3,p12,ComstockMetals,403107,NVSS-II,NV,47810.237879888875
2026,3,p12,ComstockMetals,400468,"Patua Acquisition Project, LLC",NV,2071.8784901503786
2026,3,p12,ComstockMetals,405021,Steamboat Hills LP,NV,3806.782863912994
2026,3,p12,ComstockMetals,405023,Steamboat II,NV,1718.3235726939774
2026,3,p12,ComstockMetals,405024,Steamboat III,NV,1595.2722636283322
2026,3,p12,ComstockMetals,400029,Stillwater Facility,NV,1741.7571144231
2026,3,p12,ComstockMetals,401318,Sunshine Valley Solar,NV,3345.9023301115753
2026,3,p12,ComstockMetals,405026,TS Power Plant,NV,2436.115641271349
2026,3,p12,ComstockMetals,405576,Tesla Reno GigaFactory,NV,966.1751404851314
2026,3,p12,ComstockMetals,401943,Tungsten Mountain,NV,27840.015922467563
2026,3,p12,ComstockMetals,403308,Turquoise Liberty Solar,NV,1322.1549969120658
2026,3,p12,ComstockMetals,403884,"Turquoise Nevada, LLC",NV,572.9663861861676
2026,3,p12,ComstockMetals,400035,Western 102 Power Plant,NV,5797.1558571286205
2026,3,p13,WeRecycleSolar,400555,Apex Solar PV Power Project,NV,22039.950822705177
2026,3,p13,WeRecycleSolar,405385,Arrow Canyon Solar Hybrid,NV,1651.7894639789217
2026,3,p13,WeRecycleSolar,400059,CM10,NV,154035.98794197355
2026,3,p13,WeRecycleSolar,400086,CM48,NV,16379.044544679487
2026,3,p13,WeRecycleSolar,400363,Copper Mountain Solar 2,NV,10339.17149875855
2026,3,p13,WeRecycleSolar,400802,Copper Mountain Solar 3,NV,6515.179375402954
2026,3,p13,WeRecycleSolar,403688,"Copper Mountain Solar 5, LLC",NV,6512.389057483751
2026,3,p13,WeRecycleSolar,405355,Dignity - Siena Campus,NV,585208.5327988825
2026,3,p13,WeRecycleSolar,405556,Dry Lake Solar Energy Center,NV,4235.944757998184
2026,3,p13,WeRecycleSolar,405495,Gemini Solar,NV,1223.7191160250884
2026,3,p13,WeRecycleSolar,403386,"Harry Allen Solar Energy, LLC",NV,3866.6095208358756
2026,3,p13,WeRecycleSolar,406090,IGS LAS1,NV,817800.557896623
2026,3,p13,WeRecycleSolar,406089,IGS VGT,NV,854667.0653701721
2026,3,p13,WeRecycleSolar,405309,IKEA Las Vegas 462,NV,1702662.5607248733
2026,3,p13,WeRecycleSolar,400545,Las Vegas WPCF Solar Plant,NV,251887.019784919
2026,3,p13,WeRecycleSolar,400600,Mountain View Solar,NV,86711.42241744064
2026,3,p13,WeRecycleSolar,401274,River Mountains Solar,NV,55893.55361481815
2026,3,p13,WeRecycleSolar,401042,Searchlight Solar,NV,41196.16094813546
2026,3,p13,WeRecycleSolar,400166,Silver State Solar Power North,NV,15674.957752276328
2026,3,p13,WeRecycleSolar,400658,Silver State Solar Power South,NV,1982.2132042289472
2026,3,p13,WeRecycleSolar,405246,"Solar Las Vegas MB 2, LLC",NV,560422.8401499199
2026,3,p13,WeRecycleSolar,405188,Solar Las Vegas MB-1,NV,171944.4619528241
2026,3,p13,WeRecycleSolar,402691,"Techren Solar III, LLC",NV,62328.0409811009
2026,3,p13,WeRecycleSolar,402692,"Techren Solar IV, LLC",NV,62571.21309316347
2026,3,p13,WeRecycleSolar,401851,Townsite Solar Project Hybrid,NV,10141.070774519365
2026,3,p13,WeRecycleSolar,404971,Yellow Pine Solar,NV,5303.597815634005
2026,3,p27,WeRecycleSolar,400374,"Black Mountain Solar, LLC",AZ,8909.591770843084
2026,3,p27,WeRecycleSolar,402236,Gray Hawk Solar,AZ,5600.359100856917
2026,3,p27,WeRecycleSolar,401819,Jacobson 5 MW Solar,AZ,55184.071017387185
2026,3,p27,WeRecycleSolar,403718,Mohave Electric Cooperative at Joy Lane,AZ,25660.58073819058
2026,3,p27,WeRecycleSolar,406478,Mohave Energy - Hybrid,AZ,14723.641650765281
2026,3,p28,WeRecycleSolar,405418,AZ State University - Tempe Campus Solar,AZ,11351.284695598712
2026,3,p28,WeRecycleSolar,400148,Agua Caliente Solar Project,AZ,1342.1949567991087
2026,3,p28,FabTechSolar,402067,Apache Solar 1,AZ,43113.90255994069
2026,3,p28,WeRecycleSolar,400274,Arizona Western College PV,AZ,54563.133112939606
2026,3,p28,WeRecycleSolar,400240,Arlington Valley Solar Energy II,AZ,1476.4448044986202
2026,3,p28,WeRecycleSolar,400437,Badger 1,AZ,9327.450238121899
2026,3,p28,FabTechSolar,401688,Bonnybrooke PV,AZ,2238.05619893351
2026,3,p28,WeRecycleSolar,400371,Buckeye Union HS District 201,AZ,27584.77709167887
2026,3,p28,FabTechSolar,405635,"Central Line Solar, LLC",AZ,1073.1703188519125
2026,3,p28,WeRecycleSolar,400201,Chino Solar Valley,AZ,7762.165205492688
2026,3,p28,WeRecycleSolar,401069,Desert Star Hybrid,AZ,22467.86732147824
2026,3,p28,FabTechSolar,403257,East Line Solar,AZ,1412.3870754579086
2026,3,p28,FabTechSolar,406171,Eleven Mile Solar Center,AZ,1033.873045484401
2026,3,p28,WeRecycleSolar,400349,Foothills Solar Plant Hybrid,AZ,6497.0638178544405
2026,3,p28,FabTechSolar,400825,Fort Huachuca Solar PV Project,AZ,13184.257614295466
2026,3,p28,WeRecycleSolar,400845,Gila Bend Hybrid,AZ,4817.527395752777
2026,3,p28,FabTechSolar,400599,"Gilbert Solar Facility I, LLC",AZ,13707.705069464495
2026,3,p28,WeRecycleSolar,400204,Hyder Solar Hybrid,AZ,31005.78836325559
2026,3,p28,FabTechSolar,405282,Intel - Ocotillo Campus Solar,AZ,3629.851526180933
2026,3,p28,WeRecycleSolar,405125,Jewish Community Center PV,AZ,26096.674817125855
2026,3,p28,WeRecycleSolar,402234,Kayenta Solar Project,AZ,28689.62650451666
2026,3,p28,WeRecycleSolar,400128,Luke Solar,AZ,10634.72413570934
2026,3,p28,WeRecycleSolar,405068,Macys Goodyear,AZ,13579.388308414844
2026,3,p28,WeRecycleSolar,406279,McFarland A Solar and Storage,AZ,3123.154597004698
2026,3,p28,FabTechSolar,405617,Mesa Carport PV,AZ,4128.5494500100785
2026,3,p28,FabTechSolar,404512,Mesa Solar Array,AZ,8923.425244657485
2026,3,p28,WeRecycleSolar,400250,Mesquite Solar 1,AZ,699.0752001844309
2026,3,p28,WeRecycleSolar,401621,"Mesquite Solar 2, LLC",AZ,3445.9646145546544
2026,3,p28,WeRecycleSolar,401622,"Mesquite Solar 3, LLC",AZ,1426.0538284293086
2026,3,p28,WeRecycleSolar,406038,"Mesquite Solar 4, LLC",AZ,6223.095236922783
2026,3,p28,WeRecycleSolar,404922,"Mesquite Solar 5, LLC",AZ,5435.318568452913
2026,3,p28,WeRecycleSolar,403572,OE_AZ1,AZ,9306.705130411377
2026,3,p28,WeRecycleSolar,400203,Paloma Solar Hybrid,AZ,16211.47830900665
2026,3,p28,WeRecycleSolar,405126,Paradise Valley H.S. PV,AZ,22619.45163227238
2026,3,p28,WeRecycleSolar,405150,Phoenix Airport East Economy Lot,AZ,30424.226747553377
2026,3,p28,WeRecycleSolar,405151,Phoenix Airport Rental Car Center,AZ,1581.404392957064
2026,3,p28,FabTechSolar,400125,"Poseidon Solar, LLC",AZ,6293.505359837155
2026,3,p28,WeRecycleSolar,400031,Prescott Airport,AZ,60196.07241010551
2026,3,p28,WeRecycleSolar,400401,Prescott Solar Plant,AZ,26519.04583676381
2026,3,p28,FabTechSolar,400323,Queen Creek Solar Farm,AZ,3490.740846328096
2026,3,p28,WeRecycleSolar,400289,"RE Bagdad Solar I, LLC",AZ,21187.753414914896
2026,3,p28,WeRecycleSolar,400416,Saddle Mountain Solar I,AZ,26866.370643536477
2026,3,p28,FabTechSolar,403674,Saint Solar,AZ,1091.1925180261853
2026,3,p28,FabTechSolar,401214,Sandstone Solar,AZ,2122.0346910457556
2026,3,p28,WeRecycleSolar,406275,Sonoran Solar Energy,AZ,527.7932250141434
2026,3,p28,FabTechSolar,406034,Storey Solar and Storage,AZ,1991.0425431482777
2026,3,p28,WeRecycleSolar,403643,Sun Streams 2,AZ,2204.4802439217997
2026,3,p28,WeRecycleSolar,406517,Sun Streams 3,AZ,1637.0108961346118
2026,3,p28,WeRecycleSolar,401975,"Sun Streams, LLC",AZ,834.7508057925492
2026,3,p28,WeRecycleSolar,405311,T0588 Phoenix - AZ,AZ,21389.718089331735
2026,3,p28,FabTechSolar,405134,Union HS at Casa Grande,AZ,92846.7864748561
2026,3,p28,FabTechSolar,405135,Vista Grande HS at Casa Grande,AZ,40468.43054961566
2026,3,p28,FabTechSolar,400334,Walmart Casa Grande,AZ,22448.967927745987
2026,3,p28,FabTechSolar,406098,"West Line Solar, LLC",AZ,1073.4778419225465
2026,3,p29,FabTechSolar,400014,Springerville,AZ,29031.934060998603
2026,3,p30,FabTechSolar,405143,Actus Lend Lease DMAFB,AZ,51378.130487957584
2026,3,p30,FabTechSolar,405611,Amazon TUS2,AZ,124664.00991650084
2026,3,p30,FabTechSolar,400939,Avalon Solar,AZ,6093.173394525792
2026,3,p30,FabTechSolar,401479,Avalon Solar II,AZ,10642.730950067382
2026,3,p30,FabTechSolar,400226,Avra Valley Solar,AZ,9125.644844161443
2026,3,p30,FabTechSolar,404704,Broadway 2 - Tucson Phase II,AZ,87230.38032658305
2026,3,p30,FabTechSolar,401295,Davis Monthan AFB (AZ) West Airfield,AZ,12651.346534446064
2026,3,p30,FabTechSolar,400761,"Gato Montes Solar, LLC",AZ,22389.796078485077
2026,3,p30,FabTechSolar,404536,Iron Horse Battery Storage Hybrid,AZ,83009.25635681451
2026,3,p30,FabTechSolar,400552,"Picture Rocks Solar, LLC",AZ,2360.003578305301
2026,3,p30,FabTechSolar,405374,Pima Community College,AZ,290201.80788312585
2026,3,p30,FabTechSolar,405303,Pima Community College - East Campus,AZ,58812.97166332269
2026,3,p30,FabTechSolar,405516,Pima Community College NW,AZ,40604.89689423964
2026,3,p30,FabTechSolar,404926,Raptor Ridge,AZ,25657.42248557774
2026,3,p30,FabTechSolar,400857,Rio Rico Solar,AZ,37010.946910206774
2026,3,p30,FabTechSolar,401076,Tech Park Solar,AZ,65291.1415389414
2026,3,p30,FabTechSolar,400156,UASTP I,AZ,92543.9949077493
2026,3,p30,FabTechSolar,401075,Valencia Solar,AZ,7408.491581597428
2026,3,p30,FabTechSolar,404187,"Wilmot Energy Center, LLC",AZ,1691.9859812070065
2026,3,p31,SolarCycle,400211,Alamogordo Solar Energy Center,NM,155262.14945772995
2026,3,p31,FabTechSolar,400206,Albuquerque Solar Energy Center,NM,823607.5040222344
2026,3,p31,SolarCycle,403675,Alcalde Solar Array,NM,1533048.6576782996
2026,3,p31,FabTechSolar,405469,Arroyo Solar Energy Storage Hybrid,NM,3815.7735354588913
2026,3,p31,FabTechSolar,403321,Bluewater CDEC 1,NM,1091417.8268073564
2026,3,p31,SolarCycle,402876,CNMEC Solar Energy Center,NM,749394.9872359976
2026,3,p31,SolarCycle,402519,Carrizozo Solar,NM,196800.409347569
2026,3,p31,FabTechSolar,401202,Cibola,NM,196344.1729188247
2026,3,p31,FabTechSolar,402988,City of Gallup Solar,NM,294500.33886965597
2026,3,p31,FabTechSolar,403604,City of Rio Rancho WWTP,NM,885010.9610287809
2026,3,p31,FabTechSolar,401225,City of Truth or Consequences PV,NM,696538.778352117
2026,3,p31,FabTechSolar,400209,Deming Solar Energy Center,NM,278971.0736559058
2026,3,p31,FabTechSolar,403868,Encino Solar Energy Center,NM,29593.170708239362
2026,3,p31,FabTechSolar,401038,Eubank Landfill Solar Array,NM,1650238.8143484304
2026,3,p31,FabTechSolar,402443,Facebook 3 Solar Energy Center,NM,78571.47192147422
2026,3,p31,FabTechSolar,400216,"Hatch Solar Energy Center I, LLC",NM,541981.7755717728
2026,3,p31,SolarCycle,401617,Holloman Solar Facility,NM,155707.40683177995
2026,3,p31,FabTechSolar,406109,"Jicarilla Solar 1, LLC",NM,33713.59813830837
2026,3,p31,SolarCycle,400427,Kit Carson,NM,3093713.303011408
2026,3,p31,SolarCycle,400210,Las Vegas Solar Energy Center,NM,210313.49651707677
2026,3,p31,SolarCycle,400434,Los Alamos PV Site,NM,1218778.4399654912
2026,3,p31,FabTechSolar,400207,Los Lunas Solar Energy Center,NM,148791.40499922007
2026,3,p31,FabTechSolar,400838,Macho Springs,NM,10299.779919098775
2026,3,p31,FabTechSolar,400582,Manzano Solar,NM,132143.32610792996
2026,3,p31,SolarCycle,401201,Meadow Lake Solar Energy Center,NM,118007.7578554742
2026,3,p31,SolarCycle,405693,NMSU Solar and Storage,NM,874517.5175085712
2026,3,p31,FabTechSolar,406375,OE_ESCL,NM,3015.143698295224
2026,3,p31,SolarCycle,400146,Questa Solar Facility,NM,1956511.148819091
2026,3,p31,FabTechSolar,403178,"RC Energy AA, LLC Solar Facility",NM,3317141.3741181083
2026,3,p31,FabTechSolar,401566,Rio Communities Solar Energy Center,NM,104188.85358072625
2026,3,p31,FabTechSolar,403084,Rio De Oro Solar Energy Center,NM,157014.98283488376
2026,3,p31,FabTechSolar,400624,Rio Rancho High School,NM,1642651.5316062444
2026,3,p31,FabTechSolar,404648,"Route 66 Energy Center, LLC",NM,55755.89479229482
2026,3,p31,SolarCycle,403387,San Miguel I Solar Energy Center,NM,313625.67029871774
2026,3,p31,SolarCycle,405458,San Miguel II Solar Energy Center,NM,104851.42852467323
2026,3,p31,FabTechSolar,401161,Sandoval Solar Energy Center,NM,527127.8516295829
2026,3,p31,SolarCycle,401564,Santa Fe Solar Energy Center,NM,179499.5622182249
2026,3,p31,FabTechSolar,400596,Silver City WWTP PV Project,NM,2122114.4812327875
2026,3,p31,FabTechSolar,401563,South Valley Solar Energy Center,NM,106255.17467277605
2026,3,p31,SolarCycle,401162,Springer Solar 1,NM,768787.0977733311
2026,3,p31,SolarCycle,400735,Storrie Lake Solar Project,NM,1050266.8501504036
2026,3,p31,FabTechSolar,400623,Sue Cleveland High School,NM,1656453.4007554806
2026,3,p31,SolarCycle,400343,"SunE EPE1, LLC",NM,237963.63172920913
2026,3,p31,SolarCycle,402854,Syncarpha Eagle Nest,NM,3716478.2234299653
2026,3,p31,SolarCycle,403412,Syncarpha El Rito,NM,1207981.324990998
2026,3,p31,SolarCycle,403413,Syncarpha Questa,NM,2478458.1063931193
2026,3,p31,SolarCycle,403411,Syncarpha Taos,NM,1199945.0517410298
2026,3,p31,SolarCycle,404618,Taos Mesa Energy Facility Hybrid,NM,250821.45230181236
2026,3,p31,FabTechSolar,403011,Vista Solar Energy Center,NM,105697.72386860724
2026,3,p31,SolarCycle,400354,WSMR I,NM,539514.8648660857
2026,3,p47,SolarCycle,400614,GSE NM1,NM,434694.83800192585
2026,3,p47,SolarCycle,404982,Hayhurst New Mexico Solar,NM,18011.15472240415
2026,3,p47,SolarCycle,402530,Middle Daisy,NM,48944.73814010086
2026,3,p47,SolarCycle,400546,SEV NM Phase 2,NM,580673.0575355791
2026,3,p47,SolarCycle,400260,SPS1 Dollarhide,NM,16869.990329057448
2026,3,p47,SolarCycle,400261,SPS2 Jal,NM,18198.219148475706
2026,3,p47,SolarCycle,400262,SPS3 Lea,NM,26467.01266781835
2026,3,p47,SolarCycle,400264,SPS5 Hopi,NM,57900.666581692785
2026,3,p47,SolarCycle,404698,SoCore Clovis 1,NM,305770.59404202097
2026,3,p48,SolarCycle,406439,"BESSP1, LLC",TX,149265.05197850562
2026,3,p57,OkonRecycling,404918,"Hecate Energy Upshur Rural, LLC",TX,34137.191810877404
2026,3,p59,SolarCycle,402666,Fort Bliss (DEA EPIC),TX,147961.64080709664
2026,3,p59,SolarCycle,401045,Newman Solar,TX,19573.367005538577
2026,3,p60,SolarCycle,403962,"ANSON Solar Center, LLC",TX,1609.8055379432765
2026,3,p60,OkonRecycling,403883,Azure Sky Solar,TX,1240.9533475101193
2026,3,p60,SolarCycle,403232,"ENGIE Long Draw Solar, LLC",TX,1969.3296845745185
2026,3,p60,SolarCycle,406252,Highpeak Solar 1,TX,36527.78087536228
2026,3,p60,SolarCycle,402721,Holstein 1 Solar Farm,TX,1134.3755621606829
2026,3,p60,SolarCycle,405492,Juno Solar Project,TX,1584.716301422915
2026,3,p60,SolarCycle,402541,Lamesa II,TX,1920.5642962121024
2026,3,p60,SolarCycle,401660,Lamesa Solar,TX,1146.4840390987226
2026,3,p60,SolarCycle,405932,Lumina II Solar Project,TX,1237.1480669169882
2026,3,p60,SolarCycle,405933,Lumina Solar Project,TX,1179.2134275679362
2026,3,p60,SolarCycle,402909,Misae Solar,TX,2494.613913051877
2026,3,p60,OkonRecycling,400968,"OCI Alamo 7, LLC",TX,2769.126943880694
2026,3,p60,SolarCycle,405939,Texas Solar Nova 1,TX,1197.511245929727
2026,3,p61,SolarCycle,400967,Alamo 6,TX,1826.8932394618737
2026,3,p61,SolarCycle,403557,Aragorn Solar Project,TX,1303.517171595032
2026,3,p61,SolarCycle,400691,Barilla Solar,TX,4158.741250426694
2026,3,p61,SolarCycle,401946,Bluebell Solar,TX,1997.1441233158394
2026,3,p61,SolarCycle,403574,Bluebell Solar II,TX,1090.315617585549
2026,3,p61,SolarCycle,400554,"Bryan Solar, LLC",TX,26211.345789938085
2026,3,p61,SolarCycle,401463,Buckthorn Westex,TX,571.4798201065793
2026,3,p61,SolarCycle,401703,East Pecos Solar,TX,722.7749145910188
2026,3,p61,SolarCycle,405363,Galloway 1 Solar Farm,TX,933.8763796146645
2026,3,p61,SolarCycle,405494,Galloway 2 Solar Farm,TX,3981.489500289012
2026,3,p61,SolarCycle,403210,Greasewood,TX,595.0968786111179
2026,3,p61,SolarCycle,406370,Hayhurst Texas Solar,TX,5800.772630711745
2026,3,p61,SolarCycle,402304,Midway Solar-TX,TX,833.1950929193941
2026,3,p61,SolarCycle,400695,"OCI Alamo 4, LLC",TX,2751.8153440288124
2026,3,p61,SolarCycle,401868,Pearl Solar,TX,1421.1936126431153
2026,3,p61,SolarCycle,402290,RE Maplewood,TX,612.4394672944443
2026,3,p61,SolarCycle,401430,RE Roserock,TX,676.286697199215
2026,3,p61,SolarCycle,402848,Rambler,TX,747.1845050485358
2026,3,p61,SolarCycle,402083,Solaire Holman Solar Project,TX,6576.024689577377
2026,3,p61,SolarCycle,403023,"Taygete Energy Project, LLC",TX,626.9805938512238
2026,3,p61,SolarCycle,404647,Taygete II Energy Project,TX,610.3723254539361
2026,3,p61,SolarCycle,403551,Titan Solar Project,TX,1029.5942899826346
2026,3,p61,SolarCycle,406103,Zier Solar,TX,2119.686817764939
2026,3,p62,SolarCycle,403502,2W Permian Solar Project Hybrid,TX,427.1467956705304
2026,3,p62,SolarCycle,403697,CED Crane Solar,TX,764.6870539908108
2026,3,p62,SolarCycle,401525,Castle Gap Solar Hybrid,TX,554.6450105708263
2026,3,p62,SolarCycle,404599,Emerald Grove,TX,660.9245055502714
2026,3,p62,SolarCycle,403004,Lapetus,TX,651.366790675661
2026,3,p62,SolarCycle,403280,Oberon IA,TX,497.2830349529319
2026,3,p62,SolarCycle,403279,Oberon IB,TX,1383.7652172031524
2026,3,p62,SolarCycle,403602,Oxy Renewable Energy-Goldsmith,TX,1924.3616275400047
2026,3,p62,SolarCycle,402679,Phoebe Solar,TX,479.50415694102884
2026,3,p62,SolarCycle,403177,Prospero Solar,TX,496.7330200211215
2026,3,p62,SolarCycle,404128,Prospero Solar II,TX,861.0139523568812
2026,3,p62,SolarCycle,403070,"Roadrunner, LLC",TX,499.4223883473256
2026,3,p62,SolarCycle,401805,Upton County Solar,TX,520.064164244383
2026,3,p62,SolarCycle,402995,West of the Pecos Solar,TX,668.3938594557675
2026,3,p63,OkonRecycling,405599,"BPL Crown Solar, LLC",TX,2088.6556871170183
2026,3,p63,OkonRecycling,404966,BPL Files Solar,TX,1004.4978778288827
2026,3,p63,OkonRecycling,403825,Briar Creek Solar 1,TX,1730.7992240855353
2026,3,p63,OkonRecycling,401697,CoServ Community Solar Station,TX,19944.203116159
2026,3,p63,OkonRecycling,403188,Coniglio Solar,TX,1218.7934808562745
2026,3,p63,OkonRecycling,406415,Dileo Solar,TX,4123.137711237909
2026,3,p63,OkonRecycling,406221,Eiffel Solar Project,TX,1704.8072753002164
2026,3,p63,OkonRecycling,405540,"Ellis Solar, LLC",TX,932.0264492480958
2026,3,p63,OkonRecycling,403823,Elm Branch Solar 1,TX,1337.8065442476386
2026,3,p63,OkonRecycling,406206,Five Wells Solar Center - Hybrid,TX,980.8256807911447
2026,3,p63,OkonRecycling,404567,G.S.E. One LLC,TX,2885.069302891638
2026,3,p63,OkonRecycling,403288,Griffin Solar,TX,61665.14056722963
2026,3,p63,OkonRecycling,406202,Grizzly Ridge Solar,TX,2814.620124918897
2026,3,p63,OkonRecycling,405319,IKEA Grand Prairie Rooftop PV System,TX,8885.40769643519
2026,3,p63,OkonRecycling,405689,"IP Radian, LLC",TX,2083.240043357194
2026,3,p63,OkonRecycling,403481,Impact Solar 1,TX,1472.4761277650323
2026,3,p63,OkonRecycling,403190,Kellam Solar,TX,7841.020834478837
2026,3,p63,OkonRecycling,402421,Leon Solar,TX,9748.21253008215
2026,3,p63,OkonRecycling,403874,Lily Solar Hybrid,TX,826.2768020019
2026,3,p63,OkonRecycling,402404,Marlin Solar,TX,65018.25062281718
2026,3,p63,OkonRecycling,405794,Noble Solar,TX,788.1302929975637
2026,3,p63,OkonRecycling,402405,North Gainesville Solar,TX,27498.122419347248
2026,3,p63,OkonRecycling,401933,Phantom Solar,TX,11606.559001314996
2026,3,p63,OkonRecycling,404872,"Pisgah Ridge Solar, LLC",TX,1262.643043409771
2026,3,p63,OkonRecycling,406416,Pitts Dudik Solar,TX,4510.274392683066
2026,3,p63,OkonRecycling,403189,Rippey Solar,TX,3593.036534415154
2026,3,p63,OkonRecycling,404630,"Samson Solar Energy III, LLC",TX,1271.1607711660984
2026,3,p63,OkonRecycling,404812,Sun Valley Solar Project,TX,2128.0918898983205
2026,3,p63,OkonRecycling,403457,"TPE Whitney Solar, LLC",TX,11258.356251667166
2026,3,p63,OkonRecycling,405361,Toyota HQ Plan,TX,4041.6109855196423
2026,3,p63,OkonRecycling,405907,Verizon Hidden Ridge Solar Project,TX,2853.4147925360317
2026,3,p63,OkonRecycling,405984,Waco Solar,TX,809.4464576960212
2026,3,p63,OkonRecycling,402497,West Moore Solar II,TX,10179.394861913794
2026,3,p63,OkonRecycling,402330,Whitesboro Solar,TX,8099.511871556812
2026,3,p63,OkonRecycling,402331,Whitesboro Solar II,TX,8166.840472293209
2026,3,p63,OkonRecycling,402414,Whitewright Solar,TX,4100.6719681370405
2026,3,p63,OkonRecycling,402654,Yellow Jacket,TX,20650.20875383921
2026,3,p64,OkonRecycling,405731,Austin TX GigaFactory,TX,165365.6739377147
2026,3,p64,OkonRecycling,404721,"Blue Jay Solar I, LLC",TX,1616.6037198619936
2026,3,p64,OkonRecycling,402389,"E-Volve Energy Holdings, LLC",TX,228336.19982831163
2026,3,p64,OkonRecycling,400227,East Blackland Solar Project 1,TX,1721.9267238905456
2026,3,p64,OkonRecycling,405101,IKEA Round Rock 027,TX,132275.08852771317
2026,3,p64,SolarCycle,402653,Lampwick,TX,20918.222238120823
2026,3,p64,OkonRecycling,405613,Niagara Bottling - Seguin,TX,80984.78251184442
2026,3,p64,OkonRecycling,400249,Webberville Solar Project,TX,5535.949751417799
2026,3,p65,OkonRecycling,405700,Aktina Solar,TX,13653.736722957046
2026,3,p65,OkonRecycling,405727,Bernard Creek Solar,TX,20291.70593023796
2026,3,p65,OkonRecycling,405477,Brightside,TX,158043.62531619612
2026,3,p65,OkonRecycling,401728,CPS 1 Community Solar,TX,6527384.231241779
2026,3,p65,OkonRecycling,402656,Cascade Solar (TX),TX,1962492.0796789546
2026,3,p65,OkonRecycling,404359,FELPS 1-Calaveras,TX,10165907.59912336
2026,3,p65,OkonRecycling,404361,FELPS 2-Calaveras,TX,6777249.273955093
2026,3,p65,OkonRecycling,404739,FELPS 6- Floresville West,TX,20694606.125952817
2026,3,p65,OkonRecycling,404740,FELPS 7- Floresville West,TX,10344161.369113056
2026,3,p65,SolarCycle,405801,Horizon Solar,TX,109473.14359673751
2026,3,p65,OkonRecycling,405380,IKEA Live Oak Rooftop PV System,TX,2753544.134552858
2026,3,p65,SolarCycle,403343,Mars Solar,TX,581678.7014219711
2026,3,p65,OkonRecycling,404877,Nebula Solar,TX,135107.08902542747
2026,3,p65,OkonRecycling,400694,"OCI Alamo 2, LLC",TX,2182279.5595049527
2026,3,p65,OkonRecycling,400965,"OCI Alamo 3, LLC",TX,1736029.491715564
2026,3,p65,SolarCycle,400966,"OCI Alamo 5, LLC",TX,198481.58890493933
2026,3,p65,OkonRecycling,400593,OCI Alamo Solar I Hybrid,TX,167368.81308388952
2026,3,p65,SolarCycle,405809,Shakes Solar,TX,107673.39721206251
2026,3,p65,OkonRecycling,405545,Sparta Solar,TX,31562.769424379574
2026,3,p65,OkonRecycling,400379,"SunE CPS1, LLC",TX,690357.6246648974
2026,3,p65,OkonRecycling,400364,"SunE CPS2, LLC",TX,692241.6272126451
2026,3,p65,OkonRecycling,400353,"SunE CPS3, LLC",TX,992153.8422063024
2026,3,p65,OkonRecycling,406032,Tres Bahias,TX,56689.54147398445
2026,3,p67,OkonRecycling,404939,Brazoria County Solar Project (Danciger),TX,12655.73241602978
2026,3,p67,OkonRecycling,404681,Brazoria West,TX,4548.804685080956
2026,3,p67,OkonRecycling,404587,Fighting Jays Solar Project,TX,10893.766937501374
2026,3,p67,OkonRecycling,405564,"Fort Bend Solar, LLC",TX,3492.915638660028
2026,3,p67,OkonRecycling,403514,Wagyu,TX,20978.687469511235
2026,4,p12,ComstockMetals,402144,Battle Mountain Solar Project,NV,1544.483447065426
2026,4,p12,ComstockMetals,405025,Brady,NV,1229.8293944162538
2026,4,p12,ComstockMetals,405553,Dodge Flat,NV,424.1607184116444
2026,4,p12,ComstockMetals,402609,"EGP Stillwater Solar PV II, LLC",NV,4756.978006204581
2026,4,p12,ComstockMetals,404659,Fish Springs,NV,640.4144974382596
2026,4,p12,ComstockMetals,401086,Ft. Churchill PV,NV,780.5024692988627
2026,4,p12,ComstockMetals,405028,Galena 2 Geothermal Power Plant,NV,2658.4725257750306
2026,4,p12,ComstockMetals,400468,"Patua Acquisition Project, LLC",NV,2071.8784901503786
2026,4,p12,ComstockMetals,405021,Steamboat Hills LP,NV,3806.782863912994
2026,4,p12,ComstockMetals,405023,Steamboat II,NV,1718.3235726939774
2026,4,p12,ComstockMetals,405024,Steamboat III,NV,1595.2722636283322
2026,4,p12,ComstockMetals,400029,Stillwater Facility,NV,1741.7571144231
2026,4,p12,ComstockMetals,401318,Sunshine Valley Solar,NV,6291.804660223152
2026,4,p12,ComstockMetals,405026,TS Power Plant,NV,4472.231282542699
2026,4,p12,ComstockMetals,405576,Tesla Reno GigaFactory,NV,966.1751404851314
2026,4,p12,ComstockMetals,401943,Tungsten Mountain,NV,27840.015922467563
2026,4,p12,ComstockMetals,403308,Turquoise Liberty Solar,NV,1322.1549969120658
2026,4,p12,ComstockMetals,403884,"Turquoise Nevada, LLC",NV,572.9663861861676
2026,4,p12,ComstockMetals,400035,Western 102 Power Plant,NV,5797.1558571286205
2026,4,p13,WeRecycleSolar,400555,Apex Solar PV Power Project,NV,29253.2677636069
2026,4,p13,WeRecycleSolar,405385,Arrow Canyon Solar Hybrid,NV,1651.7894639789217
2026,4,p13,WeRecycleSolar,400059,CM10,NV,51611.995980657855
2026,4,p13,WeRecycleSolar,400086,CM48,NV,32358.089089358964
2026,4,p13,WeRecycleSolar,400363,Copper Mountain Solar 2,NV,10339.17149875855
2026,4,p13,WeRecycleSolar,403688,"Copper Mountain Solar 5, LLC",NV,6512.389057483751
2026,4,p13,WeRecycleSolar,405358,Dignity - San Martin,NV,499256.72160572896
2026,4,p13,WeRecycleSolar,405355,Dignity - Siena Campus,NV,390272.3551992549
2026,4,p13,WeRecycleSolar,405556,Dry Lake Solar Energy Center,NV,4235.944757998184
2026,4,p13,WeRecycleSolar,405495,Gemini Solar,NV,1017.7893370188162
2026,4,p13,WeRecycleSolar,403386,"Harry Allen Solar Energy, LLC",NV,9066.523802089689
2026,4,p13,WeRecycleSolar,406089,IGS VGT,NV,569911.3769134481
2026,4,p13,WeRecycleSolar,405309,IKEA Las Vegas 462,NV,1702662.5607248733
2026,4,p13,WeRecycleSolar,400545,Las Vegas WPCF Solar Plant,NV,503374.039569838
2026,4,p13,WeRecycleSolar,400600,Mountain View Solar,NV,86711.42241744064
2026,4,p13,WeRecycleSolar,400036,Nellis Air Force Base Solar Array,NV,71491.25229100842
2026,4,p13,WeRecycleSolar,401319,"Playa Solar 1, LLC",NV,11281.659906128101
2026,4,p13,WeRecycleSolar,401274,River Mountains Solar,NV,111387.10722963631
2026,4,p13,WeRecycleSolar,401042,Searchlight Solar,NV,81992.32189627094
2026,4,p13,WeRecycleSolar,400658,Silver State Solar Power South,NV,2509.6176056385966
2026,4,p13,WeRecycleSolar,405246,"Solar Las Vegas MB 2, LLC",NV,373748.56009994657
2026,4,p13,WeRecycleSolar,405188,Solar Las Vegas MB-1,NV,343488.9239056482
2026,4,p13,WeRecycleSolar,402691,"Techren Solar III, LLC",NV,21042.68032703363
2026,4,p13,WeRecycleSolar,402692,"Techren Solar IV, LLC",NV,15942.803273290869
2026,4,p13,WeRecycleSolar,404971,Yellow Pine Solar,NV,5303.597815634005
2026,4,p27,WeRecycleSolar,400374,"Black Mountain Solar, LLC",AZ,13164.387656264626
2026,4,p27,WeRecycleSolar,402236,Gray Hawk Solar,AZ,2133.453033618973
2026,4,p27,WeRecycleSolar,401819,Jacobson 5 MW Solar,AZ,18661.35700579573
2026,4,p27,WeRecycleSolar,401311,Mohave Electric at Fort Mohave,AZ,14721.747340771437
2026,4,p27,WeRecycleSolar,406478,Mohave Energy - Hybrid,AZ,14723.641650765281
2026,4,p28,WeRecycleSolar,405418,AZ State University - Tempe Campus Solar,AZ,5875.642347799357
2026,4,p28,WeRecycleSolar,400148,Agua Caliente Solar Project,AZ,2284.389913598217
2026,4,p28,FabTechSolar,402067,Apache Solar 1,AZ,14637.96751998023
2026,4,p28,WeRecycleSolar,400274,Arizona Western College PV,AZ,81644.6996694094
2026,4,p28,WeRecycleSolar,400240,Arlington Valley Solar Energy II,AZ,2552.889608997241
2026,4,p28,WeRecycleSolar,400437,Badger 1,AZ,18254.900476243798
2026,4,p28,FabTechSolar,401688,Bonnybrooke PV,AZ,4076.1123978670194
2026,4,p28,WeRecycleSolar,400371,Buckeye Union HS District 201,AZ,27584.77709167887
2026,4,p28,FabTechSolar,405635,"Central Line Solar, LLC",AZ,1073.1703188519125
2026,4,p28,WeRecycleSolar,400201,Chino Solar Valley,AZ,7762.165205492688
2026,4,p28,WeRecycleSolar,401069,Desert Star Hybrid,AZ,22467.86732147824
2026,4,p28,FabTechSolar,403257,East Line Solar,AZ,2424.7741509158177
2026,4,p28,FabTechSolar,406171,Eleven Mile Solar Center,AZ,716.9365227422005
2026,4,p28,WeRecycleSolar,400349,Foothills Solar Plant Hybrid,AZ,24788.255271417765
2026,4,p28,FabTechSolar,400825,Fort Huachuca Solar PV Project,AZ,17445.676819060627
2026,4,p28,WeRecycleSolar,400845,Gila Bend Hybrid,AZ,4817.527395752777
2026,4,p28,FabTechSolar,400599,"Gilbert Solar Facility I, LLC",AZ,13707.705069464495
2026,4,p28,WeRecycleSolar,400204,Hyder Solar Hybrid,AZ,10601.929454418532
2026,4,p28,FabTechSolar,405282,Intel - Ocotillo Campus Solar,AZ,10089.554578542797
2026,4,p28,WeRecycleSolar,405125,Jewish Community Center PV,AZ,26096.674817125855
2026,4,p28,WeRecycleSolar,402234,Kayenta Solar Project,AZ,28689.62650451666
2026,4,p28,WeRecycleSolar,400128,Luke Solar,AZ,10634.72413570934
2026,4,p28,WeRecycleSolar,405068,Macys Goodyear,AZ,13579.388308414844
2026,4,p28,WeRecycleSolar,406279,McFarland A Solar and Storage,AZ,3123.154597004698
2026,4,p28,FabTechSolar,405617,Mesa Carport PV,AZ,7857.098900020158
2026,4,p28,FabTechSolar,404512,Mesa Solar Array,AZ,8923.425244657485
2026,4,p28,WeRecycleSolar,400250,Mesquite Solar 1,AZ,699.0752001844309
2026,4,p28,WeRecycleSolar,401621,"Mesquite Solar 2, LLC",AZ,3445.9646145546544
2026,4,p28,WeRecycleSolar,404922,"Mesquite Solar 5, LLC",AZ,5435.318568452913
2026,4,p28,WeRecycleSolar,403572,OE_AZ1,AZ,9306.705130411377
2026,4,p28,WeRecycleSolar,400203,Paloma Solar Hybrid,AZ,8305.739154503324
2026,4,p28,WeRecycleSolar,405126,Paradise Valley H.S. PV,AZ,33729.17744840857
2026,4,p28,WeRecycleSolar,405150,Phoenix Airport East Economy Lot,AZ,10408.075582517791
2026,4,p28,WeRecycleSolar,405151,Phoenix Airport Rental Car Center,AZ,1581.404392957064
2026,4,p28,FabTechSolar,400125,"Poseidon Solar, LLC",AZ,6293.505359837155
2026,4,p28,WeRecycleSolar,400031,Prescott Airport,AZ,179788.21723031654
2026,4,p28,FabTechSolar,400323,Queen Creek Solar Farm,AZ,3490.740846328096
2026,4,p28,WeRecycleSolar,400289,"RE Bagdad Solar I, LLC",AZ,21187.753414914896
2026,4,p28,FabTechSolar,406380,SR McNeal,AZ,52928.920935657785
2026,4,p28,WeRecycleSolar,400416,Saddle Mountain Solar I,AZ,13633.185321768236
2026,4,p28,FabTechSolar,403674,Saint Solar,AZ,1091.1925180261853
2026,4,p28,FabTechSolar,401214,Sandstone Solar,AZ,2122.0346910457556
2026,4,p28,WeRecycleSolar,405029,Solana Generating Station,AZ,1098.9608904122338
2026,4,p28,WeRecycleSolar,406275,Sonoran Solar Energy,AZ,591.6898375212152
2026,4,p28,FabTechSolar,406034,Storey Solar and Storage,AZ,1991.0425431482777
2026,4,p28,WeRecycleSolar,403643,Sun Streams 2,AZ,1302.2401219608996
2026,4,p28,WeRecycleSolar,406517,Sun Streams 3,AZ,1637.0108961346118
2026,4,p28,WeRecycleSolar,401975,"Sun Streams, LLC",AZ,747.8006446340395
2026,4,p28,WeRecycleSolar,405311,T0588 Phoenix - AZ,AZ,42379.436178663476
2026,4,p28,FabTechSolar,405135,Vista Grande HS at Casa Grande,AZ,120605.291648847
2026,4,p28,FabTechSolar,400334,Walmart Casa Grande,AZ,44497.935855491975
2026,4,p28,FabTechSolar,406098,"West Line Solar, LLC",AZ,1073.4778419225465
2026,4,p29,FabTechSolar,400014,Springerville,AZ,14715.967030499301
2026,4,p30,FabTechSolar,405143,Actus Lend Lease DMAFB,AZ,34385.42032530506
2026,4,p30,FabTechSolar,405611,Amazon TUS2,AZ,62532.00495825042
2026,4,p30,FabTechSolar,400939,Avalon Solar,AZ,6093.173394525792
2026,4,p30,FabTechSolar,401479,Avalon Solar II,AZ,10642.730950067382
2026,4,p30,FabTechSolar,400226,Avra Valley Solar,AZ,4762.822422080722
2026,4,p30,FabTechSolar,404704,Broadway 2 - Tucson Phase II,AZ,87230.38032658305
2026,4,p30,FabTechSolar,401295,Davis Monthan AFB (AZ) West Airfield,AZ,12651.346534446064
2026,4,p30,FabTechSolar,400761,"Gato Montes Solar, LLC",AZ,33384.69411772761
2026,4,p30,FabTechSolar,400552,"Picture Rocks Solar, LLC",AZ,2360.003578305301
2026,4,p30,FabTechSolar,405374,Pima Community College,AZ,290201.80788312585
2026,4,p30,FabTechSolar,405516,Pima Community College NW,AZ,67408.1614903994
2026,4,p30,FabTechSolar,404926,Raptor Ridge,AZ,13028.71124278887
2026,4,p30,FabTechSolar,400857,Rio Rico Solar,AZ,73621.89382041355
2026,4,p30,FabTechSolar,401076,Tech Park Solar,AZ,32845.570769470694
2026,4,p30,FabTechSolar,400156,UASTP I,AZ,138615.99236162394
2026,4,p30,FabTechSolar,401075,Valencia Solar,AZ,17921.22895399357
2026,4,p30,FabTechSolar,404187,"Wilmot Energy Center, LLC",AZ,1691.9859812070065
2026,4,p31,SolarCycle,400211,Alamogordo Solar Energy Center,NM,116546.61209329746
2026,4,p31,FabTechSolar,400206,Albuquerque Solar Energy Center,NM,823607.5040222344
2026,4,p31,SolarCycle,403675,Alcalde Solar Array,NM,1533048.6576782996
2026,4,p31,FabTechSolar,405469,Arroyo Solar Energy Storage Hybrid,NM,5523.660303188338
2026,4,p31,FabTechSolar,403321,Bluewater CDEC 1,NM,545908.9134036783
2026,4,p31,SolarCycle,402876,CNMEC Solar Energy Center,NM,499729.99149066495
2026,4,p31,SolarCycle,402519,Carrizozo Solar,NM,262267.21246342524
2026,4,p31,FabTechSolar,402988,City of Gallup Solar,NM,98433.44628988534
2026,4,p31,FabTechSolar,403604,City of Rio Rancho WWTP,NM,885010.9610287809
2026,4,p31,FabTechSolar,401225,City of Truth or Consequences PV,NM,1392677.5567042346
2026,4,p31,FabTechSolar,400209,Deming Solar Energy Center,NM,278971.0736559058
2026,4,p31,FabTechSolar,403868,Encino Solar Energy Center,NM,58786.34141647872
2026,4,p31,FabTechSolar,401038,Eubank Landfill Solar Array,NM,1650238.8143484304
2026,4,p31,FabTechSolar,402443,Facebook 3 Solar Energy Center,NM,156742.9438429484
2026,4,p31,FabTechSolar,400216,"Hatch Solar Energy Center I, LLC",NM,135795.4438929432
2026,4,p31,SolarCycle,401617,Holloman Solar Facility,NM,155707.40683177995
2026,4,p31,FabTechSolar,406109,"Jicarilla Solar 1, LLC",NM,22609.065425538916
2026,4,p31,SolarCycle,400210,Las Vegas Solar Energy Center,NM,315270.2447756152
2026,4,p31,SolarCycle,400434,Los Alamos PV Site,NM,3655535.319896472
2026,4,p31,FabTechSolar,400207,Los Lunas Solar Energy Center,NM,222987.10749883018
2026,4,p31,FabTechSolar,400838,Macho Springs,NM,25149.44979774694
2026,4,p31,SolarCycle,401201,Meadow Lake Solar Energy Center,NM,353223.2735664227
2026,4,p31,SolarCycle,405693,NMSU Solar and Storage,NM,218929.37937714276
2026,4,p31,FabTechSolar,406375,OE_ESCL,NM,6937.859245738059
2026,4,p31,SolarCycle,400581,Otero Solar,NM,152772.47263935048
2026,4,p31,FabTechSolar,403178,"RC Energy AA, LLC Solar Facility",NM,829585.3435295271
2026,4,p31,FabTechSolar,401566,Rio Communities Solar Energy Center,NM,104188.85358072625
2026,4,p31,FabTechSolar,400624,Rio Rancho High School,NM,3284903.063212489
2026,4,p31,FabTechSolar,404648,"Route 66 Energy Center, LLC",NM,18851.964930764938
2026,4,p31,SolarCycle,403387,San Miguel I Solar Energy Center,NM,157012.83514935887
2026,4,p31,SolarCycle,405458,San Miguel II Solar Energy Center,NM,104851.42852467323
2026,4,p31,FabTechSolar,401161,Sandoval Solar Energy Center,NM,263763.92581479147
2026,4,p31,SolarCycle,401564,Santa Fe Solar Energy Center,NM,119799.70814548327
2026,4,p31,FabTechSolar,401565,Santolina Solar Energy Center,NM,296792.8947792914
2026,4,p31,FabTechSolar,400596,Silver City WWTP PV Project,NM,1061257.2406163935
2026,4,p31,FabTechSolar,401563,South Valley Solar Energy Center,NM,159182.7620091641
2026,4,p31,SolarCycle,401162,Springer Solar 1,NM,3842335.488866655
2026,4,p31,SolarCycle,400735,Storrie Lake Solar Project,NM,700311.2334336024
2026,4,p31,SolarCycle,402854,Syncarpha Eagle Nest,NM,3716478.2234299653
2026,4,p31,SolarCycle,403412,Syncarpha El Rito,NM,1207981.324990998
2026,4,p31,SolarCycle,403413,Syncarpha Questa,NM,496011.62127862376
2026,4,p31,SolarCycle,403411,Syncarpha Taos,NM,400248.3505803432
2026,4,p31,SolarCycle,404618,Taos Mesa Energy Facility Hybrid,NM,250821.45230181236
2026,4,p31,FabTechSolar,403011,Vista Solar Energy Center,NM,105697.72386860724
2026,4,p31,SolarCycle,400354,WSMR I,NM,90252.47747768092
2026,4,p31,FabTechSolar,405245,Wal-Mart Truth or Consequences PV,NM,1334348.7254427287
2026,4,p47,SolarCycle,400979,"Caprock Solar 1, LLC",NM,91288.2753149801
2026,4,p47,SolarCycle,400614,GSE NM1,NM,434694.83800192585
2026,4,p47,SolarCycle,404982,Hayhurst New Mexico Solar,NM,53233.46416721245
2026,4,p47,SolarCycle,402530,Middle Daisy,NM,65126.31752013449
2026,4,p47,SolarCycle,401682,"Roswell Solar, LLC",NM,23791.646037881776
2026,4,p47,SolarCycle,400546,SEV NM Phase 2,NM,580673.0575355791
2026,4,p47,SolarCycle,400260,SPS1 Dollarhide,NM,49809.970987172324
2026,4,p47,SolarCycle,400261,SPS2 Jal,NM,27097.32872271355
2026,4,p47,SolarCycle,400262,SPS3 Lea,NM,39500.51900172752
2026,4,p47,SolarCycle,404698,SoCore Clovis 1,NM,916511.7821260627
2026,4,p48,SolarCycle,406439,"BESSP1, LLC",TX,149265.05197850562
2026,4,p57,OkonRecycling,404918,"Hecate Energy Upshur Rural, LLC",TX,22891.461207251603
2026,4,p59,SolarCycle,402666,Fort Bliss (DEA EPIC),TX,147961.64080709664
2026,4,p59,SolarCycle,401616,Montana Solar Facility,TX,47653.81170278151
2026,4,p60,SolarCycle,403962,"ANSON Solar Center, LLC",TX,2214.7083069149144
2026,4,p60,OkonRecycling,403883,Azure Sky Solar,TX,1521.271130013492
2026,4,p60,SolarCycle,403232,"ENGIE Long Draw Solar, LLC",TX,1969.3296845745185
2026,4,p60,SolarCycle,406252,Highpeak Solar 1,TX,36527.78087536228
2026,4,p60,SolarCycle,402721,Holstein 1 Solar Farm,TX,987.5004497285462
2026,4,p60,SolarCycle,405492,Juno Solar Project,TX,794.9054338076382
2026,4,p60,SolarCycle,402541,Lamesa II,TX,1920.5642962121024
2026,4,p60,SolarCycle,401660,Lamesa Solar,TX,1146.4840390987226
2026,4,p60,SolarCycle,405933,Lumina Solar Project,TX,1179.2134275679362
2026,4,p60,SolarCycle,402909,Misae Solar,TX,2494.613913051877
2026,4,p60,OkonRecycling,400968,"OCI Alamo 7, LLC",TX,2769.126943880694
2026,4,p60,SolarCycle,405939,Texas Solar Nova 1,TX,1197.511245929727
2026,4,p61,SolarCycle,403557,Aragorn Solar Project,TX,1303.517171595032
2026,4,p61,SolarCycle,400691,Barilla Solar,TX,2905.8275002844634
2026,4,p61,SolarCycle,401946,Bluebell Solar,TX,1997.1441233158394
2026,4,p61,SolarCycle,403574,Bluebell Solar II,TX,1090.315617585549
2026,4,p61,SolarCycle,400554,"Bryan Solar, LLC",TX,10724.538315975236
2026,4,p61,SolarCycle,401463,Buckthorn Westex,TX,742.9596402131587
2026,4,p61,SolarCycle,401703,East Pecos Solar,TX,722.7749145910188
2026,4,p61,SolarCycle,405363,Galloway 1 Solar Farm,TX,933.8763796146645
2026,4,p61,SolarCycle,405494,Galloway 2 Solar Farm,TX,3981.489500289012
2026,4,p61,SolarCycle,403210,Greasewood,TX,595.0968786111179
2026,4,p61,SolarCycle,406370,Hayhurst Texas Solar,TX,4000.515087141164
2026,4,p61,SolarCycle,402304,Midway Solar-TX,TX,833.1950929193941
2026,4,p61,SolarCycle,400695,"OCI Alamo 4, LLC",TX,3222.178412834575
2026,4,p61,SolarCycle,401868,Pearl Solar,TX,1165.8952094823364
2026,4,p61,SolarCycle,402290,RE Maplewood,TX,718.6592009416665
2026,4,p61,SolarCycle,401430,RE Roserock,TX,676.286697199215
2026,4,p61,SolarCycle,402848,Rambler,TX,747.1845050485358
2026,4,p61,SolarCycle,402083,Solaire Holman Solar Project,TX,3488.012344788687
2026,4,p61,SolarCycle,403023,"Taygete Energy Project, LLC",TX,626.9805938512238
2026,4,p61,SolarCycle,404647,Taygete II Energy Project,TX,680.4964339385817
2026,4,p61,SolarCycle,403551,Titan Solar Project,TX,1029.5942899826346
2026,4,p61,SolarCycle,406103,Zier Solar,TX,3839.373635529878
2026,4,p62,SolarCycle,403502,2W Permian Solar Project Hybrid,TX,427.1467956705304
2026,4,p62,SolarCycle,403697,CED Crane Solar,TX,764.6870539908108
2026,4,p62,SolarCycle,401525,Castle Gap Solar Hybrid,TX,554.6450105708263
2026,4,p62,SolarCycle,403004,Lapetus,TX,818.9446511261017
2026,4,p62,SolarCycle,403280,Oberon IA,TX,497.2830349529319
2026,4,p62,SolarCycle,403279,Oberon IB,TX,1383.7652172031524
2026,4,p62,SolarCycle,403602,Oxy Renewable Energy-Goldsmith,TX,1924.3616275400047
2026,4,p62,SolarCycle,402679,Phoebe Solar,TX,506.00554258803857
2026,4,p62,SolarCycle,403177,Prospero Solar,TX,496.7330200211215
2026,4,p62,SolarCycle,404128,Prospero Solar II,TX,861.0139523568812
2026,4,p62,SolarCycle,403070,"Roadrunner, LLC",TX,499.4223883473256
2026,4,p62,SolarCycle,401805,Upton County Solar,TX,520.064164244383
2026,4,p62,SolarCycle,402995,West of the Pecos Solar,TX,601.2953945918255
2026,4,p63,OkonRecycling,405599,"BPL Crown Solar, LLC",TX,3777.311374234036
2026,4,p63,OkonRecycling,404966,BPL Files Solar,TX,1306.7468167433237
2026,4,p63,OkonRecycling,403825,Briar Creek Solar 1,TX,1730.7992240855353
2026,4,p63,OkonRecycling,402610,Chisum,TX,11560.343350555582
2026,4,p63,OkonRecycling,401697,CoServ Community Solar Station,TX,19944.203116159
2026,4,p63,OkonRecycling,403188,Coniglio Solar,TX,1218.7934808562745
2026,4,p63,OkonRecycling,406415,Dileo Solar,TX,4123.137711237909
2026,4,p63,OkonRecycling,406221,Eiffel Solar Project,TX,1269.8715168668107
2026,4,p63,OkonRecycling,405540,"Ellis Solar, LLC",TX,932.0264492480958
2026,4,p63,OkonRecycling,403823,Elm Branch Solar 1,TX,1337.8065442476386
2026,4,p63,OkonRecycling,406206,Five Wells Solar Center - Hybrid,TX,980.8256807911447
2026,4,p63,OkonRecycling,403288,Griffin Solar,TX,61665.14056722963
2026,4,p63,OkonRecycling,406202,Grizzly Ridge Solar,TX,4021.930187378346
2026,4,p63,OkonRecycling,402329,Highway 56 Solar,TX,24642.476472788945
2026,4,p63,OkonRecycling,405319,IKEA Grand Prairie Rooftop PV System,TX,9946.083658489588
2026,4,p63,OkonRecycling,405689,"IP Radian, LLC",TX,2083.240043357194
2026,4,p63,OkonRecycling,403481,Impact Solar 1,TX,2008.7141916475484
2026,4,p63,OkonRecycling,403190,Kellam Solar,TX,7841.020834478837
2026,4,p63,OkonRecycling,402421,Leon Solar,TX,9748.21253008215
2026,4,p63,OkonRecycling,403874,Lily Solar Hybrid,TX,1039.41520300285
2026,4,p63,OkonRecycling,402404,Marlin Solar,TX,129636.50124563438
2026,4,p63,OkonRecycling,405794,Noble Solar,TX,788.1302929975637
2026,4,p63,OkonRecycling,402405,North Gainesville Solar,TX,41047.18362902087
2026,4,p63,OkonRecycling,401933,Phantom Solar,TX,19077.598335524992
2026,4,p63,OkonRecycling,404872,"Pisgah Ridge Solar, LLC",TX,1262.643043409771
2026,4,p63,OkonRecycling,406416,Pitts Dudik Solar,TX,4510.274392683066
2026,4,p63,OkonRecycling,403189,Rippey Solar,TX,6786.073068830309
2026,4,p63,OkonRecycling,404630,"Samson Solar Energy III, LLC",TX,1271.1607711660984
2026,4,p63,OkonRecycling,402652,Sterling Solar (TX),TX,6432.379166113675
2026,4,p63,OkonRecycling,404388,"TPE Erath Solar, LLC",TX,59968.25869217774
2026,4,p63,OkonRecycling,403457,"TPE Whitney Solar, LLC",TX,43833.42500666867
2026,4,p63,OkonRecycling,405361,Toyota HQ Plan,TX,2423.1172141775787
2026,4,p63,OkonRecycling,405907,Verizon Hidden Ridge Solar Project,TX,2853.4147925360317
2026,4,p63,OkonRecycling,405984,Waco Solar,TX,809.4464576960212
2026,4,p63,OkonRecycling,402497,West Moore Solar II,TX,8223.515889531034
2026,4,p63,OkonRecycling,402330,Whitesboro Solar,TX,8099.511871556812
2026,4,p63,OkonRecycling,402331,Whitesboro Solar II,TX,8166.840472293209
2026,4,p63,OkonRecycling,402414,Whitewright Solar,TX,37406.719681370414
2026,4,p63,OkonRecycling,402654,Yellow Jacket,TX,101651.04376919607
2026,4,p64,OkonRecycling,405731,Austin TX GigaFactory,TX,330331.34787542943
2026,4,p64,OkonRecycling,404721,"Blue Jay Solar I, LLC",TX,1616.6037198619936
2026,4,p64,OkonRecycling,402389,"E-Volve Energy Holdings, LLC",TX,114368.09991415581
2026,4,p64,OkonRecycling,400227,East Blackland Solar Project 1,TX,1721.9267238905456
2026,4,p64,OkonRecycling,405101,IKEA Round Rock 027,TX,198212.63279156978
2026,4,p64,SolarCycle,402653,Lampwick,TX,20918.222238120823
2026,4,p64,OkonRecycling,400249,Webberville Solar Project,TX,10671.8995028356
2026,4,p65,OkonRecycling,405700,Aktina Solar,TX,13653.736722957046
2026,4,p65,OkonRecycling,405727,Bernard Creek Solar,TX,26922.27457365061
2026,4,p65,OkonRecycling,405477,Brightside,TX,236865.43797429418
2026,4,p65,OkonRecycling,401728,CPS 1 Community Solar,TX,9790876.346862668
2026,4,p65,OkonRecycling,402656,Cascade Solar (TX),TX,1962492.0796789546
2026,4,p65,OkonRecycling,404359,FELPS 1-Calaveras,TX,20331415.19824672
2026,4,p65,OkonRecycling,404361,FELPS 2-Calaveras,TX,20330947.82186528
2026,4,p65,OkonRecycling,404739,FELPS 6- Floresville West,TX,10347503.062976409
2026,4,p65,OkonRecycling,404740,FELPS 7- Floresville West,TX,6896240.912742038
2026,4,p65,SolarCycle,405801,Horizon Solar,TX,54936.571798368765
2026,4,p65,OkonRecycling,405380,IKEA Live Oak Rooftop PV System,TX,5506688.269105716
2026,4,p65,SolarCycle,403343,Mars Solar,TX,2906793.507109856
2026,4,p65,OkonRecycling,404877,Nebula Solar,TX,269814.178050855
2026,4,p65,OkonRecycling,400965,"OCI Alamo 3, LLC",TX,1736029.491715564
2026,4,p65,SolarCycle,400966,"OCI Alamo 5, LLC",TX,99440.79445246968
2026,4,p65,OkonRecycling,400593,OCI Alamo Solar I Hybrid,TX,250853.21962583426
2026,4,p65,SolarCycle,405809,Shakes Solar,TX,54036.69860603126
2026,4,p65,OkonRecycling,405545,Sparta Solar,TX,31562.769424379574
2026,4,p65,OkonRecycling,400379,"SunE CPS1, LLC",TX,414374.57479893847
2026,4,p65,OkonRecycling,400353,"SunE CPS3, LLC",TX,1983907.6844126054
2026,4,p65,OkonRecycling,406032,Tres Bahias,TX,56689.54147398445
2026,4,p67,OkonRecycling,404939,Brazoria County Solar Project (Danciger),TX,12655.73241602978
2026,4,p67,OkonRecycling,404681,Brazoria West,TX,12846.414055242869
2026,4,p67,OkonRecycling,404587,Fighting Jays Solar Project,TX,10893.766937501374
2026,4,p67,OkonRecycling,405564,"Fort Bend Solar, LLC",TX,9678.746915980086
2026,4,p67,OkonRecycling,403514,Wagyu,TX,20978.687469511235
2027,1,p12,ComstockMetals,402144,Battle Mountain Solar Project,NV,1544.483447065426
2027,1,p12,ComstockMetals,405025,Brady,NV,1229.8293944162538
2027,1,p12,ComstockMetals,405553,Dodge Flat,NV,427.18080821309997
2027,1,p12,ComstockMetals,402609,"EGP Stillwater Solar PV II, LLC",NV,4756.978006204581
2027,1,p12,ComstockMetals,404659,Fish Springs,NV,760.6217461573892
2027,1,p12,ComstockMetals,401086,Ft. Churchill PV,NV,780.5024692988627
2027,1,p12,ComstockMetals,405028,Galena 2 Geothermal Power Plant,NV,2658.4725257750306
2027,1,p12,ComstockMetals,400468,"Patua Acquisition Project, LLC",NV,2071.8784901503786
2027,1,p12,ComstockMetals,405021,Steamboat Hills LP,NV,3806.782863912994
2027,1,p12,ComstockMetals,405023,Steamboat II,NV,1718.3235726939774
2027,1,p12,ComstockMetals,405024,Steamboat III,NV,1595.2722636283322
2027,1,p12,ComstockMetals,400029,Stillwater Facility,NV,4425.271343269298
2027,1,p12,ComstockMetals,401318,Sunshine Valley Solar,NV,6291.804660223152
2027,1,p12,ComstockMetals,405576,Tesla Reno GigaFactory,NV,966.1751404851314
2027,1,p12,ComstockMetals,403308,Turquoise Liberty Solar,NV,1322.1549969120658
2027,1,p12,ComstockMetals,403884,"Turquoise Nevada, LLC",NV,572.9663861861676
2027,1,p12,ComstockMetals,400035,Western 102 Power Plant,NV,5797.1558571286205
2027,1,p13,WeRecycleSolar,400555,Apex Solar PV Power Project,NV,22039.950822705177
2027,1,p13,WeRecycleSolar,405385,Arrow Canyon Solar Hybrid,NV,1651.7894639789217
2027,1,p13,WeRecycleSolar,401649,"Boulder Solar Power, LLC",NV,15871.725818332096
2027,1,p13,WeRecycleSolar,400059,CM10,NV,51611.995980657855
2027,1,p13,WeRecycleSolar,400086,CM48,NV,32358.089089358964
2027,1,p13,WeRecycleSolar,400363,Copper Mountain Solar 2,NV,10339.17149875855
2027,1,p13,WeRecycleSolar,403688,"Copper Mountain Solar 5, LLC",NV,6512.389057483751
2027,1,p13,WeRecycleSolar,405556,Dry Lake Solar Energy Center,NV,4235.944757998184
2027,1,p13,WeRecycleSolar,405495,Gemini Solar,NV,1223.7191160250884
2027,1,p13,WeRecycleSolar,403386,"Harry Allen Solar Energy, LLC",NV,17733.047604179377
2027,1,p13,WeRecycleSolar,406090,IGS LAS1,NV,1635201.115793246
2027,1,p13,WeRecycleSolar,406089,IGS VGT,NV,1708934.1307403445
2027,1,p13,WeRecycleSolar,405309,IKEA Las Vegas 462,NV,340852.51214497467
2027,1,p13,WeRecycleSolar,400545,Las Vegas WPCF Solar Plant,NV,503374.039569838
2027,1,p13,WeRecycleSolar,400036,Nellis Air Force Base Solar Array,NV,142582.5045820169
2027,1,p13,WeRecycleSolar,401274,River Mountains Solar,NV,111387.10722963631
2027,1,p13,WeRecycleSolar,400658,Silver State Solar Power South,NV,3564.4264084578945
2027,1,p13,WeRecycleSolar,405246,"Solar Las Vegas MB 2, LLC",NV,373748.56009994657
2027,1,p13,WeRecycleSolar,405188,Solar Las Vegas MB-1,NV,171944.4619528241
2027,1,p13,WeRecycleSolar,402691,"Techren Solar III, LLC",NV,15882.010245275227
2027,1,p13,WeRecycleSolar,402692,"Techren Solar IV, LLC",NV,31485.606546581734
2027,1,p13,WeRecycleSolar,404971,Yellow Pine Solar,NV,5303.597815634005
2027,1,p27,WeRecycleSolar,400374,"Black Mountain Solar, LLC",AZ,13164.387656264626
2027,1,p27,WeRecycleSolar,402236,Gray Hawk Solar,AZ,3000.1795504284587
2027,1,p27,WeRecycleSolar,401819,Jacobson 5 MW Solar,AZ,55184.071017387185
2027,1,p27,WeRecycleSolar,403718,Mohave Electric Cooperative at Joy Lane,AZ,13030.29036909529
2027,1,p27,WeRecycleSolar,401311,Mohave Electric at Fort Mohave,AZ,14721.747340771437
2027,1,p27,WeRecycleSolar,406478,Mohave Energy - Hybrid,AZ,14723.641650765281
2027,1,p28,WeRecycleSolar,400148,Agua Caliente Solar Project,AZ,871.0974783995545
2027,1,p28,WeRecycleSolar,400274,Arizona Western College PV,AZ,81644.6996694094
2027,1,p28,WeRecycleSolar,400240,Arlington Valley Solar Energy II,AZ,2552.889608997241
2027,1,p28,WeRecycleSolar,400437,Badger 1,AZ,18254.900476243798
2027,1,p28,FabTechSolar,401688,Bonnybrooke PV,AZ,1625.3707992890068
2027,1,p28,WeRecycleSolar,400371,Buckeye Union HS District 201,AZ,18523.184727785912
2027,1,p28,FabTechSolar,405635,"Central Line Solar, LLC",AZ,1073.1703188519125
2027,1,p28,WeRecycleSolar,400201,Chino Solar Valley,AZ,29848.66082197075
2027,1,p28,WeRecycleSolar,401069,Desert Star Hybrid,AZ,22467.86732147824
2027,1,p28,FabTechSolar,403257,East Line Solar,AZ,1412.3870754579086
2027,1,p28,FabTechSolar,406171,Eleven Mile Solar Center,AZ,716.9365227422005
2027,1,p28,WeRecycleSolar,400349,Foothills Solar Plant Hybrid,AZ,24788.255271417765
2027,1,p28,FabTechSolar,400825,Fort Huachuca Solar PV Project,AZ,25968.51522859093
2027,1,p28,WeRecycleSolar,400845,Gila Bend Hybrid,AZ,3345.018263835185
2027,1,p28,FabTechSolar,400599,"Gilbert Solar Facility I, LLC",AZ,13707.705069464495
2027,1,p28,WeRecycleSolar,400204,Hyder Solar Hybrid,AZ,8051.4470908138965
2027,1,p28,WeRecycleSolar,405125,Jewish Community Center PV,AZ,19672.506112844396
2027,1,p28,WeRecycleSolar,402234,Kayenta Solar Project,AZ,28689.62650451666
2027,1,p28,WeRecycleSolar,405068,Macys Goodyear,AZ,20169.082462622267
2027,1,p28,WeRecycleSolar,406279,McFarland A Solar and Storage,AZ,3123.154597004698
2027,1,p28,FabTechSolar,405617,Mesa Carport PV,AZ,15314.197800040312
2027,1,p28,FabTechSolar,404512,Mesa Solar Array,AZ,6082.283496438325
2027,1,p28,WeRecycleSolar,400250,Mesquite Solar 1,AZ,699.0752001844309
2027,1,p28,WeRecycleSolar,401621,"Mesquite Solar 2, LLC",AZ,3445.9646145546544
2027,1,p28,WeRecycleSolar,401622,"Mesquite Solar 3, LLC",AZ,1084.0358856195392
2027,1,p28,WeRecycleSolar,406038,"Mesquite Solar 4, LLC",AZ,6223.095236922783
2027,1,p28,WeRecycleSolar,404922,"Mesquite Solar 5, LLC",AZ,5435.318568452913
2027,1,p28,WeRecycleSolar,403572,OE_AZ1,AZ,9306.705130411377
2027,1,p28,WeRecycleSolar,400203,Paloma Solar Hybrid,AZ,5670.492769668885
2027,1,p28,WeRecycleSolar,405150,Phoenix Airport East Economy Lot,AZ,7906.056686888344
2027,1,p28,WeRecycleSolar,405151,Phoenix Airport Rental Car Center,AZ,2467.457687674862
2027,1,p28,FabTechSolar,400125,"Poseidon Solar, LLC",AZ,6293.505359837155
2027,1,p28,WeRecycleSolar,400031,Prescott Airport,AZ,90094.10861515826
2027,1,p28,WeRecycleSolar,400401,Prescott Solar Plant,AZ,26519.04583676381
2027,1,p28,FabTechSolar,400323,Queen Creek Solar Farm,AZ,3490.740846328096
2027,1,p28,WeRecycleSolar,400289,"RE Bagdad Solar I, LLC",AZ,21187.753414914896
2027,1,p28,FabTechSolar,401726,Red Rock,AZ,9353.754198750838
2027,1,p28,WeRecycleSolar,400416,Saddle Mountain Solar I,AZ,7016.592660884119
2027,1,p28,FabTechSolar,403674,Saint Solar,AZ,1091.1925180261853
2027,1,p28,FabTechSolar,401214,Sandstone Solar,AZ,2122.0346910457556
2027,1,p28,WeRecycleSolar,405029,Solana Generating Station,AZ,1098.9608904122338
2027,1,p28,WeRecycleSolar,406275,Sonoran Solar Energy,AZ,591.6898375212152
2027,1,p28,FabTechSolar,406034,Storey Solar and Storage,AZ,1991.0425431482777
2027,1,p28,WeRecycleSolar,403643,Sun Streams 2,AZ,760.89604878436
2027,1,p28,WeRecycleSolar,406517,Sun Streams 3,AZ,1637.0108961346118
2027,1,p28,WeRecycleSolar,401975,"Sun Streams, LLC",AZ,979.6677410567323
2027,1,p28,WeRecycleSolar,405311,T0588 Phoenix - AZ,AZ,42379.436178663476
2027,1,p28,FabTechSolar,405134,Union HS at Casa Grande,AZ,23511.69661871403
2027,1,p28,FabTechSolar,405135,Vista Grande HS at Casa Grande,AZ,120605.291648847
2027,1,p28,FabTechSolar,400334,Walmart Casa Grande,AZ,29798.62390366132
2027,1,p28,FabTechSolar,406098,"West Line Solar, LLC",AZ,1073.4778419225465
2027,1,p29,FabTechSolar,400014,Springerville,AZ,57663.8681219972
2027,1,p30,FabTechSolar,405143,Actus Lend Lease DMAFB,AZ,20791.252195183035
2027,1,p30,FabTechSolar,405611,Amazon TUS2,AZ,124664.00991650084
2027,1,p30,FabTechSolar,400939,Avalon Solar,AZ,6093.173394525792
2027,1,p30,FabTechSolar,401479,Avalon Solar II,AZ,10642.730950067382
2027,1,p30,FabTechSolar,404704,Broadway 2 - Tucson Phase II,AZ,17766.07606531661
2027,1,p30,FabTechSolar,405269,Canyon Del Oro High School Solar,AZ,59740.17306383671
2027,1,p30,FabTechSolar,401295,Davis Monthan AFB (AZ) West Airfield,AZ,6525.673267223033
2027,1,p30,FabTechSolar,404536,Iron Horse Battery Storage Hybrid,AZ,165618.51271362905
2027,1,p30,FabTechSolar,400552,"Picture Rocks Solar, LLC",AZ,2360.003578305301
2027,1,p30,FabTechSolar,405374,Pima Community College,AZ,290201.80788312585
2027,1,p30,FabTechSolar,405303,Pima Community College - East Campus,AZ,58812.97166332269
2027,1,p30,FabTechSolar,405516,Pima Community College NW,AZ,100912.2422355991
2027,1,p30,FabTechSolar,404926,Raptor Ridge,AZ,13028.71124278887
2027,1,p30,FabTechSolar,400857,Rio Rico Solar,AZ,18705.47345510339
2027,1,p30,FabTechSolar,401076,Tech Park Solar,AZ,32845.570769470694
2027,1,p30,FabTechSolar,401075,Valencia Solar,AZ,35442.45790798714
2027,1,p30,FabTechSolar,404187,"Wilmot Energy Center, LLC",AZ,1691.9859812070065
2027,1,p31,SolarCycle,400211,Alamogordo Solar Energy Center,NM,155262.14945772995
2027,1,p31,FabTechSolar,400206,Albuquerque Solar Energy Center,NM,412003.7520111172
2027,1,p31,SolarCycle,403675,Alcalde Solar Array,NM,511282.8858927666
2027,1,p31,FabTechSolar,405469,Arroyo Solar Energy Storage Hybrid,NM,5523.660303188338
2027,1,p31,FabTechSolar,403321,Bluewater CDEC 1,NM,1091417.8268073564
2027,1,p31,SolarCycle,402876,CNMEC Solar Energy Center,NM,1498389.9744719944
2027,1,p31,SolarCycle,402519,Carrizozo Solar,NM,393200.818695138
2027,1,p31,FabTechSolar,401202,Cibola,NM,196344.1729188247
2027,1,p31,FabTechSolar,403604,City of Rio Rancho WWTP,NM,1327316.4415431714
2027,1,p31,FabTechSolar,401225,City of Truth or Consequences PV,NM,464492.5189014115
2027,1,p31,FabTechSolar,400209,Deming Solar Energy Center,NM,70042.76841397645
2027,1,p31,FabTechSolar,403868,Encino Solar Energy Center,NM,14996.58535411968
2027,1,p31,FabTechSolar,401038,Eubank Landfill Solar Array,NM,1650238.8143484304
2027,1,p31,FabTechSolar,402443,Facebook 3 Solar Energy Center,NM,78571.47192147422
2027,1,p31,FabTechSolar,403322,Grants CDEC 2,NM,294784.56651305204
2027,1,p31,FabTechSolar,400216,"Hatch Solar Energy Center I, LLC",NM,541981.7755717728
2027,1,p31,SolarCycle,401617,Holloman Solar Facility,NM,466322.22049534007
2027,1,p31,SolarCycle,400427,Kit Carson,NM,1031504.4343371362
2027,1,p31,SolarCycle,400210,Las Vegas Solar Energy Center,NM,315270.2447756152
2027,1,p31,SolarCycle,400434,Los Alamos PV Site,NM,3655535.319896472
2027,1,p31,FabTechSolar,400838,Macho Springs,NM,25149.44979774694
2027,1,p31,FabTechSolar,400582,Manzano Solar,NM,99207.49458094747
2027,1,p31,SolarCycle,401201,Meadow Lake Solar Energy Center,NM,118007.7578554742
2027,1,p31,SolarCycle,405693,NMSU Solar and Storage,NM,437458.7587542856
2027,1,p31,FabTechSolar,406375,OE_ESCL,NM,6937.859245738059
2027,1,p31,SolarCycle,400581,Otero Solar,NM,152772.47263935048
2027,1,p31,SolarCycle,400146,Questa Solar Facility,NM,1956511.148819091
2027,1,p31,FabTechSolar,403178,"RC Energy AA, LLC Solar Facility",NM,3317141.3741181083
2027,1,p31,FabTechSolar,401566,Rio Communities Solar Energy Center,NM,156083.28037108938
2027,1,p31,FabTechSolar,403084,Rio De Oro Solar Energy Center,NM,63045.99313395351
2027,1,p31,FabTechSolar,400624,Rio Rancho High School,NM,1642651.5316062444
2027,1,p31,FabTechSolar,404648,"Route 66 Energy Center, LLC",NM,55755.89479229482
2027,1,p31,SolarCycle,405458,San Miguel II Solar Energy Center,NM,157077.14278700989
2027,1,p31,FabTechSolar,401161,Sandoval Solar Energy Center,NM,175975.95054319434
2027,1,p31,SolarCycle,401564,Santa Fe Solar Energy Center,NM,179499.5622182249
2027,1,p31,FabTechSolar,400596,Silver City WWTP PV Project,NM,1061257.2406163935
2027,1,p31,FabTechSolar,401563,South Valley Solar Energy Center,NM,106255.17467277605
2027,1,p31,SolarCycle,401162,Springer Solar 1,NM,1281045.1629555519
2027,1,p31,FabTechSolar,400623,Sue Cleveland High School,NM,3312506.801510961
2027,1,p31,SolarCycle,400343,"SunE EPE1, LLC",NM,237963.63172920913
2027,1,p31,SolarCycle,402854,Syncarpha Eagle Nest,NM,1239092.741143322
2027,1,p31,SolarCycle,403412,Syncarpha El Rito,NM,1207981.324990998
2027,1,p31,SolarCycle,403413,Syncarpha Questa,NM,826419.3687977062
2027,1,p31,SolarCycle,403411,Syncarpha Taos,NM,400248.3505803432
2027,1,p31,SolarCycle,404618,Taos Mesa Energy Facility Hybrid,NM,250821.45230181236
2027,1,p31,SolarCycle,400354,WSMR I,NM,135178.71621652137
2027,1,p31,FabTechSolar,405245,Wal-Mart Truth or Consequences PV,NM,2668297.450885458
2027,1,p47,SolarCycle,400979,"Caprock Solar 1, LLC",NM,30696.091771660038
2027,1,p47,SolarCycle,400614,GSE NM1,NM,434694.83800192585
2027,1,p47,SolarCycle,404982,Hayhurst New Mexico Solar,NM,53233.46416721245
2027,1,p47,SolarCycle,402530,Middle Daisy,NM,65126.31752013449
2027,1,p47,SolarCycle,400546,SEV NM Phase 2,NM,580673.0575355791
2027,1,p47,SolarCycle,400260,SPS1 Dollarhide,NM,12752.492746793083
2027,1,p47,SolarCycle,400261,SPS2 Jal,NM,13748.664361356776
2027,1,p47,SolarCycle,400262,SPS3 Lea,NM,39500.51900172752
2027,1,p47,SolarCycle,400264,SPS5 Hopi,NM,115401.33316338557
2027,1,p47,SolarCycle,404698,SoCore Clovis 1,NM,458455.89106303133
2027,1,p48,SolarCycle,406439,"BESSP1, LLC",TX,149265.05197850562
2027,1,p48,SolarCycle,405590,"Hecate Energy Frye Solar, LLC",TX,15060.494765235522
2027,1,p57,OkonRecycling,404918,"Hecate Energy Upshur Rural, LLC",TX,67874.38362175482
2027,1,p59,SolarCycle,402666,Fort Bliss (DEA EPIC),TX,147961.64080709664
2027,1,p59,SolarCycle,401616,Montana Solar Facility,TX,94907.62340556303
2027,1,p60,SolarCycle,403962,"ANSON Solar Center, LLC",TX,1609.8055379432765
2027,1,p60,OkonRecycling,403883,Azure Sky Solar,TX,1240.9533475101193
2027,1,p60,SolarCycle,403232,"ENGIE Long Draw Solar, LLC",TX,1969.3296845745185
2027,1,p60,SolarCycle,402721,Holstein 1 Solar Farm,TX,987.5004497285462
2027,1,p60,SolarCycle,405492,Juno Solar Project,TX,992.3581507114574
2027,1,p60,SolarCycle,402541,Lamesa II,TX,1920.5642962121024
2027,1,p60,SolarCycle,401660,Lamesa Solar,TX,1892.9680781974448
2027,1,p60,SolarCycle,405932,Lumina II Solar Project,TX,2074.296133833977
2027,1,p60,SolarCycle,405933,Lumina Solar Project,TX,1179.2134275679362
2027,1,p60,SolarCycle,402909,Misae Solar,TX,2494.613913051877
2027,1,p60,OkonRecycling,400968,"OCI Alamo 7, LLC",TX,2176.8452079105205
2027,1,p60,SolarCycle,405939,Texas Solar Nova 1,TX,1197.511245929727
2027,1,p61,SolarCycle,400967,Alamo 6,TX,1826.8932394618737
2027,1,p61,SolarCycle,403557,Aragorn Solar Project,TX,1303.517171595032
2027,1,p61,SolarCycle,400691,Barilla Solar,TX,4158.741250426694
2027,1,p61,SolarCycle,401946,Bluebell Solar,TX,1997.1441233158394
2027,1,p61,SolarCycle,403574,Bluebell Solar II,TX,917.7367131891621
2027,1,p61,SolarCycle,400554,"Bryan Solar, LLC",TX,13305.672894969044
2027,1,p61,SolarCycle,401463,Buckthorn Westex,TX,571.4798201065793
2027,1,p61,SolarCycle,401703,East Pecos Solar,TX,722.7749145910188
2027,1,p61,SolarCycle,405363,Galloway 1 Solar Farm,TX,666.9381898073324
2027,1,p61,SolarCycle,405494,Galloway 2 Solar Farm,TX,3981.489500289012
2027,1,p61,SolarCycle,403210,Greasewood,TX,595.0968786111179
2027,1,p61,SolarCycle,406370,Hayhurst Texas Solar,TX,11201.545261423491
2027,1,p61,SolarCycle,402304,Midway Solar-TX,TX,833.1950929193941
2027,1,p61,SolarCycle,400695,"OCI Alamo 4, LLC",TX,2751.8153440288124
2027,1,p61,SolarCycle,401868,Pearl Solar,TX,1165.8952094823364
2027,1,p61,SolarCycle,402290,RE Maplewood,TX,718.6592009416665
2027,1,p61,SolarCycle,401430,RE Roserock,TX,745.3583714990187
2027,1,p61,SolarCycle,402848,Rambler,TX,862.9126733980477
2027,1,p61,SolarCycle,402083,Solaire Holman Solar Project,TX,3488.012344788687
2027,1,p61,SolarCycle,403023,"Taygete Energy Project, LLC",TX,570.2354453884177
2027,1,p61,SolarCycle,404647,Taygete II Energy Project,TX,680.4964339385817
2027,1,p61,SolarCycle,403551,Titan Solar Project,TX,1029.5942899826346
2027,1,p61,SolarCycle,406103,Zier Solar,TX,2119.686817764939
2027,1,p62,SolarCycle,403502,2W Permian Solar Project Hybrid,TX,427.1467956705304
2027,1,p62,SolarCycle,403697,CED Crane Solar,TX,764.6870539908108
2027,1,p62,SolarCycle,401525,Castle Gap Solar Hybrid,TX,554.6450105708263
2027,1,p62,SolarCycle,404599,Emerald Grove,TX,1704.6225277513565
2027,1,p62,SolarCycle,403004,Lapetus,TX,818.9446511261017
2027,1,p62,SolarCycle,403280,Oberon IA,TX,497.2830349529319
2027,1,p62,SolarCycle,403279,Oberon IB,TX,1383.7652172031524
2027,1,p62,SolarCycle,403602,Oxy Renewable Energy-Goldsmith,TX,3448.72325508001
2027,1,p62,SolarCycle,402679,Phoebe Solar,TX,506.00554258803857
2027,1,p62,SolarCycle,403177,Prospero Solar,TX,496.7330200211215
2027,1,p62,SolarCycle,404128,Prospero Solar II,TX,630.5069761784405
2027,1,p62,SolarCycle,403070,"Roadrunner, LLC",TX,499.4223883473256
2027,1,p62,SolarCycle,401805,Upton County Solar,TX,544.0769970932596
2027,1,p62,SolarCycle,402995,West of the Pecos Solar,TX,601.2953945918255
2027,1,p63,OkonRecycling,405599,"BPL Crown Solar, LLC",TX,3777.311374234036
2027,1,p63,OkonRecycling,404966,BPL Files Solar,TX,1306.7468167433237
2027,1,p63,OkonRecycling,403825,Briar Creek Solar 1,TX,1730.7992240855353
2027,1,p63,OkonRecycling,401697,CoServ Community Solar Station,TX,15058.152337119249
2027,1,p63,OkonRecycling,403188,Coniglio Solar,TX,1218.7934808562745
2027,1,p63,OkonRecycling,406415,Dileo Solar,TX,4123.137711237909
2027,1,p63,OkonRecycling,402655,Eddy II,TX,35585.17122900538
2027,1,p63,OkonRecycling,406221,Eiffel Solar Project,TX,3009.6145506004327
2027,1,p63,OkonRecycling,405540,"Ellis Solar, LLC",TX,932.0264492480958
2027,1,p63,OkonRecycling,403823,Elm Branch Solar 1,TX,1337.8065442476386
2027,1,p63,OkonRecycling,406206,Five Wells Solar Center - Hybrid,TX,980.8256807911447
2027,1,p63,OkonRecycling,404567,G.S.E. One LLC,TX,2885.069302891638
2027,1,p63,OkonRecycling,403288,Griffin Solar,TX,61665.14056722963
2027,1,p63,OkonRecycling,406202,Grizzly Ridge Solar,TX,4021.930187378346
2027,1,p63,OkonRecycling,402329,Highway 56 Solar,TX,7672.742941836683
2027,1,p63,OkonRecycling,405319,IKEA Grand Prairie Rooftop PV System,TX,25856.223089305568
2027,1,p63,OkonRecycling,405689,"IP Radian, LLC",TX,2083.240043357194
2027,1,p63,OkonRecycling,403481,Impact Solar 1,TX,2008.7141916475484
2027,1,p63,OkonRecycling,403190,Kellam Solar,TX,7841.020834478837
2027,1,p63,OkonRecycling,402421,Leon Solar,TX,9748.21253008215
2027,1,p63,OkonRecycling,403874,Lily Solar Hybrid,TX,1039.41520300285
2027,1,p63,OkonRecycling,402404,Marlin Solar,TX,65018.25062281718
2027,1,p63,OkonRecycling,405794,Noble Solar,TX,788.1302929975637
2027,1,p63,OkonRecycling,402405,North Gainesville Solar,TX,8529.436725804175
2027,1,p63,OkonRecycling,401933,Phantom Solar,TX,28416.397503287484
2027,1,p63,OkonRecycling,404872,"Pisgah Ridge Solar, LLC",TX,831.3215217048856
2027,1,p63,OkonRecycling,406416,Pitts Dudik Solar,TX,4510.274392683066
2027,1,p63,OkonRecycling,403189,Rippey Solar,TX,6786.073068830309
2027,1,p63,OkonRecycling,404630,"Samson Solar Energy III, LLC",TX,1271.1607711660984
2027,1,p63,OkonRecycling,402652,Sterling Solar (TX),TX,4708.842261509768
2027,1,p63,OkonRecycling,404812,Sun Valley Solar Project,TX,1264.0459449491602
2027,1,p63,OkonRecycling,403457,"TPE Whitney Solar, LLC",TX,14877.808335556221
2027,1,p63,OkonRecycling,405361,Toyota HQ Plan,TX,2220.8054927598214
2027,1,p63,OkonRecycling,405907,Verizon Hidden Ridge Solar Project,TX,3126.0164361511456
2027,1,p63,OkonRecycling,405984,Waco Solar,TX,809.4464576960212
2027,1,p63,OkonRecycling,402306,Walnut Springs Solar,TX,33033.36970792976
2027,1,p63,OkonRecycling,402497,West Moore Solar II,TX,8223.515889531034
2027,1,p63,OkonRecycling,402330,Whitesboro Solar,TX,8099.511871556812
2027,1,p63,OkonRecycling,402331,Whitesboro Solar II,TX,8166.840472293209
2027,1,p63,OkonRecycling,402414,Whitewright Solar,TX,37406.719681370414
2027,1,p63,OkonRecycling,402654,Yellow Jacket,TX,101651.04376919607
2027,1,p64,OkonRecycling,405731,Austin TX GigaFactory,TX,330331.34787542943
2027,1,p64,OkonRecycling,404721,"Blue Jay Solar I, LLC",TX,1616.6037198619936
2027,1,p64,OkonRecycling,402389,"E-Volve Energy Holdings, LLC",TX,91574.47993132466
2027,1,p64,OkonRecycling,400227,East Blackland Solar Project 1,TX,2382.8900858358184
2027,1,p64,OkonRecycling,405101,IKEA Round Rock 027,TX,396025.2655831395
2027,1,p64,SolarCycle,402653,Lampwick,TX,20918.222238120823
2027,1,p64,OkonRecycling,405613,Niagara Bottling - Seguin,TX,161569.5650236889
2027,1,p64,OkonRecycling,400249,Webberville Solar Project,TX,7247.933001890399
2027,1,p65,OkonRecycling,405700,Aktina Solar,TX,13653.736722957046
2027,1,p65,OkonRecycling,405727,Bernard Creek Solar,TX,40183.41186047591
2027,1,p65,OkonRecycling,405477,Brightside,TX,236865.43797429418
2027,1,p65,OkonRecycling,401728,CPS 1 Community Solar,TX,19581352.693725336
2027,1,p65,OkonRecycling,404359,FELPS 1-Calaveras,TX,6777405.06608224
2027,1,p65,OkonRecycling,404361,FELPS 2-Calaveras,TX,10165673.91093264
2027,1,p65,OkonRecycling,404739,FELPS 6- Floresville West,TX,10347503.062976409
2027,1,p65,OkonRecycling,404740,FELPS 7- Floresville West,TX,10344161.369113056
2027,1,p65,SolarCycle,405801,Horizon Solar,TX,27668.285899184375
2027,1,p65,OkonRecycling,405380,IKEA Live Oak Rooftop PV System,TX,11012976.538211431
2027,1,p65,SolarCycle,403343,Mars Solar,TX,969197.8357032855
2027,1,p65,OkonRecycling,404877,Nebula Solar,TX,135107.08902542747
2027,1,p65,OkonRecycling,400694,"OCI Alamo 2, LLC",TX,2182279.5595049527
2027,1,p65,SolarCycle,400966,"OCI Alamo 5, LLC",TX,198481.58890493933
2027,1,p65,OkonRecycling,400593,OCI Alamo Solar I Hybrid,TX,250853.21962583426
2027,1,p65,SolarCycle,405809,Shakes Solar,TX,21854.6794424125
2027,1,p65,OkonRecycling,405545,Sparta Solar,TX,31562.769424379574
2027,1,p65,OkonRecycling,400379,"SunE CPS1, LLC",TX,1035336.4369973458
2027,1,p65,OkonRecycling,400364,"SunE CPS2, LLC",TX,1038162.4408189673
2027,1,p65,OkonRecycling,400353,"SunE CPS3, LLC",TX,661569.2281375349
2027,1,p65,OkonRecycling,406032,Tres Bahias,TX,28544.770736992225
2027,1,p67,OkonRecycling,404939,Brazoria County Solar Project (Danciger),TX,12655.73241602978
2027,1,p67,OkonRecycling,404681,Brazoria West,TX,3511.6035138107177
2027,1,p67,OkonRecycling,405564,"Fort Bend Solar, LLC",TX,5039.373457990042
2027,1,p67,OkonRecycling,403514,Wagyu,TX,20978.687469511235
2027,2,p12,ComstockMetals,402144,Battle Mountain Solar Project,NV,1051.7634546996383
2027,2,p12,ComstockMetals,405025,Brady,NV,1030.097912209912
2027,2,p12,ComstockMetals,405553,Dodge Flat,NV,420.6386645526096
2027,2,p12,ComstockMetals,402609,"EGP Stillwater Solar PV II, LLC",NV,2054.14889116167
2027,2,p12,ComstockMetals,404659,Fish Springs,NV,673.8237653187829
2027,2,p12,ComstockMetals,401086,Ft. Churchill PV,NV,688.9194009144314
2027,2,p12,ComstockMetals,405028,Galena 2 Geothermal Power Plant,NV,2114.8811946765863
2027,2,p12,ComstockMetals,400468,"Patua Acquisition Project, LLC",NV,1669.4743681060665
2027,2,p12,ComstockMetals,405021,Steamboat Hills LP,NV,2986.8049316499814
2027,2,p12,ComstockMetals,405023,Steamboat II,NV,1401.0165178059606
2027,2,p12,ComstockMetals,405024,Steamboat III,NV,1307.5824053743308
2027,2,p12,ComstockMetals,400029,Stillwater Facility,NV,1418.8098447458801
2027,2,p12,ComstockMetals,401318,Sunshine Valley Solar,NV,2636.853647590266
2027,2,p12,ComstockMetals,405026,TS Power Plant,NV,3492.0866944837994
2027,2,p12,ComstockMetals,405576,Tesla Reno GigaFactory,NV,786.9122963452143
2027,2,p12,ComstockMetals,401943,Tungsten Mountain,NV,3376.497658106182
2027,2,p12,ComstockMetals,403308,Turquoise Liberty Solar,NV,1275.2521033208436
2027,2,p12,ComstockMetals,403884,"Turquoise Nevada, LLC",NV,531.335138947523
2027,2,p12,ComstockMetals,400035,Western 102 Power Plant,NV,4498.1154202672005
2027,2,p13,WeRecycleSolar,400555,Apex Solar PV Power Project,NV,16303.215832908232
2027,2,p13,WeRecycleSolar,405385,Arrow Canyon Solar Hybrid,NV,1319.9410010733422
2027,2,p13,WeRecycleSolar,400059,CM10,NV,56853.60047167284
2027,2,p13,WeRecycleSolar,400086,CM48,NV,5097.204652259478
2027,2,p13,WeRecycleSolar,400363,Copper Mountain Solar 2,NV,4052.152235466305
2027,2,p13,WeRecycleSolar,403688,"Copper Mountain Solar 5, LLC",NV,4891.999230140532
2027,2,p13,WeRecycleSolar,405358,Dignity - San Martin,NV,367010.1729338946
2027,2,p13,WeRecycleSolar,405355,Dignity - Siena Campus,NV,286917.48161611264
2027,2,p13,WeRecycleSolar,405556,Dry Lake Solar Energy Center,NV,3219.0386341151607
2027,2,p13,WeRecycleSolar,405495,Gemini Solar,NV,1005.3517863864435
2027,2,p13,WeRecycleSolar,406090,IGS LAS1,NV,601108.2733538566
2027,2,p13,WeRecycleSolar,400545,Las Vegas WPCF Solar Plant,NV,123611.99764829114
2027,2,p13,WeRecycleSolar,400600,Mountain View Solar,NV,16257.582011111544
2027,2,p13,WeRecycleSolar,400036,Nellis Air Force Base Solar Array,NV,104890.02756784519
2027,2,p13,WeRecycleSolar,401274,River Mountains Solar,NV,81964.5070270261
2027,2,p13,WeRecycleSolar,401042,Searchlight Solar,NV,30381.128794042055
2027,2,p13,WeRecycleSolar,400166,Silver State Solar Power North,NV,7883.7184847982335
2027,2,p13,WeRecycleSolar,400658,Silver State Solar Power South,NV,1950.3595355758614
2027,2,p13,WeRecycleSolar,405246,"Solar Las Vegas MB 2, LLC",NV,411961.19860114803
2027,2,p13,WeRecycleSolar,405188,Solar Las Vegas MB-1,NV,126468.15171287162
2027,2,p13,WeRecycleSolar,402691,"Techren Solar III, LLC",NV,15570.321009514482
2027,2,p13,WeRecycleSolar,402692,"Techren Solar IV, LLC",NV,23244.83519659658
2027,2,p13,WeRecycleSolar,401851,Townsite Solar Project Hybrid,NV,7558.720102463265
2027,2,p13,WeRecycleSolar,404971,Yellow Pine Solar,NV,4003.6576542486087
2027,2,p27,WeRecycleSolar,400374,"Black Mountain Solar, LLC",AZ,24135.6469345833
2027,2,p27,WeRecycleSolar,402236,Gray Hawk Solar,AZ,5235.088485047962
2027,2,p27,WeRecycleSolar,401819,Jacobson 5 MW Solar,AZ,25868.032668798827
2027,2,p27,WeRecycleSolar,403718,Mohave Electric Cooperative at Joy Lane,AZ,12143.14510633735
2027,2,p27,WeRecycleSolar,406478,Mohave Energy - Hybrid,AZ,13717.55624302109
2027,2,p28,WeRecycleSolar,400148,Agua Caliente Solar Project,AZ,1840.9116185259027
2027,2,p28,FabTechSolar,402067,Apache Solar 1,AZ,33061.47734450497
2027,2,p28,WeRecycleSolar,400274,Arizona Western College PV,AZ,124648.62906824077
2027,2,p28,WeRecycleSolar,400240,Arlington Valley Solar Energy II,AZ,2046.2217445668389
2027,2,p28,WeRecycleSolar,400437,Badger 1,AZ,7226.435802428322
2027,2,p28,FabTechSolar,401688,Bonnybrooke PV,AZ,1805.4822271308078
2027,2,p28,WeRecycleSolar,400371,Buckeye Union HS District 201,AZ,41974.0509708425
2027,2,p28,FabTechSolar,405635,"Central Line Solar, LLC",AZ,914.7442823169996
2027,2,p28,WeRecycleSolar,400201,Chino Solar Valley,AZ,11659.059821483846
2027,2,p28,WeRecycleSolar,401069,Desert Star Hybrid,AZ,17274.345479215885
2027,2,p28,FabTechSolar,403257,East Line Solar,AZ,1948.257384468035
2027,2,p28,FabTechSolar,406171,Eleven Mile Solar Center,AZ,642.3476769106752
2027,2,p28,WeRecycleSolar,400349,Foothills Solar Plant Hybrid,AZ,9724.322987130508
2027,2,p28,FabTechSolar,400825,Fort Huachuca Solar PV Project,AZ,39502.27962426727
2027,2,p28,WeRecycleSolar,400845,Gila Bend Hybrid,AZ,3777.8924965387127
2027,2,p28,WeRecycleSolar,400204,Hyder Solar Hybrid,AZ,12101.462560514095
2027,2,p28,FabTechSolar,405282,Intel - Ocotillo Campus Solar,AZ,7809.1840917909185
2027,2,p28,WeRecycleSolar,405125,Jewish Community Center PV,AZ,29873.7068753277
2027,2,p28,WeRecycleSolar,402234,Kayenta Solar Project,AZ,22031.85613548539
2027,2,p28,WeRecycleSolar,400128,Luke Solar,AZ,3008.6839057972593
2027,2,p28,WeRecycleSolar,405068,Macys Goodyear,AZ,10477.709290216697
2027,2,p28,WeRecycleSolar,406279,McFarland A Solar and Storage,AZ,2482.278762771449
2027,2,p28,FabTechSolar,405617,Mesa Carport PV,AZ,6102.1216086952545
2027,2,p28,FabTechSolar,404512,Mesa Solar Array,AZ,6917.495331532844
2027,2,p28,WeRecycleSolar,400250,Mesquite Solar 1,AZ,628.6898946173145
2027,2,p28,WeRecycleSolar,401621,"Mesquite Solar 2, LLC",AZ,1564.5588238025284
2027,2,p28,WeRecycleSolar,401622,"Mesquite Solar 3, LLC",AZ,1184.5790682426698
2027,2,p28,WeRecycleSolar,404922,"Mesquite Solar 5, LLC",AZ,4250.290736490324
2027,2,p28,WeRecycleSolar,403572,OE_AZ1,AZ,7210.572914120568
2027,2,p28,WeRecycleSolar,400203,Paloma Solar Hybrid,AZ,4430.1182957785095
2027,2,p28,WeRecycleSolar,405126,Paradise Valley H.S. PV,AZ,25885.383186763866
2027,2,p28,WeRecycleSolar,405150,Phoenix Airport East Economy Lot,AZ,11879.115029648281
2027,2,p28,WeRecycleSolar,405151,Phoenix Airport Rental Car Center,AZ,1453.9304282636497
2027,2,p28,FabTechSolar,402528,Pinal Central Energy Center Hybrid,AZ,7732.501370899441
2027,2,p28,FabTechSolar,400125,"Poseidon Solar, LLC",AZ,4906.50912826138
2027,2,p28,WeRecycleSolar,400031,Prescott Airport,AZ,27834.085118853418
2027,2,p28,WeRecycleSolar,400401,Prescott Solar Plant,AZ,20372.106802004477
2027,2,p28,FabTechSolar,400323,Queen Creek Solar Farm,AZ,2763.3560990691503
2027,2,p28,WeRecycleSolar,400289,"RE Bagdad Solar I, LLC",AZ,32190.995273803965
2027,2,p28,FabTechSolar,401726,Red Rock,AZ,7246.549305589203
2027,2,p28,WeRecycleSolar,400416,Saddle Mountain Solar I,AZ,10518.845543931238
2027,2,p28,FabTechSolar,403674,Saint Solar,AZ,928.5250800140172
2027,2,p28,FabTechSolar,401214,Sandstone Solar,AZ,1277.8437257692187
2027,2,p28,WeRecycleSolar,405029,Solana Generating Station,AZ,756.3101460132795
2027,2,p28,WeRecycleSolar,406275,Sonoran Solar Energy,AZ,546.5769435744037
2027,2,p28,FabTechSolar,406034,Storey Solar and Storage,AZ,1616.6015480383026
2027,2,p28,WeRecycleSolar,403643,Sun Streams 2,AZ,859.9360479315604
2027,2,p28,WeRecycleSolar,406517,Sun Streams 3,AZ,1345.888830979777
2027,2,p28,WeRecycleSolar,401975,"Sun Streams, LLC",AZ,665.9481385288499
2027,2,p28,FabTechSolar,405134,Union HS at Casa Grande,AZ,14538.013344875668
2027,2,p28,FabTechSolar,405135,Vista Grande HS at Casa Grande,AZ,23378.949326679594
2027,2,p28,FabTechSolar,400334,Walmart Casa Grande,AZ,67839.57571483415
2027,2,p28,FabTechSolar,406098,"West Line Solar, LLC",AZ,914.9794319334583
2027,2,p29,FabTechSolar,400014,Springerville,AZ,48604.112227187026
2027,2,p30,FabTechSolar,405611,Amazon TUS2,AZ,35900.25428015614
2027,2,p30,FabTechSolar,400939,Avalon Solar,AZ,5279.347688099535
2027,2,p30,FabTechSolar,401479,Avalon Solar II,AZ,9178.556723582748
2027,2,p30,FabTechSolar,400226,Avra Valley Solar,AZ,4139.167248838295
2027,2,p30,FabTechSolar,404704,Broadway 2 - Tucson Phase II,AZ,25206.060764558064
2027,2,p30,FabTechSolar,401295,Davis Monthan AFB (AZ) West Airfield,AZ,21400.090897085647
2027,2,p30,FabTechSolar,400761,"Gato Montes Solar, LLC",AZ,56939.2198104341
2027,2,p30,FabTechSolar,404536,Iron Horse Battery Storage Hybrid,AZ,71200.45803765983
2027,2,p30,FabTechSolar,400552,"Picture Rocks Solar, LLC",AZ,2079.82569047809
2027,2,p30,FabTechSolar,405374,Pima Community College,AZ,62493.83077376728
2027,2,p30,FabTechSolar,405303,Pima Community College - East Campus,AZ,100525.95032307021
2027,2,p30,FabTechSolar,404926,Raptor Ridge,AZ,11223.466762039669
2027,2,p30,FabTechSolar,400857,Rio Rico Solar,AZ,16088.749207710684
2027,2,p30,FabTechSolar,401076,Tech Park Solar,AZ,28207.55296778963
2027,2,p30,FabTechSolar,400156,UASTP I,AZ,237316.68461618887
2027,2,p30,FabTechSolar,401075,Valencia Solar,AZ,15416.610607984501
2027,2,p30,FabTechSolar,404187,"Wilmot Energy Center, LLC",AZ,1507.2996330167991
2027,2,p31,FabTechSolar,400206,Albuquerque Solar Energy Center,NM,1332210.8730666381
2027,2,p31,SolarCycle,403675,Alcalde Solar Array,NM,620291.7456757709
2027,2,p31,FabTechSolar,405469,Arroyo Solar Energy Storage Hybrid,NM,4544.609025273069
2027,2,p31,FabTechSolar,403321,Bluewater CDEC 1,NM,882941.398949837
2027,2,p31,SolarCycle,402876,CNMEC Solar Energy Center,NM,606273.7699786364
2027,2,p31,SolarCycle,402519,Carrizozo Solar,NM,212228.48744356295
2027,2,p31,FabTechSolar,401202,Cibola,NM,106068.20586234277
2027,2,p31,FabTechSolar,402988,City of Gallup Solar,NM,238302.367972469
2027,2,p31,FabTechSolar,403604,City of Rio Rancho WWTP,NM,715975.6541185747
2027,2,p31,FabTechSolar,401225,City of Truth or Consequences PV,NM,375811.703465892
2027,2,p31,FabTechSolar,403868,Encino Solar Energy Center,NM,16143.208518125772
2027,2,p31,FabTechSolar,401038,Eubank Landfill Solar Array,NM,667690.2217911707
2027,2,p31,FabTechSolar,402443,Facebook 3 Solar Energy Center,NM,126868.25467449924
2027,2,p31,FabTechSolar,403322,Grants CDEC 2,NM,476664.5683250506
2027,2,p31,FabTechSolar,400216,"Hatch Solar Energy Center I, LLC",NM,438493.9762070862
2027,2,p31,FabTechSolar,406109,"Jicarilla Solar 1, LLC",NM,13873.945513370001
2027,2,p31,SolarCycle,400427,Kit Carson,NM,2502629.553680673
2027,2,p31,SolarCycle,400210,Las Vegas Solar Energy Center,NM,255103.4699929023
2027,2,p31,SolarCycle,400434,Los Alamos PV Site,NM,1478748.0889638935
2027,2,p31,FabTechSolar,400207,Los Lunas Solar Energy Center,NM,180454.1956450557
2027,2,p31,FabTechSolar,400838,Macho Springs,NM,13746.811580314108
2027,2,p31,FabTechSolar,400582,Manzano Solar,NM,160253.8582075711
2027,2,p31,SolarCycle,401201,Meadow Lake Solar Energy Center,NM,47967.37818338644
2027,2,p31,FabTechSolar,406375,OE_ESCL,NM,5688.576687839584
2027,2,p31,SolarCycle,400581,Otero Solar,NM,246912.95672792467
2027,2,p31,SolarCycle,400146,Questa Solar Facility,NM,791564.4646687327
2027,2,p31,FabTechSolar,403178,"RC Energy AA, LLC Solar Facility",NM,671141.0044881545
2027,2,p31,FabTechSolar,401566,Rio Communities Solar Energy Center,NM,126334.64256570885
2027,2,p31,FabTechSolar,403084,Rio De Oro Solar Energy Center,NM,127088.31127358717
2027,2,p31,FabTechSolar,400624,Rio Rancho High School,NM,1328842.971800499
2027,2,p31,SolarCycle,400135,Roadrunner Solar,NM,51935.05793904317
2027,2,p31,FabTechSolar,404648,"Route 66 Energy Center, LLC",NM,22789.124920659106
2027,2,p31,SolarCycle,403387,San Miguel I Solar Energy Center,NM,127086.5739771461
2027,2,p31,SolarCycle,405458,San Miguel II Solar Energy Center,NM,84892.39562127789
2027,2,p31,FabTechSolar,401161,Sandoval Solar Energy Center,NM,142426.13486873708
2027,2,p31,SolarCycle,401564,Santa Fe Solar Energy Center,NM,145276.43951145542
2027,2,p31,FabTechSolar,401565,Santolina Solar Energy Center,NM,120278.42616777666
2027,2,p31,FabTechSolar,400596,Silver City WWTP PV Project,NM,858544.0286447047
2027,2,p31,FabTechSolar,401563,South Valley Solar Energy Center,NM,128841.86178218164
2027,2,p31,SolarCycle,401162,Springer Solar 1,NM,1554300.879393285
2027,2,p31,SolarCycle,400735,Storrie Lake Solar Project,NM,1698907.4595053326
2027,2,p31,FabTechSolar,400623,Sue Cleveland High School,NM,2679615.0396208744
2027,2,p31,SolarCycle,400343,"SunE EPE1, LLC",NM,96484.47026911877
2027,2,p31,SolarCycle,402854,Syncarpha Eagle Nest,NM,1503396.9232995817
2027,2,p31,SolarCycle,403413,Syncarpha Questa,NM,1002669.9969508966
2027,2,p31,SolarCycle,403411,Syncarpha Taos,NM,323843.590029689
2027,2,p31,SolarCycle,404618,Taos Mesa Energy Facility Hybrid,NM,202969.83287635594
2027,2,p31,FabTechSolar,403011,Vista Solar Energy Center,NM,255930.931518802
2027,2,p31,SolarCycle,400354,WSMR I,NM,145766.15117337243
2027,2,p31,FabTechSolar,405245,Wal-Mart Truth or Consequences PV,NM,719768.0038052821
2027,2,p47,SolarCycle,400979,"Caprock Solar 1, LLC",NM,23094.510644381622
2027,2,p47,SolarCycle,400614,GSE NM1,NM,651052.1631977907
2027,2,p47,SolarCycle,404982,Hayhurst New Mexico Solar,NM,13592.346435962516
2027,2,p47,SolarCycle,402530,Middle Daisy,NM,48885.86124585233
2027,2,p47,SolarCycle,400546,SEV NM Phase 2,NM,290184.64021351206
2027,2,p47,SolarCycle,400261,SPS2 Jal,NM,40397.42378922556
2027,2,p47,SolarCycle,400262,SPS3 Lea,NM,15044.91115510192
2027,2,p47,SolarCycle,400264,SPS5 Hopi,NM,43473.19569905576
2027,2,p47,SolarCycle,404698,SoCore Clovis 1,NM,343525.25766692543
2027,2,p48,SolarCycle,406439,"BESSP1, LLC",TX,133974.30554343603
2027,2,p57,OkonRecycling,404918,"Hecate Energy Upshur Rural, LLC",TX,27619.666035211852
2027,2,p59,SolarCycle,402666,Fort Bliss (DEA EPIC),TX,255719.54154780143
2027,2,p59,SolarCycle,401616,Montana Solar Facility,TX,82161.2319458573
2027,2,p59,SolarCycle,401045,Newman Solar,TX,50162.27473827081
2027,2,p60,SolarCycle,403962,"ANSON Solar Center, LLC",TX,1340.876865526441
2027,2,p60,OkonRecycling,403883,Azure Sky Solar,TX,923.2137065627401
2027,2,p60,SolarCycle,403232,"ENGIE Long Draw Solar, LLC",TX,1620.4820926099133
2027,2,p60,SolarCycle,406252,Highpeak Solar 1,TX,14448.453310200808
2027,2,p60,SolarCycle,402721,Holstein 1 Solar Farm,TX,971.1306118003223
2027,2,p60,SolarCycle,405492,Juno Solar Project,TX,860.682368058863
2027,2,p60,SolarCycle,402541,Lamesa II,TX,1582.5568027103382
2027,2,p60,SolarCycle,401660,Lamesa Solar,TX,1174.0633138630956
2027,2,p60,SolarCycle,405932,Lumina II Solar Project,TX,1702.1154631535605
2027,2,p60,SolarCycle,405933,Lumina Solar Project,TX,1006.0014310668574
2027,2,p60,SolarCycle,402909,Misae Solar,TX,2029.0004560160369
2027,2,p60,OkonRecycling,400968,"OCI Alamo 7, LLC",TX,2242.4917584541736
2027,2,p60,SolarCycle,405939,Texas Solar Nova 1,TX,1020.2318122696759
2027,2,p61,SolarCycle,400967,Alamo 6,TX,630.1165703377973
2027,2,p61,SolarCycle,403557,Aragorn Solar Project,TX,1128.5558127921563
2027,2,p61,SolarCycle,400691,Barilla Solar,TX,3430.880732400108
2027,2,p61,SolarCycle,401946,Bluebell Solar,TX,1687.865545327047
2027,2,p61,SolarCycle,403574,Bluebell Solar II,TX,817.4797156582822
2027,2,p61,SolarCycle,401463,Buckthorn Westex,TX,565.9283834014808
2027,2,p61,SolarCycle,401703,East Pecos Solar,TX,747.0283283177857
2027,2,p61,SolarCycle,405363,Galloway 1 Solar Farm,TX,830.4940203782113
2027,2,p61,SolarCycle,405494,Galloway 2 Solar Farm,TX,3287.9528534950337
2027,2,p61,SolarCycle,403210,Greasewood,TX,557.3173918972776
2027,2,p61,SolarCycle,406370,Hayhurst Texas Solar,TX,4754.941352943581
2027,2,p61,SolarCycle,402304,Midway Solar-TX,TX,749.3091364963254
2027,2,p61,SolarCycle,400695,"OCI Alamo 4, LLC",TX,2675.6783734141886
2027,2,p61,SolarCycle,401868,Pearl Solar,TX,894.0668971441519
2027,2,p61,SolarCycle,402290,RE Maplewood,TX,656.9525189387462
2027,2,p61,SolarCycle,401430,RE Roserock,TX,678.4815352295475
2027,2,p61,SolarCycle,402848,Rambler,TX,773.2720634671766
2027,2,p61,SolarCycle,402083,Solaire Holman Solar Project,TX,2060.0233063256187
2027,2,p61,SolarCycle,403023,"Taygete Energy Project, LLC",TX,537.2702447503493
2027,2,p61,SolarCycle,404647,Taygete II Energy Project,TX,626.1797714952785
2027,2,p61,SolarCycle,403551,Titan Solar Project,TX,907.6766597117775
2027,2,p61,SolarCycle,406103,Zier Solar,TX,1786.6784900755067
2027,2,p62,SolarCycle,403502,2W Permian Solar Project Hybrid,TX,442.97569366642995
2027,2,p62,SolarCycle,403697,CED Crane Solar,TX,544.3326802418488
2027,2,p62,SolarCycle,401525,Castle Gap Solar Hybrid,TX,522.4081228958506
2027,2,p62,SolarCycle,403004,Lapetus,TX,648.7094224005833
2027,2,p62,SolarCycle,403280,Oberon IA,TX,477.0036721795555
2027,2,p62,SolarCycle,403279,Oberon IB,TX,1178.6921360318615
2027,2,p62,SolarCycle,403602,Oxy Renewable Energy-Goldsmith,TX,2813.1945124240115
2027,2,p62,SolarCycle,402679,Phoebe Solar,TX,462.93093180081155
2027,2,p62,SolarCycle,403177,Prospero Solar,TX,476.5683118978427
2027,2,p62,SolarCycle,404128,Prospero Solar II,TX,582.4561048833758
2027,2,p62,SolarCycle,403070,"Roadrunner, LLC",TX,478.69706165427556
2027,2,p62,SolarCycle,401805,Upton County Solar,TX,495.03590783798995
2027,2,p62,SolarCycle,402995,West of the Pecos Solar,TX,612.4451892206798
2027,2,p63,OkonRecycling,405599,"BPL Crown Solar, LLC",TX,2792.5281181943305
2027,2,p63,OkonRecycling,404966,BPL Files Solar,TX,828.2335887440685
2027,2,p63,OkonRecycling,403825,Briar Creek Solar 1,TX,1342.7542238440951
2027,2,p63,OkonRecycling,402610,Chisum,TX,5670.74790489978
2027,2,p63,OkonRecycling,401697,CoServ Community Solar Station,TX,14245.349250249896
2027,2,p63,OkonRecycling,403188,Coniglio Solar,TX,980.0431789879428
2027,2,p63,OkonRecycling,406415,Dileo Solar,TX,5675.031334098783
2027,2,p63,OkonRecycling,402655,Eddy II,TX,50251.19947844289
2027,2,p63,OkonRecycling,406221,Eiffel Solar Project,TX,2248.6824275646245
2027,2,p63,OkonRecycling,405540,"Ellis Solar, LLC",TX,776.8939545107372
2027,2,p63,OkonRecycling,403823,Elm Branch Solar 1,TX,1064.3534687553058
2027,2,p63,OkonRecycling,406206,Five Wells Solar Center - Hybrid,TX,811.4639188035616
2027,2,p63,OkonRecycling,404567,G.S.E. One LLC,TX,1573.63538112784
2027,2,p63,OkonRecycling,403288,Griffin Solar,TX,22100.482311239164
2027,2,p63,OkonRecycling,406202,Grizzly Ridge Solar,TX,2965.8190362755277
2027,2,p63,OkonRecycling,402329,Highway 56 Solar,TX,10704.19766296493
2027,2,p63,OkonRecycling,405319,IKEA Grand Prairie Rooftop PV System,TX,27450.243274357992
2027,2,p63,OkonRecycling,405689,"IP Radian, LLC",TX,1592.4275517285066
2027,2,p63,OkonRecycling,403481,Impact Solar 1,TX,1159.7550262453844
2027,2,p63,OkonRecycling,403190,Kellam Solar,TX,5671.308920575349
2027,2,p63,OkonRecycling,402421,Leon Solar,TX,2883.3949466108916
2027,2,p63,OkonRecycling,403874,Lily Solar Hybrid,TX,852.9694431068599
2027,2,p63,OkonRecycling,402404,Marlin Solar,TX,91952.6964692034
2027,2,p63,OkonRecycling,405794,Noble Solar,TX,606.2171361968991
2027,2,p63,OkonRecycling,401933,Phantom Solar,TX,20247.153954623733
2027,2,p63,OkonRecycling,406416,Pitts Dudik Solar,TX,3311.767962235543
2027,2,p63,OkonRecycling,403189,Rippey Solar,TX,4923.9711974988595
2027,2,p63,OkonRecycling,404630,"Samson Solar Energy III, LLC",TX,1017.1407991528332
2027,2,p63,OkonRecycling,402652,Sterling Solar (TX),TX,4673.410170186017
2027,2,p63,OkonRecycling,403457,"TPE Whitney Solar, LLC",TX,10656.254071480878
2027,2,p63,OkonRecycling,405361,Toyota HQ Plan,TX,1833.2006394940768
2027,2,p63,OkonRecycling,405907,Verizon Hidden Ridge Solar Project,TX,2138.028634705804
2027,2,p63,OkonRecycling,405984,Waco Solar,TX,690.0568098062823
2027,2,p63,OkonRecycling,402306,Walnut Springs Solar,TX,69753.6182775216
2027,2,p63,OkonRecycling,402497,West Moore Solar II,TX,6558.081146258379
2027,2,p63,OkonRecycling,402330,Whitesboro Solar,TX,5854.427089432531
2027,2,p63,OkonRecycling,402331,Whitesboro Solar II,TX,5902.123482382691
2027,2,p63,OkonRecycling,402414,Whitewright Solar,TX,3677.0008295391017
2027,2,p63,OkonRecycling,402654,Yellow Jacket,TX,36263.73040141539
2027,2,p64,OkonRecycling,405731,Austin TX GigaFactory,TX,123638.55295230912
2027,2,p64,OkonRecycling,404721,"Blue Jay Solar I, LLC",TX,1308.8707873178387
2027,2,p64,OkonRecycling,402389,"E-Volve Energy Holdings, LLC",TX,170681.0455155386
2027,2,p64,OkonRecycling,400227,East Blackland Solar Project 1,TX,1387.55294160631
2027,2,p64,OkonRecycling,405101,IKEA Round Rock 027,TX,98918.04131536631
2027,2,p64,SolarCycle,402653,Lampwick,TX,61713.022459075306
2027,2,p64,OkonRecycling,405613,Niagara Bottling - Seguin,TX,60601.32400687134
2027,2,p64,OkonRecycling,400249,Webberville Solar Project,TX,15747.362885674751
2027,2,p65,OkonRecycling,405700,Aktina Solar,TX,9665.967004948523
2027,2,p65,OkonRecycling,405727,Bernard Creek Solar,TX,11525.369074366285
2027,2,p65,OkonRecycling,405477,Brightside,TX,165717.97725280753
2027,2,p65,OkonRecycling,402656,Cascade Solar (TX),TX,457646.6580810861
2027,2,p65,OkonRecycling,404359,FELPS 1-Calaveras,TX,7107320.860958153
2027,2,p65,OkonRecycling,404361,FELPS 2-Calaveras,TX,4738238.32307537
2027,2,p65,OkonRecycling,404739,FELPS 6- Floresville West,TX,7234278.081512874
2027,2,p65,OkonRecycling,404740,FELPS 7- Floresville West,TX,7231941.832821226
2027,2,p65,SolarCycle,405801,Horizon Solar,TX,19463.834049585144
2027,2,p65,OkonRecycling,405380,IKEA Live Oak Rooftop PV System,TX,3849962.314972962
2027,2,p65,SolarCycle,403343,Mars Solar,TX,1016360.5137481585
2027,2,p65,OkonRecycling,404877,Nebula Solar,TX,63184.37889294817
2027,2,p65,OkonRecycling,400965,"OCI Alamo 3, LLC",TX,2427230.400998621
2027,2,p65,SolarCycle,400966,"OCI Alamo 5, LLC",TX,28096.60368915863
2027,2,p65,OkonRecycling,400593,OCI Alamo Solar I Hybrid,TX,175497.13055612415
2027,2,p65,SolarCycle,405809,Shakes Solar,TX,15399.419105013556
2027,2,p65,OkonRecycling,405545,Sparta Solar,TX,22186.54965802701
2027,2,p65,OkonRecycling,400379,"SunE CPS1, LLC",TX,1447491.801789894
2027,2,p65,OkonRecycling,400364,"SunE CPS2, LLC",TX,484081.079864698
2027,2,p65,OkonRecycling,400353,"SunE CPS3, LLC",TX,1387112.0753948763
2027,2,p65,OkonRecycling,406032,Tres Bahias,TX,16141.282475249056
2027,2,p67,OkonRecycling,404939,Brazoria County Solar Project (Danciger),TX,8981.530274022438
2027,2,p67,OkonRecycling,404681,Brazoria West,TX,4757.523295726691
2027,2,p67,OkonRecycling,404587,Fighting Jays Solar Project,TX,7747.792494630532
2027,2,p67,OkonRecycling,405564,"Fort Bend Solar, LLC",TX,2565.6762963789224
2027,2,p67,OkonRecycling,403514,Wagyu,TX,14809.308519846505
2027,3,p12,ComstockMetals,402144,Battle Mountain Solar Project,NV,1051.7634546996383
2027,3,p12,ComstockMetals,405025,Brady,NV,1030.097912209912
2027,3,p12,ComstockMetals,405553,Dodge Flat,NV,420.6386645526096
2027,3,p12,ComstockMetals,402609,"EGP Stillwater Solar PV II, LLC",NV,3708.2977823233387
2027,3,p12,ComstockMetals,404659,Fish Springs,NV,619.0590122550262
2027,3,p12,ComstockMetals,401086,Ft. Churchill PV,NV,737.0726344001703
2027,3,p12,ComstockMetals,405028,Galena 2 Geothermal Power Plant,NV,2114.8811946765863
2027,3,p12,ComstockMetals,400468,"Patua Acquisition Project, LLC",NV,1669.4743681060665
2027,3,p12,ComstockMetals,405021,Steamboat Hills LP,NV,2986.8049316499814
2027,3,p12,ComstockMetals,405023,Steamboat II,NV,1401.0165178059606
2027,3,p12,ComstockMetals,405024,Steamboat III,NV,1307.5824053743308
2027,3,p12,ComstockMetals,400029,Stillwater Facility,NV,1418.8098447458801
2027,3,p12,ComstockMetals,401318,Sunshine Valley Solar,NV,4873.707295180533
2027,3,p12,ComstockMetals,405026,TS Power Plant,NV,3492.0866944837994
2027,3,p12,ComstockMetals,405576,Tesla Reno GigaFactory,NV,883.640370431518
2027,3,p12,ComstockMetals,401943,Tungsten Mountain,NV,10817.741803371637
2027,3,p12,ComstockMetals,403308,Turquoise Liberty Solar,NV,1567.002804427792
2027,3,p12,ComstockMetals,403884,"Turquoise Nevada, LLC",NV,531.335138947523
2027,3,p12,ComstockMetals,400035,Western 102 Power Plant,NV,4498.1154202672005
2027,3,p13,WeRecycleSolar,400555,Apex Solar PV Power Project,NV,64012.86333163293
2027,3,p13,WeRecycleSolar,405385,Arrow Canyon Solar Hybrid,NV,1319.9410010733422
2027,3,p13,WeRecycleSolar,400059,CM10,NV,56853.60047167284
2027,3,p13,WeRecycleSolar,400086,CM48,NV,12143.011630648698
2027,3,p13,WeRecycleSolar,400363,Copper Mountain Solar 2,NV,7704.304470932609
2027,3,p13,WeRecycleSolar,403688,"Copper Mountain Solar 5, LLC",NV,4891.999230140532
2027,3,p13,WeRecycleSolar,405355,Dignity - Siena Campus,NV,286917.48161611264
2027,3,p13,WeRecycleSolar,405556,Dry Lake Solar Energy Center,NV,3219.0386341151607
2027,3,p13,WeRecycleSolar,405495,Gemini Solar,NV,1308.027679579665
2027,3,p13,WeRecycleSolar,403386,"Harry Allen Solar Energy, LLC",NV,4646.023159506096
2027,3,p13,WeRecycleSolar,406090,IGS LAS1,NV,1201816.5467077133
2027,3,p13,WeRecycleSolar,406089,IGS VGT,NV,1256002.9938175858
2027,3,p13,WeRecycleSolar,405309,IKEA Las Vegas 462,NV,625897.0061919611
2027,3,p13,WeRecycleSolar,400545,Las Vegas WPCF Solar Plant,NV,370035.9929448734
2027,3,p13,WeRecycleSolar,400036,Nellis Air Force Base Solar Array,NV,104890.02756784519
2027,3,p13,WeRecycleSolar,401274,River Mountains Solar,NV,27588.169009008703
2027,3,p13,WeRecycleSolar,401042,Searchlight Solar,NV,20387.419196028044
2027,3,p13,WeRecycleSolar,400166,Silver State Solar Power North,NV,6012.788863598676
2027,3,p13,WeRecycleSolar,400658,Silver State Solar Power South,NV,2725.5393033637924
2027,3,p13,WeRecycleSolar,405246,"Solar Las Vegas MB 2, LLC",NV,165024.4794404592
2027,3,p13,WeRecycleSolar,405188,Solar Las Vegas MB-1,NV,252536.3034257432
2027,3,p13,WeRecycleSolar,402691,"Techren Solar III, LLC",NV,23155.48151427172
2027,3,p13,WeRecycleSolar,402692,"Techren Solar IV, LLC",NV,11822.41759829829
2027,3,p13,WeRecycleSolar,404971,Yellow Pine Solar,NV,4003.6576542486087
2027,3,p27,WeRecycleSolar,400374,"Black Mountain Solar, LLC",AZ,8311.882311527766
2027,3,p27,WeRecycleSolar,402236,Gray Hawk Solar,AZ,5235.088485047962
2027,3,p27,WeRecycleSolar,401819,Jacobson 5 MW Solar,AZ,51336.065337597654
2027,3,p27,WeRecycleSolar,403718,Mohave Electric Cooperative at Joy Lane,AZ,23886.2902126747
2027,3,p27,WeRecycleSolar,401311,Mohave Electric at Fort Mohave,AZ,27031.58997682283
2027,3,p27,WeRecycleSolar,406478,Mohave Energy - Hybrid,AZ,13717.55624302109
2027,3,p28,WeRecycleSolar,405418,AZ State University - Tempe Campus Solar,AZ,17147.949287779524
2027,3,p28,WeRecycleSolar,400148,Agua Caliente Solar Project,AZ,1840.9116185259027
2027,3,p28,FabTechSolar,402067,Apache Solar 1,AZ,6932.295468900994
2027,3,p28,WeRecycleSolar,400274,Arizona Western College PV,AZ,124648.62906824077
2027,3,p28,WeRecycleSolar,400240,Arlington Valley Solar Energy II,AZ,2046.2217445668389
2027,3,p28,WeRecycleSolar,400437,Badger 1,AZ,14052.871604856648
2027,3,p28,FabTechSolar,401688,Bonnybrooke PV,AZ,3210.9644542616156
2027,3,p28,WeRecycleSolar,400371,Buckeye Union HS District 201,AZ,21187.02548542125
2027,3,p28,FabTechSolar,405635,"Central Line Solar, LLC",AZ,914.7442823169996
2027,3,p28,WeRecycleSolar,400201,Chino Solar Valley,AZ,11659.059821483846
2027,3,p28,WeRecycleSolar,400202,Cotton Center Solar Hybrid,AZ,6561.31328212774
2027,3,p28,WeRecycleSolar,401069,Desert Star Hybrid,AZ,17274.345479215885
2027,3,p28,FabTechSolar,403257,East Line Solar,AZ,1948.257384468035
2027,3,p28,FabTechSolar,406171,Eleven Mile Solar Center,AZ,884.6953538213501
2027,3,p28,FabTechSolar,400825,Fort Huachuca Solar PV Project,AZ,19951.13981213363
2027,3,p28,WeRecycleSolar,400845,Gila Bend Hybrid,AZ,2651.928331025809
2027,3,p28,FabTechSolar,400599,"Gilbert Solar Facility I, LLC",AZ,10575.827578005134
2027,3,p28,WeRecycleSolar,400204,Hyder Solar Hybrid,AZ,8200.97504034273
2027,3,p28,FabTechSolar,405282,Intel - Ocotillo Campus Solar,AZ,4104.592045895459
2027,3,p28,WeRecycleSolar,405125,Jewish Community Center PV,AZ,29873.7068753277
2027,3,p28,WeRecycleSolar,402234,Kayenta Solar Project,AZ,22031.85613548539
2027,3,p28,WeRecycleSolar,400595,Lake Pleasant WTP,AZ,22156.122118828927
2027,3,p28,WeRecycleSolar,405068,Macys Goodyear,AZ,30633.12787065009
2027,3,p28,WeRecycleSolar,406279,McFarland A Solar and Storage,AZ,2482.278762771449
2027,3,p28,FabTechSolar,405617,Mesa Carport PV,AZ,4201.414405796836
2027,3,p28,FabTechSolar,404512,Mesa Solar Array,AZ,4744.996887688562
2027,3,p28,WeRecycleSolar,400250,Mesquite Solar 1,AZ,628.6898946173145
2027,3,p28,WeRecycleSolar,401622,"Mesquite Solar 3, LLC",AZ,1969.1581364853394
2027,3,p28,WeRecycleSolar,406038,"Mesquite Solar 4, LLC",AZ,4852.66954684724
2027,3,p28,WeRecycleSolar,404922,"Mesquite Solar 5, LLC",AZ,4250.290736490324
2027,3,p28,WeRecycleSolar,403572,OE_AZ1,AZ,7210.572914120568
2027,3,p28,WeRecycleSolar,400203,Paloma Solar Hybrid,AZ,6445.177443667765
2027,3,p28,WeRecycleSolar,405126,Paradise Valley H.S. PV,AZ,51370.76637352774
2027,3,p28,WeRecycleSolar,405150,Phoenix Airport East Economy Lot,AZ,23358.230059296562
2027,3,p28,WeRecycleSolar,405151,Phoenix Airport Rental Car Center,AZ,1453.9304282636497
2027,3,p28,FabTechSolar,400125,"Poseidon Solar, LLC",AZ,4906.50912826138
2027,3,p28,WeRecycleSolar,400031,Prescott Airport,AZ,68985.21279713353
2027,3,p28,FabTechSolar,400323,Queen Creek Solar Farm,AZ,2763.3560990691503
2027,3,p28,WeRecycleSolar,405132,"RE Gillespie 1, LLC",AZ,13503.793626027726
2027,3,p28,FabTechSolar,401726,Red Rock,AZ,7246.549305589203
2027,3,p28,FabTechSolar,403674,Saint Solar,AZ,796.3938100105128
2027,3,p28,FabTechSolar,401214,Sandstone Solar,AZ,1716.765588653828
2027,3,p28,WeRecycleSolar,405029,Solana Generating Station,AZ,756.3101460132795
2027,3,p28,WeRecycleSolar,406275,Sonoran Solar Energy,AZ,546.5769435744037
2027,3,p28,FabTechSolar,406034,Storey Solar and Storage,AZ,1616.6015480383026
2027,3,p28,WeRecycleSolar,403643,Sun Streams 2,AZ,859.9360479315604
2027,3,p28,WeRecycleSolar,406517,Sun Streams 3,AZ,1345.888830979777
2027,3,p28,WeRecycleSolar,401975,"Sun Streams, LLC",AZ,732.4351731610624
2027,3,p28,WeRecycleSolar,405311,T0588 Phoenix - AZ,AZ,32499.862609379263
2027,3,p28,FabTechSolar,405135,Vista Grande HS at Casa Grande,AZ,46357.8986533592
2027,3,p28,FabTechSolar,406098,"West Line Solar, LLC",AZ,914.9794319334583
2027,3,p30,FabTechSolar,405143,Actus Lend Lease DMAFB,AZ,87781.85398646927
2027,3,p30,FabTechSolar,405611,Amazon TUS2,AZ,53650.3814202342
2027,3,p30,FabTechSolar,400939,Avalon Solar,AZ,10158.695376199068
2027,3,p30,FabTechSolar,401479,Avalon Solar II,AZ,9178.556723582748
2027,3,p30,FabTechSolar,400226,Avra Valley Solar,AZ,7878.33449767659
2027,3,p30,FabTechSolar,404704,Broadway 2 - Tucson Phase II,AZ,74818.18229367418
2027,3,p30,FabTechSolar,405269,Canyon Del Oro High School Solar,AZ,51257.6353091341
2027,3,p30,FabTechSolar,401295,Davis Monthan AFB (AZ) West Airfield,AZ,21400.090897085647
2027,3,p30,FabTechSolar,400761,"Gato Montes Solar, LLC",AZ,56939.2198104341
2027,3,p30,FabTechSolar,404536,Iron Horse Battery Storage Hybrid,AZ,142000.91607531963
2027,3,p30,FabTechSolar,400552,"Picture Rocks Solar, LLC",AZ,2079.82569047809
2027,3,p30,FabTechSolar,405374,Pima Community College,AZ,83191.77436502305
2027,3,p30,FabTechSolar,405516,Pima Community College NW,AZ,57829.50287907296
2027,3,p30,FabTechSolar,400857,Rio Rico Solar,AZ,63154.99683084274
2027,3,p30,FabTechSolar,401076,Tech Park Solar,AZ,28207.55296778963
2027,3,p30,FabTechSolar,400156,UASTP I,AZ,79372.22820539628
2027,3,p30,FabTechSolar,401075,Valencia Solar,AZ,15416.610607984501
2027,3,p30,FabTechSolar,404187,"Wilmot Energy Center, LLC",AZ,1507.2996330167991
2027,3,p31,SolarCycle,400211,Alamogordo Solar Energy Center,NM,376211.25074760907
2027,3,p31,FabTechSolar,400206,Albuquerque Solar Energy Center,NM,666305.4365333192
2027,3,p31,SolarCycle,403675,Alcalde Solar Array,NM,1240183.4913515418
2027,3,p31,FabTechSolar,405469,Arroyo Solar Energy Storage Hybrid,NM,4544.609025273069
2027,3,p31,FabTechSolar,403321,Bluewater CDEC 1,NM,441670.6994749185
2027,3,p31,SolarCycle,404981,Buena Vista Energy Center,NM,16398.703016791464
2027,3,p31,SolarCycle,402876,CNMEC Solar Energy Center,NM,606273.7699786364
2027,3,p31,FabTechSolar,402988,City of Gallup Solar,NM,238302.367972469
2027,3,p31,FabTechSolar,403604,City of Rio Rancho WWTP,NM,1073763.4811778618
2027,3,p31,FabTechSolar,401225,City of Truth or Consequences PV,NM,161290.73005681083
2027,3,p31,FabTechSolar,400209,Deming Solar Energy Center,NM,75513.50074840146
2027,3,p31,FabTechSolar,403868,Encino Solar Energy Center,NM,47629.625554377315
2027,3,p31,FabTechSolar,401038,Eubank Landfill Solar Array,NM,1334980.4435823413
2027,3,p31,FabTechSolar,402443,Facebook 3 Solar Energy Center,NM,63634.127337249614
2027,3,p31,FabTechSolar,403322,Grants CDEC 2,NM,476664.5683250506
2027,3,p31,FabTechSolar,400216,"Hatch Solar Energy Center I, LLC",NM,219446.9881035431
2027,3,p31,SolarCycle,401617,Holloman Solar Facility,NM,377291.7777274573
2027,3,p31,FabTechSolar,406109,"Jicarilla Solar 1, LLC",NM,54295.78205348001
2027,3,p31,SolarCycle,400427,Kit Carson,NM,417438.2589467787
2027,3,p31,SolarCycle,400210,Las Vegas Solar Energy Center,NM,127751.73499645114
2027,3,p31,SolarCycle,400434,Los Alamos PV Site,NM,2957096.1779277874
2027,3,p31,FabTechSolar,400838,Macho Springs,NM,8408.086948188466
2027,3,p31,FabTechSolar,400582,Manzano Solar,NM,106969.23880504741
2027,3,p31,SolarCycle,401201,Meadow Lake Solar Energy Center,NM,285804.26910031866
2027,3,p31,SolarCycle,405693,NMSU Solar and Storage,NM,707487.3433902088
2027,3,p31,FabTechSolar,406375,OE_ESCL,NM,5688.576687839584
2027,3,p31,SolarCycle,400581,Otero Solar,NM,123656.47836396233
2027,3,p31,SolarCycle,400146,Questa Solar Facility,NM,1582728.9293374657
2027,3,p31,FabTechSolar,403178,"RC Energy AA, LLC Solar Facility",NM,2683364.0179526177
2027,3,p31,FabTechSolar,401566,Rio Communities Solar Energy Center,NM,252269.28513141774
2027,3,p31,FabTechSolar,403084,Rio De Oro Solar Energy Center,NM,51075.32450943487
2027,3,p31,FabTechSolar,400624,Rio Rancho High School,NM,2657285.9436009983
2027,3,p31,FabTechSolar,404648,"Route 66 Energy Center, LLC",NM,15326.083280439405
2027,3,p31,SolarCycle,403387,San Miguel I Solar Energy Center,NM,253773.1479542922
2027,3,p31,SolarCycle,405458,San Miguel II Solar Energy Center,NM,127138.59343191684
2027,3,p31,FabTechSolar,401161,Sandoval Solar Energy Center,NM,142426.13486873708
2027,3,p31,SolarCycle,401564,Santa Fe Solar Energy Center,NM,290152.87902291084
2027,3,p31,FabTechSolar,401565,Santolina Solar Energy Center,NM,120278.42616777666
2027,3,p31,FabTechSolar,400596,Silver City WWTP PV Project,NM,858544.0286447047
2027,3,p31,FabTechSolar,401563,South Valley Solar Energy Center,NM,128841.86178218164
2027,3,p31,SolarCycle,401162,Springer Solar 1,NM,777350.4396966423
2027,3,p31,SolarCycle,400735,Storrie Lake Solar Project,NM,1698907.4595053326
2027,3,p31,FabTechSolar,400623,Sue Cleveland High School,NM,893471.6798736252
2027,3,p31,SolarCycle,400343,"SunE EPE1, LLC",NM,192568.94053823754
2027,3,p31,SolarCycle,402854,Syncarpha Eagle Nest,NM,751898.4616497909
2027,3,p31,SolarCycle,403412,Syncarpha El Rito,NM,977231.4373211733
2027,3,p31,SolarCycle,403413,Syncarpha Questa,NM,501534.9984754484
2027,3,p31,SolarCycle,404618,Taos Mesa Energy Facility Hybrid,NM,202969.83287635594
2027,3,p31,FabTechSolar,403011,Vista Solar Energy Center,NM,255930.931518802
2027,3,p31,SolarCycle,400354,WSMR I,NM,436498.4535201172
2027,3,p31,FabTechSolar,405245,Wal-Mart Truth or Consequences PV,NM,539926.0028539615
2027,3,p47,SolarCycle,400979,"Caprock Solar 1, LLC",NM,68483.53193314486
2027,3,p47,SolarCycle,400614,GSE NM1,NM,651052.1631977907
2027,3,p47,SolarCycle,404982,Hayhurst New Mexico Solar,NM,39977.03930788755
2027,3,p47,SolarCycle,400546,SEV NM Phase 2,NM,435076.960320268
2027,3,p47,SolarCycle,400260,SPS1 Dollarhide,NM,37412.533529354565
2027,3,p47,SolarCycle,400261,SPS2 Jal,NM,13732.474596408521
2027,3,p47,SolarCycle,400262,SPS3 Lea,NM,15044.91115510192
2027,3,p47,SolarCycle,400264,SPS5 Hopi,NM,86546.39139811152
2027,3,p47,SolarCycle,404698,SoCore Clovis 1,NM,343525.25766692543
2027,3,p48,SolarCycle,406439,"BESSP1, LLC",TX,133974.30554343603
2027,3,p57,OkonRecycling,404918,"Hecate Energy Upshur Rural, LLC",TX,18546.444023474574
2027,3,p59,SolarCycle,402666,Fort Bliss (DEA EPIC),TX,85506.51384926715
2027,3,p59,SolarCycle,401616,Montana Solar Facility,TX,41280.61597292865
2027,3,p60,SolarCycle,403962,"ANSON Solar Center, LLC",TX,1105.6576491448307
2027,3,p60,OkonRecycling,403883,Azure Sky Solar,TX,1054.017133203425
2027,3,p60,SolarCycle,403232,"ENGIE Long Draw Solar, LLC",TX,1010.2410463049567
2027,3,p60,SolarCycle,406252,Highpeak Solar 1,TX,14448.453310200808
2027,3,p60,SolarCycle,402721,Holstein 1 Solar Farm,TX,971.1306118003223
2027,3,p60,SolarCycle,405492,Juno Solar Project,TX,707.1215787059087
2027,3,p60,SolarCycle,402541,Lamesa II,TX,1582.5568027103382
2027,3,p60,SolarCycle,401660,Lamesa Solar,TX,980.5474853973218
2027,3,p60,SolarCycle,405932,Lumina II Solar Project,TX,1702.1154631535605
2027,3,p60,SolarCycle,405933,Lumina Solar Project,TX,1006.0014310668574
2027,3,p60,SolarCycle,402909,Misae Solar,TX,2029.0004560160369
2027,3,p60,OkonRecycling,400968,"OCI Alamo 7, LLC",TX,2242.4917584541736
2027,3,p60,SolarCycle,405939,Texas Solar Nova 1,TX,1020.2318122696759
2027,3,p61,SolarCycle,403557,Aragorn Solar Project,TX,1128.5558127921563
2027,3,p61,SolarCycle,400691,Barilla Solar,TX,3430.880732400108
2027,3,p61,SolarCycle,401946,Bluebell Solar,TX,1687.865545327047
2027,3,p61,SolarCycle,403574,Bluebell Solar II,TX,817.4797156582822
2027,3,p61,SolarCycle,400554,"Bryan Solar, LLC",TX,42026.228260941985
2027,3,p61,SolarCycle,401463,Buckthorn Westex,TX,607.410479251851
2027,3,p61,SolarCycle,401703,East Pecos Solar,TX,660.2712462383394
2027,3,p61,SolarCycle,405363,Galloway 1 Solar Farm,TX,615.2470101891058
2027,3,p61,SolarCycle,405494,Galloway 2 Solar Farm,TX,3287.9528534950337
2027,3,p61,SolarCycle,403210,Greasewood,TX,557.3173918972776
2027,3,p61,SolarCycle,402304,Midway Solar-TX,TX,749.3091364963254
2027,3,p61,SolarCycle,400695,"OCI Alamo 4, LLC",TX,2675.6783734141886
2027,3,p61,SolarCycle,401868,Pearl Solar,TX,1017.5836214301901
2027,3,p61,SolarCycle,402290,RE Maplewood,TX,656.9525189387462
2027,3,p61,SolarCycle,401430,RE Roserock,TX,678.4815352295475
2027,3,p61,SolarCycle,402848,Rambler,TX,773.2720634671766
2027,3,p61,SolarCycle,402083,Solaire Holman Solar Project,TX,2890.0349594884283
2027,3,p61,SolarCycle,403023,"Taygete Energy Project, LLC",TX,583.0269930004658
2027,3,p61,SolarCycle,404647,Taygete II Energy Project,TX,626.1797714952785
2027,3,p61,SolarCycle,403551,Titan Solar Project,TX,907.6766597117775
2027,3,p61,SolarCycle,406103,Zier Solar,TX,3173.3569801510134
2027,3,p62,SolarCycle,403502,2W Permian Solar Project Hybrid,TX,442.97569366642995
2027,3,p62,SolarCycle,403697,CED Crane Solar,TX,592.4435736557986
2027,3,p62,SolarCycle,401525,Castle Gap Solar Hybrid,TX,522.4081228958506
2027,3,p62,SolarCycle,404599,Emerald Grove,TX,606.5328769679815
2027,3,p62,SolarCycle,403004,Lapetus,TX,648.7094224005833
2027,3,p62,SolarCycle,403280,Oberon IA,TX,477.0036721795555
2027,3,p62,SolarCycle,403279,Oberon IB,TX,1178.6921360318615
2027,3,p62,SolarCycle,403602,Oxy Renewable Energy-Goldsmith,TX,1606.5972562120057
2027,3,p62,SolarCycle,402679,Phoebe Solar,TX,483.9079090677488
2027,3,p62,SolarCycle,403177,Prospero Solar,TX,476.5683118978427
2027,3,p62,SolarCycle,404128,Prospero Solar II,TX,582.4561048833758
2027,3,p62,SolarCycle,403070,"Roadrunner, LLC",TX,478.69706165427556
2027,3,p62,SolarCycle,401805,Upton County Solar,TX,495.03590783798995
2027,3,p62,SolarCycle,402995,West of the Pecos Solar,TX,559.3338919155099
2027,3,p63,OkonRecycling,405599,"BPL Crown Solar, LLC",TX,1995.018745462887
2027,3,p63,OkonRecycling,404966,BPL Files Solar,TX,828.2335887440685
2027,3,p63,OkonRecycling,403825,Briar Creek Solar 1,TX,1342.7542238440951
2027,3,p63,OkonRecycling,402610,Chisum,TX,5143.673114409802
2027,3,p63,OkonRecycling,401697,CoServ Community Solar Station,TX,10784.011937687425
2027,3,p63,OkonRecycling,403188,Coniglio Solar,TX,980.0431789879428
2027,3,p63,OkonRecycling,406415,Dileo Solar,TX,3037.515667049392
2027,3,p63,OkonRecycling,402655,Eddy II,TX,10370.23989568858
2027,3,p63,OkonRecycling,406221,Eiffel Solar Project,TX,1324.3412137823123
2027,3,p63,OkonRecycling,405540,"Ellis Solar, LLC",TX,776.8939545107372
2027,3,p63,OkonRecycling,403823,Elm Branch Solar 1,TX,1064.3534687553058
2027,3,p63,OkonRecycling,406206,Five Wells Solar Center - Hybrid,TX,811.4639188035616
2027,3,p63,OkonRecycling,404567,G.S.E. One LLC,TX,1280.2265358458799
2027,3,p63,OkonRecycling,403288,Griffin Solar,TX,29333.976414985555
2027,3,p63,OkonRecycling,406202,Grizzly Ridge Solar,TX,2965.8190362755277
2027,3,p63,OkonRecycling,405319,IKEA Grand Prairie Rooftop PV System,TX,5810.048654871597
2027,3,p63,OkonRecycling,405689,"IP Radian, LLC",TX,1194.9517011523378
2027,3,p63,OkonRecycling,403481,Impact Solar 1,TX,1159.7550262453844
2027,3,p63,OkonRecycling,403190,Kellam Solar,TX,5671.308920575349
2027,3,p63,OkonRecycling,402421,Leon Solar,TX,5366.789893221782
2027,3,p63,OkonRecycling,403874,Lily Solar Hybrid,TX,852.9694431068599
2027,3,p63,OkonRecycling,405794,Noble Solar,TX,606.2171361968991
2027,3,p63,OkonRecycling,401933,Phantom Solar,TX,8338.86158184949
2027,3,p63,OkonRecycling,404872,"Pisgah Ridge Solar, LLC",TX,1622.2134761208954
2027,3,p63,OkonRecycling,406416,Pitts Dudik Solar,TX,6223.535924471087
2027,3,p63,OkonRecycling,403189,Rippey Solar,TX,4923.9711974988595
2027,3,p63,OkonRecycling,404630,"Samson Solar Energy III, LLC",TX,1017.1407991528332
2027,3,p63,OkonRecycling,402652,Sterling Solar (TX),TX,11083.525425465039
2027,3,p63,OkonRecycling,404812,Sun Valley Solar Project,TX,1624.2011408684536
2027,3,p63,OkonRecycling,403457,"TPE Whitney Solar, LLC",TX,10656.254071480878
2027,3,p63,OkonRecycling,405361,Toyota HQ Plan,TX,1689.880575544669
2027,3,p63,OkonRecycling,405907,Verizon Hidden Ridge Solar Project,TX,2138.028634705804
2027,3,p63,OkonRecycling,405984,Waco Solar,TX,690.0568098062823
2027,3,p63,OkonRecycling,402306,Walnut Springs Solar,TX,69753.6182775216
2027,3,p63,OkonRecycling,402497,West Moore Solar II,TX,7327.841289540675
2027,3,p63,OkonRecycling,402330,Whitesboro Solar,TX,5854.427089432531
2027,3,p63,OkonRecycling,402331,Whitesboro Solar II,TX,5902.123482382691
2027,3,p63,OkonRecycling,402414,Whitewright Solar,TX,4769.334439385469
2027,3,p63,OkonRecycling,402654,Yellow Jacket,TX,18331.8652007077
2027,3,p64,OkonRecycling,405731,Austin TX GigaFactory,TX,246877.10590461828
2027,3,p64,OkonRecycling,404721,"Blue Jay Solar I, LLC",TX,2217.741574635677
2027,3,p64,OkonRecycling,400227,East Blackland Solar Project 1,TX,1387.55294160631
2027,3,p64,OkonRecycling,405101,IKEA Round Rock 027,TX,148177.06197304945
2027,3,p64,SolarCycle,402653,Lampwick,TX,61713.022459075306
2027,3,p64,OkonRecycling,405613,Niagara Bottling - Seguin,TX,60601.32400687134
2027,3,p64,OkonRecycling,400249,Webberville Solar Project,TX,5515.7876285582515
2027,3,p65,OkonRecycling,405700,Aktina Solar,TX,9665.967004948523
2027,3,p65,OkonRecycling,405727,Bernard Creek Solar,TX,18942.281790610472
2027,3,p65,OkonRecycling,405477,Brightside,TX,165717.97725280753
2027,3,p65,OkonRecycling,402656,Cascade Solar (TX),TX,686269.9871216292
2027,3,p65,OkonRecycling,404359,FELPS 1-Calaveras,TX,7107320.860958153
2027,3,p65,OkonRecycling,404361,FELPS 2-Calaveras,TX,14213914.96922611
2027,3,p65,OkonRecycling,404739,FELPS 6- Floresville West,TX,14468156.163025748
2027,3,p65,OkonRecycling,404740,FELPS 7- Floresville West,TX,4821427.888547483
2027,3,p65,SolarCycle,405801,Horizon Solar,TX,38527.66809917029
2027,3,p65,SolarCycle,403343,Mars Solar,TX,1016360.5137481585
2027,3,p65,OkonRecycling,404877,Nebula Solar,TX,94576.56833942227
2027,3,p65,OkonRecycling,400694,"OCI Alamo 2, LLC",TX,1525798.0390395024
2027,3,p65,SolarCycle,400966,"OCI Alamo 5, LLC",TX,46561.006148597706
2027,3,p65,OkonRecycling,400593,OCI Alamo Solar I Hybrid,TX,175497.13055612415
2027,3,p65,SolarCycle,405809,Shakes Solar,TX,75397.09552506778
2027,3,p65,OkonRecycling,405545,Sparta Solar,TX,22186.54965802701
2027,3,p65,OkonRecycling,400379,"SunE CPS1, LLC",TX,482763.9339299647
2027,3,p65,OkonRecycling,400353,"SunE CPS3, LLC",TX,347078.018848719
2027,3,p65,OkonRecycling,406032,Tres Bahias,TX,26635.47079208176
2027,3,p67,OkonRecycling,404939,Brazoria County Solar Project (Danciger),TX,8981.530274022438
2027,3,p67,OkonRecycling,404681,Brazoria West,TX,1852.5077652422306
2027,3,p67,OkonRecycling,404587,Fighting Jays Solar Project,TX,4073.8962473152656
2027,3,p67,OkonRecycling,405564,"Fort Bend Solar, LLC",TX,3648.514444568384
2027,3,p67,OkonRecycling,403514,Wagyu,TX,14809.308519846505
2027,4,p12,ComstockMetals,402144,Battle Mountain Solar Project,NV,1269.017939599518
2027,4,p12,ComstockMetals,405025,Brady,NV,1030.097912209912
2027,4,p12,ComstockMetals,405553,Dodge Flat,NV,420.6386645526096
2027,4,p12,ComstockMetals,404659,Fish Springs,NV,673.8237653187829
2027,4,p12,ComstockMetals,401086,Ft. Churchill PV,NV,688.9194009144314
2027,4,p12,ComstockMetals,405028,Galena 2 Geothermal Power Plant,NV,2114.8811946765863
2027,4,p12,ComstockMetals,400468,"Patua Acquisition Project, LLC",NV,1669.4743681060665
2027,4,p12,ComstockMetals,405021,Steamboat Hills LP,NV,2986.8049316499814
2027,4,p12,ComstockMetals,405023,Steamboat II,NV,1526.1435825317055
2027,4,p12,ComstockMetals,405024,Steamboat III,NV,1307.5824053743308
2027,4,p12,ComstockMetals,400029,Stillwater Facility,NV,1418.8098447458801
2027,4,p12,ComstockMetals,401318,Sunshine Valley Solar,NV,4873.707295180533
2027,4,p12,ComstockMetals,405026,TS Power Plant,NV,3492.0866944837994
2027,4,p12,ComstockMetals,405576,Tesla Reno GigaFactory,NV,952.7318519217349
2027,4,p12,ComstockMetals,401943,Tungsten Mountain,NV,21235.483606743277
2027,4,p12,ComstockMetals,403308,Turquoise Liberty Solar,NV,1100.201682656675
2027,4,p12,ComstockMetals,403884,"Turquoise Nevada, LLC",NV,531.335138947523
2027,4,p12,ComstockMetals,400035,Western 102 Power Plant,NV,4498.1154202672005
2027,4,p13,WeRecycleSolar,405385,Arrow Canyon Solar Hybrid,NV,1319.9410010733422
2027,4,p13,WeRecycleSolar,401649,"Boulder Solar Power, LLC",NV,11770.182724184013
2027,4,p13,WeRecycleSolar,400059,CM10,NV,56853.60047167284
2027,4,p13,WeRecycleSolar,400086,CM48,NV,12143.011630648698
2027,4,p13,WeRecycleSolar,400363,Copper Mountain Solar 2,NV,7704.304470932609
2027,4,p13,WeRecycleSolar,400802,Copper Mountain Solar 3,NV,4894.049836838997
2027,4,p13,WeRecycleSolar,403688,"Copper Mountain Solar 5, LLC",NV,4891.999230140532
2027,4,p13,WeRecycleSolar,405358,Dignity - San Martin,NV,183705.08646694734
2027,4,p13,WeRecycleSolar,405355,Dignity - Siena Campus,NV,859952.444848338
2027,4,p13,WeRecycleSolar,405556,Dry Lake Solar Energy Center,NV,3219.0386341151607
2027,4,p13,WeRecycleSolar,405495,Gemini Solar,NV,854.0138397898322
2027,4,p13,WeRecycleSolar,403386,"Harry Allen Solar Energy, LLC",NV,6769.034739259144
2027,4,p13,WeRecycleSolar,406090,IGS LAS1,NV,240683.30934154266
2027,4,p13,WeRecycleSolar,406089,IGS VGT,NV,1256002.9938175858
2027,4,p13,WeRecycleSolar,405309,IKEA Las Vegas 462,NV,417398.0041279742
2027,4,p13,WeRecycleSolar,400545,Las Vegas WPCF Solar Plant,NV,123611.99764829114
2027,4,p13,WeRecycleSolar,400600,Mountain View Solar,NV,63830.32804444618
2027,4,p13,WeRecycleSolar,400036,Nellis Air Force Base Solar Array,NV,52645.0137839226
2027,4,p13,WeRecycleSolar,401274,River Mountains Solar,NV,41182.253513513046
2027,4,p13,WeRecycleSolar,401042,Searchlight Solar,NV,10393.70959801402
2027,4,p13,WeRecycleSolar,400166,Silver State Solar Power North,NV,4890.231090878939
2027,4,p13,WeRecycleSolar,400658,Silver State Solar Power South,NV,2725.5393033637924
2027,4,p13,WeRecycleSolar,405246,"Solar Las Vegas MB 2, LLC",NV,274774.13240076526
2027,4,p13,WeRecycleSolar,405188,Solar Las Vegas MB-1,NV,126468.15171287162
2027,4,p13,WeRecycleSolar,402691,"Techren Solar III, LLC",NV,11777.740757135862
2027,4,p13,WeRecycleSolar,402692,"Techren Solar IV, LLC",NV,15629.890131064389
2027,4,p13,WeRecycleSolar,404971,Yellow Pine Solar,NV,4003.6576542486087
2027,4,p27,WeRecycleSolar,400374,"Black Mountain Solar, LLC",AZ,12267.823467291651
2027,4,p27,WeRecycleSolar,402236,Gray Hawk Solar,AZ,5235.088485047962
2027,4,p27,WeRecycleSolar,401819,Jacobson 5 MW Solar,AZ,51336.065337597654
2027,4,p27,WeRecycleSolar,401311,Mohave Electric at Fort Mohave,AZ,18154.393317881888
2027,4,p27,WeRecycleSolar,406478,Mohave Energy - Hybrid,AZ,13717.55624302109
2027,4,p28,WeRecycleSolar,405418,AZ State University - Tempe Campus Solar,AZ,5982.649762593174
2027,4,p28,WeRecycleSolar,400148,Agua Caliente Solar Project,AZ,1840.9116185259027
2027,4,p28,FabTechSolar,402067,Apache Solar 1,AZ,16730.738672252486
2027,4,p28,WeRecycleSolar,400274,Arizona Western College PV,AZ,62524.31453412038
2027,4,p28,WeRecycleSolar,400240,Arlington Valley Solar Energy II,AZ,2046.2217445668389
2027,4,p28,FabTechSolar,401688,Bonnybrooke PV,AZ,1805.4822271308078
2027,4,p28,WeRecycleSolar,400371,Buckeye Union HS District 201,AZ,14258.016990280836
2027,4,p28,FabTechSolar,405635,"Central Line Solar, LLC",AZ,914.7442823169996
2027,4,p28,WeRecycleSolar,401069,Desert Star Hybrid,AZ,17274.345479215885
2027,4,p28,FabTechSolar,403257,East Line Solar,AZ,1948.257384468035
2027,4,p28,FabTechSolar,406171,Eleven Mile Solar Center,AZ,884.6953538213501
2027,4,p28,WeRecycleSolar,400349,Foothills Solar Plant Hybrid,AZ,19048.64597426101
2027,4,p28,FabTechSolar,400825,Fort Huachuca Solar PV Project,AZ,39502.27962426727
2027,4,p28,FabTechSolar,400599,"Gilbert Solar Facility I, LLC",AZ,10575.827578005134
2027,4,p28,WeRecycleSolar,400204,Hyder Solar Hybrid,AZ,23802.925121028187
2027,4,p28,FabTechSolar,405282,Intel - Ocotillo Campus Solar,AZ,4104.592045895459
2027,4,p28,WeRecycleSolar,405125,Jewish Community Center PV,AZ,29873.7068753277
2027,4,p28,WeRecycleSolar,402234,Kayenta Solar Project,AZ,22031.85613548539
2027,4,p28,WeRecycleSolar,400128,Luke Solar,AZ,4313.025858695888
2027,4,p28,WeRecycleSolar,405068,Macys Goodyear,AZ,15516.563935325048
2027,4,p28,WeRecycleSolar,406279,McFarland A Solar and Storage,AZ,2482.278762771449
2027,4,p28,FabTechSolar,405617,Mesa Carport PV,AZ,6102.1216086952545
2027,4,p28,FabTechSolar,404512,Mesa Solar Array,AZ,13434.990663065686
2027,4,p28,WeRecycleSolar,400250,Mesquite Solar 1,AZ,628.6898946173145
2027,4,p28,WeRecycleSolar,401622,"Mesquite Solar 3, LLC",AZ,1184.5790682426698
2027,4,p28,WeRecycleSolar,406038,"Mesquite Solar 4, LLC",AZ,4852.66954684724
2027,4,p28,WeRecycleSolar,404922,"Mesquite Solar 5, LLC",AZ,4250.290736490324
2027,4,p28,WeRecycleSolar,403572,OE_AZ1,AZ,7210.572914120568
2027,4,p28,WeRecycleSolar,400203,Paloma Solar Hybrid,AZ,3422.5887218338817
2027,4,p28,WeRecycleSolar,405126,Paradise Valley H.S. PV,AZ,17390.255457842573
2027,4,p28,WeRecycleSolar,405150,Phoenix Airport East Economy Lot,AZ,23358.230059296562
2027,4,p28,WeRecycleSolar,405151,Phoenix Airport Rental Car Center,AZ,1664.7165139163794
2027,4,p28,FabTechSolar,400125,"Poseidon Solar, LLC",AZ,4906.50912826138
2027,4,p28,WeRecycleSolar,400031,Prescott Airport,AZ,68985.21279713353
2027,4,p28,WeRecycleSolar,400401,Prescott Solar Plant,AZ,40344.21360400895
2027,4,p28,WeRecycleSolar,400289,"RE Bagdad Solar I, LLC",AZ,10996.998424601321
2027,4,p28,WeRecycleSolar,400416,Saddle Mountain Solar I,AZ,20637.691087862477
2027,4,p28,FabTechSolar,403674,Saint Solar,AZ,928.5250800140172
2027,4,p28,FabTechSolar,401214,Sandstone Solar,AZ,1716.765588653828
2027,4,p28,WeRecycleSolar,405029,Solana Generating Station,AZ,1468.9304380398382
2027,4,p28,WeRecycleSolar,406275,Sonoran Solar Energy,AZ,546.5769435744037
2027,4,p28,FabTechSolar,406034,Storey Solar and Storage,AZ,1008.3007740191512
2027,4,p28,WeRecycleSolar,403643,Sun Streams 2,AZ,1779.8081437946814
2027,4,p28,WeRecycleSolar,406517,Sun Streams 3,AZ,1345.888830979777
2027,4,p28,WeRecycleSolar,401975,"Sun Streams, LLC",AZ,732.4351731610624
2027,4,p28,WeRecycleSolar,405311,T0588 Phoenix - AZ,AZ,16449.931304689628
2027,4,p28,FabTechSolar,405135,Vista Grande HS at Casa Grande,AZ,46357.8986533592
2027,4,p28,FabTechSolar,400334,Walmart Casa Grande,AZ,34119.78785741708
2027,4,p28,FabTechSolar,406098,"West Line Solar, LLC",AZ,914.9794319334583
2027,4,p29,FabTechSolar,400014,Springerville,AZ,24502.05611359351
2027,4,p30,FabTechSolar,405143,Actus Lend Lease DMAFB,AZ,87781.85398646927
2027,4,p30,FabTechSolar,405611,Amazon TUS2,AZ,106900.76284046842
2027,4,p30,FabTechSolar,400939,Avalon Solar,AZ,5279.347688099535
2027,4,p30,FabTechSolar,401479,Avalon Solar II,AZ,17957.113447165495
2027,4,p30,FabTechSolar,400226,Avra Valley Solar,AZ,2269.5836244191473
2027,4,p30,FabTechSolar,404704,Broadway 2 - Tucson Phase II,AZ,25206.060764558064
2027,4,p30,FabTechSolar,405269,Canyon Del Oro High School Solar,AZ,51257.6353091341
2027,4,p30,FabTechSolar,401295,Davis Monthan AFB (AZ) West Airfield,AZ,7400.030299028549
2027,4,p30,FabTechSolar,400761,"Gato Montes Solar, LLC",AZ,56939.2198104341
2027,4,p30,FabTechSolar,404536,Iron Horse Battery Storage Hybrid,AZ,142000.91607531963
2027,4,p30,FabTechSolar,400552,"Picture Rocks Solar, LLC",AZ,1839.8505918383635
2027,4,p30,FabTechSolar,405374,Pima Community College,AZ,124587.66154753456
2027,4,p30,FabTechSolar,405303,Pima Community College - East Campus,AZ,100525.95032307021
2027,4,p30,FabTechSolar,405516,Pima Community College NW,AZ,43472.12715930472
2027,4,p30,FabTechSolar,404926,Raptor Ridge,AZ,22046.93352407934
2027,4,p30,FabTechSolar,400857,Rio Rico Solar,AZ,63154.99683084274
2027,4,p30,FabTechSolar,401076,Tech Park Solar,AZ,18938.368645193088
2027,4,p30,FabTechSolar,400156,UASTP I,AZ,118858.34230809443
2027,4,p30,FabTechSolar,401075,Valencia Solar,AZ,7908.30530399225
2027,4,p30,FabTechSolar,404187,"Wilmot Energy Center, LLC",AZ,1507.2996330167991
2027,4,p31,SolarCycle,400211,Alamogordo Solar Energy Center,NM,188305.62537380453
2027,4,p31,FabTechSolar,400206,Albuquerque Solar Energy Center,NM,1332210.8730666381
2027,4,p31,SolarCycle,403675,Alcalde Solar Array,NM,310345.87283788546
2027,4,p31,FabTechSolar,401595,Alta Luna,NM,75098.26697262772
2027,4,p31,FabTechSolar,405469,Arroyo Solar Energy Storage Hybrid,NM,4544.609025273069
2027,4,p31,FabTechSolar,403321,Bluewater CDEC 1,NM,882941.398949837
2027,4,p31,SolarCycle,402519,Carrizozo Solar,NM,635885.462330689
2027,4,p31,FabTechSolar,402988,City of Gallup Solar,NM,119351.18398623451
2027,4,p31,FabTechSolar,403604,City of Rio Rancho WWTP,NM,715975.6541185747
2027,4,p31,FabTechSolar,401225,City of Truth or Consequences PV,NM,563517.5551988381
2027,4,p31,FabTechSolar,400209,Deming Solar Energy Center,NM,113070.2511226022
2027,4,p31,FabTechSolar,403868,Encino Solar Energy Center,NM,47629.625554377315
2027,4,p31,FabTechSolar,401038,Eubank Landfill Solar Array,NM,334045.1108955853
2027,4,p31,FabTechSolar,402443,Facebook 3 Solar Energy Center,NM,253336.50934899852
2027,4,p31,FabTechSolar,403322,Grants CDEC 2,NM,159154.85610835018
2027,4,p31,FabTechSolar,400216,"Hatch Solar Energy Center I, LLC",NM,438493.9762070862
2027,4,p31,SolarCycle,401617,Holloman Solar Facility,NM,188845.88886372864
2027,4,p31,SolarCycle,400427,Kit Carson,NM,2502629.553680673
2027,4,p31,SolarCycle,400210,Las Vegas Solar Energy Center,NM,255103.4699929023
2027,4,p31,SolarCycle,400434,Los Alamos PV Site,NM,1478748.0889638935
2027,4,p31,FabTechSolar,400207,Los Lunas Solar Energy Center,NM,120436.13043003713
2027,4,p31,FabTechSolar,400838,Macho Springs,NM,13746.811580314108
2027,4,p31,FabTechSolar,400582,Manzano Solar,NM,320107.71641514223
2027,4,p31,SolarCycle,401201,Meadow Lake Solar Energy Center,NM,71751.06727507967
2027,4,p31,SolarCycle,405693,NMSU Solar and Storage,NM,177171.8358475522
2027,4,p31,FabTechSolar,406375,OE_ESCL,NM,10977.153375679167
2027,4,p31,SolarCycle,400581,Otero Solar,NM,82570.98557597489
2027,4,p31,SolarCycle,400146,Questa Solar Facility,NM,633331.5717349863
2027,4,p31,FabTechSolar,403178,"RC Energy AA, LLC Solar Facility",NM,671141.0044881545
2027,4,p31,FabTechSolar,401566,Rio Communities Solar Energy Center,NM,63367.32128285443
2027,4,p31,FabTechSolar,403084,Rio De Oro Solar Energy Center,NM,84858.87418239143
2027,4,p31,FabTechSolar,400624,Rio Rancho High School,NM,1328842.971800499
2027,4,p31,FabTechSolar,404648,"Route 66 Energy Center, LLC",NM,45178.24984131821
2027,4,p31,SolarCycle,405458,San Miguel II Solar Energy Center,NM,253877.1868638337
2027,4,p31,FabTechSolar,401161,Sandoval Solar Energy Center,NM,213439.20230310565
2027,4,p31,SolarCycle,401564,Santa Fe Solar Energy Center,NM,72838.21975572771
2027,4,p31,FabTechSolar,401565,Santolina Solar Energy Center,NM,240156.85233555333
2027,4,p31,FabTechSolar,400596,Silver City WWTP PV Project,NM,858544.0286447047
2027,4,p31,FabTechSolar,401563,South Valley Solar Energy Center,NM,128841.86178218164
2027,4,p31,SolarCycle,401162,Springer Solar 1,NM,3108201.7587865693
2027,4,p31,SolarCycle,400735,Storrie Lake Solar Project,NM,1698907.4595053326
2027,4,p31,FabTechSolar,400623,Sue Cleveland High School,NM,1340007.5198104372
2027,4,p31,SolarCycle,400343,"SunE EPE1, LLC",NM,38833.78810764751
2027,4,p31,SolarCycle,402854,Syncarpha Eagle Nest,NM,1503396.9232995817
2027,4,p31,SolarCycle,403412,Syncarpha El Rito,NM,488815.7186605866
2027,4,p31,SolarCycle,403413,Syncarpha Questa,NM,1002669.9969508966
2027,4,p31,SolarCycle,403411,Syncarpha Taos,NM,242982.69252226676
2027,4,p31,SolarCycle,404618,Taos Mesa Energy Facility Hybrid,NM,101684.91643817796
2027,4,p31,FabTechSolar,403011,Vista Solar Energy Center,NM,255930.931518802
2027,4,p31,SolarCycle,400354,WSMR I,NM,218449.22676005863
2027,4,p31,FabTechSolar,405245,Wal-Mart Truth or Consequences PV,NM,432020.8022831692
2027,4,p47,SolarCycle,400979,"Caprock Solar 1, LLC",NM,23094.510644381622
2027,4,p47,SolarCycle,401681,"Chaves Solar, LLC",NM,17770.0688846303
2027,4,p47,SolarCycle,400614,GSE NM1,NM,651052.1631977907
2027,4,p47,SolarCycle,402530,Middle Daisy,NM,73128.79186877848
2027,4,p47,SolarCycle,401682,"Roswell Solar, LLC",NM,17922.456823718134
2027,4,p47,SolarCycle,400546,SEV NM Phase 2,NM,435076.960320268
2027,4,p47,SolarCycle,400260,SPS1 Dollarhide,NM,18906.26676467728
2027,4,p47,SolarCycle,400261,SPS2 Jal,NM,40397.42378922556
2027,4,p47,SolarCycle,400262,SPS3 Lea,NM,15044.91115510192
2027,4,p47,SolarCycle,400264,SPS5 Hopi,NM,43473.19569905576
2027,4,p47,SolarCycle,404698,SoCore Clovis 1,NM,343525.25766692543
2027,4,p48,SolarCycle,406439,"BESSP1, LLC",TX,133974.30554343603
2027,4,p57,OkonRecycling,404918,"Hecate Energy Upshur Rural, LLC",TX,18546.444023474574
2027,4,p59,SolarCycle,402666,Fort Bliss (DEA EPIC),TX,255719.54154780143
2027,4,p59,SolarCycle,401616,Montana Solar Facility,TX,82161.2319458573
2027,4,p60,SolarCycle,403962,"ANSON Solar Center, LLC",TX,1811.3152982896613
2027,4,p60,OkonRecycling,403883,Azure Sky Solar,TX,1054.017133203425
2027,4,p60,SolarCycle,403232,"ENGIE Long Draw Solar, LLC",TX,806.8273642033045
2027,4,p60,SolarCycle,406252,Highpeak Solar 1,TX,14448.453310200808
2027,4,p60,SolarCycle,402721,Holstein 1 Solar Farm,TX,971.1306118003223
2027,4,p60,SolarCycle,405492,Juno Solar Project,TX,707.1215787059087
2027,4,p60,SolarCycle,402541,Lamesa II,TX,1582.5568027103382
2027,4,p60,SolarCycle,401660,Lamesa Solar,TX,1174.0633138630956
2027,4,p60,SolarCycle,405932,Lumina II Solar Project,TX,1702.1154631535605
2027,4,p60,SolarCycle,405933,Lumina Solar Project,TX,1006.0014310668574
2027,4,p60,SolarCycle,402909,Misae Solar,TX,2029.0004560160369
2027,4,p60,OkonRecycling,400968,"OCI Alamo 7, LLC",TX,3163.7376376812595
2027,4,p60,SolarCycle,405939,Texas Solar Nova 1,TX,1020.2318122696759
2027,4,p61,SolarCycle,400967,Alamo 6,TX,975.2914258444929
2027,4,p61,SolarCycle,403557,Aragorn Solar Project,TX,1128.5558127921563
2027,4,p61,SolarCycle,400691,Barilla Solar,TX,3430.880732400108
2027,4,p61,SolarCycle,401946,Bluebell Solar,TX,1687.865545327047
2027,4,p61,SolarCycle,403574,Bluebell Solar II,TX,817.4797156582822
2027,4,p61,SolarCycle,400554,"Bryan Solar, LLC",TX,42026.228260941985
2027,4,p61,SolarCycle,401463,Buckthorn Westex,TX,676.5473056691345
2027,4,p61,SolarCycle,401703,East Pecos Solar,TX,747.0283283177857
2027,4,p61,SolarCycle,405363,Galloway 1 Solar Farm,TX,615.2470101891058
2027,4,p61,SolarCycle,405494,Galloway 2 Solar Farm,TX,1843.9764267475168
2027,4,p61,SolarCycle,403210,Greasewood,TX,557.3173918972776
2027,4,p61,SolarCycle,406370,Hayhurst Texas Solar,TX,3303.29423529572
2027,4,p61,SolarCycle,402304,Midway Solar-TX,TX,1098.618272992651
2027,4,p61,SolarCycle,400695,"OCI Alamo 4, LLC",TX,3244.5979667677348
2027,4,p61,SolarCycle,401868,Pearl Solar,TX,1017.5836214301901
2027,4,p61,SolarCycle,402290,RE Maplewood,TX,571.3016792924974
2027,4,p61,SolarCycle,401430,RE Roserock,TX,678.4815352295475
2027,4,p61,SolarCycle,402848,Rambler,TX,773.2720634671766
2027,4,p61,SolarCycle,402083,Solaire Holman Solar Project,TX,5380.069918976857
2027,4,p61,SolarCycle,403023,"Taygete Energy Project, LLC",TX,583.0269930004658
2027,4,p61,SolarCycle,404647,Taygete II Energy Project,TX,569.6348286214588
2027,4,p61,SolarCycle,403551,Titan Solar Project,TX,907.6766597117775
2027,4,p61,SolarCycle,406103,Zier Solar,TX,1786.6784900755067
2027,4,p62,SolarCycle,403502,2W Permian Solar Project Hybrid,TX,442.97569366642995
2027,4,p62,SolarCycle,403697,CED Crane Solar,TX,544.3326802418488
2027,4,p62,SolarCycle,401525,Castle Gap Solar Hybrid,TX,522.4081228958506
2027,4,p62,SolarCycle,404599,Emerald Grove,TX,744.2214616133023
2027,4,p62,SolarCycle,403004,Lapetus,TX,648.7094224005833
2027,4,p62,SolarCycle,403280,Oberon IA,TX,477.0036721795555
2027,4,p62,SolarCycle,403279,Oberon IB,TX,1178.6921360318615
2027,4,p62,SolarCycle,403602,Oxy Renewable Energy-Goldsmith,TX,2813.1945124240115
2027,4,p62,SolarCycle,402679,Phoebe Solar,TX,462.93093180081155
2027,4,p62,SolarCycle,403177,Prospero Solar,TX,476.5683118978427
2027,4,p62,SolarCycle,404128,Prospero Solar II,TX,582.4561048833758
2027,4,p62,SolarCycle,403070,"Roadrunner, LLC",TX,478.69706165427556
2027,4,p62,SolarCycle,401805,Upton County Solar,TX,495.03590783798995
2027,4,p62,SolarCycle,402995,West of the Pecos Solar,TX,612.4451892206798
2027,4,p63,OkonRecycling,405599,"BPL Crown Solar, LLC",TX,2792.5281181943305
2027,4,p63,OkonRecycling,404966,BPL Files Solar,TX,828.2335887440685
2027,4,p63,OkonRecycling,403825,Briar Creek Solar 1,TX,1342.7542238440951
2027,4,p63,OkonRecycling,402610,Chisum,TX,47836.73114409802
2027,4,p63,OkonRecycling,401697,CoServ Community Solar Station,TX,14245.349250249896
2027,4,p63,OkonRecycling,403188,Coniglio Solar,TX,980.0431789879428
2027,4,p63,OkonRecycling,406415,Dileo Solar,TX,3037.515667049392
2027,4,p63,OkonRecycling,402655,Eddy II,TX,6631.399934805362
2027,4,p63,OkonRecycling,406221,Eiffel Solar Project,TX,1016.227475854875
2027,4,p63,OkonRecycling,405540,"Ellis Solar, LLC",TX,776.8939545107372
2027,4,p63,OkonRecycling,403823,Elm Branch Solar 1,TX,842.9023125035375
2027,4,p63,OkonRecycling,406206,Five Wells Solar Center - Hybrid,TX,811.4639188035616
2027,4,p63,OkonRecycling,404567,G.S.E. One LLC,TX,1573.63538112784
2027,4,p63,OkonRecycling,403288,Griffin Solar,TX,22100.482311239164
2027,4,p63,OkonRecycling,406202,Grizzly Ridge Solar,TX,2965.8190362755277
2027,4,p63,OkonRecycling,405319,IKEA Grand Prairie Rooftop PV System,TX,11220.097309743194
2027,4,p63,OkonRecycling,405689,"IP Radian, LLC",TX,2784.8551034570132
2027,4,p63,OkonRecycling,403481,Impact Solar 1,TX,1159.7550262453844
2027,4,p63,OkonRecycling,403190,Kellam Solar,TX,5671.308920575349
2027,4,p63,OkonRecycling,402421,Leon Solar,TX,4373.431914577427
2027,4,p63,OkonRecycling,403874,Lily Solar Hybrid,TX,852.9694431068599
2027,4,p63,OkonRecycling,402404,Marlin Solar,TX,30917.565489734458
2027,4,p63,OkonRecycling,405794,Noble Solar,TX,606.2171361968991
2027,4,p63,OkonRecycling,401933,Phantom Solar,TX,10323.576977311868
2027,4,p63,OkonRecycling,404872,"Pisgah Ridge Solar, LLC",TX,644.4426952241791
2027,4,p63,OkonRecycling,406416,Pitts Dudik Solar,TX,3311.767962235543
2027,4,p63,OkonRecycling,403189,Rippey Solar,TX,4923.9711974988595
2027,4,p63,OkonRecycling,404630,"Samson Solar Energy III, LLC",TX,1017.1407991528332
2027,4,p63,OkonRecycling,402652,Sterling Solar (TX),TX,21767.050850930074
2027,4,p63,OkonRecycling,404812,Sun Valley Solar Project,TX,1624.2011408684536
2027,4,p63,OkonRecycling,403457,"TPE Whitney Solar, LLC",TX,31168.762214442642
2027,4,p63,OkonRecycling,405361,Toyota HQ Plan,TX,1689.880575544669
2027,4,p63,OkonRecycling,405907,Verizon Hidden Ridge Solar Project,TX,2138.028634705804
2027,4,p63,OkonRecycling,405984,Waco Solar,TX,617.5426073547118
2027,4,p63,OkonRecycling,402306,Walnut Springs Solar,TX,23517.872759173864
2027,4,p63,OkonRecycling,402497,West Moore Solar II,TX,6558.081146258379
2027,4,p63,OkonRecycling,402330,Whitesboro Solar,TX,6460.474543813922
2027,4,p63,OkonRecycling,402331,Whitesboro Solar II,TX,5902.123482382691
2027,4,p63,OkonRecycling,402414,Whitewright Solar,TX,4145.143805187545
2027,4,p63,OkonRecycling,402654,Yellow Jacket,TX,18331.8652007077
2027,4,p64,OkonRecycling,405731,Austin TX GigaFactory,TX,246877.10590461828
2027,4,p64,OkonRecycling,404721,"Blue Jay Solar I, LLC",TX,1308.8707873178387
2027,4,p64,OkonRecycling,402389,"E-Volve Energy Holdings, LLC",TX,170681.0455155386
2027,4,p64,OkonRecycling,400227,East Blackland Solar Project 1,TX,1387.55294160631
2027,4,p64,SolarCycle,402653,Lampwick,TX,61713.022459075306
2027,4,p64,OkonRecycling,405613,Niagara Bottling - Seguin,TX,60601.32400687134
2027,4,p64,OkonRecycling,400249,Webberville Solar Project,TX,8073.681442837375
2027,4,p65,OkonRecycling,405700,Aktina Solar,TX,14298.950507422785
2027,4,p65,OkonRecycling,405727,Bernard Creek Solar,TX,18942.281790610472
2027,4,p65,OkonRecycling,405477,Brightside,TX,165717.97725280753
2027,4,p65,OkonRecycling,401728,CPS 1 Community Solar,TX,6845128.599114522
2027,4,p65,OkonRecycling,404359,FELPS 1-Calaveras,TX,7107320.860958153
2027,4,p65,OkonRecycling,404361,FELPS 2-Calaveras,TX,4738238.32307537
2027,4,p65,OkonRecycling,404739,FELPS 6- Floresville West,TX,7234278.081512874
2027,4,p65,OkonRecycling,404740,FELPS 7- Floresville West,TX,3616170.916410613
2027,4,p65,OkonRecycling,405380,IKEA Live Oak Rooftop PV System,TX,3849962.314972962
2027,4,p65,SolarCycle,403343,Mars Solar,TX,508380.2568740793
2027,4,p65,OkonRecycling,404877,Nebula Solar,TX,63184.37889294817
2027,4,p65,OkonRecycling,400694,"OCI Alamo 2, LLC",TX,3051196.078079005
2027,4,p65,OkonRecycling,400965,"OCI Alamo 3, LLC",TX,1213815.2004993104
2027,4,p65,SolarCycle,400966,"OCI Alamo 5, LLC",TX,138883.0184457931
2027,4,p65,OkonRecycling,405545,Sparta Solar,TX,22186.54965802701
2027,4,p65,OkonRecycling,400379,"SunE CPS1, LLC",TX,1447491.801789894
2027,4,p65,OkonRecycling,400364,"SunE CPS2, LLC",TX,484081.079864698
2027,4,p65,OkonRecycling,400353,"SunE CPS3, LLC",TX,1387112.0753948763
2027,4,p65,OkonRecycling,406032,Tres Bahias,TX,39753.20618812265
2027,4,p67,OkonRecycling,404939,Brazoria County Solar Project (Danciger),TX,4690.765137011219
2027,4,p67,OkonRecycling,404681,Brazoria West,TX,9115.046591453382
2027,4,p67,OkonRecycling,404587,Fighting Jays Solar Project,TX,2849.2641648768445
2027,4,p67,OkonRecycling,405564,"Fort Bend Solar, LLC",TX,3648.514444568384
2027,4,p67,OkonRecycling,403514,Wagyu,TX,14809.308519846505
2028,1,p12,ComstockMetals,402144,Battle Mountain Solar Project,NV,3007.0538187985535
2028,1,p12,ComstockMetals,405025,Brady,NV,1030.097912209912
2028,1,p12,ComstockMetals,405553,Dodge Flat,NV,420.6386645526096
2028,1,p12,ComstockMetals,402609,"EGP Stillwater Solar PV II, LLC",NV,3708.2977823233387
2028,1,p12,ComstockMetals,404659,Fish Springs,NV,673.8237653187829
2028,1,p12,ComstockMetals,401086,Ft. Churchill PV,NV,688.9194009144314
2028,1,p12,ComstockMetals,405028,Galena 2 Geothermal Power Plant,NV,2114.8811946765863
2028,1,p12,ComstockMetals,400468,"Patua Acquisition Project, LLC",NV,1669.4743681060665
2028,1,p12,ComstockMetals,405021,Steamboat Hills LP,NV,2986.8049316499814
2028,1,p12,ComstockMetals,405023,Steamboat II,NV,1526.1435825317055
2028,1,p12,ComstockMetals,405024,Steamboat III,NV,1307.5824053743308
2028,1,p12,ComstockMetals,400029,Stillwater Facility,NV,1928.2147671188202
2028,1,p12,ComstockMetals,401318,Sunshine Valley Solar,NV,4873.707295180533
2028,1,p12,ComstockMetals,405576,Tesla Reno GigaFactory,NV,883.640370431518
2028,1,p12,ComstockMetals,401943,Tungsten Mountain,NV,21235.483606743277
2028,1,p12,ComstockMetals,403308,Turquoise Liberty Solar,NV,1275.2521033208436
2028,1,p12,ComstockMetals,403884,"Turquoise Nevada, LLC",NV,531.335138947523
2028,1,p12,ComstockMetals,400035,Western 102 Power Plant,NV,4498.1154202672005
2028,1,p13,WeRecycleSolar,400555,Apex Solar PV Power Project,NV,21604.287777210975
2028,1,p13,WeRecycleSolar,405385,Arrow Canyon Solar Hybrid,NV,1319.9410010733422
2028,1,p13,WeRecycleSolar,400059,CM10,NV,38035.7336477819
2028,1,p13,WeRecycleSolar,400363,Copper Mountain Solar 2,NV,7704.304470932609
2028,1,p13,WeRecycleSolar,403688,"Copper Mountain Solar 5, LLC",NV,4891.999230140532
2028,1,p13,WeRecycleSolar,405358,Dignity - San Martin,NV,183705.08646694734
2028,1,p13,WeRecycleSolar,405355,Dignity - Siena Campus,NV,859952.444848338
2028,1,p13,WeRecycleSolar,405556,Dry Lake Solar Energy Center,NV,3219.0386341151607
2028,1,p13,WeRecycleSolar,405495,Gemini Solar,NV,1005.3517863864435
2028,1,p13,WeRecycleSolar,406090,IGS LAS1,NV,1201816.5467077133
2028,1,p13,WeRecycleSolar,405309,IKEA Las Vegas 462,NV,417398.0041279742
2028,1,p13,WeRecycleSolar,400545,Las Vegas WPCF Solar Plant,NV,185217.99647243667
2028,1,p13,WeRecycleSolar,400600,Mountain View Solar,NV,21543.442681482058
2028,1,p13,WeRecycleSolar,400036,Nellis Air Force Base Solar Array,NV,52645.0137839226
2028,1,p13,WeRecycleSolar,401274,River Mountains Solar,NV,41182.253513513046
2028,1,p13,WeRecycleSolar,401042,Searchlight Solar,NV,30381.128794042055
2028,1,p13,WeRecycleSolar,400166,Silver State Solar Power North,NV,6012.788863598676
2028,1,p13,WeRecycleSolar,400658,Silver State Solar Power South,NV,5051.078606727585
2028,1,p13,WeRecycleSolar,405246,"Solar Las Vegas MB 2, LLC",NV,411961.19860114803
2028,1,p13,WeRecycleSolar,405188,Solar Las Vegas MB-1,NV,63434.075856435804
2028,1,p13,WeRecycleSolar,402691,"Techren Solar III, LLC",NV,23155.48151427172
2028,1,p13,WeRecycleSolar,402692,"Techren Solar IV, LLC",NV,46089.67039319317
2028,1,p13,WeRecycleSolar,404971,Yellow Pine Solar,NV,4003.6576542486087
2028,1,p27,WeRecycleSolar,400374,"Black Mountain Solar, LLC",AZ,8311.882311527766
2028,1,p27,WeRecycleSolar,402236,Gray Hawk Solar,AZ,5235.088485047962
2028,1,p27,WeRecycleSolar,401819,Jacobson 5 MW Solar,AZ,51336.065337597654
2028,1,p27,WeRecycleSolar,403718,Mohave Electric Cooperative at Joy Lane,AZ,8228.7634042249
2028,1,p27,WeRecycleSolar,401311,Mohave Electric at Fort Mohave,AZ,27031.58997682283
2028,1,p27,WeRecycleSolar,406478,Mohave Energy - Hybrid,AZ,13717.55624302109
2028,1,p28,WeRecycleSolar,405418,AZ State University - Tempe Campus Solar,AZ,4586.987321944881
2028,1,p28,WeRecycleSolar,400148,Agua Caliente Solar Project,AZ,880.3038728419676
2028,1,p28,FabTechSolar,402067,Apache Solar 1,AZ,33061.47734450497
2028,1,p28,WeRecycleSolar,400274,Arizona Western College PV,AZ,124648.62906824077
2028,1,p28,WeRecycleSolar,400240,Arlington Valley Solar Energy II,AZ,2046.2217445668389
2028,1,p28,FabTechSolar,401688,Bonnybrooke PV,AZ,1336.9881514205383
2028,1,p28,WeRecycleSolar,400371,Buckeye Union HS District 201,AZ,14258.016990280836
2028,1,p28,FabTechSolar,405635,"Central Line Solar, LLC",AZ,786.0582117377496
2028,1,p28,WeRecycleSolar,400201,Chino Solar Valley,AZ,7906.039880989231
2028,1,p28,WeRecycleSolar,401069,Desert Star Hybrid,AZ,8837.172739607942
2028,1,p28,FabTechSolar,403257,East Line Solar,AZ,1174.1286922340178
2028,1,p28,FabTechSolar,406171,Eleven Mile Solar Center,AZ,884.6953538213501
2028,1,p28,WeRecycleSolar,400349,Foothills Solar Plant Hybrid,AZ,9724.322987130508
2028,1,p28,FabTechSolar,400825,Fort Huachuca Solar PV Project,AZ,13434.093208089089
2028,1,p28,WeRecycleSolar,400845,Gila Bend Hybrid,AZ,3777.8924965387127
2028,1,p28,FabTechSolar,400599,"Gilbert Solar Facility I, LLC",AZ,10575.827578005134
2028,1,p28,FabTechSolar,405282,Intel - Ocotillo Campus Solar,AZ,7809.1840917909185
2028,1,p28,WeRecycleSolar,405125,Jewish Community Center PV,AZ,15136.853437663849
2028,1,p28,WeRecycleSolar,402234,Kayenta Solar Project,AZ,22031.85613548539
2028,1,p28,WeRecycleSolar,400595,Lake Pleasant WTP,AZ,22156.122118828927
2028,1,p28,WeRecycleSolar,400128,Luke Solar,AZ,1965.2103434783555
2028,1,p28,WeRecycleSolar,405068,Macys Goodyear,AZ,15516.563935325048
2028,1,p28,WeRecycleSolar,406279,McFarland A Solar and Storage,AZ,2482.278762771449
2028,1,p28,FabTechSolar,405617,Mesa Carport PV,AZ,11804.243217390507
2028,1,p28,FabTechSolar,404512,Mesa Solar Array,AZ,6917.495331532844
2028,1,p28,WeRecycleSolar,400250,Mesquite Solar 1,AZ,628.6898946173145
2028,1,p28,WeRecycleSolar,401622,"Mesquite Solar 3, LLC",AZ,923.0527121617797
2028,1,p28,WeRecycleSolar,406038,"Mesquite Solar 4, LLC",AZ,2626.3347734236204
2028,1,p28,WeRecycleSolar,404922,"Mesquite Solar 5, LLC",AZ,4250.290736490324
2028,1,p28,WeRecycleSolar,403572,OE_AZ1,AZ,7210.572914120568
2028,1,p28,WeRecycleSolar,400203,Paloma Solar Hybrid,AZ,12490.35488733553
2028,1,p28,WeRecycleSolar,405126,Paradise Valley H.S. PV,AZ,25885.383186763866
2028,1,p28,WeRecycleSolar,405150,Phoenix Airport East Economy Lot,AZ,11879.115029648281
2028,1,p28,WeRecycleSolar,405151,Phoenix Airport Rental Car Center,AZ,1664.7165139163794
2028,1,p28,FabTechSolar,400125,"Poseidon Solar, LLC",AZ,4906.50912826138
2028,1,p28,WeRecycleSolar,400289,"RE Bagdad Solar I, LLC",AZ,10996.998424601321
2028,1,p28,FabTechSolar,400758,Red Horse 2,AZ,10521.0172312397
2028,1,p28,WeRecycleSolar,400416,Saddle Mountain Solar I,AZ,20637.691087862477
2028,1,p28,FabTechSolar,403674,Saint Solar,AZ,928.5250800140172
2028,1,p28,FabTechSolar,401214,Sandstone Solar,AZ,1277.8437257692187
2028,1,p28,WeRecycleSolar,405029,Solana Generating Station,AZ,756.3101460132795
2028,1,p28,WeRecycleSolar,406275,Sonoran Solar Energy,AZ,546.5769435744037
2028,1,p28,FabTechSolar,406034,Storey Solar and Storage,AZ,1616.6015480383026
2028,1,p28,WeRecycleSolar,403643,Sun Streams 2,AZ,1089.9040718973408
2028,1,p28,WeRecycleSolar,406517,Sun Streams 3,AZ,1345.888830979777
2028,1,p28,WeRecycleSolar,401975,"Sun Streams, LLC",AZ,732.4351731610624
2028,1,p28,FabTechSolar,405134,Union HS at Casa Grande,AZ,71090.06672437832
2028,1,p28,FabTechSolar,405135,Vista Grande HS at Casa Grande,AZ,46357.8986533592
2028,1,p28,FabTechSolar,400334,Walmart Casa Grande,AZ,34119.78785741708
2028,1,p28,FabTechSolar,406098,"West Line Solar, LLC",AZ,708.987659160075
2028,1,p29,FabTechSolar,400014,Springerville,AZ,48604.112227187026
2028,1,p30,FabTechSolar,405143,Actus Lend Lease DMAFB,AZ,29527.284662156424
2028,1,p30,FabTechSolar,405611,Amazon TUS2,AZ,53650.3814202342
2028,1,p30,FabTechSolar,400939,Avalon Solar,AZ,5279.347688099535
2028,1,p30,FabTechSolar,401479,Avalon Solar II,AZ,17957.113447165495
2028,1,p30,FabTechSolar,400226,Avra Valley Solar,AZ,4139.167248838295
2028,1,p30,FabTechSolar,404704,Broadway 2 - Tucson Phase II,AZ,37609.09114683709
2028,1,p30,FabTechSolar,405269,Canyon Del Oro High School Solar,AZ,25828.817654567058
2028,1,p30,FabTechSolar,401295,Davis Monthan AFB (AZ) West Airfield,AZ,10900.045448542822
2028,1,p30,FabTechSolar,400761,"Gato Montes Solar, LLC",AZ,28669.609905217058
2028,1,p30,FabTechSolar,404536,Iron Horse Battery Storage Hybrid,AZ,47600.30535843987
2028,1,p30,FabTechSolar,400552,"Picture Rocks Solar, LLC",AZ,1519.8837936520608
2028,1,p30,FabTechSolar,405374,Pima Community College,AZ,124587.66154753456
2028,1,p30,FabTechSolar,405303,Pima Community College - East Campus,AZ,200651.90064614036
2028,1,p30,FabTechSolar,405516,Pima Community College NW,AZ,86544.25431860944
2028,1,p30,FabTechSolar,400408,Prairie Fire,AZ,31578.838688639502
2028,1,p30,FabTechSolar,404926,Raptor Ridge,AZ,22046.93352407934
2028,1,p30,FabTechSolar,400857,Rio Rico Solar,AZ,31777.498415421374
2028,1,p30,FabTechSolar,401076,Tech Park Solar,AZ,28207.55296778963
2028,1,p30,FabTechSolar,400156,UASTP I,AZ,118858.34230809443
2028,1,p30,FabTechSolar,401075,Valencia Solar,AZ,10411.073738656334
2028,1,p30,FabTechSolar,404187,"Wilmot Energy Center, LLC",AZ,1507.2996330167991
2028,1,p31,SolarCycle,400211,Alamogordo Solar Energy Center,NM,125670.4169158697
2028,1,p31,FabTechSolar,400206,Albuquerque Solar Energy Center,NM,1332210.8730666381
2028,1,p31,SolarCycle,403675,Alcalde Solar Array,NM,620291.7456757709
2028,1,p31,FabTechSolar,405469,Arroyo Solar Energy Storage Hybrid,NM,4544.609025273069
2028,1,p31,FabTechSolar,403321,Bluewater CDEC 1,NM,882941.398949837
2028,1,p31,SolarCycle,404981,Buena Vista Energy Center,NM,16398.703016791464
2028,1,p31,SolarCycle,402519,Carrizozo Solar,NM,212228.48744356295
2028,1,p31,FabTechSolar,401202,Cibola,NM,158902.30879351415
2028,1,p31,FabTechSolar,402988,City of Gallup Solar,NM,79700.78932415634
2028,1,p31,FabTechSolar,403604,City of Rio Rancho WWTP,NM,1073763.4811778618
2028,1,p31,FabTechSolar,401225,City of Truth or Consequences PV,NM,375811.703465892
2028,1,p31,FabTechSolar,400209,Deming Solar Energy Center,NM,225740.5022452044
2028,1,p31,FabTechSolar,403868,Encino Solar Energy Center,NM,16143.208518125772
2028,1,p31,FabTechSolar,401038,Eubank Landfill Solar Array,NM,445260.14786078036
2028,1,p31,FabTechSolar,402443,Facebook 3 Solar Energy Center,NM,126868.25467449924
2028,1,p31,FabTechSolar,403322,Grants CDEC 2,NM,238532.2841625253
2028,1,p31,FabTechSolar,400216,"Hatch Solar Energy Center I, LLC",NM,438493.9762070862
2028,1,p31,SolarCycle,401617,Holloman Solar Facility,NM,126030.5925758191
2028,1,p31,FabTechSolar,406109,"Jicarilla Solar 1, LLC",NM,54295.78205348001
2028,1,p31,SolarCycle,400427,Kit Carson,NM,1251514.7768403366
2028,1,p31,SolarCycle,400434,Los Alamos PV Site,NM,2957096.1779277874
2028,1,p31,FabTechSolar,400207,Los Lunas Solar Energy Center,NM,360508.3912901113
2028,1,p31,FabTechSolar,400582,Manzano Solar,NM,160253.8582075711
2028,1,p31,SolarCycle,401201,Meadow Lake Solar Energy Center,NM,143102.13455015933
2028,1,p31,SolarCycle,405693,NMSU Solar and Storage,NM,353943.6716951044
2028,1,p31,FabTechSolar,406375,OE_ESCL,NM,5688.576687839584
2028,1,p31,SolarCycle,400581,Otero Solar,NM,82570.98557597489
2028,1,p31,SolarCycle,400146,Questa Solar Facility,NM,1582728.9293374657
2028,1,p31,FabTechSolar,403178,"RC Energy AA, LLC Solar Facility",NM,1341882.0089763089
2028,1,p31,FabTechSolar,401566,Rio Communities Solar Energy Center,NM,252269.28513141774
2028,1,p31,FabTechSolar,400624,Rio Rancho High School,NM,2657285.9436009983
2028,1,p31,FabTechSolar,404648,"Route 66 Energy Center, LLC",NM,22789.124920659106
2028,1,p31,SolarCycle,403387,San Miguel I Solar Energy Center,NM,127086.5739771461
2028,1,p31,SolarCycle,405458,San Miguel II Solar Energy Center,NM,127138.59343191684
2028,1,p31,FabTechSolar,401161,Sandoval Solar Energy Center,NM,426478.40460621123
2028,1,p31,SolarCycle,401564,Santa Fe Solar Energy Center,NM,72838.21975572771
2028,1,p31,FabTechSolar,401565,Santolina Solar Energy Center,NM,240156.85233555333
2028,1,p31,FabTechSolar,400596,Silver City WWTP PV Project,NM,1716688.0572894092
2028,1,p31,FabTechSolar,401563,South Valley Solar Energy Center,NM,257283.7235643633
2028,1,p31,SolarCycle,401162,Springer Solar 1,NM,1554300.879393285
2028,1,p31,SolarCycle,400735,Storrie Lake Solar Project,NM,849653.7297526663
2028,1,p31,FabTechSolar,400623,Sue Cleveland High School,NM,1340007.5198104372
2028,1,p31,SolarCycle,400343,"SunE EPE1, LLC",NM,96484.47026911877
2028,1,p31,SolarCycle,402854,Syncarpha Eagle Nest,NM,1503396.9232995817
2028,1,p31,SolarCycle,403412,Syncarpha El Rito,NM,391132.57492846943
2028,1,p31,SolarCycle,403411,Syncarpha Taos,NM,162121.7950148445
2028,1,p31,SolarCycle,404618,Taos Mesa Energy Facility Hybrid,NM,101684.91643817796
2028,1,p31,FabTechSolar,403011,Vista Solar Energy Center,NM,85576.97717293398
2028,1,p31,SolarCycle,400354,WSMR I,NM,218449.22676005863
2028,1,p31,FabTechSolar,405245,Wal-Mart Truth or Consequences PV,NM,2158504.011415846
2028,1,p47,SolarCycle,400614,GSE NM1,NM,325726.0815988954
2028,1,p47,SolarCycle,404982,Hayhurst New Mexico Solar,NM,13592.346435962516
2028,1,p47,SolarCycle,402530,Middle Daisy,NM,73128.79186877848
2028,1,p47,SolarCycle,400546,SEV NM Phase 2,NM,869753.9206405361
2028,1,p47,SolarCycle,400260,SPS1 Dollarhide,NM,18906.26676467728
2028,1,p47,SolarCycle,400261,SPS2 Jal,NM,13732.474596408521
2028,1,p47,SolarCycle,400262,SPS3 Lea,NM,29689.822310203836
2028,1,p47,SolarCycle,400264,SPS5 Hopi,NM,29115.4637993705
2028,1,p47,SolarCycle,404698,SoCore Clovis 1,NM,343525.25766692543
2028,1,p48,SolarCycle,406439,"BESSP1, LLC",TX,133974.30554343603
2028,1,p57,OkonRecycling,404918,"Hecate Energy Upshur Rural, LLC",TX,18546.444023474574
2028,1,p59,SolarCycle,402666,Fort Bliss (DEA EPIC),TX,85506.51384926715
2028,1,p59,SolarCycle,401616,Montana Solar Facility,TX,163922.46389171458
2028,1,p60,SolarCycle,403962,"ANSON Solar Center, LLC",TX,1811.3152982896613
2028,1,p60,OkonRecycling,403883,Azure Sky Solar,TX,1054.017133203425
2028,1,p60,SolarCycle,403232,"ENGIE Long Draw Solar, LLC",TX,1620.4820926099133
2028,1,p60,SolarCycle,406252,Highpeak Solar 1,TX,28496.906620401613
2028,1,p60,SolarCycle,402721,Holstein 1 Solar Farm,TX,971.1306118003223
2028,1,p60,SolarCycle,405492,Juno Solar Project,TX,707.1215787059087
2028,1,p60,SolarCycle,402541,Lamesa II,TX,1582.5568027103382
2028,1,p60,SolarCycle,401660,Lamesa Solar,TX,1174.0633138630956
2028,1,p60,SolarCycle,405932,Lumina II Solar Project,TX,1702.1154631535605
2028,1,p60,SolarCycle,405933,Lumina Solar Project,TX,1006.0014310668574
2028,1,p60,SolarCycle,402909,Misae Solar,TX,2029.0004560160369
2028,1,p60,OkonRecycling,400968,"OCI Alamo 7, LLC",TX,2242.4917584541736
2028,1,p60,SolarCycle,405939,Texas Solar Nova 1,TX,1020.2318122696759
2028,1,p61,SolarCycle,400967,Alamo 6,TX,1550.5828516889858
2028,1,p61,SolarCycle,403557,Aragorn Solar Project,TX,1128.5558127921563
2028,1,p61,SolarCycle,400691,Barilla Solar,TX,3430.880732400108
2028,1,p61,SolarCycle,401946,Bluebell Solar,TX,1687.865545327047
2028,1,p61,SolarCycle,403574,Bluebell Solar II,TX,817.4797156582822
2028,1,p61,SolarCycle,401463,Buckthorn Westex,TX,607.410479251851
2028,1,p61,SolarCycle,401703,East Pecos Solar,TX,660.2712462383394
2028,1,p61,SolarCycle,405363,Galloway 1 Solar Farm,TX,722.8705152836585
2028,1,p61,SolarCycle,405494,Galloway 2 Solar Farm,TX,3287.9528534950337
2028,1,p61,SolarCycle,403210,Greasewood,TX,557.3173918972776
2028,1,p61,SolarCycle,402304,Midway Solar-TX,TX,1098.618272992651
2028,1,p61,SolarCycle,400695,"OCI Alamo 4, LLC",TX,4192.797289023646
2028,1,p61,SolarCycle,401868,Pearl Solar,TX,1017.5836214301901
2028,1,p61,SolarCycle,402290,RE Maplewood,TX,571.3016792924974
2028,1,p61,SolarCycle,401430,RE Roserock,TX,622.785228183638
2028,1,p61,SolarCycle,402848,Rambler,TX,773.2720634671766
2028,1,p61,SolarCycle,402083,Solaire Holman Solar Project,TX,5380.069918976857
2028,1,p61,SolarCycle,403023,"Taygete Energy Project, LLC",TX,509.8161958002795
2028,1,p61,SolarCycle,404647,Taygete II Energy Project,TX,569.6348286214588
2028,1,p61,SolarCycle,403551,Titan Solar Project,TX,907.6766597117775
2028,1,p61,SolarCycle,406103,Zier Solar,TX,1786.6784900755067
2028,1,p62,SolarCycle,403502,2W Permian Solar Project Hybrid,TX,442.97569366642995
2028,1,p62,SolarCycle,403697,CED Crane Solar,TX,688.665360483698
2028,1,p62,SolarCycle,401525,Castle Gap Solar Hybrid,TX,522.4081228958506
2028,1,p62,SolarCycle,404599,Emerald Grove,TX,916.3321924199533
2028,1,p62,SolarCycle,403004,Lapetus,TX,648.7094224005833
2028,1,p62,SolarCycle,403280,Oberon IA,TX,477.0036721795555
2028,1,p62,SolarCycle,403279,Oberon IB,TX,1178.6921360318615
2028,1,p62,SolarCycle,403602,Oxy Renewable Energy-Goldsmith,TX,1606.5972562120057
2028,1,p62,SolarCycle,402679,Phoebe Solar,TX,483.9079090677488
2028,1,p62,SolarCycle,403177,Prospero Solar,TX,476.5683118978427
2028,1,p62,SolarCycle,404128,Prospero Solar II,TX,582.4561048833758
2028,1,p62,SolarCycle,403070,"Roadrunner, LLC",TX,478.69706165427556
2028,1,p62,SolarCycle,401805,Upton County Solar,TX,495.03590783798995
2028,1,p62,SolarCycle,402995,West of the Pecos Solar,TX,612.4451892206798
2028,1,p63,OkonRecycling,405599,"BPL Crown Solar, LLC",TX,1995.018745462887
2028,1,p63,OkonRecycling,404966,BPL Files Solar,TX,828.2335887440685
2028,1,p63,OkonRecycling,403825,Briar Creek Solar 1,TX,871.3771119220476
2028,1,p63,OkonRecycling,402610,Chisum,TX,8306.12185734967
2028,1,p63,OkonRecycling,401697,CoServ Community Solar Station,TX,12267.442214499912
2028,1,p63,OkonRecycling,403188,Coniglio Solar,TX,980.0431789879428
2028,1,p63,OkonRecycling,406415,Dileo Solar,TX,3037.515667049392
2028,1,p63,OkonRecycling,402655,Eddy II,TX,50251.19947844289
2028,1,p63,OkonRecycling,406221,Eiffel Solar Project,TX,1324.3412137823123
2028,1,p63,OkonRecycling,405540,"Ellis Solar, LLC",TX,902.5252726809829
2028,1,p63,OkonRecycling,403823,Elm Branch Solar 1,TX,1064.3534687553058
2028,1,p63,OkonRecycling,406206,Five Wells Solar Center - Hybrid,TX,811.4639188035616
2028,1,p63,OkonRecycling,404567,G.S.E. One LLC,TX,3920.9061433835204
2028,1,p63,OkonRecycling,403288,Griffin Solar,TX,87201.92924495664
2028,1,p63,OkonRecycling,406202,Grizzly Ridge Solar,TX,2965.8190362755277
2028,1,p63,OkonRecycling,405319,IKEA Grand Prairie Rooftop PV System,TX,13925.121637178996
2028,1,p63,OkonRecycling,405689,"IP Radian, LLC",TX,1592.4275517285066
2028,1,p63,OkonRecycling,403481,Impact Solar 1,TX,1159.7550262453844
2028,1,p63,OkonRecycling,403190,Kellam Solar,TX,5671.308920575349
2028,1,p63,OkonRecycling,402421,Leon Solar,TX,4373.431914577427
2028,1,p63,OkonRecycling,403874,Lily Solar Hybrid,TX,852.9694431068599
2028,1,p63,OkonRecycling,402404,Marlin Solar,TX,91952.6964692034
2028,1,p63,OkonRecycling,405794,Noble Solar,TX,674.9561815958656
2028,1,p63,OkonRecycling,402405,North Gainesville Solar,TX,6158.991042387768
2028,1,p63,OkonRecycling,401933,Phantom Solar,TX,20247.153954623733
2028,1,p63,OkonRecycling,404872,"Pisgah Ridge Solar, LLC",TX,1011.1067380604479
2028,1,p63,OkonRecycling,406416,Pitts Dudik Solar,TX,3311.767962235543
2028,1,p63,OkonRecycling,403189,Rippey Solar,TX,4923.9711974988595
2028,1,p63,OkonRecycling,404630,"Samson Solar Energy III, LLC",TX,1017.1407991528332
2028,1,p63,OkonRecycling,402652,Sterling Solar (TX),TX,4673.410170186017
2028,1,p63,OkonRecycling,404812,Sun Valley Solar Project,TX,1012.1005704342269
2028,1,p63,OkonRecycling,403457,"TPE Whitney Solar, LLC",TX,31168.762214442642
2028,1,p63,OkonRecycling,405361,Toyota HQ Plan,TX,1689.880575544669
2028,1,p63,OkonRecycling,405907,Verizon Hidden Ridge Solar Project,TX,2331.1429274508937
2028,1,p63,OkonRecycling,405984,Waco Solar,TX,617.5426073547118
2028,1,p63,OkonRecycling,402306,Walnut Springs Solar,TX,23517.872759173864
2028,1,p63,OkonRecycling,402497,West Moore Solar II,TX,5942.273031632542
2028,1,p63,OkonRecycling,402330,Whitesboro Solar,TX,6460.474543813922
2028,1,p63,OkonRecycling,402331,Whitesboro Solar II,TX,5902.123482382691
2028,1,p63,OkonRecycling,402414,Whitewright Solar,TX,13508.003318156407
2028,1,p63,OkonRecycling,402654,Yellow Jacket,TX,36263.73040141539
2028,1,p64,OkonRecycling,405731,Austin TX GigaFactory,TX,246877.10590461828
2028,1,p64,OkonRecycling,404721,"Blue Jay Solar I, LLC",TX,1005.9138582118923
2028,1,p64,OkonRecycling,402389,"E-Volve Energy Holdings, LLC",TX,85540.52275776931
2028,1,p64,OkonRecycling,400227,East Blackland Solar Project 1,TX,1387.55294160631
2028,1,p64,OkonRecycling,405101,IKEA Round Rock 027,TX,98918.04131536631
2028,1,p64,SolarCycle,402653,Lampwick,TX,20837.674153025102
2028,1,p64,OkonRecycling,405613,Niagara Bottling - Seguin,TX,40534.21600458089
2028,1,p64,OkonRecycling,400249,Webberville Solar Project,TX,8073.681442837375
2028,1,p65,OkonRecycling,405700,Aktina Solar,TX,14298.950507422785
2028,1,p65,OkonRecycling,405727,Bernard Creek Solar,TX,18942.281790610472
2028,1,p65,OkonRecycling,405477,Brightside,TX,165717.97725280753
2028,1,p65,OkonRecycling,401728,CPS 1 Community Solar,TX,2281976.1997048403
2028,1,p65,OkonRecycling,402656,Cascade Solar (TX),TX,686269.9871216292
2028,1,p65,OkonRecycling,404361,FELPS 2-Calaveras,TX,7107157.484613056
2028,1,p65,OkonRecycling,404739,FELPS 6- Floresville West,TX,7234278.081512874
2028,1,p65,OkonRecycling,404740,FELPS 7- Floresville West,TX,7231941.832821226
2028,1,p65,SolarCycle,405801,Horizon Solar,TX,25818.44539944686
2028,1,p65,OkonRecycling,405380,IKEA Live Oak Rooftop PV System,TX,3849962.314972962
2028,1,p65,SolarCycle,403343,Mars Solar,TX,1016360.5137481585
2028,1,p65,OkonRecycling,404877,Nebula Solar,TX,188753.13667884452
2028,1,p65,OkonRecycling,400694,"OCI Alamo 2, LLC",TX,763099.0195197512
2028,1,p65,OkonRecycling,400965,"OCI Alamo 3, LLC",TX,2427230.400998621
2028,1,p65,SolarCycle,400966,"OCI Alamo 5, LLC",TX,138883.0184457931
2028,1,p65,SolarCycle,405809,Shakes Solar,TX,37898.54776253389
2028,1,p65,OkonRecycling,405545,Sparta Solar,TX,22186.54965802701
2028,1,p65,OkonRecycling,400364,"SunE CPS2, LLC",TX,725921.619797047
2028,1,p65,OkonRecycling,400353,"SunE CPS3, LLC",TX,1387112.0753948763
2028,1,p65,OkonRecycling,406032,Tres Bahias,TX,20076.60309406132
2028,1,p67,OkonRecycling,404939,Brazoria County Solar Project (Danciger),TX,4690.765137011219
2028,1,p67,OkonRecycling,404681,Brazoria West,TX,2578.7616478633454
2028,1,p67,OkonRecycling,404587,Fighting Jays Solar Project,TX,4073.8962473152656
2028,1,p67,OkonRecycling,405564,"Fort Bend Solar, LLC",TX,2565.6762963789224
2028,1,p67,OkonRecycling,403514,Wagyu,TX,14809.308519846505
2028,2,p12,ComstockMetals,402144,Battle Mountain Solar Project,NV,2800.6244328650682
2028,2,p12,ComstockMetals,405025,Brady,NV,980.2060671863961
2028,2,p12,ComstockMetals,405553,Dodge Flat,NV,438.00894483224266
2028,2,p12,ComstockMetals,404659,Fish Springs,NV,652.1420987106112
2028,2,p12,ComstockMetals,401086,Ft. Churchill PV,NV,772.4594234103621
2028,2,p12,ComstockMetals,405028,Galena 2 Geothermal Power Plant,NV,1979.0950174164984
2028,2,p12,ComstockMetals,400468,"Patua Acquisition Project, LLC",NV,2737.911985549885
2028,2,p12,ComstockMetals,405021,Steamboat Hills LP,NV,2781.9788748498568
2028,2,p12,ComstockMetals,405023,Steamboat II,NV,1321.754930035905
2028,2,p12,ComstockMetals,405024,Steamboat III,NV,1235.719033289516
2028,2,p12,ComstockMetals,400029,Stillwater Facility,NV,3214.4180853936705
2028,2,p12,ComstockMetals,401318,Sunshine Valley Solar,NV,4519.474235958203
2028,2,p12,ComstockMetals,405026,TS Power Plant,NV,3247.2518725124046
2028,2,p12,ComstockMetals,405576,Tesla Reno GigaFactory,NV,1112.5523111834323
2028,2,p12,ComstockMetals,401943,Tungsten Mountain,NV,19585.70712128916
2028,2,p12,ComstockMetals,403308,Turquoise Liberty Solar,NV,1044.7589440610363
2028,2,p12,ComstockMetals,403884,"Turquoise Nevada, LLC",NV,520.9358783381197
2028,2,p12,ComstockMetals,400035,Western 102 Power Plant,NV,3418.897710712653
2028,2,p13,WeRecycleSolar,400555,Apex Solar PV Power Project,NV,46109.36743387928
2028,2,p13,WeRecycleSolar,405385,Arrow Canyon Solar Hybrid,NV,1061.0285881384286
2028,2,p13,WeRecycleSolar,400059,CM10,NV,40965.0403358266
2028,2,p13,WeRecycleSolar,400363,Copper Mountain Solar 2,NV,5648.54753307039
2028,2,p13,WeRecycleSolar,403688,"Copper Mountain Solar 5, LLC",NV,3627.750372637184
2028,2,p13,WeRecycleSolar,405358,Dignity - San Martin,NV,263829.7250898996
2028,2,p13,WeRecycleSolar,405355,Dignity - Siena Campus,NV,309218.0320184102
2028,2,p13,WeRecycleSolar,405556,Dry Lake Solar Energy Center,NV,1919.2266075019725
2028,2,p13,WeRecycleSolar,405495,Gemini Solar,NV,726.2341032320755
2028,2,p13,WeRecycleSolar,403386,"Harry Allen Solar Energy, LLC",NV,2230.601761019423
2028,2,p13,WeRecycleSolar,406090,IGS LAS1,NV,863684.3657470933
2028,2,p13,WeRecycleSolar,406089,IGS VGT,NV,180844.06615146663
2028,2,p13,WeRecycleSolar,405309,IKEA Las Vegas 462,NV,225127.13054721334
2028,2,p13,WeRecycleSolar,400545,Las Vegas WPCF Solar Plant,NV,53520.78888894222
2028,2,p13,WeRecycleSolar,400600,Mountain View Solar,NV,45978.20571477586
2028,2,p13,WeRecycleSolar,400036,Nellis Air Force Base Solar Array,NV,25427.29172020439
2028,2,p13,WeRecycleSolar,401274,River Mountains Solar,NV,19936.206075308055
2028,2,p13,WeRecycleSolar,400166,Silver State Solar Power North,NV,5777.466444326076
2028,2,p13,WeRecycleSolar,400658,Silver State Solar Power South,NV,2071.0288600784256
2028,2,p13,WeRecycleSolar,405246,"Solar Las Vegas MB 2, LLC",NV,296129.5280093586
2028,2,p13,WeRecycleSolar,405188,Solar Las Vegas MB-1,NV,181573.90623692158
2028,2,p13,WeRecycleSolar,402691,"Techren Solar III, LLC",NV,33102.1489426797
2028,2,p13,WeRecycleSolar,402692,"Techren Solar IV, LLC",NV,33230.56008731454
2028,2,p13,WeRecycleSolar,404971,Yellow Pine Solar,NV,2989.4277225853143
2028,2,p27,WeRecycleSolar,400374,"Black Mountain Solar, LLC",AZ,8279.616202637291
2028,2,p27,WeRecycleSolar,402236,Gray Hawk Solar,AZ,1470.0822458577677
2028,2,p27,WeRecycleSolar,401819,Jacobson 5 MW Solar,AZ,17309.446236661945
2028,2,p27,WeRecycleSolar,403718,Mohave Electric Cooperative at Joy Lane,AZ,2998.9454231670534
2028,2,p27,WeRecycleSolar,406478,Mohave Energy - Hybrid,AZ,9242.163202145273
2028,2,p28,WeRecycleSolar,405418,AZ State University - Tempe Campus Solar,AZ,4412.441719890839
2028,2,p28,WeRecycleSolar,400148,Agua Caliente Solar Project,AZ,572.6054274915739
2028,2,p28,FabTechSolar,402067,Apache Solar 1,AZ,23874.92318226437
2028,2,p28,WeRecycleSolar,400240,Arlington Valley Solar Energy II,AZ,991.5979945895112
2028,2,p28,WeRecycleSolar,400437,Badger 1,AZ,10212.786750604528
2028,2,p28,FabTechSolar,401688,Bonnybrooke PV,AZ,2420.3364941472532
2028,2,p28,WeRecycleSolar,400371,Buckeye Union HS District 201,AZ,15340.347655159983
2028,2,p28,FabTechSolar,405635,"Central Line Solar, LLC",AZ,621.9786145944374
2028,2,p28,WeRecycleSolar,400201,Chino Solar Valley,AZ,4446.136089100083
2028,2,p28,WeRecycleSolar,400202,Cotton Center Solar Hybrid,AZ,9256.694048112171
2028,2,p28,WeRecycleSolar,401069,Desert Star Hybrid,AZ,12528.170434465288
2028,2,p28,FabTechSolar,403257,East Line Solar,AZ,770.928548673212
2028,2,p28,FabTechSolar,406171,Eleven Mile Solar Center,AZ,574.1835814366636
2028,2,p28,WeRecycleSolar,400349,Foothills Solar Plant Hybrid,AZ,13803.42101128727
2028,2,p28,FabTechSolar,400825,Fort Huachuca Solar PV Project,AZ,14452.074263957451
2028,2,p28,WeRecycleSolar,400845,Gila Bend Hybrid,AZ,2827.8071085946876
2028,2,p28,FabTechSolar,400599,"Gilbert Solar Facility I, LLC",AZ,7713.716038929479
2028,2,p28,WeRecycleSolar,400204,Hyder Solar Hybrid,AZ,6006.8281262120245
2028,2,p28,FabTechSolar,405282,Intel - Ocotillo Campus Solar,AZ,3062.6172717706136
2028,2,p28,WeRecycleSolar,405125,Jewish Community Center PV,AZ,21583.763290832903
2028,2,p28,WeRecycleSolar,402234,Kayenta Solar Project,AZ,15947.556398447728
2028,2,p28,WeRecycleSolar,400128,Luke Solar,AZ,6024.8515934662355
2028,2,p28,WeRecycleSolar,405068,Macys Goodyear,AZ,11264.792593995931
2028,2,p28,WeRecycleSolar,406279,McFarland A Solar and Storage,AZ,1896.605113251074
2028,2,p28,FabTechSolar,405617,Mesa Carport PV,AZ,4498.310230372085
2028,2,p28,FabTechSolar,404512,Mesa Solar Array,AZ,9768.694540955341
2028,2,p28,WeRecycleSolar,400250,Mesquite Solar 1,AZ,564.3672652059261
2028,2,p28,WeRecycleSolar,401622,"Mesquite Solar 3, LLC",AZ,681.9519332077595
2028,2,p28,WeRecycleSolar,406038,"Mesquite Solar 4, LLC",AZ,2000.1431053735316
2028,2,p28,WeRecycleSolar,404922,"Mesquite Solar 5, LLC",AZ,1783.6679571339273
2028,2,p28,WeRecycleSolar,403572,OE_AZ1,AZ,5294.992173802844
2028,2,p28,WeRecycleSolar,400203,Paloma Solar Hybrid,AZ,4744.876216603021
2028,2,p28,WeRecycleSolar,405126,Paradise Valley H.S. PV,AZ,9558.609181536416
2028,2,p28,WeRecycleSolar,405150,Phoenix Airport East Economy Lot,AZ,8650.43339831369
2028,2,p28,WeRecycleSolar,405151,Phoenix Airport Rental Car Center,AZ,1157.495920407367
2028,2,p28,FabTechSolar,400125,"Poseidon Solar, LLC",AZ,3638.982563166494
2028,2,p28,WeRecycleSolar,400031,Prescott Airport,AZ,25047.271537501958
2028,2,p28,WeRecycleSolar,400401,Prescott Solar Plant,AZ,9969.758444987874
2028,2,p28,WeRecycleSolar,400289,"RE Bagdad Solar I, LLC",AZ,23249.27788380752
2028,2,p28,WeRecycleSolar,400416,Saddle Mountain Solar I,AZ,14945.522196162876
2028,2,p28,FabTechSolar,403674,Saint Solar,AZ,779.8690892748785
2028,2,p28,FabTechSolar,401214,Sandstone Solar,AZ,1030.9363722621742
2028,2,p28,WeRecycleSolar,405029,Solana Generating Station,AZ,1168.2769415325026
2028,2,p28,WeRecycleSolar,406275,Sonoran Solar Energy,AZ,470.23324867614264
2028,2,p28,FabTechSolar,406034,Storey Solar and Storage,AZ,1274.4132294563215
2028,2,p28,WeRecycleSolar,403643,Sun Streams 2,AZ,730.5718011486138
2028,2,p28,WeRecycleSolar,406517,Sun Streams 3,AZ,1079.8427215034678
2028,2,p28,WeRecycleSolar,401975,"Sun Streams, LLC",AZ,638.9325525825192
2028,2,p28,WeRecycleSolar,405311,T0588 Phoenix - AZ,AZ,8090.423807923637
2028,2,p28,FabTechSolar,405134,Union HS at Casa Grande,AZ,51207.3737326861
2028,2,p28,FabTechSolar,400334,Walmart Casa Grande,AZ,24635.567219628294
2028,2,p28,FabTechSolar,406098,"West Line Solar, LLC",AZ,622.080020647651
2028,2,p29,FabTechSolar,400014,Springerville,AZ,33451.13933078642
2028,2,p30,FabTechSolar,405143,Actus Lend Lease DMAFB,AZ,20371.263668175397
2028,2,p30,FabTechSolar,400939,Avalon Solar,AZ,3745.5483522755344
2028,2,p30,FabTechSolar,401479,Avalon Solar II,AZ,6419.059894741501
2028,2,p30,FabTechSolar,400226,Avra Valley Solar,AZ,1681.889058525564
2028,2,p30,FabTechSolar,404704,Broadway 2 - Tucson Phase II,AZ,17408.395593476936
2028,2,p30,FabTechSolar,405269,Canyon Del Oro High School Solar,AZ,9117.695934237388
2028,2,p30,FabTechSolar,401295,Davis Monthan AFB (AZ) West Airfield,AZ,7599.40696885917
2028,2,p30,FabTechSolar,400330,FRB Solar Farm,AZ,102109.17964198168
2028,2,p30,FabTechSolar,404536,Iron Horse Battery Storage Hybrid,AZ,97489.3532780827
2028,2,p30,FabTechSolar,400552,"Picture Rocks Solar, LLC",AZ,1263.8354596961515
2028,2,p30,FabTechSolar,405374,Pima Community College,AZ,57166.580701846564
2028,2,p30,FabTechSolar,405303,Pima Community College - East Campus,AZ,137703.68464635484
2028,2,p30,FabTechSolar,405516,Pima Community College NW,AZ,29932.61240191308
2028,2,p30,FabTechSolar,404926,Raptor Ridge,AZ,15242.324714824525
2028,2,p30,FabTechSolar,400156,UASTP I,AZ,81621.53559352014
2028,2,p30,FabTechSolar,401075,Valencia Solar,AZ,7264.141149964993
2028,2,p30,FabTechSolar,404187,"Wilmot Energy Center, LLC",AZ,1159.225351320995
2028,2,p31,SolarCycle,400211,Alamogordo Solar Energy Center,NM,133109.5625564891
2028,2,p31,FabTechSolar,400206,Albuquerque Solar Energy Center,NM,470700.01901499456
2028,2,p31,SolarCycle,403675,Alcalde Solar Array,NM,876005.1048217141
2028,2,p31,FabTechSolar,405469,Arroyo Solar Energy Storage Hybrid,NM,3327.1569151667545
2028,2,p31,FabTechSolar,403321,Bluewater CDEC 1,NM,623700.5678229813
2028,2,p31,SolarCycle,402876,CNMEC Solar Energy Center,NM,214351.133230748
2028,2,p31,SolarCycle,402519,Carrizozo Solar,NM,224807.85779868116
2028,2,p31,FabTechSolar,401202,Cibola,NM,224286.56031277304
2028,2,p31,FabTechSolar,402988,City of Gallup Solar,NM,84410.04259976944
2028,2,p31,FabTechSolar,403868,Encino Solar Energy Center,NM,33756.2283436671
2028,2,p31,FabTechSolar,401038,Eubank Landfill Solar Array,NM,236039.01627735462
2028,2,p31,FabTechSolar,402443,Facebook 3 Solar Energy Center,NM,36127.60894570898
2028,2,p31,FabTechSolar,403322,Grants CDEC 2,NM,336764.92998992355
2028,2,p31,FabTechSolar,400216,"Hatch Solar Energy Center I, LLC",NM,155103.35128450175
2028,2,p31,SolarCycle,401617,Holloman Solar Facility,NM,266582.25427710445
2028,2,p31,FabTechSolar,406109,"Jicarilla Solar 1, LLC",NM,13088.081487233496
2028,2,p31,SolarCycle,400427,Kit Carson,NM,884007.8984444657
2028,2,p31,SolarCycle,400210,Las Vegas Solar Energy Center,NM,120323.98140337985
2028,2,p31,SolarCycle,400434,Los Alamos PV Site,NM,2088585.7879702463
2028,2,p31,FabTechSolar,400207,Los Lunas Solar Energy Center,NM,127564.43955832187
2028,2,p31,FabTechSolar,400582,Manzano Solar,NM,226195.64133316482
2028,2,p31,SolarCycle,401201,Meadow Lake Solar Energy Center,NM,201968.60992698075
2028,2,p31,SolarCycle,405693,NMSU Solar and Storage,NM,166861.66897854928
2028,2,p31,FabTechSolar,406375,OE_ESCL,NM,7870.182943096495
2028,2,p31,SolarCycle,400146,Questa Solar Facility,NM,447412.0138556045
2028,2,p31,FabTechSolar,403178,"RC Energy AA, LLC Solar Facility",NM,947830.3402811512
2028,2,p31,FabTechSolar,401566,Rio Communities Solar Energy Center,NM,59694.770242086684
2028,2,p31,FabTechSolar,403084,Rio De Oro Solar Energy Center,NM,60049.62583989391
2028,2,p31,FabTechSolar,400624,Rio Rancho High School,NM,1876842.871980817
2028,2,p31,SolarCycle,400135,Roadrunner Solar,NM,73193.93559195884
2028,2,p31,FabTechSolar,404648,"Route 66 Energy Center, LLC",NM,8306.232100110063
2028,2,p31,SolarCycle,403387,San Miguel I Solar Energy Center,NM,60048.807855332896
2028,2,p31,SolarCycle,405458,San Miguel II Solar Energy Center,NM,89909.95085918889
2028,2,p31,FabTechSolar,401161,Sandoval Solar Energy Center,NM,75630.15686407947
2028,2,p31,SolarCycle,401564,Santa Fe Solar Energy Center,NM,41327.96875891128
2028,2,p31,FabTechSolar,401565,Santolina Solar Energy Center,NM,34265.965353698986
2028,2,p31,FabTechSolar,400596,Silver City WWTP PV Project,NM,606469.7673385263
2028,2,p31,FabTechSolar,401563,South Valley Solar Energy Center,NM,36685.15805664777
2028,2,p31,SolarCycle,401162,Springer Solar 1,NM,1097852.5406048582
2028,2,p31,SolarCycle,400735,Storrie Lake Solar Project,NM,1199981.8725569134
2028,2,p31,FabTechSolar,400623,Sue Cleveland High School,NM,946506.4701909141
2028,2,p31,SolarCycle,400343,"SunE EPE1, LLC",NM,136120.55644976304
2028,2,p31,SolarCycle,402854,Syncarpha Eagle Nest,NM,708067.5283777604
2028,2,p31,SolarCycle,403412,Syncarpha El Rito,NM,1380187.0338414195
2028,2,p31,SolarCycle,403413,Syncarpha Questa,NM,1416119.3281919686
2028,2,p31,SolarCycle,403411,Syncarpha Taos,NM,343051.1893336141
2028,2,p31,SolarCycle,404618,Taos Mesa Energy Facility Hybrid,NM,48088.751298572504
2028,2,p31,FabTechSolar,403011,Vista Solar Energy Center,NM,180870.37215651065
2028,2,p31,SolarCycle,400354,WSMR I,NM,308397.3517721214
2028,2,p31,FabTechSolar,405245,Wal-Mart Truth or Consequences PV,NM,762487.4541053729
2028,2,p47,SolarCycle,400979,"Caprock Solar 1, LLC",NM,47729.57702719585
2028,2,p47,SolarCycle,400614,GSE NM1,NM,452713.3686163772
2028,2,p47,SolarCycle,404982,Hayhurst New Mexico Solar,NM,14156.370132724533
2028,2,p47,SolarCycle,402530,Middle Daisy,NM,101517.63767568239
2028,2,p47,SolarCycle,401682,"Roswell Solar, LLC",NM,12581.072961347658
2028,2,p47,SolarCycle,400546,SEV NM Phase 2,NM,201849.36757616478
2028,2,p47,SolarCycle,400260,SPS1 Dollarhide,NM,13264.987368527212
2028,2,p47,SolarCycle,400261,SPS2 Jal,NM,7351.244656271843
2028,2,p47,SolarCycle,400262,SPS3 Lea,NM,20761.38346208206
2028,2,p47,SolarCycle,400264,SPS5 Hopi,NM,60286.32128097567
2028,2,p47,SolarCycle,404698,SoCore Clovis 1,NM,238930.12397579692
2028,2,p48,SolarCycle,406439,"BESSP1, LLC",TX,6007.116926715379
2028,2,p48,SolarCycle,405590,"Hecate Energy Frye Solar, LLC",TX,952.198835520129
2028,2,p57,OkonRecycling,404918,"Hecate Energy Upshur Rural, LLC",TX,18079.287922975855
2028,2,p59,SolarCycle,402666,Fort Bliss (DEA EPIC),TX,84171.16681647726
2028,2,p59,SolarCycle,401616,Montana Solar Facility,TX,36168.165956200544
2028,2,p60,SolarCycle,403962,"ANSON Solar Center, LLC",TX,1803.2554005191425
2028,2,p60,OkonRecycling,403883,Azure Sky Solar,TX,1050.2820987712355
2028,2,p60,SolarCycle,403232,"ENGIE Long Draw Solar, LLC",TX,1006.7560132619838
2028,2,p60,SolarCycle,406252,Highpeak Solar 1,TX,14368.223826646461
2028,2,p60,SolarCycle,402721,Holstein 1 Solar Farm,TX,967.868935015338
2028,2,p60,SolarCycle,405492,Juno Solar Project,TX,705.3676343318274
2028,2,p60,SolarCycle,402541,Lamesa II,TX,1575.8033246255845
2028,2,p60,SolarCycle,401660,Lamesa Solar,TX,1169.6427062318978
2028,2,p60,SolarCycle,405932,Lumina II Solar Project,TX,1047.3395980274772
2028,2,p60,SolarCycle,405933,Lumina Solar Project,TX,801.6937400628783
2028,2,p60,SolarCycle,402909,Misae Solar,TX,2019.6973774201128
2028,2,p60,OkonRecycling,400968,"OCI Alamo 7, LLC",TX,2231.9694497722217
2028,2,p60,SolarCycle,405939,Texas Solar Nova 1,TX,1016.6897228393581
2028,2,p61,SolarCycle,400967,Alamo 6,TX,698.223465582766
2028,2,p61,SolarCycle,403557,Aragorn Solar Project,TX,966.5105447445259
2028,2,p61,SolarCycle,400691,Barilla Solar,TX,2756.752721781536
2028,2,p61,SolarCycle,401946,Bluebell Solar,TX,1401.4186954940542
2028,2,p61,SolarCycle,403574,Bluebell Solar II,TX,724.6239436769606
2028,2,p61,SolarCycle,400554,"Bryan Solar, LLC",TX,32767.72918932658
2028,2,p61,SolarCycle,401463,Buckthorn Westex,TX,529.0226187463938
2028,2,p61,SolarCycle,401703,East Pecos Solar,TX,669.8423427076218
2028,2,p61,SolarCycle,405363,Galloway 1 Solar Farm,TX,651.0577066076775
2028,2,p61,SolarCycle,405494,Galloway 2 Solar Farm,TX,2645.614838978324
2028,2,p61,SolarCycle,403210,Greasewood,TX,522.3268826034879
2028,2,p61,SolarCycle,406370,Hayhurst Texas Solar,TX,7172.631979234116
2028,2,p61,SolarCycle,402304,Midway Solar-TX,TX,671.615853893718
2028,2,p61,SolarCycle,400695,"OCI Alamo 4, LLC",TX,2611.9029392638877
2028,2,p61,SolarCycle,401868,Pearl Solar,TX,1040.2943607223222
2028,2,p61,SolarCycle,402290,RE Maplewood,TX,499.900590264726
2028,2,p61,SolarCycle,401430,RE Roserock,TX,688.7222885863556
2028,2,p61,SolarCycle,402848,Rambler,TX,690.2489504575951
2028,2,p61,SolarCycle,402083,Solaire Holman Solar Project,TX,4272.403559382844
2028,2,p61,SolarCycle,403023,"Taygete Energy Project, LLC",TX,506.73861873766936
2028,2,p61,SolarCycle,404647,Taygete II Energy Project,TX,531.9046770098347
2028,2,p61,SolarCycle,403551,Titan Solar Project,TX,794.7592977745531
2028,2,p61,SolarCycle,406103,Zier Solar,TX,1478.2536807819008
2028,2,p62,SolarCycle,403502,2W Permian Solar Project Hybrid,TX,442.5950766062138
2028,2,p62,SolarCycle,403697,CED Crane Solar,TX,686.1087767145948
2028,2,p62,SolarCycle,401525,Castle Gap Solar Hybrid,TX,521.324007296814
2028,2,p62,SolarCycle,404599,Emerald Grove,TX,911.759262365601
2028,2,p62,SolarCycle,403004,Lapetus,TX,728.6756147034271
2028,2,p62,SolarCycle,403280,Oberon IA,TX,476.32168408744184
2028,2,p62,SolarCycle,403279,Oberon IB,TX,914.5303985764806
2028,2,p62,SolarCycle,403602,Oxy Renewable Energy-Goldsmith,TX,1595.9109481773075
2028,2,p62,SolarCycle,402679,Phoebe Solar,TX,483.16477314710164
2028,2,p62,SolarCycle,403177,Prospero Solar,TX,460.7121436821804
2028,2,p62,SolarCycle,404128,Prospero Solar II,TX,761.6803407573424
2028,2,p62,SolarCycle,403070,"Roadrunner, LLC",TX,478.00007594679647
2028,2,p62,SolarCycle,401805,Upton County Solar,TX,494.19421606363414
2028,2,p62,SolarCycle,402995,West of the Pecos Solar,TX,610.5636544162419
2028,2,p63,OkonRecycling,405599,"BPL Crown Solar, LLC",TX,1649.3574776412927
2028,2,p63,OkonRecycling,404966,BPL Files Solar,TX,735.4298109639469
2028,2,p63,OkonRecycling,403825,Briar Creek Solar 1,TX,892.2980968041708
2028,2,p63,OkonRecycling,401697,CoServ Community Solar Station,TX,8533.661751104539
2028,2,p63,OkonRecycling,403188,Coniglio Solar,TX,854.3402922911134
2028,2,p63,OkonRecycling,406415,Dileo Solar,TX,2465.931783182853
2028,2,p63,OkonRecycling,402655,Eddy II,TX,39447.79740987033
2028,2,p63,OkonRecycling,406221,Eiffel Solar Project,TX,1124.0244734527048
2028,2,p63,OkonRecycling,405540,"Ellis Solar, LLC",TX,793.6215225768482
2028,2,p63,OkonRecycling,403823,Elm Branch Solar 1,TX,920.3794477948258
2028,2,p63,OkonRecycling,406206,Five Wells Solar Center - Hybrid,TX,722.2943461944291
2028,2,p63,OkonRecycling,404567,G.S.E. One LLC,TX,1778.9400377964773
2028,2,p63,OkonRecycling,403288,Griffin Solar,TX,23063.608120460245
2028,2,p63,OkonRecycling,406202,Grizzly Ridge Solar,TX,2409.772743024978
2028,2,p63,OkonRecycling,405319,IKEA Grand Prairie Rooftop PV System,TX,5108.467645560498
2028,2,p63,OkonRecycling,405689,"IP Radian, LLC",TX,2268.026043625169
2028,2,p63,OkonRecycling,403481,Impact Solar 1,TX,995.1062493248382
2028,2,p63,OkonRecycling,403190,Kellam Solar,TX,4528.94784817518
2028,2,p63,OkonRecycling,402421,Leon Solar,TX,3512.3376377217464
2028,2,p63,OkonRecycling,403874,Lily Solar Hybrid,TX,754.8050845786976
2028,2,p63,OkonRecycling,402404,Marlin Solar,TX,36256.01932810773
2028,2,p63,OkonRecycling,405794,Noble Solar,TX,615.3696077100335
2028,2,p63,OkonRecycling,402405,North Gainesville Solar,TX,6844.20417623218
2028,2,p63,OkonRecycling,401933,Phantom Solar,TX,15946.018047525244
2028,2,p63,OkonRecycling,404872,"Pisgah Ridge Solar, LLC",TX,639.335987431053
2028,2,p63,OkonRecycling,406416,Pitts Dudik Solar,TX,4961.500091611268
2028,2,p63,OkonRecycling,403189,Rippey Solar,TX,3943.567911227754
2028,2,p63,OkonRecycling,404630,"Samson Solar Energy III, LLC",TX,883.3983765848199
2028,2,p63,OkonRecycling,402652,Sterling Solar (TX),TX,2259.6148395459845
2028,2,p63,OkonRecycling,404812,Sun Valley Solar Project,TX,879.4504308590874
2028,2,p63,OkonRecycling,404388,"TPE Erath Solar, LLC",TX,33453.82944326027
2028,2,p63,OkonRecycling,403457,"TPE Whitney Solar, LLC",TX,12450.386009483807
2028,2,p63,OkonRecycling,405361,Toyota HQ Plan,TX,1410.346710284781
2028,2,p63,OkonRecycling,405907,Verizon Hidden Ridge Solar Project,TX,1761.3752674074185
2028,2,p63,OkonRecycling,405984,Waco Solar,TX,627.1977337589786
2028,2,p63,OkonRecycling,402306,Walnut Springs Solar,TX,11264.757777044893
2028,2,p63,OkonRecycling,402497,West Moore Solar II,TX,4741.190518855194
2028,2,p63,OkonRecycling,402330,Whitesboro Solar,TX,5147.091036332151
2028,2,p63,OkonRecycling,402331,Whitesboro Solar II,TX,4709.741898127749
2028,2,p63,OkonRecycling,402414,Whitewright Solar,TX,20934.657676055045
2028,2,p63,OkonRecycling,402654,Yellow Jacket,TX,28491.594459672917
2028,2,p64,OkonRecycling,405731,Austin TX GigaFactory,TX,59085.24590339926
2028,2,p64,OkonRecycling,404721,"Blue Jay Solar I, LLC",TX,2131.1889622333974
2028,2,p64,OkonRecycling,402389,"E-Volve Energy Holdings, LLC",TX,324746.0683162805
2028,2,p64,OkonRecycling,400227,East Blackland Solar Project 1,TX,1105.3976109637408
2028,2,p64,OkonRecycling,405101,IKEA Round Rock 027,TX,281881.176564165
2028,2,p64,SolarCycle,402653,Lampwick,TX,29596.78715705056
2028,2,p64,OkonRecycling,405613,Niagara Bottling - Seguin,TX,57734.80990190839
2028,2,p64,OkonRecycling,400249,Webberville Solar Project,TX,7708.295523910158
2028,2,p65,OkonRecycling,405700,Aktina Solar,TX,10533.2614349269
2028,2,p65,OkonRecycling,405727,Bernard Creek Solar,TX,13918.559468500525
2028,2,p65,OkonRecycling,405477,Brightside,TX,120927.82564419847
2028,2,p65,OkonRecycling,401728,CPS 1 Community Solar,TX,3327242.2825117507
2028,2,p65,OkonRecycling,402656,Cascade Solar (TX),TX,333763.2941643898
2028,2,p65,OkonRecycling,404359,FELPS 1-Calaveras,TX,10363238.121189682
2028,2,p65,OkonRecycling,404361,FELPS 2-Calaveras,TX,5181699.948348469
2028,2,p65,OkonRecycling,404739,FELPS 6- Floresville West,TX,5274379.337447802
2028,2,p65,OkonRecycling,404740,FELPS 7- Floresville West,TX,3515250.7042769375
2028,2,p65,SolarCycle,405801,Horizon Solar,TX,55995.223329513894
2028,2,p65,OkonRecycling,405380,IKEA Live Oak Rooftop PV System,TX,5613575.08495778
2028,2,p65,SolarCycle,403343,Mars Solar,TX,741102.939252475
2028,2,p65,OkonRecycling,404877,Nebula Solar,TX,69060.99620384788
2028,2,p65,OkonRecycling,400694,"OCI Alamo 2, LLC",TX,556458.4273487809
2028,2,p65,OkonRecycling,400965,"OCI Alamo 3, LLC",TX,1769721.136758795
2028,2,p65,SolarCycle,400966,"OCI Alamo 5, LLC",TX,20592.6703668683
2028,2,p65,OkonRecycling,400593,OCI Alamo Solar I Hybrid,TX,128057.48028839727
2028,2,p65,SolarCycle,405809,Shakes Solar,TX,55077.88200338121
2028,2,p65,OkonRecycling,405545,Sparta Solar,TX,16283.847009304956
2028,2,p65,OkonRecycling,400379,"SunE CPS1, LLC",TX,527913.1938934951
2028,2,p65,OkonRecycling,400364,"SunE CPS2, LLC",TX,1058307.249352216
2028,2,p65,OkonRecycling,400353,"SunE CPS3, LLC",TX,505902.77114239207
2028,2,p65,OkonRecycling,406032,Tres Bahias,TX,29091.11062693992
2028,2,p67,OkonRecycling,404939,Brazoria County Solar Project (Danciger),TX,6297.740584008852
2028,2,p67,OkonRecycling,404681,Brazoria West,TX,2396.50032619222
2028,2,p67,OkonRecycling,404587,Fighting Jays Solar Project,TX,2924.92111632122
2028,2,p67,OkonRecycling,405564,"Fort Bend Solar, LLC",TX,2632.57331334794
2028,2,p67,OkonRecycling,403514,Wagyu,TX,10302.938162702454
2028,3,p12,ComstockMetals,405025,Brady,NV,980.2060671863961
2028,3,p12,ComstockMetals,405553,Dodge Flat,NV,438.00894483224266
2028,3,p12,ComstockMetals,404659,Fish Springs,NV,652.1420987106112
2028,3,p12,ComstockMetals,401086,Ft. Churchill PV,NV,710.3828528419682
2028,3,p12,ComstockMetals,405028,Galena 2 Geothermal Power Plant,NV,1979.0950174164984
2028,3,p12,ComstockMetals,400468,"Patua Acquisition Project, LLC",NV,1568.9559927749424
2028,3,p12,ComstockMetals,405021,Steamboat Hills LP,NV,2781.9788748498568
2028,3,p12,ComstockMetals,405023,Steamboat II,NV,1321.754930035905
2028,3,p12,ComstockMetals,405024,Steamboat III,NV,1235.719033289516
2028,3,p12,ComstockMetals,400029,Stillwater Facility,NV,3214.4180853936705
2028,3,p12,ComstockMetals,401318,Sunshine Valley Solar,NV,4519.474235958203
2028,3,p12,ComstockMetals,405576,Tesla Reno GigaFactory,NV,1290.6903889792904
2028,3,p12,ComstockMetals,401943,Tungsten Mountain,NV,19585.70712128916
2028,3,p12,ComstockMetals,403308,Turquoise Liberty Solar,NV,1205.948680076295
2028,3,p12,ComstockMetals,403884,"Turquoise Nevada, LLC",NV,520.9358783381197
2028,3,p12,ComstockMetals,400035,Western 102 Power Plant,NV,4173.622138390817
2028,3,p13,WeRecycleSolar,400555,Apex Solar PV Power Project,NV,46109.36743387928
2028,3,p13,WeRecycleSolar,405385,Arrow Canyon Solar Hybrid,NV,978.400014621125
2028,3,p13,WeRecycleSolar,400059,CM10,NV,81530.08067165321
2028,3,p13,WeRecycleSolar,400086,CM48,NV,6025.336399938682
2028,3,p13,WeRecycleSolar,400363,Copper Mountain Solar 2,NV,5648.54753307039
2028,3,p13,WeRecycleSolar,400802,Copper Mountain Solar 3,NV,3629.2238471851524
2028,3,p13,WeRecycleSolar,403688,"Copper Mountain Solar 5, LLC",NV,3627.750372637184
2028,3,p13,WeRecycleSolar,405358,Dignity - San Martin,NV,263829.7250898996
2028,3,p13,WeRecycleSolar,405556,Dry Lake Solar Energy Center,NV,2425.6354766692966
2028,3,p13,WeRecycleSolar,405495,Gemini Solar,NV,834.9788043094339
2028,3,p13,WeRecycleSolar,403386,"Harry Allen Solar Energy, LLC",NV,3451.0029350323716
2028,3,p13,WeRecycleSolar,406090,IGS LAS1,NV,288161.4552490312
2028,3,p13,WeRecycleSolar,405309,IKEA Las Vegas 462,NV,899308.5221888534
2028,3,p13,WeRecycleSolar,400545,Las Vegas WPCF Solar Plant,NV,66800.98611117777
2028,3,p13,WeRecycleSolar,400600,Mountain View Solar,NV,45978.20571477586
2028,3,p13,WeRecycleSolar,400036,Nellis Air Force Base Solar Array,NV,37940.937580306585
2028,3,p13,WeRecycleSolar,401319,"Playa Solar 1, LLC",NV,6146.244469486545
2028,3,p13,WeRecycleSolar,401274,River Mountains Solar,NV,29704.309112962077
2028,3,p13,WeRecycleSolar,401042,Searchlight Solar,NV,21943.10245374312
2028,3,p13,WeRecycleSolar,400658,Silver State Solar Power South,NV,2071.0288600784256
2028,3,p13,WeRecycleSolar,405246,"Solar Las Vegas MB 2, LLC",NV,296129.5280093586
2028,3,p13,WeRecycleSolar,405188,Solar Las Vegas MB-1,NV,60791.30207897386
2028,3,p13,WeRecycleSolar,402691,"Techren Solar III, LLC",NV,33102.1489426797
2028,3,p13,WeRecycleSolar,402692,"Techren Solar IV, LLC",NV,33230.56008731454
2028,3,p13,WeRecycleSolar,404971,Yellow Pine Solar,NV,2989.4277225853143
2028,3,p27,WeRecycleSolar,400374,"Black Mountain Solar, LLC",AZ,5653.077468424859
2028,3,p27,WeRecycleSolar,402236,Gray Hawk Solar,AZ,3610.2467375733027
2028,3,p27,WeRecycleSolar,401819,Jacobson 5 MW Solar,AZ,17309.446236661945
2028,3,p27,WeRecycleSolar,403718,Mohave Electric Cooperative at Joy Lane,AZ,5597.890846334107
2028,3,p27,WeRecycleSolar,406478,Mohave Energy - Hybrid,AZ,9242.163202145273
2028,3,p28,WeRecycleSolar,405418,AZ State University - Tempe Campus Solar,AZ,4412.441719890839
2028,3,p28,WeRecycleSolar,400148,Agua Caliente Solar Project,AZ,917.8162824747212
2028,3,p28,FabTechSolar,402067,Apache Solar 1,AZ,12137.461591132187
2028,3,p28,WeRecycleSolar,400274,Arizona Western College PV,AZ,89701.74811487296
2028,3,p28,WeRecycleSolar,400240,Arlington Valley Solar Energy II,AZ,991.5979945895112
2028,3,p28,WeRecycleSolar,400437,Badger 1,AZ,10212.786750604528
2028,3,p28,WeRecycleSolar,400371,Buckeye Union HS District 201,AZ,30280.695310319967
2028,3,p28,FabTechSolar,405635,"Central Line Solar, LLC",AZ,677.473268243047
2028,3,p28,WeRecycleSolar,400201,Chino Solar Valley,AZ,16584.544356400333
2028,3,p28,WeRecycleSolar,400202,Cotton Center Solar Hybrid,AZ,4828.3470240560855
2028,3,p28,WeRecycleSolar,401069,Desert Star Hybrid,AZ,12528.170434465288
2028,3,p28,FabTechSolar,403257,East Line Solar,AZ,956.3928230098181
2028,3,p28,FabTechSolar,406171,Eleven Mile Solar Center,AZ,516.1223876244424
2028,3,p28,WeRecycleSolar,400349,Foothills Solar Plant Hybrid,AZ,13803.42101128727
2028,3,p28,FabTechSolar,400825,Fort Huachuca Solar PV Project,AZ,14452.074263957451
2028,3,p28,WeRecycleSolar,400845,Gila Bend Hybrid,AZ,2018.5380723964586
2028,3,p28,FabTechSolar,400599,"Gilbert Solar Facility I, LLC",AZ,7713.716038929479
2028,3,p28,WeRecycleSolar,400204,Hyder Solar Hybrid,AZ,6006.8281262120245
2028,3,p28,FabTechSolar,405282,Intel - Ocotillo Campus Solar,AZ,1731.3086358853063
2028,3,p28,WeRecycleSolar,405125,Jewish Community Center PV,AZ,42767.52658166581
2028,3,p28,WeRecycleSolar,402234,Kayenta Solar Project,AZ,15947.556398447728
2028,3,p28,WeRecycleSolar,400128,Luke Solar,AZ,6024.8515934662355
2028,3,p28,WeRecycleSolar,405068,Macys Goodyear,AZ,11264.792593995931
2028,3,p28,WeRecycleSolar,406279,McFarland A Solar and Storage,AZ,1896.605113251074
2028,3,p28,FabTechSolar,405617,Mesa Carport PV,AZ,3132.206820248057
2028,3,p28,FabTechSolar,404512,Mesa Solar Array,AZ,9768.694540955341
2028,3,p28,WeRecycleSolar,400250,Mesquite Solar 1,AZ,564.3672652059261
2028,3,p28,WeRecycleSolar,401622,"Mesquite Solar 3, LLC",AZ,1527.8077328310378
2028,3,p28,WeRecycleSolar,404922,"Mesquite Solar 5, LLC",AZ,3167.3359142678546
2028,3,p28,WeRecycleSolar,403572,OE_AZ1,AZ,5294.992173802844
2028,3,p28,WeRecycleSolar,400203,Paloma Solar Hybrid,AZ,9089.75243320604
2028,3,p28,WeRecycleSolar,405150,Phoenix Airport East Economy Lot,AZ,8650.43339831369
2028,3,p28,WeRecycleSolar,405151,Phoenix Airport Rental Car Center,AZ,2672.4877612221017
2028,3,p28,FabTechSolar,400125,"Poseidon Solar, LLC",AZ,3638.982563166494
2028,3,p28,WeRecycleSolar,400031,Prescott Airport,AZ,33263.02871666929
2028,3,p28,WeRecycleSolar,400401,Prescott Solar Plant,AZ,14754.637667481813
2028,3,p28,WeRecycleSolar,400289,"RE Bagdad Solar I, LLC",AZ,11824.638941903757
2028,3,p28,FabTechSolar,403674,Saint Solar,AZ,684.901816956159
2028,3,p28,FabTechSolar,401214,Sandstone Solar,AZ,1346.4045583932616
2028,3,p28,WeRecycleSolar,406275,Sonoran Solar Energy,AZ,505.3498730142141
2028,3,p28,FabTechSolar,406034,Storey Solar and Storage,AZ,837.2066147281608
2028,3,p28,WeRecycleSolar,403643,Sun Streams 2,AZ,730.5718011486138
2028,3,p28,WeRecycleSolar,406517,Sun Streams 3,AZ,1079.8427215034678
2028,3,p28,WeRecycleSolar,401975,"Sun Streams, LLC",AZ,638.9325525825192
2028,3,p28,WeRecycleSolar,405311,T0588 Phoenix - AZ,AZ,5014.254284754183
2028,3,p28,FabTechSolar,405134,Union HS at Casa Grande,AZ,25803.686866343054
2028,3,p28,FabTechSolar,405135,Vista Grande HS at Casa Grande,AZ,33431.51688842414
2028,3,p28,FabTechSolar,400334,Walmart Casa Grande,AZ,48871.13443925659
2028,3,p28,FabTechSolar,406098,"West Line Solar, LLC",AZ,677.6000258095637
2028,3,p29,FabTechSolar,400014,Springerville,AZ,16925.569665393206
2028,3,p30,FabTechSolar,405611,Amazon TUS2,AZ,36911.38168591895
2028,3,p30,FabTechSolar,400939,Avalon Solar,AZ,7091.096704551067
2028,3,p30,FabTechSolar,401479,Avalon Solar II,AZ,6419.059894741501
2028,3,p30,FabTechSolar,400226,Avra Valley Solar,AZ,2963.7781170511275
2028,3,p30,FabTechSolar,404704,Broadway 2 - Tucson Phase II,AZ,51425.18678043081
2028,3,p30,FabTechSolar,400761,"Gato Montes Solar, LLC",AZ,13322.129880672383
2028,3,p30,FabTechSolar,404536,Iron Horse Battery Storage Hybrid,AZ,24672.338319520673
2028,3,p30,FabTechSolar,400552,"Picture Rocks Solar, LLC",AZ,1551.7806129282017
2028,3,p30,FabTechSolar,405303,Pima Community College - East Campus,AZ,137703.68464635484
2028,3,p30,FabTechSolar,405516,Pima Community College NW,AZ,39776.8165358841
2028,3,p30,FabTechSolar,404926,Raptor Ridge,AZ,15242.324714824525
2028,3,p30,FabTechSolar,400857,Rio Rico Solar,AZ,21914.133616317067
2028,3,p30,FabTechSolar,401076,Tech Park Solar,AZ,13110.922164056485
2028,3,p30,FabTechSolar,400156,UASTP I,AZ,41010.76779676007
2028,3,p30,FabTechSolar,401075,Valencia Solar,AZ,10696.211724947489
2028,3,p30,FabTechSolar,404187,"Wilmot Energy Center, LLC",AZ,1159.225351320995
2028,3,p31,SolarCycle,400211,Alamogordo Solar Energy Center,NM,53483.82502259564
2028,3,p31,FabTechSolar,400206,Albuquerque Solar Energy Center,NM,470700.01901499456
2028,3,p31,SolarCycle,403675,Alcalde Solar Array,NM,175521.02096434284
2028,3,p31,FabTechSolar,405469,Arroyo Solar Energy Storage Hybrid,NM,1863.5784575833773
2028,3,p31,FabTechSolar,403321,Bluewater CDEC 1,NM,312050.2839114907
2028,3,p31,SolarCycle,402876,CNMEC Solar Energy Center,NM,285668.17764099734
2028,3,p31,SolarCycle,402519,Carrizozo Solar,NM,224807.85779868116
2028,3,p31,FabTechSolar,401202,Cibola,NM,75028.85343759102
2028,3,p31,FabTechSolar,402988,City of Gallup Solar,NM,168420.08519953888
2028,3,p31,FabTechSolar,403604,City of Rio Rancho WWTP,NM,1516539.7937699244
2028,3,p31,FabTechSolar,401225,City of Truth or Consequences PV,NM,398105.4133938423
2028,3,p31,FabTechSolar,400209,Deming Solar Energy Center,NM,79974.09316440183
2028,3,p31,FabTechSolar,403868,Encino Solar Energy Center,NM,8739.057085916776
2028,3,p31,FabTechSolar,401038,Eubank Landfill Solar Array,NM,471678.03255470924
2028,3,p31,FabTechSolar,402443,Facebook 3 Solar Energy Center,NM,179038.0447285449
2028,3,p31,FabTechSolar,403322,Grants CDEC 2,NM,168582.46499496175
2028,3,p31,SolarCycle,401617,Holloman Solar Facility,NM,133491.1271385522
2028,3,p31,FabTechSolar,406109,"Jicarilla Solar 1, LLC",NM,13088.081487233496
2028,3,p31,SolarCycle,400427,Kit Carson,NM,1767615.7968889312
2028,3,p31,SolarCycle,400210,Las Vegas Solar Energy Center,NM,360171.9442101396
2028,3,p31,SolarCycle,400434,Los Alamos PV Site,NM,2088585.7879702463
2028,3,p31,FabTechSolar,400838,Macho Springs,NM,14539.407930101497
2028,3,p31,FabTechSolar,400582,Manzano Solar,NM,226195.64133316482
2028,3,p31,SolarCycle,401201,Meadow Lake Solar Energy Center,NM,67589.53664232692
2028,3,p31,SolarCycle,405693,NMSU Solar and Storage,NM,250092.5034678239
2028,3,p31,FabTechSolar,406375,OE_ESCL,NM,4135.091471548248
2028,3,p31,SolarCycle,400581,Otero Solar,NM,43925.34229189483
2028,3,p31,SolarCycle,400146,Questa Solar Facility,NM,1117930.0346390111
2028,3,p31,FabTechSolar,403178,"RC Energy AA, LLC Solar Facility",NM,632020.2268541009
2028,3,p31,FabTechSolar,403084,Rio De Oro Solar Energy Center,NM,89874.43875984085
2028,3,p31,FabTechSolar,400624,Rio Rancho High School,NM,469510.71799520426
2028,3,p31,SolarCycle,403387,San Miguel I Solar Energy Center,NM,89873.21178299934
2028,3,p31,SolarCycle,405458,San Miguel II Solar Energy Center,NM,45154.97542959445
2028,3,p31,SolarCycle,401564,Santa Fe Solar Energy Center,NM,205039.84379455642
2028,3,p31,FabTechSolar,401565,Santolina Solar Energy Center,NM,169729.8267684949
2028,3,p31,FabTechSolar,401563,South Valley Solar Energy Center,NM,91112.89514161943
2028,3,p31,SolarCycle,401162,Springer Solar 1,NM,549126.270302429
2028,3,p31,SolarCycle,400735,Storrie Lake Solar Project,NM,400260.6241856379
2028,3,p31,FabTechSolar,400623,Sue Cleveland High School,NM,946506.4701909141
2028,3,p31,SolarCycle,400343,"SunE EPE1, LLC",NM,34330.13911244075
2028,3,p31,SolarCycle,400342,"SunE EPE2, LLC",NM,130177.77552253124
2028,3,p31,SolarCycle,402854,Syncarpha Eagle Nest,NM,2123402.585133282
2028,3,p31,SolarCycle,403412,Syncarpha El Rito,NM,690293.5169207099
2028,3,p31,SolarCycle,403411,Syncarpha Taos,NM,228834.12622240934
2028,3,p31,SolarCycle,404618,Taos Mesa Energy Facility Hybrid,NM,143466.2538957175
2028,3,p31,FabTechSolar,403011,Vista Solar Energy Center,NM,90635.18607825531
2028,3,p31,SolarCycle,400354,WSMR I,NM,154398.67588606072
2028,3,p31,FabTechSolar,405245,Wal-Mart Truth or Consequences PV,NM,508458.3027369153
2028,3,p47,SolarCycle,400979,"Caprock Solar 1, LLC",NM,24064.788513597927
2028,3,p47,SolarCycle,401681,"Chaves Solar, LLC",NM,12475.137553822744
2028,3,p47,SolarCycle,400614,GSE NM1,NM,151171.1228721257
2028,3,p47,SolarCycle,404982,Hayhurst New Mexico Solar,NM,27912.740265449065
2028,3,p47,SolarCycle,402530,Middle Daisy,NM,50958.818837841194
2028,3,p47,SolarCycle,400546,SEV NM Phase 2,NM,302574.05136424716
2028,3,p47,SolarCycle,400260,SPS1 Dollarhide,NM,26129.974737054417
2028,3,p47,SolarCycle,400261,SPS2 Jal,NM,28204.978625087377
2028,3,p47,SolarCycle,400262,SPS3 Lea,NM,20761.38346208206
2028,3,p47,SolarCycle,400264,SPS5 Hopi,NM,20362.107093658553
2028,3,p47,SolarCycle,404698,SoCore Clovis 1,NM,238930.12397579692
2028,3,p48,SolarCycle,406439,"BESSP1, LLC",TX,45256.935413723026
2028,3,p48,SolarCycle,405590,"Hecate Energy Frye Solar, LLC",TX,768.1325570134192
2028,3,p57,OkonRecycling,404918,"Hecate Energy Upshur Rural, LLC",TX,18079.287922975855
2028,3,p59,SolarCycle,402666,Fort Bliss (DEA EPIC),TX,42285.58340823862
2028,3,p59,SolarCycle,401616,Montana Solar Facility,TX,107704.49786860165
2028,3,p60,SolarCycle,403962,"ANSON Solar Center, LLC",TX,1803.2554005191425
2028,3,p60,OkonRecycling,403883,Azure Sky Solar,TX,920.2256790169885
2028,3,p60,SolarCycle,403232,"ENGIE Long Draw Solar, LLC",TX,1613.5120265239675
2028,3,p60,SolarCycle,406252,Highpeak Solar 1,TX,28336.447653292922
2028,3,p60,SolarCycle,402721,Holstein 1 Solar Farm,TX,967.868935015338
2028,3,p60,SolarCycle,405492,Juno Solar Project,TX,629.0257257488705
2028,3,p60,SolarCycle,402541,Lamesa II,TX,1575.8033246255845
2028,3,p60,SolarCycle,401660,Lamesa Solar,TX,1169.6427062318978
2028,3,p60,SolarCycle,405932,Lumina II Solar Project,TX,1694.6791960549547
2028,3,p60,SolarCycle,405933,Lumina Solar Project,TX,801.6937400628783
2028,3,p60,SolarCycle,402909,Misae Solar,TX,2019.6973774201128
2028,3,p60,OkonRecycling,400968,"OCI Alamo 7, LLC",TX,3147.9541746583327
2028,3,p60,SolarCycle,405939,Texas Solar Nova 1,TX,1016.6897228393581
2028,3,p61,SolarCycle,400967,Alamo 6,TX,698.223465582766
2028,3,p61,SolarCycle,403557,Aragorn Solar Project,TX,966.5105447445259
2028,3,p61,SolarCycle,400691,Barilla Solar,TX,2756.752721781536
2028,3,p61,SolarCycle,401946,Bluebell Solar,TX,1651.7733693675677
2028,3,p61,SolarCycle,403574,Bluebell Solar II,TX,724.6239436769606
2028,3,p61,SolarCycle,400554,"Bryan Solar, LLC",TX,16583.864594663286
2028,3,p61,SolarCycle,401463,Buckthorn Westex,TX,529.0226187463938
2028,3,p61,SolarCycle,401703,East Pecos Solar,TX,602.3817570307164
2028,3,p61,SolarCycle,405363,Galloway 1 Solar Farm,TX,651.0577066076775
2028,3,p61,SolarCycle,405494,Galloway 2 Solar Farm,TX,2645.614838978324
2028,3,p61,SolarCycle,403210,Greasewood,TX,522.3268826034879
2028,3,p61,SolarCycle,406370,Hayhurst Texas Solar,TX,1754.5263958468236
2028,3,p61,SolarCycle,402304,Midway Solar-TX,TX,581.0772359291454
2028,3,p61,SolarCycle,400695,"OCI Alamo 4, LLC",TX,2611.9029392638877
2028,3,p61,SolarCycle,401868,Pearl Solar,TX,1040.2943607223222
2028,3,p61,SolarCycle,402290,RE Maplewood,TX,599.8011805294519
2028,3,p61,SolarCycle,401430,RE Roserock,TX,616.5417164397668
2028,3,p61,SolarCycle,402848,Rambler,TX,690.2489504575951
2028,3,p61,SolarCycle,402083,Solaire Holman Solar Project,TX,4272.403559382844
2028,3,p61,SolarCycle,403023,"Taygete Energy Project, LLC",TX,485.39089499013556
2028,3,p61,SolarCycle,404647,Taygete II Energy Project,TX,531.9046770098347
2028,3,p61,SolarCycle,403551,Titan Solar Project,TX,794.7592977745531
2028,3,p61,SolarCycle,406103,Zier Solar,TX,2556.507361563802
2028,3,p62,SolarCycle,403502,2W Permian Solar Project Hybrid,TX,442.5950766062138
2028,3,p62,SolarCycle,403697,CED Crane Solar,TX,686.1087767145948
2028,3,p62,SolarCycle,401525,Castle Gap Solar Hybrid,TX,521.324007296814
2028,3,p62,SolarCycle,404599,Emerald Grove,TX,911.759262365601
2028,3,p62,SolarCycle,403004,Lapetus,TX,646.5067110275703
2028,3,p62,SolarCycle,403280,Oberon IA,TX,476.32168408744184
2028,3,p62,SolarCycle,403279,Oberon IB,TX,914.5303985764806
2028,3,p62,SolarCycle,403602,Oxy Renewable Energy-Goldsmith,TX,1595.9109481773075
2028,3,p62,SolarCycle,402679,Phoebe Solar,TX,483.16477314710164
2028,3,p62,SolarCycle,403177,Prospero Solar,TX,460.7121436821804
2028,3,p62,SolarCycle,404128,Prospero Solar II,TX,761.6803407573424
2028,3,p62,SolarCycle,403070,"Roadrunner, LLC",TX,478.00007594679647
2028,3,p62,SolarCycle,401805,Upton County Solar,TX,513.0330592763609
2028,3,p62,SolarCycle,402995,West of the Pecos Solar,TX,557.9227408121815
2028,3,p63,OkonRecycling,405599,"BPL Crown Solar, LLC",TX,1649.3574776412927
2028,3,p63,OkonRecycling,404966,BPL Files Solar,TX,735.4298109639469
2028,3,p63,OkonRecycling,403825,Briar Creek Solar 1,TX,1138.4471452062562
2028,3,p63,OkonRecycling,402610,Chisum,TX,18978.287853456906
2028,3,p63,OkonRecycling,401697,CoServ Community Solar Station,TX,11244.882334806052
2028,3,p63,OkonRecycling,403188,Coniglio Solar,TX,854.3402922911134
2028,3,p63,OkonRecycling,406415,Dileo Solar,TX,2465.931783182853
2028,3,p63,OkonRecycling,402655,Eddy II,TX,13415.932469956775
2028,3,p63,OkonRecycling,406221,Eiffel Solar Project,TX,1124.0244734527048
2028,3,p63,OkonRecycling,405540,"Ellis Solar, LLC",TX,793.6215225768482
2028,3,p63,OkonRecycling,403823,Elm Branch Solar 1,TX,920.3794477948258
2028,3,p63,OkonRecycling,406206,Five Wells Solar Center - Hybrid,TX,722.2943461944291
2028,3,p63,OkonRecycling,404567,G.S.E. One LLC,TX,1778.9400377964773
2028,3,p63,OkonRecycling,403288,Griffin Solar,TX,17397.706090345182
2028,3,p63,OkonRecycling,406202,Grizzly Ridge Solar,TX,1739.8484953499853
2028,3,p63,OkonRecycling,402329,Highway 56 Solar,TX,4883.969036567008
2028,3,p63,OkonRecycling,405319,IKEA Grand Prairie Rooftop PV System,TX,4637.620881004447
2028,3,p63,OkonRecycling,405689,"IP Radian, LLC",TX,1334.0130218125848
2028,3,p63,OkonRecycling,403481,Impact Solar 1,TX,995.1062493248382
2028,3,p63,OkonRecycling,403190,Kellam Solar,TX,4528.94784817518
2028,3,p63,OkonRecycling,402421,Leon Solar,TX,2993.614698101455
2028,3,p63,OkonRecycling,403874,Lily Solar Hybrid,TX,636.5367230524652
2028,3,p63,OkonRecycling,405794,Noble Solar,TX,615.3696077100335
2028,3,p63,OkonRecycling,402405,North Gainesville Solar,TX,4910.942923362525
2028,3,p63,OkonRecycling,404872,"Pisgah Ridge Solar, LLC",TX,878.6719748621064
2028,3,p63,OkonRecycling,406416,Pitts Dudik Solar,TX,2680.7500458056347
2028,3,p63,OkonRecycling,403189,Rippey Solar,TX,3943.567911227754
2028,3,p63,OkonRecycling,404630,"Samson Solar Energy III, LLC",TX,883.3983765848199
2028,3,p63,OkonRecycling,402652,Sterling Solar (TX),TX,2492.0666944892328
2028,3,p63,OkonRecycling,404812,Sun Valley Solar Project,TX,1358.9008617181748
2028,3,p63,OkonRecycling,404388,"TPE Erath Solar, LLC",TX,33453.82944326027
2028,3,p63,OkonRecycling,405361,Toyota HQ Plan,TX,1410.346710284781
2028,3,p63,OkonRecycling,405907,Verizon Hidden Ridge Solar Project,TX,1761.3752674074185
2028,3,p63,OkonRecycling,405984,Waco Solar,TX,627.1977337589786
2028,3,p63,OkonRecycling,402497,West Moore Solar II,TX,5223.545020950214
2028,3,p63,OkonRecycling,402330,Whitesboro Solar,TX,6503.40276099848
2028,3,p63,OkonRecycling,402331,Whitesboro Solar II,TX,4709.741898127749
2028,3,p63,OkonRecycling,402414,Whitewright Solar,TX,2453.4657676055044
2028,3,p63,OkonRecycling,402654,Yellow Jacket,TX,28491.594459672917
2028,3,p64,OkonRecycling,405731,Austin TX GigaFactory,TX,117770.49180679848
2028,3,p64,OkonRecycling,404721,"Blue Jay Solar I, LLC",TX,2131.1889622333974
2028,3,p64,OkonRecycling,402389,"E-Volve Energy Holdings, LLC",TX,162573.03415814028
2028,3,p64,OkonRecycling,400227,East Blackland Solar Project 1,TX,1340.5301479516547
2028,3,p64,OkonRecycling,405101,IKEA Round Rock 027,TX,141140.5882820825
2028,3,p64,SolarCycle,402653,Lampwick,TX,58793.574314101126
2028,3,p64,OkonRecycling,405613,Niagara Bottling - Seguin,TX,115069.61980381675
2028,3,p64,OkonRecycling,400249,Webberville Solar Project,TX,5272.197015940105
2028,3,p65,OkonRecycling,405700,Aktina Solar,TX,10533.2614349269
2028,3,p65,OkonRecycling,405727,Bernard Creek Solar,TX,13918.559468500525
2028,3,p65,OkonRecycling,405477,Brightside,TX,120927.82564419847
2028,3,p65,OkonRecycling,401728,CPS 1 Community Solar,TX,9980926.847535253
2028,3,p65,OkonRecycling,402656,Cascade Solar (TX),TX,250422.4706232923
2028,3,p65,OkonRecycling,404359,FELPS 1-Calaveras,TX,10363238.121189682
2028,3,p65,OkonRecycling,404361,FELPS 2-Calaveras,TX,5181699.948348469
2028,3,p65,OkonRecycling,404739,FELPS 6- Floresville West,TX,5274379.337447802
2028,3,p65,OkonRecycling,404740,FELPS 7- Floresville West,TX,5272676.056415408
2028,3,p65,SolarCycle,405801,Horizon Solar,TX,28197.611664756936
2028,3,p65,OkonRecycling,405380,IKEA Live Oak Rooftop PV System,TX,2806987.54247889
2028,3,p65,SolarCycle,403343,Mars Solar,TX,1481805.87850495
2028,3,p65,OkonRecycling,400694,"OCI Alamo 2, LLC",TX,741811.2364650412
2028,3,p65,OkonRecycling,400965,"OCI Alamo 3, LLC",TX,1769721.136758795
2028,3,p65,SolarCycle,400966,"OCI Alamo 5, LLC",TX,34054.450611447166
2028,3,p65,OkonRecycling,400593,OCI Alamo Solar I Hybrid,TX,128057.48028839727
2028,3,p65,SolarCycle,405809,Shakes Solar,TX,11335.576400676238
2028,3,p65,OkonRecycling,405545,Sparta Solar,TX,48051.541027914864
2028,3,p65,OkonRecycling,400379,"SunE CPS1, LLC",TX,527913.1938934951
2028,3,p65,OkonRecycling,400364,"SunE CPS2, LLC",TX,1058307.249352216
2028,3,p65,OkonRecycling,400353,"SunE CPS3, LLC",TX,253151.385571196
2028,3,p65,OkonRecycling,406032,Tres Bahias,TX,19527.40708462661
2028,3,p66,OkonRecycling,406386,Umbriel Solar,TX,18588.42728242041
2028,3,p67,OkonRecycling,404939,Brazoria County Solar Project (Danciger),TX,6297.740584008852
2028,3,p67,OkonRecycling,404681,Brazoria West,TX,3394.75048928833
2028,3,p67,OkonRecycling,405564,"Fort Bend Solar, LLC",TX,2632.57331334794
2028,3,p67,OkonRecycling,403514,Wagyu,TX,10302.938162702454
2028,4,p12,ComstockMetals,402144,Battle Mountain Solar Project,NV,2800.6244328650682
2028,4,p12,ComstockMetals,405025,Brady,NV,980.2060671863961
2028,4,p12,ComstockMetals,405553,Dodge Flat,NV,438.00894483224266
2028,4,p12,ComstockMetals,402609,"EGP Stillwater Solar PV II, LLC",NV,3446.3431288498477
2028,4,p12,ComstockMetals,404659,Fish Springs,NV,601.7136789684888
2028,4,p12,ComstockMetals,401086,Ft. Churchill PV,NV,710.3828528419682
2028,4,p12,ComstockMetals,405028,Galena 2 Geothermal Power Plant,NV,1979.0950174164984
2028,4,p12,ComstockMetals,400468,"Patua Acquisition Project, LLC",NV,1568.9559927749424
2028,4,p12,ComstockMetals,405021,Steamboat Hills LP,NV,2781.9788748498568
2028,4,p12,ComstockMetals,405023,Steamboat II,NV,1321.754930035905
2028,4,p12,ComstockMetals,405024,Steamboat III,NV,1235.719033289516
2028,4,p12,ComstockMetals,400029,Stillwater Facility,NV,1807.2090426968346
2028,4,p12,ComstockMetals,401318,Sunshine Valley Solar,NV,4519.474235958203
2028,4,p12,ComstockMetals,405026,TS Power Plant,NV,1823.6259362562023
2028,4,p12,ComstockMetals,405576,Tesla Reno GigaFactory,NV,1112.5523111834323
2028,4,p12,ComstockMetals,401943,Tungsten Mountain,NV,19585.70712128916
2028,4,p12,ComstockMetals,403308,Turquoise Liberty Solar,NV,1205.948680076295
2028,4,p12,ComstockMetals,403884,"Turquoise Nevada, LLC",NV,520.9358783381197
2028,4,p12,ComstockMetals,400035,Western 102 Power Plant,NV,4712.711015303791
2028,4,p13,WeRecycleSolar,400555,Apex Solar PV Power Project,NV,46109.36743387928
2028,4,p13,WeRecycleSolar,405385,Arrow Canyon Solar Hybrid,NV,978.400014621125
2028,4,p13,WeRecycleSolar,400059,CM10,NV,40965.0403358266
2028,4,p13,WeRecycleSolar,400086,CM48,NV,8838.004599908023
2028,4,p13,WeRecycleSolar,400363,Copper Mountain Solar 2,NV,5648.54753307039
2028,4,p13,WeRecycleSolar,403688,"Copper Mountain Solar 5, LLC",NV,3627.750372637184
2028,4,p13,WeRecycleSolar,405358,Dignity - San Martin,NV,132114.8625449498
2028,4,p13,WeRecycleSolar,405355,Dignity - Siena Campus,NV,309218.0320184102
2028,4,p13,WeRecycleSolar,405556,Dry Lake Solar Energy Center,NV,1919.2266075019725
2028,4,p13,WeRecycleSolar,405495,Gemini Solar,NV,726.2341032320755
2028,4,p13,WeRecycleSolar,403386,"Harry Allen Solar Energy, LLC",NV,4976.504402548559
2028,4,p13,WeRecycleSolar,406090,IGS LAS1,NV,216221.09143677336
2028,4,p13,WeRecycleSolar,406089,IGS VGT,NV,902620.3307573331
2028,4,p13,WeRecycleSolar,405309,IKEA Las Vegas 462,NV,899308.5221888534
2028,4,p13,WeRecycleSolar,400545,Las Vegas WPCF Solar Plant,NV,88934.64814823703
2028,4,p13,WeRecycleSolar,400313,Moapa Southern Paiute,NV,4061.766699185914
2028,4,p13,WeRecycleSolar,400600,Mountain View Solar,NV,45978.20571477586
2028,4,p13,WeRecycleSolar,400036,Nellis Air Force Base Solar Array,NV,75481.87516061318
2028,4,p13,WeRecycleSolar,401319,"Playa Solar 1, LLC",NV,6146.244469486545
2028,4,p13,WeRecycleSolar,401274,River Mountains Solar,NV,29704.309112962077
2028,4,p13,WeRecycleSolar,401042,Searchlight Solar,NV,21943.10245374312
2028,4,p13,WeRecycleSolar,400658,Silver State Solar Power South,NV,3742.057720156851
2028,4,p13,WeRecycleSolar,405246,"Solar Las Vegas MB 2, LLC",NV,296129.5280093586
2028,4,p13,WeRecycleSolar,402485,"Techren Solar I, LLC",NV,8588.589782753417
2028,4,p13,WeRecycleSolar,402691,"Techren Solar III, LLC",NV,33102.1489426797
2028,4,p13,WeRecycleSolar,402692,"Techren Solar IV, LLC",NV,11343.520029104844
2028,4,p13,WeRecycleSolar,406448,Yellow Pine II,NV,5824.841789401135
2028,4,p13,WeRecycleSolar,404971,Yellow Pine Solar,NV,2989.4277225853143
2028,4,p27,WeRecycleSolar,400374,"Black Mountain Solar, LLC",AZ,16159.232405274583
2028,4,p27,WeRecycleSolar,402236,Gray Hawk Solar,AZ,3610.2467375733027
2028,4,p27,WeRecycleSolar,401819,Jacobson 5 MW Solar,AZ,11672.964157774628
2028,4,p27,WeRecycleSolar,401311,Mohave Electric at Fort Mohave,AZ,9240.993820885298
2028,4,p27,WeRecycleSolar,406478,Mohave Energy - Hybrid,AZ,9242.163202145273
2028,4,p28,WeRecycleSolar,405418,AZ State University - Tempe Campus Solar,AZ,4412.441719890839
2028,4,p28,FabTechSolar,402067,Apache Solar 1,AZ,12137.461591132187
2028,4,p28,WeRecycleSolar,400274,Arizona Western College PV,AZ,45050.874057436464
2028,4,p28,WeRecycleSolar,400240,Arlington Valley Solar Energy II,AZ,1583.1959891790225
2028,4,p28,FabTechSolar,401688,Bonnybrooke PV,AZ,1410.1682470736268
2028,4,p28,WeRecycleSolar,400371,Buckeye Union HS District 201,AZ,30280.695310319967
2028,4,p28,FabTechSolar,405635,"Central Line Solar, LLC",AZ,677.473268243047
2028,4,p28,WeRecycleSolar,400201,Chino Solar Valley,AZ,8492.272178200166
2028,4,p28,WeRecycleSolar,401069,Desert Star Hybrid,AZ,6464.085217232643
2028,4,p28,FabTechSolar,403257,East Line Solar,AZ,956.3928230098181
2028,4,p28,FabTechSolar,406171,Eleven Mile Solar Center,AZ,574.1835814366636
2028,4,p28,WeRecycleSolar,400349,Foothills Solar Plant Hybrid,AZ,4867.807003762422
2028,4,p28,FabTechSolar,400825,Fort Huachuca Solar PV Project,AZ,9768.049509304967
2028,4,p28,FabTechSolar,400599,"Gilbert Solar Facility I, LLC",AZ,7713.716038929479
2028,4,p28,WeRecycleSolar,400204,Hyder Solar Hybrid,AZ,17220.484378636073
2028,4,p28,FabTechSolar,405282,Intel - Ocotillo Campus Solar,AZ,2175.0781811804086
2028,4,p28,WeRecycleSolar,405125,Jewish Community Center PV,AZ,21583.763290832903
2028,4,p28,WeRecycleSolar,402234,Kayenta Solar Project,AZ,15947.556398447728
2028,4,p28,WeRecycleSolar,400128,Luke Solar,AZ,6024.8515934662355
2028,4,p28,WeRecycleSolar,405068,Macys Goodyear,AZ,11264.792593995931
2028,4,p28,WeRecycleSolar,406279,McFarland A Solar and Storage,AZ,1896.605113251074
2028,4,p28,FabTechSolar,405617,Mesa Carport PV,AZ,8596.62046074417
2028,4,p28,FabTechSolar,404512,Mesa Solar Array,AZ,9768.694540955341
2028,4,p28,WeRecycleSolar,400250,Mesquite Solar 1,AZ,564.3672652059261
2028,4,p28,WeRecycleSolar,406038,"Mesquite Solar 4, LLC",AZ,3600.286210747063
2028,4,p28,WeRecycleSolar,404922,"Mesquite Solar 5, LLC",AZ,3167.3359142678546
2028,4,p28,WeRecycleSolar,403572,OE_AZ1,AZ,5294.992173802844
2028,4,p28,WeRecycleSolar,400203,Paloma Solar Hybrid,AZ,4744.876216603021
2028,4,p28,WeRecycleSolar,405126,Paradise Valley H.S. PV,AZ,12611.47890871522
2028,4,p28,WeRecycleSolar,405150,Phoenix Airport East Economy Lot,AZ,16900.86679662738
2028,4,p28,WeRecycleSolar,405151,Phoenix Airport Rental Car Center,AZ,1536.2438806110508
2028,4,p28,FabTechSolar,400125,"Poseidon Solar, LLC",AZ,3638.982563166494
2028,4,p28,WeRecycleSolar,400031,Prescott Airport,AZ,33263.02871666929
2028,4,p28,WeRecycleSolar,400401,Prescott Solar Plant,AZ,7577.318833740906
2028,4,p28,WeRecycleSolar,400289,"RE Bagdad Solar I, LLC",AZ,23249.27788380752
2028,4,p28,WeRecycleSolar,400416,Saddle Mountain Solar I,AZ,3309.1044392325753
2028,4,p28,FabTechSolar,403674,Saint Solar,AZ,684.901816956159
2028,4,p28,FabTechSolar,401214,Sandstone Solar,AZ,1346.4045583932616
2028,4,p28,WeRecycleSolar,405029,Solana Generating Station,AZ,1168.2769415325026
2028,4,p28,WeRecycleSolar,406275,Sonoran Solar Energy,AZ,505.3498730142141
2028,4,p28,FabTechSolar,406034,Storey Solar and Storage,AZ,1274.4132294563215
2028,4,p28,WeRecycleSolar,403643,Sun Streams 2,AZ,730.5718011486138
2028,4,p28,WeRecycleSolar,406517,Sun Streams 3,AZ,1079.8427215034678
2028,4,p28,WeRecycleSolar,401975,"Sun Streams, LLC",AZ,638.9325525825192
2028,4,p28,WeRecycleSolar,405311,T0588 Phoenix - AZ,AZ,11935.635711885458
2028,4,p28,FabTechSolar,405135,Vista Grande HS at Casa Grande,AZ,22421.01125894943
2028,4,p28,FabTechSolar,400334,Walmart Casa Grande,AZ,24635.567219628294
2028,4,p28,FabTechSolar,406098,"West Line Solar, LLC",AZ,622.080020647651
2028,4,p29,FabTechSolar,400014,Springerville,AZ,8662.784832696601
2028,4,p30,FabTechSolar,405611,Amazon TUS2,AZ,36911.38168591895
2028,4,p30,FabTechSolar,400939,Avalon Solar,AZ,7091.096704551067
2028,4,p30,FabTechSolar,400226,Avra Valley Solar,AZ,5527.556234102255
2028,4,p30,FabTechSolar,404704,Broadway 2 - Tucson Phase II,AZ,17408.395593476936
2028,4,p30,FabTechSolar,405269,Canyon Del Oro High School Solar,AZ,12023.59457898318
2028,4,p30,FabTechSolar,401295,Davis Monthan AFB (AZ) West Airfield,AZ,7599.40696885917
2028,4,p30,FabTechSolar,400761,"Gato Montes Solar, LLC",AZ,13322.129880672383
2028,4,p30,FabTechSolar,404536,Iron Horse Battery Storage Hybrid,AZ,48944.67663904134
2028,4,p30,FabTechSolar,400552,"Picture Rocks Solar, LLC",AZ,1387.2405253670304
2028,4,p30,FabTechSolar,405374,Pima Community College,AZ,85549.87105276984
2028,4,p30,FabTechSolar,405303,Pima Community College - East Campus,AZ,137703.68464635484
2028,4,p30,FabTechSolar,405516,Pima Community College NW,AZ,118530.4496076523
2028,4,p30,FabTechSolar,400857,Rio Rico Solar,AZ,21914.133616317067
2028,4,p30,FabTechSolar,401076,Tech Park Solar,AZ,9933.191623042365
2028,4,p30,FabTechSolar,400156,UASTP I,AZ,54547.690395680096
2028,4,p30,FabTechSolar,401075,Valencia Solar,AZ,7264.141149964993
2028,4,p30,FabTechSolar,404187,"Wilmot Energy Center, LLC",AZ,1159.225351320995
2028,4,p31,SolarCycle,400211,Alamogordo Solar Energy Center,NM,88873.04170432604
2028,4,p31,FabTechSolar,400206,Albuquerque Solar Energy Center,NM,313933.34600999637
2028,4,p31,SolarCycle,403675,Alcalde Solar Array,NM,876005.1048217141
2028,4,p31,FabTechSolar,405469,Arroyo Solar Energy Storage Hybrid,NM,2351.437943444503
2028,4,p31,FabTechSolar,403321,Bluewater CDEC 1,NM,623700.5678229813
2028,4,p31,SolarCycle,402876,CNMEC Solar Energy Center,NM,285668.17764099734
2028,4,p31,SolarCycle,402519,Carrizozo Solar,NM,150005.23853245412
2028,4,p31,FabTechSolar,401202,Cibola,NM,56371.64007819328
2028,4,p31,FabTechSolar,402988,City of Gallup Solar,NM,56406.695066512955
2028,4,p31,FabTechSolar,403604,City of Rio Rancho WWTP,NM,758469.8968849621
2028,4,p31,FabTechSolar,401225,City of Truth or Consequences PV,NM,398105.4133938423
2028,4,p31,FabTechSolar,400209,Deming Solar Energy Center,NM,40187.046582200914
2028,4,p31,FabTechSolar,403868,Encino Solar Energy Center,NM,33756.2283436671
2028,4,p31,FabTechSolar,401038,Eubank Landfill Solar Array,NM,942956.0651094185
2028,4,p31,FabTechSolar,402443,Facebook 3 Solar Energy Center,NM,45059.51118213623
2028,4,p31,FabTechSolar,403322,Grants CDEC 2,NM,168582.46499496175
2028,4,p31,FabTechSolar,400216,"Hatch Solar Energy Center I, LLC",NM,309806.70256900345
2028,4,p31,SolarCycle,401617,Holloman Solar Facility,NM,266582.25427710445
2028,4,p31,FabTechSolar,406109,"Jicarilla Solar 1, LLC",NM,13088.081487233496
2028,4,p31,SolarCycle,400427,Kit Carson,NM,884007.8984444657
2028,4,p31,SolarCycle,400210,Las Vegas Solar Energy Center,NM,120323.98140337985
2028,4,p31,SolarCycle,400434,Los Alamos PV Site,NM,696461.9293234154
2028,4,p31,FabTechSolar,400207,Los Lunas Solar Energy Center,NM,254728.8791166437
2028,4,p31,FabTechSolar,400838,Macho Springs,NM,14539.407930101497
2028,4,p31,FabTechSolar,400582,Manzano Solar,NM,56848.910333291205
2028,4,p31,SolarCycle,405693,NMSU Solar and Storage,NM,250092.5034678239
2028,4,p31,FabTechSolar,406375,OE_ESCL,NM,4135.091471548248
2028,4,p31,SolarCycle,400581,Otero Solar,NM,58433.789722526446
2028,4,p31,SolarCycle,400146,Questa Solar Facility,NM,745420.0230926742
2028,4,p31,FabTechSolar,403178,"RC Energy AA, LLC Solar Facility",NM,1895260.680562303
2028,4,p31,FabTechSolar,401566,Rio Communities Solar Energy Center,NM,178284.31072626004
2028,4,p31,FabTechSolar,403084,Rio De Oro Solar Energy Center,NM,60049.62583989391
2028,4,p31,FabTechSolar,404648,"Route 66 Energy Center, LLC",NM,10941.64280014675
2028,4,p31,SolarCycle,403387,San Miguel I Solar Energy Center,NM,179346.4235659987
2028,4,p31,SolarCycle,405458,San Miguel II Solar Energy Center,NM,179419.90171837778
2028,4,p31,FabTechSolar,401161,Sandoval Solar Energy Center,NM,100706.87581877263
2028,4,p31,SolarCycle,401564,Santa Fe Solar Energy Center,NM,205039.84379455642
2028,4,p31,FabTechSolar,401565,Santolina Solar Energy Center,NM,169729.8267684949
2028,4,p31,FabTechSolar,400596,Silver City WWTP PV Project,NM,606469.7673385263
2028,4,p31,FabTechSolar,401563,South Valley Solar Energy Center,NM,36685.15805664777
2028,4,p31,SolarCycle,401162,Springer Solar 1,NM,1097852.5406048582
2028,4,p31,SolarCycle,400735,Storrie Lake Solar Project,NM,400260.6241856379
2028,4,p31,FabTechSolar,400623,Sue Cleveland High School,NM,473453.2350954571
2028,4,p31,SolarCycle,400343,"SunE EPE1, LLC",NM,34330.13911244075
2028,4,p31,SolarCycle,402854,Syncarpha Eagle Nest,NM,708067.5283777604
2028,4,p31,SolarCycle,403412,Syncarpha El Rito,NM,1380187.0338414195
2028,4,p31,SolarCycle,403411,Syncarpha Taos,NM,343051.1893336141
2028,4,p31,SolarCycle,404618,Taos Mesa Energy Facility Hybrid,NM,48088.751298572504
2028,4,p31,FabTechSolar,403011,Vista Solar Energy Center,NM,90635.18607825531
2028,4,p31,SolarCycle,400354,WSMR I,NM,77399.33794303036
2028,4,p31,FabTechSolar,405245,Wal-Mart Truth or Consequences PV,NM,305234.98164214916
2028,4,p47,SolarCycle,400979,"Caprock Solar 1, LLC",NM,9865.91540543917
2028,4,p47,SolarCycle,401681,"Chaves Solar, LLC",NM,6437.568776911373
2028,4,p47,SolarCycle,400614,GSE NM1,NM,113478.3421540943
2028,4,p47,SolarCycle,402530,Middle Daisy,NM,25679.409418920597
2028,4,p47,SolarCycle,401682,"Roswell Solar, LLC",NM,12581.072961347658
2028,4,p47,SolarCycle,400260,SPS1 Dollarhide,NM,6832.493684263604
2028,4,p47,SolarCycle,400261,SPS2 Jal,NM,14302.489312543688
2028,4,p47,SolarCycle,400262,SPS3 Lea,NM,41122.76692416412
2028,4,p47,SolarCycle,400264,SPS5 Hopi,NM,30343.160640487837
2028,4,p47,SolarCycle,404698,SoCore Clovis 1,NM,238930.12397579692
2028,4,p48,SolarCycle,406439,"BESSP1, LLC",TX,45256.935413723026
2028,4,p48,SolarCycle,405590,"Hecate Energy Frye Solar, LLC",TX,952.198835520129
2028,4,p57,OkonRecycling,404918,"Hecate Energy Upshur Rural, LLC",TX,12186.19194865057
2028,4,p59,SolarCycle,402666,Fort Bliss (DEA EPIC),TX,167942.33363295448
2028,4,p59,SolarCycle,401616,Montana Solar Facility,TX,21860.89957372033
2028,4,p60,SolarCycle,403962,"ANSON Solar Center, LLC",TX,1803.2554005191425
2028,4,p60,OkonRecycling,403883,Azure Sky Solar,TX,1050.2820987712355
2028,4,p60,SolarCycle,403232,"ENGIE Long Draw Solar, LLC",TX,1006.7560132619838
2028,4,p60,SolarCycle,406252,Highpeak Solar 1,TX,9712.149217764307
2028,4,p60,SolarCycle,402721,Holstein 1 Solar Farm,TX,967.868935015338
2028,4,p60,SolarCycle,405492,Juno Solar Project,TX,705.3676343318274
2028,4,p60,SolarCycle,402541,Lamesa II,TX,1967.737766167446
2028,4,p60,SolarCycle,401660,Lamesa Solar,TX,1169.6427062318978
2028,4,p60,SolarCycle,405932,Lumina II Solar Project,TX,1694.6791960549547
2028,4,p60,SolarCycle,405933,Lumina Solar Project,TX,801.6937400628783
2028,4,p60,SolarCycle,402909,Misae Solar,TX,2019.6973774201128
2028,4,p60,OkonRecycling,400968,"OCI Alamo 7, LLC",TX,2231.9694497722217
2028,4,p60,SolarCycle,405939,Texas Solar Nova 1,TX,1016.6897228393581
2028,4,p61,SolarCycle,400967,Alamo 6,TX,847.3351983741491
2028,4,p61,SolarCycle,403557,Aragorn Solar Project,TX,966.5105447445259
2028,4,p61,SolarCycle,400691,Barilla Solar,TX,1971.1684811876905
2028,4,p61,SolarCycle,401946,Bluebell Solar,TX,1651.7733693675677
2028,4,p61,SolarCycle,403574,Bluebell Solar II,TX,724.6239436769606
2028,4,p61,SolarCycle,400554,"Bryan Solar, LLC",TX,11189.243063108857
2028,4,p61,SolarCycle,401463,Buckthorn Westex,TX,529.0226187463938
2028,4,p61,SolarCycle,401703,East Pecos Solar,TX,602.3817570307164
2028,4,p61,SolarCycle,405363,Galloway 1 Solar Farm,TX,600.8461652861419
2028,4,p61,SolarCycle,405494,Galloway 2 Solar Farm,TX,2645.614838978324
2028,4,p61,SolarCycle,403210,Greasewood,TX,522.3268826034879
2028,4,p61,SolarCycle,406370,Hayhurst Texas Solar,TX,2657.5439930780394
2028,4,p61,SolarCycle,402304,Midway Solar-TX,TX,581.0772359291454
2028,4,p61,SolarCycle,400695,"OCI Alamo 4, LLC",TX,2169.5223514111103
2028,4,p61,SolarCycle,401868,Pearl Solar,TX,1040.2943607223222
2028,4,p61,SolarCycle,402290,RE Maplewood,TX,599.8011805294519
2028,4,p61,SolarCycle,401430,RE Roserock,TX,616.5417164397668
2028,4,p61,SolarCycle,402848,Rambler,TX,690.2489504575951
2028,4,p61,SolarCycle,402083,Solaire Holman Solar Project,TX,4272.403559382844
2028,4,p61,SolarCycle,403023,"Taygete Energy Project, LLC",TX,506.73861873766936
2028,4,p61,SolarCycle,404647,Taygete II Energy Project,TX,531.9046770098347
2028,4,p61,SolarCycle,403551,Titan Solar Project,TX,794.7592977745531
2028,4,p61,SolarCycle,406103,Zier Solar,TX,2556.507361563802
2028,4,p62,SolarCycle,403502,2W Permian Solar Project Hybrid,TX,442.5950766062138
2028,4,p62,SolarCycle,403697,CED Crane Solar,TX,686.1087767145948
2028,4,p62,SolarCycle,401525,Castle Gap Solar Hybrid,TX,521.324007296814
2028,4,p62,SolarCycle,404599,Emerald Grove,TX,1423.5185247312027
2028,4,p62,SolarCycle,403004,Lapetus,TX,646.5067110275703
2028,4,p62,SolarCycle,403280,Oberon IA,TX,476.32168408744184
2028,4,p62,SolarCycle,403279,Oberon IB,TX,914.5303985764806
2028,4,p62,SolarCycle,403602,Oxy Renewable Energy-Goldsmith,TX,1197.2739654515385
2028,4,p62,SolarCycle,402679,Phoebe Solar,TX,483.16477314710164
2028,4,p62,SolarCycle,403177,Prospero Solar,TX,460.7121436821804
2028,4,p62,SolarCycle,404128,Prospero Solar II,TX,761.6803407573424
2028,4,p62,SolarCycle,403070,"Roadrunner, LLC",TX,478.00007594679647
2028,4,p62,SolarCycle,401805,Upton County Solar,TX,513.0330592763609
2028,4,p62,SolarCycle,402995,West of the Pecos Solar,TX,610.5636544162419
2028,4,p63,OkonRecycling,405599,"BPL Crown Solar, LLC",TX,4148.072432923878
2028,4,p63,OkonRecycling,404966,BPL Files Solar,TX,651.5723582229604
2028,4,p63,OkonRecycling,403825,Briar Creek Solar 1,TX,1138.4471452062562
2028,4,p63,OkonRecycling,402610,Chisum,TX,6592.7626178189685
2028,4,p63,OkonRecycling,401697,CoServ Community Solar Station,TX,8533.661751104539
2028,4,p63,OkonRecycling,403188,Coniglio Solar,TX,854.3402922911134
2028,4,p63,OkonRecycling,406221,Eiffel Solar Project,TX,1848.0489469054098
2028,4,p63,OkonRecycling,405540,"Ellis Solar, LLC",TX,793.6215225768482
2028,4,p63,OkonRecycling,403823,Elm Branch Solar 1,TX,746.9196318632171
2028,4,p63,OkonRecycling,406206,Five Wells Solar Center - Hybrid,TX,722.2943461944291
2028,4,p63,OkonRecycling,404567,G.S.E. One LLC,TX,1778.9400377964773
2028,4,p63,OkonRecycling,403288,Griffin Solar,TX,68390.82436138074
2028,4,p63,OkonRecycling,406202,Grizzly Ridge Solar,TX,1739.8484953499853
2028,4,p63,OkonRecycling,405319,IKEA Grand Prairie Rooftop PV System,TX,4637.620881004447
2028,4,p63,OkonRecycling,405689,"IP Radian, LLC",TX,1334.0130218125848
2028,4,p63,OkonRecycling,403481,Impact Solar 1,TX,995.1062493248382
2028,4,p63,OkonRecycling,403190,Kellam Solar,TX,4528.94784817518
2028,4,p63,OkonRecycling,402421,Leon Solar,TX,3512.3376377217464
2028,4,p63,OkonRecycling,403874,Lily Solar Hybrid,TX,636.5367230524652
2028,4,p63,OkonRecycling,402404,Marlin Solar,TX,72112.03865621547
2028,4,p63,OkonRecycling,405794,Noble Solar,TX,615.3696077100335
2028,4,p63,OkonRecycling,402405,North Gainesville Solar,TX,4910.942923362525
2028,4,p63,OkonRecycling,401933,Phantom Solar,TX,15946.018047525244
2028,4,p63,OkonRecycling,404872,"Pisgah Ridge Solar, LLC",TX,639.335987431053
2028,4,p63,OkonRecycling,406416,Pitts Dudik Solar,TX,4961.500091611268
2028,4,p63,OkonRecycling,403189,Rippey Solar,TX,3943.567911227754
2028,4,p63,OkonRecycling,404630,"Samson Solar Energy III, LLC",TX,883.3983765848199
2028,4,p63,OkonRecycling,402652,Sterling Solar (TX),TX,17136.533555913862
2028,4,p63,OkonRecycling,404812,Sun Valley Solar Project,TX,1358.9008617181748
2028,4,p63,OkonRecycling,403457,"TPE Whitney Solar, LLC",TX,12450.386009483807
2028,4,p63,OkonRecycling,405361,Toyota HQ Plan,TX,1410.346710284781
2028,4,p63,OkonRecycling,405907,Verizon Hidden Ridge Solar Project,TX,1761.3752674074185
2028,4,p63,OkonRecycling,405984,Waco Solar,TX,740.796600638468
2028,4,p63,OkonRecycling,402306,Walnut Springs Solar,TX,13980.947221306114
2028,4,p63,OkonRecycling,402497,West Moore Solar II,TX,5223.545020950214
2028,4,p63,OkonRecycling,402330,Whitesboro Solar,TX,5147.091036332151
2028,4,p63,OkonRecycling,402331,Whitesboro Solar II,TX,4709.741898127749
2028,4,p63,OkonRecycling,402414,Whitewright Solar,TX,3333.522525150721
2028,4,p63,OkonRecycling,402654,Yellow Jacket,TX,28491.594459672917
2028,4,p64,OkonRecycling,404721,"Blue Jay Solar I, LLC",TX,977.0629874111327
2028,4,p64,OkonRecycling,402389,"E-Volve Energy Holdings, LLC",TX,324746.0683162805
2028,4,p64,OkonRecycling,400227,East Blackland Solar Project 1,TX,1810.7952219274819
2028,4,p64,OkonRecycling,405101,IKEA Round Rock 027,TX,70770.29414104123
2028,4,p64,OkonRecycling,405613,Niagara Bottling - Seguin,TX,38623.20660127226
2028,4,p64,OkonRecycling,400249,Webberville Solar Project,TX,4054.1477619550787
2028,4,p65,OkonRecycling,405700,Aktina Solar,TX,7155.507623284601
2028,4,p65,OkonRecycling,405727,Bernard Creek Solar,TX,10538.919601375392
2028,4,p65,OkonRecycling,405477,Brightside,TX,120927.82564419847
2028,4,p65,OkonRecycling,401728,CPS 1 Community Solar,TX,9980926.847535253
2028,4,p65,OkonRecycling,402656,Cascade Solar (TX),TX,200417.97649863386
2028,4,p65,OkonRecycling,404359,FELPS 1-Calaveras,TX,5181819.06059484
2028,4,p65,OkonRecycling,404361,FELPS 2-Calaveras,TX,3454599.965565645
2028,4,p65,OkonRecycling,404739,FELPS 6- Floresville West,TX,2637389.6687239003
2028,4,p65,OkonRecycling,404740,FELPS 7- Floresville West,TX,2109310.422566163
2028,4,p65,SolarCycle,405801,Horizon Solar,TX,28197.611664756936
2028,4,p65,OkonRecycling,405380,IKEA Live Oak Rooftop PV System,TX,5613575.08495778
2028,4,p65,SolarCycle,403343,Mars Solar,TX,741102.939252475
2028,4,p65,OkonRecycling,404877,Nebula Solar,TX,34730.49810192394
2028,4,p65,OkonRecycling,400694,"OCI Alamo 2, LLC",TX,371105.6182325205
2028,4,p65,OkonRecycling,400965,"OCI Alamo 3, LLC",TX,442730.28418969864
2028,4,p65,SolarCycle,400966,"OCI Alamo 5, LLC",TX,34054.450611447166
2028,4,p65,SolarCycle,405809,Shakes Solar,TX,18625.960667793734
2028,4,p65,OkonRecycling,405545,Sparta Solar,TX,48051.541027914864
2028,4,p65,OkonRecycling,400379,"SunE CPS1, LLC",TX,264156.5969467475
2028,4,p65,OkonRecycling,400364,"SunE CPS2, LLC",TX,529353.624676108
2028,4,p65,OkonRecycling,400353,"SunE CPS3, LLC",TX,505902.77114239207
2028,4,p65,OkonRecycling,406032,Tres Bahias,TX,57782.22125387984
2028,4,p67,OkonRecycling,404939,Brazoria County Solar Project (Danciger),TX,3348.870292004425
2028,4,p67,OkonRecycling,404681,Brazoria West,TX,6389.500978576661
2028,4,p67,OkonRecycling,404587,Fighting Jays Solar Project,TX,5449.842232642439
2028,4,p67,OkonRecycling,405564,"Fort Bend Solar, LLC",TX,2632.57331334794
2028,4,p67,OkonRecycling,403514,Wagyu,TX,10302.938162702454
2029,1,p12,ComstockMetals,402144,Battle Mountain Solar Project,NV,1000.1561082162668
2029,1,p12,ComstockMetals,405025,Brady,NV,980.2060671863961
2029,1,p12,ComstockMetals,405553,Dodge Flat,NV,438.00894483224266
2029,1,p12,ComstockMetals,402609,"EGP Stillwater Solar PV II, LLC",NV,1923.1715644249236
2029,1,p12,ComstockMetals,404659,Fish Springs,NV,601.7136789684888
2029,1,p12,ComstockMetals,401086,Ft. Churchill PV,NV,772.4594234103621
2029,1,p12,ComstockMetals,405028,Galena 2 Geothermal Power Plant,NV,1979.0950174164984
2029,1,p12,ComstockMetals,402130,Luning Energy,NV,3101.8828793153866
2029,1,p12,ComstockMetals,400468,"Patua Acquisition Project, LLC",NV,1179.3039951832948
2029,1,p12,ComstockMetals,405021,Steamboat Hills LP,NV,2781.9788748498568
2029,1,p12,ComstockMetals,405023,Steamboat II,NV,1436.9742962903936
2029,1,p12,ComstockMetals,405024,Steamboat III,NV,1235.719033289516
2029,1,p12,ComstockMetals,400029,Stillwater Facility,NV,1807.2090426968346
2029,1,p12,ComstockMetals,401318,Sunshine Valley Solar,NV,4519.474235958203
2029,1,p12,ComstockMetals,405576,Tesla Reno GigaFactory,NV,993.7935926528604
2029,1,p12,ComstockMetals,401943,Tungsten Mountain,NV,19585.70712128916
2029,1,p12,ComstockMetals,403308,Turquoise Liberty Solar,NV,1044.7589440610363
2029,1,p12,ComstockMetals,403884,"Turquoise Nevada, LLC",NV,520.9358783381197
2029,1,p12,ComstockMetals,400035,Western 102 Power Plant,NV,5431.496184521089
2029,1,p13,WeRecycleSolar,400555,Apex Solar PV Power Project,NV,15636.455811293097
2029,1,p13,WeRecycleSolar,405385,Arrow Canyon Solar Hybrid,NV,978.400014621125
2029,1,p13,WeRecycleSolar,401649,"Boulder Solar Power, LLC",NV,4485.05318508143
2029,1,p13,WeRecycleSolar,400059,CM10,NV,81530.08067165321
2029,1,p13,WeRecycleSolar,400086,CM48,NV,4619.0022999540115
2029,1,p13,WeRecycleSolar,400363,Copper Mountain Solar 2,NV,5648.54753307039
2029,1,p13,WeRecycleSolar,403688,"Copper Mountain Solar 5, LLC",NV,1475.916790879061
2029,1,p13,WeRecycleSolar,405358,Dignity - San Martin,NV,527259.4501797992
2029,1,p13,WeRecycleSolar,405355,Dignity - Siena Campus,NV,309218.0320184102
2029,1,p13,WeRecycleSolar,405556,Dry Lake Solar Energy Center,NV,1615.3812860015782
2029,1,p13,WeRecycleSolar,405495,Gemini Solar,NV,726.2341032320755
2029,1,p13,WeRecycleSolar,403386,"Harry Allen Solar Energy, LLC",NV,4976.504402548559
2029,1,p13,WeRecycleSolar,406090,IGS LAS1,NV,863684.3657470933
2029,1,p13,WeRecycleSolar,406089,IGS VGT,NV,451510.16537866654
2029,1,p13,WeRecycleSolar,405309,IKEA Las Vegas 462,NV,899308.5221888534
2029,1,p13,WeRecycleSolar,400545,Las Vegas WPCF Solar Plant,NV,266003.94444471115
2029,1,p13,WeRecycleSolar,400313,Moapa Southern Paiute,NV,4061.766699185914
2029,1,p13,WeRecycleSolar,400600,Mountain View Solar,NV,45978.20571477586
2029,1,p13,WeRecycleSolar,400036,Nellis Air Force Base Solar Array,NV,37940.937580306585
2029,1,p13,WeRecycleSolar,401319,"Playa Solar 1, LLC",NV,6146.244469486545
2029,1,p13,WeRecycleSolar,401274,River Mountains Solar,NV,19936.206075308055
2029,1,p13,WeRecycleSolar,401042,Searchlight Solar,NV,21943.10245374312
2029,1,p13,WeRecycleSolar,400166,Silver State Solar Power North,NV,4433.099833244557
2029,1,p13,WeRecycleSolar,400658,Silver State Solar Power South,NV,3742.057720156851
2029,1,p13,WeRecycleSolar,405246,"Solar Las Vegas MB 2, LLC",NV,591859.0560187172
2029,1,p13,WeRecycleSolar,405188,Solar Las Vegas MB-1,NV,60791.30207897386
2029,1,p13,WeRecycleSolar,402485,"Techren Solar I, LLC",NV,8588.589782753417
2029,1,p13,WeRecycleSolar,402690,"Techren Solar II, LLC",NV,4497.700616926709
2029,1,p13,WeRecycleSolar,402691,"Techren Solar III, LLC",NV,33102.1489426797
2029,1,p13,WeRecycleSolar,402692,"Techren Solar IV, LLC",NV,8607.640021828634
2029,1,p13,WeRecycleSolar,404971,Yellow Pine Solar,NV,2989.4277225853143
2029,1,p27,WeRecycleSolar,400374,"Black Mountain Solar, LLC",AZ,5653.077468424859
2029,1,p27,WeRecycleSolar,402236,Gray Hawk Solar,AZ,2005.1233687866516
2029,1,p27,WeRecycleSolar,401819,Jacobson 5 MW Solar,AZ,8854.72311833097
2029,1,p27,WeRecycleSolar,403718,Mohave Electric Cooperative at Joy Lane,AZ,15993.672539002318
2029,1,p27,WeRecycleSolar,401311,Mohave Electric at Fort Mohave,AZ,9240.993820885298
2029,1,p27,WeRecycleSolar,406478,Mohave Energy - Hybrid,AZ,9242.163202145273
2029,1,p28,WeRecycleSolar,405418,AZ State University - Tempe Campus Solar,AZ,4412.441719890839
2029,1,p28,WeRecycleSolar,400148,Agua Caliente Solar Project,AZ,658.9081412373606
2029,1,p28,FabTechSolar,402067,Apache Solar 1,AZ,12137.461591132187
2029,1,p28,WeRecycleSolar,400274,Arizona Western College PV,AZ,22725.437028718236
2029,1,p28,WeRecycleSolar,400240,Arlington Valley Solar Energy II,AZ,991.5979945895112
2029,1,p28,FabTechSolar,401688,Bonnybrooke PV,AZ,2420.3364941472532
2029,1,p28,WeRecycleSolar,400371,Buckeye Union HS District 201,AZ,10360.231770106655
2029,1,p28,FabTechSolar,405635,"Central Line Solar, LLC",AZ,677.473268243047
2029,1,p28,WeRecycleSolar,400201,Chino Solar Valley,AZ,5794.8481188001115
2029,1,p28,WeRecycleSolar,401069,Desert Star Hybrid,AZ,2825.6340868930574
2029,1,p28,FabTechSolar,403257,East Line Solar,AZ,956.3928230098181
2029,1,p28,FabTechSolar,406171,Eleven Mile Solar Center,AZ,574.1835814366636
2029,1,p28,WeRecycleSolar,405244,Estrella Mountain PV,AZ,30570.477341156613
2029,1,p28,WeRecycleSolar,400349,Foothills Solar Plant Hybrid,AZ,4867.807003762422
2029,1,p28,FabTechSolar,400825,Fort Huachuca Solar PV Project,AZ,9768.049509304967
2029,1,p28,WeRecycleSolar,400845,Gila Bend Hybrid,AZ,5255.614217189375
2029,1,p28,FabTechSolar,400599,"Gilbert Solar Facility I, LLC",AZ,7713.716038929479
2029,1,p28,WeRecycleSolar,400204,Hyder Solar Hybrid,AZ,17220.484378636073
2029,1,p28,FabTechSolar,405282,Intel - Ocotillo Campus Solar,AZ,2175.0781811804086
2029,1,p28,WeRecycleSolar,402234,Kayenta Solar Project,AZ,15947.556398447728
2029,1,p28,WeRecycleSolar,400128,Luke Solar,AZ,3212.425796733118
2029,1,p28,WeRecycleSolar,405068,Macys Goodyear,AZ,7643.195062663953
2029,1,p28,WeRecycleSolar,406279,McFarland A Solar and Storage,AZ,1896.605113251074
2029,1,p28,FabTechSolar,405617,Mesa Carport PV,AZ,4498.310230372085
2029,1,p28,FabTechSolar,404512,Mesa Solar Array,AZ,5084.3472704776705
2029,1,p28,WeRecycleSolar,400250,Mesquite Solar 1,AZ,540.8862273193652
2029,1,p28,WeRecycleSolar,406038,"Mesquite Solar 4, LLC",AZ,1466.7620702490215
2029,1,p28,WeRecycleSolar,404922,"Mesquite Solar 5, LLC",AZ,1783.6679571339273
2029,1,p28,WeRecycleSolar,403572,OE_AZ1,AZ,5294.992173802844
2029,1,p28,WeRecycleSolar,400203,Paloma Solar Hybrid,AZ,4744.876216603021
2029,1,p28,WeRecycleSolar,405126,Paradise Valley H.S. PV,AZ,18717.218363072836
2029,1,p28,WeRecycleSolar,405150,Phoenix Airport East Economy Lot,AZ,16900.86679662738
2029,1,p28,WeRecycleSolar,405151,Phoenix Airport Rental Car Center,AZ,1536.2438806110508
2029,1,p28,FabTechSolar,402528,Pinal Central Energy Center Hybrid,AZ,5670.120043870949
2029,1,p28,FabTechSolar,400125,"Poseidon Solar, LLC",AZ,3638.982563166494
2029,1,p28,WeRecycleSolar,400031,Prescott Airport,AZ,49694.54307500393
2029,1,p28,WeRecycleSolar,400401,Prescott Solar Plant,AZ,14754.637667481813
2029,1,p28,WeRecycleSolar,400289,"RE Bagdad Solar I, LLC",AZ,23249.27788380752
2029,1,p28,FabTechSolar,400758,Red Horse 2,AZ,7674.321964180796
2029,1,p28,WeRecycleSolar,400416,Saddle Mountain Solar I,AZ,3309.1044392325753
2029,1,p28,FabTechSolar,403674,Saint Solar,AZ,779.8690892748785
2029,1,p28,FabTechSolar,401214,Sandstone Solar,AZ,1030.9363722621742
2029,1,p28,WeRecycleSolar,405029,Solana Generating Station,AZ,784.1384707662514
2029,1,p28,WeRecycleSolar,406275,Sonoran Solar Energy,AZ,470.23324867614264
2029,1,p28,FabTechSolar,406034,Storey Solar and Storage,AZ,1274.4132294563215
2029,1,p28,WeRecycleSolar,403643,Sun Streams 2,AZ,730.5718011486138
2029,1,p28,WeRecycleSolar,406517,Sun Streams 3,AZ,1079.8427215034678
2029,1,p28,WeRecycleSolar,401975,"Sun Streams, LLC",AZ,638.9325525825192
2029,1,p28,WeRecycleSolar,405311,T0588 Phoenix - AZ,AZ,23471.271423770908
2029,1,p28,FabTechSolar,405134,Union HS at Casa Grande,AZ,13101.843433171523
2029,1,p28,FabTechSolar,405135,Vista Grande HS at Casa Grande,AZ,22421.01125894943
2029,1,p28,FabTechSolar,406098,"West Line Solar, LLC",AZ,622.080020647651
2029,1,p30,FabTechSolar,405611,Amazon TUS2,AZ,12570.460561972983
2029,1,p30,FabTechSolar,400939,Avalon Solar,AZ,7091.096704551067
2029,1,p30,FabTechSolar,401479,Avalon Solar II,AZ,6419.059894741501
2029,1,p30,FabTechSolar,400226,Avra Valley Solar,AZ,2963.7781170511275
2029,1,p30,FabTechSolar,404704,Broadway 2 - Tucson Phase II,AZ,13156.296695107703
2029,1,p30,FabTechSolar,405269,Canyon Del Oro High School Solar,AZ,17835.391868474777
2029,1,p30,FabTechSolar,401295,Davis Monthan AFB (AZ) West Airfield,AZ,7599.40696885917
2029,1,p30,FabTechSolar,400761,"Gato Montes Solar, LLC",AZ,13322.129880672383
2029,1,p30,FabTechSolar,404536,Iron Horse Battery Storage Hybrid,AZ,24672.338319520673
2029,1,p30,FabTechSolar,400552,"Picture Rocks Solar, LLC",AZ,1387.2405253670304
2029,1,p30,FabTechSolar,405374,Pima Community College,AZ,42974.93552638492
2029,1,p30,FabTechSolar,405303,Pima Community College - East Campus,AZ,137703.68464635484
2029,1,p30,FabTechSolar,405516,Pima Community College NW,AZ,39776.8165358841
2029,1,p30,FabTechSolar,404926,Raptor Ridge,AZ,5347.441571608176
2029,1,p30,FabTechSolar,400857,Rio Rico Solar,AZ,11157.066808158532
2029,1,p30,FabTechSolar,401076,Tech Park Solar,AZ,38532.76649216946
2029,1,p30,FabTechSolar,401075,Valencia Solar,AZ,20992.423449894977
2029,1,p30,FabTechSolar,404187,"Wilmot Energy Center, LLC",AZ,1159.225351320995
2029,1,p31,SolarCycle,400211,Alamogordo Solar Energy Center,NM,88873.04170432604
2029,1,p31,FabTechSolar,400206,Albuquerque Solar Energy Center,NM,470700.01901499456
2029,1,p31,SolarCycle,403675,Alcalde Solar Array,NM,876005.1048217141
2029,1,p31,FabTechSolar,405469,Arroyo Solar Energy Storage Hybrid,NM,1863.5784575833773
2029,1,p31,FabTechSolar,403321,Bluewater CDEC 1,NM,623700.5678229813
2029,1,p31,SolarCycle,402876,CNMEC Solar Energy Center,NM,428302.26646149607
2029,1,p31,SolarCycle,402519,Carrizozo Solar,NM,224807.85779868116
2029,1,p31,FabTechSolar,402988,City of Gallup Solar,NM,168420.08519953888
2029,1,p31,FabTechSolar,403604,City of Rio Rancho WWTP,NM,758469.8968849621
2029,1,p31,FabTechSolar,401225,City of Truth or Consequences PV,NM,795810.8267876845
2029,1,p31,FabTechSolar,400209,Deming Solar Energy Center,NM,159548.18632880363
2029,1,p31,FabTechSolar,403868,Encino Solar Energy Center,NM,8739.057085916776
2029,1,p31,FabTechSolar,401038,Eubank Landfill Solar Array,NM,471678.03255470924
2029,1,p31,FabTechSolar,402443,Facebook 3 Solar Energy Center,NM,179038.0447285449
2029,1,p31,FabTechSolar,403322,Grants CDEC 2,NM,336764.92998992355
2029,1,p31,SolarCycle,401617,Holloman Solar Facility,NM,266582.25427710445
2029,1,p31,FabTechSolar,406109,"Jicarilla Solar 1, LLC",NM,13088.081487233496
2029,1,p31,SolarCycle,400427,Kit Carson,NM,1767615.7968889312
2029,1,p31,SolarCycle,400210,Las Vegas Solar Energy Center,NM,180285.97210506978
2029,1,p31,FabTechSolar,400207,Los Lunas Solar Energy Center,NM,85176.29303888124
2029,1,p31,FabTechSolar,400838,Macho Springs,NM,9826.271953400998
2029,1,p31,FabTechSolar,400582,Manzano Solar,NM,75665.2137777216
2029,1,p31,SolarCycle,401201,Meadow Lake Solar Energy Center,NM,101184.30496349037
2029,1,p31,SolarCycle,405693,NMSU Solar and Storage,NM,499785.0069356478
2029,1,p31,FabTechSolar,406375,OE_ESCL,NM,4135.091471548248
2029,1,p31,SolarCycle,400581,Otero Solar,NM,174501.3691675793
2029,1,p31,SolarCycle,400146,Questa Solar Facility,NM,1117930.0346390111
2029,1,p31,FabTechSolar,403178,"RC Energy AA, LLC Solar Facility",NM,1895260.680562303
2029,1,p31,FabTechSolar,401566,Rio Communities Solar Energy Center,NM,89342.15536313002
2029,1,p31,FabTechSolar,403084,Rio De Oro Solar Energy Center,NM,89874.43875984085
2029,1,p31,FabTechSolar,400624,Rio Rancho High School,NM,1876842.871980817
2029,1,p31,FabTechSolar,404648,"Route 66 Energy Center, LLC",NM,32024.928400440247
2029,1,p31,SolarCycle,403387,San Miguel I Solar Energy Center,NM,89873.21178299934
2029,1,p31,SolarCycle,405458,San Miguel II Solar Energy Center,NM,45154.97542959445
2029,1,p31,FabTechSolar,401161,Sandoval Solar Energy Center,NM,150860.31372815897
2029,1,p31,SolarCycle,401564,Santa Fe Solar Energy Center,NM,68613.28126485215
2029,1,p31,FabTechSolar,401565,Santolina Solar Energy Center,NM,85064.91338424745
2029,1,p31,FabTechSolar,400596,Silver City WWTP PV Project,NM,1212539.5346770529
2029,1,p31,FabTechSolar,406343,Sky Ranch Solar,NM,5039.186413406036
2029,1,p31,FabTechSolar,401563,South Valley Solar Energy Center,NM,60875.26342774629
2029,1,p31,SolarCycle,401162,Springer Solar 1,NM,732035.0270699054
2029,1,p31,SolarCycle,400735,Storrie Lake Solar Project,NM,600190.9362784568
2029,1,p31,FabTechSolar,400623,Sue Cleveland High School,NM,631137.6467939428
2029,1,p31,SolarCycle,400343,"SunE EPE1, LLC",NM,136120.55644976304
2029,1,p31,SolarCycle,402854,Syncarpha Eagle Nest,NM,708067.5283777604
2029,1,p31,SolarCycle,403412,Syncarpha El Rito,NM,1380187.0338414195
2029,1,p31,SolarCycle,403413,Syncarpha Questa,NM,1416119.3281919686
2029,1,p31,SolarCycle,403411,Syncarpha Taos,NM,685702.378667228
2029,1,p31,SolarCycle,404618,Taos Mesa Energy Facility Hybrid,NM,143466.2538957175
2029,1,p31,FabTechSolar,403011,Vista Solar Energy Center,NM,180870.37215651065
2029,1,p31,SolarCycle,400354,WSMR I,NM,154398.67588606072
2029,1,p31,FabTechSolar,405245,Wal-Mart Truth or Consequences PV,NM,1524574.9082107458
2029,1,p47,SolarCycle,400979,"Caprock Solar 1, LLC",NM,24064.788513597927
2029,1,p47,SolarCycle,401681,"Chaves Solar, LLC",NM,3418.784388455686
2029,1,p47,SolarCycle,400614,GSE NM1,NM,226556.68430818862
2029,1,p47,SolarCycle,404982,Hayhurst New Mexico Solar,NM,9570.913421816354
2029,1,p47,SolarCycle,402530,Middle Daisy,NM,34105.87922522746
2029,1,p47,SolarCycle,401682,"Roswell Solar, LLC",NM,12581.072961347658
2029,1,p47,SolarCycle,400546,SEV NM Phase 2,NM,151487.02568212358
2029,1,p47,SolarCycle,400260,SPS1 Dollarhide,NM,8976.658245684805
2029,1,p47,SolarCycle,400261,SPS2 Jal,NM,28204.978625087377
2029,1,p47,SolarCycle,400262,SPS3 Lea,NM,10580.691731041032
2029,1,p47,SolarCycle,400264,SPS5 Hopi,NM,30343.160640487837
2029,1,p47,SolarCycle,404698,SoCore Clovis 1,NM,477460.24795159383
2029,1,p48,SolarCycle,406439,"BESSP1, LLC",TX,45256.935413723026
2029,1,p48,SolarCycle,405590,"Hecate Energy Frye Solar, LLC",TX,676.0994177600645
2029,1,p57,OkonRecycling,404918,"Hecate Energy Upshur Rural, LLC",TX,18079.287922975855
2029,1,p59,SolarCycle,402666,Fort Bliss (DEA EPIC),TX,56247.44454431816
2029,1,p59,SolarCycle,401616,Montana Solar Facility,TX,27226.124467150414
2029,1,p59,SolarCycle,401045,Newman Solar,TX,8563.581590731072
2029,1,p60,SolarCycle,403962,"ANSON Solar Center, LLC",TX,1803.2554005191425
2029,1,p60,OkonRecycling,403883,Azure Sky Solar,TX,1050.2820987712355
2029,1,p60,SolarCycle,403232,"ENGIE Long Draw Solar, LLC",TX,1613.5120265239675
2029,1,p60,SolarCycle,406252,Highpeak Solar 1,TX,28336.447653292922
2029,1,p60,SolarCycle,402721,Holstein 1 Solar Farm,TX,967.868935015338
2029,1,p60,SolarCycle,405492,Juno Solar Project,TX,705.3676343318274
2029,1,p60,SolarCycle,402541,Lamesa II,TX,1967.737766167446
2029,1,p60,SolarCycle,401660,Lamesa Solar,TX,977.2320296739234
2029,1,p60,SolarCycle,405932,Lumina II Solar Project,TX,1694.6791960549547
2029,1,p60,SolarCycle,405933,Lumina Solar Project,TX,801.6937400628783
2029,1,p60,SolarCycle,402909,Misae Solar,TX,2019.6973774201128
2029,1,p60,OkonRecycling,400968,"OCI Alamo 7, LLC",TX,2231.9694497722217
2029,1,p60,SolarCycle,405939,Texas Solar Nova 1,TX,1016.6897228393581
2029,1,p61,SolarCycle,400967,Alamo 6,TX,623.6675991870746
2029,1,p61,SolarCycle,403557,Aragorn Solar Project,TX,966.5105447445259
2029,1,p61,SolarCycle,400691,Barilla Solar,TX,1971.1684811876905
2029,1,p61,SolarCycle,401946,Bluebell Solar,TX,1651.7733693675677
2029,1,p61,SolarCycle,403574,Bluebell Solar II,TX,724.6239436769606
2029,1,p61,SolarCycle,400554,"Bryan Solar, LLC",TX,16583.864594663286
2029,1,p61,SolarCycle,401463,Buckthorn Westex,TX,529.0226187463938
2029,1,p61,SolarCycle,401703,East Pecos Solar,TX,602.3817570307164
2029,1,p61,SolarCycle,405363,Galloway 1 Solar Farm,TX,734.7436088102365
2029,1,p61,SolarCycle,405494,Galloway 2 Solar Farm,TX,2645.614838978324
2029,1,p61,SolarCycle,403210,Greasewood,TX,522.3268826034879
2029,1,p61,SolarCycle,406370,Hayhurst Texas Solar,TX,7172.631979234116
2029,1,p61,SolarCycle,402304,Midway Solar-TX,TX,581.0772359291454
2029,1,p61,SolarCycle,400695,"OCI Alamo 4, LLC",TX,2611.9029392638877
2029,1,p61,SolarCycle,401868,Pearl Solar,TX,1040.2943607223222
2029,1,p61,SolarCycle,402290,RE Maplewood,TX,599.8011805294519
2029,1,p61,SolarCycle,401430,RE Roserock,TX,573.2333731518135
2029,1,p61,SolarCycle,402848,Rambler,TX,690.2489504575951
2029,1,p61,SolarCycle,402083,Solaire Holman Solar Project,TX,4272.403559382844
2029,1,p61,SolarCycle,403023,"Taygete Energy Project, LLC",TX,506.73861873766936
2029,1,p61,SolarCycle,404647,Taygete II Energy Project,TX,575.8729026797795
2029,1,p61,SolarCycle,403551,Titan Solar Project,TX,794.7592977745531
2029,1,p61,SolarCycle,406103,Zier Solar,TX,2556.507361563802
2029,1,p62,SolarCycle,403502,2W Permian Solar Project Hybrid,TX,442.5950766062138
2029,1,p62,SolarCycle,403697,CED Crane Solar,TX,686.1087767145948
2029,1,p62,SolarCycle,401525,Castle Gap Solar Hybrid,TX,521.324007296814
2029,1,p62,SolarCycle,404599,Emerald Grove,TX,1423.5185247312027
2029,1,p62,SolarCycle,403004,Lapetus,TX,728.6756147034271
2029,1,p62,SolarCycle,403280,Oberon IA,TX,476.32168408744184
2029,1,p62,SolarCycle,403279,Oberon IB,TX,914.5303985764806
2029,1,p62,SolarCycle,403602,Oxy Renewable Energy-Goldsmith,TX,1595.9109481773075
2029,1,p62,SolarCycle,402679,Phoebe Solar,TX,483.16477314710164
2029,1,p62,SolarCycle,403177,Prospero Solar,TX,460.7121436821804
2029,1,p62,SolarCycle,404128,Prospero Solar II,TX,580.8401703786712
2029,1,p62,SolarCycle,403070,"Roadrunner, LLC",TX,478.00007594679647
2029,1,p62,SolarCycle,401805,Upton County Solar,TX,494.19421606363414
2029,1,p62,SolarCycle,402995,West of the Pecos Solar,TX,557.9227408121815
2029,1,p63,OkonRecycling,405599,"BPL Crown Solar, LLC",TX,2274.036216461939
2029,1,p63,OkonRecycling,404966,BPL Files Solar,TX,651.5723582229604
2029,1,p63,OkonRecycling,403825,Briar Creek Solar 1,TX,1138.4471452062562
2029,1,p63,OkonRecycling,402610,Chisum,TX,6592.7626178189685
2029,1,p63,OkonRecycling,401697,CoServ Community Solar Station,TX,9695.61342983376
2029,1,p63,OkonRecycling,403188,Coniglio Solar,TX,854.3402922911134
2029,1,p63,OkonRecycling,402655,Eddy II,TX,13415.932469956775
2029,1,p63,OkonRecycling,406221,Eiffel Solar Project,TX,1848.0489469054098
2029,1,p63,OkonRecycling,405540,"Ellis Solar, LLC",TX,695.2161419326361
2029,1,p63,OkonRecycling,403823,Elm Branch Solar 1,TX,920.3794477948258
2029,1,p63,OkonRecycling,406206,Five Wells Solar Center - Hybrid,TX,722.2943461944291
2029,1,p63,OkonRecycling,404567,G.S.E. One LLC,TX,3157.880075592954
2029,1,p63,OkonRecycling,406202,Grizzly Ridge Solar,TX,2409.772743024978
2029,1,p63,OkonRecycling,402329,Highway 56 Solar,TX,4435.572132910307
2029,1,p63,OkonRecycling,405319,IKEA Grand Prairie Rooftop PV System,TX,5697.02610125556
2029,1,p63,OkonRecycling,405689,"IP Radian, LLC",TX,2268.026043625169
2029,1,p63,OkonRecycling,403481,Impact Solar 1,TX,1292.6593739872571
2029,1,p63,OkonRecycling,403190,Kellam Solar,TX,4528.94784817518
2029,1,p63,OkonRecycling,402421,Leon Solar,TX,2993.614698101455
2029,1,p63,OkonRecycling,403874,Lily Solar Hybrid,TX,754.8050845786976
2029,1,p63,OkonRecycling,402404,Marlin Solar,TX,24304.012885405158
2029,1,p63,OkonRecycling,405794,Noble Solar,TX,615.3696077100335
2029,1,p63,OkonRecycling,402405,North Gainesville Solar,TX,4910.942923362525
2029,1,p63,OkonRecycling,401933,Phantom Solar,TX,31492.036095050487
2029,1,p63,OkonRecycling,404872,"Pisgah Ridge Solar, LLC",TX,1357.3439497242125
2029,1,p63,OkonRecycling,406416,Pitts Dudik Solar,TX,4961.500091611268
2029,1,p63,OkonRecycling,403189,Rippey Solar,TX,3943.567911227754
2029,1,p63,OkonRecycling,404630,"Samson Solar Energy III, LLC",TX,883.3983765848199
2029,1,p63,OkonRecycling,402652,Sterling Solar (TX),TX,2790.9333651305515
2029,1,p63,OkonRecycling,404812,Sun Valley Solar Project,TX,1358.9008617181748
2029,1,p63,OkonRecycling,403457,"TPE Whitney Solar, LLC",TX,12450.386009483807
2029,1,p63,OkonRecycling,405361,Toyota HQ Plan,TX,1522.607455871979
2029,1,p63,OkonRecycling,405907,Verizon Hidden Ridge Solar Project,TX,1761.3752674074185
2029,1,p63,OkonRecycling,405984,Waco Solar,TX,1081.593201276936
2029,1,p63,OkonRecycling,402306,Walnut Springs Solar,TX,18507.92962840815
2029,1,p63,OkonRecycling,402497,West Moore Solar II,TX,5826.488148568991
2029,1,p63,OkonRecycling,402330,Whitesboro Solar,TX,5147.091036332151
2029,1,p63,OkonRecycling,402331,Whitesboro Solar II,TX,4709.741898127749
2029,1,p63,OkonRecycling,402414,Whitewright Solar,TX,20934.657676055045
2029,1,p63,OkonRecycling,402654,Yellow Jacket,TX,28491.594459672917
2029,1,p64,OkonRecycling,405731,Austin TX GigaFactory,TX,235140.983613597
2029,1,p64,OkonRecycling,404721,"Blue Jay Solar I, LLC",TX,1265.5944811166987
2029,1,p64,OkonRecycling,402648,Bovine,TX,54283.13043742705
2029,1,p64,OkonRecycling,402389,"E-Volve Energy Holdings, LLC",TX,81486.51707907014
2029,1,p64,OkonRecycling,400227,East Blackland Solar Project 1,TX,1810.7952219274819
2029,1,p64,OkonRecycling,405101,IKEA Round Rock 027,TX,281881.176564165
2029,1,p64,SolarCycle,402653,Lampwick,TX,29596.78715705056
2029,1,p64,OkonRecycling,405613,Niagara Bottling - Seguin,TX,57734.80990190839
2029,1,p64,OkonRecycling,400249,Webberville Solar Project,TX,7708.295523910158
2029,1,p65,OkonRecycling,405700,Aktina Solar,TX,7155.507623284601
2029,1,p65,OkonRecycling,405727,Bernard Creek Solar,TX,10538.919601375392
2029,1,p65,OkonRecycling,405477,Brightside,TX,120927.82564419847
2029,1,p65,OkonRecycling,401728,CPS 1 Community Solar,TX,4990663.423767627
2029,1,p65,OkonRecycling,402656,Cascade Solar (TX),TX,333763.2941643898
2029,1,p65,OkonRecycling,404359,FELPS 1-Calaveras,TX,10363238.121189682
2029,1,p65,OkonRecycling,404361,FELPS 2-Calaveras,TX,3454599.965565645
2029,1,p65,OkonRecycling,404739,FELPS 6- Floresville West,TX,10548358.674895601
2029,1,p65,OkonRecycling,404740,FELPS 7- Floresville West,TX,10544952.112830816
2029,1,p65,OkonRecycling,406516,Ganado Solar,TX,67578.84942500309
2029,1,p65,SolarCycle,405801,Horizon Solar,TX,55995.223329513894
2029,1,p65,OkonRecycling,405380,IKEA Live Oak Rooftop PV System,TX,2806987.54247889
2029,1,p65,SolarCycle,403343,Mars Solar,TX,741102.939252475
2029,1,p65,OkonRecycling,404877,Nebula Solar,TX,137721.99240769577
2029,1,p65,OkonRecycling,400694,"OCI Alamo 2, LLC",TX,1112516.8546975618
2029,1,p65,OkonRecycling,400965,"OCI Alamo 3, LLC",TX,1769721.136758795
2029,1,p65,SolarCycle,400966,"OCI Alamo 5, LLC",TX,34054.450611447166
2029,1,p65,OkonRecycling,400593,OCI Alamo Solar I Hybrid,TX,85504.98685893152
2029,1,p65,SolarCycle,405809,Shakes Solar,TX,55077.88200338121
2029,1,p65,OkonRecycling,405545,Sparta Solar,TX,48051.541027914864
2029,1,p65,OkonRecycling,400379,"SunE CPS1, LLC",TX,527913.1938934951
2029,1,p65,OkonRecycling,400364,"SunE CPS2, LLC",TX,1058307.249352216
2029,1,p65,OkonRecycling,400353,"SunE CPS3, LLC",TX,337401.84742826136
2029,1,p65,OkonRecycling,406032,Tres Bahias,TX,29091.11062693992
2029,1,p67,OkonRecycling,404939,Brazoria County Solar Project (Danciger),TX,3348.870292004425
2029,1,p67,OkonRecycling,404587,Fighting Jays Solar Project,TX,2924.92111632122
2029,1,p67,OkonRecycling,405564,"Fort Bend Solar, LLC",TX,4865.1466266958805
2029,1,p67,OkonRecycling,403514,Wagyu,TX,10302.938162702454
2029,2,p12,ComstockMetals,402144,Battle Mountain Solar Project,NV,2205.2768342088816
2029,2,p12,ComstockMetals,405025,Brady,NV,836.3167173588101
2029,2,p12,ComstockMetals,405553,Dodge Flat,NV,428.58284147199123
2029,2,p12,ComstockMetals,402609,"EGP Stillwater Solar PV II, LLC",NV,2690.859246567178
2029,2,p12,ComstockMetals,404659,Fish Springs,NV,551.689296667809
2029,2,p12,ComstockMetals,401086,Ft. Churchill PV,NV,633.4088440908423
2029,2,p12,ComstockMetals,405028,Galena 2 Geothermal Power Plant,NV,1587.4842290738716
2029,2,p12,ComstockMetals,402130,Luning Energy,NV,2431.8240970964134
2029,2,p12,ComstockMetals,400468,"Patua Acquisition Project, LLC",NV,1279.0584420769578
2029,2,p12,ComstockMetals,405021,Steamboat Hills LP,NV,2191.2553181879066
2029,2,p12,ComstockMetals,405023,Steamboat II,NV,1093.1624952369955
2029,2,p12,ComstockMetals,405024,Steamboat III,NV,1028.4632406679348
2029,2,p12,ComstockMetals,400029,Stillwater Facility,NV,2516.450912430283
2029,2,p12,ComstockMetals,401318,Sunshine Valley Solar,NV,3497.8570848002664
2029,2,p12,ComstockMetals,405026,TS Power Plant,NV,2541.142019649439
2029,2,p12,ComstockMetals,405576,Tesla Reno GigaFactory,NV,1069.8018664076424
2029,2,p12,ComstockMetals,401943,Tungsten Mountain,NV,14827.709782426607
2029,2,p12,ComstockMetals,403308,Turquoise Liberty Solar,NV,1006.0758450110883
2029,2,p12,ComstockMetals,403884,"Turquoise Nevada, LLC",NV,490.9441462811198
2029,2,p12,ComstockMetals,400035,Western 102 Power Plant,NV,2922.466899021417
2029,2,p13,WeRecycleSolar,400555,Apex Solar PV Power Project,NV,15630.887391746555
2029,2,p13,WeRecycleSolar,405385,Arrow Canyon Solar Hybrid,NV,785.4590857255831
2029,2,p13,WeRecycleSolar,401649,"Boulder Solar Power, LLC",NV,5844.746978069518
2029,2,p13,WeRecycleSolar,400059,CM10,NV,27433.476772146027
2029,2,p13,WeRecycleSolar,400086,CM48,NV,11646.561051902216
2029,2,p13,WeRecycleSolar,400363,Copper Mountain Solar 2,NV,3897.7529086159966
2029,2,p13,WeRecycleSolar,403688,"Copper Mountain Solar 5, LLC",NV,2551.047157912185
2029,2,p13,WeRecycleSolar,405358,Dignity - San Martin,NV,117437.08900331194
2029,2,p13,WeRecycleSolar,405556,Dry Lake Solar Energy Center,NV,1749.9301160317345
2029,2,p13,WeRecycleSolar,405495,Gemini Solar,NV,747.8558671799823
2029,2,p13,WeRecycleSolar,406090,IGS LAS1,NV,144228.14398787473
2029,2,p13,WeRecycleSolar,406089,IGS VGT,NV,200820.13314064714
2029,2,p13,WeRecycleSolar,405309,IKEA Las Vegas 462,NV,200084.44464904122
2029,2,p13,WeRecycleSolar,400545,Las Vegas WPCF Solar Plant,NV,88902.29166905313
2029,2,p13,WeRecycleSolar,400313,Moapa Southern Paiute,NV,2840.2856298908464
2029,2,p13,WeRecycleSolar,400600,Mountain View Solar,NV,10524.788531421525
2029,2,p13,WeRecycleSolar,400036,Nellis Air Force Base Solar Array,NV,25418.14507467621
2029,2,p13,WeRecycleSolar,401319,"Playa Solar 1, LLC",NV,4229.429605071578
2029,2,p13,WeRecycleSolar,401274,River Mountains Solar,NV,19929.06623956658
2029,2,p13,WeRecycleSolar,401042,Searchlight Solar,NV,9971.212961732976
2029,2,p13,WeRecycleSolar,400166,Silver State Solar Power North,NV,2550.2004634363902
2029,2,p13,WeRecycleSolar,400658,Silver State Solar Power South,NV,1513.6121029471487
2029,2,p13,WeRecycleSolar,405246,"Solar Las Vegas MB 2, LLC",NV,394561.9315594745
2029,2,p13,WeRecycleSolar,405188,Solar Las Vegas MB-1,NV,60769.23105989289
2029,2,p13,WeRecycleSolar,402485,"Techren Solar I, LLC",NV,3128.5323748734045
2029,2,p13,WeRecycleSolar,402691,"Techren Solar III, LLC",NV,22193.46492749338
2029,2,p13,WeRecycleSolar,402692,"Techren Solar IV, LLC",NV,22279.041070572046
2029,2,p13,WeRecycleSolar,404971,Yellow Pine Solar,NV,2125.654248390744
2029,2,p27,WeRecycleSolar,400374,"Black Mountain Solar, LLC",AZ,2853.8306290722962
2029,2,p27,WeRecycleSolar,402236,Gray Hawk Solar,AZ,2399.4379342740667
2029,2,p27,WeRecycleSolar,403718,Mohave Electric Cooperative at Joy Lane,AZ,2342.4413733816377
2029,2,p27,WeRecycleSolar,401311,Mohave Electric at Fort Mohave,AZ,22425.744271012805
2029,2,p27,WeRecycleSolar,406478,Mohave Energy - Hybrid,AZ,5907.164393468313
2029,2,p28,WeRecycleSolar,405418,AZ State University - Tempe Campus Solar,AZ,3052.054364454044
2029,2,p28,FabTechSolar,402067,Apache Solar 1,AZ,8157.965950274461
2029,2,p28,WeRecycleSolar,400274,Arizona Western College PV,AZ,59424.68057476674
2029,2,p28,WeRecycleSolar,400240,Arlington Valley Solar Energy II,AZ,1182.0425332413588
2029,2,p28,WeRecycleSolar,400437,Badger 1,AZ,6885.837239800596
2029,2,p28,FabTechSolar,401688,Bonnybrooke PV,AZ,1067.6785098718863
2029,2,p28,FabTechSolar,405635,"Central Line Solar, LLC",AZ,583.3981010653334
2029,2,p28,WeRecycleSolar,400201,Chino Solar Valley,AZ,3074.324918185933
2029,2,p28,WeRecycleSolar,401069,Desert Star Hybrid,AZ,2003.2415959647246
2029,2,p28,FabTechSolar,403257,East Line Solar,AZ,767.7521363859807
2029,2,p28,FabTechSolar,406171,Eleven Mile Solar Center,AZ,515.127984308245
2029,2,p28,WeRecycleSolar,400349,Foothills Solar Plant Hybrid,AZ,9259.09470420084
2029,2,p28,FabTechSolar,400825,Fort Huachuca Solar PV Project,AZ,9687.827084594908
2029,2,p28,WeRecycleSolar,400845,Gila Bend Hybrid,AZ,2004.6778714523641
2029,2,p28,FabTechSolar,400599,"Gilbert Solar Facility I, LLC",AZ,5234.057139139745
2029,2,p28,WeRecycleSolar,400204,Hyder Solar Hybrid,AZ,5958.814572614711
2029,2,p28,FabTechSolar,405282,Intel - Ocotillo Campus Solar,AZ,3919.754927013412
2029,2,p28,WeRecycleSolar,405125,Jewish Community Center PV,AZ,9734.381375561878
2029,2,p28,WeRecycleSolar,402234,Kayenta Solar Project,AZ,10676.277559047132
2029,2,p28,WeRecycleSolar,400128,Luke Solar,AZ,2258.8945658585476
2029,2,p28,WeRecycleSolar,405068,Macys Goodyear,AZ,7581.168632295745
2029,2,p28,WeRecycleSolar,406279,McFarland A Solar and Storage,AZ,1389.1927159429824
2029,2,p28,FabTechSolar,404512,Mesa Solar Array,AZ,6592.311061717641
2029,2,p28,WeRecycleSolar,400250,Mesquite Solar 1,AZ,508.63981423127336
2029,2,p28,WeRecycleSolar,401622,"Mesquite Solar 3, LLC",AZ,1145.4332371464195
2029,2,p28,WeRecycleSolar,404922,"Mesquite Solar 5, LLC",AZ,2229.0920595711864
2029,2,p28,WeRecycleSolar,403572,OE_AZ1,AZ,3635.382907656389
2029,2,p28,WeRecycleSolar,400203,Paloma Solar Hybrid,AZ,2314.5196761583707
2029,2,p28,WeRecycleSolar,405126,Paradise Valley H.S. PV,AZ,8471.271359719032
2029,2,p28,WeRecycleSolar,405150,Phoenix Airport East Economy Lot,AZ,4035.4584780910764
2029,2,p28,WeRecycleSolar,405151,Phoenix Airport Rental Car Center,AZ,1401.3455656258827
2029,2,p28,FabTechSolar,400125,"Poseidon Solar, LLC",AZ,2540.830557227369
2029,2,p28,WeRecycleSolar,400031,Prescott Airport,AZ,32981.609212604024
2029,2,p28,WeRecycleSolar,400401,Prescott Solar Plant,AZ,6725.2058029870905
2029,2,p28,WeRecycleSolar,400289,"RE Bagdad Solar I, LLC",AZ,7951.203402653234
2029,2,p28,WeRecycleSolar,405132,"RE Gillespie 1, LLC",AZ,6624.996113793356
2029,2,p28,FabTechSolar,406380,SR McNeal,AZ,9940.630932788694
2029,2,p28,FabTechSolar,403674,Saint Solar,AZ,651.0774103305936
2029,2,p28,FabTechSolar,401214,Sandstone Solar,AZ,1025.5334070482986
2029,2,p28,WeRecycleSolar,405029,Solana Generating Station,AZ,653.8992910227379
2029,2,p28,WeRecycleSolar,406275,Sonoran Solar Energy,AZ,469.63181275306516
2029,2,p28,FabTechSolar,406034,Storey Solar and Storage,AZ,977.950181810761
2029,2,p28,WeRecycleSolar,403643,Sun Streams 2,AZ,1055.4819602654316
2029,2,p28,WeRecycleSolar,406517,Sun Streams 3,AZ,849.3473008636342
2029,2,p28,WeRecycleSolar,401975,"Sun Streams, LLC",AZ,526.339453753632
2029,2,p28,WeRecycleSolar,405311,T0588 Phoenix - AZ,AZ,5483.045050398897
2029,2,p28,FabTechSolar,405134,Union HS at Casa Grande,AZ,33981.52632753597
2029,2,p28,FabTechSolar,405135,Vista Grande HS at Casa Grande,AZ,44064.87273533082
2029,2,p28,FabTechSolar,406098,"West Line Solar, LLC",AZ,644.6425099447384
2029,2,p29,FabTechSolar,400014,Springerville,AZ,11058.04290641694
2029,2,p30,FabTechSolar,405143,Actus Lend Lease DMAFB,AZ,19637.54049909505
2029,2,p30,FabTechSolar,405611,Amazon TUS2,AZ,16031.107564928207
2029,2,p30,FabTechSolar,400939,Avalon Solar,AZ,1832.282859299605
2029,2,p30,FabTechSolar,401479,Avalon Solar II,AZ,4265.283987214928
2029,2,p30,FabTechSolar,400226,Avra Valley Solar,AZ,2046.3917415520837
2029,2,p30,FabTechSolar,404704,Broadway 2 - Tucson Phase II,AZ,11322.350048903565
2029,2,p30,FabTechSolar,405269,Canyon Del Oro High School Solar,AZ,11596.555970295292
2029,2,p30,FabTechSolar,401295,Davis Monthan AFB (AZ) West Airfield,AZ,3482.181488007939
2029,2,p30,FabTechSolar,400761,"Gato Montes Solar, LLC",AZ,12847.384454201276
2029,2,p30,FabTechSolar,404536,Iron Horse Battery Storage Hybrid,AZ,31574.130937182097
2029,2,p30,FabTechSolar,400552,"Picture Rocks Solar, LLC",AZ,1033.980232953757
2029,2,p30,FabTechSolar,405374,Pima Community College,AZ,36854.024255097516
2029,2,p30,FabTechSolar,405516,Pima Community College NW,AZ,38330.15381603608
2029,2,p30,FabTechSolar,400408,Prairie Fire,AZ,14128.34620973666
2029,2,p30,FabTechSolar,400857,Rio Rico Solar,AZ,5926.327208579744
2029,2,p30,FabTechSolar,401076,Tech Park Solar,AZ,12643.93628639233
2029,2,p30,FabTechSolar,400156,UASTP I,AZ,104716.7226898391
2029,2,p30,FabTechSolar,401075,Valencia Solar,AZ,4807.973227866043
2029,2,p30,FabTechSolar,404187,"Wilmot Energy Center, LLC",AZ,887.5548083036151
2029,2,p31,FabTechSolar,400206,Albuquerque Solar Energy Center,NM,135647.66121727813
2029,2,p31,FabTechSolar,405469,Arroyo Solar Energy Storage Hybrid,NM,1522.3789376589816
2029,2,p31,SolarCycle,402519,Carrizozo Solar,NM,52027.7043570921
2029,2,p31,FabTechSolar,401202,Cibola,NM,43323.14471048068
2029,2,p31,FabTechSolar,402988,City of Gallup Solar,NM,24559.390433748762
2029,2,p31,FabTechSolar,401225,City of Truth or Consequences PV,NM,114771.09257963477
2029,2,p31,FabTechSolar,400209,Deming Solar Energy Center,NM,91934.84634350412
2029,2,p31,FabTechSolar,403868,Encino Solar Energy Center,NM,9992.497742099014
2029,2,p31,FabTechSolar,401038,Eubank Landfill Solar Array,NM,181105.22109014983
2029,2,p31,FabTechSolar,403322,Grants CDEC 2,NM,64887.30350458867
2029,2,p31,FabTechSolar,400216,"Hatch Solar Energy Center I, LLC",NM,44889.18902347901
2029,2,p31,SolarCycle,401617,Holloman Solar Facility,NM,51432.00211632484
2029,2,p31,FabTechSolar,406109,"Jicarilla Solar 1, LLC",NM,22292.833643638824
2029,2,p31,SolarCycle,400427,Kit Carson,NM,508611.34112655855
2029,2,p31,SolarCycle,400434,Los Alamos PV Site,NM,1201430.1194613837
2029,2,p31,FabTechSolar,400207,Los Lunas Solar Energy Center,NM,49159.49350031281
2029,2,p31,FabTechSolar,400838,Macho Springs,NM,8532.348612481312
2029,2,p31,FabTechSolar,400582,Manzano Solar,NM,130267.45128067821
2029,2,p31,SolarCycle,401201,Meadow Lake Solar Energy Center,NM,39044.38580368248
2029,2,p31,SolarCycle,405693,NMSU Solar and Storage,NM,144011.8467026198
2029,2,p31,FabTechSolar,406375,OE_ESCL,NM,2548.255860237999
2029,2,p31,SolarCycle,400581,Otero Solar,NM,33778.4138388341
2029,2,p31,SolarCycle,400146,Questa Solar Facility,NM,1285905.5701809041
2029,2,p31,FabTechSolar,403178,"RC Energy AA, LLC Solar Facility",NM,272859.56306293566
2029,2,p31,FabTechSolar,401566,Rio Communities Solar Energy Center,NM,102711.01858495653
2029,2,p31,FabTechSolar,403084,Rio De Oro Solar Energy Center,NM,34707.76976887241
2029,2,p31,FabTechSolar,400624,Rio Rancho High School,NM,540022.580442946
2029,2,p31,SolarCycle,405458,San Miguel II Solar Energy Center,NM,103364.15921678134
2029,2,p31,FabTechSolar,401161,Sandoval Solar Energy Center,NM,58091.9830320841
2029,2,p31,SolarCycle,401564,Santa Fe Solar Energy Center,NM,39633.1974570194
2029,2,p31,FabTechSolar,401565,Santolina Solar Energy Center,NM,32863.62197012177
2029,2,p31,FabTechSolar,400596,Silver City WWTP PV Project,NM,139833.57899702265
2029,2,p31,FabTechSolar,401563,South Valley Solar Energy Center,NM,104747.91761946378
2029,2,p31,SolarCycle,400735,Storrie Lake Solar Project,NM,230381.765032692
2029,2,p31,FabTechSolar,400623,Sue Cleveland High School,NM,544557.6958633971
2029,2,p31,SolarCycle,400343,"SunE EPE1, LLC",NM,78460.3321147337
2029,2,p31,SolarCycle,402854,Syncarpha Eagle Nest,NM,1221455.168140902
2029,2,p31,SolarCycle,403413,Syncarpha Questa,NM,271819.2647763927
2029,2,p31,SolarCycle,403411,Syncarpha Taos,NM,197477.48287040796
2029,2,p31,SolarCycle,404618,Taos Mesa Energy Facility Hybrid,NM,41542.62270080026
2029,2,p31,FabTechSolar,403011,Vista Solar Energy Center,NM,21159.68085589353
2029,2,p31,SolarCycle,400354,WSMR I,NM,88973.08059553069
2029,2,p47,SolarCycle,400979,"Caprock Solar 1, LLC",NM,27618.83581383996
2029,2,p47,SolarCycle,401681,"Chaves Solar, LLC",NM,2714.7695172948484
2029,2,p47,SolarCycle,400614,GSE NM1,NM,87107.18600689388
2029,2,p47,SolarCycle,404982,Hayhurst New Mexico Solar,NM,16222.342119047038
2029,2,p47,SolarCycle,402530,Middle Daisy,NM,29475.94521916251
2029,2,p47,SolarCycle,401682,"Roswell Solar, LLC",NM,7405.231100645884
2029,2,p47,SolarCycle,400546,SEV NM Phase 2,NM,347955.43606739846
2029,2,p47,SolarCycle,400260,SPS1 Dollarhide,NM,5332.362959562723
2029,2,p47,SolarCycle,400261,SPS2 Jal,NM,16390.405905565363
2029,2,p47,SolarCycle,400262,SPS3 Lea,NM,12109.657854719344
2029,2,p47,SolarCycle,400264,SPS5 Hopi,NM,17620.05613429758
2029,2,p47,SolarCycle,404698,SoCore Clovis 1,NM,137576.63856200266
2029,2,p48,SolarCycle,406439,"BESSP1, LLC",TX,14045.913057325286
2029,2,p48,SolarCycle,405590,"Hecate Energy Frye Solar, LLC",TX,735.9684396789487
2029,2,p57,OkonRecycling,404918,"Hecate Energy Upshur Rural, LLC",TX,6118.120860956145
2029,2,p59,SolarCycle,402666,Fort Bliss (DEA EPIC),TX,50848.50661778687
2029,2,p59,SolarCycle,401616,Montana Solar Facility,TX,32710.3513808147
2029,2,p60,SolarCycle,403962,"ANSON Solar Center, LLC",TX,1405.0372338794084
2029,2,p60,OkonRecycling,403883,Azure Sky Solar,TX,865.7439561953948
2029,2,p60,SolarCycle,403232,"ENGIE Long Draw Solar, LLC",TX,1269.1395521911663
2029,2,p60,SolarCycle,406252,Highpeak Solar 1,TX,20408.595772013487
2029,2,p60,SolarCycle,402721,Holstein 1 Solar Farm,TX,725.3745104092761
2029,2,p60,SolarCycle,405492,Juno Solar Project,TX,618.7098958690036
2029,2,p60,SolarCycle,402541,Lamesa II,TX,1522.8425184569373
2029,2,p60,SolarCycle,401660,Lamesa Solar,TX,951.2322106585876
2029,2,p60,SolarCycle,405932,Lumina II Solar Project,TX,1327.272966477023
2029,2,p60,SolarCycle,405933,Lumina Solar Project,TX,1263.10125419103
2029,2,p60,SolarCycle,402909,Misae Solar,TX,1560.0569442467904
2029,2,p60,OkonRecycling,400968,"OCI Alamo 7, LLC",TX,1384.0675694190236
2029,2,p60,SolarCycle,405939,Texas Solar Nova 1,TX,841.6844809398419
2029,2,p61,SolarCycle,400967,Alamo 6,TX,997.6758821540338
2029,2,p61,SolarCycle,403557,Aragorn Solar Project,TX,778.4518754732015
2029,2,p61,SolarCycle,400691,Barilla Solar,TX,1449.6038668759636
2029,2,p61,SolarCycle,401946,Bluebell Solar,TX,1236.235059875542
2029,2,p61,SolarCycle,403574,Bluebell Solar II,TX,616.8618774138711
2029,2,p61,SolarCycle,400554,"Bryan Solar, LLC",TX,22022.947587027582
2029,2,p61,SolarCycle,401463,Buckthorn Westex,TX,486.19230920945427
2029,2,p61,SolarCycle,401703,East Pecos Solar,TX,535.1991701131993
2029,2,p61,SolarCycle,405363,Galloway 1 Solar Farm,TX,567.7166661752493
2029,2,p61,SolarCycle,403210,Greasewood,TX,481.71928761353826
2029,2,p61,SolarCycle,406370,Hayhurst Texas Solar,TX,1908.1303712165363
2029,2,p61,SolarCycle,402304,Midway Solar-TX,TX,581.4503370995301
2029,2,p61,SolarCycle,400695,"OCI Alamo 4, LLC",TX,1877.640307836818
2029,2,p61,SolarCycle,401868,Pearl Solar,TX,827.7424381916042
2029,2,p61,SolarCycle,402290,RE Maplewood,TX,533.4752410076148
2029,2,p61,SolarCycle,401430,RE Roserock,TX,544.6585936750258
2029,2,p61,SolarCycle,402848,Rambler,TX,593.8979965577537
2029,2,p61,SolarCycle,402083,Solaire Holman Solar Project,TX,2986.9216437946966
2029,2,p61,SolarCycle,403023,"Taygete Energy Project, LLC",TX,542.6113982217463
2029,2,p61,SolarCycle,404647,Taygete II Energy Project,TX,488.117640282531
2029,2,p61,SolarCycle,403551,Titan Solar Project,TX,663.7151205554982
2029,2,p61,SolarCycle,406103,Zier Solar,TX,1840.633829373168
2029,2,p62,SolarCycle,403502,2W Permian Solar Project Hybrid,TX,433.7414186278956
2029,2,p62,SolarCycle,403697,CED Crane Solar,TX,626.6392451289539
2029,2,p62,SolarCycle,401525,Castle Gap Solar Hybrid,TX,528.1413861563045
2029,2,p62,SolarCycle,404599,Emerald Grove,TX,670.2578933838851
2029,2,p62,SolarCycle,403004,Lapetus,TX,660.3582947159542
2029,2,p62,SolarCycle,403280,Oberon IA,TX,460.4577359253934
2029,2,p62,SolarCycle,403279,Oberon IB,TX,807.5819779747595
2029,2,p62,SolarCycle,403602,Oxy Renewable Energy-Goldsmith,TX,2294.6664806912254
2029,2,p62,SolarCycle,402679,Phoebe Solar,TX,439.5270672025176
2029,2,p62,SolarCycle,403177,Prospero Solar,TX,448.09273791700514
2029,2,p62,SolarCycle,404128,Prospero Solar II,TX,686.5027782387685
2029,2,p62,SolarCycle,403070,"Roadrunner, LLC",TX,461.787263346407
2029,2,p62,SolarCycle,401805,Upton County Solar,TX,463.9560128223676
2029,2,p62,SolarCycle,402995,West of the Pecos Solar,TX,525.0974932589073
2029,2,p63,OkonRecycling,405599,"BPL Crown Solar, LLC",TX,2805.75833592915
2029,2,p63,OkonRecycling,404966,BPL Files Solar,TX,561.475614123099
2029,2,p63,OkonRecycling,403825,Briar Creek Solar 1,TX,715.9891574520015
2029,2,p63,OkonRecycling,401697,CoServ Community Solar Station,TX,5620.716757622286
2029,2,p63,OkonRecycling,403188,Coniglio Solar,TX,691.6253527883813
2029,2,p63,OkonRecycling,406221,Eiffel Solar Project,TX,864.7263209549969
2029,2,p63,OkonRecycling,405540,"Ellis Solar, LLC",TX,652.6520701206546
2029,2,p63,OkonRecycling,403823,Elm Branch Solar 1,TX,622.6757383131278
2029,2,p63,OkonRecycling,406206,Five Wells Solar Center - Hybrid,TX,606.8696173449404
2029,2,p63,OkonRecycling,404567,G.S.E. One LLC,TX,990.0626788914401
2029,2,p63,OkonRecycling,403288,Griffin Solar,TX,44040.9635622985
2029,2,p63,OkonRecycling,406202,Grizzly Ridge Solar,TX,1690.0037596348482
2029,2,p63,OkonRecycling,402329,Highway 56 Solar,TX,2990.294470755103
2029,2,p63,OkonRecycling,405319,IKEA Grand Prairie Rooftop PV System,TX,3119.9825887652287
2029,2,p63,OkonRecycling,405689,"IP Radian, LLC",TX,699.7553613630546
2029,2,p63,OkonRecycling,403481,Impact Solar 1,TX,781.9781622949861
2029,2,p63,OkonRecycling,403190,Kellam Solar,TX,3050.2291196691776
2029,2,p63,OkonRecycling,402421,Leon Solar,TX,2397.702112265235
2029,2,p63,OkonRecycling,403874,Lily Solar Hybrid,TX,627.7371382573235
2029,2,p63,OkonRecycling,402404,Marlin Solar,TX,11907.370646588539
2029,2,p63,OkonRecycling,405794,Noble Solar,TX,538.2383180492625
2029,2,p63,OkonRecycling,402405,North Gainesville Solar,TX,3295.4185744788683
2029,2,p63,OkonRecycling,401933,Phantom Solar,TX,20356.904877189405
2029,2,p63,OkonRecycling,404872,"Pisgah Ridge Solar, LLC",TX,604.8286800408923
2029,2,p63,OkonRecycling,406416,Pitts Dudik Solar,TX,3327.8694758774063
2029,2,p63,OkonRecycling,403189,Rippey Solar,TX,2674.4939416010347
2029,2,p63,OkonRecycling,404630,"Samson Solar Energy III, LLC",TX,710.2767342029025
2029,2,p63,OkonRecycling,402652,Sterling Solar (TX),TX,3980.8677515594018
2029,2,p63,OkonRecycling,404812,Sun Valley Solar Project,TX,1015.4853681972573
2029,2,p63,OkonRecycling,404388,"TPE Erath Solar, LLC",TX,5704.02807980624
2029,2,p63,OkonRecycling,403457,"TPE Whitney Solar, LLC",TX,8134.726879561468
2029,2,p63,OkonRecycling,405361,Toyota HQ Plan,TX,1210.6333535255517
2029,2,p63,OkonRecycling,405907,Verizon Hidden Ridge Solar Project,TX,1273.8197984445649
2029,2,p63,OkonRecycling,405984,Waco Solar,TX,545.8303839311036
2029,2,p63,OkonRecycling,402306,Walnut Springs Solar,TX,17834.2825930838
2029,2,p63,OkonRecycling,402497,West Moore Solar II,TX,3883.075455950168
2029,2,p63,OkonRecycling,402330,Whitesboro Solar,TX,3446.993897917171
2029,2,p63,OkonRecycling,402331,Whitesboro Solar II,TX,3166.2745805143627
2029,2,p63,OkonRecycling,402414,Whitewright Solar,TX,13580.488041177689
2029,2,p63,OkonRecycling,402654,Yellow Jacket,TX,36462.04989383236
2029,2,p64,OkonRecycling,405731,Austin TX GigaFactory,TX,76126.58089364876
2029,2,p64,OkonRecycling,404721,"Blue Jay Solar I, LLC",TX,623.3900854851247
2029,2,p64,OkonRecycling,402389,"E-Volve Energy Holdings, LLC",TX,52716.42639003377
2029,2,p64,OkonRecycling,400227,East Blackland Solar Project 1,TX,1006.8231566160222
2029,2,p64,OkonRecycling,405101,IKEA Round Rock 027,TX,91204.79581789994
2029,2,p64,OkonRecycling,405613,Niagara Bottling - Seguin,TX,74383.99807688885
2029,2,p64,OkonRecycling,400249,Webberville Solar Project,TX,3543.505797562069
2029,2,p65,OkonRecycling,405700,Aktina Solar,TX,2382.9570819170012
2029,2,p65,OkonRecycling,405727,Bernard Creek Solar,TX,4368.1286337362635
2029,2,p65,OkonRecycling,405477,Brightside,TX,23985.842225035318
2029,2,p65,OkonRecycling,401728,CPS 1 Community Solar,TX,1953468.764748154
2029,2,p65,OkonRecycling,402656,Cascade Solar (TX),TX,65635.1771697111
2029,2,p65,OkonRecycling,404359,FELPS 1-Calaveras,TX,676360.8237727191
2029,2,p65,OkonRecycling,404361,FELPS 2-Calaveras,TX,2028235.853657298
2029,2,p65,OkonRecycling,404739,FELPS 6- Floresville West,TX,1032454.1658019002
2029,2,p65,OkonRecycling,404740,FELPS 7- Floresville West,TX,688213.9028273468
2029,2,p65,SolarCycle,405801,Horizon Solar,TX,11279.314871126888
2029,2,p65,SolarCycle,403343,Mars Solar,TX,145346.63425191984
2029,2,p65,OkonRecycling,404877,Nebula Solar,TX,27272.258166480166
2029,2,p65,OkonRecycling,400694,"OCI Alamo 2, LLC",TX,218027.85921428254
2029,2,p65,OkonRecycling,400965,"OCI Alamo 3, LLC",TX,86958.70325787661
2029,2,p65,SolarCycle,400966,"OCI Alamo 5, LLC",TX,10278.655298674308
2029,2,p65,OkonRecycling,400593,OCI Alamo Solar I Hybrid,TX,50362.05934745695
2029,2,p65,SolarCycle,405809,Shakes Solar,TX,2539.96044687283
2029,2,p65,OkonRecycling,405545,Sparta Solar,TX,9724.832024946561
2029,2,p65,OkonRecycling,400379,"SunE CPS1, LLC",TX,52013.985800777285
2029,2,p65,OkonRecycling,400364,"SunE CPS2, LLC",TX,207419.69307569184
2029,2,p67,OkonRecycling,404939,Brazoria County Solar Project (Danciger),TX,3727.7277375748517
2029,2,p67,OkonRecycling,404681,Brazoria West,TX,3779.502413972463
2029,2,p67,OkonRecycling,404587,Fighting Jays Solar Project,TX,1824.655749822646
2029,2,p67,OkonRecycling,405564,"Fort Bend Solar, LLC",TX,2919.4041803538844
2029,2,p67,OkonRecycling,403514,Wagyu,TX,3193.8056564293292
2029,3,p12,ComstockMetals,402144,Battle Mountain Solar Project,NV,2205.2768342088816
2029,3,p12,ComstockMetals,405025,Brady,NV,836.3167173588101
2029,3,p12,ComstockMetals,405553,Dodge Flat,NV,428.58284147199123
2029,3,p12,ComstockMetals,402609,"EGP Stillwater Solar PV II, LLC",NV,1545.4296232835895
2029,3,p12,ComstockMetals,404659,Fish Springs,NV,551.689296667809
2029,3,p12,ComstockMetals,401086,Ft. Churchill PV,NV,680.0906129090107
2029,3,p12,ComstockMetals,405028,Galena 2 Geothermal Power Plant,NV,1587.4842290738716
2029,3,p12,ComstockMetals,402130,Luning Energy,NV,2431.8240970964134
2029,3,p12,ComstockMetals,400468,"Patua Acquisition Project, LLC",NV,1279.0584420769578
2029,3,p12,ComstockMetals,405021,Steamboat Hills LP,NV,2191.2553181879066
2029,3,p12,ComstockMetals,405023,Steamboat II,NV,1093.1624952369955
2029,3,p12,ComstockMetals,405024,Steamboat III,NV,1028.4632406679348
2029,3,p12,ComstockMetals,400029,Stillwater Facility,NV,2516.450912430283
2029,3,p12,ComstockMetals,401318,Sunshine Valley Solar,NV,1432.6190282667558
2029,3,p12,ComstockMetals,405026,TS Power Plant,NV,2541.142019649439
2029,3,p12,ComstockMetals,405576,Tesla Reno GigaFactory,NV,1293.0691552101896
2029,3,p12,ComstockMetals,401943,Tungsten Mountain,NV,14827.709782426607
2029,3,p12,ComstockMetals,403308,Turquoise Liberty Solar,NV,884.8606760088705
2029,3,p12,ComstockMetals,403884,"Turquoise Nevada, LLC",NV,490.9441462811198
2029,3,p12,ComstockMetals,400035,Western 102 Power Plant,NV,2922.466899021417
2029,3,p13,WeRecycleSolar,400555,Apex Solar PV Power Project,NV,15630.887391746555
2029,3,p13,WeRecycleSolar,405385,Arrow Canyon Solar Hybrid,NV,785.4590857255831
2029,3,p13,WeRecycleSolar,401649,"Boulder Solar Power, LLC",NV,3122.373489034759
2029,3,p13,WeRecycleSolar,400059,CM10,NV,54466.95354429207
2029,3,p13,WeRecycleSolar,400086,CM48,NV,4148.853683967404
2029,3,p13,WeRecycleSolar,400363,Copper Mountain Solar 2,NV,3897.7529086159966
2029,3,p13,WeRecycleSolar,403688,"Copper Mountain Solar 5, LLC",NV,1475.523578956093
2029,3,p13,WeRecycleSolar,405355,Dignity - Siena Campus,NV,137602.29745079784
2029,3,p13,WeRecycleSolar,405556,Dry Lake Solar Energy Center,NV,1412.4475870238007
2029,3,p13,WeRecycleSolar,405495,Gemini Solar,NV,834.819833974978
2029,3,p13,WeRecycleSolar,403386,"Harry Allen Solar Energy, LLC",NV,6499.775789186305
2029,3,p13,WeRecycleSolar,406090,IGS LAS1,NV,192170.85865049963
2029,3,p13,WeRecycleSolar,406089,IGS VGT,NV,200820.13314064714
2029,3,p13,WeRecycleSolar,405309,IKEA Las Vegas 462,NV,200084.44464904122
2029,3,p13,WeRecycleSolar,400545,Las Vegas WPCF Solar Plant,NV,35800.91666762125
2029,3,p13,WeRecycleSolar,400313,Moapa Southern Paiute,NV,2840.2856298908464
2029,3,p13,WeRecycleSolar,400600,Mountain View Solar,NV,15587.182797132295
2029,3,p13,WeRecycleSolar,400036,Nellis Air Force Base Solar Array,NV,25418.14507467621
2029,3,p13,WeRecycleSolar,401319,"Playa Solar 1, LLC",NV,4229.429605071578
2029,3,p13,WeRecycleSolar,401274,River Mountains Solar,NV,39458.13247913315
2029,3,p13,WeRecycleSolar,401042,Searchlight Solar,NV,29113.638885198925
2029,3,p13,WeRecycleSolar,400166,Silver State Solar Power North,NV,11151.002317181952
2029,3,p13,WeRecycleSolar,400658,Silver State Solar Power South,NV,1513.6121029471487
2029,3,p13,WeRecycleSolar,405246,"Solar Las Vegas MB 2, LLC",NV,197480.9657797372
2029,3,p13,WeRecycleSolar,405188,Solar Las Vegas MB-1,NV,60769.23105989289
2029,3,p13,WeRecycleSolar,402485,"Techren Solar I, LLC",NV,3128.5323748734045
2029,3,p13,WeRecycleSolar,402691,"Techren Solar III, LLC",NV,7664.488309164461
2029,3,p13,WeRecycleSolar,402692,"Techren Solar IV, LLC",NV,22279.041070572046
2029,3,p13,WeRecycleSolar,401851,Townsite Solar Project Hybrid,NV,3828.038105476409
2029,3,p13,WeRecycleSolar,406448,Yellow Pine II,NV,11245.718379095579
2029,3,p13,WeRecycleSolar,404971,Yellow Pine Solar,NV,2125.654248390744
2029,3,p27,WeRecycleSolar,400374,"Black Mountain Solar, LLC",AZ,2853.8306290722962
2029,3,p27,WeRecycleSolar,402236,Gray Hawk Solar,AZ,2399.4379342740667
2029,3,p27,WeRecycleSolar,401819,Jacobson 5 MW Solar,AZ,10931.710182098654
2029,3,p27,WeRecycleSolar,403718,Mohave Electric Cooperative at Joy Lane,AZ,5256.103433454095
2029,3,p27,WeRecycleSolar,401311,Mohave Electric at Fort Mohave,AZ,11412.872135506406
2029,3,p27,WeRecycleSolar,406478,Mohave Energy - Hybrid,AZ,5907.164393468313
2029,3,p28,WeRecycleSolar,405418,AZ State University - Tempe Campus Solar,AZ,8356.163093362135
2029,3,p28,FabTechSolar,402067,Apache Solar 1,AZ,3503.186380109784
2029,3,p28,WeRecycleSolar,400274,Arizona Western College PV,AZ,29912.34028738337
2029,3,p28,WeRecycleSolar,400240,Arlington Valley Solar Energy II,AZ,1182.0425332413588
2029,3,p28,FabTechSolar,401688,Bonnybrooke PV,AZ,845.1190065812575
2029,3,p28,WeRecycleSolar,400371,Buckeye Union HS District 201,AZ,20149.876494856973
2029,3,p28,FabTechSolar,405635,"Central Line Solar, LLC",AZ,583.3981010653334
2029,3,p28,WeRecycleSolar,400201,Chino Solar Valley,AZ,11097.299672743733
2029,3,p28,WeRecycleSolar,400202,Cotton Center Solar Hybrid,AZ,3326.9501895181497
2029,3,p28,WeRecycleSolar,401069,Desert Star Hybrid,AZ,3072.0693266078742
2029,3,p28,FabTechSolar,403257,East Line Solar,AZ,645.1680909239872
2029,3,p28,FabTechSolar,406171,Eleven Mile Solar Center,AZ,515.127984308245
2029,3,p28,WeRecycleSolar,400349,Foothills Solar Plant Hybrid,AZ,9259.09470420084
2029,3,p28,FabTechSolar,400825,Fort Huachuca Solar PV Project,AZ,4115.130833837963
2029,3,p28,WeRecycleSolar,400845,Gila Bend Hybrid,AZ,1469.7852476349094
2029,3,p28,FabTechSolar,400599,"Gilbert Solar Facility I, LLC",AZ,5234.057139139745
2029,3,p28,WeRecycleSolar,400204,Hyder Solar Hybrid,AZ,11517.629145229423
2029,3,p28,FabTechSolar,405282,Intel - Ocotillo Campus Solar,AZ,2159.877463506706
2029,3,p28,WeRecycleSolar,405125,Jewish Community Center PV,AZ,9734.381375561878
2029,3,p28,WeRecycleSolar,402234,Kayenta Solar Project,AZ,10676.277559047132
2029,3,p28,WeRecycleSolar,400595,Lake Pleasant WTP,AZ,10735.310483821966
2029,3,p28,WeRecycleSolar,400128,Luke Solar,AZ,2258.8945658585476
2029,3,p28,WeRecycleSolar,405068,Macys Goodyear,AZ,14762.33726459149
2029,3,p28,WeRecycleSolar,406279,McFarland A Solar and Storage,AZ,1389.1927159429824
2029,3,p28,FabTechSolar,405617,Mesa Carport PV,AZ,5817.6196401629695
2029,3,p28,FabTechSolar,404512,Mesa Solar Array,AZ,6592.311061717641
2029,3,p28,WeRecycleSolar,400250,Mesquite Solar 1,AZ,508.63981423127336
2029,3,p28,WeRecycleSolar,401622,"Mesquite Solar 3, LLC",AZ,586.3583092866048
2029,3,p28,WeRecycleSolar,406038,"Mesquite Solar 4, LLC",AZ,2515.2539040354586
2029,3,p28,WeRecycleSolar,404922,"Mesquite Solar 5, LLC",AZ,2229.0920595711864
2029,3,p28,WeRecycleSolar,403572,OE_AZ1,AZ,3635.382907656389
2029,3,p28,WeRecycleSolar,400203,Paloma Solar Hybrid,AZ,1835.889757118778
2029,3,p28,WeRecycleSolar,405126,Paradise Valley H.S. PV,AZ,24613.814079157102
2029,3,p28,WeRecycleSolar,405150,Phoenix Airport East Economy Lot,AZ,4035.4584780910764
2029,3,p28,WeRecycleSolar,405151,Phoenix Airport Rental Car Center,AZ,1151.009174219412
2029,3,p28,FabTechSolar,402528,Pinal Central Energy Center Hybrid,AZ,3883.3265725103006
2029,3,p28,FabTechSolar,400125,"Poseidon Solar, LLC",AZ,2540.830557227369
2029,3,p28,WeRecycleSolar,400031,Prescott Airport,AZ,32981.609212604024
2029,3,p28,WeRecycleSolar,400401,Prescott Solar Plant,AZ,6725.2058029870905
2029,3,p28,WeRecycleSolar,405132,"RE Gillespie 1, LLC",AZ,6624.996113793356
2029,3,p28,FabTechSolar,406380,SR McNeal,AZ,9940.630932788694
2029,3,p28,WeRecycleSolar,400416,Saddle Mountain Solar I,AZ,5206.987654470704
2029,3,p28,FabTechSolar,403674,Saint Solar,AZ,651.0774103305936
2029,3,p28,FabTechSolar,401214,Sandstone Solar,AZ,1025.5334070482986
2029,3,p28,WeRecycleSolar,405029,Solana Generating Station,AZ,907.7985820454758
2029,3,p28,WeRecycleSolar,406275,Sonoran Solar Energy,AZ,469.63181275306516
2029,3,p28,FabTechSolar,406034,Storey Solar and Storage,AZ,977.950181810761
2029,3,p28,WeRecycleSolar,403643,Sun Streams 2,AZ,727.7409801327155
2029,3,p28,WeRecycleSolar,406517,Sun Streams 3,AZ,849.3473008636342
2029,3,p28,WeRecycleSolar,401975,"Sun Streams, LLC",AZ,526.339453753632
2029,3,p28,FabTechSolar,405134,Union HS at Casa Grande,AZ,11593.842109178657
2029,3,p28,FabTechSolar,405135,Vista Grande HS at Casa Grande,AZ,14954.957578443607
2029,3,p28,FabTechSolar,400334,Walmart Casa Grande,AZ,32437.370911188318
2029,3,p28,FabTechSolar,406098,"West Line Solar, LLC",AZ,546.7855059668431
2029,3,p29,FabTechSolar,400014,Springerville,AZ,3952.680968805647
2029,3,p30,FabTechSolar,405143,Actus Lend Lease DMAFB,AZ,19637.54049909505
2029,3,p30,FabTechSolar,400939,Avalon Solar,AZ,2548.4242889494076
2029,3,p30,FabTechSolar,401479,Avalon Solar II,AZ,8130.567974429855
2029,3,p30,FabTechSolar,400226,Avra Valley Solar,AZ,3692.7834831041678
2029,3,p30,FabTechSolar,404704,Broadway 2 - Tucson Phase II,AZ,16783.525073355348
2029,3,p30,FabTechSolar,405269,Canyon Del Oro High School Solar,AZ,7864.370646863528
2029,3,p30,FabTechSolar,401295,Davis Monthan AFB (AZ) West Airfield,AZ,3482.181488007939
2029,3,p30,FabTechSolar,400761,"Gato Montes Solar, LLC",AZ,25294.768908402548
2029,3,p30,FabTechSolar,400552,"Picture Rocks Solar, LLC",AZ,1033.980232953757
2029,3,p30,FabTechSolar,405374,Pima Community College,AZ,109762.07276529254
2029,3,p30,FabTechSolar,405303,Pima Community College - East Campus,AZ,88572.86136541358
2029,3,p30,FabTechSolar,405516,Pima Community College NW,AZ,25686.769210690723
2029,3,p30,FabTechSolar,404926,Raptor Ridge,AZ,5165.677784945803
2029,3,p30,FabTechSolar,400857,Rio Rico Solar,AZ,28031.636042898717
2029,3,p30,FabTechSolar,401076,Tech Park Solar,AZ,8562.624190928218
2029,3,p30,FabTechSolar,401075,Valencia Solar,AZ,13623.91968359813
2029,3,p30,FabTechSolar,404187,"Wilmot Energy Center, LLC",AZ,887.5548083036151
2029,3,p31,SolarCycle,400211,Alamogordo Solar Energy Center,NM,51285.696310836465
2029,3,p31,SolarCycle,403675,Alcalde Solar Array,NM,126302.12395172242
2029,3,p31,FabTechSolar,405469,Arroyo Solar Energy Storage Hybrid,NM,1241.7842032442359
2029,3,p31,FabTechSolar,403321,Bluewater CDEC 1,NM,179647.16271544943
2029,3,p31,SolarCycle,402876,CNMEC Solar Energy Center,NM,164473.36715174498
2029,3,p31,SolarCycle,402519,Carrizozo Solar,NM,86446.17392848682
2029,3,p31,FabTechSolar,401202,Cibola,NM,129169.43413144205
2029,3,p31,FabTechSolar,402988,City of Gallup Solar,NM,97037.56173499508
2029,3,p31,FabTechSolar,403604,City of Rio Rancho WWTP,NM,291071.7030195584
2029,3,p31,FabTechSolar,401225,City of Truth or Consequences PV,NM,229142.18515926952
2029,3,p31,FabTechSolar,400209,Deming Solar Energy Center,NM,91934.84634350412
2029,3,p31,FabTechSolar,403868,Encino Solar Energy Center,NM,19584.995484198032
2029,3,p31,FabTechSolar,401038,Eubank Landfill Solar Array,NM,271457.8316352248
2029,3,p31,FabTechSolar,402443,Facebook 3 Solar Energy Center,NM,51772.2661644054
2029,3,p31,FabTechSolar,403322,Grants CDEC 2,NM,193861.91051376602
2029,3,p31,FabTechSolar,400216,"Hatch Solar Energy Center I, LLC",NM,178356.75609391605
2029,3,p31,SolarCycle,401617,Holloman Solar Facility,NM,38674.00158724362
2029,3,p31,SolarCycle,400210,Las Vegas Solar Energy Center,NM,69374.85584900377
2029,3,p31,SolarCycle,400434,Los Alamos PV Site,NM,1201430.1194613837
2029,3,p31,FabTechSolar,400838,Macho Springs,NM,8532.348612481312
2029,3,p31,FabTechSolar,400582,Manzano Solar,NM,65333.72564033912
2029,3,p31,SolarCycle,401201,Meadow Lake Solar Energy Center,NM,58366.57870552373
2029,3,p31,SolarCycle,405693,NMSU Solar and Storage,NM,144011.8467026198
2029,3,p31,FabTechSolar,406375,OE_ESCL,NM,2548.255860237999
2029,3,p31,SolarCycle,400581,Otero Solar,NM,25433.810379125574
2029,3,p31,SolarCycle,400146,Questa Solar Facility,NM,643152.7850904518
2029,3,p31,FabTechSolar,403178,"RC Energy AA, LLC Solar Facility",NM,1090238.2522517426
2029,3,p31,FabTechSolar,401566,Rio Communities Solar Energy Center,NM,34503.67286165219
2029,3,p31,FabTechSolar,403084,Rio De Oro Solar Energy Center,NM,51861.6546533086
2029,3,p31,FabTechSolar,400624,Rio Rancho High School,NM,1079645.160885892
2029,3,p31,FabTechSolar,404648,"Route 66 Energy Center, LLC",NM,4037.8459956532993
2029,3,p31,SolarCycle,403387,San Miguel I Solar Energy Center,NM,51860.94895166508
2029,3,p31,SolarCycle,405458,San Miguel II Solar Energy Center,NM,103364.15921678134
2029,3,p31,FabTechSolar,401161,Sandoval Solar Energy Center,NM,86937.97454812616
2029,3,p31,SolarCycle,401564,Santa Fe Solar Energy Center,NM,118099.59237105823
2029,3,p31,FabTechSolar,401565,Santolina Solar Energy Center,NM,97790.86591036533
2029,3,p31,FabTechSolar,400596,Silver City WWTP PV Project,NM,348983.94749255665
2029,3,p31,FabTechSolar,401563,South Valley Solar Energy Center,NM,104747.91761946378
2029,3,p31,SolarCycle,401162,Springer Solar 1,NM,421203.41175869614
2029,3,p31,SolarCycle,400735,Storrie Lake Solar Project,NM,230381.765032692
2029,3,p31,FabTechSolar,400623,Sue Cleveland High School,NM,544557.6958633971
2029,3,p31,SolarCycle,400343,"SunE EPE1, LLC",NM,26420.110704911243
2029,3,p31,SolarCycle,402854,Syncarpha Eagle Nest,NM,1221455.168140902
2029,3,p31,SolarCycle,403412,Syncarpha El Rito,NM,264930.3873554634
2029,3,p31,SolarCycle,403413,Syncarpha Questa,NM,407528.8971645891
2029,3,p31,FabTechSolar,403011,Vista Solar Energy Center,NM,52299.20213973382
2029,3,p31,FabTechSolar,405245,Wal-Mart Truth or Consequences PV,NM,877036.5438526194
2029,3,p47,SolarCycle,400979,"Caprock Solar 1, LLC",NM,27618.83581383996
2029,3,p47,SolarCycle,400614,GSE NM1,NM,130460.77901034085
2029,3,p47,SolarCycle,404982,Hayhurst New Mexico Solar,NM,8311.171059523518
2029,3,p47,SolarCycle,402530,Middle Daisy,NM,29475.94521916251
2029,3,p47,SolarCycle,400546,SEV NM Phase 2,NM,116251.81202246617
2029,3,p47,SolarCycle,400260,SPS1 Dollarhide,NM,15197.088878688166
2029,3,p47,SolarCycle,400261,SPS2 Jal,NM,8395.20295278268
2029,3,p47,SolarCycle,400262,SPS3 Lea,NM,6254.828927359672
2029,3,p47,SolarCycle,400264,SPS5 Hopi,NM,11880.037422865054
2029,3,p47,SolarCycle,404698,SoCore Clovis 1,NM,274753.2771240053
2029,3,p48,SolarCycle,406439,"BESSP1, LLC",TX,14045.913057325286
2029,3,p48,SolarCycle,405590,"Hecate Energy Frye Solar, LLC",TX,735.9684396789487
2029,3,p57,OkonRecycling,404918,"Hecate Energy Upshur Rural, LLC",TX,8024.161147941529
2029,3,p59,SolarCycle,402666,Fort Bliss (DEA EPIC),TX,101297.01323557376
2029,3,p59,SolarCycle,401616,Montana Solar Facility,TX,13324.140552325878
2029,3,p59,SolarCycle,401045,Newman Solar,TX,5316.255981095314
2029,3,p60,SolarCycle,403962,"ANSON Solar Center, LLC",TX,1405.0372338794084
2029,3,p60,OkonRecycling,403883,Azure Sky Solar,TX,865.7439561953948
2029,3,p60,SolarCycle,403232,"ENGIE Long Draw Solar, LLC",TX,1269.1395521911663
2029,3,p60,SolarCycle,406252,Highpeak Solar 1,TX,7069.531924004495
2029,3,p60,SolarCycle,402721,Holstein 1 Solar Farm,TX,942.2908506821268
2029,3,p60,SolarCycle,405492,Juno Solar Project,TX,728.0648438035054
2029,3,p60,SolarCycle,402541,Lamesa II,TX,1242.1318888427031
2029,3,p60,SolarCycle,401660,Lamesa Solar,TX,951.2322106585876
2029,3,p60,SolarCycle,405932,Lumina II Solar Project,TX,1327.272966477023
2029,3,p60,SolarCycle,405933,Lumina Solar Project,TX,1263.10125419103
2029,3,p60,SolarCycle,402909,Misae Solar,TX,1560.0569442467904
2029,3,p60,OkonRecycling,400968,"OCI Alamo 7, LLC",TX,2368.135138838047
2029,3,p60,SolarCycle,405939,Texas Solar Nova 1,TX,841.6844809398419
2029,3,p61,SolarCycle,400967,Alamo 6,TX,698.8379410770168
2029,3,p61,SolarCycle,403557,Aragorn Solar Project,TX,778.4518754732015
2029,3,p61,SolarCycle,400691,Barilla Solar,TX,1187.2029001569726
2029,3,p61,SolarCycle,401946,Bluebell Solar,TX,1236.235059875542
2029,3,p61,SolarCycle,403574,Bluebell Solar II,TX,616.8618774138711
2029,3,p61,SolarCycle,400554,"Bryan Solar, LLC",TX,11211.473793513791
2029,3,p61,SolarCycle,401463,Buckthorn Westex,TX,486.19230920945427
2029,3,p61,SolarCycle,401703,East Pecos Solar,TX,535.1991701131993
2029,3,p61,SolarCycle,405363,Galloway 1 Solar Farm,TX,567.7166661752493
2029,3,p61,SolarCycle,403210,Greasewood,TX,481.71928761353826
2029,3,p61,SolarCycle,406370,Hayhurst Texas Solar,TX,4924.391113649609
2029,3,p61,SolarCycle,402304,Midway Solar-TX,TX,520.9668913996868
2029,3,p61,SolarCycle,400695,"OCI Alamo 4, LLC",TX,1582.1122462694543
2029,3,p61,SolarCycle,401868,Pearl Solar,TX,827.7424381916042
2029,3,p61,SolarCycle,402290,RE Maplewood,TX,533.4752410076148
2029,3,p61,SolarCycle,401430,RE Roserock,TX,544.6585936750258
2029,3,p61,SolarCycle,402848,Rambler,TX,593.8979965577537
2029,3,p61,SolarCycle,402083,Solaire Holman Solar Project,TX,1693.4608218973485
2029,3,p61,SolarCycle,403023,"Taygete Energy Project, LLC",TX,495.07426548116405
2029,3,p61,SolarCycle,404647,Taygete II Energy Project,TX,517.4901870433747
2029,3,p61,SolarCycle,403551,Titan Solar Project,TX,663.7151205554982
2029,3,p61,SolarCycle,406103,Zier Solar,TX,1840.633829373168
2029,3,p62,SolarCycle,403502,2W Permian Solar Project Hybrid,TX,433.7414186278956
2029,3,p62,SolarCycle,403697,CED Crane Solar,TX,626.6392451289539
2029,3,p62,SolarCycle,401525,Castle Gap Solar Hybrid,TX,496.1060396172284
2029,3,p62,SolarCycle,404599,Emerald Grove,TX,805.3868400758278
2029,3,p62,SolarCycle,403004,Lapetus,TX,660.3582947159542
2029,3,p62,SolarCycle,403280,Oberon IA,TX,460.4577359253934
2029,3,p62,SolarCycle,403279,Oberon IB,TX,807.5819779747595
2029,3,p62,SolarCycle,403602,Oxy Renewable Energy-Goldsmith,TX,1347.333240345613
2029,3,p62,SolarCycle,402679,Phoebe Solar,TX,465.8784453375293
2029,3,p62,SolarCycle,403177,Prospero Solar,TX,448.09273791700514
2029,3,p62,SolarCycle,404128,Prospero Solar II,TX,543.2513891193844
2029,3,p62,SolarCycle,403070,"Roadrunner, LLC",TX,461.787263346407
2029,3,p62,SolarCycle,401805,Upton County Solar,TX,463.9560128223676
2029,3,p62,SolarCycle,402995,West of the Pecos Solar,TX,500.07799460712596
2029,3,p63,OkonRecycling,405599,"BPL Crown Solar, LLC",TX,2805.75833592915
2029,3,p63,OkonRecycling,404966,BPL Files Solar,TX,561.475614123099
2029,3,p63,OkonRecycling,403825,Briar Creek Solar 1,TX,715.9891574520015
2029,3,p63,OkonRecycling,402610,Chisum,TX,3807.0747922993946
2029,3,p63,OkonRecycling,401697,CoServ Community Solar Station,TX,6366.533437282613
2029,3,p63,OkonRecycling,403188,Coniglio Solar,TX,691.6253527883813
2029,3,p63,OkonRecycling,406415,Dileo Solar,TX,3052.1006185442957
2029,3,p63,OkonRecycling,402655,Eddy II,TX,8754.477828237148
2029,3,p63,OkonRecycling,406221,Eiffel Solar Project,TX,1329.4526419099939
2029,3,p63,OkonRecycling,405540,"Ellis Solar, LLC",TX,652.6520701206546
2029,3,p63,OkonRecycling,403823,Elm Branch Solar 1,TX,734.0136074696918
2029,3,p63,OkonRecycling,406206,Five Wells Solar Center - Hybrid,TX,606.8696173449404
2029,3,p63,OkonRecycling,404567,G.S.E. One LLC,TX,2170.18803667432
2029,3,p63,OkonRecycling,403288,Griffin Solar,TX,44040.9635622985
2029,3,p63,OkonRecycling,406202,Grizzly Ridge Solar,TX,2980.007519269696
2029,3,p63,OkonRecycling,402329,Highway 56 Solar,TX,3278.10496750567
2029,3,p63,OkonRecycling,405319,IKEA Grand Prairie Rooftop PV System,TX,3119.9825887652287
2029,3,p63,OkonRecycling,405689,"IP Radian, LLC",TX,999.5107227261093
2029,3,p63,OkonRecycling,403481,Impact Solar 1,TX,972.967243442479
2029,3,p63,OkonRecycling,403190,Kellam Solar,TX,3050.2291196691776
2029,3,p63,OkonRecycling,402421,Leon Solar,TX,1826.9300801894537
2029,3,p63,OkonRecycling,403874,Lily Solar Hybrid,TX,627.7371382573235
2029,3,p63,OkonRecycling,402404,Marlin Solar,TX,46429.482586354156
2029,3,p63,OkonRecycling,405794,Noble Solar,TX,814.7149541477872
2029,3,p63,OkonRecycling,402405,North Gainesville Solar,TX,3295.4185744788683
2029,3,p63,OkonRecycling,401933,Phantom Solar,TX,7052.301625729801
2029,3,p63,OkonRecycling,404872,"Pisgah Ridge Solar, LLC",TX,553.6215100306691
2029,3,p63,OkonRecycling,406416,Pitts Dudik Solar,TX,3327.8694758774063
2029,3,p63,OkonRecycling,403189,Rippey Solar,TX,2674.4939416010347
2029,3,p63,OkonRecycling,404630,"Samson Solar Energy III, LLC",TX,710.2767342029025
2029,3,p63,OkonRecycling,402652,Sterling Solar (TX),TX,3085.650813669551
2029,3,p63,OkonRecycling,404388,"TPE Erath Solar, LLC",TX,21616.11231922496
2029,3,p63,OkonRecycling,403457,"TPE Whitney Solar, LLC",TX,15869.453759122935
2029,3,p63,OkonRecycling,405361,Toyota HQ Plan,TX,1326.4381183149162
2029,3,p63,OkonRecycling,405907,Verizon Hidden Ridge Solar Project,TX,1370.9108871606277
2029,3,p63,OkonRecycling,405984,Waco Solar,TX,618.7455758966554
2029,3,p63,OkonRecycling,402306,Walnut Springs Solar,TX,35268.56518616761
2029,3,p63,OkonRecycling,402497,West Moore Solar II,TX,5972.92072952027
2029,3,p63,OkonRecycling,402330,Whitesboro Solar,TX,4317.563583036363
2029,3,p63,OkonRecycling,402331,Whitesboro Solar II,TX,3473.6384227937365
2029,3,p63,OkonRecycling,402414,Whitewright Solar,TX,3695.122010294422
2029,3,p63,OkonRecycling,402654,Yellow Jacket,TX,18431.02494691618
2029,3,p64,OkonRecycling,405731,Austin TX GigaFactory,TX,151853.16178729752
2029,3,p64,OkonRecycling,404721,"Blue Jay Solar I, LLC",TX,1516.9504274256237
2029,3,p64,OkonRecycling,402389,"E-Volve Energy Holdings, LLC",TX,52716.42639003377
2029,3,p64,OkonRecycling,400227,East Blackland Solar Project 1,TX,1006.8231566160222
2029,3,p64,OkonRecycling,405101,IKEA Round Rock 027,TX,91204.79581789994
2029,3,p64,SolarCycle,402653,Lampwick,TX,19237.553037798272
2029,3,p64,OkonRecycling,400249,Webberville Solar Project,TX,3543.505797562069
2029,3,p65,OkonRecycling,405700,Aktina Solar,TX,4365.914163834003
2029,3,p65,OkonRecycling,405727,Bernard Creek Solar,TX,8336.257267472529
2029,3,p65,OkonRecycling,401728,CPS 1 Community Solar,TX,976934.3823740769
2029,3,p65,OkonRecycling,402656,Cascade Solar (TX),TX,49326.382877283315
2029,3,p65,OkonRecycling,404359,FELPS 1-Calaveras,TX,405976.49426363147
2029,3,p65,OkonRecycling,404361,FELPS 2-Calaveras,TX,2028235.853657298
2029,3,p65,OkonRecycling,404740,FELPS 7- Floresville West,TX,2063841.7084820403
2029,3,p65,SolarCycle,405801,Horizon Solar,TX,11279.314871126888
2029,3,p65,SolarCycle,403343,Mars Solar,TX,97031.0895012799
2029,3,p65,OkonRecycling,404877,Nebula Solar,TX,9357.419388826722
2029,3,p65,OkonRecycling,400694,"OCI Alamo 2, LLC",TX,218027.85921428254
2029,3,p65,OkonRecycling,400965,"OCI Alamo 3, LLC",TX,115811.60434383551
2029,3,p65,SolarCycle,400966,"OCI Alamo 5, LLC",TX,20157.31059734862
2029,3,p65,OkonRecycling,400593,OCI Alamo Solar I Hybrid,TX,12890.514836864237
2029,3,p65,SolarCycle,405809,Shakes Solar,TX,3966.600744788049
2029,3,p65,OkonRecycling,405545,Sparta Solar,TX,9724.832024946561
2029,3,p65,OkonRecycling,400379,"SunE CPS1, LLC",TX,103627.97160155456
2029,3,p65,OkonRecycling,400364,"SunE CPS2, LLC",TX,103909.84653784591
2029,3,p65,OkonRecycling,400353,"SunE CPS3, LLC",TX,66347.19817191848
2029,3,p65,OkonRecycling,406032,Tres Bahias,TX,11629.00881835682
2029,3,p67,OkonRecycling,404939,Brazoria County Solar Project (Danciger),TX,2063.8638687874254
2029,3,p67,OkonRecycling,404681,Brazoria West,TX,1526.5008046574872
2029,3,p67,OkonRecycling,404587,Fighting Jays Solar Project,TX,1824.655749822646
2029,3,p67,OkonRecycling,405564,"Fort Bend Solar, LLC",TX,2919.4041803538844
2029,3,p67,OkonRecycling,403514,Wagyu,TX,2262.53710428622
2029,4,p12,ComstockMetals,402144,Battle Mountain Solar Project,NV,2205.2768342088816
2029,4,p12,ComstockMetals,405025,Brady,NV,836.3167173588101
2029,4,p12,ComstockMetals,405553,Dodge Flat,NV,428.58284147199123
2029,4,p12,ComstockMetals,402609,"EGP Stillwater Solar PV II, LLC",NV,2690.859246567178
2029,4,p12,ComstockMetals,404659,Fish Springs,NV,551.689296667809
2029,4,p12,ComstockMetals,401086,Ft. Churchill PV,NV,633.4088440908423
2029,4,p12,ComstockMetals,405028,Galena 2 Geothermal Power Plant,NV,1587.4842290738716
2029,4,p12,ComstockMetals,402130,Luning Energy,NV,2431.8240970964134
2029,4,p12,ComstockMetals,400468,"Patua Acquisition Project, LLC",NV,1279.0584420769578
2029,4,p12,ComstockMetals,405021,Steamboat Hills LP,NV,2191.2553181879066
2029,4,p12,ComstockMetals,405023,Steamboat II,NV,1093.1624952369955
2029,4,p12,ComstockMetals,405024,Steamboat III,NV,1028.4632406679348
2029,4,p12,ComstockMetals,400029,Stillwater Facility,NV,2516.450912430283
2029,4,p12,ComstockMetals,401318,Sunshine Valley Solar,NV,1432.6190282667558
2029,4,p12,ComstockMetals,405576,Tesla Reno GigaFactory,NV,1293.0691552101896
2029,4,p12,ComstockMetals,401943,Tungsten Mountain,NV,14827.709782426607
2029,4,p12,ComstockMetals,403308,Turquoise Liberty Solar,NV,884.8606760088705
2029,4,p12,ComstockMetals,403884,"Turquoise Nevada, LLC",NV,490.9441462811198
2029,4,p12,ComstockMetals,400035,Western 102 Power Plant,NV,2922.466899021417
2029,4,p13,WeRecycleSolar,400555,Apex Solar PV Power Project,NV,15630.887391746555
2029,4,p13,WeRecycleSolar,405385,Arrow Canyon Solar Hybrid,NV,785.4590857255831
2029,4,p13,WeRecycleSolar,401649,"Boulder Solar Power, LLC",NV,3122.373489034759
2029,4,p13,WeRecycleSolar,400059,CM10,NV,11213.390708858411
2029,4,p13,WeRecycleSolar,400086,CM48,NV,4148.853683967404
2029,4,p13,WeRecycleSolar,400363,Copper Mountain Solar 2,NV,3897.7529086159966
2029,4,p13,WeRecycleSolar,403688,"Copper Mountain Solar 5, LLC",NV,2551.047157912185
2029,4,p13,WeRecycleSolar,405358,Dignity - San Martin,NV,175955.6335049679
2029,4,p13,WeRecycleSolar,405355,Dignity - Siena Campus,NV,412006.8923523935
2029,4,p13,WeRecycleSolar,405556,Dry Lake Solar Energy Center,NV,1412.4475870238007
2029,4,p13,WeRecycleSolar,405495,Gemini Solar,NV,834.819833974978
2029,4,p13,WeRecycleSolar,403386,"Harry Allen Solar Energy, LLC",NV,2433.2585963954343
2029,4,p13,WeRecycleSolar,406090,IGS LAS1,NV,288056.2879757495
2029,4,p13,WeRecycleSolar,406089,IGS VGT,NV,200820.13314064714
2029,4,p13,WeRecycleSolar,405309,IKEA Las Vegas 462,NV,150163.33348678093
2029,4,p13,WeRecycleSolar,400545,Las Vegas WPCF Solar Plant,NV,88902.29166905313
2029,4,p13,WeRecycleSolar,400313,Moapa Southern Paiute,NV,2840.2856298908464
2029,4,p13,WeRecycleSolar,400600,Mountain View Solar,NV,15587.182797132295
2029,4,p13,WeRecycleSolar,400036,Nellis Air Force Base Solar Array,NV,50436.290149352426
2029,4,p13,WeRecycleSolar,401319,"Playa Solar 1, LLC",NV,4229.429605071578
2029,4,p13,WeRecycleSolar,401274,River Mountains Solar,NV,19929.06623956658
2029,4,p13,WeRecycleSolar,401042,Searchlight Solar,NV,9971.212961732976
2029,4,p13,WeRecycleSolar,400166,Silver State Solar Power North,NV,3983.66743906065
2029,4,p13,WeRecycleSolar,400658,Silver State Solar Power South,NV,1513.6121029471487
2029,4,p13,WeRecycleSolar,405246,"Solar Las Vegas MB 2, LLC",NV,197480.9657797372
2029,4,p13,WeRecycleSolar,402485,"Techren Solar I, LLC",NV,2219.021583248936
2029,4,p13,WeRecycleSolar,402691,"Techren Solar III, LLC",NV,11296.732463746692
2029,4,p13,WeRecycleSolar,402692,"Techren Solar IV, LLC",NV,11339.520535286023
2029,4,p13,WeRecycleSolar,401851,Townsite Solar Project Hybrid,NV,3828.038105476409
2029,4,p13,WeRecycleSolar,406448,Yellow Pine II,NV,4015.2394596985264
2029,4,p13,WeRecycleSolar,404971,Yellow Pine Solar,NV,2125.654248390744
2029,4,p27,WeRecycleSolar,400374,"Black Mountain Solar, LLC",AZ,10215.322516289187
2029,4,p27,WeRecycleSolar,402236,Gray Hawk Solar,AZ,1399.7189671370331
2029,4,p27,WeRecycleSolar,401819,Jacobson 5 MW Solar,AZ,10931.710182098654
2029,4,p27,WeRecycleSolar,403718,Mohave Electric Cooperative at Joy Lane,AZ,10112.20686690819
2029,4,p27,WeRecycleSolar,406478,Mohave Energy - Hybrid,AZ,5907.164393468313
2029,4,p28,WeRecycleSolar,405418,AZ State University - Tempe Campus Solar,AZ,4378.081546681066
2029,4,p28,WeRecycleSolar,400148,Agua Caliente Solar Project,AZ,742.2546737849724
2029,4,p28,FabTechSolar,402067,Apache Solar 1,AZ,8157.965950274461
2029,4,p28,WeRecycleSolar,400274,Arizona Western College PV,AZ,29912.34028738337
2029,4,p28,WeRecycleSolar,400240,Arlington Valley Solar Energy II,AZ,1182.0425332413588
2029,4,p28,FabTechSolar,401688,Bonnybrooke PV,AZ,845.1190065812575
2029,4,p28,WeRecycleSolar,400371,Buckeye Union HS District 201,AZ,20149.876494856973
2029,4,p28,FabTechSolar,405635,"Central Line Solar, LLC",AZ,583.3981010653334
2029,4,p28,WeRecycleSolar,400201,Chino Solar Valley,AZ,5748.6498363718665
2029,4,p28,WeRecycleSolar,400202,Cotton Center Solar Hybrid,AZ,3326.9501895181497
2029,4,p28,WeRecycleSolar,401069,Desert Star Hybrid,AZ,2404.051994955906
2029,4,p28,FabTechSolar,403257,East Line Solar,AZ,645.1680909239872
2029,4,p28,FabTechSolar,406171,Eleven Mile Solar Center,AZ,476.75198953883
2029,4,p28,WeRecycleSolar,400349,Foothills Solar Plant Hybrid,AZ,4829.54735210042
2029,4,p28,WeRecycleSolar,400845,Gila Bend Hybrid,AZ,2004.6778714523641
2029,4,p28,FabTechSolar,400599,"Gilbert Solar Facility I, LLC",AZ,5234.057139139745
2029,4,p28,WeRecycleSolar,400204,Hyder Solar Hybrid,AZ,3179.407286307356
2029,4,p28,FabTechSolar,405282,Intel - Ocotillo Campus Solar,AZ,1573.2516423378038
2029,4,p28,WeRecycleSolar,405125,Jewish Community Center PV,AZ,14401.572063342817
2029,4,p28,WeRecycleSolar,402234,Kayenta Solar Project,AZ,10676.277559047132
2029,4,p28,WeRecycleSolar,400595,Lake Pleasant WTP,AZ,3845.1034946073214
2029,4,p28,WeRecycleSolar,400128,Luke Solar,AZ,1639.2630439056986
2029,4,p28,WeRecycleSolar,405068,Macys Goodyear,AZ,7581.168632295745
2029,4,p28,WeRecycleSolar,406279,McFarland A Solar and Storage,AZ,1389.1927159429824
2029,4,p28,FabTechSolar,405617,Mesa Carport PV,AZ,3108.8098200814848
2029,4,p28,FabTechSolar,404512,Mesa Solar Array,AZ,6592.311061717641
2029,4,p28,WeRecycleSolar,400250,Mesquite Solar 1,AZ,508.63981423127336
2029,4,p28,WeRecycleSolar,401621,"Mesquite Solar 2, LLC",AZ,953.22713096269
2029,4,p28,WeRecycleSolar,401622,"Mesquite Solar 3, LLC",AZ,1145.4332371464195
2029,4,p28,WeRecycleSolar,406038,"Mesquite Solar 4, LLC",AZ,1457.626952017729
2029,4,p28,WeRecycleSolar,404922,"Mesquite Solar 5, LLC",AZ,2229.0920595711864
2029,4,p28,WeRecycleSolar,403572,OE_AZ1,AZ,3635.382907656389
2029,4,p28,WeRecycleSolar,400203,Paloma Solar Hybrid,AZ,3271.779514237556
2029,4,p28,WeRecycleSolar,405126,Paradise Valley H.S. PV,AZ,8471.271359719032
2029,4,p28,WeRecycleSolar,405150,Phoenix Airport East Economy Lot,AZ,11306.37543427323
2029,4,p28,WeRecycleSolar,405151,Phoenix Airport Rental Car Center,AZ,1902.018348438824
2029,4,p28,FabTechSolar,400125,"Poseidon Solar, LLC",AZ,2540.830557227369
2029,4,p28,WeRecycleSolar,400031,Prescott Airport,AZ,22121.07280840267
2029,4,p28,FabTechSolar,400323,Queen Creek Solar Farm,AZ,1522.7193400690815
2029,4,p28,WeRecycleSolar,400289,"RE Bagdad Solar I, LLC",AZ,15502.406805306468
2029,4,p28,WeRecycleSolar,405132,"RE Gillespie 1, LLC",AZ,6624.996113793356
2029,4,p28,FabTechSolar,400758,Red Horse 2,AZ,5208.019320982049
2029,4,p28,FabTechSolar,406380,SR McNeal,AZ,9940.630932788694
2029,4,p28,WeRecycleSolar,400416,Saddle Mountain Solar I,AZ,10013.97530894141
2029,4,p28,FabTechSolar,403674,Saint Solar,AZ,588.3080577479451
2029,4,p28,FabTechSolar,401214,Sandstone Solar,AZ,817.0222713655323
2029,4,p28,WeRecycleSolar,405029,Solana Generating Station,AZ,907.7985820454758
2029,4,p28,WeRecycleSolar,406275,Sonoran Solar Energy,AZ,446.42120850204344
2029,4,p28,FabTechSolar,406034,Storey Solar and Storage,AZ,977.950181810761
2029,4,p28,WeRecycleSolar,403643,Sun Streams 2,AZ,1055.4819602654316
2029,4,p28,WeRecycleSolar,406517,Sun Streams 3,AZ,849.3473008636342
2029,4,p28,WeRecycleSolar,401975,"Sun Streams, LLC",AZ,526.339453753632
2029,4,p28,WeRecycleSolar,405311,T0588 Phoenix - AZ,AZ,5483.045050398897
2029,4,p28,FabTechSolar,405134,Union HS at Casa Grande,AZ,17190.763163767984
2029,4,p28,FabTechSolar,405135,Vista Grande HS at Casa Grande,AZ,22232.43636766541
2029,4,p28,FabTechSolar,400334,Walmart Casa Grande,AZ,11079.123637062772
2029,4,p28,FabTechSolar,406098,"West Line Solar, LLC",AZ,546.7855059668431
2029,4,p29,FabTechSolar,400014,Springerville,AZ,3952.680968805647
2029,4,p30,FabTechSolar,405143,Actus Lend Lease DMAFB,AZ,19637.54049909505
2029,4,p30,FabTechSolar,405611,Amazon TUS2,AZ,23846.66134739231
2029,4,p30,FabTechSolar,405268,Amphitheater High School Solar,AZ,13667.672487875148
2029,4,p30,FabTechSolar,400939,Avalon Solar,AZ,2548.4242889494076
2029,4,p30,FabTechSolar,401479,Avalon Solar II,AZ,8130.567974429855
2029,4,p30,FabTechSolar,400226,Avra Valley Solar,AZ,2046.3917415520837
2029,4,p30,FabTechSolar,404704,Broadway 2 - Tucson Phase II,AZ,16783.525073355348
2029,4,p30,FabTechSolar,405269,Canyon Del Oro High School Solar,AZ,11596.555970295292
2029,4,p30,FabTechSolar,400330,FRB Solar Farm,AZ,13462.998883476039
2029,4,p30,FabTechSolar,400761,"Gato Montes Solar, LLC",AZ,12847.384454201276
2029,4,p30,FabTechSolar,404536,Iron Horse Battery Storage Hybrid,AZ,15987.06546859105
2029,4,p30,FabTechSolar,400552,"Picture Rocks Solar, LLC",AZ,1033.980232953757
2029,4,p30,FabTechSolar,405374,Pima Community College,AZ,109762.07276529254
2029,4,p30,FabTechSolar,405303,Pima Community College - East Campus,AZ,29790.953788471197
2029,4,p30,FabTechSolar,405516,Pima Community College NW,AZ,25686.769210690723
2029,4,p30,FabTechSolar,404926,Raptor Ridge,AZ,5165.677784945803
2029,4,p30,FabTechSolar,400857,Rio Rico Solar,AZ,9610.545347632906
2029,4,p30,FabTechSolar,400156,UASTP I,AZ,17786.120448306516
2029,4,p30,FabTechSolar,401075,Valencia Solar,AZ,7011.959841799065
2029,4,p30,FabTechSolar,404187,"Wilmot Energy Center, LLC",AZ,887.5548083036151
2029,4,p31,SolarCycle,400211,Alamogordo Solar Energy Center,NM,76728.54446625471
2029,4,p31,FabTechSolar,400206,Albuquerque Solar Energy Center,NM,180730.21495637085
2029,4,p31,FabTechSolar,405469,Arroyo Solar Energy Storage Hybrid,NM,1241.7842032442359
2029,4,p31,FabTechSolar,403321,Bluewater CDEC 1,NM,358894.3254308989
2029,4,p31,SolarCycle,404981,Buena Vista Energy Center,NM,6898.782099739145
2029,4,p31,SolarCycle,402876,CNMEC Solar Energy Center,NM,246510.05072761752
2029,4,p31,SolarCycle,402519,Carrizozo Solar,NM,86446.17392848682
2029,4,p31,FabTechSolar,401202,Cibola,NM,26153.886826288413
2029,4,p31,FabTechSolar,402988,City of Gallup Solar,NM,48718.78086749754
2029,4,p31,FabTechSolar,403604,City of Rio Rancho WWTP,NM,872415.1090586751
2029,4,p31,FabTechSolar,401225,City of Truth or Consequences PV,NM,457884.3703185391
2029,4,p31,FabTechSolar,400209,Deming Solar Energy Center,NM,30911.615447834705
2029,4,p31,FabTechSolar,403868,Encino Solar Energy Center,NM,9992.497742099014
2029,4,p31,FabTechSolar,401038,Eubank Landfill Solar Array,NM,108823.13265408992
2029,4,p31,FabTechSolar,402443,Facebook 3 Solar Energy Center,NM,34648.17744293694
2029,4,p31,FabTechSolar,403322,Grants CDEC 2,NM,64887.30350458867
2029,4,p31,FabTechSolar,400216,"Hatch Solar Energy Center I, LLC",NM,89378.37804695802
2029,4,p31,SolarCycle,401617,Holloman Solar Facility,NM,76948.00317448722
2029,4,p31,FabTechSolar,406109,"Jicarilla Solar 1, LLC",NM,11346.416821819408
2029,4,p31,SolarCycle,400427,Kit Carson,NM,508611.34112655855
2029,4,p31,SolarCycle,400210,Las Vegas Solar Energy Center,NM,103862.28377350564
2029,4,p31,SolarCycle,400434,Los Alamos PV Site,NM,300657.5298653459
2029,4,p31,FabTechSolar,400207,Los Lunas Solar Energy Center,NM,73539.24025046921
2029,4,p31,FabTechSolar,400838,Macho Springs,NM,8532.348612481312
2029,4,p31,FabTechSolar,400582,Manzano Solar,NM,130267.45128067821
2029,4,p31,FabTechSolar,406375,OE_ESCL,NM,1832.1705734919992
2029,4,p31,SolarCycle,400581,Otero Solar,NM,100535.24151650231
2029,4,p31,SolarCycle,400146,Questa Solar Facility,NM,428901.85672696796
2029,4,p31,FabTechSolar,403178,"RC Energy AA, LLC Solar Facility",NM,545319.1261258712
2029,4,p31,FabTechSolar,401566,Rio Communities Solar Energy Center,NM,34503.67286165219
2029,4,p31,FabTechSolar,403084,Rio De Oro Solar Energy Center,NM,20984.661861323442
2029,4,p31,FabTechSolar,400624,Rio Rancho High School,NM,270211.2902214731
2029,4,p31,FabTechSolar,404648,"Route 66 Energy Center, LLC",NM,9494.614989133248
2029,4,p31,SolarCycle,403387,San Miguel I Solar Energy Center,NM,26130.474475832543
2029,4,p31,SolarCycle,405458,San Miguel II Solar Energy Center,NM,103364.15921678134
2029,4,p31,FabTechSolar,401161,Sandoval Solar Energy Center,NM,86937.97454812616
2029,4,p31,SolarCycle,401564,Santa Fe Solar Energy Center,NM,118099.59237105823
2029,4,p31,FabTechSolar,401565,Santolina Solar Energy Center,NM,24747.716477591326
2029,4,p31,FabTechSolar,400596,Silver City WWTP PV Project,NM,348983.94749255665
2029,4,p31,FabTechSolar,401563,South Valley Solar Energy Center,NM,104747.91761946378
2029,4,p31,SolarCycle,401162,Springer Solar 1,NM,631605.1176380444
2029,4,p31,SolarCycle,400735,Storrie Lake Solar Project,NM,230381.765032692
2029,4,p31,FabTechSolar,400623,Sue Cleveland High School,NM,544557.6958633971
2029,4,p31,SolarCycle,400343,"SunE EPE1, LLC",NM,19915.083028683428
2029,4,p31,SolarCycle,402854,Syncarpha Eagle Nest,NM,610927.5840704511
2029,4,p31,SolarCycle,403412,Syncarpha El Rito,NM,793991.1620663899
2029,4,p31,SolarCycle,403413,Syncarpha Questa,NM,814657.7943291782
2029,4,p31,SolarCycle,403411,Syncarpha Taos,NM,131784.98858027195
2029,4,p31,SolarCycle,404618,Taos Mesa Energy Facility Hybrid,NM,82685.2454016005
2029,4,p31,FabTechSolar,403011,Vista Solar Energy Center,NM,34999.46809315589
2029,4,p31,FabTechSolar,405245,Wal-Mart Truth or Consequences PV,NM,438718.27192630974
2029,4,p47,SolarCycle,400979,"Caprock Solar 1, LLC",NM,14009.417906919982
2029,4,p47,SolarCycle,404980,Chaves County Solar II,NM,16531.866542769152
2029,4,p47,SolarCycle,401681,"Chaves Solar, LLC",NM,2714.7695172948484
2029,4,p47,SolarCycle,400614,GSE NM1,NM,130460.77901034085
2029,4,p47,SolarCycle,404982,Hayhurst New Mexico Solar,NM,16222.342119047038
2029,4,p47,SolarCycle,402530,Middle Daisy,NM,29475.94521916251
2029,4,p47,SolarCycle,400546,SEV NM Phase 2,NM,87288.85901684962
2029,4,p47,SolarCycle,400260,SPS1 Dollarhide,NM,15197.088878688166
2029,4,p47,SolarCycle,400261,SPS2 Jal,NM,5730.135301855121
2029,4,p47,SolarCycle,400262,SPS3 Lea,NM,6254.828927359672
2029,4,p47,SolarCycle,400264,SPS5 Hopi,NM,7288.0224537190325
2029,4,p47,SolarCycle,404698,SoCore Clovis 1,NM,68988.31928100133
2029,4,p48,SolarCycle,406439,"BESSP1, LLC",TX,14045.913057325286
2029,4,p48,SolarCycle,405590,"Hecate Energy Frye Solar, LLC",TX,651.9763297592114
2029,4,p57,OkonRecycling,404918,"Hecate Energy Upshur Rural, LLC",TX,6118.120860956145
2029,4,p59,SolarCycle,402666,Fort Bliss (DEA EPIC),TX,34032.337745191246
2029,4,p59,SolarCycle,401616,Montana Solar Facility,TX,32710.3513808147
2029,4,p59,SolarCycle,401045,Newman Solar,TX,3209.289132054465
2029,4,p60,SolarCycle,403962,"ANSON Solar Center, LLC",TX,1405.0372338794084
2029,4,p60,OkonRecycling,403883,Azure Sky Solar,TX,865.7439561953948
2029,4,p60,SolarCycle,403232,"ENGIE Long Draw Solar, LLC",TX,1269.1395521911663
2029,4,p60,SolarCycle,406252,Highpeak Solar 1,TX,20408.595772013487
2029,4,p60,SolarCycle,402721,Holstein 1 Solar Farm,TX,806.7181380115951
2029,4,p60,SolarCycle,405492,Juno Solar Project,TX,1056.1296876070105
2029,4,p60,SolarCycle,402541,Lamesa II,TX,1073.7055110741624
2029,4,p60,SolarCycle,401660,Lamesa Solar,TX,951.2322106585876
2029,4,p60,SolarCycle,405932,Lumina II Solar Project,TX,1327.272966477023
2029,4,p60,SolarCycle,405933,Lumina Solar Project,TX,831.550627095515
2029,4,p60,SolarCycle,402909,Misae Solar,TX,1560.0569442467904
2029,4,p60,OkonRecycling,400968,"OCI Alamo 7, LLC",TX,2368.135138838047
2029,4,p60,SolarCycle,405939,Texas Solar Nova 1,TX,841.6844809398419
2029,4,p61,SolarCycle,400967,Alamo 6,TX,997.6758821540338
2029,4,p61,SolarCycle,403557,Aragorn Solar Project,TX,778.4518754732015
2029,4,p61,SolarCycle,400691,Barilla Solar,TX,1187.2029001569726
2029,4,p61,SolarCycle,401946,Bluebell Solar,TX,1236.235059875542
2029,4,p61,SolarCycle,403574,Bluebell Solar II,TX,616.8618774138711
2029,4,p61,SolarCycle,400554,"Bryan Solar, LLC",TX,22022.947587027582
2029,4,p61,SolarCycle,401463,Buckthorn Westex,TX,486.19230920945427
2029,4,p61,SolarCycle,401703,East Pecos Solar,TX,535.1991701131993
2029,4,p61,SolarCycle,405363,Galloway 1 Solar Farm,TX,735.4333323504986
2029,4,p61,SolarCycle,403210,Greasewood,TX,481.71928761353826
2029,4,p61,SolarCycle,402304,Midway Solar-TX,TX,520.9668913996868
2029,4,p61,SolarCycle,400695,"OCI Alamo 4, LLC",TX,1877.640307836818
2029,4,p61,SolarCycle,401868,Pearl Solar,TX,827.7424381916042
2029,4,p61,SolarCycle,402290,RE Maplewood,TX,533.4752410076148
2029,4,p61,SolarCycle,401430,RE Roserock,TX,515.7268749400206
2029,4,p61,SolarCycle,402848,Rambler,TX,593.8979965577537
2029,4,p61,SolarCycle,402083,Solaire Holman Solar Project,TX,2986.9216437946966
2029,4,p61,SolarCycle,403023,"Taygete Energy Project, LLC",TX,542.6113982217463
2029,4,p61,SolarCycle,404647,Taygete II Energy Project,TX,517.4901870433747
2029,4,p61,SolarCycle,403551,Titan Solar Project,TX,663.7151205554982
2029,4,p61,SolarCycle,406103,Zier Solar,TX,1840.633829373168
2029,4,p62,SolarCycle,403502,2W Permian Solar Project Hybrid,TX,433.7414186278956
2029,4,p62,SolarCycle,403697,CED Crane Solar,TX,626.6392451289539
2029,4,p62,SolarCycle,401525,Castle Gap Solar Hybrid,TX,476.88483169378276
2029,4,p62,SolarCycle,404599,Emerald Grove,TX,1210.7736801516553
2029,4,p62,SolarCycle,403004,Lapetus,TX,660.3582947159542
2029,4,p62,SolarCycle,403280,Oberon IA,TX,460.4577359253934
2029,4,p62,SolarCycle,403279,Oberon IB,TX,807.5819779747595
2029,4,p62,SolarCycle,403602,Oxy Renewable Energy-Goldsmith,TX,1347.333240345613
2029,4,p62,SolarCycle,402679,Phoebe Solar,TX,439.5270672025176
2029,4,p62,SolarCycle,403177,Prospero Solar,TX,448.09273791700514
2029,4,p62,SolarCycle,404128,Prospero Solar II,TX,543.2513891193844
2029,4,p62,SolarCycle,403070,"Roadrunner, LLC",TX,461.787263346407
2029,4,p62,SolarCycle,401805,Upton County Solar,TX,463.9560128223676
2029,4,p62,SolarCycle,402995,West of the Pecos Solar,TX,500.07799460712596
2029,4,p63,OkonRecycling,405599,"BPL Crown Solar, LLC",TX,2805.75833592915
2029,4,p63,OkonRecycling,404966,BPL Files Solar,TX,615.3008188307986
2029,4,p63,OkonRecycling,403825,Briar Creek Solar 1,TX,715.9891574520015
2029,4,p63,OkonRecycling,401697,CoServ Community Solar Station,TX,10841.433515244575
2029,4,p63,OkonRecycling,403188,Coniglio Solar,TX,691.6253527883813
2029,4,p63,OkonRecycling,406415,Dileo Solar,TX,3052.1006185442957
2029,4,p63,OkonRecycling,402655,Eddy II,TX,8754.477828237148
2029,4,p63,OkonRecycling,406221,Eiffel Solar Project,TX,1329.4526419099939
2029,4,p63,OkonRecycling,405540,"Ellis Solar, LLC",TX,778.978105180982
2029,4,p63,OkonRecycling,403823,Elm Branch Solar 1,TX,734.0136074696918
2029,4,p63,OkonRecycling,406206,Five Wells Solar Center - Hybrid,TX,606.8696173449404
2029,4,p63,OkonRecycling,403288,Griffin Solar,TX,44040.9635622985
2029,4,p63,OkonRecycling,406202,Grizzly Ridge Solar,TX,1690.0037596348482
2029,4,p63,OkonRecycling,402329,Highway 56 Solar,TX,4100.42067250729
2029,4,p63,OkonRecycling,405319,IKEA Grand Prairie Rooftop PV System,TX,3119.9825887652287
2029,4,p63,OkonRecycling,405689,"IP Radian, LLC",TX,999.5107227261093
2029,4,p63,OkonRecycling,403481,Impact Solar 1,TX,972.967243442479
2029,4,p63,OkonRecycling,403190,Kellam Solar,TX,3050.2291196691776
2029,4,p63,OkonRecycling,402421,Leon Solar,TX,2064.7517602210296
2029,4,p63,OkonRecycling,403874,Lily Solar Hybrid,TX,627.7371382573235
2029,4,p63,OkonRecycling,402404,Marlin Solar,TX,11907.370646588539
2029,4,p63,OkonRecycling,405794,Noble Solar,TX,538.2383180492625
2029,4,p63,OkonRecycling,402405,North Gainesville Solar,TX,10051.395248262896
2029,4,p63,OkonRecycling,401933,Phantom Solar,TX,5389.22621929735
2029,4,p63,OkonRecycling,404872,"Pisgah Ridge Solar, LLC",TX,707.2430200613384
2029,4,p63,OkonRecycling,406416,Pitts Dudik Solar,TX,3327.8694758774063
2029,4,p63,OkonRecycling,403189,Rippey Solar,TX,2674.4939416010347
2029,4,p63,OkonRecycling,404630,"Samson Solar Energy III, LLC",TX,710.2767342029025
2029,4,p63,OkonRecycling,402652,Sterling Solar (TX),TX,5771.301627339102
2029,4,p63,OkonRecycling,404812,Sun Valley Solar Project,TX,707.7426840986287
2029,4,p63,OkonRecycling,403457,"TPE Whitney Solar, LLC",TX,5556.484586374313
2029,4,p63,OkonRecycling,405361,Toyota HQ Plan,TX,1326.4381183149162
2029,4,p63,OkonRecycling,405907,Verizon Hidden Ridge Solar Project,TX,1273.8197984445649
2029,4,p63,OkonRecycling,405984,Waco Solar,TX,545.8303839311036
2029,4,p63,OkonRecycling,402306,Walnut Springs Solar,TX,17834.2825930838
2029,4,p63,OkonRecycling,402497,West Moore Solar II,TX,7366.150911900336
2029,4,p63,OkonRecycling,402330,Whitesboro Solar,TX,4317.563583036363
2029,4,p63,OkonRecycling,402331,Whitesboro Solar II,TX,3473.6384227937365
2029,4,p63,OkonRecycling,402414,Whitewright Solar,TX,3036.097608235538
2029,4,p63,OkonRecycling,402654,Yellow Jacket,TX,18431.02494691618
2029,4,p64,OkonRecycling,405731,Austin TX GigaFactory,TX,30690.632357459504
2029,4,p64,OkonRecycling,404721,"Blue Jay Solar I, LLC",TX,1516.9504274256237
2029,4,p64,OkonRecycling,402389,"E-Volve Energy Holdings, LLC",TX,209665.70556013507
2029,4,p64,OkonRecycling,400227,East Blackland Solar Project 1,TX,1310.234734924033
2029,4,p64,OkonRecycling,405101,IKEA Round Rock 027,TX,182009.59163579985
2029,4,p64,SolarCycle,402653,Lampwick,TX,19237.553037798272
2029,4,p64,OkonRecycling,405613,Niagara Bottling - Seguin,TX,37391.999038444425
2029,4,p65,OkonRecycling,405700,Aktina Solar,TX,4365.914163834003
2029,4,p65,OkonRecycling,405727,Bernard Creek Solar,TX,8336.257267472529
2029,4,p65,OkonRecycling,405477,Brightside,TX,47571.684450070636
2029,4,p65,OkonRecycling,401728,CPS 1 Community Solar,TX,1953468.764748154
2029,4,p65,OkonRecycling,402656,Cascade Solar (TX),TX,98252.76575456663
2029,4,p65,SolarCycle,404062,Elara Solar,TX,8752.558281067772
2029,4,p65,OkonRecycling,404359,FELPS 1-Calaveras,TX,1014341.2356590786
2029,4,p65,OkonRecycling,404361,FELPS 2-Calaveras,TX,1014317.926828649
2029,4,p65,OkonRecycling,404739,FELPS 6- Floresville West,TX,2064508.3316038004
2029,4,p65,OkonRecycling,404740,FELPS 7- Floresville West,TX,688213.9028273468
2029,4,p65,SolarCycle,405801,Horizon Solar,TX,11279.314871126888
2029,4,p65,OkonRecycling,405380,IKEA Live Oak Rooftop PV System,TX,1098830.683767056
2029,4,p65,SolarCycle,403343,Mars Solar,TX,72873.3171259599
2029,4,p65,OkonRecycling,404877,Nebula Solar,TX,7118.064541620041
2029,4,p65,OkonRecycling,400694,"OCI Alamo 2, LLC",TX,435655.718428565
2029,4,p65,OkonRecycling,400965,"OCI Alamo 3, LLC",TX,173517.40651575325
2029,4,p65,SolarCycle,400966,"OCI Alamo 5, LLC",TX,10278.655298674308
2029,4,p65,OkonRecycling,400593,OCI Alamo Solar I Hybrid,TX,50362.05934745695
2029,4,p65,SolarCycle,405809,Shakes Solar,TX,5749.901117182071
2029,4,p65,OkonRecycling,405545,Sparta Solar,TX,9724.832024946561
2029,4,p65,OkonRecycling,400379,"SunE CPS1, LLC",TX,103627.97160155456
2029,4,p65,OkonRecycling,400364,"SunE CPS2, LLC",TX,103909.84653784591
2029,4,p65,OkonRecycling,400353,"SunE CPS3, LLC",TX,99320.79725787771
2029,4,p65,OkonRecycling,406032,Tres Bahias,TX,6014.50440917841
2029,4,p67,OkonRecycling,404939,Brazoria County Solar Project (Danciger),TX,1509.2425791916173
2029,4,p67,OkonRecycling,404681,Brazoria West,TX,2089.751206986231
2029,4,p67,OkonRecycling,404587,Fighting Jays Solar Project,TX,1824.655749822646
2029,4,p67,OkonRecycling,405564,"Fort Bend Solar, LLC",TX,1029.851045088471
2029,4,p67,OkonRecycling,403514,Wagyu,TX,2262.53710428622
2030,1,p12,ComstockMetals,402144,Battle Mountain Solar Project,NV,761.0553668417763
2030,1,p12,ComstockMetals,405025,Brady,NV,836.3167173588101
2030,1,p12,ComstockMetals,405553,Dodge Flat,NV,428.58284147199123
2030,1,p12,ComstockMetals,402609,"EGP Stillwater Solar PV II, LLC",NV,1545.4296232835895
2030,1,p12,ComstockMetals,404659,Fish Springs,NV,551.689296667809
2030,1,p12,ComstockMetals,401086,Ft. Churchill PV,NV,633.4088440908423
2030,1,p12,ComstockMetals,405028,Galena 2 Geothermal Power Plant,NV,1587.4842290738716
2030,1,p12,ComstockMetals,402130,Luning Energy,NV,2431.8240970964134
2030,1,p12,ComstockMetals,400468,"Patua Acquisition Project, LLC",NV,1279.0584420769578
2030,1,p12,ComstockMetals,405021,Steamboat Hills LP,NV,2191.2553181879066
2030,1,p12,ComstockMetals,405023,Steamboat II,NV,1093.1624952369955
2030,1,p12,ComstockMetals,405024,Steamboat III,NV,1028.4632406679348
2030,1,p12,ComstockMetals,400029,Stillwater Facility,NV,2516.450912430283
2030,1,p12,ComstockMetals,401318,Sunshine Valley Solar,NV,1948.9285424001332
2030,1,p12,ComstockMetals,405026,TS Power Plant,NV,1470.5710098247193
2030,1,p12,ComstockMetals,405576,Tesla Reno GigaFactory,NV,1739.6037328152843
2030,1,p12,ComstockMetals,401943,Tungsten Mountain,NV,14827.709782426607
2030,1,p12,ComstockMetals,403308,Turquoise Liberty Solar,NV,1208.101126681451
2030,1,p12,ComstockMetals,403884,"Turquoise Nevada, LLC",NV,490.9441462811198
2030,1,p12,ComstockMetals,400035,Western 102 Power Plant,NV,3237.775261399094
2030,1,p13,WeRecycleSolar,400555,Apex Solar PV Power Project,NV,8015.443695873277
2030,1,p13,WeRecycleSolar,405385,Arrow Canyon Solar Hybrid,NV,785.4590857255831
2030,1,p13,WeRecycleSolar,401649,"Boulder Solar Power, LLC",NV,5844.746978069518
2030,1,p13,WeRecycleSolar,400059,CM10,NV,27433.476772146027
2030,1,p13,WeRecycleSolar,400086,CM48,NV,11646.561051902216
2030,1,p13,WeRecycleSolar,400363,Copper Mountain Solar 2,NV,3897.7529086159966
2030,1,p13,WeRecycleSolar,403688,"Copper Mountain Solar 5, LLC",NV,1475.523578956093
2030,1,p13,WeRecycleSolar,405358,Dignity - San Martin,NV,175955.6335049679
2030,1,p13,WeRecycleSolar,405355,Dignity - Siena Campus,NV,412006.8923523935
2030,1,p13,WeRecycleSolar,405556,Dry Lake Solar Energy Center,NV,1209.9580696190403
2030,1,p13,WeRecycleSolar,405495,Gemini Solar,NV,834.819833974978
2030,1,p13,WeRecycleSolar,403386,"Harry Allen Solar Energy, LLC",NV,6499.775789186305
2030,1,p13,WeRecycleSolar,406089,IGS VGT,NV,301030.1997109708
2030,1,p13,WeRecycleSolar,405309,IKEA Las Vegas 462,NV,299926.6669735619
2030,1,p13,WeRecycleSolar,400545,Las Vegas WPCF Solar Plant,NV,88902.29166905313
2030,1,p13,WeRecycleSolar,400313,Moapa Southern Paiute,NV,2840.2856298908464
2030,1,p13,WeRecycleSolar,400600,Mountain View Solar,NV,10524.788531421525
2030,1,p13,WeRecycleSolar,400036,Nellis Air Force Base Solar Array,NV,25418.14507467621
2030,1,p13,WeRecycleSolar,401319,"Playa Solar 1, LLC",NV,4229.429605071578
2030,1,p13,WeRecycleSolar,401274,River Mountains Solar,NV,39458.13247913315
2030,1,p13,WeRecycleSolar,401042,Searchlight Solar,NV,14756.819442599462
2030,1,p13,WeRecycleSolar,400166,Silver State Solar Power North,NV,5775.501158590976
2030,1,p13,WeRecycleSolar,400658,Silver State Solar Power South,NV,1513.6121029471487
2030,1,p13,WeRecycleSolar,405246,"Solar Las Vegas MB 2, LLC",NV,197480.9657797372
2030,1,p13,WeRecycleSolar,405188,Solar Las Vegas MB-1,NV,121138.46211978578
2030,1,p13,WeRecycleSolar,402485,"Techren Solar I, LLC",NV,3128.5323748734045
2030,1,p13,WeRecycleSolar,402690,"Techren Solar II, LLC",NV,3130.8020287868744
2030,1,p13,WeRecycleSolar,402691,"Techren Solar III, LLC",NV,22193.46492749338
2030,1,p13,WeRecycleSolar,402692,"Techren Solar IV, LLC",NV,7693.013690190682
2030,1,p13,WeRecycleSolar,406448,Yellow Pine II,NV,3111.429594773895
2030,1,p13,WeRecycleSolar,404971,Yellow Pine Solar,NV,2125.654248390744
2030,1,p27,WeRecycleSolar,400374,"Black Mountain Solar, LLC",AZ,5307.6612581445925
2030,1,p27,WeRecycleSolar,402236,Gray Hawk Solar,AZ,1399.7189671370331
2030,1,p27,WeRecycleSolar,401819,Jacobson 5 MW Solar,AZ,21463.4203641973
2030,1,p27,WeRecycleSolar,403718,Mohave Electric Cooperative at Joy Lane,AZ,10112.20686690819
2030,1,p27,WeRecycleSolar,401311,Mohave Electric at Fort Mohave,AZ,11412.872135506406
2030,1,p27,WeRecycleSolar,406478,Mohave Energy - Hybrid,AZ,5907.164393468313
2030,1,p28,WeRecycleSolar,405418,AZ State University - Tempe Campus Solar,AZ,3052.054364454044
2030,1,p28,WeRecycleSolar,400148,Agua Caliente Solar Project,AZ,742.2546737849724
2030,1,p28,FabTechSolar,402067,Apache Solar 1,AZ,8157.965950274461
2030,1,p28,WeRecycleSolar,400274,Arizona Western College PV,AZ,59424.68057476674
2030,1,p28,WeRecycleSolar,400240,Arlington Valley Solar Energy II,AZ,791.0212666206793
2030,1,p28,WeRecycleSolar,400437,Badger 1,AZ,6885.837239800596
2030,1,p28,FabTechSolar,401688,Bonnybrooke PV,AZ,1067.6785098718863
2030,1,p28,FabTechSolar,405635,"Central Line Solar, LLC",AZ,583.3981010653334
2030,1,p28,WeRecycleSolar,400201,Chino Solar Valley,AZ,5748.6498363718665
2030,1,p28,WeRecycleSolar,400202,Cotton Center Solar Hybrid,AZ,2351.300126345433
2030,1,p28,WeRecycleSolar,401069,Desert Star Hybrid,AZ,3072.0693266078742
2030,1,p28,FabTechSolar,403257,East Line Solar,AZ,645.1680909239872
2030,1,p28,FabTechSolar,406171,Eleven Mile Solar Center,AZ,476.75198953883
2030,1,p28,WeRecycleSolar,405244,Estrella Mountain PV,AZ,20341.410167685393
2030,1,p28,WeRecycleSolar,400349,Foothills Solar Plant Hybrid,AZ,3353.0315680669464
2030,1,p28,FabTechSolar,400825,Fort Huachuca Solar PV Project,AZ,9687.827084594908
2030,1,p28,WeRecycleSolar,400845,Gila Bend Hybrid,AZ,2004.6778714523641
2030,1,p28,FabTechSolar,400599,"Gilbert Solar Facility I, LLC",AZ,5234.057139139745
2030,1,p28,WeRecycleSolar,400204,Hyder Solar Hybrid,AZ,5958.814572614711
2030,1,p28,FabTechSolar,405282,Intel - Ocotillo Campus Solar,AZ,2159.877463506706
2030,1,p28,WeRecycleSolar,405125,Jewish Community Center PV,AZ,28403.14412668563
2030,1,p28,WeRecycleSolar,402234,Kayenta Solar Project,AZ,10676.277559047132
2030,1,p28,WeRecycleSolar,400595,Lake Pleasant WTP,AZ,5567.655241910982
2030,1,p28,WeRecycleSolar,400128,Luke Solar,AZ,1329.4472829292738
2030,1,p28,WeRecycleSolar,405068,Macys Goodyear,AZ,7581.168632295745
2030,1,p28,WeRecycleSolar,406279,McFarland A Solar and Storage,AZ,894.5963579714912
2030,1,p28,FabTechSolar,405617,Mesa Carport PV,AZ,3108.8098200814848
2030,1,p28,WeRecycleSolar,400250,Mesquite Solar 1,AZ,508.63981423127336
2030,1,p28,WeRecycleSolar,401621,"Mesquite Solar 2, LLC",AZ,953.22713096269
2030,1,p28,WeRecycleSolar,401622,"Mesquite Solar 3, LLC",AZ,586.3583092866048
2030,1,p28,WeRecycleSolar,406038,"Mesquite Solar 4, LLC",AZ,1457.626952017729
2030,1,p28,WeRecycleSolar,404922,"Mesquite Solar 5, LLC",AZ,2229.0920595711864
2030,1,p28,WeRecycleSolar,403572,OE_AZ1,AZ,3635.382907656389
2030,1,p28,WeRecycleSolar,400203,Paloma Solar Hybrid,AZ,2314.5196761583707
2030,1,p28,WeRecycleSolar,405126,Paradise Valley H.S. PV,AZ,12506.90703957855
2030,1,p28,WeRecycleSolar,405150,Phoenix Airport East Economy Lot,AZ,11306.37543427323
2030,1,p28,WeRecycleSolar,405151,Phoenix Airport Rental Car Center,AZ,1151.009174219412
2030,1,p28,FabTechSolar,402528,Pinal Central Energy Center Hybrid,AZ,2141.66328625515
2030,1,p28,FabTechSolar,400125,"Poseidon Solar, LLC",AZ,2540.830557227369
2030,1,p28,WeRecycleSolar,400031,Prescott Airport,AZ,22121.07280840267
2030,1,p28,WeRecycleSolar,400401,Prescott Solar Plant,AZ,6725.2058029870905
2030,1,p28,FabTechSolar,400323,Queen Creek Solar Farm,AZ,961.359670034541
2030,1,p28,WeRecycleSolar,400289,"RE Bagdad Solar I, LLC",AZ,5434.135601768823
2030,1,p28,WeRecycleSolar,405132,"RE Gillespie 1, LLC",AZ,3512.498056896678
2030,1,p28,FabTechSolar,406380,SR McNeal,AZ,6760.420621859129
2030,1,p28,WeRecycleSolar,400416,Saddle Mountain Solar I,AZ,5206.987654470704
2030,1,p28,FabTechSolar,403674,Saint Solar,AZ,651.0774103305936
2030,1,p28,FabTechSolar,401214,Sandstone Solar,AZ,817.0222713655323
2030,1,p28,WeRecycleSolar,405029,Solana Generating Station,AZ,569.2661940151587
2030,1,p28,WeRecycleSolar,406275,Sonoran Solar Energy,AZ,446.42120850204344
2030,1,p28,FabTechSolar,406034,Storey Solar and Storage,AZ,592.650060603587
2030,1,p28,WeRecycleSolar,403643,Sun Streams 2,AZ,1055.4819602654316
2030,1,p28,WeRecycleSolar,406517,Sun Streams 3,AZ,849.3473008636342
2030,1,p28,WeRecycleSolar,401975,"Sun Streams, LLC",AZ,526.339453753632
2030,1,p28,WeRecycleSolar,405311,T0588 Phoenix - AZ,AZ,8024.567575598347
2030,1,p28,FabTechSolar,405134,Union HS at Casa Grande,AZ,17190.763163767984
2030,1,p28,FabTechSolar,405135,Vista Grande HS at Casa Grande,AZ,14954.957578443607
2030,1,p28,FabTechSolar,406098,"West Line Solar, LLC",AZ,546.7855059668431
2030,1,p29,FabTechSolar,400014,Springerville,AZ,2531.6085812833885
2030,1,p30,FabTechSolar,405143,Actus Lend Lease DMAFB,AZ,38875.0809981901
2030,1,p30,FabTechSolar,405611,Amazon TUS2,AZ,23846.66134739231
2030,1,p30,FabTechSolar,400939,Avalon Solar,AZ,2548.4242889494076
2030,1,p30,FabTechSolar,401479,Avalon Solar II,AZ,4265.283987214928
2030,1,p30,FabTechSolar,400226,Avra Valley Solar,AZ,3692.7834831041678
2030,1,p30,FabTechSolar,404704,Broadway 2 - Tucson Phase II,AZ,33167.050146710695
2030,1,p30,FabTechSolar,405269,Canyon Del Oro High School Solar,AZ,22793.11194059058
2030,1,p30,FabTechSolar,401295,Davis Monthan AFB (AZ) West Airfield,AZ,9646.544464023817
2030,1,p30,FabTechSolar,400761,"Gato Montes Solar, LLC",AZ,8698.256302800852
2030,1,p30,FabTechSolar,404536,Iron Horse Battery Storage Hybrid,AZ,31574.130937182097
2030,1,p30,FabTechSolar,400552,"Picture Rocks Solar, LLC",AZ,954.7327038345377
2030,1,p30,FabTechSolar,405374,Pima Community College,AZ,109762.07276529254
2030,1,p30,FabTechSolar,405303,Pima Community College - East Campus,AZ,44486.43068270679
2030,1,p30,FabTechSolar,405516,Pima Community College NW,AZ,25686.769210690723
2030,1,p30,FabTechSolar,404926,Raptor Ridge,AZ,2782.838892472902
2030,1,p30,FabTechSolar,400857,Rio Rico Solar,AZ,28031.636042898717
2030,1,p30,FabTechSolar,401076,Tech Park Solar,AZ,24887.87257278466
2030,1,p30,FabTechSolar,400156,UASTP I,AZ,52558.36134491955
2030,1,p30,FabTechSolar,401075,Valencia Solar,AZ,4807.973227866043
2030,1,p30,FabTechSolar,404187,"Wilmot Energy Center, LLC",AZ,887.5548083036151
2030,1,p31,SolarCycle,400211,Alamogordo Solar Energy Center,NM,153057.08893250942
2030,1,p31,FabTechSolar,400206,Albuquerque Solar Energy Center,NM,270895.3224345564
2030,1,p31,SolarCycle,403675,Alcalde Solar Array,NM,168269.49860229663
2030,1,p31,FabTechSolar,401595,Alta Luna,NM,30742.944660810706
2030,1,p31,FabTechSolar,405469,Arroyo Solar Energy Storage Hybrid,NM,2083.5684064884726
2030,1,p31,FabTechSolar,403321,Bluewater CDEC 1,NM,90023.58135772472
2030,1,p31,SolarCycle,402876,CNMEC Solar Energy Center,NM,164473.36715174498
2030,1,p31,SolarCycle,402519,Carrizozo Solar,NM,258538.52178546044
2030,1,p31,FabTechSolar,401202,Cibola,NM,129169.43413144205
2030,1,p31,FabTechSolar,402988,City of Gallup Solar,NM,48718.78086749754
2030,1,p31,FabTechSolar,403604,City of Rio Rancho WWTP,NM,291071.7030195584
2030,1,p31,FabTechSolar,401225,City of Truth or Consequences PV,NM,152894.7901061797
2030,1,p31,FabTechSolar,400209,Deming Solar Energy Center,NM,30911.615447834705
2030,1,p31,FabTechSolar,403868,Encino Solar Energy Center,NM,19584.995484198032
2030,1,p31,FabTechSolar,401038,Eubank Landfill Solar Array,NM,542515.6632704495
2030,1,p31,FabTechSolar,402443,Facebook 3 Solar Energy Center,NM,103144.5323288108
2030,1,p31,FabTechSolar,403322,Grants CDEC 2,NM,193861.91051376602
2030,1,p31,SolarCycle,401617,Holloman Solar Facility,NM,153496.00634897448
2030,1,p31,FabTechSolar,406109,"Jicarilla Solar 1, LLC",NM,11346.416821819408
2030,1,p31,SolarCycle,400427,Kit Carson,NM,254505.67056327924
2030,1,p31,FabTechSolar,400207,Los Lunas Solar Energy Center,NM,146678.48050093843
2030,1,p31,FabTechSolar,400838,Macho Springs,NM,8532.348612481312
2030,1,p31,FabTechSolar,400582,Manzano Solar,NM,65333.72564033912
2030,1,p31,SolarCycle,401201,Meadow Lake Solar Energy Center,NM,39044.38580368248
2030,1,p31,SolarCycle,405693,NMSU Solar and Storage,NM,57844.738681047944
2030,1,p31,FabTechSolar,406375,OE_ESCL,NM,4696.511720475999
2030,1,p31,SolarCycle,400581,Otero Solar,NM,100535.24151650231
2030,1,p31,SolarCycle,400146,Questa Solar Facility,NM,643152.7850904518
2030,1,p31,FabTechSolar,403178,"RC Energy AA, LLC Solar Facility",NM,545319.1261258712
2030,1,p31,FabTechSolar,401566,Rio Communities Solar Energy Center,NM,51555.509292478266
2030,1,p31,FabTechSolar,403084,Rio De Oro Solar Energy Center,NM,26130.827326654304
2030,1,p31,FabTechSolar,400624,Rio Rancho High School,NM,1079645.160885892
2030,1,p31,FabTechSolar,404648,"Route 66 Energy Center, LLC",NM,4947.307494566625
2030,1,p31,SolarCycle,403387,San Miguel I Solar Energy Center,NM,34707.29930111006
2030,1,p31,SolarCycle,405458,San Miguel II Solar Energy Center,NM,51882.07960839066
2030,1,p31,FabTechSolar,401161,Sandoval Solar Energy Center,NM,86937.97454812616
2030,1,p31,FabTechSolar,401565,Santolina Solar Energy Center,NM,32863.62197012177
2030,1,p31,FabTechSolar,406343,Sky Ranch Solar,NM,5736.500846232241
2030,1,p31,FabTechSolar,401563,South Valley Solar Energy Center,NM,104747.91761946378
2030,1,p31,SolarCycle,401162,Springer Solar 1,NM,631605.1176380444
2030,1,p31,SolarCycle,400735,Storrie Lake Solar Project,NM,115390.88251634598
2030,1,p31,FabTechSolar,400623,Sue Cleveland High School,NM,1088715.3917267942
2030,1,p31,SolarCycle,400343,"SunE EPE1, LLC",NM,78460.3321147337
2030,1,p31,SolarCycle,402854,Syncarpha Eagle Nest,NM,244611.03362818045
2030,1,p31,SolarCycle,403412,Syncarpha El Rito,NM,397195.581033195
2030,1,p31,SolarCycle,403413,Syncarpha Questa,NM,407528.8971645891
2030,1,p31,SolarCycle,403411,Syncarpha Taos,NM,394554.9657408159
2030,1,p31,SolarCycle,404618,Taos Mesa Energy Facility Hybrid,NM,82685.2454016005
2030,1,p31,FabTechSolar,403011,Vista Solar Energy Center,NM,104198.40427946765
2030,1,p31,FabTechSolar,405245,Wal-Mart Truth or Consequences PV,NM,219559.13596315484
2030,1,p47,SolarCycle,400979,"Caprock Solar 1, LLC",NM,27618.83581383996
2030,1,p47,SolarCycle,401681,"Chaves Solar, LLC",NM,7344.3085518845455
2030,1,p47,SolarCycle,400614,GSE NM1,NM,130460.77901034085
2030,1,p47,SolarCycle,404982,Hayhurst New Mexico Solar,NM,3564.4684238094073
2030,1,p47,SolarCycle,402530,Middle Daisy,NM,19783.963479441667
2030,1,p47,SolarCycle,400546,SEV NM Phase 2,NM,347955.43606739846
2030,1,p47,SolarCycle,400260,SPS1 Dollarhide,NM,5332.362959562723
2030,1,p47,SolarCycle,400261,SPS2 Jal,NM,16390.405905565363
2030,1,p47,SolarCycle,400262,SPS3 Lea,NM,5083.863141887738
2030,1,p47,SolarCycle,400264,SPS5 Hopi,NM,11880.037422865054
2030,1,p47,SolarCycle,404698,SoCore Clovis 1,NM,274753.2771240053
2030,1,p48,SolarCycle,406439,"BESSP1, LLC",TX,14045.913057325286
2030,1,p48,SolarCycle,405590,"Hecate Energy Frye Solar, LLC",TX,735.9684396789487
2030,1,p57,OkonRecycling,404918,"Hecate Energy Upshur Rural, LLC",TX,11836.24172191229
2030,1,p59,SolarCycle,402666,Fort Bliss (DEA EPIC),TX,50848.50661778687
2030,1,p59,SolarCycle,401616,Montana Solar Facility,TX,32710.3513808147
2030,1,p59,SolarCycle,401045,Newman Solar,TX,6955.007974793751
2030,1,p60,SolarCycle,403962,"ANSON Solar Center, LLC",TX,1405.0372338794084
2030,1,p60,OkonRecycling,403883,Azure Sky Solar,TX,865.7439561953948
2030,1,p60,SolarCycle,403232,"ENGIE Long Draw Solar, LLC",TX,1269.1395521911663
2030,1,p60,SolarCycle,406252,Highpeak Solar 1,TX,20408.595772013487
2030,1,p60,SolarCycle,402721,Holstein 1 Solar Farm,TX,806.7181380115951
2030,1,p60,SolarCycle,405492,Juno Solar Project,TX,618.7098958690036
2030,1,p60,SolarCycle,402541,Lamesa II,TX,1242.1318888427031
2030,1,p60,SolarCycle,401660,Lamesa Solar,TX,951.2322106585876
2030,1,p60,SolarCycle,405932,Lumina II Solar Project,TX,1327.272966477023
2030,1,p60,SolarCycle,405933,Lumina Solar Project,TX,831.550627095515
2030,1,p60,SolarCycle,402909,Misae Solar,TX,1560.0569442467904
2030,1,p60,OkonRecycling,400968,"OCI Alamo 7, LLC",TX,1712.0900925586982
2030,1,p60,SolarCycle,405939,Texas Solar Nova 1,TX,841.6844809398419
2030,1,p61,SolarCycle,400967,Alamo 6,TX,997.6758821540338
2030,1,p61,SolarCycle,403557,Aragorn Solar Project,TX,778.4518754732015
2030,1,p61,SolarCycle,400691,Barilla Solar,TX,1449.6038668759636
2030,1,p61,SolarCycle,401946,Bluebell Solar,TX,1068.9880479004337
2030,1,p61,SolarCycle,403574,Bluebell Solar II,TX,616.8618774138711
2030,1,p61,SolarCycle,400554,"Bryan Solar, LLC",TX,11211.473793513791
2030,1,p61,SolarCycle,401463,Buckthorn Westex,TX,507.740386511818
2030,1,p61,SolarCycle,401703,East Pecos Solar,TX,580.2655601509324
2030,1,p61,SolarCycle,405363,Galloway 1 Solar Farm,TX,735.4333323504986
2030,1,p61,SolarCycle,405494,Galloway 2 Solar Farm,TX,1900.16121550756
2030,1,p61,SolarCycle,403210,Greasewood,TX,481.71928761353826
2030,1,p61,SolarCycle,406370,Hayhurst Texas Solar,TX,2662.1955568248045
2030,1,p61,SolarCycle,402304,Midway Solar-TX,TX,581.4503370995301
2030,1,p61,SolarCycle,400695,"OCI Alamo 4, LLC",TX,1877.640307836818
2030,1,p61,SolarCycle,401868,Pearl Solar,TX,827.7424381916042
2030,1,p61,SolarCycle,402290,RE Maplewood,TX,533.4752410076148
2030,1,p61,SolarCycle,401430,RE Roserock,TX,544.6585936750258
2030,1,p61,SolarCycle,402848,Rambler,TX,593.8979965577537
2030,1,p61,SolarCycle,402083,Solaire Holman Solar Project,TX,2986.9216437946966
2030,1,p61,SolarCycle,403023,"Taygete Energy Project, LLC",TX,495.07426548116405
2030,1,p61,SolarCycle,404647,Taygete II Energy Project,TX,517.4901870433747
2030,1,p61,SolarCycle,403551,Titan Solar Project,TX,663.7151205554982
2030,1,p61,SolarCycle,406103,Zier Solar,TX,1840.633829373168
2030,1,p62,SolarCycle,403502,2W Permian Solar Project Hybrid,TX,433.7414186278956
2030,1,p62,SolarCycle,403697,CED Crane Solar,TX,626.6392451289539
2030,1,p62,SolarCycle,401525,Castle Gap Solar Hybrid,TX,476.88483169378276
2030,1,p62,SolarCycle,404599,Emerald Grove,TX,602.6934200379139
2030,1,p62,SolarCycle,403004,Lapetus,TX,595.2687210369656
2030,1,p62,SolarCycle,403280,Oberon IA,TX,460.4577359253934
2030,1,p62,SolarCycle,403279,Oberon IB,TX,705.6864834810696
2030,1,p62,SolarCycle,403602,Oxy Renewable Energy-Goldsmith,TX,1347.333240345613
2030,1,p62,SolarCycle,402679,Phoebe Solar,TX,449.40883400314704
2030,1,p62,SolarCycle,403177,Prospero Solar,TX,448.09273791700514
2030,1,p62,SolarCycle,404128,Prospero Solar II,TX,686.5027782387685
2030,1,p62,SolarCycle,403070,"Roadrunner, LLC",TX,461.787263346407
2030,1,p62,SolarCycle,401805,Upton County Solar,TX,463.9560128223676
2030,1,p62,SolarCycle,402995,West of the Pecos Solar,TX,525.0974932589073
2030,1,p63,OkonRecycling,405599,"BPL Crown Solar, LLC",TX,2805.75833592915
2030,1,p63,OkonRecycling,404966,BPL Files Solar,TX,615.3008188307986
2030,1,p63,OkonRecycling,403825,Briar Creek Solar 1,TX,715.9891574520015
2030,1,p63,OkonRecycling,401697,CoServ Community Solar Station,TX,8753.146812195659
2030,1,p63,OkonRecycling,403188,Coniglio Solar,TX,691.6253527883813
2030,1,p63,OkonRecycling,406415,Dileo Solar,TX,3052.1006185442957
2030,1,p63,OkonRecycling,402655,Eddy II,TX,8754.477828237148
2030,1,p63,OkonRecycling,406221,Eiffel Solar Project,TX,1329.4526419099939
2030,1,p63,OkonRecycling,405540,"Ellis Solar, LLC",TX,652.6520701206546
2030,1,p63,OkonRecycling,403823,Elm Branch Solar 1,TX,734.0136074696918
2030,1,p63,OkonRecycling,406206,Five Wells Solar Center - Hybrid,TX,606.8696173449404
2030,1,p63,OkonRecycling,404567,G.S.E. One LLC,TX,842.5470091685802
2030,1,p63,OkonRecycling,403288,Griffin Solar,TX,44040.9635622985
2030,1,p63,OkonRecycling,406202,Grizzly Ridge Solar,TX,1690.0037596348482
2030,1,p63,OkonRecycling,402329,Highway 56 Solar,TX,5580.588941510206
2030,1,p63,OkonRecycling,405319,IKEA Grand Prairie Rooftop PV System,TX,3119.9825887652287
2030,1,p63,OkonRecycling,405689,"IP Radian, LLC",TX,699.7553613630546
2030,1,p63,OkonRecycling,403481,Impact Solar 1,TX,972.967243442479
2030,1,p63,OkonRecycling,403190,Kellam Solar,TX,3050.2291196691776
2030,1,p63,OkonRecycling,402421,Leon Solar,TX,2897.127640331544
2030,1,p63,OkonRecycling,403874,Lily Solar Hybrid,TX,551.8247588382156
2030,1,p63,OkonRecycling,402404,Marlin Solar,TX,15743.160862118055
2030,1,p63,OkonRecycling,405794,Noble Solar,TX,503.67873853694687
2030,1,p63,OkonRecycling,402405,North Gainesville Solar,TX,3295.4185744788683
2030,1,p63,OkonRecycling,401933,Phantom Solar,TX,10378.452438594702
2030,1,p63,OkonRecycling,404872,"Pisgah Ridge Solar, LLC",TX,707.2430200613384
2030,1,p63,OkonRecycling,406416,Pitts Dudik Solar,TX,3327.8694758774063
2030,1,p63,OkonRecycling,403189,Rippey Solar,TX,2674.4939416010347
2030,1,p63,OkonRecycling,404630,"Samson Solar Energy III, LLC",TX,710.2767342029025
2030,1,p63,OkonRecycling,402652,Sterling Solar (TX),TX,2548.520650935641
2030,1,p63,OkonRecycling,403457,"TPE Whitney Solar, LLC",TX,5556.484586374313
2030,1,p63,OkonRecycling,405361,Toyota HQ Plan,TX,1326.4381183149162
2030,1,p63,OkonRecycling,405907,Verizon Hidden Ridge Solar Project,TX,1273.8197984445649
2030,1,p63,OkonRecycling,405984,Waco Solar,TX,837.4911517933107
2030,1,p63,OkonRecycling,402306,Walnut Springs Solar,TX,35268.56518616761
2030,1,p63,OkonRecycling,402497,West Moore Solar II,TX,7366.150911900336
2030,1,p63,OkonRecycling,402330,Whitesboro Solar,TX,4970.490846875757
2030,1,p63,OkonRecycling,402331,Whitesboro Solar II,TX,3857.843225642954
2030,1,p63,OkonRecycling,402414,Whitewright Solar,TX,2282.926863025384
2030,1,p63,OkonRecycling,402654,Yellow Jacket,TX,18431.02494691618
2030,1,p64,OkonRecycling,404721,"Blue Jay Solar I, LLC",TX,1516.9504274256237
2030,1,p64,OkonRecycling,402389,"E-Volve Energy Holdings, LLC",TX,209665.70556013507
2030,1,p64,OkonRecycling,400227,East Blackland Solar Project 1,TX,1310.234734924033
2030,1,p64,OkonRecycling,405101,IKEA Round Rock 027,TX,182009.59163579985
2030,1,p64,SolarCycle,402653,Lampwick,TX,38075.10607559654
2030,1,p64,OkonRecycling,405613,Niagara Bottling - Seguin,TX,37391.999038444425
2030,1,p64,OkonRecycling,400249,Webberville Solar Project,TX,2757.6293481715516
2030,1,p65,OkonRecycling,405700,Aktina Solar,TX,4365.914163834003
2030,1,p65,OkonRecycling,405727,Bernard Creek Solar,TX,4368.1286337362635
2030,1,p65,OkonRecycling,405477,Brightside,TX,47571.684450070636
2030,1,p65,OkonRecycling,401728,CPS 1 Community Solar,TX,651422.921582718
2030,1,p65,OkonRecycling,402656,Cascade Solar (TX),TX,196105.53150913323
2030,1,p65,SolarCycle,404247,"Corazon Energy, LLC",TX,13845.198046124246
2030,1,p65,SolarCycle,404062,Elara Solar,TX,17105.116562135543
2030,1,p65,OkonRecycling,404361,FELPS 2-Calaveras,TX,2028235.853657298
2030,1,p65,OkonRecycling,404739,FELPS 6- Floresville West,TX,688436.1105346002
2030,1,p65,OkonRecycling,404740,FELPS 7- Floresville West,TX,1032120.8542410202
2030,1,p65,OkonRecycling,406516,Ganado Solar,TX,13546.090829473078
2030,1,p65,SolarCycle,405801,Horizon Solar,TX,2575.862974225378
2030,1,p65,OkonRecycling,405380,IKEA Live Oak Rooftop PV System,TX,275007.670941764
2030,1,p65,SolarCycle,403343,Mars Solar,TX,290293.2685038396
2030,1,p65,OkonRecycling,404877,Nebula Solar,TX,9357.419388826722
2030,1,p65,OkonRecycling,400694,"OCI Alamo 2, LLC",TX,145485.23947618835
2030,1,p65,OkonRecycling,400965,"OCI Alamo 3, LLC",TX,115811.60434383551
2030,1,p65,SolarCycle,400966,"OCI Alamo 5, LLC",TX,4351.462119469724
2030,1,p65,OkonRecycling,400593,OCI Alamo Solar I Hybrid,TX,25381.029673728473
2030,1,p65,SolarCycle,405809,Shakes Solar,TX,5749.901117182071
2030,1,p65,OkonRecycling,405545,Sparta Solar,TX,9724.832024946561
2030,1,p65,OkonRecycling,400379,"SunE CPS1, LLC",TX,69218.6477343697
2030,1,p65,OkonRecycling,400353,"SunE CPS3, LLC",TX,49860.39862893886
2030,1,p65,OkonRecycling,406032,Tres Bahias,TX,6014.50440917841
2030,1,p67,OkonRecycling,404939,Brazoria County Solar Project (Danciger),TX,2063.8638687874254
2030,1,p67,OkonRecycling,404681,Brazoria West,TX,1526.5008046574872
2030,1,p67,OkonRecycling,404587,Fighting Jays Solar Project,TX,1112.3278749113229
2030,1,p67,OkonRecycling,405564,"Fort Bend Solar, LLC",TX,2919.4041803538844
2030,1,p67,OkonRecycling,403514,Wagyu,TX,2262.53710428622
2030,2,p12,ComstockMetals,402144,Battle Mountain Solar Project,NV,1512.1378662229645
2030,2,p12,ComstockMetals,405025,Brady,NV,668.7922061845336
2030,2,p12,ComstockMetals,405553,Dodge Flat,NV,423.4778841840287
2030,2,p12,ComstockMetals,402609,"EGP Stillwater Solar PV II, LLC",NV,870.4267079737313
2030,2,p12,ComstockMetals,404659,Fish Springs,NV,493.4479452282607
2030,2,p12,ComstockMetals,401086,Ft. Churchill PV,NV,543.7911398993351
2030,2,p12,ComstockMetals,405028,Galena 2 Geothermal Power Plant,NV,1131.5477336606816
2030,2,p12,ComstockMetals,402130,Luning Energy,NV,1651.7019401489472
2030,2,p12,ComstockMetals,400468,"Patua Acquisition Project, LLC",NV,941.5425277338009
2030,2,p12,ComstockMetals,405021,Steamboat Hills LP,NV,1503.499934015957
2030,2,p12,ComstockMetals,405023,Steamboat II,NV,880.3993350297118
2030,2,p12,ComstockMetals,405024,Steamboat III,NV,787.1637602785164
2030,2,p12,ComstockMetals,400029,Stillwater Facility,NV,1703.8361525019793
2030,2,p12,ComstockMetals,401318,Sunshine Valley Solar,NV,1354.2149167563148
2030,2,p12,ComstockMetals,405026,TS Power Plant,NV,1719.0470690644954
2030,2,p12,ComstockMetals,405576,Tesla Reno GigaFactory,NV,812.6303536294997
2030,2,p12,ComstockMetals,401943,Tungsten Mountain,NV,9288.167215054147
2030,2,p12,ComstockMetals,403308,Turquoise Liberty Solar,NV,773.3720414881927
2030,2,p12,ComstockMetals,403884,"Turquoise Nevada, LLC",NV,456.02599383871063
2030,2,p12,ComstockMetals,400035,Western 102 Power Plant,NV,1953.9616426336656
2030,2,p13,WeRecycleSolar,400555,Apex Solar PV Power Project,NV,10048.786461103286
2030,2,p13,WeRecycleSolar,405385,Arrow Canyon Solar Hybrid,NV,888.3776384130648
2030,2,p13,WeRecycleSolar,402017,"Boulder Solar II, LLC",NV,7277.395856221387
2030,2,p13,WeRecycleSolar,401649,"Boulder Solar Power, LLC",NV,3849.254109422305
2030,2,p13,WeRecycleSolar,400059,CM10,NV,17525.74178816259
2030,2,p13,WeRecycleSolar,400086,CM48,NV,3962.355338217819
2030,2,p13,WeRecycleSolar,400363,Copper Mountain Solar 2,NV,2615.8308994672825
2030,2,p13,WeRecycleSolar,403688,"Copper Mountain Solar 5, LLC",NV,1081.3455500204375
2030,2,p13,WeRecycleSolar,405358,Dignity - San Martin,NV,111614.71626472985
2030,2,p13,WeRecycleSolar,405355,Dignity - Siena Campus,NV,130776.74391771444
2030,2,p13,WeRecycleSolar,405556,Dry Lake Solar Energy Center,NV,1041.3868292103314
2030,2,p13,WeRecycleSolar,405495,Gemini Solar,NV,813.1883736482514
2030,2,p13,WeRecycleSolar,406090,IGS LAS1,NV,73292.249164042
2030,2,p13,WeRecycleSolar,405309,IKEA Las Vegas 462,NV,379901.0460913777
2030,2,p13,WeRecycleSolar,400545,Las Vegas WPCF Solar Plant,NV,56466.3139099639
2030,2,p13,WeRecycleSolar,400313,Moapa Southern Paiute,NV,1945.9240385215446
2030,2,p13,WeRecycleSolar,400600,Mountain View Solar,NV,19642.199090077705
2030,2,p13,WeRecycleSolar,401319,"Playa Solar 1, LLC",NV,2825.9485069258126
2030,2,p13,WeRecycleSolar,401274,River Mountains Solar,NV,12771.688207243149
2030,2,p13,WeRecycleSolar,400166,Silver State Solar Power North,NV,2670.2578633627445
2030,2,p13,WeRecycleSolar,405246,"Solar Las Vegas MB 2, LLC",NV,83634.02768977378
2030,2,p13,WeRecycleSolar,405188,Solar Las Vegas MB-1,NV,19521.99218390765
2030,2,p13,WeRecycleSolar,402485,"Techren Solar I, LLC",NV,2128.528716693606
2030,2,p13,WeRecycleSolar,402690,"Techren Solar II, LLC",NV,2129.9665453235743
2030,2,p13,WeRecycleSolar,402691,"Techren Solar III, LLC",NV,14206.187645171354
2030,2,p13,WeRecycleSolar,402692,"Techren Solar IV, LLC",NV,14260.400240241706
2030,2,p13,WeRecycleSolar,403001,Techren Solar V,NV,7329.957794258675
2030,2,p13,WeRecycleSolar,401851,Townsite Solar Project Hybrid,NV,2571.66648334559
2030,2,p13,WeRecycleSolar,406448,Yellow Pine II,NV,7270.776335321347
2030,2,p13,WeRecycleSolar,404971,Yellow Pine Solar,NV,1493.204152861158
2030,2,p27,WeRecycleSolar,400374,"Black Mountain Solar, LLC",AZ,3699.0160153658203
2030,2,p27,WeRecycleSolar,402236,Gray Hawk Solar,AZ,1072.028632370796
2030,2,p27,WeRecycleSolar,401819,Jacobson 5 MW Solar,AZ,14559.20078113553
2030,2,p27,WeRecycleSolar,401311,Mohave Electric at Fort Mohave,AZ,5335.363932588301
2030,2,p27,WeRecycleSolar,406478,Mohave Energy - Hybrid,AZ,4102.012542767287
2030,2,p28,WeRecycleSolar,405418,AZ State University - Tempe Campus Solar,AZ,2101.6420041154656
2030,2,p28,WeRecycleSolar,400148,Agua Caliente Solar Project,AZ,546.4009528671528
2030,2,p28,WeRecycleSolar,400274,Arizona Western College PV,AZ,38272.10288436066
2030,2,p28,WeRecycleSolar,400240,Arlington Valley Solar Energy II,AZ,650.8916184759871
2030,2,p28,FabTechSolar,401688,Bonnybrooke PV,AZ,685.602440349952
2030,2,p28,WeRecycleSolar,400371,Buckeye Union HS District 201,AZ,13072.14574112238
2030,2,p28,FabTechSolar,405635,"Central Line Solar, LLC",AZ,517.6740252502439
2030,2,p28,WeRecycleSolar,400201,Chino Solar Valley,AZ,2687.908661517785
2030,2,p28,WeRecycleSolar,401069,Desert Star Hybrid,AZ,1134.778958801707
2030,2,p28,FabTechSolar,403257,East Line Solar,AZ,557.3076054460669
2030,2,p28,FabTechSolar,406171,Eleven Mile Solar Center,AZ,449.24650529386537
2030,2,p28,WeRecycleSolar,405244,Estrella Mountain PV,AZ,13195.039806664829
2030,2,p28,WeRecycleSolar,400349,Foothills Solar Plant Hybrid,AZ,6084.275507002431
2030,2,p28,FabTechSolar,400825,Fort Huachuca Solar PV Project,AZ,6359.363769438236
2030,2,p28,WeRecycleSolar,400845,Gila Bend Hybrid,AZ,2459.2242042519842
2030,2,p28,FabTechSolar,400599,"Gilbert Solar Facility I, LLC",AZ,3501.6840335201086
2030,2,p28,WeRecycleSolar,400204,Hyder Solar Hybrid,AZ,3966.711337683162
2030,2,p28,FabTechSolar,405282,Intel - Ocotillo Campus Solar,AZ,1152.7953811046611
2030,2,p28,WeRecycleSolar,405125,Jewish Community Center PV,AZ,9383.851713589802
2030,2,p28,WeRecycleSolar,400128,Luke Solar,AZ,1592.7255779080015
2030,2,p28,WeRecycleSolar,405068,Macys Goodyear,AZ,5007.665041537121
2030,2,p28,WeRecycleSolar,406279,McFarland A Solar and Storage,AZ,717.3486747056472
2030,2,p28,FabTechSolar,405617,Mesa Carport PV,AZ,3876.116200928644
2030,2,p28,FabTechSolar,404512,Mesa Solar Array,AZ,4373.182731997559
2030,2,p28,WeRecycleSolar,400250,Mesquite Solar 1,AZ,469.70674270219666
2030,2,p28,WeRecycleSolar,401621,"Mesquite Solar 2, LLC",AZ,754.9680340192413
2030,2,p28,WeRecycleSolar,401622,"Mesquite Solar 3, LLC",AZ,559.4311846938376
2030,2,p28,WeRecycleSolar,406038,"Mesquite Solar 4, LLC",AZ,1078.6069208684826
2030,2,p28,WeRecycleSolar,404922,"Mesquite Solar 5, LLC",AZ,1573.6033467779735
2030,2,p28,WeRecycleSolar,403572,OE_AZ1,AZ,2475.9240567825623
2030,2,p28,WeRecycleSolar,405150,Phoenix Airport East Economy Lot,AZ,3898.9378046616525
2030,2,p28,WeRecycleSolar,405151,Phoenix Airport Rental Car Center,AZ,1363.742503514555
2030,2,p28,FabTechSolar,402528,Pinal Central Energy Center Hybrid,AZ,2635.0125582947085
2030,2,p28,FabTechSolar,400125,"Poseidon Solar, LLC",AZ,1773.6246317944338
2030,2,p28,WeRecycleSolar,400031,Prescott Airport,AZ,42210.783022357704
2030,2,p28,WeRecycleSolar,400401,Prescott Solar Plant,AZ,4458.452203431154
2030,2,p28,FabTechSolar,400323,Queen Creek Solar Farm,AZ,760.1861284407788
2030,2,p28,WeRecycleSolar,405132,"RE Gillespie 1, LLC",AZ,2397.0772478615736
2030,2,p28,FabTechSolar,400758,Red Horse 2,AZ,3484.977345427092
2030,2,p28,WeRecycleSolar,400416,Saddle Mountain Solar I,AZ,6568.63079109295
2030,2,p28,FabTechSolar,403674,Saint Solar,AZ,561.0992117769146
2030,2,p28,FabTechSolar,401214,Sandstone Solar,AZ,801.362028877552
2030,2,p28,WeRecycleSolar,405029,Solana Generating Station,AZ,481.454909863503
2030,2,p28,WeRecycleSolar,406275,Sonoran Solar Energy,AZ,459.5706327348538
2030,2,p28,FabTechSolar,406034,Storey Solar and Storage,AZ,585.4155629003892
2030,2,p28,WeRecycleSolar,406517,Sun Streams 3,AZ,688.3154477652938
2030,2,p28,WeRecycleSolar,401975,"Sun Streams, LLC",AZ,535.1056525371798
2030,2,p28,WeRecycleSolar,405311,T0588 Phoenix - AZ,AZ,3661.442556570887
2030,2,p28,FabTechSolar,405134,Union HS at Casa Grande,AZ,7582.323324784517
2030,2,p28,FabTechSolar,405135,Vista Grande HS at Casa Grande,AZ,28416.76411565228
2030,2,p28,FabTechSolar,406098,"West Line Solar, LLC",AZ,494.18222563470744
2030,2,p29,FabTechSolar,400014,Springerville,AZ,4094.256719123508
2030,2,p30,FabTechSolar,405143,Actus Lend Lease DMAFB,AZ,13295.14207205796
2030,2,p30,FabTechSolar,405611,Amazon TUS2,AZ,16116.563622271591
2030,2,p30,FabTechSolar,400939,Avalon Solar,AZ,1840.1132222887818
2030,2,p30,FabTechSolar,400226,Avra Valley Solar,AZ,1135.730066067983
2030,2,p30,FabTechSolar,404704,Broadway 2 - Tucson Phase II,AZ,4792.825236094587
2030,2,p30,FabTechSolar,405269,Canyon Del Oro High School Solar,AZ,15410.357479065304
2030,2,p30,FabTechSolar,401295,Davis Monthan AFB (AZ) West Airfield,AZ,3499.031930427829
2030,2,p30,FabTechSolar,400761,"Gato Montes Solar, LLC",AZ,5962.415527078479
2030,2,p30,FabTechSolar,404536,Iron Horse Battery Storage Hybrid,AZ,42192.74865483045
2030,2,p30,FabTechSolar,400552,"Picture Rocks Solar, LLC",AZ,824.9641566810305
2030,2,p30,FabTechSolar,405374,Pima Community College,AZ,24835.546835617693
2030,2,p30,FabTechSolar,405303,Pima Community College - East Campus,AZ,29951.635622556954
2030,2,p30,FabTechSolar,405516,Pima Community College NW,AZ,51250.026519326115
2030,2,p30,FabTechSolar,404926,Raptor Ridge,AZ,2529.6586608673624
2030,2,p30,FabTechSolar,400857,Rio Rico Solar,AZ,9660.8998658986
2030,2,p30,FabTechSolar,401076,Tech Park Solar,AZ,5871.499780743177
2030,2,p30,FabTechSolar,400156,UASTP I,AZ,17881.171250038766
2030,2,p30,FabTechSolar,401075,Valencia Solar,AZ,9264.143681854925
2030,2,p30,FabTechSolar,404187,"Wilmot Energy Center, LLC",AZ,726.8135301020341
2030,2,p31,SolarCycle,400211,Alamogordo Solar Energy Center,NM,82586.49154980127
2030,2,p31,FabTechSolar,400206,Albuquerque Solar Energy Center,NM,97484.96206316332
2030,2,p31,SolarCycle,403675,Alcalde Solar Array,NM,90776.44582916543
2030,2,p31,FabTechSolar,401595,Alta Luna,NM,16735.829422663242
2030,2,p31,FabTechSolar,405469,Arroyo Solar Energy Storage Hybrid,NM,1306.388177456665
2030,2,p31,FabTechSolar,403321,Bluewater CDEC 1,NM,64734.583812884084
2030,2,p31,SolarCycle,404981,Buena Vista Energy Center,NM,3898.770373908709
2030,2,p31,SolarCycle,402876,CNMEC Solar Energy Center,NM,132899.06536203466
2030,2,p31,SolarCycle,402519,Carrizozo Solar,NM,35143.71807387608
2030,2,p31,FabTechSolar,401202,Cibola,NM,14265.203488578656
2030,2,p31,FabTechSolar,402988,City of Gallup Solar,NM,17742.359066465
2030,2,p31,FabTechSolar,403604,City of Rio Rancho WWTP,NM,235134.79971714455
2030,2,p31,FabTechSolar,401225,City of Truth or Consequences PV,NM,123548.67130727724
2030,2,p31,FabTechSolar,403868,Encino Solar Energy Center,NM,3842.896058241372
2030,2,p31,FabTechSolar,401038,Eubank Landfill Solar Array,NM,146330.28299553637
2030,2,p31,FabTechSolar,403322,Grants CDEC 2,NM,104554.71554470365
2030,2,p31,FabTechSolar,400216,"Hatch Solar Energy Center I, LLC",NM,48303.57766290421
2030,2,p31,SolarCycle,401617,Holloman Solar Facility,NM,41611.396470658095
2030,2,p31,FabTechSolar,406109,"Jicarilla Solar 1, LLC",NM,12186.515777525447
2030,2,p31,SolarCycle,400427,Kit Carson,NM,274007.3862346283
2030,2,p31,SolarCycle,400210,Las Vegas Solar Energy Center,NM,56101.32491412619
2030,2,p31,SolarCycle,400434,Los Alamos PV Site,NM,647002.476533595
2030,2,p31,FabTechSolar,400207,Los Lunas Solar Energy Center,NM,79152.41946296512
2030,2,p31,FabTechSolar,400838,Macho Springs,NM,9156.477739664268
2030,2,p31,SolarCycle,401201,Meadow Lake Solar Energy Center,NM,62815.30955773224
2030,2,p31,SolarCycle,405693,NMSU Solar and Storage,NM,77716.77518555576
2030,2,p31,FabTechSolar,406375,OE_ESCL,NM,1556.563467434641
2030,2,p31,SolarCycle,400581,Otero Solar,NM,54310.134395211426
2030,2,p31,SolarCycle,400146,Questa Solar Facility,NM,692481.7986225607
2030,2,p31,FabTechSolar,403178,"RC Energy AA, LLC Solar Facility",NM,195979.91691417064
2030,2,p31,FabTechSolar,401566,Rio Communities Solar Energy Center,NM,18760.504848225723
2030,2,p31,FabTechSolar,403084,Rio De Oro Solar Energy Center,NM,28105.577742104106
2030,2,p31,FabTechSolar,400624,Rio Rancho High School,NM,290918.35691209475
2030,2,p31,SolarCycle,400135,Roadrunner Solar,NM,22940.49390698097
2030,2,p31,FabTechSolar,404648,"Route 66 Energy Center, LLC",NM,3664.198224398867
2030,2,p31,SolarCycle,403387,San Miguel I Solar Energy Center,NM,18870.13187414929
2030,2,p31,FabTechSolar,401161,Sandoval Solar Energy Center,NM,93579.45944954918
2030,2,p31,SolarCycle,401564,Santa Fe Solar Energy Center,NM,21522.103623360417
2030,2,p31,FabTechSolar,401565,Santolina Solar Energy Center,NM,13508.159002214403
2030,2,p31,FabTechSolar,400596,Silver City WWTP PV Project,NM,125512.17944010983
2030,2,p31,FabTechSolar,406343,Sky Ranch Solar,NM,3273.029249878307
2030,2,p31,FabTechSolar,401563,South Valley Solar Energy Center,NM,28489.063238533636
2030,2,p31,SolarCycle,401162,Springer Solar 1,NM,340223.9441725851
2030,2,p31,SolarCycle,400735,Storrie Lake Solar Project,NM,186124.04190961752
2030,2,p31,FabTechSolar,400623,Sue Cleveland High School,NM,586319.8833879043
2030,2,p31,SolarCycle,400343,"SunE EPE1, LLC",NM,7404.265650314888
2030,2,p31,SolarCycle,403412,Syncarpha El Rito,NM,85849.64900254528
2030,2,p31,SolarCycle,403413,Syncarpha Questa,NM,146524.86892672462
2030,2,p31,SolarCycle,403411,Syncarpha Taos,NM,212602.48589629176
2030,2,p31,SolarCycle,404618,Taos Mesa Energy Facility Hybrid,NM,44700.17415609052
2030,2,p31,FabTechSolar,403011,Vista Solar Energy Center,NM,28341.141599945135
2030,2,p31,SolarCycle,400354,WSMR I,NM,48085.37636088924
2030,2,p47,SolarCycle,400979,"Caprock Solar 1, LLC",NM,4022.0157489136604
2030,2,p47,SolarCycle,401681,"Chaves Solar, LLC",NM,2248.160965609881
2030,2,p47,SolarCycle,400614,GSE NM1,NM,138857.70424961444
2030,2,p47,SolarCycle,404982,Hayhurst New Mexico Solar,NM,4610.964255183058
2030,2,p47,SolarCycle,401682,"Roswell Solar, LLC",NM,4128.749832631375
2030,2,p47,SolarCycle,400546,SEV NM Phase 2,NM,46649.26913356754
2030,2,p47,SolarCycle,400260,SPS1 Dollarhide,NM,8276.205921993487
2030,2,p47,SolarCycle,400261,SPS2 Jal,NM,3237.128544247799
2030,2,p47,SolarCycle,400262,SPS3 Lea,NM,12865.651493475994
2030,2,p47,SolarCycle,400264,SPS5 Hopi,NM,18731.80961660062
2030,2,p47,SolarCycle,404698,SoCore Clovis 1,NM,146432.974709954
2030,2,p48,SolarCycle,406439,"BESSP1, LLC",TX,5739.209526675325
2030,2,p48,SolarCycle,405590,"Hecate Energy Frye Solar, LLC",TX,662.9074194244776
2030,2,p57,OkonRecycling,404918,"Hecate Energy Upshur Rural, LLC",TX,4284.277630269297
2030,2,p59,SolarCycle,402666,Fort Bliss (DEA EPIC),TX,62336.246366625965
2030,2,p59,SolarCycle,401616,Montana Solar Facility,TX,40067.812141119466
2030,2,p59,SolarCycle,401045,Newman Solar,TX,12471.494760130745
2030,2,p60,SolarCycle,403962,"ANSON Solar Center, LLC",TX,937.6694514176774
2030,2,p60,OkonRecycling,403883,Azure Sky Solar,TX,649.1612141194795
2030,2,p60,SolarCycle,403232,"ENGIE Long Draw Solar, LLC",TX,864.9676355056329
2030,2,p60,SolarCycle,406252,Highpeak Solar 1,TX,3076.0229247554853
2030,2,p60,SolarCycle,402721,Holstein 1 Solar Farm,TX,617.5838971678855
2030,2,p60,SolarCycle,405492,Juno Solar Project,TX,517.0042519495494
2030,2,p60,SolarCycle,402541,Lamesa II,TX,1000.6922933559923
2030,2,p60,SolarCycle,401660,Lamesa Solar,TX,621.1714479207928
2030,2,p60,SolarCycle,405932,Lumina II Solar Project,TX,896.0675389862865
2030,2,p60,SolarCycle,405933,Lumina Solar Project,TX,861.7372990924255
2030,2,p60,SolarCycle,402909,Misae Solar,TX,1020.6010681006055
2030,2,p60,OkonRecycling,400968,"OCI Alamo 7, LLC",TX,1101.9349497665005
2030,2,p60,SolarCycle,405939,Texas Solar Nova 1,TX,636.2900045503396
2030,2,p61,SolarCycle,400967,Alamo 6,TX,584.8314333906875
2030,2,p61,SolarCycle,403557,Aragorn Solar Project,TX,634.0726962614103
2030,2,p61,SolarCycle,400691,Barilla Solar,TX,1049.1805776331958
2030,2,p61,SolarCycle,401946,Bluebell Solar,TX,917.2118513843923
2030,2,p61,SolarCycle,403574,Bluebell Solar II,TX,534.1291922496251
2030,2,p61,SolarCycle,400554,"Bryan Solar, LLC",TX,3074.7610308371172
2030,2,p61,SolarCycle,401463,Buckthorn Westex,TX,466.63748920661243
2030,2,p61,SolarCycle,401703,East Pecos Solar,TX,511.49434959159055
2030,2,p61,SolarCycle,405363,Galloway 1 Solar Farm,TX,676.6209377649683
2030,2,p61,SolarCycle,405494,Galloway 2 Solar Farm,TX,1327.85054929795
2030,2,p61,SolarCycle,403210,Greasewood,TX,475.8151375165417
2030,2,p61,SolarCycle,406370,Hayhurst Texas Solar,TX,1099.584607414715
2030,2,p61,SolarCycle,402304,Midway Solar-TX,TX,512.2271347957328
2030,2,p61,SolarCycle,400695,"OCI Alamo 4, LLC",TX,1313.921355330676
2030,2,p61,SolarCycle,401868,Pearl Solar,TX,664.5589368205634
2030,2,p61,SolarCycle,402290,RE Maplewood,TX,482.55451107945765
2030,2,p61,SolarCycle,401430,RE Roserock,TX,578.9428418953352
2030,2,p61,SolarCycle,402848,Rambler,TX,519.9260191198944
2030,2,p61,SolarCycle,402083,Solaire Holman Solar Project,TX,1200.0062404538173
2030,2,p61,SolarCycle,403023,"Taygete Energy Project, LLC",TX,517.6069725558808
2030,2,p61,SolarCycle,404647,Taygete II Energy Project,TX,472.6677462784764
2030,2,p61,SolarCycle,403551,Titan Solar Project,TX,563.1079492898414
2030,2,p61,SolarCycle,406103,Zier Solar,TX,1291.0328277410174
2030,2,p62,SolarCycle,403502,2W Permian Solar Project Hybrid,TX,432.0488274625801
2030,2,p62,SolarCycle,403697,CED Crane Solar,TX,543.5134691774566
2030,2,p62,SolarCycle,401525,Castle Gap Solar Hybrid,TX,460.8566761971293
2030,2,p62,SolarCycle,404599,Emerald Grove,TX,913.4015668386669
2030,2,p62,SolarCycle,403004,Lapetus,TX,564.865189533054
2030,2,p62,SolarCycle,403280,Oberon IA,TX,438.28330533103826
2030,2,p62,SolarCycle,403279,Oberon IB,TX,593.568098499729
2030,2,p62,SolarCycle,403602,Oxy Renewable Energy-Goldsmith,TX,999.8743938269123
2030,2,p62,SolarCycle,402679,Phoebe Solar,TX,441.7158300585887
2030,2,p62,SolarCycle,403177,Prospero Solar,TX,460.9069771370314
2030,2,p62,SolarCycle,404128,Prospero Solar II,TX,490.71025543398343
2030,2,p62,SolarCycle,403070,"Roadrunner, LLC",TX,478.2503887072041
2030,2,p62,SolarCycle,401805,Upton County Solar,TX,480.9969982883894
2030,2,p62,SolarCycle,402995,West of the Pecos Solar,TX,479.2147680900289
2030,2,p63,OkonRecycling,405599,"BPL Crown Solar, LLC",TX,1712.5747352400376
2030,2,p63,OkonRecycling,404966,BPL Files Solar,TX,576.2012487205956
2030,2,p63,OkonRecycling,403825,Briar Creek Solar 1,TX,572.4027631898842
2030,2,p63,OkonRecycling,402610,Chisum,TX,1845.8033916466768
2030,2,p63,OkonRecycling,401697,CoServ Community Solar Station,TX,7995.754251853066
2030,2,p63,OkonRecycling,403188,Coniglio Solar,TX,559.1099423864845
2030,2,p63,OkonRecycling,406415,Dileo Solar,TX,1846.978366541234
2030,2,p63,OkonRecycling,402655,Eddy II,TX,4958.178749584132
2030,2,p63,OkonRecycling,406221,Eiffel Solar Project,TX,907.1066520494815
2030,2,p63,OkonRecycling,405540,"Ellis Solar, LLC",TX,537.8462329710211
2030,2,p63,OkonRecycling,403823,Elm Branch Solar 1,TX,582.2368505778346
2030,2,p63,OkonRecycling,406206,Five Wells Solar Center - Hybrid,TX,625.7349203870657
2030,2,p63,OkonRecycling,404567,G.S.E. One LLC,TX,1365.8094326691778
2030,2,p63,OkonRecycling,403288,Griffin Solar,TX,24210.38250514079
2030,2,p63,OkonRecycling,406202,Grizzly Ridge Solar,TX,1103.8222908650575
2030,2,p63,OkonRecycling,402329,Highway 56 Solar,TX,2755.4285207897406
2030,2,p63,OkonRecycling,405319,IKEA Grand Prairie Rooftop PV System,TX,1884.0145716162128
2030,2,p63,OkonRecycling,405689,"IP Radian, LLC",TX,618.0608684875433
2030,2,p63,OkonRecycling,403481,Impact Solar 1,TX,712.6092578090415
2030,2,p63,OkonRecycling,403190,Kellam Solar,TX,1845.9572822104335
2030,2,p63,OkonRecycling,402421,Leon Solar,TX,1308.2837075855218
2030,2,p63,OkonRecycling,403874,Lily Solar Hybrid,TX,524.252718774008
2030,2,p63,OkonRecycling,402404,Marlin Solar,TX,12956.775761037832
2030,2,p63,OkonRecycling,405794,Noble Solar,TX,475.4224233596847
2030,2,p63,OkonRecycling,402405,North Gainesville Solar,TX,3032.88655670249
2030,2,p63,OkonRecycling,401933,Phantom Solar,TX,5844.214563070506
2030,2,p63,OkonRecycling,404872,"Pisgah Ridge Solar, LLC",TX,735.2617922494751
2030,2,p63,OkonRecycling,406416,Pitts Dudik Solar,TX,1997.437051229385
2030,2,p63,OkonRecycling,403189,Rippey Solar,TX,1640.9572643334568
2030,2,p63,OkonRecycling,404630,"Samson Solar Energy III, LLC",TX,569.2860817170258
2030,2,p63,OkonRecycling,402652,Sterling Solar (TX),TX,3330.566510403908
2030,2,p63,OkonRecycling,404812,Sun Valley Solar Project,TX,735.8070227339011
2030,2,p63,OkonRecycling,403457,"TPE Whitney Solar, LLC",TX,8840.088877150947
2030,2,p63,OkonRecycling,405361,Toyota HQ Plan,TX,905.4619367634155
2030,2,p63,OkonRecycling,405907,Verizon Hidden Ridge Solar Project,TX,929.7261498064541
2030,2,p63,OkonRecycling,405984,Waco Solar,TX,638.6938971212924
2030,2,p63,OkonRecycling,402306,Walnut Springs Solar,TX,19424.187522874192
2030,2,p63,OkonRecycling,402497,West Moore Solar II,TX,3440.5693048294634
2030,2,p63,OkonRecycling,402330,Whitesboro Solar,TX,2537.411271113392
2030,2,p63,OkonRecycling,402331,Whitesboro Solar II,TX,2076.968163746979
2030,2,p63,OkonRecycling,402414,Whitewright Solar,TX,1838.2471707659317
2030,2,p63,OkonRecycling,402654,Yellow Jacket,TX,10237.674650169853
2030,2,p64,OkonRecycling,405731,Austin TX GigaFactory,TX,36970.0385785377
2030,2,p64,OkonRecycling,404721,"Blue Jay Solar I, LLC",TX,579.8000109483137
2030,2,p64,OkonRecycling,402389,"E-Volve Energy Holdings, LLC",TX,34086.3438402904
2030,2,p64,OkonRecycling,400227,East Blackland Solar Project 1,TX,693.0483059701851
2030,2,p64,OkonRecycling,405101,IKEA Round Rock 027,TX,29634.42774420707
2030,2,p64,SolarCycle,402653,Lampwick,TX,6464.713633248697
2030,2,p64,OkonRecycling,405613,Niagara Bottling - Seguin,TX,36128.50684578055
2030,2,p64,OkonRecycling,400249,Webberville Solar Project,TX,2677.1025761116225
2030,2,p65,OkonRecycling,405700,Aktina Solar,TX,1533.0325930538622
2030,2,p65,OkonRecycling,405727,Bernard Creek Solar,TX,1533.6652508653901
2030,2,p65,OkonRecycling,405477,Brightside,TX,13876.604319522823
2030,2,p65,OkonRecycling,401728,CPS 1 Community Solar,TX,279388.7117470814
2030,2,p65,OkonRecycling,402656,Cascade Solar (TX),TX,56311.63516923224
2030,2,p65,OkonRecycling,404359,FELPS 1-Calaveras,TX,290075.5754119564
2030,2,p65,OkonRecycling,404361,FELPS 2-Calaveras,TX,290068.9162500352
2030,2,p65,OkonRecycling,404739,FELPS 6- Floresville West,TX,590100.613449541
2030,2,p65,OkonRecycling,404740,FELPS 7- Floresville West,TX,589910.1641122545
2030,2,p65,OkonRecycling,406516,Ganado Solar,TX,4155.741744707846
2030,2,p65,SolarCycle,405801,Horizon Solar,TX,1436.0468255122057
2030,2,p65,SolarCycle,403343,Mars Solar,TX,28006.793638067666
2030,2,p65,OkonRecycling,404877,Nebula Solar,TX,4238.603546848502
2030,2,p65,OkonRecycling,400694,"OCI Alamo 2, LLC",TX,124749.36685969093
2030,2,p65,OkonRecycling,400965,"OCI Alamo 3, LLC",TX,33372.24900394379
2030,2,p65,SolarCycle,400966,"OCI Alamo 5, LLC",TX,3222.2593749032817
2030,2,p65,OkonRecycling,400593,OCI Alamo Solar I Hybrid,TX,5157.931321609369
2030,2,p65,SolarCycle,405809,Shakes Solar,TX,3456.8550326477866
2030,2,p65,OkonRecycling,405545,Sparta Solar,TX,3064.03612699549
2030,2,p65,OkonRecycling,400379,"SunE CPS1, LLC",TX,20060.982984450908
2030,2,p65,OkonRecycling,400364,"SunE CPS2, LLC",TX,59544.00815775788
2030,2,p65,OkonRecycling,400353,"SunE CPS3, LLC",TX,56921.89270566362
2030,2,p65,OkonRecycling,406032,Tres Bahias,TX,2004.022736410898
2030,2,p66,OkonRecycling,406386,Umbriel Solar,TX,3338.0800951411925
2030,2,p67,OkonRecycling,404939,Brazoria County Solar Project (Danciger),TX,1237.734788878847
2030,2,p67,OkonRecycling,404587,Fighting Jays Solar Project,TX,1117.296472500773
2030,2,p67,OkonRecycling,405564,"Fort Bend Solar, LLC",TX,717.1221769884611
2030,2,p67,OkonRecycling,403514,Wagyu,TX,1337.7642949692417
2030,3,p12,ComstockMetals,402144,Battle Mountain Solar Project,NV,622.4275732445928
2030,3,p12,ComstockMetals,405025,Brady,NV,668.7922061845336
2030,3,p12,ComstockMetals,405553,Dodge Flat,NV,423.4778841840287
2030,3,p12,ComstockMetals,402609,"EGP Stillwater Solar PV II, LLC",NV,1811.2801239211935
2030,3,p12,ComstockMetals,404659,Fish Springs,NV,493.4479452282607
2030,3,p12,ComstockMetals,401086,Ft. Churchill PV,NV,543.7911398993351
2030,3,p12,ComstockMetals,405028,Galena 2 Geothermal Power Plant,NV,1131.5477336606816
2030,3,p12,ComstockMetals,402130,Luning Energy,NV,1651.7019401489472
2030,3,p12,ComstockMetals,400468,"Patua Acquisition Project, LLC",NV,941.5425277338009
2030,3,p12,ComstockMetals,405021,Steamboat Hills LP,NV,1503.499934015957
2030,3,p12,ComstockMetals,405023,Steamboat II,NV,827.0216311375217
2030,3,p12,ComstockMetals,405024,Steamboat III,NV,787.1637602785164
2030,3,p12,ComstockMetals,400029,Stillwater Facility,NV,1703.8361525019793
2030,3,p12,ComstockMetals,401318,Sunshine Valley Solar,NV,1354.2149167563148
2030,3,p12,ComstockMetals,405026,TS Power Plant,NV,1059.5235345322476
2030,3,p12,ComstockMetals,405576,Tesla Reno GigaFactory,NV,950.1738048393329
2030,3,p12,ComstockMetals,401943,Tungsten Mountain,NV,9288.167215054147
2030,3,p12,ComstockMetals,403308,Turquoise Liberty Solar,NV,897.8293886509236
2030,3,p12,ComstockMetals,403884,"Turquoise Nevada, LLC",NV,456.02599383871063
2030,3,p12,ComstockMetals,400035,Western 102 Power Plant,NV,2397.9506833861415
2030,3,p13,WeRecycleSolar,400555,Apex Solar PV Power Project,NV,10048.786461103286
2030,3,p13,WeRecycleSolar,405385,Arrow Canyon Solar Hybrid,NV,888.3776384130648
2030,3,p13,WeRecycleSolar,402017,"Boulder Solar II, LLC",NV,7277.395856221387
2030,3,p13,WeRecycleSolar,401649,"Boulder Solar Power, LLC",NV,3849.254109422305
2030,3,p13,WeRecycleSolar,400086,CM48,NV,2774.903558811879
2030,3,p13,WeRecycleSolar,400363,Copper Mountain Solar 2,NV,2615.8308994672825
2030,3,p13,WeRecycleSolar,403688,"Copper Mountain Solar 5, LLC",NV,1081.3455500204375
2030,3,p13,WeRecycleSolar,405556,Dry Lake Solar Energy Center,NV,1041.3868292103314
2030,3,p13,WeRecycleSolar,405495,Gemini Solar,NV,813.1883736482514
2030,3,p13,WeRecycleSolar,403386,"Harry Allen Solar Energy, LLC",NV,4264.215691224893
2030,3,p13,WeRecycleSolar,406090,IGS LAS1,NV,121887.08194007001
2030,3,p13,WeRecycleSolar,406089,IGS VGT,NV,381299.22486615676
2030,3,p13,WeRecycleSolar,405309,IKEA Las Vegas 462,NV,95275.2615228444
2030,3,p13,WeRecycleSolar,400545,Las Vegas WPCF Solar Plant,NV,112532.6278199278
2030,3,p13,WeRecycleSolar,400313,Moapa Southern Paiute,NV,1945.9240385215446
2030,3,p13,WeRecycleSolar,400600,Mountain View Solar,NV,10021.099545038855
2030,3,p13,WeRecycleSolar,400036,Nellis Air Force Base Solar Array,NV,16249.026604271443
2030,3,p13,WeRecycleSolar,401319,"Playa Solar 1, LLC",NV,2825.9485069258126
2030,3,p13,WeRecycleSolar,401596,Playa Solar 2,NV,4246.975814711253
2030,3,p13,WeRecycleSolar,401274,River Mountains Solar,NV,12771.688207243149
2030,3,p13,WeRecycleSolar,401042,Searchlight Solar,NV,9495.063307823002
2030,3,p13,WeRecycleSolar,400166,Silver State Solar Power North,NV,7210.773590088232
2030,3,p13,WeRecycleSolar,405246,"Solar Las Vegas MB 2, LLC",NV,83634.02768977378
2030,3,p13,WeRecycleSolar,405188,Solar Las Vegas MB-1,NV,38643.9843678153
2030,3,p13,WeRecycleSolar,402485,"Techren Solar I, LLC",NV,2128.528716693606
2030,3,p13,WeRecycleSolar,402690,"Techren Solar II, LLC",NV,2129.9665453235743
2030,3,p13,WeRecycleSolar,402691,"Techren Solar III, LLC",NV,5002.062548390451
2030,3,p13,WeRecycleSolar,402692,"Techren Solar IV, LLC",NV,5020.133413413902
2030,3,p13,WeRecycleSolar,403001,Techren Solar V,NV,3864.9788971293374
2030,3,p13,WeRecycleSolar,401851,Townsite Solar Project Hybrid,NV,2571.66648334559
2030,3,p13,WeRecycleSolar,406448,Yellow Pine II,NV,1545.1293892202248
2030,3,p13,WeRecycleSolar,404971,Yellow Pine Solar,NV,1493.204152861158
2030,3,p27,WeRecycleSolar,400374,"Black Mountain Solar, LLC",AZ,3699.0160153658203
2030,3,p27,WeRecycleSolar,402236,Gray Hawk Solar,AZ,1072.028632370796
2030,3,p27,WeRecycleSolar,401819,Jacobson 5 MW Solar,AZ,5119.733593711843
2030,3,p27,WeRecycleSolar,403718,Mohave Electric Cooperative at Joy Lane,AZ,6928.7158817863165
2030,3,p27,WeRecycleSolar,401311,Mohave Electric at Fort Mohave,AZ,3361.2183595529814
2030,3,p27,WeRecycleSolar,406478,Mohave Energy - Hybrid,AZ,4102.012542767287
2030,3,p28,WeRecycleSolar,405418,AZ State University - Tempe Campus Solar,AZ,2952.4630061731978
2030,3,p28,WeRecycleSolar,400148,Agua Caliente Solar Project,AZ,619.6014293007293
2030,3,p28,FabTechSolar,402067,Apache Solar 1,AZ,3718.5043022806985
2030,3,p28,WeRecycleSolar,400274,Arizona Western College PV,AZ,19336.05144218033
2030,3,p28,WeRecycleSolar,400240,Arlington Valley Solar Energy II,AZ,901.7832369519741
2030,3,p28,FabTechSolar,401688,Bonnybrooke PV,AZ,685.602440349952
2030,3,p28,WeRecycleSolar,400371,Buckeye Union HS District 201,AZ,13072.14574112238
2030,3,p28,FabTechSolar,405635,"Central Line Solar, LLC",AZ,517.6740252502439
2030,3,p28,WeRecycleSolar,400201,Chino Solar Valley,AZ,3831.8629922766772
2030,3,p28,WeRecycleSolar,401069,Desert Star Hybrid,AZ,1685.8631779029872
2030,3,p28,FabTechSolar,403257,East Line Solar,AZ,557.3076054460669
2030,3,p28,FabTechSolar,406171,Eleven Mile Solar Center,AZ,449.24650529386537
2030,3,p28,WeRecycleSolar,405244,Estrella Mountain PV,AZ,13195.039806664829
2030,3,p28,FabTechSolar,400825,Fort Huachuca Solar PV Project,AZ,6359.363769438236
2030,3,p28,WeRecycleSolar,400845,Gila Bend Hybrid,AZ,914.806051062996
2030,3,p28,FabTechSolar,400599,"Gilbert Solar Facility I, LLC",AZ,3501.6840335201086
2030,3,p28,WeRecycleSolar,400204,Hyder Solar Hybrid,AZ,3966.711337683162
2030,3,p28,FabTechSolar,405282,Intel - Ocotillo Campus Solar,AZ,964.5965358284959
2030,3,p28,WeRecycleSolar,405125,Jewish Community Center PV,AZ,9383.851713589802
2030,3,p28,WeRecycleSolar,400595,Lake Pleasant WTP,AZ,7031.4622658449425
2030,3,p28,WeRecycleSolar,400128,Luke Solar,AZ,877.0902311632005
2030,3,p28,WeRecycleSolar,405068,Macys Goodyear,AZ,3471.776694358081
2030,3,p28,WeRecycleSolar,406279,McFarland A Solar and Storage,AZ,717.3486747056472
2030,3,p28,FabTechSolar,404512,Mesa Solar Array,AZ,4373.182731997559
2030,3,p28,WeRecycleSolar,400250,Mesquite Solar 1,AZ,459.7486366018829
2030,3,p28,WeRecycleSolar,401621,"Mesquite Solar 2, LLC",AZ,1109.9360680384825
2030,3,p28,WeRecycleSolar,401622,"Mesquite Solar 3, LLC",AZ,519.5733885203781
2030,3,p28,WeRecycleSolar,406038,"Mesquite Solar 4, LLC",AZ,1757.213841736965
2030,3,p28,WeRecycleSolar,404922,"Mesquite Solar 5, LLC",AZ,1573.6033467779735
2030,3,p28,WeRecycleSolar,403572,OE_AZ1,AZ,2475.9240567825623
2030,3,p28,WeRecycleSolar,400203,Paloma Solar Hybrid,AZ,4085.249226775126
2030,3,p28,WeRecycleSolar,405126,Paradise Valley H.S. PV,AZ,8168.174677938461
2030,3,p28,WeRecycleSolar,405150,Phoenix Airport East Economy Lot,AZ,3898.9378046616525
2030,3,p28,WeRecycleSolar,405151,Phoenix Airport Rental Car Center,AZ,1042.4950023430367
2030,3,p28,FabTechSolar,402528,Pinal Central Energy Center Hybrid,AZ,2635.0125582947085
2030,3,p28,FabTechSolar,400125,"Poseidon Solar, LLC",AZ,1773.6246317944338
2030,3,p28,WeRecycleSolar,400031,Prescott Airport,AZ,21305.391511178852
2030,3,p28,WeRecycleSolar,400401,Prescott Solar Plant,AZ,2429.226101715577
2030,3,p28,FabTechSolar,400323,Queen Creek Solar Farm,AZ,1120.3722568815576
2030,3,p28,WeRecycleSolar,400289,"RE Bagdad Solar I, LLC",AZ,10090.182119791934
2030,3,p28,WeRecycleSolar,405132,"RE Gillespie 1, LLC",AZ,4394.154495723145
2030,3,p28,FabTechSolar,400758,Red Horse 2,AZ,3484.977345427092
2030,3,p28,FabTechSolar,403674,Saint Solar,AZ,561.0992117769146
2030,3,p28,FabTechSolar,401214,Sandstone Solar,AZ,801.362028877552
2030,3,p28,WeRecycleSolar,405029,Solana Generating Station,AZ,530.3278557816047
2030,3,p28,WeRecycleSolar,406275,Sonoran Solar Energy,AZ,459.5706327348538
2030,3,p28,FabTechSolar,406034,Storey Solar and Storage,AZ,585.4155629003892
2030,3,p28,FabTechSolar,401664,Sulphur Springs,AZ,3603.997701691299
2030,3,p28,WeRecycleSolar,403643,Sun Streams 2,AZ,610.2889841696777
2030,3,p28,WeRecycleSolar,406517,Sun Streams 3,AZ,544.1577238826469
2030,3,p28,WeRecycleSolar,401975,"Sun Streams, LLC",AZ,501.32923940288487
2030,3,p28,WeRecycleSolar,405311,T0588 Phoenix - AZ,AZ,5292.16383485633
2030,3,p28,FabTechSolar,405134,Union HS at Casa Grande,AZ,11173.484987176775
2030,3,p28,FabTechSolar,405135,Vista Grande HS at Casa Grande,AZ,14408.382057826142
2030,3,p28,FabTechSolar,400334,Walmart Casa Grande,AZ,10678.095497323595
2030,3,p28,FabTechSolar,406098,"West Line Solar, LLC",AZ,517.7277820433843
2030,3,p29,FabTechSolar,400014,Springerville,AZ,2247.128359561754
2030,3,p30,FabTechSolar,405143,Actus Lend Lease DMAFB,AZ,4698.380690685987
2030,3,p30,FabTechSolar,405611,Amazon TUS2,AZ,16116.563622271591
2030,3,p30,FabTechSolar,405268,Amphitheater High School Solar,AZ,24115.924490414327
2030,3,p30,FabTechSolar,400939,Avalon Solar,AZ,1840.1132222887818
2030,3,p30,FabTechSolar,400226,Avra Valley Solar,AZ,2607.1901982039485
2030,3,p30,FabTechSolar,405269,Canyon Del Oro High School Solar,AZ,3402.0714958130607
2030,3,p30,FabTechSolar,401295,Davis Monthan AFB (AZ) West Airfield,AZ,3499.031930427829
2030,3,p30,FabTechSolar,400761,"Gato Montes Solar, LLC",AZ,3737.449316247088
2030,3,p30,FabTechSolar,404536,Iron Horse Battery Storage Hybrid,AZ,21296.374327415233
2030,3,p30,FabTechSolar,400552,"Picture Rocks Solar, LLC",AZ,895.7915161278692
2030,3,p30,FabTechSolar,405374,Pima Community College,AZ,37053.320253426544
2030,3,p30,FabTechSolar,405303,Pima Community College - East Campus,AZ,59503.2712451139
2030,3,p30,FabTechSolar,405516,Pima Community College NW,AZ,51250.026519326115
2030,3,p30,FabTechSolar,400408,Prairie Fire,AZ,18804.533032409236
2030,3,p30,FabTechSolar,404926,Raptor Ridge,AZ,1997.2439956505216
2030,3,p30,FabTechSolar,400857,Rio Rico Solar,AZ,5030.449932949299
2030,3,p30,FabTechSolar,401076,Tech Park Solar,AZ,3682.899868445907
2030,3,p30,FabTechSolar,400156,UASTP I,AZ,35362.34250007754
2030,3,p30,FabTechSolar,401075,Valencia Solar,AZ,3354.7145606183085
2030,3,p30,FabTechSolar,404187,"Wilmot Energy Center, LLC",AZ,726.8135301020341
2030,3,p31,SolarCycle,400211,Alamogordo Solar Energy Center,NM,41493.24577490064
2030,3,p31,SolarCycle,403675,Alcalde Solar Array,NM,271529.33748749626
2030,3,p31,FabTechSolar,405469,Arroyo Solar Energy Storage Hybrid,NM,853.1940887283356
2030,3,p31,SolarCycle,402876,CNMEC Solar Energy Center,NM,88732.71024135644
2030,3,p31,FabTechSolar,401202,Cibola,NM,69726.01744289328
2030,3,p31,FabTechSolar,402988,City of Gallup Solar,NM,17742.359066465
2030,3,p31,FabTechSolar,403604,City of Rio Rancho WWTP,NM,156889.86647809637
2030,3,p31,FabTechSolar,401225,City of Truth or Consequences PV,NM,123548.67130727724
2030,3,p31,FabTechSolar,400209,Deming Solar Energy Center,NM,49679.9117822081
2030,3,p31,FabTechSolar,401038,Eubank Landfill Solar Array,NM,73365.14149776819
2030,3,p31,FabTechSolar,402443,Facebook 3 Solar Energy Center,NM,18838.30224782056
2030,3,p31,FabTechSolar,403322,Grants CDEC 2,NM,35118.23851490121
2030,3,p31,FabTechSolar,400216,"Hatch Solar Energy Center I, LLC",NM,48303.57766290421
2030,3,p31,SolarCycle,401617,Holloman Solar Facility,NM,27874.26431377206
2030,3,p31,FabTechSolar,406109,"Jicarilla Solar 1, LLC",NM,4328.838592508481
2030,3,p31,SolarCycle,400427,Kit Carson,NM,182804.92415641883
2030,3,p31,SolarCycle,400210,Las Vegas Solar Energy Center,NM,111802.64982825238
2030,3,p31,SolarCycle,400434,Los Alamos PV Site,NM,323701.23826679745
2030,3,p31,FabTechSolar,400207,Los Lunas Solar Energy Center,NM,39776.20973148255
2030,3,p31,FabTechSolar,400838,Macho Springs,NM,3318.8259132214225
2030,3,p31,FabTechSolar,400582,Manzano Solar,NM,35358.58024645172
2030,3,p31,FabTechSolar,406375,OE_ESCL,NM,2713.1269348692817
2030,3,p31,SolarCycle,400581,Otero Solar,NM,54310.134395211426
2030,3,p31,SolarCycle,400146,Questa Solar Facility,NM,231093.93287418698
2030,3,p31,FabTechSolar,403178,"RC Energy AA, LLC Solar Facility",NM,293769.87537125597
2030,3,p31,FabTechSolar,401566,Rio Communities Solar Energy Center,NM,18760.504848225723
2030,3,p31,FabTechSolar,403084,Rio De Oro Solar Energy Center,NM,55811.15548420821
2030,3,p31,FabTechSolar,400624,Rio Rancho High School,NM,194078.90460806317
2030,3,p31,FabTechSolar,404648,"Route 66 Energy Center, LLC",NM,5296.2973365983
2030,3,p31,SolarCycle,405458,San Miguel II Solar Energy Center,NM,28116.573991344772
2030,3,p31,FabTechSolar,401161,Sandoval Solar Energy Center,NM,93579.45944954918
2030,3,p31,SolarCycle,401564,Santa Fe Solar Energy Center,NM,63766.310870081245
2030,3,p31,FabTechSolar,401565,Santolina Solar Energy Center,NM,52832.6360088576
2030,3,p31,FabTechSolar,401563,South Valley Solar Energy Center,NM,56578.12647706727
2030,3,p31,SolarCycle,401162,Springer Solar 1,NM,340223.9441725851
2030,3,p31,SolarCycle,400735,Storrie Lake Solar Project,NM,124216.027939745
2030,3,p31,FabTechSolar,400623,Sue Cleveland High School,NM,195706.62779596812
2030,3,p31,SolarCycle,400343,"SunE EPE1, LLC",NM,14408.531300629775
2030,3,p31,SolarCycle,402854,Syncarpha Eagle Nest,NM,164745.85671717586
2030,3,p31,SolarCycle,403412,Syncarpha El Rito,NM,427648.24501272646
2030,3,p31,SolarCycle,403413,Syncarpha Questa,NM,438774.60678017384
2030,3,p31,SolarCycle,403411,Syncarpha Taos,NM,71134.16196543058
2030,3,p31,SolarCycle,404618,Taos Mesa Energy Facility Hybrid,NM,15166.724718696838
2030,3,p31,FabTechSolar,403011,Vista Solar Energy Center,NM,28341.141599945135
2030,3,p31,SolarCycle,400354,WSMR I,NM,32190.250907259502
2030,3,p31,FabTechSolar,405245,Wal-Mart Truth or Consequences PV,NM,118389.4140642283
2030,3,p47,SolarCycle,400979,"Caprock Solar 1, LLC",NM,7644.03149782732
2030,3,p47,SolarCycle,401681,"Chaves Solar, LLC",NM,4096.321931219762
2030,3,p47,SolarCycle,400614,GSE NM1,NM,23476.284041602412
2030,3,p47,SolarCycle,404982,Hayhurst New Mexico Solar,NM,8821.928510366117
2030,3,p47,SolarCycle,402530,Middle Daisy,NM,31353.13325482013
2030,3,p47,SolarCycle,400260,SPS1 Dollarhide,NM,4338.102960996744
2030,3,p47,SolarCycle,400261,SPS2 Jal,NM,8911.385632743397
2030,3,p47,SolarCycle,400262,SPS3 Lea,NM,6632.825746737997
2030,3,p47,SolarCycle,400264,SPS5 Hopi,NM,6510.60320553354
2030,3,p47,SolarCycle,404698,SoCore Clovis 1,NM,49077.65823665135
2030,3,p48,SolarCycle,406439,"BESSP1, LLC",TX,5739.209526675325
2030,3,p48,SolarCycle,405590,"Hecate Energy Frye Solar, LLC",TX,662.9074194244776
2030,3,p57,OkonRecycling,404918,"Hecate Energy Upshur Rural, LLC",TX,5579.036840359062
2030,3,p59,SolarCycle,402666,Fort Bliss (DEA EPIC),TX,21045.415455541992
2030,3,p59,SolarCycle,401616,Montana Solar Facility,TX,20233.906070559737
2030,3,p59,SolarCycle,401045,Newman Solar,TX,2124.49925144725
2030,3,p60,SolarCycle,403962,"ANSON Solar Center, LLC",TX,937.6694514176774
2030,3,p60,OkonRecycling,403883,Azure Sky Solar,TX,649.1612141194795
2030,3,p60,SolarCycle,403232,"ENGIE Long Draw Solar, LLC",TX,632.4838177528163
2030,3,p60,SolarCycle,406252,Highpeak Solar 1,TX,3076.0229247554853
2030,3,p60,SolarCycle,402721,Holstein 1 Solar Farm,TX,617.5838971678855
2030,3,p60,SolarCycle,405492,Juno Solar Project,TX,517.0042519495494
2030,3,p60,SolarCycle,402541,Lamesa II,TX,1000.6922933559923
2030,3,p60,SolarCycle,401660,Lamesa Solar,TX,694.8952638943904
2030,3,p60,SolarCycle,405932,Lumina II Solar Project,TX,896.0675389862865
2030,3,p60,SolarCycle,405933,Lumina Solar Project,TX,630.8686495462127
2030,3,p60,SolarCycle,402909,Misae Solar,TX,1020.6010681006055
2030,3,p60,OkonRecycling,400968,"OCI Alamo 7, LLC",TX,2505.804849299501
2030,3,p60,SolarCycle,405939,Texas Solar Nova 1,TX,636.2900045503396
2030,3,p61,SolarCycle,400967,Alamo 6,TX,584.8314333906875
2030,3,p61,SolarCycle,403557,Aragorn Solar Project,TX,634.0726962614103
2030,3,p61,SolarCycle,400691,Barilla Solar,TX,1049.1805776331958
2030,3,p61,SolarCycle,401946,Bluebell Solar,TX,813.7694811075139
2030,3,p61,SolarCycle,403574,Bluebell Solar II,TX,534.1291922496251
2030,3,p61,SolarCycle,400554,"Bryan Solar, LLC",TX,7086.902577092794
2030,3,p61,SolarCycle,401463,Buckthorn Westex,TX,466.63748920661243
2030,3,p61,SolarCycle,401703,East Pecos Solar,TX,511.49434959159055
2030,3,p61,SolarCycle,405363,Galloway 1 Solar Farm,TX,676.6209377649683
2030,3,p61,SolarCycle,405494,Galloway 2 Solar Farm,TX,1327.85054929795
2030,3,p61,SolarCycle,403210,Greasewood,TX,475.8151375165417
2030,3,p61,SolarCycle,406370,Hayhurst Texas Solar,TX,3198.3384296588597
2030,3,p61,SolarCycle,402304,Midway Solar-TX,TX,512.2271347957328
2030,3,p61,SolarCycle,400695,"OCI Alamo 4, LLC",TX,1618.561807107568
2030,3,p61,SolarCycle,401868,Pearl Solar,TX,664.5589368205634
2030,3,p61,SolarCycle,402290,RE Maplewood,TX,510.07268143927706
2030,3,p61,SolarCycle,401430,RE Roserock,TX,543.1542735162681
2030,3,p61,SolarCycle,402848,Rambler,TX,519.9260191198944
2030,3,p61,SolarCycle,402083,Solaire Holman Solar Project,TX,933.3374936358783
2030,3,p61,SolarCycle,403023,"Taygete Energy Project, LLC",TX,517.6069725558808
2030,3,p61,SolarCycle,404647,Taygete II Energy Project,TX,472.6677462784764
2030,3,p61,SolarCycle,403551,Titan Solar Project,TX,563.1079492898414
2030,3,p61,SolarCycle,406103,Zier Solar,TX,1291.0328277410174
2030,3,p62,SolarCycle,403502,2W Permian Solar Project Hybrid,TX,432.0488274625801
2030,3,p62,SolarCycle,403697,CED Crane Solar,TX,543.5134691774566
2030,3,p62,SolarCycle,401525,Castle Gap Solar Hybrid,TX,460.8566761971293
2030,3,p62,SolarCycle,404599,Emerald Grove,TX,656.7007834193334
2030,3,p62,SolarCycle,403004,Lapetus,TX,564.865189533054
2030,3,p62,SolarCycle,403280,Oberon IA,TX,438.28330533103826
2030,3,p62,SolarCycle,403279,Oberon IB,TX,658.0907979996389
2030,3,p62,SolarCycle,403602,Oxy Renewable Energy-Goldsmith,TX,999.8743938269123
2030,3,p62,SolarCycle,402679,Phoebe Solar,TX,450.0589960703064
2030,3,p62,SolarCycle,403177,Prospero Solar,TX,460.9069771370314
2030,3,p62,SolarCycle,404128,Prospero Solar II,TX,581.420510867967
2030,3,p62,SolarCycle,403070,"Roadrunner, LLC",TX,478.2503887072041
2030,3,p62,SolarCycle,401805,Upton County Solar,TX,480.9969982883894
2030,3,p62,SolarCycle,402995,West of the Pecos Solar,TX,479.2147680900289
2030,3,p63,OkonRecycling,405599,"BPL Crown Solar, LLC",TX,1712.5747352400376
2030,3,p63,OkonRecycling,404966,BPL Files Solar,TX,576.2012487205956
2030,3,p63,OkonRecycling,403825,Briar Creek Solar 1,TX,572.4027631898842
2030,3,p63,OkonRecycling,402610,Chisum,TX,3653.057631205023
2030,3,p63,OkonRecycling,403188,Coniglio Solar,TX,559.1099423864845
2030,3,p63,OkonRecycling,406415,Dileo Solar,TX,1123.489183270617
2030,3,p63,OkonRecycling,402655,Eddy II,TX,4958.178749584132
2030,3,p63,OkonRecycling,406221,Eiffel Solar Project,TX,907.1066520494815
2030,3,p63,OkonRecycling,405540,"Ellis Solar, LLC",TX,537.8462329710211
2030,3,p63,OkonRecycling,403823,Elm Branch Solar 1,TX,582.2368505778346
2030,3,p63,OkonRecycling,406206,Five Wells Solar Center - Hybrid,TX,625.7349203870657
2030,3,p63,OkonRecycling,404567,G.S.E. One LLC,TX,641.4523581672945
2030,3,p63,OkonRecycling,403288,Griffin Solar,TX,5162.076501028158
2030,3,p63,OkonRecycling,406202,Grizzly Ridge Solar,TX,1103.8222908650575
2030,3,p63,OkonRecycling,402329,Highway 56 Solar,TX,3226.514224947689
2030,3,p63,OkonRecycling,405319,IKEA Grand Prairie Rooftop PV System,TX,1884.0145716162128
2030,3,p63,OkonRecycling,405689,"IP Radian, LLC",TX,1054.18260546263
2030,3,p63,OkonRecycling,403481,Impact Solar 1,TX,712.6092578090415
2030,3,p63,OkonRecycling,403190,Kellam Solar,TX,1845.9572822104335
2030,3,p63,OkonRecycling,402421,Leon Solar,TX,1489.9404491026262
2030,3,p63,OkonRecycling,403874,Lily Solar Hybrid,TX,524.252718774008
2030,3,p63,OkonRecycling,402404,Marlin Solar,TX,12956.775761037832
2030,3,p63,OkonRecycling,405794,Noble Solar,TX,626.2672700790539
2030,3,p63,OkonRecycling,402405,North Gainesville Solar,TX,2656.759905744991
2030,3,p63,OkonRecycling,401933,Phantom Solar,TX,11288.429126141013
2030,3,p63,OkonRecycling,404872,"Pisgah Ridge Solar, LLC",TX,735.2617922494751
2030,3,p63,OkonRecycling,406416,Pitts Dudik Solar,TX,1997.437051229385
2030,3,p63,OkonRecycling,403189,Rippey Solar,TX,1640.9572643334568
2030,3,p63,OkonRecycling,404630,"Samson Solar Energy III, LLC",TX,569.2860817170258
2030,3,p63,OkonRecycling,402652,Sterling Solar (TX),TX,3330.566510403908
2030,3,p63,OkonRecycling,404812,Sun Valley Solar Project,TX,567.9035113669505
2030,3,p63,OkonRecycling,403457,"TPE Whitney Solar, LLC",TX,3213.3629590503165
2030,3,p63,OkonRecycling,405361,Toyota HQ Plan,TX,1107.6467114687819
2030,3,p63,OkonRecycling,405907,Verizon Hidden Ridge Solar Project,TX,995.9419185322608
2030,3,p63,OkonRecycling,405984,Waco Solar,TX,519.3469485606461
2030,3,p63,OkonRecycling,402306,Walnut Springs Solar,TX,5156.046880718549
2030,3,p63,OkonRecycling,402497,West Moore Solar II,TX,8001.4232620736575
2030,3,p63,OkonRecycling,402330,Whitesboro Solar,TX,3392.37577955875
2030,3,p63,OkonRecycling,402331,Whitesboro Solar II,TX,2915.452245620468
2030,3,p63,OkonRecycling,402414,Whitewright Solar,TX,2197.8089634574144
2030,3,p63,OkonRecycling,402654,Yellow Jacket,TX,20075.3493003397
2030,3,p64,OkonRecycling,405731,Austin TX GigaFactory,TX,18685.01928926885
2030,3,p64,OkonRecycling,404721,"Blue Jay Solar I, LLC",TX,669.7000164224706
2030,3,p64,OkonRecycling,402389,"E-Volve Energy Holdings, LLC",TX,101459.0315208712
2030,3,p64,OkonRecycling,400227,East Blackland Solar Project 1,TX,839.5724589552775
2030,3,p64,OkonRecycling,405101,IKEA Round Rock 027,TX,88103.28323262121
2030,3,p64,SolarCycle,402653,Lampwick,TX,6464.713633248697
2030,3,p64,OkonRecycling,405613,Niagara Bottling - Seguin,TX,36128.50684578055
2030,3,p64,OkonRecycling,400249,Webberville Solar Project,TX,1538.551288055811
2030,3,p65,OkonRecycling,405700,Aktina Solar,TX,1533.0325930538622
2030,3,p65,OkonRecycling,405727,Bernard Creek Solar,TX,2667.3305017307803
2030,3,p65,OkonRecycling,401728,CPS 1 Community Solar,TX,279388.7117470814
2030,3,p65,OkonRecycling,402656,Cascade Solar (TX),TX,56311.63516923224
2030,3,p65,SolarCycle,404247,"Corazon Energy, LLC",TX,4241.194483038364
2030,3,p65,OkonRecycling,404359,FELPS 1-Calaveras,TX,145237.78770597823
2030,3,p65,OkonRecycling,404361,FELPS 2-Calaveras,TX,579737.8325000704
2030,3,p65,OkonRecycling,404739,FELPS 6- Floresville West,TX,295250.3067247705
2030,3,p65,OkonRecycling,404740,FELPS 7- Floresville West,TX,589910.1641122545
2030,3,p65,OkonRecycling,406516,Ganado Solar,TX,4155.741744707846
2030,3,p65,SolarCycle,405801,Horizon Solar,TX,1954.070238268309
2030,3,p65,OkonRecycling,405380,IKEA Live Oak Rooftop PV System,TX,157306.79557161065
2030,3,p65,SolarCycle,403343,Mars Solar,TX,28006.793638067666
2030,3,p65,OkonRecycling,404877,Nebula Solar,TX,4238.603546848502
2030,3,p65,OkonRecycling,400694,"OCI Alamo 2, LLC",TX,62574.683429845456
2030,3,p65,OkonRecycling,400965,"OCI Alamo 3, LLC",TX,33372.24900394379
2030,3,p65,SolarCycle,400966,"OCI Alamo 5, LLC",TX,6044.518749806563
2030,3,p65,OkonRecycling,400593,OCI Alamo Solar I Hybrid,TX,3968.4484912070275
2030,3,p65,OkonRecycling,405545,Sparta Solar,TX,3064.03612699549
2030,3,p65,OkonRecycling,400379,"SunE CPS1, LLC",TX,29891.474476676372
2030,3,p65,OkonRecycling,400364,"SunE CPS2, LLC",TX,20114.66938591929
2030,3,p66,OkonRecycling,406386,Umbriel Solar,TX,3338.0800951411925
2030,3,p67,OkonRecycling,404939,Brazoria County Solar Project (Danciger),TX,1237.734788878847
2030,3,p67,OkonRecycling,404681,Brazoria West,TX,1250.7687420810498
2030,3,p67,OkonRecycling,404587,Fighting Jays Solar Project,TX,1117.296472500773
2030,3,p67,OkonRecycling,405564,"Fort Bend Solar, LLC",TX,1034.2443539769224
2030,3,p67,OkonRecycling,404853,"Longbow Solar, LLC",TX,6404.965952046282
2030,3,p67,OkonRecycling,403514,Wagyu,TX,1103.3232212269313
2030,4,p12,ComstockMetals,402144,Battle Mountain Solar Project,NV,1512.1378662229645
2030,4,p12,ComstockMetals,405025,Brady,NV,698.6580068717038
2030,4,p12,ComstockMetals,405553,Dodge Flat,NV,426.4126197070324
2030,4,p12,ComstockMetals,402609,"EGP Stillwater Solar PV II, LLC",NV,1811.2801239211935
2030,4,p12,ComstockMetals,404659,Fish Springs,NV,493.4479452282607
2030,4,p12,ComstockMetals,401086,Ft. Churchill PV,NV,572.5493678792022
2030,4,p12,ComstockMetals,405028,Galena 2 Geothermal Power Plant,NV,1131.5477336606816
2030,4,p12,ComstockMetals,402130,Luning Energy,NV,1651.7019401489472
2030,4,p12,ComstockMetals,400468,"Patua Acquisition Project, LLC",NV,941.5425277338009
2030,4,p12,ComstockMetals,405021,Steamboat Hills LP,NV,1503.499934015957
2030,4,p12,ComstockMetals,405023,Steamboat II,NV,827.0216311375217
2030,4,p12,ComstockMetals,405024,Steamboat III,NV,830.1819558650182
2030,4,p12,ComstockMetals,400029,Stillwater Facility,NV,1703.8361525019793
2030,4,p12,ComstockMetals,401318,Sunshine Valley Solar,NV,2308.429833512629
2030,4,p12,ComstockMetals,405026,TS Power Plant,NV,1719.0470690644954
2030,4,p12,ComstockMetals,405576,Tesla Reno GigaFactory,NV,950.1738048393329
2030,4,p12,ComstockMetals,401943,Tungsten Mountain,NV,9288.167215054147
2030,4,p12,ComstockMetals,403308,Turquoise Liberty Solar,NV,897.8293886509236
2030,4,p12,ComstockMetals,403884,"Turquoise Nevada, LLC",NV,456.02599383871063
2030,4,p12,ComstockMetals,400035,Western 102 Power Plant,NV,1798.565478370299
2030,4,p13,WeRecycleSolar,400555,Apex Solar PV Power Project,NV,10048.786461103286
2030,4,p13,WeRecycleSolar,405385,Arrow Canyon Solar Hybrid,NV,888.3776384130648
2030,4,p13,WeRecycleSolar,402017,"Boulder Solar II, LLC",NV,7277.395856221387
2030,4,p13,WeRecycleSolar,401649,"Boulder Solar Power, LLC",NV,3849.254109422305
2030,4,p13,WeRecycleSolar,400059,CM10,NV,34651.48357632518
2030,4,p13,WeRecycleSolar,400363,Copper Mountain Solar 2,NV,2615.8308994672825
2030,4,p13,WeRecycleSolar,403688,"Copper Mountain Solar 5, LLC",NV,1081.3455500204375
2030,4,p13,WeRecycleSolar,405358,Dignity - San Martin,NV,74543.14417648657
2030,4,p13,WeRecycleSolar,405355,Dignity - Siena Campus,NV,130776.74391771444
2030,4,p13,WeRecycleSolar,405556,Dry Lake Solar Energy Center,NV,913.1094633682651
2030,4,p13,WeRecycleSolar,405495,Gemini Solar,NV,730.550698918601
2030,4,p13,WeRecycleSolar,406090,IGS LAS1,NV,91515.31145505249
2030,4,p13,WeRecycleSolar,406089,IGS VGT,NV,381299.22486615676
2030,4,p13,WeRecycleSolar,405309,IKEA Las Vegas 462,NV,95275.2615228444
2030,4,p13,WeRecycleSolar,400545,Las Vegas WPCF Solar Plant,NV,112532.6278199278
2030,4,p13,WeRecycleSolar,400313,Moapa Southern Paiute,NV,1945.9240385215446
2030,4,p13,WeRecycleSolar,400600,Mountain View Solar,NV,6814.066363359235
2030,4,p13,WeRecycleSolar,400036,Nellis Air Force Base Solar Array,NV,32098.053208542886
2030,4,p13,WeRecycleSolar,401319,"Playa Solar 1, LLC",NV,2825.9485069258126
2030,4,p13,WeRecycleSolar,401274,River Mountains Solar,NV,25143.376414486294
2030,4,p13,WeRecycleSolar,401042,Searchlight Solar,NV,4038.0253231292018
2030,4,p13,WeRecycleSolar,400658,Silver State Solar Power South,NV,870.3164521527838
2030,4,p13,WeRecycleSolar,405246,"Solar Las Vegas MB 2, LLC",NV,125251.04153466066
2030,4,p13,WeRecycleSolar,405188,Solar Las Vegas MB-1,NV,76887.96873563061
2030,4,p13,WeRecycleSolar,402485,"Techren Solar I, LLC",NV,2128.528716693606
2030,4,p13,WeRecycleSolar,402690,"Techren Solar II, LLC",NV,2129.9665453235743
2030,4,p13,WeRecycleSolar,402691,"Techren Solar III, LLC",NV,14206.187645171354
2030,4,p13,WeRecycleSolar,402692,"Techren Solar IV, LLC",NV,14260.400240241706
2030,4,p13,WeRecycleSolar,403001,Techren Solar V,NV,7329.957794258675
2030,4,p13,WeRecycleSolar,401851,Townsite Solar Project Hybrid,NV,1123.8888277818633
2030,4,p13,WeRecycleSolar,406448,Yellow Pine II,NV,1545.1293892202248
2030,4,p13,WeRecycleSolar,404971,Yellow Pine Solar,NV,1493.204152861158
2030,4,p27,WeRecycleSolar,402236,Gray Hawk Solar,AZ,1072.028632370796
2030,4,p27,WeRecycleSolar,401819,Jacobson 5 MW Solar,AZ,14559.20078113553
2030,4,p27,WeRecycleSolar,403718,Mohave Electric Cooperative at Joy Lane,AZ,3664.3579408931582
2030,4,p27,WeRecycleSolar,401311,Mohave Electric at Fort Mohave,AZ,7803.045898882453
2030,4,p27,WeRecycleSolar,406478,Mohave Energy - Hybrid,AZ,4102.012542767287
2030,4,p28,WeRecycleSolar,405418,AZ State University - Tempe Campus Solar,AZ,2952.4630061731978
2030,4,p28,WeRecycleSolar,400148,Agua Caliente Solar Project,AZ,619.6014293007293
2030,4,p28,FabTechSolar,402067,Apache Solar 1,AZ,5377.756453421047
2030,4,p28,WeRecycleSolar,400240,Arlington Valley Solar Energy II,AZ,567.2610789839915
2030,4,p28,FabTechSolar,401688,Bonnybrooke PV,AZ,685.602440349952
2030,4,p28,WeRecycleSolar,400371,Buckeye Union HS District 201,AZ,13072.14574112238
2030,4,p28,FabTechSolar,405635,"Central Line Solar, LLC",AZ,517.6740252502439
2030,4,p28,WeRecycleSolar,401069,Desert Star Hybrid,AZ,2114.484237203983
2030,4,p28,FabTechSolar,403257,East Line Solar,AZ,557.3076054460669
2030,4,p28,FabTechSolar,406171,Eleven Mile Solar Center,AZ,449.24650529386537
2030,4,p28,WeRecycleSolar,405244,Estrella Mountain PV,AZ,13195.039806664829
2030,4,p28,WeRecycleSolar,400349,Foothills Solar Plant Hybrid,AZ,3242.1377535012152
2030,4,p28,FabTechSolar,400825,Fort Huachuca Solar PV Project,AZ,2783.7455077752943
2030,4,p28,FabTechSolar,400599,"Gilbert Solar Facility I, LLC",AZ,3501.6840335201086
2030,4,p28,WeRecycleSolar,400204,Hyder Solar Hybrid,AZ,1826.6845350732651
2030,4,p28,FabTechSolar,405282,Intel - Ocotillo Campus Solar,AZ,1152.7953811046611
2030,4,p28,WeRecycleSolar,405125,Jewish Community Center PV,AZ,9383.851713589802
2030,4,p28,WeRecycleSolar,402234,Kayenta Solar Project,AZ,6993.584873220932
2030,4,p28,WeRecycleSolar,400595,Lake Pleasant WTP,AZ,7031.4622658449425
2030,4,p28,WeRecycleSolar,400128,Luke Solar,AZ,1592.7255779080015
2030,4,p28,WeRecycleSolar,405068,Macys Goodyear,AZ,5007.665041537121
2030,4,p28,WeRecycleSolar,406279,McFarland A Solar and Storage,AZ,717.3486747056472
2030,4,p28,FabTechSolar,405617,Mesa Carport PV,AZ,3876.116200928644
2030,4,p28,FabTechSolar,404512,Mesa Solar Array,AZ,4373.182731997559
2030,4,p28,WeRecycleSolar,400250,Mesquite Solar 1,AZ,469.70674270219666
2030,4,p28,WeRecycleSolar,401622,"Mesquite Solar 3, LLC",AZ,639.1467770407564
2030,4,p28,WeRecycleSolar,406038,"Mesquite Solar 4, LLC",AZ,1078.6069208684826
2030,4,p28,WeRecycleSolar,404922,"Mesquite Solar 5, LLC",AZ,1573.6033467779735
2030,4,p28,WeRecycleSolar,403572,OE_AZ1,AZ,2475.9240567825623
2030,4,p28,WeRecycleSolar,400203,Paloma Solar Hybrid,AZ,4085.249226775126
2030,4,p28,WeRecycleSolar,405150,Phoenix Airport East Economy Lot,AZ,2149.4689023308265
2030,4,p28,WeRecycleSolar,405151,Phoenix Airport Rental Car Center,AZ,1363.742503514555
2030,4,p28,FabTechSolar,402528,Pinal Central Energy Center Hybrid,AZ,1517.5062791473547
2030,4,p28,FabTechSolar,400125,"Poseidon Solar, LLC",AZ,1773.6246317944338
2030,4,p28,WeRecycleSolar,400031,Prescott Airport,AZ,21305.391511178852
2030,4,p28,FabTechSolar,400323,Queen Creek Solar Farm,AZ,1120.3722568815576
2030,4,p28,WeRecycleSolar,400289,"RE Bagdad Solar I, LLC",AZ,10090.182119791934
2030,4,p28,WeRecycleSolar,405132,"RE Gillespie 1, LLC",AZ,2397.0772478615736
2030,4,p28,FabTechSolar,400758,Red Horse 2,AZ,3484.977345427092
2030,4,p28,FabTechSolar,401726,Red Rock,AZ,2486.8899854155434
2030,4,p28,FabTechSolar,406380,SR McNeal,AZ,4481.047145587369
2030,4,p28,WeRecycleSolar,400416,Saddle Mountain Solar I,AZ,3484.3153955464745
2030,4,p28,FabTechSolar,403674,Saint Solar,AZ,520.8244088326859
2030,4,p28,FabTechSolar,401214,Sandstone Solar,AZ,801.362028877552
2030,4,p28,WeRecycleSolar,405029,Solana Generating Station,AZ,508.6065464846706
2030,4,p28,WeRecycleSolar,406275,Sonoran Solar Energy,AZ,459.5706327348538
2030,4,p28,FabTechSolar,406034,Storey Solar and Storage,AZ,585.4155629003892
2030,4,p28,FabTechSolar,401664,Sulphur Springs,AZ,5205.996552536949
2030,4,p28,WeRecycleSolar,403643,Sun Streams 2,AZ,540.1926561131185
2030,4,p28,WeRecycleSolar,406517,Sun Streams 3,AZ,496.10514925509796
2030,4,p28,WeRecycleSolar,401975,"Sun Streams, LLC",AZ,535.1056525371798
2030,4,p28,WeRecycleSolar,405311,T0588 Phoenix - AZ,AZ,5292.16383485633
2030,4,p28,FabTechSolar,405134,Union HS at Casa Grande,AZ,5786.742493588387
2030,4,p28,FabTechSolar,405135,Vista Grande HS at Casa Grande,AZ,28416.76411565228
2030,4,p28,FabTechSolar,406098,"West Line Solar, LLC",AZ,517.7277820433843
2030,4,p29,FabTechSolar,400014,Springerville,AZ,1323.564179780877
2030,4,p30,FabTechSolar,405143,Actus Lend Lease DMAFB,AZ,8996.761381371973
2030,4,p30,FabTechSolar,405611,Amazon TUS2,AZ,31833.127244543186
2030,4,p30,FabTechSolar,405268,Amphitheater High School Solar,AZ,71547.773471243
2030,4,p30,FabTechSolar,400939,Avalon Solar,AZ,1120.056611144391
2030,4,p30,FabTechSolar,400226,Avra Valley Solar,AZ,1135.730066067983
2030,4,p30,FabTechSolar,404704,Broadway 2 - Tucson Phase II,AZ,11382.063090236472
2030,4,p30,FabTechSolar,405269,Canyon Del Oro High School Solar,AZ,7905.178739532652
2030,4,p30,FabTechSolar,401295,Davis Monthan AFB (AZ) West Airfield,AZ,3499.031930427829
2030,4,p30,FabTechSolar,404536,Iron Horse Battery Storage Hybrid,AZ,42192.74865483045
2030,4,p30,FabTechSolar,400552,"Picture Rocks Solar, LLC",AZ,824.9641566810305
2030,4,p30,FabTechSolar,405374,Pima Community College,AZ,18726.66012671327
2030,4,p30,FabTechSolar,405303,Pima Community College - East Campus,AZ,29951.635622556954
2030,4,p30,FabTechSolar,405516,Pima Community College NW,AZ,51250.026519326115
2030,4,p30,FabTechSolar,404926,Raptor Ridge,AZ,3594.4879913010445
2030,4,p30,FabTechSolar,400857,Rio Rico Solar,AZ,6573.933243932399
2030,4,p30,FabTechSolar,401076,Tech Park Solar,AZ,5871.499780743177
2030,4,p30,FabTechSolar,400156,UASTP I,AZ,70324.68500015508
2030,4,p30,FabTechSolar,401075,Valencia Solar,AZ,4832.071840927462
2030,4,p30,FabTechSolar,404187,"Wilmot Energy Center, LLC",AZ,726.8135301020341
2030,4,p31,SolarCycle,400211,Alamogordo Solar Energy Center,NM,14097.748591633546
2030,4,p31,FabTechSolar,400206,Albuquerque Solar Energy Center,NM,97484.96206316332
2030,4,p31,SolarCycle,403675,Alcalde Solar Array,NM,90776.44582916543
2030,4,p31,FabTechSolar,405469,Arroyo Solar Energy Storage Hybrid,NM,853.1940887283356
2030,4,p31,FabTechSolar,403321,Bluewater CDEC 1,NM,96901.87571932613
2030,4,p31,SolarCycle,403736,Britton Solar Energy Center,NM,11472.698431181767
2030,4,p31,SolarCycle,402876,CNMEC Solar Energy Center,NM,265398.1307240694
2030,4,p31,SolarCycle,402519,Carrizozo Solar,NM,139374.87229550432
2030,4,p31,FabTechSolar,402988,City of Gallup Solar,NM,26413.538599697495
2030,4,p31,FabTechSolar,403604,City of Rio Rancho WWTP,NM,235134.79971714455
2030,4,p31,FabTechSolar,401225,City of Truth or Consequences PV,NM,123548.67130727724
2030,4,p31,FabTechSolar,400209,Deming Solar Energy Center,NM,12719.977945552027
2030,4,p31,FabTechSolar,403868,Encino Solar Energy Center,NM,5564.344087362059
2030,4,p31,FabTechSolar,401038,Eubank Landfill Solar Array,NM,146330.28299553637
2030,4,p31,FabTechSolar,403322,Grants CDEC 2,NM,104554.71554470365
2030,4,p31,FabTechSolar,400216,"Hatch Solar Energy Center I, LLC",NM,96207.15532580843
2030,4,p31,SolarCycle,401617,Holloman Solar Facility,NM,82822.79294131619
2030,4,p31,FabTechSolar,406109,"Jicarilla Solar 1, LLC",NM,4328.838592508481
2030,4,p31,SolarCycle,400210,Las Vegas Solar Energy Center,NM,37534.21660941745
2030,4,p31,FabTechSolar,400207,Los Lunas Solar Energy Center,NM,79152.41946296512
2030,4,p31,FabTechSolar,400838,Macho Springs,NM,2589.119434916067
2030,4,p31,FabTechSolar,400582,Manzano Solar,NM,35358.58024645172
2030,4,p31,SolarCycle,401201,Meadow Lake Solar Energy Center,NM,21205.103185910742
2030,4,p31,SolarCycle,405693,NMSU Solar and Storage,NM,155033.55037111152
2030,4,p31,FabTechSolar,406375,OE_ESCL,NM,2713.1269348692817
2030,4,p31,SolarCycle,400581,Otero Solar,NM,54310.134395211426
2030,4,p31,SolarCycle,400146,Questa Solar Facility,NM,692481.7986225607
2030,4,p31,FabTechSolar,401566,Rio Communities Solar Energy Center,NM,14170.378636169291
2030,4,p31,FabTechSolar,400624,Rio Rancho High School,NM,290918.35691209475
2030,4,p31,SolarCycle,400135,Roadrunner Solar,NM,22940.49390698097
2030,4,p31,FabTechSolar,404648,"Route 66 Energy Center, LLC",NM,3664.198224398867
2030,4,p31,SolarCycle,403387,San Miguel I Solar Energy Center,NM,11482.079124489575
2030,4,p31,SolarCycle,405458,San Miguel II Solar Energy Center,NM,14258.286995672388
2030,4,p31,SolarCycle,401564,Santa Fe Solar Energy Center,NM,32083.15543504063
2030,4,p31,FabTechSolar,401563,South Valley Solar Energy Center,NM,14444.531619266816
2030,4,p31,SolarCycle,401162,Springer Solar 1,NM,340223.9441725851
2030,4,p31,SolarCycle,400735,Storrie Lake Solar Project,NM,93262.02095480876
2030,4,p31,SolarCycle,400343,"SunE EPE1, LLC",NM,21412.796950944663
2030,4,p31,SolarCycle,402854,Syncarpha Eagle Nest,NM,657783.4268687033
2030,4,p31,SolarCycle,403412,Syncarpha El Rito,NM,214024.12250636323
2030,4,p31,SolarCycle,403413,Syncarpha Questa,NM,438774.60678017384
2030,4,p31,SolarCycle,403411,Syncarpha Taos,NM,53450.621474072956
2030,4,p31,SolarCycle,404618,Taos Mesa Energy Facility Hybrid,NM,22550.087078045257
2030,4,p31,SolarCycle,400354,WSMR I,NM,32190.250907259502
2030,4,p31,FabTechSolar,405245,Wal-Mart Truth or Consequences PV,NM,236378.8281284566
2030,4,p47,SolarCycle,400979,"Caprock Solar 1, LLC",NM,5229.35433188488
2030,4,p47,SolarCycle,404980,Chaves County Solar II,NM,8986.68241021144
2030,4,p47,SolarCycle,401681,"Chaves Solar, LLC",NM,4096.321931219762
2030,4,p47,SolarCycle,400614,GSE NM1,NM,138857.70424961444
2030,4,p47,SolarCycle,404982,Hayhurst New Mexico Solar,NM,3207.3095034553726
2030,4,p47,SolarCycle,401682,"Roswell Solar, LLC",NM,4128.749832631375
2030,4,p47,SolarCycle,400546,SEV NM Phase 2,NM,92898.53826713507
2030,4,p47,SolarCycle,400260,SPS1 Dollarhide,NM,4338.102960996744
2030,4,p47,SolarCycle,400261,SPS2 Jal,NM,8911.385632743397
2030,4,p47,SolarCycle,400262,SPS3 Lea,NM,6632.825746737997
2030,4,p47,SolarCycle,400264,SPS5 Hopi,NM,18731.80961660062
2030,4,p48,SolarCycle,406439,"BESSP1, LLC",TX,5739.209526675325
2030,4,p48,SolarCycle,405590,"Hecate Energy Frye Solar, LLC",TX,662.9074194244776
2030,4,p57,OkonRecycling,404918,"Hecate Energy Upshur Rural, LLC",TX,4284.277630269297
2030,4,p59,SolarCycle,402666,Fort Bliss (DEA EPIC),TX,31368.12318331299
2030,4,p59,SolarCycle,401616,Montana Solar Facility,TX,10316.953035279868
2030,4,p59,SolarCycle,401045,Newman Solar,TX,2411.9157933551246
2030,4,p60,SolarCycle,403962,"ANSON Solar Center, LLC",TX,937.6694514176774
2030,4,p60,OkonRecycling,403883,Azure Sky Solar,TX,649.1612141194795
2030,4,p60,SolarCycle,403232,"ENGIE Long Draw Solar, LLC",TX,554.989211835211
2030,4,p60,SolarCycle,406252,Highpeak Solar 1,TX,3076.0229247554853
2030,4,p60,SolarCycle,402721,Holstein 1 Solar Farm,TX,617.5838971678855
2030,4,p60,SolarCycle,405492,Juno Solar Project,TX,517.0042519495494
2030,4,p60,SolarCycle,402541,Lamesa II,TX,850.5192200169943
2030,4,p60,SolarCycle,401660,Lamesa Solar,TX,694.8952638943904
2030,4,p60,SolarCycle,405932,Lumina II Solar Project,TX,896.0675389862865
2030,4,p60,SolarCycle,405933,Lumina Solar Project,TX,630.8686495462127
2030,4,p60,SolarCycle,402909,Misae Solar,TX,1020.6010681006055
2030,4,p60,OkonRecycling,400968,"OCI Alamo 7, LLC",TX,1452.9024246497506
2030,4,p60,SolarCycle,405939,Texas Solar Nova 1,TX,636.2900045503396
2030,4,p61,SolarCycle,400967,Alamo 6,TX,769.6628667813752
2030,4,p61,SolarCycle,403557,Aragorn Solar Project,TX,634.0726962614103
2030,4,p61,SolarCycle,400691,Barilla Solar,TX,1049.1805776331958
2030,4,p61,SolarCycle,401946,Bluebell Solar,TX,917.2118513843923
2030,4,p61,SolarCycle,403574,Bluebell Solar II,TX,534.1291922496251
2030,4,p61,SolarCycle,400554,"Bryan Solar, LLC",TX,7086.902577092794
2030,4,p61,SolarCycle,401463,Buckthorn Westex,TX,466.63748920661243
2030,4,p61,SolarCycle,401703,East Pecos Solar,TX,567.2415243873858
2030,4,p61,SolarCycle,405363,Galloway 1 Solar Farm,TX,607.4657033237262
2030,4,p61,SolarCycle,405494,Galloway 2 Solar Farm,TX,1327.85054929795
2030,4,p61,SolarCycle,403210,Greasewood,TX,501.08685002205533
2030,4,p61,SolarCycle,406370,Hayhurst Texas Solar,TX,3198.3384296588597
2030,4,p61,SolarCycle,402304,Midway Solar-TX,TX,512.2271347957328
2030,4,p61,SolarCycle,400695,"OCI Alamo 4, LLC",TX,1618.561807107568
2030,4,p61,SolarCycle,401868,Pearl Solar,TX,664.5589368205634
2030,4,p61,SolarCycle,402290,RE Maplewood,TX,482.55451107945765
2030,4,p61,SolarCycle,401430,RE Roserock,TX,519.2952279302235
2030,4,p61,SolarCycle,402848,Rambler,TX,519.9260191198944
2030,4,p61,SolarCycle,402083,Solaire Holman Solar Project,TX,933.3374936358783
2030,4,p61,SolarCycle,403023,"Taygete Energy Project, LLC",TX,517.6069725558808
2030,4,p61,SolarCycle,404647,Taygete II Energy Project,TX,472.6677462784764
2030,4,p61,SolarCycle,403551,Titan Solar Project,TX,563.1079492898414
2030,4,p61,SolarCycle,406103,Zier Solar,TX,1291.0328277410174
2030,4,p62,SolarCycle,403502,2W Permian Solar Project Hybrid,TX,432.0488274625801
2030,4,p62,SolarCycle,403697,CED Crane Solar,TX,495.6756461183044
2030,4,p62,SolarCycle,401525,Castle Gap Solar Hybrid,TX,460.8566761971293
2030,4,p62,SolarCycle,404599,Emerald Grove,TX,656.7007834193334
2030,4,p62,SolarCycle,403004,Lapetus,TX,523.6488921497905
2030,4,p62,SolarCycle,403280,Oberon IA,TX,438.28330533103826
2030,4,p62,SolarCycle,403279,Oberon IB,TX,658.0907979996389
2030,4,p62,SolarCycle,403602,Oxy Renewable Energy-Goldsmith,TX,999.8743938269123
2030,4,p62,SolarCycle,402679,Phoebe Solar,TX,441.7158300585887
2030,4,p62,SolarCycle,403177,Prospero Solar,TX,460.9069771370314
2030,4,p62,SolarCycle,404128,Prospero Solar II,TX,581.420510867967
2030,4,p62,SolarCycle,403070,"Roadrunner, LLC",TX,478.2503887072041
2030,4,p62,SolarCycle,401805,Upton County Solar,TX,480.9969982883894
2030,4,p62,SolarCycle,402995,West of the Pecos Solar,TX,463.3718144720231
2030,4,p63,OkonRecycling,405599,"BPL Crown Solar, LLC",TX,1712.5747352400376
2030,4,p63,OkonRecycling,404966,BPL Files Solar,TX,517.4674991470636
2030,4,p63,OkonRecycling,403825,Briar Creek Solar 1,TX,658.6041447848264
2030,4,p63,OkonRecycling,402610,Chisum,TX,6906.115262410045
2030,4,p63,OkonRecycling,403188,Coniglio Solar,TX,559.1099423864845
2030,4,p63,OkonRecycling,406415,Dileo Solar,TX,1846.978366541234
2030,4,p63,OkonRecycling,402655,Eddy II,TX,4958.178749584132
2030,4,p63,OkonRecycling,406221,Eiffel Solar Project,TX,907.1066520494815
2030,4,p63,OkonRecycling,405540,"Ellis Solar, LLC",TX,537.8462329710211
2030,4,p63,OkonRecycling,403823,Elm Branch Solar 1,TX,582.2368505778346
2030,4,p63,OkonRecycling,406206,Five Wells Solar Center - Hybrid,TX,625.7349203870657
2030,4,p63,OkonRecycling,404567,G.S.E. One LLC,TX,593.1618865338356
2030,4,p63,OkonRecycling,403288,Griffin Solar,TX,24210.38250514079
2030,4,p63,OkonRecycling,406202,Grizzly Ridge Solar,TX,1103.8222908650575
2030,4,p63,OkonRecycling,402329,Highway 56 Solar,TX,3226.514224947689
2030,4,p63,OkonRecycling,405319,IKEA Grand Prairie Rooftop PV System,TX,1884.0145716162128
2030,4,p63,OkonRecycling,405689,"IP Radian, LLC",TX,1054.18260546263
2030,4,p63,OkonRecycling,403481,Impact Solar 1,TX,712.6092578090415
2030,4,p63,OkonRecycling,403190,Kellam Solar,TX,1845.9572822104335
2030,4,p63,OkonRecycling,402421,Leon Solar,TX,1489.9404491026262
2030,4,p63,OkonRecycling,403874,Lily Solar Hybrid,TX,524.252718774008
2030,4,p63,OkonRecycling,405794,Noble Solar,TX,626.2672700790539
2030,4,p63,OkonRecycling,402405,North Gainesville Solar,TX,5665.773113404979
2030,4,p63,OkonRecycling,401933,Phantom Solar,TX,4029.4763753803372
2030,4,p63,OkonRecycling,404872,"Pisgah Ridge Solar, LLC",TX,511.75393074982503
2030,4,p63,OkonRecycling,406416,Pitts Dudik Solar,TX,1997.437051229385
2030,4,p63,OkonRecycling,403189,Rippey Solar,TX,1640.9572643334568
2030,4,p63,OkonRecycling,404630,"Samson Solar Energy III, LLC",TX,569.2860817170258
2030,4,p63,OkonRecycling,402652,Sterling Solar (TX),TX,3330.566510403908
2030,4,p63,OkonRecycling,404812,Sun Valley Solar Project,TX,567.9035113669505
2030,4,p63,OkonRecycling,403457,"TPE Whitney Solar, LLC",TX,4620.044438575474
2030,4,p63,OkonRecycling,405361,Toyota HQ Plan,TX,1579.411185781303
2030,4,p63,OkonRecycling,405907,Verizon Hidden Ridge Solar Project,TX,1081.0764783225836
2030,4,p63,OkonRecycling,405984,Waco Solar,TX,519.3469485606461
2030,4,p63,OkonRecycling,402306,Walnut Springs Solar,TX,9912.093761437098
2030,4,p63,OkonRecycling,402497,West Moore Solar II,TX,8001.4232620736575
2030,4,p63,OkonRecycling,402330,Whitesboro Solar,TX,4140.469724448436
2030,4,p63,OkonRecycling,402331,Whitesboro Solar II,TX,3418.5426947445612
2030,4,p63,OkonRecycling,402414,Whitewright Solar,TX,1838.2471707659317
2030,4,p63,OkonRecycling,402654,Yellow Jacket,TX,6958.449766779901
2030,4,p64,OkonRecycling,405731,Austin TX GigaFactory,TX,24780.02571902513
2030,4,p64,OkonRecycling,404721,"Blue Jay Solar I, LLC",TX,939.4000328449413
2030,4,p64,OkonRecycling,402389,"E-Volve Energy Holdings, LLC",TX,101459.0315208712
2030,4,p64,OkonRecycling,400227,East Blackland Solar Project 1,TX,619.7862294776387
2030,4,p64,OkonRecycling,405101,IKEA Round Rock 027,TX,29634.42774420707
2030,4,p64,SolarCycle,402653,Lampwick,TX,18594.140899746093
2030,4,p64,OkonRecycling,405613,Niagara Bottling - Seguin,TX,9332.126711445138
2030,4,p64,OkonRecycling,400249,Webberville Solar Project,TX,2677.1025761116225
2030,4,p65,OkonRecycling,405700,Aktina Solar,TX,966.5162965269308
2030,4,p65,OkonRecycling,405727,Bernard Creek Solar,TX,1533.6652508653901
2030,4,p65,OkonRecycling,402656,Cascade Solar (TX),TX,28355.817584616125
2030,4,p65,SolarCycle,404247,"Corazon Energy, LLC",TX,4241.194483038364
2030,4,p65,SolarCycle,404062,Elara Solar,TX,2786.264648421635
2030,4,p65,OkonRecycling,404359,FELPS 1-Calaveras,TX,579751.1508239129
2030,4,p65,OkonRecycling,404361,FELPS 2-Calaveras,TX,579737.8325000704
2030,4,p65,OkonRecycling,404739,FELPS 6- Floresville West,TX,590100.613449541
2030,4,p65,OkonRecycling,404740,FELPS 7- Floresville West,TX,589910.1641122545
2030,4,p65,OkonRecycling,406516,Ganado Solar,TX,4155.741744707846
2030,4,p65,SolarCycle,405801,Horizon Solar,TX,1436.0468255122057
2030,4,p65,OkonRecycling,405380,IKEA Live Oak Rooftop PV System,TX,78853.39778580533
2030,4,p65,SolarCycle,403343,Mars Solar,TX,83220.38091420295
2030,4,p65,OkonRecycling,404877,Nebula Solar,TX,4238.603546848502
2030,4,p65,OkonRecycling,400694,"OCI Alamo 2, LLC",TX,124749.36685969093
2030,4,p65,OkonRecycling,400965,"OCI Alamo 3, LLC",TX,99316.74701183138
2030,4,p65,SolarCycle,400966,"OCI Alamo 5, LLC",TX,2281.5062499355213
2030,4,p65,SolarCycle,405809,Shakes Solar,TX,1928.4275163238935
2030,4,p65,OkonRecycling,405545,Sparta Solar,TX,3064.03612699549
2030,4,p65,OkonRecycling,400379,"SunE CPS1, LLC",TX,29891.474476676372
2030,4,p65,OkonRecycling,400364,"SunE CPS2, LLC",TX,20114.66938591929
2030,4,p65,OkonRecycling,400353,"SunE CPS3, LLC",TX,28660.94635283181
2030,4,p65,OkonRecycling,406032,Tres Bahias,TX,3608.045472821796
2030,4,p66,OkonRecycling,406386,Umbriel Solar,TX,3338.0800951411925
2030,4,p67,OkonRecycling,404939,Brazoria County Solar Project (Danciger),TX,958.4898592525648
2030,4,p67,OkonRecycling,404681,Brazoria West,TX,967.1791613873664
2030,4,p67,OkonRecycling,404587,Fighting Jays Solar Project,TX,878.1976483338486
2030,4,p67,OkonRecycling,405564,"Fort Bend Solar, LLC",TX,1668.4887079538441
2030,4,p67,OkonRecycling,404853,"Longbow Solar, LLC",TX,6404.965952046282
2030,4,p67,OkonRecycling,403514,Wagyu,TX,1103.3232212269313
