Year,Quarter,PCA,Recycler Name,case_id,Site,State,Cost
2026,1,p12,ComstockMetals,402144,Battle Mountain Solar Project,NV,3158.2688075398783
2026,1,p12,ComstockMetals,405025,Brady,NV,1733.2900183438019
2026,1,p12,ComstockMetals,405553,Dodge Flat,NV,449.9102938161836
2026,1,p12,ComstockMetals,404659,Fish Springs,NV,979.412319911359
2026,1,p12,ComstockMetals,401086,Ft. Churchill PV,NV,1011.3547527780921
2026,1,p12,ComstockMetals,405028,Galena 2 Geothermal Power Plant,NV,4028.6963267164106
2026,1,p12,ComstockMetals,400468,"Patua Acquisition Project, LLC",NV,1167.4895648259892
2026,1,p12,ComstockMetals,405021,Steamboat Hills LP,NV,27768.454393659755
2026,1,p12,ComstockMetals,405023,Steamboat II,NV,3123.3427308289706
2026,1,p12,ComstockMetals,405024,Steamboat III,NV,2320.448454853677
2026,1,p12,ComstockMetals,400029,Stillwater Facility,NV,1693.4837303230593
2026,1,p12,ComstockMetals,401318,Sunshine Valley Solar,NV,9866.384773020713
2026,1,p12,ComstockMetals,405026,TS Power Plant,NV,6942.869363191135
2026,1,p12,ComstockMetals,405576,Tesla Reno GigaFactory,NV,1218.7081605813935
2026,1,p12,ComstockMetals,403308,Turquoise Liberty Solar,NV,1634.69159345861
2026,1,p12,ComstockMetals,403884,"Turquoise Nevada, LLC",NV,677.9057451601154
2026,1,p12,ComstockMetals,400035,Western 102 Power Plant,NV,11962.174233524083
2026,1,p13,WeRecycleSolar,400555,Apex Solar PV Power Project,NV,109948.79585447122
2026,1,p13,WeRecycleSolar,405385,Arrow Canyon Solar Hybrid,NV,1984.2460729892523
2026,1,p13,WeRecycleSolar,401649,"Boulder Solar Power, LLC",NV,10190.392703957034
2026,1,p13,WeRecycleSolar,400059,CM10,NV,97619.7072953612
2026,1,p13,WeRecycleSolar,400086,CM48,NV,40845.68084087193
2026,1,p13,WeRecycleSolar,400363,Copper Mountain Solar 2,NV,12978.867188756012
2026,1,p13,WeRecycleSolar,403688,"Copper Mountain Solar 5, LLC",NV,8135.7484142111025
2026,1,p13,WeRecycleSolar,405358,Dignity - San Martin,NV,316072.8127732015
2026,1,p13,WeRecycleSolar,405355,Dignity - Siena Campus,NV,740524.9556713287
2026,1,p13,WeRecycleSolar,405556,Dry Lake Solar Energy Center,NV,7682.071698877144
2026,1,p13,WeRecycleSolar,405495,Gemini Solar,NV,1442.4866260345027
2026,1,p13,WeRecycleSolar,403386,"Harry Allen Solar Energy, LLC",NV,7712.148831740854
2026,1,p13,WeRecycleSolar,406090,IGS LAS1,NV,1034889.9531194281
2026,1,p13,WeRecycleSolar,406089,IGS VGT,NV,721165.103366475
2026,1,p13,WeRecycleSolar,405309,IKEA Las Vegas 462,NV,2154758.104639247
2026,1,p13,WeRecycleSolar,400545,Las Vegas WPCF Solar Plant,NV,636956.441744803
2026,1,p13,WeRecycleSolar,400600,Mountain View Solar,NV,27708.6121815388
2026,1,p13,WeRecycleSolar,400036,Nellis Air Force Base Solar Array,NV,45386.01422475894
2026,1,p13,WeRecycleSolar,401042,Searchlight Solar,NV,103662.02550017532
2026,1,p13,WeRecycleSolar,400658,Silver State Solar Power South,NV,3069.9005730712975
2026,1,p13,WeRecycleSolar,405246,"Solar Las Vegas MB 2, LLC",NV,1417913.1055532473
2026,1,p13,WeRecycleSolar,402691,"Techren Solar III, LLC",NV,26525.068300324183
2026,1,p13,WeRecycleSolar,402692,"Techren Solar IV, LLC",NV,39741.47994933145
2026,1,p13,WeRecycleSolar,401851,Townsite Solar Project Hybrid,NV,12728.153867176605
2026,1,p13,WeRecycleSolar,404971,Yellow Pine Solar,NV,6605.920249755082
2026,1,p27,WeRecycleSolar,400374,"Black Mountain Solar, LLC",AZ,10858.410139845511
2026,1,p27,WeRecycleSolar,402236,Gray Hawk Solar,AZ,4660.87720115168
2026,1,p27,WeRecycleSolar,401819,Jacobson 5 MW Solar,AZ,9377.387701776024
2026,1,p27,WeRecycleSolar,403718,Mohave Electric Cooperative at Joy Lane,AZ,10748.538482416707
2026,1,p27,WeRecycleSolar,401311,Mohave Electric at Fort Mohave,AZ,23868.843416944914
2026,1,p27,WeRecycleSolar,406478,Mohave Energy - Hybrid,AZ,12135.973797877848
2026,1,p28,WeRecycleSolar,400148,Agua Caliente Solar Project,AZ,2563.1719900721027
2026,1,p28,FabTechSolar,402067,Apache Solar 1,AZ,24916.56022396687
2026,1,p28,WeRecycleSolar,400274,Arizona Western College PV,AZ,93664.27476524832
2026,1,p28,WeRecycleSolar,400240,Arlington Valley Solar Energy II,AZ,2871.3943044873877
2026,1,p28,WeRecycleSolar,400437,Badger 1,AZ,20896.405927998807
2026,1,p28,FabTechSolar,401688,Bonnybrooke PV,AZ,1806.6556880538556
2026,1,p28,WeRecycleSolar,400371,Buckeye Union HS District 201,AZ,21204.38092517187
2026,1,p28,FabTechSolar,405635,"Central Line Solar, LLC",AZ,1172.76107655862
2026,1,p28,FabTechSolar,403257,East Line Solar,AZ,2724.3250761832496
2026,1,p28,FabTechSolar,406171,Eleven Mile Solar Center,AZ,1127.6500512759135
2026,1,p28,WeRecycleSolar,400349,Foothills Solar Plant Hybrid,AZ,28396.324067094152
2026,1,p28,FabTechSolar,400825,Fort Huachuca Solar PV Project,AZ,59102.39016999191
2026,1,p28,WeRecycleSolar,400845,Gila Bend Hybrid,AZ,3780.712756212173
2026,1,p28,FabTechSolar,400599,"Gilbert Solar Facility I, LLC",AZ,15676.485323272624
2026,1,p28,WeRecycleSolar,400204,Hyder Solar Hybrid,AZ,35533.696929554535
2026,1,p28,FabTechSolar,405282,Intel - Ocotillo Campus Solar,AZ,5961.527608836411
2026,1,p28,WeRecycleSolar,405125,Jewish Community Center PV,AZ,44647.47245881016
2026,1,p28,WeRecycleSolar,402234,Kayenta Solar Project,AZ,32874.875407988235
2026,1,p28,WeRecycleSolar,400128,Luke Solar,AZ,6274.439365419428
2026,1,p28,WeRecycleSolar,405068,Macys Goodyear,AZ,23093.777515988168
2026,1,p28,WeRecycleSolar,406279,McFarland A Solar and Storage,AZ,3526.025938882537
2026,1,p28,FabTechSolar,405617,Mesa Carport PV,AZ,8960.323609947152
2026,1,p28,FabTechSolar,404512,Mesa Solar Array,AZ,10184.405348206374
2026,1,p28,WeRecycleSolar,400250,Mesquite Solar 1,AZ,811.9854970326118
2026,1,p28,WeRecycleSolar,401622,"Mesquite Solar 3, LLC",AZ,1577.8511898985726
2026,1,p28,WeRecycleSolar,406038,"Mesquite Solar 4, LLC",AZ,3742.2903670666205
2026,1,p28,WeRecycleSolar,404922,"Mesquite Solar 5, LLC",AZ,6180.258114186506
2026,1,p28,WeRecycleSolar,403572,OE_AZ1,AZ,10624.388765246471
2026,1,p28,WeRecycleSolar,400203,Paloma Solar Hybrid,AZ,6450.224664732602
2026,1,p28,WeRecycleSolar,405126,Paradise Valley H.S. PV,AZ,76919.98409487608
2026,1,p28,WeRecycleSolar,405150,Phoenix Airport East Economy Lot,AZ,11888.699137265174
2026,1,p28,WeRecycleSolar,405151,Phoenix Airport Rental Car Center,AZ,1756.1847648149474
2026,1,p28,FabTechSolar,400125,"Poseidon Solar, LLC",AZ,7165.407533622456
2026,1,p28,WeRecycleSolar,400031,Prescott Airport,AZ,103363.7136298981
2026,1,p28,WeRecycleSolar,400401,Prescott Solar Plant,AZ,30383.172778509994
2026,1,p28,WeRecycleSolar,400289,"RE Bagdad Solar I, LLC",AZ,24263.153585769738
2026,1,p28,WeRecycleSolar,400416,Saddle Mountain Solar I,AZ,7995.470454631666
2026,1,p28,FabTechSolar,403674,Saint Solar,AZ,995.0871488772647
2026,1,p28,FabTechSolar,401214,Sandstone Solar,AZ,2376.797467828567
2026,1,p28,WeRecycleSolar,405029,Solana Generating Station,AZ,934.9114530861642
2026,1,p28,WeRecycleSolar,406275,Sonoran Solar Energy,AZ,620.0489847218408
2026,1,p28,FabTechSolar,406034,Storey Solar and Storage,AZ,2226.4259639235515
2026,1,p28,WeRecycleSolar,403643,Sun Streams 2,AZ,2471.440253485874
2026,1,p28,WeRecycleSolar,406517,Sun Streams 3,AZ,1820.0178543849513
2026,1,p28,WeRecycleSolar,401975,"Sun Streams, LLC",AZ,799.2552747030833
2026,1,p28,WeRecycleSolar,405311,T0588 Phoenix - AZ,AZ,24494.997496379674
2026,1,p28,FabTechSolar,405134,Union HS at Casa Grande,AZ,35774.54352935719
2026,1,p28,FabTechSolar,405135,Vista Grande HS at Casa Grande,AZ,34897.20226117113
2026,1,p28,FabTechSolar,400334,Walmart Casa Grande,AZ,51021.91161936752
2026,1,p28,FabTechSolar,406098,"West Line Solar, LLC",AZ,2719.3422864367194
2026,1,p29,FabTechSolar,400014,Springerville,AZ,13741.522142410222
2026,1,p30,FabTechSolar,405143,Actus Lend Lease DMAFB,AZ,23652.35261471893
2026,1,p30,FabTechSolar,405611,Amazon TUS2,AZ,57079.80658058789
2026,1,p30,FabTechSolar,400939,Avalon Solar,AZ,5593.586896935017
2026,1,p30,FabTechSolar,401479,Avalon Solar II,AZ,19087.82472083188
2026,1,p30,FabTechSolar,400226,Avra Valley Solar,AZ,4379.9766834363345
2026,1,p30,FabTechSolar,404704,Broadway 2 - Tucson Phase II,AZ,40005.42690950205
2026,1,p30,FabTechSolar,405269,Canyon Del Oro High School Solar,AZ,27466.481549862303
2026,1,p30,FabTechSolar,401295,Davis Monthan AFB (AZ) West Airfield,AZ,5988.134105689679
2026,1,p30,FabTechSolar,400761,"Gato Montes Solar, LLC",AZ,30490.226188079905
2026,1,p30,FabTechSolar,404536,Iron Horse Battery Storage Hybrid,AZ,38080.070643275576
2026,1,p30,FabTechSolar,400552,"Picture Rocks Solar, LLC",AZ,1932.5796900176367
2026,1,p30,FabTechSolar,405374,Pima Community College,AZ,132585.58155782713
2026,1,p30,FabTechSolar,405303,Pima Community College - East Campus,AZ,106974.25067480786
2026,1,p30,FabTechSolar,405516,Pima Community College NW,AZ,61528.0713562794
2026,1,p30,FabTechSolar,404926,Raptor Ridge,AZ,23441.036936900593
2026,1,p30,FabTechSolar,400857,Rio Rico Solar,AZ,67196.53717909328
2026,1,p30,FabTechSolar,401076,Tech Park Solar,AZ,59596.8238219931
2026,1,p30,FabTechSolar,400156,UASTP I,AZ,126487.28333593845
2026,1,p30,FabTechSolar,401075,Valencia Solar,AZ,11055.805799645075
2026,1,p30,FabTechSolar,404187,"Wilmot Energy Center, LLC",AZ,1185.7412141439902
2026,1,p31,SolarCycle,400211,Alamogordo Solar Energy Center,NM,240680.09873716018
2026,1,p31,FabTechSolar,400206,Albuquerque Solar Energy Center,NM,1703423.246074074
2026,1,p31,SolarCycle,403675,Alcalde Solar Array,NM,528848.4327740594
2026,1,p31,FabTechSolar,405469,Arroyo Solar Energy Storage Hybrid,NM,3933.217145001874
2026,1,p31,SolarCycle,404981,Buena Vista Energy Center,NM,20857.98220725893
2026,1,p31,SolarCycle,402876,CNMEC Solar Energy Center,NM,775147.4775335658
2026,1,p31,SolarCycle,402519,Carrizozo Solar,NM,271270.92138423113
2026,1,p31,FabTechSolar,401202,Cibola,NM,135520.84530451658
2026,1,p31,FabTechSolar,402988,City of Gallup Solar,NM,304612.3105815121
2026,1,p31,FabTechSolar,403604,City of Rio Rancho WWTP,NM,1372939.4475296692
2026,1,p31,FabTechSolar,401225,City of Truth or Consequences PV,NM,720473.9280404093
2026,1,p31,FabTechSolar,400209,Deming Solar Energy Center,NM,96449.70229292414
2026,1,p31,FabTechSolar,403868,Encino Solar Energy Center,NM,30596.91153191769
2026,1,p31,FabTechSolar,401038,Eubank Landfill Solar Array,NM,1706964.7721760666
2026,1,p31,FabTechSolar,402443,Facebook 3 Solar Energy Center,NM,108212.29375066665
2026,1,p31,FabTechSolar,403322,Grants CDEC 2,NM,304906.3107464252
2026,1,p31,SolarCycle,401617,Holloman Solar Facility,NM,120885.47427122685
2026,1,p31,FabTechSolar,406109,"Jicarilla Solar 1, LLC",NM,17629.505247068537
2026,1,p31,SolarCycle,400427,Kit Carson,NM,1600234.9251795446
2026,1,p31,SolarCycle,400210,Las Vegas Solar Energy Center,NM,651792.6849911503
2026,1,p31,SolarCycle,400434,Los Alamos PV Site,NM,945602.2100921533
2026,1,p31,FabTechSolar,400838,Macho Springs,NM,51600.8067554835
2026,1,p31,FabTechSolar,400582,Manzano Solar,NM,204809.53141888112
2026,1,p31,SolarCycle,401201,Meadow Lake Solar Energy Center,NM,365354.29992055864
2026,1,p31,SolarCycle,405693,NMSU Solar and Storage,NM,904572.0616272772
2026,1,p31,FabTechSolar,406375,OE_ESCL,NM,13925.297352915648
2026,1,p31,SolarCycle,400581,Otero Solar,NM,315622.9075885476
2026,1,p31,SolarCycle,400146,Questa Solar Facility,NM,2023767.5847624429
2026,1,p31,FabTechSolar,403178,"RC Energy AA, LLC Solar Facility",NM,3431179.9878766914
2026,1,p31,FabTechSolar,401566,Rio Communities Solar Energy Center,NM,80918.04806248212
2026,1,p31,FabTechSolar,403084,Rio De Oro Solar Energy Center,NM,162399.8330603745
2026,1,p31,FabTechSolar,404648,"Route 66 Energy Center, LLC",NM,57659.18142016996
2026,1,p31,SolarCycle,403387,San Miguel I Solar Energy Center,NM,324395.22306312836
2026,1,p31,SolarCycle,405458,San Miguel II Solar Energy Center,NM,324528.2604823509
2026,1,p31,FabTechSolar,401161,Sandoval Solar Energy Center,NM,182012.73054827246
2026,1,p31,SolarCycle,401564,Santa Fe Solar Energy Center,NM,370914.9872043547
2026,1,p31,FabTechSolar,401565,Santolina Solar Energy Center,NM,61716.73816310193
2026,1,p31,FabTechSolar,400596,Silver City WWTP PV Project,NM,731954.9371243011
2026,1,p31,FabTechSolar,401563,South Valley Solar Energy Center,NM,66096.85855782726
2026,1,p31,SolarCycle,401162,Springer Solar 1,NM,993907.9271459352
2026,1,p31,FabTechSolar,400623,Sue Cleveland High School,NM,1142395.3553413483
2026,1,p31,SolarCycle,400343,"SunE EPE1, LLC",NM,82310.57242146168
2026,1,p31,SolarCycle,402854,Syncarpha Eagle Nest,NM,1281682.3757090748
2026,1,p31,SolarCycle,403412,Syncarpha El Rito,NM,833134.176148883
2026,1,p31,SolarCycle,403413,Syncarpha Questa,NM,2563660.502175766
2026,1,p31,SolarCycle,403411,Syncarpha Taos,NM,620794.3409913708
2026,1,p31,SolarCycle,404618,Taos Mesa Energy Facility Hybrid,NM,129915.81238686609
2026,1,p31,FabTechSolar,403011,Vista Solar Energy Center,NM,327154.44033989916
2026,1,p31,SolarCycle,400354,WSMR I,NM,558051.1041778772
2026,1,p31,FabTechSolar,405245,Wal-Mart Truth or Consequences PV,NM,1380213.5205279246
2026,1,p47,SolarCycle,400614,GSE NM1,NM,988510.2630622291
2026,1,p47,SolarCycle,404982,Hayhurst New Mexico Solar,NM,60503.50988390249
2026,1,p47,SolarCycle,402530,Middle Daisy,NM,110849.28416508004
2026,1,p47,SolarCycle,401682,"Roswell Solar, LLC",NM,27010.407835249727
2026,1,p47,SolarCycle,400546,SEV NM Phase 2,NM,660520.3990442806
2026,1,p47,SolarCycle,400260,SPS1 Dollarhide,NM,56608.93360677646
2026,1,p47,SolarCycle,400261,SPS2 Jal,NM,30770.9625339161
2026,1,p47,SolarCycle,400262,SPS3 Lea,NM,30053.91306853413
2026,1,p47,SolarCycle,400264,SPS5 Hopi,NM,65812.93357720965
2026,1,p47,SolarCycle,404698,SoCore Clovis 1,NM,260942.88896100613
2026,1,p48,SolarCycle,406439,"BESSP1, LLC",TX,127712.40822867185
2026,1,p48,SolarCycle,405590,"Hecate Energy Frye Solar, LLC",TX,4579.317374090522
2026,1,p57,OkonRecycling,404918,"Hecate Energy Upshur Rural, LLC",TX,33572.48989959852
2026,1,p59,SolarCycle,402666,Fort Bliss (DEA EPIC),TX,132239.10025660243
2026,1,p59,SolarCycle,401616,Montana Solar Facility,TX,169275.8673193071
2026,1,p59,SolarCycle,401045,Newman Solar,TX,17530.464537219115
2026,1,p60,SolarCycle,403962,"ANSON Solar Center, LLC",TX,2420.49734326581
2026,1,p60,OkonRecycling,403883,Azure Sky Solar,TX,2272.635947033611
2026,1,p60,SolarCycle,403232,"ENGIE Long Draw Solar, LLC",TX,1710.4694758554067
2026,1,p60,SolarCycle,406252,Highpeak Solar 1,TX,30568.520058544065
2026,1,p60,SolarCycle,402721,Holstein 1 Solar Farm,TX,1381.185042235815
2026,1,p60,SolarCycle,405492,Juno Solar Project,TX,1389.2978931217826
2026,1,p60,SolarCycle,402541,Lamesa II,TX,3785.9944422521985
2026,1,p60,SolarCycle,401660,Lamesa Solar,TX,2062.2715750427415
2026,1,p60,SolarCycle,405932,Lumina II Solar Project,TX,3196.2435153031856
2026,1,p60,SolarCycle,405933,Lumina Solar Project,TX,3002.7301262227816
2026,1,p60,SolarCycle,402909,Misae Solar,TX,3898.2166255279217
2026,1,p60,OkonRecycling,400968,"OCI Alamo 7, LLC",TX,6335.021636751875
2026,1,p60,SolarCycle,405939,Texas Solar Nova 1,TX,1731.9242664114595
2026,1,p61,SolarCycle,400967,Alamo 6,TX,2122.0904000853384
2026,1,p61,SolarCycle,403557,Aragorn Solar Project,TX,1490.4377457859807
2026,1,p61,SolarCycle,400691,Barilla Solar,TX,4936.353558031924
2026,1,p61,SolarCycle,401946,Bluebell Solar,TX,2809.4537053033064
2026,1,p61,SolarCycle,403574,Bluebell Solar II,TX,1024.8466240480877
2026,1,p61,SolarCycle,400554,"Bryan Solar, LLC",TX,31551.223909995384
2026,1,p61,SolarCycle,401463,Buckthorn Westex,TX,710.4336160341637
2026,1,p61,SolarCycle,401703,East Pecos Solar,TX,789.5509253482663
2026,1,p61,SolarCycle,405363,Galloway 1 Solar Farm,TX,1044.3252814859911
2026,1,p61,SolarCycle,403210,Greasewood,TX,635.4587242066737
2026,1,p61,SolarCycle,406370,Hayhurst Texas Solar,TX,4745.393401167554
2026,1,p61,SolarCycle,402304,Midway Solar-TX,TX,922.8149452596084
2026,1,p61,SolarCycle,400695,"OCI Alamo 4, LLC",TX,4657.5420305300595
2026,1,p61,SolarCycle,401868,Pearl Solar,TX,1324.3444087087373
2026,1,p61,SolarCycle,402290,RE Maplewood,TX,1169.1674971386972
2026,1,p61,SolarCycle,401430,RE Roserock,TX,733.4451770880127
2026,1,p61,SolarCycle,402848,Rambler,TX,735.2083178573017
2026,1,p61,SolarCycle,402083,Solaire Holman Solar Project,TX,2884.575704865459
2026,1,p61,SolarCycle,403023,"Taygete Energy Project, LLC",TX,673.9385756878875
2026,1,p61,SolarCycle,404647,Taygete II Energy Project,TX,738.5258285518069
2026,1,p61,SolarCycle,403551,Titan Solar Project,TX,1159.8454129171794
2026,1,p61,SolarCycle,406103,Zier Solar,TX,4550.914838090007
2026,1,p62,SolarCycle,403502,2W Permian Solar Project Hybrid,TX,441.916204621081
2026,1,p62,SolarCycle,403697,CED Crane Solar,TX,681.548831089709
2026,1,p62,SolarCycle,401525,Castle Gap Solar Hybrid,TX,638.7807380799919
2026,1,p62,SolarCycle,404599,Emerald Grove,TX,2414.4117740519036
2026,1,p62,SolarCycle,403004,Lapetus,TX,1046.8744943099186
2026,1,p62,SolarCycle,403280,Oberon IA,TX,550.2105680809138
2026,1,p62,SolarCycle,403279,Oberon IB,TX,1918.989741693657
2026,1,p62,SolarCycle,403602,Oxy Renewable Energy-Goldsmith,TX,1969.1343384062436
2026,1,p62,SolarCycle,402679,Phoebe Solar,TX,563.6786185749531
2026,1,p62,SolarCycle,403177,Prospero Solar,TX,549.3613135793432
2026,1,p62,SolarCycle,404128,Prospero Solar II,TX,1111.8319007035398
2026,1,p62,SolarCycle,403070,"Roadrunner, LLC",TX,553.5138520384218
2026,1,p62,SolarCycle,401805,Upton County Solar,TX,622.4631210492314
2026,1,p62,SolarCycle,402995,West of the Pecos Solar,TX,814.415464297403
2026,1,p63,OkonRecycling,404966,BPL Files Solar,TX,1137.679772943627
2026,1,p63,OkonRecycling,403825,Briar Creek Solar 1,TX,1482.6656916016143
2026,1,p63,OkonRecycling,402610,Chisum,TX,54876.68123090574
2026,1,p63,OkonRecycling,401697,CoServ Community Solar Station,TX,38560.23538444505
2026,1,p63,OkonRecycling,403188,Coniglio Solar,TX,1465.8011747360918
2026,1,p63,OkonRecycling,406415,Dileo Solar,TX,6457.883701931521
2026,1,p63,OkonRecycling,406221,Eiffel Solar Project,TX,1815.3600789184393
2026,1,p63,OkonRecycling,405540,"Ellis Solar, LLC",TX,1092.5243396006288
2026,1,p63,OkonRecycling,403823,Elm Branch Solar 1,TX,1925.896547639
2026,1,p63,OkonRecycling,406206,Five Wells Solar Center - Hybrid,TX,1345.0562128571023
2026,1,p63,OkonRecycling,404567,G.S.E. One LLC,TX,4443.433790460623
2026,1,p63,OkonRecycling,403288,Griffin Solar,TX,50241.97810069246
2026,1,p63,OkonRecycling,406202,Grizzly Ridge Solar,TX,3346.6049275354108
2026,1,p63,OkonRecycling,405319,IKEA Grand Prairie Rooftop PV System,TX,25251.754234064592
2026,1,p63,OkonRecycling,405689,"IP Radian, LLC",TX,2225.85643543148
2026,1,p63,OkonRecycling,403481,Impact Solar 1,TX,2145.0162091743437
2026,1,p63,OkonRecycling,403190,Kellam Solar,TX,12507.21771124996
2026,1,p63,OkonRecycling,403874,Lily Solar Hybrid,TX,1093.5911297517382
2026,1,p63,OkonRecycling,402404,Marlin Solar,TX,210679.5425018739
2026,1,p63,OkonRecycling,405794,Noble Solar,TX,1031.5232899064806
2026,1,p63,OkonRecycling,402405,North Gainesville Solar,TX,132673.32982737946
2026,1,p63,OkonRecycling,404872,"Pisgah Ridge Solar, LLC",TX,1335.732463415315
2026,1,p63,OkonRecycling,406416,Pitts Dudik Solar,TX,3075.116118186492
2026,1,p63,OkonRecycling,403189,Rippey Solar,TX,10790.72174156786
2026,1,p63,OkonRecycling,404630,"Samson Solar Energy III, LLC",TX,1817.4578129301908
2026,1,p63,OkonRecycling,402652,Sterling Solar (TX),TX,24938.0739772052
2026,1,p63,OkonRecycling,404812,Sun Valley Solar Project,TX,1805.8813435313905
2026,1,p63,OkonRecycling,403457,"TPE Whitney Solar, LLC",TX,23956.71102117071
2026,1,p63,OkonRecycling,405361,Toyota HQ Plan,TX,4632.308788396222
2026,1,p63,OkonRecycling,405907,Verizon Hidden Ridge Solar Project,TX,4391.929022910112
2026,1,p63,OkonRecycling,405984,Waco Solar,TX,1399.3099430905622
2026,1,p63,OkonRecycling,402306,Walnut Springs Solar,TX,26948.73037546653
2026,1,p63,OkonRecycling,402497,West Moore Solar II,TX,13129.57195645452
2026,1,p63,OkonRecycling,402330,Whitesboro Solar,TX,21279.676900277755
2026,1,p63,OkonRecycling,402331,Whitesboro Solar II,TX,14441.506552864363
2026,1,p63,OkonRecycling,402414,Whitewright Solar,TX,9001.899849268486
2026,1,p63,OkonRecycling,402654,Yellow Jacket,TX,41586.16442802952
2026,1,p64,OkonRecycling,405731,Austin TX GigaFactory,TX,591915.304388621
2026,1,p64,OkonRecycling,404721,"Blue Jay Solar I, LLC",TX,1854.120125916229
2026,1,p64,OkonRecycling,402389,"E-Volve Energy Holdings, LLC",TX,409053.95631801436
2026,1,p64,OkonRecycling,400227,East Blackland Solar Project 1,TX,2770.007862232
2026,1,p64,OkonRecycling,405101,IKEA Round Rock 027,TX,355047.11204646865
2026,1,p64,SolarCycle,402653,Lampwick,TX,73971.92671050981
2026,1,p64,OkonRecycling,405613,Niagara Bottling - Seguin,TX,289351.82263542863
2026,1,p64,OkonRecycling,400249,Webberville Solar Project,TX,18815.90924959093
2026,1,p65,OkonRecycling,405700,Aktina Solar,TX,20467.209777079526
2026,1,p65,OkonRecycling,405727,Bernard Creek Solar,TX,30517.62222759793
2026,1,p65,OkonRecycling,405477,Brightside,TX,179413.72450834556
2026,1,p65,OkonRecycling,401728,CPS 1 Community Solar,TX,29647517.152964614
2026,1,p65,OkonRecycling,402656,Cascade Solar (TX),TX,1485781.601728359
2026,1,p65,OkonRecycling,404359,FELPS 1-Calaveras,TX,30783171.341574006
2026,1,p65,OkonRecycling,404361,FELPS 2-Calaveras,TX,15391431.848310847
2026,1,p65,OkonRecycling,404739,FELPS 6- Floresville West,TX,10444623.748117613
2026,1,p65,OkonRecycling,404740,FELPS 7- Floresville West,TX,10441250.68821919
2026,1,p65,SolarCycle,405801,Horizon Solar,TX,41686.35001874602
2026,1,p65,OkonRecycling,405380,IKEA Live Oak Rooftop PV System,TX,3335183.0607748413
2026,1,p65,SolarCycle,403343,Mars Solar,TX,2200655.2721940153
2026,1,p65,OkonRecycling,404877,Nebula Solar,TX,136371.4859005624
2026,1,p65,OkonRecycling,400694,"OCI Alamo 2, LLC",TX,3303938.8995669624
2026,1,p65,SolarCycle,400966,"OCI Alamo 5, LLC",TX,150355.62687794943
2026,1,p65,OkonRecycling,400593,OCI Alamo Solar I Hybrid,TX,152082.42444023013
2026,1,p65,SolarCycle,405809,Shakes Solar,TX,41005.11028610035
2026,1,p65,OkonRecycling,405545,Sparta Solar,TX,47582.90730723544
2026,1,p65,OkonRecycling,400379,"SunE CPS1, LLC",TX,3134351.8841046332
2026,1,p65,OkonRecycling,400364,"SunE CPS2, LLC",TX,3142909.4724594825
2026,1,p65,OkonRecycling,400353,"SunE CPS3, LLC",TX,1001462.7098246358
2026,1,p65,OkonRecycling,406032,Tres Bahias,TX,170853.6706327519
2026,1,p67,OkonRecycling,404939,Brazoria County Solar Project (Danciger),TX,17880.629289666715
2026,1,p67,OkonRecycling,404681,Brazoria West,TX,18152.602839209154
2026,1,p67,OkonRecycling,404587,Fighting Jays Solar Project,TX,7883.748969857442
2026,1,p67,OkonRecycling,403514,Wagyu,TX,29751.84897248016
2026,2,p12,ComstockMetals,402144,Battle Mountain Solar Project,NV,1936.0172579035982
2026,2,p12,ComstockMetals,405025,Brady,NV,1142.4789318461217
2026,2,p12,ComstockMetals,405553,Dodge Flat,NV,427.7939091502375
2026,2,p12,ComstockMetals,404659,Fish Springs,NV,658.1292498810786
2026,2,p12,ComstockMetals,401086,Ft. Churchill PV,NV,740.4495777937192
2026,2,p12,ComstockMetals,405028,Galena 2 Geothermal Power Plant,NV,2645.2650841038317
2026,2,p12,ComstockMetals,400468,"Patua Acquisition Project, LLC",NV,773.9728201652163
2026,2,p12,ComstockMetals,405021,Steamboat Hills LP,NV,15640.870706979185
2026,2,p12,ComstockMetals,405023,Steamboat II,NV,1916.5677189637483
2026,2,p12,ComstockMetals,405024,Steamboat III,NV,1469.4541306148237
2026,2,p12,ComstockMetals,400029,Stillwater Facility,NV,1300.3896425733958
2026,2,p12,ComstockMetals,401318,Sunshine Valley Solar,NV,5671.614695989136
2026,2,p12,ComstockMetals,405026,TS Power Plant,NV,2221.78767903226
2026,2,p12,ComstockMetals,405576,Tesla Reno GigaFactory,NV,855.919981548553
2026,2,p12,ComstockMetals,403308,Turquoise Liberty Solar,NV,1087.5717082239087
2026,2,p12,ComstockMetals,403884,"Turquoise Nevada, LLC",NV,554.7593981665708
2026,2,p12,ComstockMetals,400035,Western 102 Power Plant,NV,4692.474833739722
2026,2,p13,WeRecycleSolar,400555,Apex Solar PV Power Project,NV,26216.08168322723
2026,2,p13,WeRecycleSolar,405385,Arrow Canyon Solar Hybrid,NV,1520.0221519811407
2026,2,p13,WeRecycleSolar,401649,"Boulder Solar Power, LLC",NV,14243.123100612926
2026,2,p13,WeRecycleSolar,400059,CM10,NV,20037.68266927482
2026,2,p13,WeRecycleSolar,400086,CM48,NV,28994.079711531707
2026,2,p13,WeRecycleSolar,400363,Copper Mountain Solar 2,NV,9292.942919941861
2026,2,p13,WeRecycleSolar,403688,"Copper Mountain Solar 5, LLC",NV,5868.9796830117775
2026,2,p13,WeRecycleSolar,405358,Dignity - San Martin,NV,297963.65850166284
2026,2,p13,WeRecycleSolar,405355,Dignity - Siena Campus,NV,262024.86993634215
2026,2,p13,WeRecycleSolar,405556,Dry Lake Solar Energy Center,NV,5548.241648892298
2026,2,p13,WeRecycleSolar,405495,Gemini Solar,NV,1505.5177609810396
2026,2,p13,WeRecycleSolar,403386,"Harry Allen Solar Energy, LLC",NV,5569.5054258078835
2026,2,p13,WeRecycleSolar,406090,IGS LAS1,NV,1463116.7878150097
2026,2,p13,WeRecycleSolar,406089,IGS VGT,NV,764744.2163838383
2026,2,p13,WeRecycleSolar,405309,IKEA Las Vegas 462,NV,761938.514008496
2026,2,p13,WeRecycleSolar,400545,Las Vegas WPCF Solar Plant,NV,225414.70191282226
2026,2,p13,WeRecycleSolar,400600,Mountain View Solar,NV,26142.003177131413
2026,2,p13,WeRecycleSolar,400036,Nellis Air Force Base Solar Array,NV,127615.9251523309
2026,2,p13,WeRecycleSolar,401274,River Mountains Solar,NV,99704.25383704301
2026,2,p13,WeRecycleSolar,401042,Searchlight Solar,NV,24734.55214450186
2026,2,p13,WeRecycleSolar,400166,Silver State Solar Power North,NV,27734.13492512606
2026,2,p13,WeRecycleSolar,400658,Silver State Solar Power South,NV,3231.3288917781156
2026,2,p13,WeRecycleSolar,405246,"Solar Las Vegas MB 2, LLC",NV,501473.06750255986
2026,2,p13,WeRecycleSolar,405188,Solar Las Vegas MB-1,NV,102724.76677887759
2026,2,p13,WeRecycleSolar,402691,"Techren Solar III, LLC",NV,18869.766608398513
2026,2,p13,WeRecycleSolar,402692,"Techren Solar IV, LLC",NV,11525.374974566093
2026,2,p13,WeRecycleSolar,401851,Townsite Solar Project Hybrid,NV,9115.694903517326
2026,2,p13,WeRecycleSolar,404971,Yellow Pine Solar,NV,4787.429624514637
2026,2,p27,WeRecycleSolar,400374,"Black Mountain Solar, LLC",AZ,11820.767902973612
2026,2,p27,WeRecycleSolar,402236,Gray Hawk Solar,AZ,5052.952879714085
2026,2,p27,WeRecycleSolar,401819,Jacobson 5 MW Solar,AZ,16739.108899922492
2026,2,p27,WeRecycleSolar,401311,Mohave Electric at Fort Mohave,AZ,26028.389978222578
2026,2,p27,WeRecycleSolar,406478,Mohave Energy - Hybrid,AZ,13215.889898053145
2026,2,p28,WeRecycleSolar,400148,Agua Caliente Solar Project,AZ,1243.0165402939392
2026,2,p28,FabTechSolar,402067,Apache Solar 1,AZ,13139.234096824415
2026,2,p28,WeRecycleSolar,400274,Arizona Western College PV,AZ,36746.313009998936
2026,2,p28,WeRecycleSolar,400240,Arlington Valley Solar Energy II,AZ,1363.1348250777128
2026,2,p28,FabTechSolar,401688,Bonnybrooke PV,AZ,1496.384399363848
2026,2,p28,WeRecycleSolar,400371,Buckeye Union HS District 201,AZ,16615.481072229504
2026,2,p28,FabTechSolar,405635,"Central Line Solar, LLC",AZ,1002.3102852885532
2026,2,p28,WeRecycleSolar,400201,Chino Solar Valley,AZ,9182.933929359699
2026,2,p28,FabTechSolar,403257,East Line Solar,AZ,2211.640029766784
2026,2,p28,FabTechSolar,406171,Eleven Mile Solar Center,AZ,967.1495670123587
2026,2,p28,WeRecycleSolar,400349,Foothills Solar Plant Hybrid,AZ,11310.535253002683
2026,2,p28,FabTechSolar,400825,Fort Huachuca Solar PV Project,AZ,11838.54628647489
2026,2,p28,WeRecycleSolar,400845,Gila Bend Hybrid,AZ,4352.524511989327
2026,2,p28,WeRecycleSolar,400204,Hyder Solar Hybrid,AZ,14092.063215140657
2026,2,p28,FabTechSolar,405282,Intel - Ocotillo Campus Solar,AZ,4734.800732505988
2026,2,p28,WeRecycleSolar,405125,Jewish Community Center PV,AZ,34887.64251772155
2026,2,p28,WeRecycleSolar,402234,Kayenta Solar Project,AZ,25711.77108298859
2026,2,p28,WeRecycleSolar,400128,Luke Solar,AZ,9557.384753003096
2026,2,p28,WeRecycleSolar,406279,McFarland A Solar and Storage,AZ,2836.506744688414
2026,2,p28,FabTechSolar,405617,Mesa Carport PV,AZ,13744.282242141331
2026,2,p28,FabTechSolar,404512,Mesa Solar Array,AZ,15652.445174650236
2026,2,p28,WeRecycleSolar,400250,Mesquite Solar 1,AZ,629.3659429985861
2026,2,p28,WeRecycleSolar,401621,"Mesquite Solar 2, LLC",AZ,3125.3367603910056
2026,2,p28,WeRecycleSolar,401622,"Mesquite Solar 3, LLC",AZ,1012.0321081859034
2026,2,p28,WeRecycleSolar,404922,"Mesquite Solar 5, LLC",AZ,4905.285034931553
2026,2,p28,WeRecycleSolar,403572,OE_AZ1,AZ,8369.15722194702
2026,2,p28,WeRecycleSolar,400203,Paloma Solar Hybrid,AZ,7473.556085608238
2026,2,p28,WeRecycleSolar,405126,Paradise Valley H.S. PV,AZ,30220.84298015504
2026,2,p28,WeRecycleSolar,405150,Phoenix Airport East Economy Lot,AZ,9354.593942252759
2026,2,p28,WeRecycleSolar,405151,Phoenix Airport Rental Car Center,AZ,1457.0460358036887
2026,2,p28,FabTechSolar,400125,"Poseidon Solar, LLC",AZ,5673.1363745911385
2026,2,p28,WeRecycleSolar,400401,Prescott Solar Plant,AZ,15979.781727192447
2026,2,p28,FabTechSolar,400323,Queen Creek Solar Farm,AZ,3165.399704609349
2026,2,p28,WeRecycleSolar,400289,"RE Bagdad Solar I, LLC",AZ,18999.56884492386
2026,2,p28,WeRecycleSolar,400416,Saddle Mountain Solar I,AZ,5136.087378317053
2026,2,p28,FabTechSolar,403674,Saint Solar,AZ,1018.435410865534
2026,2,p28,FabTechSolar,401214,Sandstone Solar,AZ,1427.1785876413278
2026,2,p28,WeRecycleSolar,405029,Solana Generating Station,AZ,1025.386059842525
2026,2,p28,WeRecycleSolar,406275,Sonoran Solar Energy,AZ,571.5119598874031
2026,2,p28,FabTechSolar,406034,Storey Solar and Storage,AZ,1823.5643807116176
2026,2,p28,WeRecycleSolar,403643,Sun Streams 2,AZ,803.6337387719815
2026,2,p28,WeRecycleSolar,406517,Sun Streams 3,AZ,1506.7992228572841
2026,2,p28,WeRecycleSolar,401975,"Sun Streams, LLC",AZ,659.3250420516961
2026,2,p28,WeRecycleSolar,405311,T0588 Phoenix - AZ,AZ,19180.274079928397
2026,2,p28,FabTechSolar,405134,Union HS at Casa Grande,AZ,83115.5457932923
2026,2,p28,FabTechSolar,405135,Vista Grande HS at Casa Grande,AZ,107952.10305423153
2026,2,p28,FabTechSolar,400334,Walmart Casa Grande,AZ,39856.04787070334
2026,2,p28,FabTechSolar,406098,"West Line Solar, LLC",AZ,1303.8781562644704
2026,2,p29,FabTechSolar,400014,Springerville,AZ,13209.023132552005
2026,2,p30,FabTechSolar,405143,Actus Lend Lease DMAFB,AZ,46012.01148922521
2026,2,p30,FabTechSolar,405611,Amazon TUS2,AZ,111583.58782002708
2026,2,p30,FabTechSolar,400939,Avalon Solar,AZ,5493.891984575709
2026,2,p30,FabTechSolar,401479,Avalon Solar II,AZ,9564.548744797132
2026,2,p30,FabTechSolar,400226,Avra Valley Solar,AZ,3002.385304399027
2026,2,p30,FabTechSolar,404704,Broadway 2 - Tucson Phase II,AZ,39245.17014610295
2026,2,p30,FabTechSolar,405269,Canyon Del Oro High School Solar,AZ,53493.83905711705
2026,2,p30,FabTechSolar,401295,Davis Monthan AFB (AZ) West Airfield,AZ,7707.820739845021
2026,2,p30,FabTechSolar,400761,"Gato Montes Solar, LLC",AZ,12205.048421081465
2026,2,p30,FabTechSolar,404536,Iron Horse Battery Storage Hybrid,AZ,74313.54516136037
2026,2,p30,FabTechSolar,400552,"Picture Rocks Solar, LLC",AZ,2153.687412167901
2026,2,p30,FabTechSolar,405374,Pima Community College,AZ,130048.17721087208
2026,2,p30,FabTechSolar,405303,Pima Community College - East Campus,AZ,104928.47560805114
2026,2,p30,FabTechSolar,405516,Pima Community College NW,AZ,180264.01242159837
2026,2,p30,FabTechSolar,404926,Raptor Ridge,AZ,22998.746434464298
2026,2,p30,FabTechSolar,400857,Rio Rico Solar,AZ,22238.108683281233
2026,2,p30,FabTechSolar,400156,UASTP I,AZ,62233.47026704228
2026,2,p30,FabTechSolar,401075,Valencia Solar,AZ,16076.88906409951
2026,2,p30,FabTechSolar,404187,"Wilmot Energy Center, LLC",AZ,1170.6583045796178
2026,2,p31,SolarCycle,400211,Alamogordo Solar Energy Center,NM,416082.6117023278
2026,2,p31,FabTechSolar,400206,Albuquerque Solar Energy Center,NM,736954.0825462099
2026,2,p31,SolarCycle,403675,Alcalde Solar Array,NM,1371717.2200279522
2026,2,p31,FabTechSolar,403321,Bluewater CDEC 1,NM,325791.281679387
2026,2,p31,SolarCycle,402876,CNMEC Solar Energy Center,NM,670553.4096322083
2026,2,p31,SolarCycle,402519,Carrizozo Solar,NM,234702.24273043312
2026,2,p31,FabTechSolar,401202,Cibola,NM,175718.47050631687
2026,2,p31,FabTechSolar,403604,City of Rio Rancho WWTP,NM,2374882.0532877804
2026,2,p31,FabTechSolar,400209,Deming Solar Energy Center,NM,83482.60091491927
2026,2,p31,FabTechSolar,403868,Encino Solar Energy Center,NM,52640.41074105992
2026,2,p31,FabTechSolar,401038,Eubank Landfill Solar Array,NM,1476571.5707328063
2026,2,p31,FabTechSolar,403322,Grants CDEC 2,NM,175997.81160427665
2026,2,p31,FabTechSolar,400216,"Hatch Solar Energy Center I, LLC",NM,242686.5838084247
2026,2,p31,SolarCycle,401617,Holloman Solar Facility,NM,208838.88811633634
2026,2,p31,FabTechSolar,406109,"Jicarilla Solar 1, LLC",NM,30206.9035974338
2026,2,p31,SolarCycle,400427,Kit Carson,NM,922967.1254595427
2026,2,p31,SolarCycle,400210,Las Vegas Solar Energy Center,NM,282126.0084834452
2026,2,p31,SolarCycle,400434,Los Alamos PV Site,NM,1635592.1167957901
2026,2,p31,FabTechSolar,400207,Los Lunas Solar Energy Center,NM,199556.885656848
2026,2,p31,FabTechSolar,400582,Manzano Solar,NM,354026.82271075936
2026,2,p31,SolarCycle,401201,Meadow Lake Solar Energy Center,NM,158241.9908060312
2026,2,p31,SolarCycle,405693,NMSU Solar and Storage,NM,782505.147244511
2026,2,p31,FabTechSolar,406375,OE_ESCL,NM,6249.663535660368
2026,2,p31,SolarCycle,400581,Otero Solar,NM,273066.5299862062
2026,2,p31,FabTechSolar,403178,"RC Energy AA, LLC Solar Facility",NM,989603.567719436
2026,2,p31,FabTechSolar,401566,Rio Communities Solar Energy Center,NM,93263.71109854455
2026,2,p31,FabTechSolar,403084,Rio De Oro Solar Energy Center,NM,280658.3903361078
2026,2,p31,FabTechSolar,400624,Rio Rancho High School,NM,1469782.9493319027
2026,2,p31,FabTechSolar,404648,"Route 66 Energy Center, LLC",NM,25164.479249184526
2026,2,p31,SolarCycle,403387,San Miguel I Solar Energy Center,NM,140527.27355468954
2026,2,p31,FabTechSolar,401161,Sandoval Solar Energy Center,NM,471682.8146159427
2026,2,p31,SolarCycle,401564,Santa Fe Solar Energy Center,NM,107231.3178143798
2026,2,p31,FabTechSolar,401565,Santolina Solar Energy Center,NM,132996.82134863036
2026,2,p31,FabTechSolar,400596,Silver City WWTP PV Project,NM,1898776.114787231
2026,2,p31,FabTechSolar,401563,South Valley Solar Energy Center,NM,284537.574121662
2026,2,p31,SolarCycle,401162,Springer Solar 1,NM,3437921.226880691
2026,2,p31,SolarCycle,400735,Storrie Lake Solar Project,NM,626636.3667563811
2026,2,p31,FabTechSolar,400623,Sue Cleveland High School,NM,2963863.9802992805
2026,2,p31,SolarCycle,402854,Syncarpha Eagle Nest,NM,1662856.047323932
2026,2,p31,SolarCycle,403412,Syncarpha El Rito,NM,1080867.5013077352
2026,2,p31,SolarCycle,403413,Syncarpha Questa,NM,2217609.884667528
2026,2,p31,SolarCycle,403411,Syncarpha Taos,NM,358159.05051925447
2026,2,p31,SolarCycle,404618,Taos Mesa Energy Facility Hybrid,NM,75087.09980931244
2026,2,p31,SolarCycle,400354,WSMR I,NM,241582.96586114352
2026,2,p31,FabTechSolar,405245,Wal-Mart Truth or Consequences PV,NM,341409.4486094194
2026,2,p47,SolarCycle,400614,GSE NM1,NM,388979.59189646
2026,2,p47,SolarCycle,404982,Hayhurst New Mexico Solar,NM,47672.046886453245
2026,2,p47,SolarCycle,402530,Middle Daisy,NM,174139.06281720308
2026,2,p47,SolarCycle,401682,"Roswell Solar, LLC",NM,10864.683753789213
2026,2,p47,SolarCycle,400546,SEV NM Phase 2,NM,346527.7887054332
2026,2,p47,SolarCycle,400261,SPS2 Jal,NM,16324.722396004578
2026,2,p47,SolarCycle,400262,SPS3 Lea,NM,23723.116597521683
2026,2,p47,SolarCycle,400264,SPS5 Hopi,NM,34698.64322416763
2026,2,p47,SolarCycle,404698,SoCore Clovis 1,NM,273626.3209849661
2026,2,p48,SolarCycle,406439,"BESSP1, LLC",TX,133595.04650708396
2026,2,p48,SolarCycle,405590,"Hecate Energy Frye Solar, LLC",TX,4772.428263315856
2026,2,p57,OkonRecycling,404918,"Hecate Energy Upshur Rural, LLC",TX,60771.816924727995
2026,2,p59,SolarCycle,402666,Fort Bliss (DEA EPIC),TX,264457.67302322556
2026,2,p59,SolarCycle,401616,Montana Solar Facility,TX,84959.45252076694
2026,2,p59,SolarCycle,401045,Newman Solar,TX,17555.117847060832
2026,2,p60,SolarCycle,403962,"ANSON Solar Center, LLC",TX,1482.4575865808263
2026,2,p60,OkonRecycling,403883,Azure Sky Solar,TX,1403.242590012072
2026,2,p60,SolarCycle,403232,"ENGIE Long Draw Solar, LLC",TX,1102.0685430991268
2026,2,p60,SolarCycle,402721,Holstein 1 Solar Farm,TX,925.6582971255414
2026,2,p60,SolarCycle,405492,Juno Solar Project,TX,1460.0093223257657
2026,2,p60,SolarCycle,402541,Lamesa II,TX,2214.006528814438
2026,2,p60,SolarCycle,401660,Lamesa Solar,TX,1067.9067718251727
2026,2,p60,SolarCycle,405932,Lumina II Solar Project,TX,1898.0544355356633
2026,2,p60,SolarCycle,405933,Lumina Solar Project,TX,1097.1909615081536
2026,2,p60,SolarCycle,402909,Misae Solar,TX,2274.1282379937848
2026,2,p60,OkonRecycling,400968,"OCI Alamo 7, LLC",TX,1989.8088702357288
2026,2,p60,SolarCycle,405939,Texas Solar Nova 1,TX,1113.562693726598
2026,2,p61,SolarCycle,400967,Alamo 6,TX,719.1734877743665
2026,2,p61,SolarCycle,403557,Aragorn Solar Project,TX,1208.4101009008182
2026,2,p61,SolarCycle,400691,Barilla Solar,TX,3763.084276697568
2026,2,p61,SolarCycle,401946,Bluebell Solar,TX,2186.2796116032414
2026,2,p61,SolarCycle,403574,Bluebell Solar II,TX,863.2381118008291
2026,2,p61,SolarCycle,401463,Buckthorn Westex,TX,584.1151752723273
2026,2,p61,SolarCycle,401703,East Pecos Solar,TX,688.7986077919642
2026,2,p61,SolarCycle,405363,Galloway 1 Solar Farm,TX,877.6788659710155
2026,2,p61,SolarCycle,403210,Greasewood,TX,574.5603650731053
2026,2,p61,SolarCycle,406370,Hayhurst Texas Solar,TX,3621.513499021041
2026,2,p61,SolarCycle,402304,Midway Solar-TX,TX,787.5956094541948
2026,2,p61,SolarCycle,400695,"OCI Alamo 4, LLC",TX,3556.383751196564
2026,2,p61,SolarCycle,401868,Pearl Solar,TX,1313.6995481543663
2026,2,p61,SolarCycle,402290,RE Maplewood,TX,970.2322543166664
2026,2,p61,SolarCycle,401430,RE Roserock,TX,709.0048587096484
2026,2,p61,SolarCycle,402848,Rambler,TX,710.6387676750057
2026,2,p61,SolarCycle,402083,Solaire Holman Solar Project,TX,2241.972275838867
2026,2,p61,SolarCycle,403023,"Taygete Energy Project, LLC",TX,603.0878997616213
2026,2,p61,SolarCycle,404647,Taygete II Energy Project,TX,650.970493523994
2026,2,p61,SolarCycle,403551,Titan Solar Project,TX,963.3212068265676
2026,2,p61,SolarCycle,406103,Zier Solar,TX,1938.6671527370509
2026,2,p62,SolarCycle,403502,2W Permian Solar Project Hybrid,TX,424.2892382315272
2026,2,p62,SolarCycle,403697,CED Crane Solar,TX,563.1494715222049
2026,2,p62,SolarCycle,401525,Castle Gap Solar Hybrid,TX,510.69327072438097
2026,2,p62,SolarCycle,404599,Emerald Grove,TX,789.0979468732116
2026,2,p62,SolarCycle,403004,Lapetus,TX,681.1339106240946
2026,2,p62,SolarCycle,403280,Oberon IA,TX,487.04271548420223
2026,2,p62,SolarCycle,403279,Oberon IB,TX,1280.210983813347
2026,2,p62,SolarCycle,403602,Oxy Renewable Energy-Goldsmith,TX,1081.9512544257916
2026,2,p62,SolarCycle,402679,Phoebe Solar,TX,494.84706442087656
2026,2,p62,SolarCycle,403177,Prospero Solar,TX,486.55059686100344
2026,2,p62,SolarCycle,404128,Prospero Solar II,TX,812.4861678982621
2026,2,p62,SolarCycle,403070,"Roadrunner, LLC",TX,488.95687378444916
2026,2,p62,SolarCycle,401805,Upton County Solar,TX,507.425831166027
2026,2,p62,SolarCycle,402995,West of the Pecos Solar,TX,640.1418742498971
2026,2,p63,OkonRecycling,404966,BPL Files Solar,TX,940.8665222679476
2026,2,p63,OkonRecycling,403825,Briar Creek Solar 1,TX,995.3575476172132
2026,2,p63,OkonRecycling,402610,Chisum,TX,30356.711098859734
2026,2,p63,OkonRecycling,401697,CoServ Community Solar Station,TX,13515.18893321196
2026,2,p63,OkonRecycling,403188,Coniglio Solar,TX,986.0837547181756
2026,2,p63,OkonRecycling,406415,Dileo Solar,TX,3731.228478476024
2026,2,p63,OkonRecycling,406221,Eiffel Solar Project,TX,1178.3060940387254
2026,2,p63,OkonRecycling,405540,"Ellis Solar, LLC",TX,780.818932093374
2026,2,p63,OkonRecycling,403823,Elm Branch Solar 1,TX,1239.0900659057818
2026,2,p63,OkonRecycling,406206,Five Wells Solar Center - Hybrid,TX,919.6861354447085
2026,2,p63,OkonRecycling,404567,G.S.E. One LLC,TX,4846.9661209639835
2026,2,p63,OkonRecycling,403288,Griffin Solar,TX,110032.3568045162
2026,2,p63,OkonRecycling,406202,Grizzly Ridge Solar,TX,1696.26975127225
2026,2,p63,OkonRecycling,405319,IKEA Grand Prairie Rooftop PV System,TX,14065.97239531141
2026,2,p63,OkonRecycling,405689,"IP Radian, LLC",TX,1906.0568808985415
2026,2,p63,OkonRecycling,403481,Impact Solar 1,TX,1839.3758556846487
2026,2,p63,OkonRecycling,403190,Kellam Solar,TX,7057.755483481067
2026,2,p63,OkonRecycling,403874,Lily Solar Hybrid,TX,781.4055596859106
2026,2,p63,OkonRecycling,405794,Noble Solar,TX,747.2744726820307
2026,2,p63,OkonRecycling,402405,North Gainesville Solar,TX,36768.532720702875
2026,2,p63,OkonRecycling,401933,Phantom Solar,TX,25467.303029257222
2026,2,p63,OkonRecycling,404872,"Pisgah Ridge Solar, LLC",TX,914.5590083496882
2026,2,p63,OkonRecycling,406416,Pitts Dudik Solar,TX,1871.0455721181502
2026,2,p63,OkonRecycling,403189,Rippey Solar,TX,6113.854851058697
2026,2,p63,OkonRecycling,404630,"Samson Solar Energy III, LLC",TX,1179.4596373591403
2026,2,p63,OkonRecycling,402652,Sterling Solar (TX),TX,9395.65314245022
2026,2,p63,OkonRecycling,404812,Sun Valley Solar Project,TX,1173.0937402176696
2026,2,p63,OkonRecycling,403457,"TPE Whitney Solar, LLC",TX,39261.48553228249
2026,2,p63,OkonRecycling,405361,Toyota HQ Plan,TX,2436.4271958498002
2026,2,p63,OkonRecycling,405907,Verizon Hidden Ridge Solar Project,TX,2595.1606038480286
2026,2,p63,OkonRecycling,405984,Waco Solar,TX,766.3468305701242
2026,2,p63,OkonRecycling,402306,Walnut Springs Solar,TX,44197.41723958995
2026,2,p63,OkonRecycling,402497,West Moore Solar II,TX,8177.764334621498
2026,2,p63,OkonRecycling,402330,Whitesboro Solar,TX,10241.481339583894
2026,2,p63,OkonRecycling,402331,Whitesboro Solar II,TX,9086.597896643723
2026,2,p63,OkonRecycling,402414,Whitewright Solar,TX,5130.182214912007
2026,2,p63,OkonRecycling,402654,Yellow Jacket,TX,45696.51958095614
2026,2,p64,OkonRecycling,405731,Austin TX GigaFactory,TX,98800.57743653159
2026,2,p64,OkonRecycling,404721,"Blue Jay Solar I, LLC",TX,1488.5401704028366
2026,2,p64,OkonRecycling,402389,"E-Volve Energy Holdings, LLC",TX,136361.9437572385
2026,2,p64,OkonRecycling,400227,East Blackland Solar Project 1,TX,3948.3296272851485
2026,2,p64,OkonRecycling,405101,IKEA Round Rock 027,TX,88895.12519622858
2026,2,p64,SolarCycle,402653,Lampwick,TX,73833.63748380083
2026,2,p64,OkonRecycling,405613,Niagara Bottling - Seguin,TX,144604.34765277428
2026,2,p64,OkonRecycling,400249,Webberville Solar Project,TX,6527.097949059832
2026,2,p65,OkonRecycling,405700,Aktina Solar,TX,12258.606541593146
2026,2,p65,OkonRecycling,405727,Bernard Creek Solar,TX,14638.273718486118
2026,2,p65,OkonRecycling,405477,Brightside,TX,141449.55949343866
2026,2,p65,OkonRecycling,402656,Cascade Solar (TX),TX,585585.3570972322
2026,2,p65,OkonRecycling,404359,FELPS 1-Calaveras,TX,18191308.33527338
2026,2,p65,OkonRecycling,404361,FELPS 2-Calaveras,TX,6063896.718801925
2026,2,p65,OkonRecycling,404739,FELPS 6- Floresville West,TX,6172356.2130034715
2026,2,p65,OkonRecycling,404740,FELPS 7- Floresville West,TX,9255344.382890629
2026,2,p65,SolarCycle,405801,Horizon Solar,TX,19918.352012047762
2026,2,p65,OkonRecycling,405380,IKEA Live Oak Rooftop PV System,TX,4927078.977620904
2026,2,p65,SolarCycle,403343,Mars Solar,TX,650514.3371166785
2026,2,p65,OkonRecycling,404877,Nebula Solar,TX,48610.9581775214
2026,2,p65,OkonRecycling,400694,"OCI Alamo 2, LLC",TX,781283.2107701937
2026,2,p65,OkonRecycling,400965,"OCI Alamo 3, LLC",TX,3106263.3009646935
2026,2,p65,SolarCycle,400966,"OCI Alamo 5, LLC",TX,35846.17906719967
2026,2,p65,OkonRecycling,400593,OCI Alamo Solar I Hybrid,TX,448579.4456462298
2026,2,p65,SolarCycle,405809,Shakes Solar,TX,24395.365165856085
2026,2,p65,OkonRecycling,405545,Sparta Solar,TX,28282.47790602383
2026,2,p65,OkonRecycling,400379,"SunE CPS1, LLC",TX,617730.5062791188
2026,2,p65,OkonRecycling,400364,"SunE CPS2, LLC",TX,1857448.5783076258
2026,2,p65,OkonRecycling,400353,"SunE CPS3, LLC",TX,444079.35046071437
2026,2,p65,OkonRecycling,406032,Tres Bahias,TX,20545.730632794435
2026,2,p67,OkonRecycling,404939,Brazoria County Solar Project (Danciger),TX,11365.655319605594
2026,2,p67,OkonRecycling,404681,Brazoria West,TX,4112.088402440857
2026,2,p67,OkonRecycling,404587,Fighting Jays Solar Project,TX,3529.719963816199
2026,2,p67,OkonRecycling,405564,"Fort Bend Solar, LLC",TX,4551.018357148984
2026,2,p67,OkonRecycling,403514,Wagyu,TX,18812.509841141633
2026,3,p12,ComstockMetals,402144,Battle Mountain Solar Project,NV,3472.0345158071964
2026,3,p12,ComstockMetals,405025,Brady,NV,1142.4789318461217
2026,3,p12,ComstockMetals,405553,Dodge Flat,NV,424.3196705064578
2026,3,p12,ComstockMetals,402609,"EGP Stillwater Solar PV II, LLC",NV,4298.348742393573
2026,3,p12,ComstockMetals,404659,Fish Springs,NV,658.1292498810786
2026,3,p12,ComstockMetals,401086,Ft. Churchill PV,NV,740.4495777937192
2026,3,p12,ComstockMetals,405028,Galena 2 Geothermal Power Plant,NV,2420.7385756934486
2026,3,p12,ComstockMetals,403107,NVSS-II,NV,42819.6865241111
2026,3,p12,ComstockMetals,400468,"Patua Acquisition Project, LLC",NV,1895.8912806608653
2026,3,p12,ComstockMetals,405021,Steamboat Hills LP,NV,3448.174141395836
2026,3,p12,ComstockMetals,405023,Steamboat II,NV,1579.5526703051378
2026,3,p12,ComstockMetals,405024,Steamboat III,NV,1469.4541306148237
2026,3,p12,ComstockMetals,400029,Stillwater Facility,NV,1600.5195234311946
2026,3,p12,ComstockMetals,401318,Sunshine Valley Solar,NV,3035.807347994567
2026,3,p12,ComstockMetals,405026,TS Power Plant,NV,2221.78767903226
2026,3,p12,ComstockMetals,405576,Tesla Reno GigaFactory,NV,906.5777572761699
2026,3,p12,ComstockMetals,401943,Tungsten Mountain,NV,24951.593193786768
2026,3,p12,ComstockMetals,403308,Turquoise Liberty Solar,NV,1225.0860498686907
2026,3,p12,ComstockMetals,403884,"Turquoise Nevada, LLC",NV,554.7593981665708
2026,3,p12,ComstockMetals,400035,Western 102 Power Plant,NV,5229.034187957187
2026,3,p13,WeRecycleSolar,400555,Apex Solar PV Power Project,NV,19762.061262420422
2026,3,p13,WeRecycleSolar,405385,Arrow Canyon Solar Hybrid,NV,1520.0221519811407
2026,3,p13,WeRecycleSolar,400059,CM10,NV,137863.77868492372
2026,3,p13,WeRecycleSolar,400086,CM48,NV,14697.039855765861
2026,3,p13,WeRecycleSolar,400363,Copper Mountain Solar 2,NV,9292.942919941861
2026,3,p13,WeRecycleSolar,400802,Copper Mountain Solar 3,NV,5871.476283255275
2026,3,p13,WeRecycleSolar,403688,"Copper Mountain Solar 5, LLC",NV,5868.9796830117775
2026,3,p13,WeRecycleSolar,405355,Dignity - Siena Campus,NV,523649.73987268435
2026,3,p13,WeRecycleSolar,405556,Dry Lake Solar Energy Center,NV,3832.161099261533
2026,3,p13,WeRecycleSolar,405495,Gemini Solar,NV,1137.0118406540266
2026,3,p13,WeRecycleSolar,403386,"Harry Allen Solar Energy, LLC",NV,3501.7032554847306
2026,3,p13,WeRecycleSolar,406090,IGS LAS1,NV,731758.3939075049
2026,3,p13,WeRecycleSolar,406089,IGS VGT,NV,764744.2163838383
2026,3,p13,WeRecycleSolar,405309,IKEA Las Vegas 462,NV,1523477.0280169921
2026,3,p13,WeRecycleSolar,400545,Las Vegas WPCF Solar Plant,NV,225414.70191282226
2026,3,p13,WeRecycleSolar,400600,Mountain View Solar,NV,77626.00953139426
2026,3,p13,WeRecycleSolar,401274,River Mountains Solar,NV,50052.1269185215
2026,3,p13,WeRecycleSolar,401042,Searchlight Solar,NV,36901.82821675278
2026,3,p13,WeRecycleSolar,400166,Silver State Solar Power North,NV,14067.06746256303
2026,3,p13,WeRecycleSolar,400658,Silver State Solar Power South,NV,1815.664445889058
2026,3,p13,WeRecycleSolar,405246,"Solar Las Vegas MB 2, LLC",NV,501473.06750255986
2026,3,p13,WeRecycleSolar,405188,Solar Las Vegas MB-1,NV,153887.15016831632
2026,3,p13,WeRecycleSolar,402691,"Techren Solar III, LLC",NV,55809.299825195536
2026,3,p13,WeRecycleSolar,402692,"Techren Solar IV, LLC",NV,56026.87487283048
2026,3,p13,WeRecycleSolar,401851,Townsite Solar Project Hybrid,NV,9115.694903517326
2026,3,p13,WeRecycleSolar,404971,Yellow Pine Solar,NV,4787.429624514637
2026,3,p27,WeRecycleSolar,400374,"Black Mountain Solar, LLC",AZ,8013.845268649076
2026,3,p27,WeRecycleSolar,402236,Gray Hawk Solar,AZ,5052.952879714085
2026,3,p27,WeRecycleSolar,401819,Jacobson 5 MW Solar,AZ,49417.32669976748
2026,3,p27,WeRecycleSolar,403718,Mohave Electric Cooperative at Joy Lane,AZ,23001.572239433677
2026,3,p27,WeRecycleSolar,406478,Mohave Energy - Hybrid,AZ,13215.889898053145
2026,3,p28,WeRecycleSolar,405418,AZ State University - Tempe Campus Solar,AZ,10198.517885535688
2026,3,p28,WeRecycleSolar,400148,Agua Caliente Solar Project,AZ,1243.0165402939392
2026,3,p28,FabTechSolar,402067,Apache Solar 1,AZ,38617.702290473244
2026,3,p28,WeRecycleSolar,400274,Arizona Western College PV,AZ,48861.750679998586
2026,3,p28,WeRecycleSolar,400240,Arlington Valley Solar Energy II,AZ,1363.1348250777128
2026,3,p28,WeRecycleSolar,400437,Badger 1,AZ,8387.718634109067
2026,3,p28,FabTechSolar,401688,Bonnybrooke PV,AZ,2044.576599045772
2026,3,p28,WeRecycleSolar,400371,Buckeye Union HS District 201,AZ,24723.221608344254
2026,3,p28,FabTechSolar,405635,"Central Line Solar, LLC",AZ,1002.3102852885532
2026,3,p28,WeRecycleSolar,400201,Chino Solar Valley,AZ,6987.200447019774
2026,3,p28,WeRecycleSolar,401069,Desert Star Hybrid,AZ,20144.93391921737
2026,3,p28,FabTechSolar,403257,East Line Solar,AZ,1305.8200148833923
2026,3,p28,FabTechSolar,406171,Eleven Mile Solar Center,AZ,967.1495670123587
2026,3,p28,WeRecycleSolar,400349,Foothills Solar Plant Hybrid,AZ,5855.2676265013415
2026,3,p28,FabTechSolar,400825,Fort Huachuca Solar PV Project,AZ,11838.54628647489
2026,3,p28,WeRecycleSolar,400845,Gila Bend Hybrid,AZ,4352.524511989327
2026,3,p28,FabTechSolar,400599,"Gilbert Solar Facility I, LLC",AZ,12306.894009520862
2026,3,p28,WeRecycleSolar,400204,Hyder Solar Hybrid,AZ,27784.126430281314
2026,3,p28,FabTechSolar,405282,Intel - Ocotillo Campus Solar,AZ,3289.867155003993
2026,3,p28,WeRecycleSolar,405125,Jewish Community Center PV,AZ,23391.761678481027
2026,3,p28,WeRecycleSolar,402234,Kayenta Solar Project,AZ,25711.77108298859
2026,3,p28,WeRecycleSolar,400128,Luke Solar,AZ,9557.384753003096
2026,3,p28,WeRecycleSolar,405068,Macys Goodyear,AZ,12192.084275950125
2026,3,p28,WeRecycleSolar,406279,McFarland A Solar and Storage,AZ,2836.506744688414
2026,3,p28,FabTechSolar,405617,Mesa Carport PV,AZ,3736.0705605353332
2026,3,p28,FabTechSolar,404512,Mesa Solar Array,AZ,8026.222587325119
2026,3,p28,WeRecycleSolar,400250,Mesquite Solar 1,AZ,667.593600165017
2026,3,p28,WeRecycleSolar,401621,"Mesquite Solar 2, LLC",AZ,3125.3367603910056
2026,3,p28,WeRecycleSolar,401622,"Mesquite Solar 3, LLC",AZ,1318.048162278855
2026,3,p28,WeRecycleSolar,406038,"Mesquite Solar 4, LLC",AZ,5610.13784356249
2026,3,p28,WeRecycleSolar,404922,"Mesquite Solar 5, LLC",AZ,4905.285034931553
2026,3,p28,WeRecycleSolar,403572,OE_AZ1,AZ,8369.15722194702
2026,3,p28,WeRecycleSolar,400203,Paloma Solar Hybrid,AZ,14547.112171216479
2026,3,p28,WeRecycleSolar,405126,Paradise Valley H.S. PV,AZ,20280.561986770026
2026,3,p28,WeRecycleSolar,405150,Phoenix Airport East Economy Lot,AZ,27263.78182675828
2026,3,p28,WeRecycleSolar,405151,Phoenix Airport Rental Car Center,AZ,1457.0460358036887
2026,3,p28,FabTechSolar,400125,"Poseidon Solar, LLC",AZ,5673.1363745911385
2026,3,p28,WeRecycleSolar,400031,Prescott Airport,AZ,53901.74899851545
2026,3,p28,WeRecycleSolar,400401,Prescott Solar Plant,AZ,23769.672590788672
2026,3,p28,FabTechSolar,400323,Queen Creek Solar Farm,AZ,3165.399704609349
2026,3,p28,WeRecycleSolar,400289,"RE Bagdad Solar I, LLC",AZ,18999.56884492386
2026,3,p28,WeRecycleSolar,400416,Saddle Mountain Solar I,AZ,24080.436891585265
2026,3,p28,FabTechSolar,403674,Saint Solar,AZ,1018.435410865534
2026,3,p28,FabTechSolar,401214,Sandstone Solar,AZ,1940.7678814619917
2026,3,p28,WeRecycleSolar,406275,Sonoran Solar Energy,AZ,514.341306591602
2026,3,p28,FabTechSolar,406034,Storey Solar and Storage,AZ,1823.5643807116176
2026,3,p28,WeRecycleSolar,403643,Sun Streams 2,AZ,2014.534955087926
2026,3,p28,WeRecycleSolar,406517,Sun Streams 3,AZ,1506.7992228572841
2026,3,p28,WeRecycleSolar,401975,"Sun Streams, LLC",AZ,788.9875630775439
2026,3,p28,WeRecycleSolar,405311,T0588 Phoenix - AZ,AZ,19180.274079928397
2026,3,p28,FabTechSolar,405134,Union HS at Casa Grande,AZ,83115.5457932923
2026,3,p28,FabTechSolar,405135,Vista Grande HS at Casa Grande,AZ,36250.701018077176
2026,3,p28,FabTechSolar,400334,Walmart Casa Grande,AZ,20128.02393535167
2026,3,p28,FabTechSolar,406098,"West Line Solar, LLC",AZ,1002.585437509647
2026,3,p29,FabTechSolar,400014,Springerville,AZ,26018.04626510401
2026,3,p30,FabTechSolar,405143,Actus Lend Lease DMAFB,AZ,46012.01148922521
2026,3,p30,FabTechSolar,405611,Amazon TUS2,AZ,111583.58782002708
2026,3,p30,FabTechSolar,400939,Avalon Solar,AZ,5493.891984575709
2026,3,p30,FabTechSolar,401479,Avalon Solar II,AZ,9564.548744797132
2026,3,p30,FabTechSolar,400226,Avra Valley Solar,AZ,8207.15591319708
2026,3,p30,FabTechSolar,404704,Broadway 2 - Tucson Phase II,AZ,78090.34029220589
2026,3,p30,FabTechSolar,401295,Davis Monthan AFB (AZ) West Airfield,AZ,11361.731109767532
2026,3,p30,FabTechSolar,400761,"Gato Montes Solar, LLC",AZ,20075.080701802435
2026,3,p30,FabTechSolar,404536,Iron Horse Battery Storage Hybrid,AZ,74313.54516136037
2026,3,p30,FabTechSolar,400552,"Picture Rocks Solar, LLC",AZ,2153.687412167901
2026,3,p30,FabTechSolar,405374,Pima Community College,AZ,259696.35442174415
2026,3,p30,FabTechSolar,405303,Pima Community College - East Campus,AZ,52664.23780402557
2026,3,p30,FabTechSolar,405516,Pima Community College NW,AZ,36372.80248431968
2026,3,p30,FabTechSolar,404926,Raptor Ridge,AZ,22998.746434464298
2026,3,p30,FabTechSolar,400857,Rio Rico Solar,AZ,33157.16302492185
2026,3,p30,FabTechSolar,401076,Tech Park Solar,AZ,58460.4950611581
2026,3,p30,FabTechSolar,400156,UASTP I,AZ,82844.62702272304
2026,3,p30,FabTechSolar,401075,Valencia Solar,AZ,6670.755625639805
2026,3,p30,FabTechSolar,404187,"Wilmot Energy Center, LLC",AZ,1555.9874568694268
2026,3,p31,SolarCycle,400211,Alamogordo Solar Energy Center,NM,138960.8705674426
2026,3,p31,FabTechSolar,400206,Albuquerque Solar Energy Center,NM,736954.0825462099
2026,3,p31,SolarCycle,403675,Alcalde Solar Array,NM,1371717.2200279522
2026,3,p31,FabTechSolar,405469,Arroyo Solar Energy Storage Hybrid,NM,3456.2184264632187
2026,3,p31,FabTechSolar,403321,Bluewater CDEC 1,NM,976573.8450381611
2026,3,p31,SolarCycle,402876,CNMEC Solar Energy Center,NM,670553.4096322083
2026,3,p31,SolarCycle,402519,Carrizozo Solar,NM,176126.68204782487
2026,3,p31,FabTechSolar,401202,Cibola,NM,175718.47050631687
2026,3,p31,FabTechSolar,402988,City of Gallup Solar,NM,263542.40846232383
2026,3,p31,FabTechSolar,403604,City of Rio Rancho WWTP,NM,791894.0177625936
2026,3,p31,FabTechSolar,401225,City of Truth or Consequences PV,NM,623261.012209789
2026,3,p31,FabTechSolar,400209,Deming Solar Energy Center,NM,249647.8027447578
2026,3,p31,FabTechSolar,403868,Encino Solar Energy Center,NM,26520.205370529955
2026,3,p31,FabTechSolar,401038,Eubank Landfill Solar Array,NM,1476571.5707328063
2026,3,p31,FabTechSolar,402443,Facebook 3 Solar Energy Center,NM,70342.8959297401
2026,3,p31,FabTechSolar,400216,"Hatch Solar Energy Center I, LLC",NM,484973.1676168494
2026,3,p31,SolarCycle,401617,Holloman Solar Facility,NM,139359.25874422418
2026,3,p31,FabTechSolar,406109,"Jicarilla Solar 1, LLC",NM,30206.9035974338
2026,3,p31,SolarCycle,400427,Kit Carson,NM,2768101.3763786284
2026,3,p31,SolarCycle,400210,Las Vegas Solar Energy Center,NM,188217.33898896343
2026,3,p31,SolarCycle,400434,Los Alamos PV Site,NM,1090528.0778638602
2026,3,p31,FabTechSolar,400207,Los Lunas Solar Energy Center,NM,133171.25710456533
2026,3,p31,FabTechSolar,400838,Macho Springs,NM,9257.697822351536
2026,3,p31,FabTechSolar,400582,Manzano Solar,NM,118275.60757025312
2026,3,p31,SolarCycle,401201,Meadow Lake Solar Energy Center,NM,105627.99387068747
2026,3,p31,SolarCycle,405693,NMSU Solar and Storage,NM,782505.147244511
2026,3,p31,FabTechSolar,406375,OE_ESCL,NM,2739.8654142641476
2026,3,p31,SolarCycle,400146,Questa Solar Facility,NM,1750604.7121012919
2026,3,p31,FabTechSolar,403178,"RC Energy AA, LLC Solar Facility",NM,2968010.7031583074
2026,3,p31,FabTechSolar,401566,Rio Communities Solar Energy Center,NM,93263.71109854455
2026,3,p31,FabTechSolar,403084,Rio De Oro Solar Energy Center,NM,140529.1951680539
2026,3,p31,FabTechSolar,400624,Rio Rancho High School,NM,1469782.9493319027
2026,3,p31,FabTechSolar,404648,"Route 66 Energy Center, LLC",NM,49928.95849836905
2026,3,p31,SolarCycle,403387,San Miguel I Solar Energy Center,NM,280654.547109379
2026,3,p31,SolarCycle,405458,San Miguel II Solar Energy Center,NM,93856.54131154975
2026,3,p31,FabTechSolar,401161,Sandoval Solar Energy Center,NM,471682.8146159427
2026,3,p31,SolarCycle,401564,Santa Fe Solar Energy Center,NM,160646.97672156966
2026,3,p31,FabTechSolar,400596,Silver City WWTP PV Project,NM,1898776.114787231
2026,3,p31,FabTechSolar,401563,South Valley Solar Energy Center,NM,95112.52470722068
2026,3,p31,SolarCycle,401162,Springer Solar 1,NM,687904.2453761382
2026,3,p31,SolarCycle,400735,Storrie Lake Solar Project,NM,939754.5501345717
2026,3,p31,FabTechSolar,400623,Sue Cleveland High School,NM,1482131.9901496405
2026,3,p31,SolarCycle,400343,"SunE EPE1, LLC",NM,212956.93365245027
2026,3,p31,SolarCycle,402854,Syncarpha Eagle Nest,NM,3325312.094647864
2026,3,p31,SolarCycle,403412,Syncarpha El Rito,NM,1080867.5013077352
2026,3,p31,SolarCycle,403413,Syncarpha Questa,NM,2217609.884667528
2026,3,p31,SolarCycle,403411,Syncarpha Taos,NM,1073677.1515577636
2026,3,p31,SolarCycle,404618,Taos Mesa Energy Facility Hybrid,NM,224461.29942793737
2026,3,p31,FabTechSolar,403011,Vista Solar Energy Center,NM,94613.75293506964
2026,3,p31,SolarCycle,400354,WSMR I,NM,482765.93172228715
2026,3,p47,SolarCycle,400614,GSE NM1,NM,388979.59189646
2026,3,p47,SolarCycle,404982,Hayhurst New Mexico Solar,NM,16157.34896215108
2026,3,p47,SolarCycle,402530,Middle Daisy,NM,43834.76570430077
2026,3,p47,SolarCycle,400546,SEV NM Phase 2,NM,519591.68305814976
2026,3,p47,SolarCycle,400260,SPS1 Dollarhide,NM,15136.307136525087
2026,3,p47,SolarCycle,400261,SPS2 Jal,NM,16324.722396004578
2026,3,p47,SolarCycle,400262,SPS3 Lea,NM,23723.116597521683
2026,3,p47,SolarCycle,400264,SPS5 Hopi,NM,51847.96483625144
2026,3,p47,SolarCycle,404698,SoCore Clovis 1,NM,273626.3209849661
2026,3,p48,SolarCycle,406439,"BESSP1, LLC",TX,133595.04650708396
2026,3,p57,OkonRecycling,404918,"Hecate Energy Upshur Rural, LLC",TX,30585.908462363997
2026,3,p59,SolarCycle,402666,Fort Bliss (DEA EPIC),TX,132428.83651161278
2026,3,p59,SolarCycle,401045,Newman Solar,TX,17555.117847060832
2026,3,p60,SolarCycle,403962,"ANSON Solar Center, LLC",TX,1482.4575865808263
2026,3,p60,OkonRecycling,403883,Azure Sky Solar,TX,1152.4319425090541
2026,3,p60,SolarCycle,403232,"ENGIE Long Draw Solar, LLC",TX,1804.1370861982532
2026,3,p60,SolarCycle,406252,Highpeak Solar 1,TX,32724.856572692574
2026,3,p60,SolarCycle,402721,Holstein 1 Solar Farm,TX,1057.0728714069269
2026,3,p60,SolarCycle,405492,Juno Solar Project,TX,1460.0093223257657
2026,3,p60,SolarCycle,402541,Lamesa II,TX,1760.5048966108284
2026,3,p60,SolarCycle,401660,Lamesa Solar,TX,1067.9067718251727
2026,3,p60,SolarCycle,405932,Lumina II Solar Project,TX,1149.0272177678316
2026,3,p60,SolarCycle,405933,Lumina Solar Project,TX,1097.1909615081536
2026,3,p60,SolarCycle,402909,Misae Solar,TX,2274.1282379937848
2026,3,p60,OkonRecycling,400968,"OCI Alamo 7, LLC",TX,2519.7451603143054
2026,3,p60,SolarCycle,405939,Texas Solar Nova 1,TX,1113.562693726598
2026,3,p61,SolarCycle,400967,Alamo 6,TX,1676.693951097466
2026,3,p61,SolarCycle,403557,Aragorn Solar Project,TX,1208.4101009008182
2026,3,p61,SolarCycle,400691,Barilla Solar,TX,3763.084276697568
2026,3,p61,SolarCycle,401946,Bluebell Solar,TX,1829.0236892825933
2026,3,p61,SolarCycle,403574,Bluebell Solar II,TX,1017.6508157344389
2026,3,p61,SolarCycle,400554,"Bryan Solar, LLC",TX,23494.362022576184
2026,3,p61,SolarCycle,401463,Buckthorn Westex,TX,553.4293127269393
2026,3,p61,SolarCycle,401703,East Pecos Solar,TX,688.7986077919642
2026,3,p61,SolarCycle,405363,Galloway 1 Solar Farm,TX,877.6788659710155
2026,3,p61,SolarCycle,405494,Galloway 2 Solar Farm,TX,3604.490605521748
2026,3,p61,SolarCycle,403210,Greasewood,TX,574.5603650731053
2026,3,p61,SolarCycle,406370,Hayhurst Texas Solar,TX,5232.27024853156
2026,3,p61,SolarCycle,402304,Midway Solar-TX,TX,787.5956094541948
2026,3,p61,SolarCycle,400695,"OCI Alamo 4, LLC",TX,2504.255834131043
2026,3,p61,SolarCycle,401868,Pearl Solar,TX,1313.6995481543663
2026,3,p61,SolarCycle,402290,RE Maplewood,TX,590.0774181055555
2026,3,p61,SolarCycle,401430,RE Roserock,TX,647.2038869677187
2026,3,p61,SolarCycle,402848,Rambler,TX,710.6387676750057
2026,3,p61,SolarCycle,402083,Solaire Holman Solar Project,TX,5925.916827516601
2026,3,p61,SolarCycle,403023,"Taygete Energy Project, LLC",TX,603.0878997616213
2026,3,p61,SolarCycle,404647,Taygete II Energy Project,TX,588.2278701429955
2026,3,p61,SolarCycle,403551,Titan Solar Project,TX,963.3212068265676
2026,3,p61,SolarCycle,406103,Zier Solar,TX,1938.6671527370509
2026,3,p62,SolarCycle,403502,2W Permian Solar Project Hybrid,TX,424.2892382315272
2026,3,p62,SolarCycle,403697,CED Crane Solar,TX,726.2989430444097
2026,3,p62,SolarCycle,401525,Castle Gap Solar Hybrid,TX,538.3665884054763
2026,3,p62,SolarCycle,404599,Emerald Grove,TX,633.4587681239271
2026,3,p62,SolarCycle,403004,Lapetus,TX,624.9071284992757
2026,3,p62,SolarCycle,403280,Oberon IA,TX,487.04271548420223
2026,3,p62,SolarCycle,403279,Oberon IB,TX,1280.210983813347
2026,3,p62,SolarCycle,403602,Oxy Renewable Energy-Goldsmith,TX,1763.9025088515834
2026,3,p62,SolarCycle,402679,Phoebe Solar,TX,471.1352983156574
2026,3,p62,SolarCycle,403177,Prospero Solar,TX,486.55059686100344
2026,3,p62,SolarCycle,404128,Prospero Solar II,TX,812.4861678982621
2026,3,p62,SolarCycle,403070,"Roadrunner, LLC",TX,488.95687378444916
2026,3,p62,SolarCycle,401805,Upton County Solar,TX,507.425831166027
2026,3,p62,SolarCycle,402995,West of the Pecos Solar,TX,640.1418742498971
2026,3,p63,OkonRecycling,405599,"BPL Crown Solar, LLC",TX,1910.902456894174
2026,3,p63,OkonRecycling,404966,BPL Files Solar,TX,940.8665222679476
2026,3,p63,OkonRecycling,403825,Briar Creek Solar 1,TX,1590.7150952344261
2026,3,p63,OkonRecycling,401697,CoServ Community Solar Station,TX,17886.918577615943
2026,3,p63,OkonRecycling,403188,Coniglio Solar,TX,1132.6046933977193
2026,3,p63,OkonRecycling,406415,Dileo Solar,TX,3731.228478476024
2026,3,p63,OkonRecycling,406221,Eiffel Solar Project,TX,1567.4591410580883
2026,3,p63,OkonRecycling,405540,"Ellis Solar, LLC",TX,876.0236651167171
2026,3,p63,OkonRecycling,403823,Elm Branch Solar 1,TX,1239.0900659057818
2026,3,p63,OkonRecycling,406206,Five Wells Solar Center - Hybrid,TX,919.6861354447085
2026,3,p63,OkonRecycling,404567,G.S.E. One LLC,TX,2623.4830604819917
2026,3,p63,OkonRecycling,403288,Griffin Solar,TX,55216.1784022581
2026,3,p63,OkonRecycling,406202,Grizzly Ridge Solar,TX,2560.44958545375
2026,3,p63,OkonRecycling,405319,IKEA Grand Prairie Rooftop PV System,TX,7992.206886284118
2026,3,p63,OkonRecycling,405689,"IP Radian, LLC",TX,1906.0568808985415
2026,3,p63,OkonRecycling,403481,Impact Solar 1,TX,1359.5839037897656
2026,3,p63,OkonRecycling,403190,Kellam Solar,TX,7057.755483481067
2026,3,p63,OkonRecycling,402421,Leon Solar,TX,8764.190158494554
2026,3,p63,OkonRecycling,403874,Lily Solar Hybrid,TX,781.4055596859106
2026,3,p63,OkonRecycling,402404,Marlin Solar,TX,58216.32950462589
2026,3,p63,OkonRecycling,405794,Noble Solar,TX,747.2744726820307
2026,3,p63,OkonRecycling,402405,North Gainesville Solar,TX,24645.68848046859
2026,3,p63,OkonRecycling,401933,Phantom Solar,TX,10426.92121170289
2026,3,p63,OkonRecycling,404872,"Pisgah Ridge Solar, LLC",TX,1171.838512524532
2026,3,p63,OkonRecycling,406416,Pitts Dudik Solar,TX,4077.613930295375
2026,3,p63,OkonRecycling,403189,Rippey Solar,TX,3256.9274255293485
2026,3,p63,OkonRecycling,404630,"Samson Solar Energy III, LLC",TX,1179.4596373591403
2026,3,p63,OkonRecycling,404812,Sun Valley Solar Project,TX,1946.1874804353392
2026,3,p63,OkonRecycling,403457,"TPE Whitney Solar, LLC",TX,10115.371383070622
2026,3,p63,OkonRecycling,405361,Toyota HQ Plan,TX,3658.28351335968
2026,3,p63,OkonRecycling,405907,Verizon Hidden Ridge Solar Project,TX,2595.1606038480286
2026,3,p63,OkonRecycling,405984,Waco Solar,TX,766.3468305701242
2026,3,p63,OkonRecycling,402497,West Moore Solar II,TX,9149.984876449185
2026,3,p63,OkonRecycling,402330,Whitesboro Solar,TX,7289.036937708728
2026,3,p63,OkonRecycling,402331,Whitesboro Solar II,TX,7349.278317314978
2026,3,p63,OkonRecycling,402414,Whitewright Solar,TX,3711.127550438405
2026,3,p63,OkonRecycling,402654,Yellow Jacket,TX,18518.607832382455
2026,3,p64,OkonRecycling,405731,Austin TX GigaFactory,TX,148000.86615479738
2026,3,p64,OkonRecycling,404721,"Blue Jay Solar I, LLC",TX,1488.5401704028366
2026,3,p64,OkonRecycling,402389,"E-Volve Energy Holdings, LLC",TX,204342.9156358578
2026,3,p64,OkonRecycling,400227,East Blackland Solar Project 1,TX,1582.7765424283828
2026,3,p64,OkonRecycling,405101,IKEA Round Rock 027,TX,118393.5002616381
2026,3,p64,SolarCycle,402653,Lampwick,TX,18758.40937095021
2026,3,p64,OkonRecycling,405613,Niagara Bottling - Seguin,TX,72502.17382638712
2026,3,p64,OkonRecycling,400249,Webberville Solar Project,TX,4995.323461794875
2026,3,p65,OkonRecycling,405700,Aktina Solar,TX,12258.606541593146
2026,3,p65,OkonRecycling,405727,Bernard Creek Solar,TX,18197.842148107648
2026,3,p65,OkonRecycling,405477,Brightside,TX,141449.55949343866
2026,3,p65,OkonRecycling,401728,CPS 1 Community Solar,TX,5840333.259532118
2026,3,p65,OkonRecycling,402656,Cascade Solar (TX),TX,1755956.0712916963
2026,3,p65,OkonRecycling,404359,FELPS 1-Calaveras,TX,9095854.167636689
2026,3,p65,OkonRecycling,404361,FELPS 2-Calaveras,TX,6063896.718801925
2026,3,p65,OkonRecycling,404739,FELPS 6- Floresville West,TX,18516268.63901042
2026,3,p65,OkonRecycling,404740,FELPS 7- Floresville West,TX,9255344.382890629
2026,3,p65,SolarCycle,405801,Horizon Solar,TX,97991.76006023883
2026,3,p65,OkonRecycling,405380,IKEA Live Oak Rooftop PV System,TX,2463739.488810452
2026,3,p65,SolarCycle,403343,Mars Solar,TX,520491.46969334275
2026,3,p65,OkonRecycling,404877,Nebula Solar,TX,120927.39544380353
2026,3,p65,OkonRecycling,400694,"OCI Alamo 2, LLC",TX,1952608.026925484
2026,3,p65,OkonRecycling,400965,"OCI Alamo 3, LLC",TX,1553331.6504823468
2026,3,p65,SolarCycle,400966,"OCI Alamo 5, LLC",TX,177630.89533599836
2026,3,p65,OkonRecycling,400593,OCI Alamo Solar I Hybrid,TX,149793.14854874322
2026,3,p65,SolarCycle,405809,Shakes Solar,TX,96381.46066342435
2026,3,p65,OkonRecycling,405545,Sparta Solar,TX,28282.47790602383
2026,3,p65,OkonRecycling,400379,"SunE CPS1, LLC",TX,617730.5062791188
2026,3,p65,OkonRecycling,400364,"SunE CPS2, LLC",TX,619416.1927692088
2026,3,p65,OkonRecycling,400353,"SunE CPS3, LLC",TX,887758.7009214286
2026,3,p65,OkonRecycling,406032,Tres Bahias,TX,50764.32658198609
2026,3,p67,OkonRecycling,404939,Brazoria County Solar Project (Danciger),TX,11365.655319605594
2026,3,p67,OkonRecycling,404681,Brazoria West,TX,4112.088402440857
2026,3,p67,OkonRecycling,404587,Fighting Jays Solar Project,TX,9789.159891448597
2026,3,p67,OkonRecycling,405564,"Fort Bend Solar, LLC",TX,3167.345571432657
2026,3,p67,OkonRecycling,403514,Wagyu,TX,18812.509841141633
2026,4,p12,ComstockMetals,402144,Battle Mountain Solar Project,NV,1424.011505269065
2026,4,p12,ComstockMetals,405025,Brady,NV,1142.4789318461217
2026,4,p12,ComstockMetals,405553,Dodge Flat,NV,421.6174848946291
2026,4,p12,ComstockMetals,402609,"EGP Stillwater Solar PV II, LLC",NV,4298.348742393573
2026,4,p12,ComstockMetals,404659,Fish Springs,NV,615.1077082342322
2026,4,p12,ComstockMetals,401086,Ft. Churchill PV,NV,740.4495777937192
2026,4,p12,ComstockMetals,405028,Galena 2 Geothermal Power Plant,NV,2420.7385756934486
2026,4,p12,ComstockMetals,400468,"Patua Acquisition Project, LLC",NV,1895.8912806608653
2026,4,p12,ComstockMetals,405021,Steamboat Hills LP,NV,3448.174141395836
2026,4,p12,ComstockMetals,405023,Steamboat II,NV,1579.5526703051378
2026,4,p12,ComstockMetals,405024,Steamboat III,NV,1469.4541306148237
2026,4,p12,ComstockMetals,400029,Stillwater Facility,NV,1600.5195234311946
2026,4,p12,ComstockMetals,401318,Sunshine Valley Solar,NV,5671.614695989136
2026,4,p12,ComstockMetals,405026,TS Power Plant,NV,4043.575358064521
2026,4,p12,ComstockMetals,405576,Tesla Reno GigaFactory,NV,906.5777572761699
2026,4,p12,ComstockMetals,401943,Tungsten Mountain,NV,24951.593193786768
2026,4,p12,ComstockMetals,403308,Turquoise Liberty Solar,NV,1225.0860498686907
2026,4,p12,ComstockMetals,403884,"Turquoise Nevada, LLC",NV,554.7593981665708
2026,4,p12,ComstockMetals,400035,Western 102 Power Plant,NV,5229.034187957187
2026,4,p13,WeRecycleSolar,400555,Apex Solar PV Power Project,NV,26216.08168322723
2026,4,p13,WeRecycleSolar,405385,Arrow Canyon Solar Hybrid,NV,1520.0221519811407
2026,4,p13,WeRecycleSolar,400059,CM10,NV,46221.25956164124
2026,4,p13,WeRecycleSolar,400086,CM48,NV,28994.079711531707
2026,4,p13,WeRecycleSolar,400363,Copper Mountain Solar 2,NV,9292.942919941861
2026,4,p13,WeRecycleSolar,403688,"Copper Mountain Solar 5, LLC",NV,5868.9796830117775
2026,4,p13,WeRecycleSolar,405358,Dignity - San Martin,NV,446745.4877524943
2026,4,p13,WeRecycleSolar,405355,Dignity - Siena Campus,NV,349233.15991512284
2026,4,p13,WeRecycleSolar,405556,Dry Lake Solar Energy Center,NV,3832.161099261533
2026,4,p13,WeRecycleSolar,405495,Gemini Solar,NV,952.7588804905198
2026,4,p13,WeRecycleSolar,403386,"Harry Allen Solar Energy, LLC",NV,8154.258138711826
2026,4,p13,WeRecycleSolar,406089,IGS VGT,NV,509962.8109225588
2026,4,p13,WeRecycleSolar,405309,IKEA Las Vegas 462,NV,1523477.0280169921
2026,4,p13,WeRecycleSolar,400545,Las Vegas WPCF Solar Plant,NV,450429.4038256446
2026,4,p13,WeRecycleSolar,400600,Mountain View Solar,NV,77626.00953139426
2026,4,p13,WeRecycleSolar,400036,Nellis Air Force Base Solar Array,NV,64007.96257616544
2026,4,p13,WeRecycleSolar,401319,"Playa Solar 1, LLC",NV,10136.222021272513
2026,4,p13,WeRecycleSolar,401274,River Mountains Solar,NV,99704.25383704301
2026,4,p13,WeRecycleSolar,401042,Searchlight Solar,NV,73403.65643350557
2026,4,p13,WeRecycleSolar,400658,Silver State Solar Power South,NV,2287.552594518744
2026,4,p13,WeRecycleSolar,405246,"Solar Las Vegas MB 2, LLC",NV,334448.71166837326
2026,4,p13,WeRecycleSolar,405188,Solar Las Vegas MB-1,NV,307374.3003366326
2026,4,p13,WeRecycleSolar,402691,"Techren Solar III, LLC",NV,18869.766608398513
2026,4,p13,WeRecycleSolar,402692,"Techren Solar IV, LLC",NV,14306.718718207621
2026,4,p13,WeRecycleSolar,404971,Yellow Pine Solar,NV,4787.429624514637
2026,4,p27,WeRecycleSolar,400374,"Black Mountain Solar, LLC",AZ,11820.767902973612
2026,4,p27,WeRecycleSolar,402236,Gray Hawk Solar,AZ,1950.9842932380284
2026,4,p27,WeRecycleSolar,401819,Jacobson 5 MW Solar,AZ,16739.108899922492
2026,4,p27,WeRecycleSolar,401311,Mohave Electric at Fort Mohave,AZ,13214.194989111287
2026,4,p27,WeRecycleSolar,406478,Mohave Energy - Hybrid,AZ,13215.889898053145
2026,4,p28,WeRecycleSolar,405418,AZ State University - Tempe Campus Solar,AZ,5299.258942767844
2026,4,p28,WeRecycleSolar,400148,Agua Caliente Solar Project,AZ,2086.033080587878
2026,4,p28,FabTechSolar,402067,Apache Solar 1,AZ,13139.234096824415
2026,4,p28,WeRecycleSolar,400274,Arizona Western College PV,AZ,73092.62601999789
2026,4,p28,WeRecycleSolar,400240,Arlington Valley Solar Energy II,AZ,2326.269650155426
2026,4,p28,WeRecycleSolar,400437,Badger 1,AZ,16375.437268218135
2026,4,p28,FabTechSolar,401688,Bonnybrooke PV,AZ,3689.1531980915443
2026,4,p28,WeRecycleSolar,400371,Buckeye Union HS District 201,AZ,24723.221608344254
2026,4,p28,FabTechSolar,405635,"Central Line Solar, LLC",AZ,1002.3102852885532
2026,4,p28,WeRecycleSolar,400201,Chino Solar Valley,AZ,6987.200447019774
2026,4,p28,WeRecycleSolar,401069,Desert Star Hybrid,AZ,20144.93391921737
2026,4,p28,FabTechSolar,403257,East Line Solar,AZ,2211.640029766784
2026,4,p28,FabTechSolar,406171,Eleven Mile Solar Center,AZ,683.5747835061793
2026,4,p28,WeRecycleSolar,400349,Foothills Solar Plant Hybrid,AZ,22221.07050600537
2026,4,p28,FabTechSolar,400825,Fort Huachuca Solar PV Project,AZ,15651.395048633192
2026,4,p28,WeRecycleSolar,400845,Gila Bend Hybrid,AZ,4352.524511989327
2026,4,p28,FabTechSolar,400599,"Gilbert Solar Facility I, LLC",AZ,12306.894009520862
2026,4,p28,WeRecycleSolar,400204,Hyder Solar Hybrid,AZ,9528.042143427108
2026,4,p28,FabTechSolar,405282,Intel - Ocotillo Campus Solar,AZ,9069.601465011978
2026,4,p28,WeRecycleSolar,405125,Jewish Community Center PV,AZ,23391.761678481027
2026,4,p28,WeRecycleSolar,402234,Kayenta Solar Project,AZ,25711.77108298859
2026,4,p28,WeRecycleSolar,400128,Luke Solar,AZ,9557.384753003096
2026,4,p28,WeRecycleSolar,405068,Macys Goodyear,AZ,12192.084275950125
2026,4,p28,WeRecycleSolar,406279,McFarland A Solar and Storage,AZ,2836.506744688414
2026,4,p28,FabTechSolar,405617,Mesa Carport PV,AZ,7072.1411210706665
2026,4,p28,FabTechSolar,404512,Mesa Solar Array,AZ,8026.222587325119
2026,4,p28,WeRecycleSolar,400250,Mesquite Solar 1,AZ,667.593600165017
2026,4,p28,WeRecycleSolar,401621,"Mesquite Solar 2, LLC",AZ,3125.3367603910056
2026,4,p28,WeRecycleSolar,404922,"Mesquite Solar 5, LLC",AZ,4905.285034931553
2026,4,p28,WeRecycleSolar,403572,OE_AZ1,AZ,8369.15722194702
2026,4,p28,WeRecycleSolar,400203,Paloma Solar Hybrid,AZ,7473.556085608238
2026,4,p28,WeRecycleSolar,405126,Paradise Valley H.S. PV,AZ,30220.84298015504
2026,4,p28,WeRecycleSolar,405150,Phoenix Airport East Economy Lot,AZ,9354.593942252759
2026,4,p28,WeRecycleSolar,405151,Phoenix Airport Rental Car Center,AZ,1457.0460358036887
2026,4,p28,FabTechSolar,400125,"Poseidon Solar, LLC",AZ,5673.1363745911385
2026,4,p28,WeRecycleSolar,400031,Prescott Airport,AZ,160905.2469955464
2026,4,p28,FabTechSolar,400323,Queen Creek Solar Farm,AZ,3165.399704609349
2026,4,p28,WeRecycleSolar,400289,"RE Bagdad Solar I, LLC",AZ,18999.56884492386
2026,4,p28,FabTechSolar,406380,SR McNeal,AZ,47399.56083716749
2026,4,p28,WeRecycleSolar,400416,Saddle Mountain Solar I,AZ,12240.218445792632
2026,4,p28,FabTechSolar,403674,Saint Solar,AZ,1018.435410865534
2026,4,p28,FabTechSolar,401214,Sandstone Solar,AZ,1940.7678814619917
2026,4,p28,WeRecycleSolar,405029,Solana Generating Station,AZ,1025.386059842525
2026,4,p28,WeRecycleSolar,406275,Sonoran Solar Energy,AZ,571.5119598874031
2026,4,p28,FabTechSolar,406034,Storey Solar and Storage,AZ,1823.5643807116176
2026,4,p28,WeRecycleSolar,403643,Sun Streams 2,AZ,1207.267477543963
2026,4,p28,WeRecycleSolar,406517,Sun Streams 3,AZ,1506.7992228572841
2026,4,p28,WeRecycleSolar,401975,"Sun Streams, LLC",AZ,711.1900504620352
2026,4,p28,WeRecycleSolar,405311,T0588 Phoenix - AZ,AZ,37960.54815985679
2026,4,p28,FabTechSolar,405135,Vista Grande HS at Casa Grande,AZ,107952.10305423153
2026,4,p28,FabTechSolar,400334,Walmart Casa Grande,AZ,39856.04787070334
2026,4,p28,FabTechSolar,406098,"West Line Solar, LLC",AZ,1002.585437509647
2026,4,p29,FabTechSolar,400014,Springerville,AZ,13209.023132552005
2026,4,p30,FabTechSolar,405143,Actus Lend Lease DMAFB,AZ,30808.007659483475
2026,4,p30,FabTechSolar,405611,Amazon TUS2,AZ,55991.79391001353
2026,4,p30,FabTechSolar,400939,Avalon Solar,AZ,5493.891984575709
2026,4,p30,FabTechSolar,401479,Avalon Solar II,AZ,9564.548744797132
2026,4,p30,FabTechSolar,400226,Avra Valley Solar,AZ,4303.57795659854
2026,4,p30,FabTechSolar,404704,Broadway 2 - Tucson Phase II,AZ,78090.34029220589
2026,4,p30,FabTechSolar,401295,Davis Monthan AFB (AZ) West Airfield,AZ,11361.731109767532
2026,4,p30,FabTechSolar,400761,"Gato Montes Solar, LLC",AZ,29912.621052703656
2026,4,p30,FabTechSolar,400552,"Picture Rocks Solar, LLC",AZ,2153.687412167901
2026,4,p30,FabTechSolar,405374,Pima Community College,AZ,259696.35442174415
2026,4,p30,FabTechSolar,405516,Pima Community College NW,AZ,60354.67080719947
2026,4,p30,FabTechSolar,404926,Raptor Ridge,AZ,11699.373217232149
2026,4,p30,FabTechSolar,400857,Rio Rico Solar,AZ,65914.32604984372
2026,4,p30,FabTechSolar,401076,Tech Park Solar,AZ,29430.24753057905
2026,4,p30,FabTechSolar,400156,UASTP I,AZ,124066.94053408458
2026,4,p30,FabTechSolar,401075,Valencia Solar,AZ,16076.88906409951
2026,4,p30,FabTechSolar,404187,"Wilmot Energy Center, LLC",AZ,1555.9874568694268
2026,4,p31,SolarCycle,400211,Alamogordo Solar Energy Center,NM,104320.65292558192
2026,4,p31,FabTechSolar,400206,Albuquerque Solar Energy Center,NM,736954.0825462099
2026,4,p31,SolarCycle,403675,Alcalde Solar Array,NM,1371717.2200279522
2026,4,p31,FabTechSolar,405469,Arroyo Solar Energy Storage Hybrid,NM,4984.327639694829
2026,4,p31,FabTechSolar,403321,Bluewater CDEC 1,NM,488486.92251908063
2026,4,p31,SolarCycle,402876,CNMEC Solar Energy Center,NM,447168.93975480547
2026,4,p31,SolarCycle,402519,Carrizozo Solar,NM,234702.24273043312
2026,4,p31,FabTechSolar,402988,City of Gallup Solar,NM,88114.13615410794
2026,4,p31,FabTechSolar,403604,City of Rio Rancho WWTP,NM,791894.0177625936
2026,4,p31,FabTechSolar,401225,City of Truth or Consequences PV,NM,1246122.0244195783
2026,4,p31,FabTechSolar,400209,Deming Solar Energy Center,NM,249647.8027447578
2026,4,p31,FabTechSolar,403868,Encino Solar Energy Center,NM,52640.41074105992
2026,4,p31,FabTechSolar,401038,Eubank Landfill Solar Array,NM,1476571.5707328063
2026,4,p31,FabTechSolar,402443,Facebook 3 Solar Energy Center,NM,140285.79185948017
2026,4,p31,FabTechSolar,400216,"Hatch Solar Energy Center I, LLC",NM,121543.29190421235
2026,4,p31,SolarCycle,401617,Holloman Solar Facility,NM,139359.25874422418
2026,4,p31,FabTechSolar,406109,"Jicarilla Solar 1, LLC",NM,20271.26906495587
2026,4,p31,SolarCycle,400210,Las Vegas Solar Energy Center,NM,282126.0084834452
2026,4,p31,SolarCycle,400434,Los Alamos PV Site,NM,3270784.2335915808
2026,4,p31,FabTechSolar,400207,Los Lunas Solar Energy Center,NM,199556.885656848
2026,4,p31,FabTechSolar,400838,Macho Springs,NM,22544.244555878842
2026,4,p31,SolarCycle,401201,Meadow Lake Solar Energy Center,NM,316083.9816120624
2026,4,p31,SolarCycle,405693,NMSU Solar and Storage,NM,195926.28681112773
2026,4,p31,FabTechSolar,406375,OE_ESCL,NM,6249.663535660368
2026,4,p31,SolarCycle,400581,Otero Solar,NM,136733.26499310308
2026,4,p31,FabTechSolar,403178,"RC Energy AA, LLC Solar Facility",NM,742302.675789577
2026,4,p31,FabTechSolar,401566,Rio Communities Solar Energy Center,NM,93263.71109854455
2026,4,p31,FabTechSolar,400624,Rio Rancho High School,NM,2939165.8986638053
2026,4,p31,FabTechSolar,404648,"Route 66 Energy Center, LLC",NM,16909.65283278968
2026,4,p31,SolarCycle,403387,San Miguel I Solar Energy Center,NM,140527.27355468954
2026,4,p31,SolarCycle,405458,San Miguel II Solar Energy Center,NM,93856.54131154975
2026,4,p31,FabTechSolar,401161,Sandoval Solar Energy Center,NM,236041.40730797133
2026,4,p31,SolarCycle,401564,Santa Fe Solar Energy Center,NM,107231.3178143798
2026,4,p31,FabTechSolar,401565,Santolina Solar Energy Center,NM,265593.6426972607
2026,4,p31,FabTechSolar,400596,Silver City WWTP PV Project,NM,949588.0573936154
2026,4,p31,FabTechSolar,401563,South Valley Solar Energy Center,NM,142468.78706083103
2026,4,p31,SolarCycle,401162,Springer Solar 1,NM,3437921.226880691
2026,4,p31,SolarCycle,400735,Storrie Lake Solar Project,NM,626636.3667563811
2026,4,p31,SolarCycle,402854,Syncarpha Eagle Nest,NM,3325312.094647864
2026,4,p31,SolarCycle,403412,Syncarpha El Rito,NM,1080867.5013077352
2026,4,p31,SolarCycle,403413,Syncarpha Questa,NM,443841.9769335054
2026,4,p31,SolarCycle,403411,Syncarpha Taos,NM,358159.05051925447
2026,4,p31,SolarCycle,404618,Taos Mesa Energy Facility Hybrid,NM,224461.29942793737
2026,4,p31,FabTechSolar,403011,Vista Solar Energy Center,NM,94613.75293506964
2026,4,p31,SolarCycle,400354,WSMR I,NM,80794.32195371452
2026,4,p31,FabTechSolar,405245,Wal-Mart Truth or Consequences PV,NM,1193933.070132968
2026,4,p47,SolarCycle,400979,"Caprock Solar 1, LLC",NM,81721.08843971902
2026,4,p47,SolarCycle,400614,GSE NM1,NM,388979.59189646
2026,4,p47,SolarCycle,404982,Hayhurst New Mexico Solar,NM,47672.046886453245
2026,4,p47,SolarCycle,402530,Middle Daisy,NM,58313.0209390677
2026,4,p47,SolarCycle,401682,"Roswell Solar, LLC",NM,21329.36750757843
2026,4,p47,SolarCycle,400546,SEV NM Phase 2,NM,519591.68305814976
2026,4,p47,SolarCycle,400260,SPS1 Dollarhide,NM,44608.921409575254
2026,4,p47,SolarCycle,400261,SPS2 Jal,NM,24287.083594006865
2026,4,p47,SolarCycle,400262,SPS3 Lea,NM,35384.67489628252
2026,4,p47,SolarCycle,404698,SoCore Clovis 1,NM,820078.9629548982
2026,4,p48,SolarCycle,406439,"BESSP1, LLC",TX,133595.04650708396
2026,4,p57,OkonRecycling,404918,"Hecate Energy Upshur Rural, LLC",TX,20523.938974909324
2026,4,p59,SolarCycle,402666,Fort Bliss (DEA EPIC),TX,132428.83651161278
2026,4,p59,SolarCycle,401616,Montana Solar Facility,TX,42679.72626038346
2026,4,p60,SolarCycle,403962,"ANSON Solar Center, LLC",TX,2023.686379871239
2026,4,p60,OkonRecycling,403883,Azure Sky Solar,TX,1403.242590012072
2026,4,p60,SolarCycle,403232,"ENGIE Long Draw Solar, LLC",TX,1804.1370861982532
2026,4,p60,SolarCycle,406252,Highpeak Solar 1,TX,32724.856572692574
2026,4,p60,SolarCycle,402721,Holstein 1 Solar Farm,TX,925.6582971255414
2026,4,p60,SolarCycle,405492,Juno Solar Project,TX,753.3364407752551
2026,4,p60,SolarCycle,402541,Lamesa II,TX,1760.5048966108284
2026,4,p60,SolarCycle,401660,Lamesa Solar,TX,1067.9067718251727
2026,4,p60,SolarCycle,405933,Lumina Solar Project,TX,1097.1909615081536
2026,4,p60,SolarCycle,402909,Misae Solar,TX,2274.1282379937848
2026,4,p60,OkonRecycling,400968,"OCI Alamo 7, LLC",TX,2519.7451603143054
2026,4,p60,SolarCycle,405939,Texas Solar Nova 1,TX,1113.562693726598
2026,4,p61,SolarCycle,403557,Aragorn Solar Project,TX,1208.4101009008182
2026,4,p61,SolarCycle,400691,Barilla Solar,TX,2642.0561844650465
2026,4,p61,SolarCycle,401946,Bluebell Solar,TX,1829.0236892825933
2026,4,p61,SolarCycle,403574,Bluebell Solar II,TX,1017.6508157344389
2026,4,p61,SolarCycle,400554,"Bryan Solar, LLC",TX,9637.744809030475
2026,4,p61,SolarCycle,401463,Buckthorn Westex,TX,706.8586254538786
2026,4,p61,SolarCycle,401703,East Pecos Solar,TX,688.7986077919642
2026,4,p61,SolarCycle,405363,Galloway 1 Solar Farm,TX,877.6788659710155
2026,4,p61,SolarCycle,405494,Galloway 2 Solar Farm,TX,3604.490605521748
2026,4,p61,SolarCycle,403210,Greasewood,TX,574.5603650731053
2026,4,p61,SolarCycle,406370,Hayhurst Texas Solar,TX,3621.513499021041
2026,4,p61,SolarCycle,402304,Midway Solar-TX,TX,787.5956094541948
2026,4,p61,SolarCycle,400695,"OCI Alamo 4, LLC",TX,2925.1070009572513
2026,4,p61,SolarCycle,401868,Pearl Solar,TX,1085.274661115775
2026,4,p61,SolarCycle,402290,RE Maplewood,TX,685.1161271583331
2026,4,p61,SolarCycle,401430,RE Roserock,TX,647.2038869677187
2026,4,p61,SolarCycle,402848,Rambler,TX,710.6387676750057
2026,4,p61,SolarCycle,402083,Solaire Holman Solar Project,TX,3162.9584137582997
2026,4,p61,SolarCycle,403023,"Taygete Energy Project, LLC",TX,603.0878997616213
2026,4,p61,SolarCycle,404647,Taygete II Energy Project,TX,650.970493523994
2026,4,p61,SolarCycle,403551,Titan Solar Project,TX,963.3212068265676
2026,4,p61,SolarCycle,406103,Zier Solar,TX,3477.3343054741017
2026,4,p62,SolarCycle,403502,2W Permian Solar Project Hybrid,TX,424.2892382315272
2026,4,p62,SolarCycle,403697,CED Crane Solar,TX,726.2989430444097
2026,4,p62,SolarCycle,401525,Castle Gap Solar Hybrid,TX,538.3665884054763
2026,4,p62,SolarCycle,403004,Lapetus,TX,774.8452141654594
2026,4,p62,SolarCycle,403280,Oberon IA,TX,487.04271548420223
2026,4,p62,SolarCycle,403279,Oberon IB,TX,1280.210983813347
2026,4,p62,SolarCycle,403602,Oxy Renewable Energy-Goldsmith,TX,1763.9025088515834
2026,4,p62,SolarCycle,402679,Phoebe Solar,TX,494.84706442087656
2026,4,p62,SolarCycle,403177,Prospero Solar,TX,486.55059686100344
2026,4,p62,SolarCycle,404128,Prospero Solar II,TX,812.4861678982621
2026,4,p62,SolarCycle,403070,"Roadrunner, LLC",TX,488.95687378444916
2026,4,p62,SolarCycle,401805,Upton County Solar,TX,507.425831166027
2026,4,p62,SolarCycle,402995,West of the Pecos Solar,TX,580.1064056874228
2026,4,p63,OkonRecycling,405599,"BPL Crown Solar, LLC",TX,3421.8049137883486
2026,4,p63,OkonRecycling,404966,BPL Files Solar,TX,1211.2997834019216
2026,4,p63,OkonRecycling,403825,Briar Creek Solar 1,TX,1590.7150952344261
2026,4,p63,OkonRecycling,402610,Chisum,TX,10385.570366286574
2026,4,p63,OkonRecycling,401697,CoServ Community Solar Station,TX,17886.918577615943
2026,4,p63,OkonRecycling,403188,Coniglio Solar,TX,1132.6046933977193
2026,4,p63,OkonRecycling,406415,Dileo Solar,TX,3731.228478476024
2026,4,p63,OkonRecycling,406221,Eiffel Solar Project,TX,1178.3060940387254
2026,4,p63,OkonRecycling,405540,"Ellis Solar, LLC",TX,876.0236651167171
2026,4,p63,OkonRecycling,403823,Elm Branch Solar 1,TX,1239.0900659057818
2026,4,p63,OkonRecycling,406206,Five Wells Solar Center - Hybrid,TX,919.6861354447085
2026,4,p63,OkonRecycling,403288,Griffin Solar,TX,55216.1784022581
2026,4,p63,OkonRecycling,406202,Grizzly Ridge Solar,TX,3640.6743781806254
2026,4,p63,OkonRecycling,402329,Highway 56 Solar,TX,22090.636844074317
2026,4,p63,OkonRecycling,405319,IKEA Grand Prairie Rooftop PV System,TX,8941.232747069633
2026,4,p63,OkonRecycling,405689,"IP Radian, LLC",TX,1906.0568808985415
2026,4,p63,OkonRecycling,403481,Impact Solar 1,TX,1839.3758556846487
2026,4,p63,OkonRecycling,403190,Kellam Solar,TX,7057.755483481067
2026,4,p63,OkonRecycling,402421,Leon Solar,TX,8764.190158494554
2026,4,p63,OkonRecycling,403874,Lily Solar Hybrid,TX,972.1083395288658
2026,4,p63,OkonRecycling,402404,Marlin Solar,TX,116032.65900925182
2026,4,p63,OkonRecycling,405794,Noble Solar,TX,747.2744726820307
2026,4,p63,OkonRecycling,402405,North Gainesville Solar,TX,36768.532720702875
2026,4,p63,OkonRecycling,401933,Phantom Solar,TX,17111.535352838153
2026,4,p63,OkonRecycling,404872,"Pisgah Ridge Solar, LLC",TX,1171.838512524532
2026,4,p63,OkonRecycling,406416,Pitts Dudik Solar,TX,4077.613930295375
2026,4,p63,OkonRecycling,403189,Rippey Solar,TX,6113.854851058697
2026,4,p63,OkonRecycling,404630,"Samson Solar Energy III, LLC",TX,1179.4596373591403
2026,4,p63,OkonRecycling,402652,Sterling Solar (TX),TX,5797.391885470131
2026,4,p63,OkonRecycling,404388,"TPE Erath Solar, LLC",TX,53697.91567194851
2026,4,p63,OkonRecycling,403457,"TPE Whitney Solar, LLC",TX,39261.48553228249
2026,4,p63,OkonRecycling,405361,Toyota HQ Plan,TX,2210.157507422044
2026,4,p63,OkonRecycling,405907,Verizon Hidden Ridge Solar Project,TX,2595.1606038480286
2026,4,p63,OkonRecycling,405984,Waco Solar,TX,766.3468305701242
2026,4,p63,OkonRecycling,402497,West Moore Solar II,TX,7399.987901159347
2026,4,p63,OkonRecycling,402330,Whitesboro Solar,TX,7289.036937708728
2026,4,p63,OkonRecycling,402331,Whitesboro Solar II,TX,7349.278317314978
2026,4,p63,OkonRecycling,402414,Whitewright Solar,TX,33511.27550438405
2026,4,p63,OkonRecycling,402654,Yellow Jacket,TX,90993.03916191227
2026,4,p64,OkonRecycling,405731,Austin TX GigaFactory,TX,295601.73230959475
2026,4,p64,OkonRecycling,404721,"Blue Jay Solar I, LLC",TX,1488.5401704028366
2026,4,p64,OkonRecycling,402389,"E-Volve Energy Holdings, LLC",TX,102371.45781792888
2026,4,p64,OkonRecycling,400227,East Blackland Solar Project 1,TX,1582.7765424283828
2026,4,p64,OkonRecycling,405101,IKEA Round Rock 027,TX,177390.25039245724
2026,4,p64,SolarCycle,402653,Lampwick,TX,18758.40937095021
2026,4,p64,OkonRecycling,400249,Webberville Solar Project,TX,9590.646923589748
2026,4,p65,OkonRecycling,405700,Aktina Solar,TX,12258.606541593146
2026,4,p65,OkonRecycling,405727,Bernard Creek Solar,TX,24130.456197476862
2026,4,p65,OkonRecycling,405477,Brightside,TX,211974.33924015798
2026,4,p65,OkonRecycling,401728,CPS 1 Community Solar,TX,8760299.889298176
2026,4,p65,OkonRecycling,402656,Cascade Solar (TX),TX,1755956.0712916963
2026,4,p65,OkonRecycling,404359,FELPS 1-Calaveras,TX,18191308.33527338
2026,4,p65,OkonRecycling,404361,FELPS 2-Calaveras,TX,18190890.156405777
2026,4,p65,OkonRecycling,404739,FELPS 6- Floresville West,TX,9258334.319505207
2026,4,p65,OkonRecycling,404740,FELPS 7- Floresville West,TX,6170362.921927086
2026,4,p65,SolarCycle,405801,Horizon Solar,TX,49195.88003011942
2026,4,p65,OkonRecycling,405380,IKEA Live Oak Rooftop PV System,TX,4927078.977620904
2026,4,p65,SolarCycle,403343,Mars Solar,TX,2600857.348466714
2026,4,p65,OkonRecycling,404877,Nebula Solar,TX,241454.79088760703
2026,4,p65,OkonRecycling,400965,"OCI Alamo 3, LLC",TX,1553331.6504823468
2026,4,p65,SolarCycle,400966,"OCI Alamo 5, LLC",TX,89015.44766799918
2026,4,p65,OkonRecycling,400593,OCI Alamo Solar I Hybrid,TX,224489.72282311486
2026,4,p65,SolarCycle,405809,Shakes Solar,TX,48390.73033171218
2026,4,p65,OkonRecycling,405545,Sparta Solar,TX,28282.47790602383
2026,4,p65,OkonRecycling,400379,"SunE CPS1, LLC",TX,370798.3037674712
2026,4,p65,OkonRecycling,400353,"SunE CPS3, LLC",TX,1775117.4018428572
2026,4,p65,OkonRecycling,406032,Tres Bahias,TX,50764.32658198609
2026,4,p67,OkonRecycling,404939,Brazoria County Solar Project (Danciger),TX,11365.655319605594
2026,4,p67,OkonRecycling,404681,Brazoria West,TX,11536.265207322569
2026,4,p67,OkonRecycling,404587,Fighting Jays Solar Project,TX,9789.159891448597
2026,4,p67,OkonRecycling,405564,"Fort Bend Solar, LLC",TX,8702.03671429797
2026,4,p67,OkonRecycling,403514,Wagyu,TX,18812.509841141633
2027,1,p12,ComstockMetals,402144,Battle Mountain Solar Project,NV,1424.011505269065
2027,1,p12,ComstockMetals,405025,Brady,NV,1142.4789318461217
2027,1,p12,ComstockMetals,405553,Dodge Flat,NV,424.3196705064578
2027,1,p12,ComstockMetals,402609,"EGP Stillwater Solar PV II, LLC",NV,4298.348742393573
2027,1,p12,ComstockMetals,404659,Fish Springs,NV,722.6615623513484
2027,1,p12,ComstockMetals,401086,Ft. Churchill PV,NV,740.4495777937192
2027,1,p12,ComstockMetals,405028,Galena 2 Geothermal Power Plant,NV,2420.7385756934486
2027,1,p12,ComstockMetals,400468,"Patua Acquisition Project, LLC",NV,1895.8912806608653
2027,1,p12,ComstockMetals,405021,Steamboat Hills LP,NV,3448.174141395836
2027,1,p12,ComstockMetals,405023,Steamboat II,NV,1579.5526703051378
2027,1,p12,ComstockMetals,405024,Steamboat III,NV,1469.4541306148237
2027,1,p12,ComstockMetals,400029,Stillwater Facility,NV,4001.558570293583
2027,1,p12,ComstockMetals,401318,Sunshine Valley Solar,NV,5671.614695989136
2027,1,p12,ComstockMetals,405576,Tesla Reno GigaFactory,NV,906.5777572761699
2027,1,p12,ComstockMetals,403308,Turquoise Liberty Solar,NV,1225.0860498686907
2027,1,p12,ComstockMetals,403884,"Turquoise Nevada, LLC",NV,554.7593981665708
2027,1,p12,ComstockMetals,400035,Western 102 Power Plant,NV,5229.034187957187
2027,1,p13,WeRecycleSolar,400555,Apex Solar PV Power Project,NV,19762.061262420422
2027,1,p13,WeRecycleSolar,405385,Arrow Canyon Solar Hybrid,NV,1520.0221519811407
2027,1,p13,WeRecycleSolar,401649,"Boulder Solar Power, LLC",NV,14243.123100612926
2027,1,p13,WeRecycleSolar,400059,CM10,NV,46221.25956164124
2027,1,p13,WeRecycleSolar,400086,CM48,NV,28994.079711531707
2027,1,p13,WeRecycleSolar,400363,Copper Mountain Solar 2,NV,9292.942919941861
2027,1,p13,WeRecycleSolar,403688,"Copper Mountain Solar 5, LLC",NV,5868.9796830117775
2027,1,p13,WeRecycleSolar,405556,Dry Lake Solar Energy Center,NV,3832.161099261533
2027,1,p13,WeRecycleSolar,405495,Gemini Solar,NV,1137.0118406540266
2027,1,p13,WeRecycleSolar,403386,"Harry Allen Solar Energy, LLC",NV,15908.516277423652
2027,1,p13,WeRecycleSolar,406090,IGS LAS1,NV,1463116.7878150097
2027,1,p13,WeRecycleSolar,406089,IGS VGT,NV,1529088.4327676767
2027,1,p13,WeRecycleSolar,405309,IKEA Las Vegas 462,NV,305015.4056033984
2027,1,p13,WeRecycleSolar,400545,Las Vegas WPCF Solar Plant,NV,450429.4038256446
2027,1,p13,WeRecycleSolar,400036,Nellis Air Force Base Solar Array,NV,127615.9251523309
2027,1,p13,WeRecycleSolar,401274,River Mountains Solar,NV,99704.25383704301
2027,1,p13,WeRecycleSolar,400658,Silver State Solar Power South,NV,3231.3288917781156
2027,1,p13,WeRecycleSolar,405246,"Solar Las Vegas MB 2, LLC",NV,334448.71166837326
2027,1,p13,WeRecycleSolar,405188,Solar Las Vegas MB-1,NV,153887.15016831632
2027,1,p13,WeRecycleSolar,402691,"Techren Solar III, LLC",NV,14252.324956298888
2027,1,p13,WeRecycleSolar,402692,"Techren Solar IV, LLC",NV,28213.43743641524
2027,1,p13,WeRecycleSolar,404971,Yellow Pine Solar,NV,4787.429624514637
2027,1,p27,WeRecycleSolar,400374,"Black Mountain Solar, LLC",AZ,11820.767902973612
2027,1,p27,WeRecycleSolar,402236,Gray Hawk Solar,AZ,2726.4764398570424
2027,1,p27,WeRecycleSolar,401819,Jacobson 5 MW Solar,AZ,49417.32669976748
2027,1,p27,WeRecycleSolar,403718,Mohave Electric Cooperative at Joy Lane,AZ,11700.78611971684
2027,1,p27,WeRecycleSolar,401311,Mohave Electric at Fort Mohave,AZ,13214.194989111287
2027,1,p27,WeRecycleSolar,406478,Mohave Energy - Hybrid,AZ,13215.889898053145
2027,1,p28,WeRecycleSolar,400148,Agua Caliente Solar Project,AZ,821.5082701469697
2027,1,p28,WeRecycleSolar,400274,Arizona Western College PV,AZ,73092.62601999789
2027,1,p28,WeRecycleSolar,400240,Arlington Valley Solar Energy II,AZ,2326.269650155426
2027,1,p28,WeRecycleSolar,400437,Badger 1,AZ,16375.437268218135
2027,1,p28,FabTechSolar,401688,Bonnybrooke PV,AZ,1496.384399363848
2027,1,p28,WeRecycleSolar,400371,Buckeye Union HS District 201,AZ,16615.481072229504
2027,1,p28,FabTechSolar,405635,"Central Line Solar, LLC",AZ,1002.3102852885532
2027,1,p28,WeRecycleSolar,400201,Chino Solar Valley,AZ,26748.801788079094
2027,1,p28,WeRecycleSolar,401069,Desert Star Hybrid,AZ,20144.93391921737
2027,1,p28,FabTechSolar,403257,East Line Solar,AZ,1305.8200148833923
2027,1,p28,FabTechSolar,406171,Eleven Mile Solar Center,AZ,683.5747835061793
2027,1,p28,WeRecycleSolar,400349,Foothills Solar Plant Hybrid,AZ,22221.07050600537
2027,1,p28,FabTechSolar,400825,Fort Huachuca Solar PV Project,AZ,23277.092572949783
2027,1,p28,WeRecycleSolar,400845,Gila Bend Hybrid,AZ,3035.016341326218
2027,1,p28,FabTechSolar,400599,"Gilbert Solar Facility I, LLC",AZ,12306.894009520862
2027,1,p28,WeRecycleSolar,400204,Hyder Solar Hybrid,AZ,7246.0316075703295
2027,1,p28,WeRecycleSolar,405125,Jewish Community Center PV,AZ,17643.821258860775
2027,1,p28,WeRecycleSolar,402234,Kayenta Solar Project,AZ,25711.77108298859
2027,1,p28,WeRecycleSolar,405068,Macys Goodyear,AZ,18088.12641392518
2027,1,p28,WeRecycleSolar,406279,McFarland A Solar and Storage,AZ,2836.506744688414
2027,1,p28,FabTechSolar,405617,Mesa Carport PV,AZ,13744.282242141331
2027,1,p28,FabTechSolar,404512,Mesa Solar Array,AZ,5484.148391550079
2027,1,p28,WeRecycleSolar,400250,Mesquite Solar 1,AZ,667.593600165017
2027,1,p28,WeRecycleSolar,401621,"Mesquite Solar 2, LLC",AZ,3125.3367603910056
2027,1,p28,WeRecycleSolar,401622,"Mesquite Solar 3, LLC",AZ,1012.0321081859034
2027,1,p28,WeRecycleSolar,406038,"Mesquite Solar 4, LLC",AZ,5610.13784356249
2027,1,p28,WeRecycleSolar,404922,"Mesquite Solar 5, LLC",AZ,4905.285034931553
2027,1,p28,WeRecycleSolar,403572,OE_AZ1,AZ,8369.15722194702
2027,1,p28,WeRecycleSolar,400203,Paloma Solar Hybrid,AZ,5115.704057072159
2027,1,p28,WeRecycleSolar,405150,Phoenix Airport East Economy Lot,AZ,7115.945456689569
2027,1,p28,WeRecycleSolar,405151,Phoenix Airport Rental Car Center,AZ,2249.8305626564556
2027,1,p28,FabTechSolar,400125,"Poseidon Solar, LLC",AZ,5673.1363745911385
2027,1,p28,WeRecycleSolar,400031,Prescott Airport,AZ,80652.62349777318
2027,1,p28,WeRecycleSolar,400401,Prescott Solar Plant,AZ,23769.672590788672
2027,1,p28,FabTechSolar,400323,Queen Creek Solar Farm,AZ,3165.399704609349
2027,1,p28,WeRecycleSolar,400289,"RE Bagdad Solar I, LLC",AZ,18999.56884492386
2027,1,p28,FabTechSolar,401726,Red Rock,AZ,8411.253756777069
2027,1,p28,WeRecycleSolar,400416,Saddle Mountain Solar I,AZ,6320.109222896317
2027,1,p28,FabTechSolar,403674,Saint Solar,AZ,1018.435410865534
2027,1,p28,FabTechSolar,401214,Sandstone Solar,AZ,1940.7678814619917
2027,1,p28,WeRecycleSolar,405029,Solana Generating Station,AZ,1025.386059842525
2027,1,p28,WeRecycleSolar,406275,Sonoran Solar Energy,AZ,571.5119598874031
2027,1,p28,FabTechSolar,406034,Storey Solar and Storage,AZ,1823.5643807116176
2027,1,p28,WeRecycleSolar,403643,Sun Streams 2,AZ,722.9069910175853
2027,1,p28,WeRecycleSolar,406517,Sun Streams 3,AZ,1506.7992228572841
2027,1,p28,WeRecycleSolar,401975,"Sun Streams, LLC",AZ,918.6500841033921
2027,1,p28,WeRecycleSolar,405311,T0588 Phoenix - AZ,AZ,37960.54815985679
2027,1,p28,FabTechSolar,405134,Union HS at Casa Grande,AZ,21078.88644832308
2027,1,p28,FabTechSolar,405135,Vista Grande HS at Casa Grande,AZ,107952.10305423153
2027,1,p28,FabTechSolar,400334,Walmart Casa Grande,AZ,26704.031913802228
2027,1,p28,FabTechSolar,406098,"West Line Solar, LLC",AZ,1002.585437509647
2027,1,p29,FabTechSolar,400014,Springerville,AZ,51636.09253020802
2027,1,p30,FabTechSolar,405143,Actus Lend Lease DMAFB,AZ,18644.80459569008
2027,1,p30,FabTechSolar,405611,Amazon TUS2,AZ,111583.58782002708
2027,1,p30,FabTechSolar,400939,Avalon Solar,AZ,5493.891984575709
2027,1,p30,FabTechSolar,401479,Avalon Solar II,AZ,9564.548744797132
2027,1,p30,FabTechSolar,404704,Broadway 2 - Tucson Phase II,AZ,15938.068058441177
2027,1,p30,FabTechSolar,405269,Canyon Del Oro High School Solar,AZ,53493.83905711705
2027,1,p30,FabTechSolar,401295,Davis Monthan AFB (AZ) West Airfield,AZ,5880.865554883767
2027,1,p30,FabTechSolar,404536,Iron Horse Battery Storage Hybrid,AZ,148227.09032272073
2027,1,p30,FabTechSolar,400552,"Picture Rocks Solar, LLC",AZ,2153.687412167901
2027,1,p30,FabTechSolar,405374,Pima Community College,AZ,259696.35442174415
2027,1,p30,FabTechSolar,405303,Pima Community College - East Campus,AZ,52664.23780402557
2027,1,p30,FabTechSolar,405516,Pima Community College NW,AZ,90332.0062107992
2027,1,p30,FabTechSolar,404926,Raptor Ridge,AZ,11699.373217232149
2027,1,p30,FabTechSolar,400857,Rio Rico Solar,AZ,16778.58151246093
2027,1,p30,FabTechSolar,401076,Tech Park Solar,AZ,29430.24753057905
2027,1,p30,FabTechSolar,401075,Valencia Solar,AZ,31753.778128199025
2027,1,p30,FabTechSolar,404187,"Wilmot Energy Center, LLC",AZ,1555.9874568694268
2027,1,p31,SolarCycle,400211,Alamogordo Solar Energy Center,NM,138960.8705674426
2027,1,p31,FabTechSolar,400206,Albuquerque Solar Energy Center,NM,368677.04127310484
2027,1,p31,SolarCycle,403675,Alcalde Solar Array,NM,457505.74000931735
2027,1,p31,FabTechSolar,405469,Arroyo Solar Energy Storage Hybrid,NM,4984.327639694829
2027,1,p31,FabTechSolar,403321,Bluewater CDEC 1,NM,976573.8450381611
2027,1,p31,SolarCycle,402876,CNMEC Solar Energy Center,NM,1340706.8192644164
2027,1,p31,SolarCycle,402519,Carrizozo Solar,NM,351853.36409564974
2027,1,p31,FabTechSolar,401202,Cibola,NM,175718.47050631687
2027,1,p31,FabTechSolar,403604,City of Rio Rancho WWTP,NM,1187641.0266438902
2027,1,p31,FabTechSolar,401225,City of Truth or Consequences PV,NM,415640.6748065261
2027,1,p31,FabTechSolar,400209,Deming Solar Energy Center,NM,62711.95068618945
2027,1,p31,FabTechSolar,403868,Encino Solar Energy Center,NM,13460.102685264977
2027,1,p31,FabTechSolar,401038,Eubank Landfill Solar Array,NM,1476571.5707328063
2027,1,p31,FabTechSolar,402443,Facebook 3 Solar Energy Center,NM,70342.8959297401
2027,1,p31,FabTechSolar,403322,Grants CDEC 2,NM,263796.717406415
2027,1,p31,FabTechSolar,400216,"Hatch Solar Energy Center I, LLC",NM,484973.1676168494
2027,1,p31,SolarCycle,401617,Holloman Solar Facility,NM,417277.7762326727
2027,1,p31,SolarCycle,400427,Kit Carson,NM,922967.1254595427
2027,1,p31,SolarCycle,400210,Las Vegas Solar Energy Center,NM,282126.0084834452
2027,1,p31,SolarCycle,400434,Los Alamos PV Site,NM,3270784.2335915808
2027,1,p31,FabTechSolar,400838,Macho Springs,NM,22544.244555878842
2027,1,p31,FabTechSolar,400582,Manzano Solar,NM,88806.70567768984
2027,1,p31,SolarCycle,401201,Meadow Lake Solar Energy Center,NM,105627.99387068747
2027,1,p31,SolarCycle,405693,NMSU Solar and Storage,NM,391452.5736222555
2027,1,p31,FabTechSolar,406375,OE_ESCL,NM,6249.663535660368
2027,1,p31,SolarCycle,400581,Otero Solar,NM,136733.26499310308
2027,1,p31,SolarCycle,400146,Questa Solar Facility,NM,1750604.7121012919
2027,1,p31,FabTechSolar,403178,"RC Energy AA, LLC Solar Facility",NM,2968010.7031583074
2027,1,p31,FabTechSolar,401566,Rio Communities Solar Energy Center,NM,139695.56664781686
2027,1,p31,FabTechSolar,403084,Rio De Oro Solar Energy Center,NM,56451.67806722156
2027,1,p31,FabTechSolar,400624,Rio Rancho High School,NM,1469782.9493319027
2027,1,p31,FabTechSolar,404648,"Route 66 Energy Center, LLC",NM,49928.95849836905
2027,1,p31,SolarCycle,405458,San Miguel II Solar Energy Center,NM,140584.81196732464
2027,1,p31,FabTechSolar,401161,Sandoval Solar Energy Center,NM,157494.2715386476
2027,1,p31,SolarCycle,401564,Santa Fe Solar Energy Center,NM,160646.97672156966
2027,1,p31,FabTechSolar,400596,Silver City WWTP PV Project,NM,949588.0573936154
2027,1,p31,FabTechSolar,401563,South Valley Solar Energy Center,NM,95112.52470722068
2027,1,p31,SolarCycle,401162,Springer Solar 1,NM,1146240.4089602302
2027,1,p31,FabTechSolar,400623,Sue Cleveland High School,NM,2963863.9802992805
2027,1,p31,SolarCycle,400343,"SunE EPE1, LLC",NM,212956.93365245027
2027,1,p31,SolarCycle,402854,Syncarpha Eagle Nest,NM,1108704.0315492882
2027,1,p31,SolarCycle,403412,Syncarpha El Rito,NM,1080867.5013077352
2027,1,p31,SolarCycle,403413,Syncarpha Questa,NM,739469.9615558425
2027,1,p31,SolarCycle,403411,Syncarpha Taos,NM,358159.05051925447
2027,1,p31,SolarCycle,404618,Taos Mesa Energy Facility Hybrid,NM,224461.29942793737
2027,1,p31,SolarCycle,400354,WSMR I,NM,120991.48293057174
2027,1,p31,FabTechSolar,405245,Wal-Mart Truth or Consequences PV,NM,2387466.1402659356
2027,1,p47,SolarCycle,400979,"Caprock Solar 1, LLC",NM,27507.02947990635
2027,1,p47,SolarCycle,400614,GSE NM1,NM,388979.59189646
2027,1,p47,SolarCycle,404982,Hayhurst New Mexico Solar,NM,47672.046886453245
2027,1,p47,SolarCycle,402530,Middle Daisy,NM,58313.0209390677
2027,1,p47,SolarCycle,400546,SEV NM Phase 2,NM,519591.68305814976
2027,1,p47,SolarCycle,400260,SPS1 Dollarhide,NM,11452.230352393812
2027,1,p47,SolarCycle,400261,SPS2 Jal,NM,12343.541797003432
2027,1,p47,SolarCycle,400262,SPS3 Lea,NM,35384.67489628252
2027,1,p47,SolarCycle,400264,SPS5 Hopi,NM,103295.92967250288
2027,1,p47,SolarCycle,404698,SoCore Clovis 1,NM,410239.4814774491
2027,1,p48,SolarCycle,406439,"BESSP1, LLC",TX,133595.04650708396
2027,1,p48,SolarCycle,405590,"Hecate Energy Frye Solar, LLC",TX,13517.284789947573
2027,1,p57,OkonRecycling,404918,"Hecate Energy Upshur Rural, LLC",TX,60771.816924727995
2027,1,p59,SolarCycle,402666,Fort Bliss (DEA EPIC),TX,132428.83651161278
2027,1,p59,SolarCycle,401616,Montana Solar Facility,TX,84959.45252076694
2027,1,p60,SolarCycle,403962,"ANSON Solar Center, LLC",TX,1482.4575865808263
2027,1,p60,OkonRecycling,403883,Azure Sky Solar,TX,1152.4319425090541
2027,1,p60,SolarCycle,403232,"ENGIE Long Draw Solar, LLC",TX,1804.1370861982532
2027,1,p60,SolarCycle,402721,Holstein 1 Solar Farm,TX,925.6582971255414
2027,1,p60,SolarCycle,405492,Juno Solar Project,TX,930.0046611628829
2027,1,p60,SolarCycle,402541,Lamesa II,TX,1760.5048966108284
2027,1,p60,SolarCycle,401660,Lamesa Solar,TX,1735.8135436503455
2027,1,p60,SolarCycle,405932,Lumina II Solar Project,TX,1898.0544355356633
2027,1,p60,SolarCycle,405933,Lumina Solar Project,TX,1097.1909615081536
2027,1,p60,SolarCycle,402909,Misae Solar,TX,2274.1282379937848
2027,1,p60,OkonRecycling,400968,"OCI Alamo 7, LLC",TX,1989.8088702357288
2027,1,p60,SolarCycle,405939,Texas Solar Nova 1,TX,1113.562693726598
2027,1,p61,SolarCycle,400967,Alamo 6,TX,1676.693951097466
2027,1,p61,SolarCycle,403557,Aragorn Solar Project,TX,1208.4101009008182
2027,1,p61,SolarCycle,400691,Barilla Solar,TX,3763.084276697568
2027,1,p61,SolarCycle,401946,Bluebell Solar,TX,1829.0236892825933
2027,1,p61,SolarCycle,403574,Bluebell Solar II,TX,863.2381118008291
2027,1,p61,SolarCycle,400554,"Bryan Solar, LLC",TX,11947.181011288092
2027,1,p61,SolarCycle,401463,Buckthorn Westex,TX,553.4293127269393
2027,1,p61,SolarCycle,401703,East Pecos Solar,TX,688.7986077919642
2027,1,p61,SolarCycle,405363,Galloway 1 Solar Farm,TX,638.8394329855079
2027,1,p61,SolarCycle,405494,Galloway 2 Solar Farm,TX,3604.490605521748
2027,1,p61,SolarCycle,403210,Greasewood,TX,574.5603650731053
2027,1,p61,SolarCycle,406370,Hayhurst Texas Solar,TX,10064.540497063123
2027,1,p61,SolarCycle,402304,Midway Solar-TX,TX,787.5956094541948
2027,1,p61,SolarCycle,400695,"OCI Alamo 4, LLC",TX,2504.255834131043
2027,1,p61,SolarCycle,401868,Pearl Solar,TX,1085.274661115775
2027,1,p61,SolarCycle,402290,RE Maplewood,TX,685.1161271583331
2027,1,p61,SolarCycle,401430,RE Roserock,TX,709.0048587096484
2027,1,p61,SolarCycle,402848,Rambler,TX,814.1850235666742
2027,1,p61,SolarCycle,402083,Solaire Holman Solar Project,TX,3162.9584137582997
2027,1,p61,SolarCycle,403023,"Taygete Energy Project, LLC",TX,552.315924821216
2027,1,p61,SolarCycle,404647,Taygete II Energy Project,TX,650.970493523994
2027,1,p61,SolarCycle,403551,Titan Solar Project,TX,963.3212068265676
2027,1,p61,SolarCycle,406103,Zier Solar,TX,1938.6671527370509
2027,1,p62,SolarCycle,403502,2W Permian Solar Project Hybrid,TX,424.2892382315272
2027,1,p62,SolarCycle,403697,CED Crane Solar,TX,726.2989430444097
2027,1,p62,SolarCycle,401525,Castle Gap Solar Hybrid,TX,538.3665884054763
2027,1,p62,SolarCycle,404599,Emerald Grove,TX,1567.293840619635
2027,1,p62,SolarCycle,403004,Lapetus,TX,774.8452141654594
2027,1,p62,SolarCycle,403280,Oberon IA,TX,487.04271548420223
2027,1,p62,SolarCycle,403279,Oberon IB,TX,1280.210983813347
2027,1,p62,SolarCycle,403602,Oxy Renewable Energy-Goldsmith,TX,3127.8050177031664
2027,1,p62,SolarCycle,402679,Phoebe Solar,TX,494.84706442087656
2027,1,p62,SolarCycle,403177,Prospero Solar,TX,486.55059686100344
2027,1,p62,SolarCycle,404128,Prospero Solar II,TX,606.243083949131
2027,1,p62,SolarCycle,403070,"Roadrunner, LLC",TX,488.95687378444916
2027,1,p62,SolarCycle,401805,Upton County Solar,TX,528.9109973992323
2027,1,p62,SolarCycle,402995,West of the Pecos Solar,TX,580.1064056874228
2027,1,p63,OkonRecycling,405599,"BPL Crown Solar, LLC",TX,3421.8049137883486
2027,1,p63,OkonRecycling,404966,BPL Files Solar,TX,1211.2997834019216
2027,1,p63,OkonRecycling,403825,Briar Creek Solar 1,TX,1590.7150952344261
2027,1,p63,OkonRecycling,401697,CoServ Community Solar Station,TX,13515.18893321196
2027,1,p63,OkonRecycling,403188,Coniglio Solar,TX,1132.6046933977193
2027,1,p63,OkonRecycling,406415,Dileo Solar,TX,3731.228478476024
2027,1,p63,OkonRecycling,402655,Eddy II,TX,31881.468994373226
2027,1,p63,OkonRecycling,406221,Eiffel Solar Project,TX,2734.9182821161767
2027,1,p63,OkonRecycling,405540,"Ellis Solar, LLC",TX,876.0236651167171
2027,1,p63,OkonRecycling,403823,Elm Branch Solar 1,TX,1239.0900659057818
2027,1,p63,OkonRecycling,406206,Five Wells Solar Center - Hybrid,TX,919.6861354447085
2027,1,p63,OkonRecycling,404567,G.S.E. One LLC,TX,2623.4830604819917
2027,1,p63,OkonRecycling,403288,Griffin Solar,TX,55216.1784022581
2027,1,p63,OkonRecycling,406202,Grizzly Ridge Solar,TX,3640.6743781806254
2027,1,p63,OkonRecycling,402329,Highway 56 Solar,TX,6907.1910532222955
2027,1,p63,OkonRecycling,405319,IKEA Grand Prairie Rooftop PV System,TX,23176.620658852353
2027,1,p63,OkonRecycling,405689,"IP Radian, LLC",TX,1906.0568808985415
2027,1,p63,OkonRecycling,403481,Impact Solar 1,TX,1839.3758556846487
2027,1,p63,OkonRecycling,403190,Kellam Solar,TX,7057.755483481067
2027,1,p63,OkonRecycling,402421,Leon Solar,TX,8764.190158494554
2027,1,p63,OkonRecycling,403874,Lily Solar Hybrid,TX,972.1083395288658
2027,1,p63,OkonRecycling,402404,Marlin Solar,TX,58216.32950462589
2027,1,p63,OkonRecycling,405794,Noble Solar,TX,747.2744726820307
2027,1,p63,OkonRecycling,402405,North Gainesville Solar,TX,7673.706544140577
2027,1,p63,OkonRecycling,401933,Phantom Solar,TX,25467.303029257222
2027,1,p63,OkonRecycling,404872,"Pisgah Ridge Solar, LLC",TX,785.9192562622661
2027,1,p63,OkonRecycling,406416,Pitts Dudik Solar,TX,4077.613930295375
2027,1,p63,OkonRecycling,403189,Rippey Solar,TX,6113.854851058697
2027,1,p63,OkonRecycling,404630,"Samson Solar Energy III, LLC",TX,1179.4596373591403
2027,1,p63,OkonRecycling,402652,Sterling Solar (TX),TX,4255.27991819295
2027,1,p63,OkonRecycling,404812,Sun Valley Solar Project,TX,1173.0937402176696
2027,1,p63,OkonRecycling,403457,"TPE Whitney Solar, LLC",TX,13353.828510760828
2027,1,p63,OkonRecycling,405361,Toyota HQ Plan,TX,2029.1417566798402
2027,1,p63,OkonRecycling,405907,Verizon Hidden Ridge Solar Project,TX,2839.06733760892
2027,1,p63,OkonRecycling,405984,Waco Solar,TX,766.3468305701242
2027,1,p63,OkonRecycling,402306,Walnut Springs Solar,TX,29598.278159726633
2027,1,p63,OkonRecycling,402497,West Moore Solar II,TX,7399.987901159347
2027,1,p63,OkonRecycling,402330,Whitesboro Solar,TX,7289.036937708728
2027,1,p63,OkonRecycling,402331,Whitesboro Solar II,TX,7349.278317314978
2027,1,p63,OkonRecycling,402414,Whitewright Solar,TX,33511.27550438405
2027,1,p63,OkonRecycling,402654,Yellow Jacket,TX,90993.03916191227
2027,1,p64,OkonRecycling,405731,Austin TX GigaFactory,TX,295601.73230959475
2027,1,p64,OkonRecycling,404721,"Blue Jay Solar I, LLC",TX,1488.5401704028366
2027,1,p64,OkonRecycling,402389,"E-Volve Energy Holdings, LLC",TX,81977.16625434312
2027,1,p64,OkonRecycling,400227,East Blackland Solar Project 1,TX,2174.1648136425742
2027,1,p64,OkonRecycling,405101,IKEA Round Rock 027,TX,354380.50078491436
2027,1,p64,SolarCycle,402653,Lampwick,TX,18758.40937095021
2027,1,p64,OkonRecycling,405613,Niagara Bottling - Seguin,TX,144604.34765277428
2027,1,p64,OkonRecycling,400249,Webberville Solar Project,TX,6527.097949059832
2027,1,p65,OkonRecycling,405700,Aktina Solar,TX,12258.606541593146
2027,1,p65,OkonRecycling,405727,Bernard Creek Solar,TX,35995.684296215295
2027,1,p65,OkonRecycling,405477,Brightside,TX,211974.33924015798
2027,1,p65,OkonRecycling,401728,CPS 1 Community Solar,TX,17520199.778596353
2027,1,p65,OkonRecycling,404359,FELPS 1-Calaveras,TX,6064036.111757794
2027,1,p65,OkonRecycling,404361,FELPS 2-Calaveras,TX,9095645.078202888
2027,1,p65,OkonRecycling,404739,FELPS 6- Floresville West,TX,9258334.319505207
2027,1,p65,OkonRecycling,404740,FELPS 7- Floresville West,TX,9255344.382890629
2027,1,p65,SolarCycle,405801,Horizon Solar,TX,24797.940015059703
2027,1,p65,OkonRecycling,405380,IKEA Live Oak Rooftop PV System,TX,9853757.955241807
2027,1,p65,SolarCycle,403343,Mars Solar,TX,867219.1161555712
2027,1,p65,OkonRecycling,404877,Nebula Solar,TX,120927.39544380353
2027,1,p65,OkonRecycling,400694,"OCI Alamo 2, LLC",TX,1952608.026925484
2027,1,p65,SolarCycle,400966,"OCI Alamo 5, LLC",TX,177630.89533599836
2027,1,p65,OkonRecycling,400593,OCI Alamo Solar I Hybrid,TX,224489.72282311486
2027,1,p65,SolarCycle,405809,Shakes Solar,TX,19596.29213268487
2027,1,p65,OkonRecycling,405545,Sparta Solar,TX,28282.47790602383
2027,1,p65,OkonRecycling,400379,"SunE CPS1, LLC",TX,926395.7594186779
2027,1,p65,OkonRecycling,400364,"SunE CPS2, LLC",TX,928924.2891538129
2027,1,p65,OkonRecycling,400353,"SunE CPS3, LLC",TX,591972.4672809523
2027,1,p65,OkonRecycling,406032,Tres Bahias,TX,25582.163290993045
2027,1,p67,OkonRecycling,404939,Brazoria County Solar Project (Danciger),TX,11365.655319605594
2027,1,p67,OkonRecycling,404681,Brazoria West,TX,3184.0663018306423
2027,1,p67,OkonRecycling,405564,"Fort Bend Solar, LLC",TX,4551.018357148984
2027,1,p67,OkonRecycling,403514,Wagyu,TX,18812.509841141633
2027,2,p12,ComstockMetals,402144,Battle Mountain Solar Project,NV,983.1567752575713
2027,2,p12,ComstockMetals,405025,Brady,NV,963.7718161878162
2027,2,p12,ComstockMetals,405553,Dodge Flat,NV,418.4661735470717
2027,2,p12,ComstockMetals,402609,"EGP Stillwater Solar PV II, LLC",NV,1880.0279552499146
2027,2,p12,ComstockMetals,404659,Fish Springs,NV,645.0002110747004
2027,2,p12,ComstockMetals,401086,Ft. Churchill PV,NV,658.5068323971232
2027,2,p12,ComstockMetals,405028,Galena 2 Geothermal Power Plant,NV,1934.3673847106302
2027,2,p12,ComstockMetals,400468,"Patua Acquisition Project, LLC",NV,1535.8454872527966
2027,2,p12,ComstockMetals,405021,Steamboat Hills LP,NV,2714.5096756868256
2027,2,p12,ComstockMetals,405023,Steamboat II,NV,1295.6463580369123
2027,2,p12,ComstockMetals,405024,Steamboat III,NV,1212.0474153349276
2027,2,p12,ComstockMetals,400029,Stillwater Facility,NV,1311.566703193682
2027,2,p12,ComstockMetals,401318,Sunshine Valley Solar,NV,2401.395368896554
2027,2,p12,ComstockMetals,405026,TS Power Plant,NV,3166.6038845381368
2027,2,p12,ComstockMetals,405576,Tesla Reno GigaFactory,NV,746.1846862036128
2027,2,p12,ComstockMetals,401943,Tungsten Mountain,NV,3063.1821151476365
2027,2,p12,ComstockMetals,403308,Turquoise Liberty Solar,NV,1183.1203029712813
2027,2,p12,ComstockMetals,403884,"Turquoise Nevada, LLC",NV,517.5103874793626
2027,2,p12,ComstockMetals,400035,Western 102 Power Plant,NV,4066.734849712758
2027,2,p13,WeRecycleSolar,400555,Apex Solar PV Power Project,NV,14629.193113654734
2027,2,p13,WeRecycleSolar,405385,Arrow Canyon Solar Hybrid,NV,1223.105106223517
2027,2,p13,WeRecycleSolar,400059,CM10,NV,50911.11621149675
2027,2,p13,WeRecycleSolar,400086,CM48,NV,4602.762057284796
2027,2,p13,WeRecycleSolar,400363,Copper Mountain Solar 2,NV,3667.7151580487994
2027,2,p13,WeRecycleSolar,403688,"Copper Mountain Solar 5, LLC",NV,4419.157205915212
2027,2,p13,WeRecycleSolar,405358,Dignity - San Martin,NV,328419.6284145373
2027,2,p13,WeRecycleSolar,405355,Dignity - Siena Campus,NV,256757.74670915343
2027,2,p13,WeRecycleSolar,405556,Dry Lake Solar Energy Center,NV,2922.297725260933
2027,2,p13,WeRecycleSolar,405495,Gemini Solar,NV,941.630545714186
2027,2,p13,WeRecycleSolar,406090,IGS LAS1,NV,537875.823527135
2027,2,p13,WeRecycleSolar,400545,Las Vegas WPCF Solar Plant,NV,110642.31368531314
2027,2,p13,WeRecycleSolar,400600,Mountain View Solar,NV,14588.362852047172
2027,2,p13,WeRecycleSolar,400036,Nellis Air Force Base Solar Array,NV,93891.0772975457
2027,2,p13,WeRecycleSolar,401274,River Mountains Solar,NV,73378.76944523388
2027,2,p13,WeRecycleSolar,401042,Searchlight Solar,NV,27225.220499932366
2027,2,p13,WeRecycleSolar,400166,Silver State Solar Power North,NV,7095.958644293156
2027,2,p13,WeRecycleSolar,400658,Silver State Solar Power South,NV,1787.1637949889287
2027,2,p13,WeRecycleSolar,405246,"Solar Las Vegas MB 2, LLC",NV,368638.9671694482
2027,2,p13,WeRecycleSolar,405188,Solar Las Vegas MB-1,NV,113197.81995362199
2027,2,p13,WeRecycleSolar,402691,"Techren Solar III, LLC",NV,13973.445113776115
2027,2,p13,WeRecycleSolar,402692,"Techren Solar IV, LLC",NV,20840.115702217998
2027,2,p13,WeRecycleSolar,401851,Townsite Solar Project Hybrid,NV,6805.170617993447
2027,2,p13,WeRecycleSolar,404971,Yellow Pine Solar,NV,3624.32526959086
2027,2,p27,WeRecycleSolar,400374,"Black Mountain Solar, LLC",AZ,21637.157783574534
2027,2,p27,WeRecycleSolar,402236,Gray Hawk Solar,AZ,4726.131802411334
2027,2,p27,WeRecycleSolar,401819,Jacobson 5 MW Solar,AZ,23187.187124714736
2027,2,p27,WeRecycleSolar,403718,Mohave Electric Cooperative at Joy Lane,AZ,10907.024568828156
2027,2,p27,WeRecycleSolar,406478,Mohave Energy - Hybrid,AZ,12315.70821743992
2027,2,p28,WeRecycleSolar,400148,Agua Caliente Solar Project,AZ,1689.23671131265
2027,2,p28,FabTechSolar,402067,Apache Solar 1,AZ,29623.42709771497
2027,2,p28,WeRecycleSolar,400274,Arizona Western College PV,AZ,111569.82600842595
2027,2,p28,WeRecycleSolar,400240,Arlington Valley Solar Energy II,AZ,1872.9352451387504
2027,2,p28,WeRecycleSolar,400437,Badger 1,AZ,6507.863612699024
2027,2,p28,FabTechSolar,401688,Bonnybrooke PV,AZ,1657.5367295380913
2027,2,p28,WeRecycleSolar,400371,Buckeye Union HS District 201,AZ,37597.835079174874
2027,2,p28,FabTechSolar,405635,"Central Line Solar, LLC",AZ,860.5606736520523
2027,2,p28,WeRecycleSolar,400201,Chino Solar Valley,AZ,10473.895629748708
2027,2,p28,WeRecycleSolar,401069,Desert Star Hybrid,AZ,15498.098586666845
2027,2,p28,FabTechSolar,403257,East Line Solar,AZ,1785.282922945084
2027,2,p28,FabTechSolar,406171,Eleven Mile Solar Center,AZ,616.837395130604
2027,2,p28,WeRecycleSolar,400349,Foothills Solar Plant Hybrid,AZ,8742.815304274665
2027,2,p28,FabTechSolar,400825,Fort Huachuca Solar PV Project,AZ,35386.25019013387
2027,2,p28,WeRecycleSolar,400845,Gila Bend Hybrid,AZ,3422.324865324111
2027,2,p28,WeRecycleSolar,400204,Hyder Solar Hybrid,AZ,10869.72965940735
2027,2,p28,FabTechSolar,405282,Intel - Ocotillo Campus Solar,AZ,7029.2699768655575
2027,2,p28,WeRecycleSolar,405125,Jewish Community Center PV,AZ,26771.21141476689
2027,2,p28,WeRecycleSolar,402234,Kayenta Solar Project,AZ,19754.81864753956
2027,2,p28,WeRecycleSolar,400128,Luke Solar,AZ,2734.085599923864
2027,2,p28,WeRecycleSolar,405068,Macys Goodyear,AZ,9416.897785983361
2027,2,p28,WeRecycleSolar,406279,McFarland A Solar and Storage,AZ,2263.09152458498
2027,2,p28,FabTechSolar,405617,Mesa Carport PV,AZ,5501.898281464174
2027,2,p28,FabTechSolar,404512,Mesa Solar Array,AZ,6231.443191371491
2027,2,p28,WeRecycleSolar,400250,Mesquite Solar 1,AZ,604.6172741312814
2027,2,p28,WeRecycleSolar,401621,"Mesquite Solar 2, LLC",AZ,1441.9736844548936
2027,2,p28,WeRecycleSolar,401622,"Mesquite Solar 3, LLC",AZ,1101.991797901336
2027,2,p28,WeRecycleSolar,404922,"Mesquite Solar 5, LLC",AZ,3844.9969747545006
2027,2,p28,WeRecycleSolar,403572,OE_AZ1,AZ,6493.670502107877
2027,2,p28,WeRecycleSolar,400203,Paloma Solar Hybrid,AZ,4005.8953172755078
2027,2,p28,WeRecycleSolar,405126,Paradise Valley H.S. PV,AZ,23202.711272367666
2027,2,p28,WeRecycleSolar,405150,Phoenix Airport East Economy Lot,AZ,10670.787131790566
2027,2,p28,WeRecycleSolar,405151,Phoenix Airport Rental Car Center,AZ,1342.9903831832655
2027,2,p28,FabTechSolar,402528,Pinal Central Energy Center Hybrid,AZ,6960.659121331079
2027,2,p28,FabTechSolar,400125,"Poseidon Solar, LLC",AZ,4432.1397463391295
2027,2,p28,WeRecycleSolar,400031,Prescott Airport,AZ,24946.2866852899
2027,2,p28,WeRecycleSolar,400401,Prescott Solar Plant,AZ,18269.779770214533
2027,2,p28,FabTechSolar,400323,Queen Creek Solar Farm,AZ,2514.581772851345
2027,2,p28,WeRecycleSolar,400289,"RE Bagdad Solar I, LLC",AZ,28844.574718666707
2027,2,p28,FabTechSolar,401726,Red Rock,AZ,6525.859905000866
2027,2,p28,WeRecycleSolar,400416,Saddle Mountain Solar I,AZ,9453.70390772795
2027,2,p28,FabTechSolar,403674,Saint Solar,AZ,872.8908610651731
2027,2,p28,FabTechSolar,401214,Sandstone Solar,AZ,1185.4391230566696
2027,2,p28,WeRecycleSolar,405029,Solana Generating Station,AZ,718.8038148539869
2027,2,p28,WeRecycleSolar,406275,Sonoran Solar Energy,AZ,531.1477916192033
2027,2,p28,FabTechSolar,406034,Storey Solar and Storage,AZ,1488.5382271921656
2027,2,p28,WeRecycleSolar,403643,Sun Streams 2,AZ,811.5217270966593
2027,2,p28,WeRecycleSolar,406517,Sun Streams 3,AZ,1246.3215856134846
2027,2,p28,WeRecycleSolar,401975,"Sun Streams, LLC",AZ,637.9535976310761
2027,2,p28,FabTechSolar,405134,Union HS at Casa Grande,AZ,13049.801413836121
2027,2,p28,FabTechSolar,405135,Vista Grande HS at Casa Grande,AZ,20960.112555450167
2027,2,p28,FabTechSolar,400334,Walmart Casa Grande,AZ,60740.67300800951
2027,2,p28,FabTechSolar,406098,"West Line Solar, LLC",AZ,860.7710706773048
2027,2,p29,FabTechSolar,400014,Springerville,AZ,43529.99515064102
2027,2,p30,FabTechSolar,405611,Amazon TUS2,AZ,32163.385408560756
2027,2,p30,FabTechSolar,400939,Avalon Solar,AZ,4765.732141983795
2027,2,p30,FabTechSolar,401479,Avalon Solar II,AZ,8254.498121100352
2027,2,p30,FabTechSolar,400226,Avra Valley Solar,AZ,3745.570696329001
2027,2,p30,FabTechSolar,404704,Broadway 2 - Tucson Phase II,AZ,22594.89647355195
2027,2,p30,FabTechSolar,401295,Davis Monthan AFB (AZ) West Airfield,AZ,19189.5550131819
2027,2,p30,FabTechSolar,400761,"Gato Montes Solar, LLC",AZ,50987.722988283145
2027,2,p30,FabTechSolar,404536,Iron Horse Battery Storage Hybrid,AZ,63747.77824422195
2027,2,p30,FabTechSolar,400552,"Picture Rocks Solar, LLC",AZ,1903.00193358566
2027,2,p30,FabTechSolar,405374,Pima Community College,AZ,55957.63806073914
2027,2,p30,FabTechSolar,405303,Pima Community College - East Campus,AZ,89986.37660485231
2027,2,p30,FabTechSolar,404926,Raptor Ridge,AZ,10084.154471298652
2027,2,p30,FabTechSolar,400857,Rio Rico Solar,AZ,14437.301922688506
2027,2,p30,FabTechSolar,401076,Tech Park Solar,AZ,25280.442129074938
2027,2,p30,FabTechSolar,400156,UASTP I,AZ,212378.0862355374
2027,2,p30,FabTechSolar,401075,Valencia Solar,AZ,13835.914754512449
2027,2,p30,FabTechSolar,404187,"Wilmot Energy Center, LLC",AZ,1390.7417769097674
2027,2,p31,FabTechSolar,400206,Albuquerque Solar Energy Center,NM,1192020.2548490977
2027,2,p31,SolarCycle,403675,Alcalde Solar Array,NM,555039.9829730581
2027,2,p31,FabTechSolar,405469,Arroyo Solar Energy Storage Hybrid,NM,4108.334391033798
2027,2,p31,FabTechSolar,403321,Bluewater CDEC 1,NM,790042.3043235383
2027,2,p31,SolarCycle,402876,CNMEC Solar Energy Center,NM,542497.5836650959
2027,2,p31,SolarCycle,402519,Carrizozo Solar,NM,189930.7519231879
2027,2,p31,FabTechSolar,401202,Cibola,NM,94945.23682420145
2027,2,p31,FabTechSolar,402988,City of Gallup Solar,NM,213260.0134490512
2027,2,p31,FabTechSolar,403604,City of Rio Rancho WWTP,NM,640651.9010534616
2027,2,p31,FabTechSolar,401225,City of Truth or Consequences PV,NM,336294.6820484297
2027,2,p31,FabTechSolar,403868,Encino Solar Energy Center,NM,14486.028674112533
2027,2,p31,FabTechSolar,401038,Eubank Landfill Solar Array,NM,597449.1458131527
2027,2,p31,FabTechSolar,402443,Facebook 3 Solar Energy Center,NM,113555.80681402565
2027,2,p31,FabTechSolar,403322,Grants CDEC 2,NM,426531.45586978213
2027,2,p31,FabTechSolar,400216,"Hatch Solar Energy Center I, LLC",NM,392378.8208168666
2027,2,p31,FabTechSolar,406109,"Jicarilla Solar 1, LLC",NM,12455.635459331053
2027,2,p31,SolarCycle,400427,Kit Carson,NM,2239236.9690827075
2027,2,p31,SolarCycle,400210,Las Vegas Solar Energy Center,NM,228292.57841470206
2027,2,p31,SolarCycle,400434,Los Alamos PV Site,NM,1323132.5006519046
2027,2,p31,FabTechSolar,400207,Los Lunas Solar Energy Center,NM,161501.12241926035
2027,2,p31,FabTechSolar,400838,Macho Springs,NM,12341.884045544204
2027,2,p31,FabTechSolar,400582,Manzano Solar,NM,143427.1362909847
2027,2,p31,SolarCycle,401201,Meadow Lake Solar Energy Center,NM,42960.28574302997
2027,2,p31,FabTechSolar,406375,OE_ESCL,NM,5131.884404909102
2027,2,p31,SolarCycle,400581,Otero Solar,NM,220964.22444077473
2027,2,p31,SolarCycle,400146,Questa Solar Facility,NM,708283.994703603
2027,2,p31,FabTechSolar,403178,"RC Energy AA, LLC Solar Facility",NM,600536.6882262436
2027,2,p31,FabTechSolar,401566,Rio Communities Solar Energy Center,NM,113078.36440089741
2027,2,p31,FabTechSolar,403084,Rio De Oro Solar Energy Center,NM,113752.69956057798
2027,2,p31,FabTechSolar,400624,Rio Rancho High School,NM,1189006.8695057095
2027,2,p31,SolarCycle,400135,Roadrunner Solar,NM,46510.31499809126
2027,2,p31,FabTechSolar,404648,"Route 66 Energy Center, LLC",NM,20432.37492901078
2027,2,p31,SolarCycle,403387,San Miguel I Solar Energy Center,NM,113751.14513744653
2027,2,p31,SolarCycle,405458,San Miguel II Solar Energy Center,NM,75998.45924009074
2027,2,p31,FabTechSolar,401161,Sandoval Solar Energy Center,NM,127476.01540887002
2027,2,p31,SolarCycle,401564,Santa Fe Solar Energy Center,NM,130026.2879839338
2027,2,p31,FabTechSolar,401565,Santolina Solar Energy Center,NM,107659.64446590544
2027,2,p31,FabTechSolar,400596,Silver City WWTP PV Project,NM,768213.0782610516
2027,2,p31,FabTechSolar,401563,South Valley Solar Energy Center,NM,115321.6658051099
2027,2,p31,SolarCycle,401162,Springer Solar 1,NM,1390732.3657729386
2027,2,p31,SolarCycle,400735,Storrie Lake Solar Project,NM,1520117.2006100346
2027,2,p31,FabTechSolar,400623,Sue Cleveland High School,NM,2397592.403871309
2027,2,p31,SolarCycle,400343,"SunE EPE1, LLC",NM,86370.31550394838
2027,2,p31,SolarCycle,402854,Syncarpha Eagle Nest,NM,1345186.720846994
2027,2,p31,SolarCycle,403413,Syncarpha Questa,NM,897167.8920086973
2027,2,p31,SolarCycle,403411,Syncarpha Taos,NM,289796.89634235343
2027,2,p31,SolarCycle,404618,Taos Mesa Energy Facility Hybrid,NM,181646.69257358162
2027,2,p31,FabTechSolar,403011,Vista Solar Energy Center,NM,229032.93872734916
2027,2,p31,SolarCycle,400354,WSMR I,NM,130464.45104985955
2027,2,p31,FabTechSolar,405245,Wal-Mart Truth or Consequences PV,NM,644045.056036305
2027,2,p47,SolarCycle,400979,"Caprock Solar 1, LLC",NM,20705.61478707829
2027,2,p47,SolarCycle,400614,GSE NM1,NM,582562.4618085496
2027,2,p47,SolarCycle,404982,Hayhurst New Mexico Solar,NM,12203.678390071726
2027,2,p47,SolarCycle,402530,Middle Daisy,NM,43782.08637786787
2027,2,p47,SolarCycle,400546,SEV NM Phase 2,NM,259680.99387524757
2027,2,p47,SolarCycle,400261,SPS2 Jal,NM,36187.16865351762
2027,2,p47,SolarCycle,400262,SPS3 Lea,NM,13503.341559828032
2027,2,p47,SolarCycle,400264,SPS5 Hopi,NM,38939.17509915516
2027,2,p47,SolarCycle,404698,SoCore Clovis 1,NM,307406.80949145963
2027,2,p48,SolarCycle,406439,"BESSP1, LLC",TX,119913.85232833751
2027,2,p57,OkonRecycling,404918,"Hecate Energy Upshur Rural, LLC",TX,24754.438031505342
2027,2,p59,SolarCycle,402666,Fort Bliss (DEA EPIC),TX,228843.8003322434
2027,2,p59,SolarCycle,401616,Montana Solar Facility,TX,73554.78647787235
2027,2,p59,SolarCycle,401045,Newman Solar,TX,44924.140555294936
2027,2,p60,SolarCycle,403962,"ANSON Solar Center, LLC",TX,1241.837195471026
2027,2,p60,OkonRecycling,403883,Azure Sky Solar,TX,868.1385795561358
2027,2,p60,SolarCycle,403232,"ENGIE Long Draw Solar, LLC",TX,1492.0102933878172
2027,2,p60,SolarCycle,406252,Highpeak Solar 1,TX,12969.668751232302
2027,2,p60,SolarCycle,402721,Holstein 1 Solar Farm,TX,911.0116000318674
2027,2,p60,SolarCycle,405492,Juno Solar Project,TX,812.1894872105618
2027,2,p60,SolarCycle,402541,Lamesa II,TX,1458.077139267145
2027,2,p60,SolarCycle,401660,Lamesa Solar,TX,1092.5829650354015
2027,2,p60,SolarCycle,405932,Lumina II Solar Project,TX,1565.0506775584486
2027,2,p60,SolarCycle,405933,Lumina Solar Project,TX,942.2118067440304
2027,2,p60,SolarCycle,402909,Misae Solar,TX,1857.5267238038227
2027,2,p60,OkonRecycling,400968,"OCI Alamo 7, LLC",TX,2048.5452575642603
2027,2,p60,SolarCycle,405939,Texas Solar Nova 1,TX,954.9442530833943
2027,2,p61,SolarCycle,400967,Alamo 6,TX,605.8937734601343
2027,2,p61,SolarCycle,403557,Aragorn Solar Project,TX,1051.865727235087
2027,2,p61,SolarCycle,400691,Barilla Solar,TX,3111.84065530536
2027,2,p61,SolarCycle,401946,Bluebell Solar,TX,1552.3007510820946
2027,2,p61,SolarCycle,403574,Bluebell Solar II,TX,773.5344824310946
2027,2,p61,SolarCycle,401463,Buckthorn Westex,TX,548.4622377802723
2027,2,p61,SolarCycle,401703,East Pecos Solar,TX,710.4990306001241
2027,2,p61,SolarCycle,405363,Galloway 1 Solar Farm,TX,785.1788603383997
2027,2,p61,SolarCycle,405494,Galloway 2 Solar Farm,TX,2983.95781628503
2027,2,p61,SolarCycle,403210,Greasewood,TX,540.7576664344062
2027,2,p61,SolarCycle,406370,Hayhurst Texas Solar,TX,4296.52647368636
2027,2,p61,SolarCycle,402304,Midway Solar-TX,TX,712.5397537072386
2027,2,p61,SolarCycle,400695,"OCI Alamo 4, LLC",TX,2436.1332814758525
2027,2,p61,SolarCycle,401868,Pearl Solar,TX,842.0598553395043
2027,2,p61,SolarCycle,402290,RE Maplewood,TX,629.9048853662465
2027,2,p61,SolarCycle,401430,RE Roserock,TX,649.1676894159109
2027,2,p61,SolarCycle,402848,Rambler,TX,733.9802673127369
2027,2,p61,SolarCycle,402083,Solaire Holman Solar Project,TX,1885.284010922922
2027,2,p61,SolarCycle,403023,"Taygete Energy Project, LLC",TX,522.8207453029441
2027,2,p61,SolarCycle,404647,Taygete II Energy Project,TX,602.3713744957754
2027,2,p61,SolarCycle,403551,Titan Solar Project,TX,854.237011321064
2027,2,p61,SolarCycle,406103,Zier Solar,TX,1640.7123332254534
2027,2,p62,SolarCycle,403502,2W Permian Solar Project Hybrid,TX,438.45193643838473
2027,2,p62,SolarCycle,403697,CED Crane Solar,TX,529.1397665321806
2027,2,p62,SolarCycle,401525,Castle Gap Solar Hybrid,TX,509.5230573278663
2027,2,p62,SolarCycle,403004,Lapetus,TX,622.5294832005218
2027,2,p62,SolarCycle,403280,Oberon IA,TX,468.8980224764444
2027,2,p62,SolarCycle,403279,Oberon IB,TX,1096.72454276535
2027,2,p62,SolarCycle,403602,Oxy Renewable Energy-Goldsmith,TX,2559.17403743201
2027,2,p62,SolarCycle,402679,Phoebe Solar,TX,456.3066231901999
2027,2,p62,SolarCycle,403177,Prospero Solar,TX,468.5084895928066
2027,2,p62,SolarCycle,404128,Prospero Solar II,TX,563.2501991061785
2027,2,p62,SolarCycle,403070,"Roadrunner, LLC",TX,470.41316042750975
2027,2,p62,SolarCycle,401805,Upton County Solar,TX,485.03212806556996
2027,2,p62,SolarCycle,402995,West of the Pecos Solar,TX,590.0825377237661
2027,2,p63,OkonRecycling,405599,"BPL Crown Solar, LLC",TX,2540.683053121243
2027,2,p63,OkonRecycling,404966,BPL Files Solar,TX,783.1563688762717
2027,2,p63,OkonRecycling,403825,Briar Creek Solar 1,TX,1243.516937123664
2027,2,p63,OkonRecycling,402610,Chisum,TX,5115.932335962962
2027,2,p63,OkonRecycling,401697,CoServ Community Solar Station,TX,12787.944066013064
2027,2,p63,OkonRecycling,403188,Coniglio Solar,TX,918.9860022523699
2027,2,p63,OkonRecycling,406415,Dileo Solar,TX,5119.764877877858
2027,2,p63,OkonRecycling,402655,Eddy II,TX,45003.70479650153
2027,2,p63,OkonRecycling,406221,Eiffel Solar Project,TX,2054.084277294664
2027,2,p63,OkonRecycling,405540,"Ellis Solar, LLC",TX,737.2209066675018
2027,2,p63,OkonRecycling,403823,Elm Branch Solar 1,TX,994.4215246758
2027,2,p63,OkonRecycling,406206,Five Wells Solar Center - Hybrid,TX,768.1519273505551
2027,2,p63,OkonRecycling,404567,G.S.E. One LLC,TX,1450.0948146933306
2027,2,p63,OkonRecycling,403288,Griffin Solar,TX,19816.221015319254
2027,2,p63,OkonRecycling,406202,Grizzly Ridge Solar,TX,2695.7328219307356
2027,2,p63,OkonRecycling,402329,Highway 56 Solar,TX,9619.545277389674
2027,2,p63,OkonRecycling,405319,IKEA Grand Prairie Rooftop PV System,TX,24602.849245478203
2027,2,p63,OkonRecycling,405689,"IP Radian, LLC",TX,1466.9088620728744
2027,2,p63,OkonRecycling,403481,Impact Solar 1,TX,1079.7808129563966
2027,2,p63,OkonRecycling,403190,Kellam Solar,TX,5116.434297356891
2027,2,p63,OkonRecycling,402421,Leon Solar,TX,2621.9849522307977
2027,2,p63,OkonRecycling,403874,Lily Solar Hybrid,TX,805.2884490956113
2027,2,p63,OkonRecycling,402404,Marlin Solar,TX,82315.5705250767
2027,2,p63,OkonRecycling,405794,Noble Solar,TX,584.5100692288046
2027,2,p63,OkonRecycling,401933,Phantom Solar,TX,18157.979854137026
2027,2,p63,OkonRecycling,406416,Pitts Dudik Solar,TX,3005.2660714739072
2027,2,p63,OkonRecycling,403189,Rippey Solar,TX,4447.763703025296
2027,2,p63,OkonRecycling,404630,"Samson Solar Energy III, LLC",TX,952.1786097683245
2027,2,p63,OkonRecycling,402652,Sterling Solar (TX),TX,4223.577520692752
2027,2,p63,OkonRecycling,403457,"TPE Whitney Solar, LLC",TX,9576.648379746048
2027,2,p63,OkonRecycling,405361,Toyota HQ Plan,TX,1682.337414284174
2027,2,p63,OkonRecycling,405907,Verizon Hidden Ridge Solar Project,TX,1955.078252105193
2027,2,p63,OkonRecycling,405984,Waco Solar,TX,659.5245140372
2027,2,p63,OkonRecycling,402306,Walnut Springs Solar,TX,62453.23740620354
2027,2,p63,OkonRecycling,402497,West Moore Solar II,TX,5909.86207823118
2027,2,p63,OkonRecycling,402330,Whitesboro Solar,TX,5280.276869492263
2027,2,p63,OkonRecycling,402331,Whitesboro Solar II,TX,5322.952589500303
2027,2,p63,OkonRecycling,402414,Whitewright Solar,TX,3332.0533737981436
2027,2,p63,OkonRecycling,402654,Yellow Jacket,TX,32488.600885476942
2027,2,p64,OkonRecycling,405731,Austin TX GigaFactory,TX,110666.07369417133
2027,2,p64,OkonRecycling,404721,"Blue Jay Solar I, LLC",TX,1213.2001781264873
2027,2,p64,OkonRecycling,402389,"E-Volve Energy Holdings, LLC",TX,152756.72493495562
2027,2,p64,OkonRecycling,400227,East Blackland Solar Project 1,TX,1283.6000003845932
2027,2,p64,OkonRecycling,405101,IKEA Round Rock 027,TX,88547.72117690672
2027,2,p64,SolarCycle,402653,Lampwick,TX,55259.020094962114
2027,2,p64,OkonRecycling,405613,Niagara Bottling - Seguin,TX,54264.34253246384
2027,2,p64,OkonRecycling,400249,Webberville Solar Project,TX,14131.851002972147
2027,2,p65,OkonRecycling,405700,Aktina Solar,TX,8690.602057059206
2027,2,p65,OkonRecycling,405727,Bernard Creek Solar,TX,10354.277592854045
2027,2,p65,OkonRecycling,405477,Brightside,TX,148316.0849104067
2027,2,p65,OkonRecycling,402656,Cascade Solar (TX),TX,409515.430914656
2027,2,p65,OkonRecycling,404359,FELPS 1-Calaveras,TX,6359223.928225716
2027,2,p65,OkonRecycling,404361,FELPS 2-Calaveras,TX,4239518.499593752
2027,2,p65,OkonRecycling,404739,FELPS 6- Floresville West,TX,6472817.230827309
2027,2,p65,OkonRecycling,404740,FELPS 7- Floresville West,TX,6470726.903050571
2027,2,p65,SolarCycle,405801,Horizon Solar,TX,17457.114675944602
2027,2,p65,OkonRecycling,405380,IKEA Live Oak Rooftop PV System,TX,3444745.2291863346
2027,2,p65,SolarCycle,403343,Mars Solar,TX,909417.301774668
2027,2,p65,OkonRecycling,404877,Nebula Solar,TX,56575.49690421678
2027,2,p65,OkonRecycling,400965,"OCI Alamo 3, LLC",TX,2171774.5693145553
2027,2,p65,SolarCycle,400966,"OCI Alamo 5, LLC",TX,25181.171721878774
2027,2,p65,OkonRecycling,400593,OCI Alamo Solar I Hybrid,TX,157065.8536554795
2027,2,p65,SolarCycle,405809,Shakes Solar,TX,13820.532883433181
2027,2,p65,OkonRecycling,405545,Sparta Solar,TX,19893.228641392587
2027,2,p65,OkonRecycling,400379,"SunE CPS1, LLC",TX,1295166.3489699052
2027,2,p65,OkonRecycling,400364,"SunE CPS2, LLC",TX,433167.2819842035
2027,2,p65,OkonRecycling,400353,"SunE CPS3, LLC",TX,1241142.3832480472
2027,2,p65,OkonRecycling,406032,Tres Bahias,TX,14484.305372591263
2027,2,p67,OkonRecycling,404939,Brazoria County Solar Project (Danciger),TX,8078.211297809549
2027,2,p67,OkonRecycling,404681,Brazoria West,TX,4298.836633018618
2027,2,p67,OkonRecycling,404587,Fighting Jays Solar Project,TX,6974.340653090476
2027,2,p67,OkonRecycling,405564,"Fort Bend Solar, LLC",TX,2337.710370444299
2027,2,p67,OkonRecycling,403514,Wagyu,TX,13292.539201967926
2027,3,p12,ComstockMetals,402144,Battle Mountain Solar Project,NV,983.1567752575713
2027,3,p12,ComstockMetals,405025,Brady,NV,963.7718161878162
2027,3,p12,ComstockMetals,405553,Dodge Flat,NV,418.4661735470717
2027,3,p12,ComstockMetals,402609,"EGP Stillwater Solar PV II, LLC",NV,3360.055910499829
2027,3,p12,ComstockMetals,404659,Fish Springs,NV,596.0001688597604
2027,3,p12,ComstockMetals,401086,Ft. Churchill PV,NV,701.5913044633099
2027,3,p12,ComstockMetals,405028,Galena 2 Geothermal Power Plant,NV,1934.3673847106302
2027,3,p12,ComstockMetals,400468,"Patua Acquisition Project, LLC",NV,1535.8454872527966
2027,3,p12,ComstockMetals,405021,Steamboat Hills LP,NV,2714.5096756868256
2027,3,p12,ComstockMetals,405023,Steamboat II,NV,1295.6463580369123
2027,3,p12,ComstockMetals,405024,Steamboat III,NV,1212.0474153349276
2027,3,p12,ComstockMetals,400029,Stillwater Facility,NV,1311.566703193682
2027,3,p12,ComstockMetals,401318,Sunshine Valley Solar,NV,4402.790737793109
2027,3,p12,ComstockMetals,405026,TS Power Plant,NV,3166.6038845381368
2027,3,p12,ComstockMetals,405576,Tesla Reno GigaFactory,NV,832.730857754516
2027,3,p12,ComstockMetals,401943,Tungsten Mountain,NV,9721.137403016728
2027,3,p12,ComstockMetals,403308,Turquoise Liberty Solar,NV,1444.1604039617087
2027,3,p12,ComstockMetals,403884,"Turquoise Nevada, LLC",NV,517.5103874793626
2027,3,p12,ComstockMetals,400035,Western 102 Power Plant,NV,4066.734849712758
2027,3,p13,WeRecycleSolar,400555,Apex Solar PV Power Project,NV,57316.77245461893
2027,3,p13,WeRecycleSolar,405385,Arrow Canyon Solar Hybrid,NV,1223.105106223517
2027,3,p13,WeRecycleSolar,400059,CM10,NV,50911.11621149675
2027,3,p13,WeRecycleSolar,400086,CM48,NV,10906.905143211994
2027,3,p13,WeRecycleSolar,400363,Copper Mountain Solar 2,NV,6935.430316097598
2027,3,p13,WeRecycleSolar,403688,"Copper Mountain Solar 5, LLC",NV,4419.157205915212
2027,3,p13,WeRecycleSolar,405355,Dignity - Siena Campus,NV,256757.74670915343
2027,3,p13,WeRecycleSolar,405556,Dry Lake Solar Energy Center,NV,2922.297725260933
2027,3,p13,WeRecycleSolar,405495,Gemini Solar,NV,1212.445818571279
2027,3,p13,WeRecycleSolar,403386,"Harry Allen Solar Energy, LLC",NV,4199.073353242296
2027,3,p13,WeRecycleSolar,406090,IGS LAS1,NV,1075351.6470542697
2027,3,p13,WeRecycleSolar,406089,IGS VGT,NV,1123834.2576262609
2027,3,p13,WeRecycleSolar,405309,IKEA Las Vegas 462,NV,560055.2160664917
2027,3,p13,WeRecycleSolar,400545,Las Vegas WPCF Solar Plant,NV,331126.9410559393
2027,3,p13,WeRecycleSolar,400036,Nellis Air Force Base Solar Array,NV,93891.0772975457
2027,3,p13,WeRecycleSolar,401274,River Mountains Solar,NV,24726.25648174463
2027,3,p13,WeRecycleSolar,401042,Searchlight Solar,NV,18283.48033328825
2027,3,p13,WeRecycleSolar,400166,Silver State Solar Power North,NV,5421.968983219868
2027,3,p13,WeRecycleSolar,400658,Silver State Solar Power South,NV,2480.745692483393
2027,3,p13,WeRecycleSolar,405246,"Solar Las Vegas MB 2, LLC",NV,147695.5868677793
2027,3,p13,WeRecycleSolar,405188,Solar Las Vegas MB-1,NV,225995.63990724395
2027,3,p13,WeRecycleSolar,402691,"Techren Solar III, LLC",NV,20760.16767066417
2027,3,p13,WeRecycleSolar,402692,"Techren Solar IV, LLC",NV,10620.057851108997
2027,3,p13,WeRecycleSolar,404971,Yellow Pine Solar,NV,3624.32526959086
2027,3,p27,WeRecycleSolar,400374,"Black Mountain Solar, LLC",AZ,7479.052594524845
2027,3,p27,WeRecycleSolar,402236,Gray Hawk Solar,AZ,4726.131802411334
2027,3,p27,WeRecycleSolar,401819,Jacobson 5 MW Solar,AZ,45974.37424942947
2027,3,p27,WeRecycleSolar,403718,Mohave Electric Cooperative at Joy Lane,AZ,21414.04913765631
2027,3,p27,WeRecycleSolar,401311,Mohave Electric at Fort Mohave,AZ,24228.26471610464
2027,3,p27,WeRecycleSolar,406478,Mohave Energy - Hybrid,AZ,12315.70821743992
2027,3,p28,WeRecycleSolar,405418,AZ State University - Tempe Campus Solar,AZ,15385.007257486941
2027,3,p28,WeRecycleSolar,400148,Agua Caliente Solar Project,AZ,1689.23671131265
2027,3,p28,FabTechSolar,402067,Apache Solar 1,AZ,6244.685419542994
2027,3,p28,WeRecycleSolar,400274,Arizona Western College PV,AZ,111569.82600842595
2027,3,p28,WeRecycleSolar,400240,Arlington Valley Solar Energy II,AZ,1872.9352451387504
2027,3,p28,WeRecycleSolar,400437,Badger 1,AZ,12615.72722539805
2027,3,p28,FabTechSolar,401688,Bonnybrooke PV,AZ,2915.0734590761826
2027,3,p28,WeRecycleSolar,400371,Buckeye Union HS District 201,AZ,18998.917539587437
2027,3,p28,FabTechSolar,405635,"Central Line Solar, LLC",AZ,860.5606736520523
2027,3,p28,WeRecycleSolar,400201,Chino Solar Valley,AZ,10473.895629748708
2027,3,p28,WeRecycleSolar,400202,Cotton Center Solar Hybrid,AZ,5912.753989272186
2027,3,p28,WeRecycleSolar,401069,Desert Star Hybrid,AZ,15498.098586666845
2027,3,p28,FabTechSolar,403257,East Line Solar,AZ,1785.282922945084
2027,3,p28,FabTechSolar,406171,Eleven Mile Solar Center,AZ,833.6747902612079
2027,3,p28,FabTechSolar,400825,Fort Huachuca Solar PV Project,AZ,17893.125095066935
2027,3,p28,WeRecycleSolar,400845,Gila Bend Hybrid,AZ,2414.883243549408
2027,3,p28,FabTechSolar,400599,"Gilbert Solar Facility I, LLC",AZ,9504.68783295196
2027,3,p28,WeRecycleSolar,400204,Hyder Solar Hybrid,AZ,7379.819772938231
2027,3,p28,FabTechSolar,405282,Intel - Ocotillo Campus Solar,AZ,3714.6349884327788
2027,3,p28,WeRecycleSolar,405125,Jewish Community Center PV,AZ,26771.21141476689
2027,3,p28,WeRecycleSolar,402234,Kayenta Solar Project,AZ,19754.81864753956
2027,3,p28,WeRecycleSolar,400595,Lake Pleasant WTP,AZ,19866.004001057467
2027,3,p28,WeRecycleSolar,405068,Macys Goodyear,AZ,27450.69335795008
2027,3,p28,WeRecycleSolar,406279,McFarland A Solar and Storage,AZ,2263.09152458498
2027,3,p28,FabTechSolar,405617,Mesa Carport PV,AZ,3801.265520976116
2027,3,p28,FabTechSolar,404512,Mesa Solar Array,AZ,4287.62879424766
2027,3,p28,WeRecycleSolar,400250,Mesquite Solar 1,AZ,604.6172741312814
2027,3,p28,WeRecycleSolar,401622,"Mesquite Solar 3, LLC",AZ,1803.983595802672
2027,3,p28,WeRecycleSolar,406038,"Mesquite Solar 4, LLC",AZ,4383.967489284372
2027,3,p28,WeRecycleSolar,404922,"Mesquite Solar 5, LLC",AZ,3844.9969747545006
2027,3,p28,WeRecycleSolar,403572,OE_AZ1,AZ,6493.670502107877
2027,3,p28,WeRecycleSolar,400203,Paloma Solar Hybrid,AZ,5808.842975913261
2027,3,p28,WeRecycleSolar,405126,Paradise Valley H.S. PV,AZ,46005.422544735346
2027,3,p28,WeRecycleSolar,405150,Phoenix Airport East Economy Lot,AZ,20941.574263581133
2027,3,p28,WeRecycleSolar,405151,Phoenix Airport Rental Car Center,AZ,1342.9903831832655
2027,3,p28,FabTechSolar,400125,"Poseidon Solar, LLC",AZ,4432.1397463391295
2027,3,p28,WeRecycleSolar,400031,Prescott Airport,AZ,61765.716713224734
2027,3,p28,FabTechSolar,400323,Queen Creek Solar Farm,AZ,2514.581772851345
2027,3,p28,WeRecycleSolar,405132,"RE Gillespie 1, LLC",AZ,12124.446928551126
2027,3,p28,FabTechSolar,401726,Red Rock,AZ,6525.859905000866
2027,3,p28,FabTechSolar,403674,Saint Solar,AZ,754.66814579888
2027,3,p28,FabTechSolar,401214,Sandstone Solar,AZ,1578.1586845850043
2027,3,p28,WeRecycleSolar,405029,Solana Generating Station,AZ,718.8038148539869
2027,3,p28,WeRecycleSolar,406275,Sonoran Solar Energy,AZ,531.1477916192033
2027,3,p28,FabTechSolar,406034,Storey Solar and Storage,AZ,1488.5382271921656
2027,3,p28,WeRecycleSolar,403643,Sun Streams 2,AZ,811.5217270966593
2027,3,p28,WeRecycleSolar,406517,Sun Streams 3,AZ,1246.3215856134846
2027,3,p28,WeRecycleSolar,401975,"Sun Streams, LLC",AZ,697.4419970388453
2027,3,p28,WeRecycleSolar,405311,T0588 Phoenix - AZ,AZ,29120.92970312881
2027,3,p28,FabTechSolar,405135,Vista Grande HS at Casa Grande,AZ,41520.225110900334
2027,3,p28,FabTechSolar,406098,"West Line Solar, LLC",AZ,860.7710706773048
2027,3,p30,FabTechSolar,405143,Actus Lend Lease DMAFB,AZ,78583.76409315673
2027,3,p30,FabTechSolar,405611,Amazon TUS2,AZ,48045.07811284113
2027,3,p30,FabTechSolar,400939,Avalon Solar,AZ,9131.464283967589
2027,3,p30,FabTechSolar,401479,Avalon Solar II,AZ,8254.498121100352
2027,3,p30,FabTechSolar,400226,Avra Valley Solar,AZ,7091.141392658002
2027,3,p30,FabTechSolar,404704,Broadway 2 - Tucson Phase II,AZ,66984.68942065584
2027,3,p30,FabTechSolar,405269,Canyon Del Oro High School Solar,AZ,45904.20001343579
2027,3,p30,FabTechSolar,401295,Davis Monthan AFB (AZ) West Airfield,AZ,19189.5550131819
2027,3,p30,FabTechSolar,400761,"Gato Montes Solar, LLC",AZ,50987.722988283145
2027,3,p30,FabTechSolar,404536,Iron Horse Battery Storage Hybrid,AZ,127095.55648844388
2027,3,p30,FabTechSolar,400552,"Picture Rocks Solar, LLC",AZ,1903.00193358566
2027,3,p30,FabTechSolar,405374,Pima Community College,AZ,74476.85074765218
2027,3,p30,FabTechSolar,405516,Pima Community College NW,AZ,51784.29204969687
2027,3,p30,FabTechSolar,400857,Rio Rico Solar,AZ,56549.20769075403
2027,3,p30,FabTechSolar,401076,Tech Park Solar,AZ,25280.442129074938
2027,3,p30,FabTechSolar,400156,UASTP I,AZ,71059.36207851247
2027,3,p30,FabTechSolar,401075,Valencia Solar,AZ,13835.914754512449
2027,3,p30,FabTechSolar,404187,"Wilmot Energy Center, LLC",AZ,1390.7417769097674
2027,3,p31,SolarCycle,400211,Alamogordo Solar Energy Center,NM,336652.17172154493
2027,3,p31,FabTechSolar,400206,Albuquerque Solar Energy Center,NM,596210.1274245487
2027,3,p31,SolarCycle,403675,Alcalde Solar Array,NM,1109679.9659461163
2027,3,p31,FabTechSolar,405469,Arroyo Solar Energy Storage Hybrid,NM,4108.334391033798
2027,3,p31,FabTechSolar,403321,Bluewater CDEC 1,NM,395221.15216176916
2027,3,p31,SolarCycle,404981,Buena Vista Energy Center,NM,14714.629015023942
2027,3,p31,SolarCycle,402876,CNMEC Solar Energy Center,NM,542497.5836650959
2027,3,p31,FabTechSolar,402988,City of Gallup Solar,NM,213260.0134490512
2027,3,p31,FabTechSolar,403604,City of Rio Rancho WWTP,NM,960777.8515801925
2027,3,p31,FabTechSolar,401225,City of Truth or Consequences PV,NM,144354.8637350413
2027,3,p31,FabTechSolar,400209,Deming Solar Energy Center,NM,67606.81645909605
2027,3,p31,FabTechSolar,403868,Encino Solar Energy Center,NM,42658.08602233759
2027,3,p31,FabTechSolar,401038,Eubank Landfill Solar Array,NM,1194498.2916263053
2027,3,p31,FabTechSolar,402443,Facebook 3 Solar Energy Center,NM,56977.903407012825
2027,3,p31,FabTechSolar,403322,Grants CDEC 2,NM,426531.45586978213
2027,3,p31,FabTechSolar,400216,"Hatch Solar Energy Center I, LLC",NM,196389.4104084333
2027,3,p31,SolarCycle,401617,Holloman Solar Facility,NM,337618.9590193039
2027,3,p31,FabTechSolar,406109,"Jicarilla Solar 1, LLC",NM,48622.541837324214
2027,3,p31,SolarCycle,400427,Kit Carson,NM,373539.4948471179
2027,3,p31,SolarCycle,400210,Las Vegas Solar Energy Center,NM,114346.28920735103
2027,3,p31,SolarCycle,400434,Los Alamos PV Site,NM,2645865.0013038097
2027,3,p31,FabTechSolar,400838,Macho Springs,NM,7565.130427326521
2027,3,p31,FabTechSolar,400582,Manzano Solar,NM,95751.42419398979
2027,3,p31,SolarCycle,401201,Meadow Lake Solar Energy Center,NM,255761.71445817983
2027,3,p31,SolarCycle,405693,NMSU Solar and Storage,NM,633057.0967175553
2027,3,p31,FabTechSolar,406375,OE_ESCL,NM,5131.884404909102
2027,3,p31,SolarCycle,400581,Otero Solar,NM,110682.11222038735
2027,3,p31,SolarCycle,400146,Questa Solar Facility,NM,1416167.9894072057
2027,3,p31,FabTechSolar,403178,"RC Energy AA, LLC Solar Facility",NM,2400946.752904974
2027,3,p31,FabTechSolar,401566,Rio Communities Solar Energy Center,NM,225756.72880179484
2027,3,p31,FabTechSolar,403084,Rio De Oro Solar Energy Center,NM,45741.079824231194
2027,3,p31,FabTechSolar,400624,Rio Rancho High School,NM,2377613.739011419
2027,3,p31,FabTechSolar,404648,"Route 66 Energy Center, LLC",NM,13754.916619340522
2027,3,p31,SolarCycle,403387,San Miguel I Solar Energy Center,NM,227102.29027489302
2027,3,p31,SolarCycle,405458,San Miguel II Solar Energy Center,NM,113797.68886013611
2027,3,p31,FabTechSolar,401161,Sandoval Solar Energy Center,NM,127476.01540887002
2027,3,p31,SolarCycle,401564,Santa Fe Solar Energy Center,NM,259652.57596786763
2027,3,p31,FabTechSolar,401565,Santolina Solar Energy Center,NM,107659.64446590544
2027,3,p31,FabTechSolar,400596,Silver City WWTP PV Project,NM,768213.0782610516
2027,3,p31,FabTechSolar,401563,South Valley Solar Energy Center,NM,115321.6658051099
2027,3,p31,SolarCycle,401162,Springer Solar 1,NM,695566.1828864694
2027,3,p31,SolarCycle,400735,Storrie Lake Solar Project,NM,1520117.2006100346
2027,3,p31,FabTechSolar,400623,Sue Cleveland High School,NM,799464.1346237699
2027,3,p31,SolarCycle,400343,"SunE EPE1, LLC",NM,172340.63100789674
2027,3,p31,SolarCycle,402854,Syncarpha Eagle Nest,NM,672793.3604234972
2027,3,p31,SolarCycle,403412,Syncarpha El Rito,NM,874407.0754978919
2027,3,p31,SolarCycle,403413,Syncarpha Questa,NM,448783.9460043486
2027,3,p31,SolarCycle,404618,Taos Mesa Energy Facility Hybrid,NM,181646.69257358162
2027,3,p31,FabTechSolar,403011,Vista Solar Energy Center,NM,229032.93872734916
2027,3,p31,SolarCycle,400354,WSMR I,NM,390593.35314957856
2027,3,p31,FabTechSolar,405245,Wal-Mart Truth or Consequences PV,NM,483133.79202722874
2027,3,p47,SolarCycle,400979,"Caprock Solar 1, LLC",NM,61316.84436123487
2027,3,p47,SolarCycle,400614,GSE NM1,NM,582562.4618085496
2027,3,p47,SolarCycle,404982,Hayhurst New Mexico Solar,NM,35811.035170215175
2027,3,p47,SolarCycle,400546,SEV NM Phase 2,NM,389321.4908128714
2027,3,p47,SolarCycle,400260,SPS1 Dollarhide,NM,33516.47736836987
2027,3,p47,SolarCycle,400261,SPS2 Jal,NM,12329.056217839205
2027,3,p47,SolarCycle,400262,SPS3 Lea,NM,13503.341559828032
2027,3,p47,SolarCycle,400264,SPS5 Hopi,NM,77478.3501983103
2027,3,p47,SolarCycle,404698,SoCore Clovis 1,NM,307406.80949145963
2027,3,p48,SolarCycle,406439,"BESSP1, LLC",TX,119913.85232833751
2027,3,p57,OkonRecycling,404918,"Hecate Energy Upshur Rural, LLC",TX,16636.292021003566
2027,3,p59,SolarCycle,402666,Fort Bliss (DEA EPIC),TX,76547.93344408114
2027,3,p59,SolarCycle,401616,Montana Solar Facility,TX,36977.393238936165
2027,3,p60,SolarCycle,403962,"ANSON Solar Center, LLC",TX,1031.3778966032696
2027,3,p60,OkonRecycling,403883,Azure Sky Solar,TX,985.1732244451698
2027,3,p60,SolarCycle,403232,"ENGIE Long Draw Solar, LLC",TX,946.0051466939086
2027,3,p60,SolarCycle,406252,Highpeak Solar 1,TX,12969.668751232302
2027,3,p60,SolarCycle,402721,Holstein 1 Solar Farm,TX,911.0116000318674
2027,3,p60,SolarCycle,405492,Juno Solar Project,TX,674.7929914737078
2027,3,p60,SolarCycle,402541,Lamesa II,TX,1458.077139267145
2027,3,p60,SolarCycle,401660,Lamesa Solar,TX,919.4372237765513
2027,3,p60,SolarCycle,405932,Lumina II Solar Project,TX,1565.0506775584486
2027,3,p60,SolarCycle,405933,Lumina Solar Project,TX,942.2118067440304
2027,3,p60,SolarCycle,402909,Misae Solar,TX,1857.5267238038227
2027,3,p60,OkonRecycling,400968,"OCI Alamo 7, LLC",TX,2048.5452575642603
2027,3,p60,SolarCycle,405939,Texas Solar Nova 1,TX,954.9442530833943
2027,3,p61,SolarCycle,403557,Aragorn Solar Project,TX,1051.865727235087
2027,3,p61,SolarCycle,400691,Barilla Solar,TX,3111.84065530536
2027,3,p61,SolarCycle,401946,Bluebell Solar,TX,1552.3007510820946
2027,3,p61,SolarCycle,403574,Bluebell Solar II,TX,773.5344824310946
2027,3,p61,SolarCycle,400554,"Bryan Solar, LLC",TX,37644.52002294809
2027,3,p61,SolarCycle,401463,Buckthorn Westex,TX,585.5777972253403
2027,3,p61,SolarCycle,401703,East Pecos Solar,TX,632.874272950093
2027,3,p61,SolarCycle,405363,Galloway 1 Solar Farm,TX,592.5894301692
2027,3,p61,SolarCycle,405494,Galloway 2 Solar Farm,TX,2983.95781628503
2027,3,p61,SolarCycle,403210,Greasewood,TX,540.7576664344062
2027,3,p61,SolarCycle,402304,Midway Solar-TX,TX,712.5397537072386
2027,3,p61,SolarCycle,400695,"OCI Alamo 4, LLC",TX,2436.1332814758525
2027,3,p61,SolarCycle,401868,Pearl Solar,TX,952.5748191743804
2027,3,p61,SolarCycle,402290,RE Maplewood,TX,629.9048853662465
2027,3,p61,SolarCycle,401430,RE Roserock,TX,649.1676894159109
2027,3,p61,SolarCycle,402848,Rambler,TX,733.9802673127369
2027,3,p61,SolarCycle,402083,Solaire Holman Solar Project,TX,2627.9260163843837
2027,3,p61,SolarCycle,403023,"Taygete Energy Project, LLC",TX,563.7609937372588
2027,3,p61,SolarCycle,404647,Taygete II Energy Project,TX,602.3713744957754
2027,3,p61,SolarCycle,403551,Titan Solar Project,TX,854.237011321064
2027,3,p61,SolarCycle,406103,Zier Solar,TX,2881.424666450907
2027,3,p62,SolarCycle,403502,2W Permian Solar Project Hybrid,TX,438.45193643838473
2027,3,p62,SolarCycle,403697,CED Crane Solar,TX,572.1863553762408
2027,3,p62,SolarCycle,401525,Castle Gap Solar Hybrid,TX,509.5230573278663
2027,3,p62,SolarCycle,404599,Emerald Grove,TX,584.7925741292465
2027,3,p62,SolarCycle,403004,Lapetus,TX,622.5294832005218
2027,3,p62,SolarCycle,403280,Oberon IA,TX,468.8980224764444
2027,3,p62,SolarCycle,403279,Oberon IB,TX,1096.72454276535
2027,3,p62,SolarCycle,403602,Oxy Renewable Energy-Goldsmith,TX,1479.587018716005
2027,3,p62,SolarCycle,402679,Phoebe Solar,TX,475.0754975869331
2027,3,p62,SolarCycle,403177,Prospero Solar,TX,468.5084895928066
2027,3,p62,SolarCycle,404128,Prospero Solar II,TX,563.2501991061785
2027,3,p62,SolarCycle,403070,"Roadrunner, LLC",TX,470.41316042750975
2027,3,p62,SolarCycle,401805,Upton County Solar,TX,485.03212806556996
2027,3,p62,SolarCycle,402995,West of the Pecos Solar,TX,542.5619032928246
2027,3,p63,OkonRecycling,405599,"BPL Crown Solar, LLC",TX,1827.122035414162
2027,3,p63,OkonRecycling,404966,BPL Files Solar,TX,783.1563688762717
2027,3,p63,OkonRecycling,403825,Briar Creek Solar 1,TX,1243.516937123664
2027,3,p63,OkonRecycling,402610,Chisum,TX,4644.339102366665
2027,3,p63,OkonRecycling,401697,CoServ Community Solar Station,TX,9690.9580495098
2027,3,p63,OkonRecycling,403188,Coniglio Solar,TX,918.9860022523699
2027,3,p63,OkonRecycling,406415,Dileo Solar,TX,2759.8824389389297
2027,3,p63,OkonRecycling,402655,Eddy II,TX,9320.740959300309
2027,3,p63,OkonRecycling,406221,Eiffel Solar Project,TX,1227.042138647332
2027,3,p63,OkonRecycling,405540,"Ellis Solar, LLC",TX,737.2209066675018
2027,3,p63,OkonRecycling,403823,Elm Branch Solar 1,TX,994.4215246758
2027,3,p63,OkonRecycling,406206,Five Wells Solar Center - Hybrid,TX,768.1519273505551
2027,3,p63,OkonRecycling,404567,G.S.E. One LLC,TX,1187.571111019998
2027,3,p63,OkonRecycling,403288,Griffin Solar,TX,26288.29468709234
2027,3,p63,OkonRecycling,406202,Grizzly Ridge Solar,TX,2695.7328219307356
2027,3,p63,OkonRecycling,405319,IKEA Grand Prairie Rooftop PV System,TX,5240.569849095639
2027,3,p63,OkonRecycling,405689,"IP Radian, LLC",TX,1111.2725747152494
2027,3,p63,OkonRecycling,403481,Impact Solar 1,TX,1079.7808129563966
2027,3,p63,OkonRecycling,403190,Kellam Solar,TX,5116.434297356891
2027,3,p63,OkonRecycling,402421,Leon Solar,TX,4843.9699044615945
2027,3,p63,OkonRecycling,403874,Lily Solar Hybrid,TX,805.2884490956113
2027,3,p63,OkonRecycling,405794,Noble Solar,TX,584.5100692288046
2027,3,p63,OkonRecycling,401933,Phantom Solar,TX,7503.19194165481
2027,3,p63,OkonRecycling,404872,"Pisgah Ridge Solar, LLC",TX,1493.5594260029063
2027,3,p63,OkonRecycling,406416,Pitts Dudik Solar,TX,5610.5321429478145
2027,3,p63,OkonRecycling,403189,Rippey Solar,TX,4447.763703025296
2027,3,p63,OkonRecycling,404630,"Samson Solar Energy III, LLC",TX,952.1786097683245
2027,3,p63,OkonRecycling,402652,Sterling Solar (TX),TX,9958.943801731877
2027,3,p63,OkonRecycling,404812,Sun Valley Solar Project,TX,1495.3378628823011
2027,3,p63,OkonRecycling,403457,"TPE Whitney Solar, LLC",TX,9576.648379746048
2027,3,p63,OkonRecycling,405361,Toyota HQ Plan,TX,1554.1036728557567
2027,3,p63,OkonRecycling,405907,Verizon Hidden Ridge Solar Project,TX,1955.078252105193
2027,3,p63,OkonRecycling,405984,Waco Solar,TX,659.5245140372
2027,3,p63,OkonRecycling,402306,Walnut Springs Solar,TX,62453.23740620354
2027,3,p63,OkonRecycling,402497,West Moore Solar II,TX,6598.594838010077
2027,3,p63,OkonRecycling,402330,Whitesboro Solar,TX,5280.276869492263
2027,3,p63,OkonRecycling,402331,Whitesboro Solar II,TX,5322.952589500303
2027,3,p63,OkonRecycling,402414,Whitewright Solar,TX,4309.404498397524
2027,3,p63,OkonRecycling,402654,Yellow Jacket,TX,16444.30044273847
2027,3,p64,OkonRecycling,405731,Austin TX GigaFactory,TX,220932.14738834265
2027,3,p64,OkonRecycling,404721,"Blue Jay Solar I, LLC",TX,2026.4003562529745
2027,3,p64,OkonRecycling,400227,East Blackland Solar Project 1,TX,1283.6000003845932
2027,3,p64,OkonRecycling,405101,IKEA Round Rock 027,TX,132621.58176536008
2027,3,p64,SolarCycle,402653,Lampwick,TX,55259.020094962114
2027,3,p64,OkonRecycling,405613,Niagara Bottling - Seguin,TX,54264.34253246384
2027,3,p64,OkonRecycling,400249,Webberville Solar Project,TX,4977.283667657383
2027,3,p65,OkonRecycling,405700,Aktina Solar,TX,8690.602057059206
2027,3,p65,OkonRecycling,405727,Bernard Creek Solar,TX,16990.46265475674
2027,3,p65,OkonRecycling,405477,Brightside,TX,148316.0849104067
2027,3,p65,OkonRecycling,402656,Cascade Solar (TX),TX,614073.1463719839
2027,3,p65,OkonRecycling,404359,FELPS 1-Calaveras,TX,6359223.928225716
2027,3,p65,OkonRecycling,404361,FELPS 2-Calaveras,TX,12717755.498781258
2027,3,p65,OkonRecycling,404739,FELPS 6- Floresville West,TX,12945234.461654617
2027,3,p65,OkonRecycling,404740,FELPS 7- Floresville West,TX,4313951.26870038
2027,3,p65,SolarCycle,405801,Horizon Solar,TX,34514.229351889204
2027,3,p65,SolarCycle,403343,Mars Solar,TX,909417.301774668
2027,3,p65,OkonRecycling,404877,Nebula Solar,TX,84663.24535632518
2027,3,p65,OkonRecycling,400694,"OCI Alamo 2, LLC",TX,1365229.8244037651
2027,3,p65,SolarCycle,400966,"OCI Alamo 5, LLC",TX,41701.95286979795
2027,3,p65,OkonRecycling,400593,OCI Alamo Solar I Hybrid,TX,157065.8536554795
2027,3,p65,SolarCycle,405809,Shakes Solar,TX,67502.6644171659
2027,3,p65,OkonRecycling,405545,Sparta Solar,TX,19893.228641392587
2027,3,p65,OkonRecycling,400379,"SunE CPS1, LLC",TX,431988.78298996843
2027,3,p65,OkonRecycling,400353,"SunE CPS3, LLC",TX,310585.5958120118
2027,3,p65,OkonRecycling,406032,Tres Bahias,TX,23873.842287652107
2027,3,p67,OkonRecycling,404939,Brazoria County Solar Project (Danciger),TX,8078.211297809549
2027,3,p67,OkonRecycling,404681,Brazoria West,TX,1699.6122110062065
2027,3,p67,OkonRecycling,404587,Fighting Jays Solar Project,TX,3687.170326545238
2027,3,p67,OkonRecycling,405564,"Fort Bend Solar, LLC",TX,3306.5655556664487
2027,3,p67,OkonRecycling,403514,Wagyu,TX,13292.539201967926
2027,4,p12,ComstockMetals,402144,Battle Mountain Solar Project,NV,1177.5423670100952
2027,4,p12,ComstockMetals,405025,Brady,NV,963.7718161878162
2027,4,p12,ComstockMetals,405553,Dodge Flat,NV,418.4661735470717
2027,4,p12,ComstockMetals,404659,Fish Springs,NV,645.0002110747004
2027,4,p12,ComstockMetals,401086,Ft. Churchill PV,NV,658.5068323971232
2027,4,p12,ComstockMetals,405028,Galena 2 Geothermal Power Plant,NV,1934.3673847106302
2027,4,p12,ComstockMetals,400468,"Patua Acquisition Project, LLC",NV,1535.8454872527966
2027,4,p12,ComstockMetals,405021,Steamboat Hills LP,NV,2714.5096756868256
2027,4,p12,ComstockMetals,405023,Steamboat II,NV,1407.6021527915261
2027,4,p12,ComstockMetals,405024,Steamboat III,NV,1212.0474153349276
2027,4,p12,ComstockMetals,400029,Stillwater Facility,NV,1311.566703193682
2027,4,p12,ComstockMetals,401318,Sunshine Valley Solar,NV,4402.790737793109
2027,4,p12,ComstockMetals,405026,TS Power Plant,NV,3166.6038845381368
2027,4,p12,ComstockMetals,405576,Tesla Reno GigaFactory,NV,894.549551719447
2027,4,p12,ComstockMetals,401943,Tungsten Mountain,NV,19042.274806033456
2027,4,p12,ComstockMetals,403308,Turquoise Liberty Solar,NV,1026.4962423770253
2027,4,p12,ComstockMetals,403884,"Turquoise Nevada, LLC",NV,517.5103874793626
2027,4,p12,ComstockMetals,400035,Western 102 Power Plant,NV,4066.734849712758
2027,4,p13,WeRecycleSolar,405385,Arrow Canyon Solar Hybrid,NV,1223.105106223517
2027,4,p13,WeRecycleSolar,401649,"Boulder Solar Power, LLC",NV,10573.32138479622
2027,4,p13,WeRecycleSolar,400059,CM10,NV,50911.11621149675
2027,4,p13,WeRecycleSolar,400086,CM48,NV,10906.905143211994
2027,4,p13,WeRecycleSolar,400363,Copper Mountain Solar 2,NV,6935.430316097598
2027,4,p13,WeRecycleSolar,400802,Copper Mountain Solar 3,NV,4420.991959276998
2027,4,p13,WeRecycleSolar,403688,"Copper Mountain Solar 5, LLC",NV,4419.157205915212
2027,4,p13,WeRecycleSolar,405358,Dignity - San Martin,NV,164409.81420726865
2027,4,p13,WeRecycleSolar,405355,Dignity - Siena Campus,NV,769473.2401274603
2027,4,p13,WeRecycleSolar,405556,Dry Lake Solar Energy Center,NV,2922.297725260933
2027,4,p13,WeRecycleSolar,405495,Gemini Solar,NV,806.2229092856395
2027,4,p13,WeRecycleSolar,403386,"Harry Allen Solar Energy, LLC",NV,6098.610029863445
2027,4,p13,WeRecycleSolar,406090,IGS LAS1,NV,215390.32941085397
2027,4,p13,WeRecycleSolar,406089,IGS VGT,NV,1123834.2576262609
2027,4,p13,WeRecycleSolar,405309,IKEA Las Vegas 462,NV,373503.47737766115
2027,4,p13,WeRecycleSolar,400545,Las Vegas WPCF Solar Plant,NV,110642.31368531314
2027,4,p13,WeRecycleSolar,400600,Mountain View Solar,NV,57153.45140818869
2027,4,p13,WeRecycleSolar,400036,Nellis Air Force Base Solar Array,NV,47145.53864877285
2027,4,p13,WeRecycleSolar,401274,River Mountains Solar,NV,36889.38472261694
2027,4,p13,WeRecycleSolar,401042,Searchlight Solar,NV,9341.740166644124
2027,4,p13,WeRecycleSolar,400166,Silver State Solar Power North,NV,4417.575186575893
2027,4,p13,WeRecycleSolar,400658,Silver State Solar Power South,NV,2480.745692483393
2027,4,p13,WeRecycleSolar,405246,"Solar Las Vegas MB 2, LLC",NV,245892.6447796321
2027,4,p13,WeRecycleSolar,405188,Solar Las Vegas MB-1,NV,113197.81995362199
2027,4,p13,WeRecycleSolar,402691,"Techren Solar III, LLC",NV,10580.083835332087
2027,4,p13,WeRecycleSolar,402692,"Techren Solar IV, LLC",NV,14026.743801478664
2027,4,p13,WeRecycleSolar,404971,Yellow Pine Solar,NV,3624.32526959086
2027,4,p27,WeRecycleSolar,400374,"Black Mountain Solar, LLC",AZ,11018.578891787267
2027,4,p27,WeRecycleSolar,402236,Gray Hawk Solar,AZ,4726.131802411334
2027,4,p27,WeRecycleSolar,401819,Jacobson 5 MW Solar,AZ,45974.37424942947
2027,4,p27,WeRecycleSolar,401311,Mohave Electric at Fort Mohave,AZ,16285.509810736428
2027,4,p27,WeRecycleSolar,406478,Mohave Energy - Hybrid,AZ,12315.70821743992
2027,4,p28,WeRecycleSolar,405418,AZ State University - Tempe Campus Solar,AZ,5395.002419162312
2027,4,p28,WeRecycleSolar,400148,Agua Caliente Solar Project,AZ,1689.23671131265
2027,4,p28,FabTechSolar,402067,Apache Solar 1,AZ,15011.713548857488
2027,4,p28,WeRecycleSolar,400274,Arizona Western College PV,AZ,55984.91300421297
2027,4,p28,WeRecycleSolar,400240,Arlington Valley Solar Energy II,AZ,1872.9352451387504
2027,4,p28,FabTechSolar,401688,Bonnybrooke PV,AZ,1657.5367295380913
2027,4,p28,WeRecycleSolar,400371,Buckeye Union HS District 201,AZ,12799.27835972496
2027,4,p28,FabTechSolar,405635,"Central Line Solar, LLC",AZ,860.5606736520523
2027,4,p28,WeRecycleSolar,401069,Desert Star Hybrid,AZ,15498.098586666845
2027,4,p28,FabTechSolar,403257,East Line Solar,AZ,1785.282922945084
2027,4,p28,FabTechSolar,406171,Eleven Mile Solar Center,AZ,833.6747902612079
2027,4,p28,WeRecycleSolar,400349,Foothills Solar Plant Hybrid,AZ,17085.630608549327
2027,4,p28,FabTechSolar,400825,Fort Huachuca Solar PV Project,AZ,35386.25019013387
2027,4,p28,FabTechSolar,400599,"Gilbert Solar Facility I, LLC",AZ,9504.68783295196
2027,4,p28,WeRecycleSolar,400204,Hyder Solar Hybrid,AZ,21339.459318814694
2027,4,p28,FabTechSolar,405282,Intel - Ocotillo Campus Solar,AZ,3714.6349884327788
2027,4,p28,WeRecycleSolar,405125,Jewish Community Center PV,AZ,26771.21141476689
2027,4,p28,WeRecycleSolar,402234,Kayenta Solar Project,AZ,19754.81864753956
2027,4,p28,WeRecycleSolar,400128,Luke Solar,AZ,3901.128399885795
2027,4,p28,WeRecycleSolar,405068,Macys Goodyear,AZ,13925.34667897504
2027,4,p28,WeRecycleSolar,406279,McFarland A Solar and Storage,AZ,2263.09152458498
2027,4,p28,FabTechSolar,405617,Mesa Carport PV,AZ,5501.898281464174
2027,4,p28,FabTechSolar,404512,Mesa Solar Array,AZ,12062.886382742981
2027,4,p28,WeRecycleSolar,400250,Mesquite Solar 1,AZ,604.6172741312814
2027,4,p28,WeRecycleSolar,401622,"Mesquite Solar 3, LLC",AZ,1101.991797901336
2027,4,p28,WeRecycleSolar,406038,"Mesquite Solar 4, LLC",AZ,4383.967489284372
2027,4,p28,WeRecycleSolar,404922,"Mesquite Solar 5, LLC",AZ,3844.9969747545006
2027,4,p28,WeRecycleSolar,403572,OE_AZ1,AZ,6493.670502107877
2027,4,p28,WeRecycleSolar,400203,Paloma Solar Hybrid,AZ,3104.421487956631
2027,4,p28,WeRecycleSolar,405126,Paradise Valley H.S. PV,AZ,15601.807514911778
2027,4,p28,WeRecycleSolar,405150,Phoenix Airport East Economy Lot,AZ,20941.574263581133
2027,4,p28,WeRecycleSolar,405151,Phoenix Airport Rental Car Center,AZ,1531.5884598199186
2027,4,p28,FabTechSolar,400125,"Poseidon Solar, LLC",AZ,4432.1397463391295
2027,4,p28,WeRecycleSolar,400031,Prescott Airport,AZ,61765.716713224734
2027,4,p28,WeRecycleSolar,400401,Prescott Solar Plant,AZ,36139.55954042907
2027,4,p28,WeRecycleSolar,400289,"RE Bagdad Solar I, LLC",AZ,9881.524906222236
2027,4,p28,WeRecycleSolar,400416,Saddle Mountain Solar I,AZ,18507.4078154559
2027,4,p28,FabTechSolar,403674,Saint Solar,AZ,872.8908610651731
2027,4,p28,FabTechSolar,401214,Sandstone Solar,AZ,1578.1586845850043
2027,4,p28,WeRecycleSolar,405029,Solana Generating Station,AZ,1356.4114445619607
2027,4,p28,WeRecycleSolar,406275,Sonoran Solar Energy,AZ,531.1477916192033
2027,4,p28,FabTechSolar,406034,Storey Solar and Storage,AZ,944.2691135960828
2027,4,p28,WeRecycleSolar,403643,Sun Streams 2,AZ,1634.565181289978
2027,4,p28,WeRecycleSolar,406517,Sun Streams 3,AZ,1246.3215856134846
2027,4,p28,WeRecycleSolar,401975,"Sun Streams, LLC",AZ,697.4419970388453
2027,4,p28,WeRecycleSolar,405311,T0588 Phoenix - AZ,AZ,14760.464851564406
2027,4,p28,FabTechSolar,405135,Vista Grande HS at Casa Grande,AZ,41520.225110900334
2027,4,p28,FabTechSolar,400334,Walmart Casa Grande,AZ,30570.336504004754
2027,4,p28,FabTechSolar,406098,"West Line Solar, LLC",AZ,860.7710706773048
2027,4,p29,FabTechSolar,400014,Springerville,AZ,21964.99757532051
2027,4,p30,FabTechSolar,405143,Actus Lend Lease DMAFB,AZ,78583.76409315673
2027,4,p30,FabTechSolar,405611,Amazon TUS2,AZ,95690.15622568228
2027,4,p30,FabTechSolar,400939,Avalon Solar,AZ,4765.732141983795
2027,4,p30,FabTechSolar,401479,Avalon Solar II,AZ,16108.996242200707
2027,4,p30,FabTechSolar,400226,Avra Valley Solar,AZ,2072.7853481645
2027,4,p30,FabTechSolar,404704,Broadway 2 - Tucson Phase II,AZ,22594.89647355195
2027,4,p30,FabTechSolar,405269,Canyon Del Oro High School Solar,AZ,45904.20001343579
2027,4,p30,FabTechSolar,401295,Davis Monthan AFB (AZ) West Airfield,AZ,6663.185004393965
2027,4,p30,FabTechSolar,400761,"Gato Montes Solar, LLC",AZ,50987.722988283145
2027,4,p30,FabTechSolar,404536,Iron Horse Battery Storage Hybrid,AZ,127095.55648844388
2027,4,p30,FabTechSolar,400552,"Picture Rocks Solar, LLC",AZ,1688.2873716448519
2027,4,p30,FabTechSolar,405374,Pima Community College,AZ,111515.2761214783
2027,4,p30,FabTechSolar,405303,Pima Community College - East Campus,AZ,89986.37660485231
2027,4,p30,FabTechSolar,405516,Pima Community College NW,AZ,38938.21903727265
2027,4,p30,FabTechSolar,404926,Raptor Ridge,AZ,19768.308942597305
2027,4,p30,FabTechSolar,400857,Rio Rico Solar,AZ,56549.20769075403
2027,4,p30,FabTechSolar,401076,Tech Park Solar,AZ,16986.96141938329
2027,4,p30,FabTechSolar,400156,UASTP I,AZ,106389.0431177687
2027,4,p30,FabTechSolar,401075,Valencia Solar,AZ,7117.957377256225
2027,4,p30,FabTechSolar,404187,"Wilmot Energy Center, LLC",AZ,1390.7417769097674
2027,4,p31,SolarCycle,400211,Alamogordo Solar Energy Center,NM,168526.08586077247
2027,4,p31,FabTechSolar,400206,Albuquerque Solar Energy Center,NM,1192020.2548490977
2027,4,p31,SolarCycle,403675,Alcalde Solar Array,NM,277719.991486529
2027,4,p31,FabTechSolar,401595,Alta Luna,NM,67235.29150182482
2027,4,p31,FabTechSolar,405469,Arroyo Solar Energy Storage Hybrid,NM,4108.334391033798
2027,4,p31,FabTechSolar,403321,Bluewater CDEC 1,NM,790042.3043235383
2027,4,p31,SolarCycle,402519,Carrizozo Solar,NM,568992.2557695637
2027,4,p31,FabTechSolar,402988,City of Gallup Solar,NM,106830.00672452562
2027,4,p31,FabTechSolar,403604,City of Rio Rancho WWTP,NM,640651.9010534616
2027,4,p31,FabTechSolar,401225,City of Truth or Consequences PV,NM,504242.0230726446
2027,4,p31,FabTechSolar,400209,Deming Solar Energy Center,NM,101210.22468864407
2027,4,p31,FabTechSolar,403868,Encino Solar Energy Center,NM,42658.08602233759
2027,4,p31,FabTechSolar,401038,Eubank Landfill Solar Array,NM,298924.5729065763
2027,4,p31,FabTechSolar,402443,Facebook 3 Solar Energy Center,NM,226711.6136280513
2027,4,p31,FabTechSolar,403322,Grants CDEC 2,NM,142443.8186232607
2027,4,p31,FabTechSolar,400216,"Hatch Solar Energy Center I, LLC",NM,392378.8208168666
2027,4,p31,SolarCycle,401617,Holloman Solar Facility,NM,169009.47950965195
2027,4,p31,SolarCycle,400427,Kit Carson,NM,2239236.9690827075
2027,4,p31,SolarCycle,400210,Las Vegas Solar Energy Center,NM,228292.57841470206
2027,4,p31,SolarCycle,400434,Los Alamos PV Site,NM,1323132.5006519046
2027,4,p31,FabTechSolar,400207,Los Lunas Solar Energy Center,NM,107800.74827950692
2027,4,p31,FabTechSolar,400838,Macho Springs,NM,12341.884045544204
2027,4,p31,FabTechSolar,400582,Manzano Solar,NM,286454.2725819694
2027,4,p31,SolarCycle,401201,Meadow Lake Solar Energy Center,NM,64240.42861454495
2027,4,p31,SolarCycle,405693,NMSU Solar and Storage,NM,158564.2741793888
2027,4,p31,FabTechSolar,406375,OE_ESCL,NM,9863.768809818204
2027,4,p31,SolarCycle,400581,Otero Solar,NM,73921.4081469249
2027,4,p31,SolarCycle,400146,Questa Solar Facility,NM,566707.1957628824
2027,4,p31,FabTechSolar,403178,"RC Energy AA, LLC Solar Facility",NM,600536.6882262436
2027,4,p31,FabTechSolar,401566,Rio Communities Solar Energy Center,NM,56739.18220044871
2027,4,p31,FabTechSolar,403084,Rio De Oro Solar Energy Center,NM,75968.46637371865
2027,4,p31,FabTechSolar,400624,Rio Rancho High School,NM,1189006.8695057095
2027,4,p31,FabTechSolar,404648,"Route 66 Energy Center, LLC",NM,40464.74985802156
2027,4,p31,SolarCycle,405458,San Miguel II Solar Energy Center,NM,227195.37772027223
2027,4,p31,FabTechSolar,401161,Sandoval Solar Energy Center,NM,191014.02311330507
2027,4,p31,SolarCycle,401564,Santa Fe Solar Energy Center,NM,65213.1439919669
2027,4,p31,FabTechSolar,401565,Santolina Solar Energy Center,NM,214919.28893181085
2027,4,p31,FabTechSolar,400596,Silver City WWTP PV Project,NM,768213.0782610516
2027,4,p31,FabTechSolar,401563,South Valley Solar Energy Center,NM,115321.6658051099
2027,4,p31,SolarCycle,401162,Springer Solar 1,NM,2781064.731545877
2027,4,p31,SolarCycle,400735,Storrie Lake Solar Project,NM,1520117.2006100346
2027,4,p31,FabTechSolar,400623,Sue Cleveland High School,NM,1198996.2019356547
2027,4,p31,SolarCycle,400343,"SunE EPE1, LLC",NM,34788.126201579355
2027,4,p31,SolarCycle,402854,Syncarpha Eagle Nest,NM,1345186.720846994
2027,4,p31,SolarCycle,403412,Syncarpha El Rito,NM,437403.53774894594
2027,4,p31,SolarCycle,403413,Syncarpha Questa,NM,897167.8920086973
2027,4,p31,SolarCycle,403411,Syncarpha Taos,NM,217447.67225676504
2027,4,p31,SolarCycle,404618,Taos Mesa Energy Facility Hybrid,NM,91023.3462867908
2027,4,p31,FabTechSolar,403011,Vista Solar Energy Center,NM,229032.93872734916
2027,4,p31,SolarCycle,400354,WSMR I,NM,195496.67657478928
2027,4,p31,FabTechSolar,405245,Wal-Mart Truth or Consequences PV,NM,386587.033621783
2027,4,p47,SolarCycle,400979,"Caprock Solar 1, LLC",NM,20705.61478707829
2027,4,p47,SolarCycle,401681,"Chaves Solar, LLC",NM,15941.640580985006
2027,4,p47,SolarCycle,400614,GSE NM1,NM,582562.4618085496
2027,4,p47,SolarCycle,402530,Middle Daisy,NM,65473.1295668018
2027,4,p47,SolarCycle,401682,"Roswell Solar, LLC",NM,16077.98768437938
2027,4,p47,SolarCycle,400546,SEV NM Phase 2,NM,389321.4908128714
2027,4,p47,SolarCycle,400260,SPS1 Dollarhide,NM,16958.238684184933
2027,4,p47,SolarCycle,400261,SPS2 Jal,NM,36187.16865351762
2027,4,p47,SolarCycle,400262,SPS3 Lea,NM,13503.341559828032
2027,4,p47,SolarCycle,400264,SPS5 Hopi,NM,38939.17509915516
2027,4,p47,SolarCycle,404698,SoCore Clovis 1,NM,307406.80949145963
2027,4,p48,SolarCycle,406439,"BESSP1, LLC",TX,119913.85232833751
2027,4,p57,OkonRecycling,404918,"Hecate Energy Upshur Rural, LLC",TX,16636.292021003566
2027,4,p59,SolarCycle,402666,Fort Bliss (DEA EPIC),TX,228843.8003322434
2027,4,p59,SolarCycle,401616,Montana Solar Facility,TX,73554.78647787235
2027,4,p60,SolarCycle,403962,"ANSON Solar Center, LLC",TX,1662.7557932065392
2027,4,p60,OkonRecycling,403883,Azure Sky Solar,TX,985.1732244451698
2027,4,p60,SolarCycle,403232,"ENGIE Long Draw Solar, LLC",TX,764.0034311292724
2027,4,p60,SolarCycle,406252,Highpeak Solar 1,TX,12969.668751232302
2027,4,p60,SolarCycle,402721,Holstein 1 Solar Farm,TX,911.0116000318674
2027,4,p60,SolarCycle,405492,Juno Solar Project,TX,674.7929914737078
2027,4,p60,SolarCycle,402541,Lamesa II,TX,1458.077139267145
2027,4,p60,SolarCycle,401660,Lamesa Solar,TX,1092.5829650354015
2027,4,p60,SolarCycle,405932,Lumina II Solar Project,TX,1565.0506775584486
2027,4,p60,SolarCycle,405933,Lumina Solar Project,TX,942.2118067440304
2027,4,p60,SolarCycle,402909,Misae Solar,TX,1857.5267238038227
2027,4,p60,OkonRecycling,400968,"OCI Alamo 7, LLC",TX,2872.8178863463904
2027,4,p60,SolarCycle,405939,Texas Solar Nova 1,TX,954.9442530833943
2027,4,p61,SolarCycle,400967,Alamo 6,TX,914.7344336503356
2027,4,p61,SolarCycle,403557,Aragorn Solar Project,TX,1051.865727235087
2027,4,p61,SolarCycle,400691,Barilla Solar,TX,3111.84065530536
2027,4,p61,SolarCycle,401946,Bluebell Solar,TX,1552.3007510820946
2027,4,p61,SolarCycle,403574,Bluebell Solar II,TX,773.5344824310946
2027,4,p61,SolarCycle,400554,"Bryan Solar, LLC",TX,37644.52002294809
2027,4,p61,SolarCycle,401463,Buckthorn Westex,TX,647.4370629671205
2027,4,p61,SolarCycle,401703,East Pecos Solar,TX,710.4990306001241
2027,4,p61,SolarCycle,405363,Galloway 1 Solar Farm,TX,592.5894301692
2027,4,p61,SolarCycle,405494,Galloway 2 Solar Farm,TX,1691.978908142515
2027,4,p61,SolarCycle,403210,Greasewood,TX,540.7576664344062
2027,4,p61,SolarCycle,406370,Hayhurst Texas Solar,TX,2997.684315790907
2027,4,p61,SolarCycle,402304,Midway Solar-TX,TX,1025.079507414477
2027,4,p61,SolarCycle,400695,"OCI Alamo 4, LLC",TX,2945.166601844816
2027,4,p61,SolarCycle,401868,Pearl Solar,TX,952.5748191743804
2027,4,p61,SolarCycle,402290,RE Maplewood,TX,553.2699235774977
2027,4,p61,SolarCycle,401430,RE Roserock,TX,649.1676894159109
2027,4,p61,SolarCycle,402848,Rambler,TX,733.9802673127369
2027,4,p61,SolarCycle,402083,Solaire Holman Solar Project,TX,4855.852032768766
2027,4,p61,SolarCycle,403023,"Taygete Energy Project, LLC",TX,563.7609937372588
2027,4,p61,SolarCycle,404647,Taygete II Energy Project,TX,551.7785308718315
2027,4,p61,SolarCycle,403551,Titan Solar Project,TX,854.237011321064
2027,4,p61,SolarCycle,406103,Zier Solar,TX,1640.7123332254534
2027,4,p62,SolarCycle,403502,2W Permian Solar Project Hybrid,TX,438.45193643838473
2027,4,p62,SolarCycle,403697,CED Crane Solar,TX,529.1397665321806
2027,4,p62,SolarCycle,401525,Castle Gap Solar Hybrid,TX,509.5230573278663
2027,4,p62,SolarCycle,404599,Emerald Grove,TX,707.9876235487442
2027,4,p62,SolarCycle,403004,Lapetus,TX,622.5294832005218
2027,4,p62,SolarCycle,403280,Oberon IA,TX,468.8980224764444
2027,4,p62,SolarCycle,403279,Oberon IB,TX,1096.72454276535
2027,4,p62,SolarCycle,403602,Oxy Renewable Energy-Goldsmith,TX,2559.17403743201
2027,4,p62,SolarCycle,402679,Phoebe Solar,TX,456.3066231901999
2027,4,p62,SolarCycle,403177,Prospero Solar,TX,468.5084895928066
2027,4,p62,SolarCycle,404128,Prospero Solar II,TX,563.2501991061785
2027,4,p62,SolarCycle,403070,"Roadrunner, LLC",TX,470.41316042750975
2027,4,p62,SolarCycle,401805,Upton County Solar,TX,485.03212806556996
2027,4,p62,SolarCycle,402995,West of the Pecos Solar,TX,590.0825377237661
2027,4,p63,OkonRecycling,405599,"BPL Crown Solar, LLC",TX,2540.683053121243
2027,4,p63,OkonRecycling,404966,BPL Files Solar,TX,783.1563688762717
2027,4,p63,OkonRecycling,403825,Briar Creek Solar 1,TX,1243.516937123664
2027,4,p63,OkonRecycling,402610,Chisum,TX,42843.39102366665
2027,4,p63,OkonRecycling,401697,CoServ Community Solar Station,TX,12787.944066013064
2027,4,p63,OkonRecycling,403188,Coniglio Solar,TX,918.9860022523699
2027,4,p63,OkonRecycling,406415,Dileo Solar,TX,2759.8824389389297
2027,4,p63,OkonRecycling,402655,Eddy II,TX,5975.463099562692
2027,4,p63,OkonRecycling,406221,Eiffel Solar Project,TX,951.3614257648879
2027,4,p63,OkonRecycling,405540,"Ellis Solar, LLC",TX,737.2209066675018
2027,4,p63,OkonRecycling,403823,Elm Branch Solar 1,TX,796.2810164505333
2027,4,p63,OkonRecycling,406206,Five Wells Solar Center - Hybrid,TX,768.1519273505551
2027,4,p63,OkonRecycling,404567,G.S.E. One LLC,TX,1450.0948146933306
2027,4,p63,OkonRecycling,403288,Griffin Solar,TX,19816.221015319254
2027,4,p63,OkonRecycling,406202,Grizzly Ridge Solar,TX,2695.7328219307356
2027,4,p63,OkonRecycling,405319,IKEA Grand Prairie Rooftop PV System,TX,10081.139698191279
2027,4,p63,OkonRecycling,405689,"IP Radian, LLC",TX,2533.8177241457483
2027,4,p63,OkonRecycling,403481,Impact Solar 1,TX,1079.7808129563966
2027,4,p63,OkonRecycling,403190,Kellam Solar,TX,5116.434297356891
2027,4,p63,OkonRecycling,402421,Leon Solar,TX,3955.175923569277
2027,4,p63,OkonRecycling,403874,Lily Solar Hybrid,TX,805.2884490956113
2027,4,p63,OkonRecycling,402404,Marlin Solar,TX,27705.190175025567
2027,4,p63,OkonRecycling,405794,Noble Solar,TX,584.5100692288046
2027,4,p63,OkonRecycling,401933,Phantom Solar,TX,9278.989927068513
2027,4,p63,OkonRecycling,404872,"Pisgah Ridge Solar, LLC",TX,618.7118852005813
2027,4,p63,OkonRecycling,406416,Pitts Dudik Solar,TX,3005.2660714739072
2027,4,p63,OkonRecycling,403189,Rippey Solar,TX,4447.763703025296
2027,4,p63,OkonRecycling,404630,"Samson Solar Energy III, LLC",TX,952.1786097683245
2027,4,p63,OkonRecycling,402652,Sterling Solar (TX),TX,19517.887603463754
2027,4,p63,OkonRecycling,404812,Sun Valley Solar Project,TX,1495.3378628823011
2027,4,p63,OkonRecycling,403457,"TPE Whitney Solar, LLC",TX,27929.94513923815
2027,4,p63,OkonRecycling,405361,Toyota HQ Plan,TX,1554.1036728557567
2027,4,p63,OkonRecycling,405907,Verizon Hidden Ridge Solar Project,TX,1955.078252105193
2027,4,p63,OkonRecycling,405984,Waco Solar,TX,594.6433855279001
2027,4,p63,OkonRecycling,402306,Walnut Springs Solar,TX,21084.412468734514
2027,4,p63,OkonRecycling,402497,West Moore Solar II,TX,5909.86207823118
2027,4,p63,OkonRecycling,402330,Whitesboro Solar,TX,5822.529854991403
2027,4,p63,OkonRecycling,402331,Whitesboro Solar II,TX,5322.952589500303
2027,4,p63,OkonRecycling,402414,Whitewright Solar,TX,3750.9181414835934
2027,4,p63,OkonRecycling,402654,Yellow Jacket,TX,16444.30044273847
2027,4,p64,OkonRecycling,405731,Austin TX GigaFactory,TX,220932.14738834265
2027,4,p64,OkonRecycling,404721,"Blue Jay Solar I, LLC",TX,1213.2001781264873
2027,4,p64,OkonRecycling,402389,"E-Volve Energy Holdings, LLC",TX,152756.72493495562
2027,4,p64,OkonRecycling,400227,East Blackland Solar Project 1,TX,1283.6000003845932
2027,4,p64,SolarCycle,402653,Lampwick,TX,55259.020094962114
2027,4,p64,OkonRecycling,405613,Niagara Bottling - Seguin,TX,54264.34253246384
2027,4,p64,OkonRecycling,400249,Webberville Solar Project,TX,7265.925501486074
2027,4,p65,OkonRecycling,405700,Aktina Solar,TX,12835.903085588809
2027,4,p65,OkonRecycling,405727,Bernard Creek Solar,TX,16990.46265475674
2027,4,p65,OkonRecycling,405477,Brightside,TX,148316.0849104067
2027,4,p65,OkonRecycling,401728,CPS 1 Community Solar,TX,6124630.85183931
2027,4,p65,OkonRecycling,404359,FELPS 1-Calaveras,TX,6359223.928225716
2027,4,p65,OkonRecycling,404361,FELPS 2-Calaveras,TX,4239518.499593752
2027,4,p65,OkonRecycling,404739,FELPS 6- Floresville West,TX,6472817.230827309
2027,4,p65,OkonRecycling,404740,FELPS 7- Floresville West,TX,3235563.451525285
2027,4,p65,OkonRecycling,405380,IKEA Live Oak Rooftop PV System,TX,3444745.2291863346
2027,4,p65,SolarCycle,403343,Mars Solar,TX,454908.6508873342
2027,4,p65,OkonRecycling,404877,Nebula Solar,TX,56575.49690421678
2027,4,p65,OkonRecycling,400694,"OCI Alamo 2, LLC",TX,2730059.6488075308
2027,4,p65,OkonRecycling,400965,"OCI Alamo 3, LLC",TX,1086087.2846572776
2027,4,p65,SolarCycle,400966,"OCI Alamo 5, LLC",TX,124305.85860939385
2027,4,p65,OkonRecycling,405545,Sparta Solar,TX,19893.228641392587
2027,4,p65,OkonRecycling,400379,"SunE CPS1, LLC",TX,1295166.3489699052
2027,4,p65,OkonRecycling,400364,"SunE CPS2, LLC",TX,433167.2819842035
2027,4,p65,OkonRecycling,400353,"SunE CPS3, LLC",TX,1241142.3832480472
2027,4,p65,OkonRecycling,406032,Tres Bahias,TX,35610.76343147816
2027,4,p67,OkonRecycling,404939,Brazoria County Solar Project (Danciger),TX,4239.105648904775
2027,4,p67,OkonRecycling,404681,Brazoria West,TX,8197.673266037236
2027,4,p67,OkonRecycling,404587,Fighting Jays Solar Project,TX,2591.4468843634927
2027,4,p67,OkonRecycling,405564,"Fort Bend Solar, LLC",TX,3306.5655556664487
2027,4,p67,OkonRecycling,403514,Wagyu,TX,13292.539201967926
2028,1,p12,ComstockMetals,402144,Battle Mountain Solar Project,NV,2732.627101030285
2028,1,p12,ComstockMetals,405025,Brady,NV,963.7718161878162
2028,1,p12,ComstockMetals,405553,Dodge Flat,NV,418.4661735470717
2028,1,p12,ComstockMetals,402609,"EGP Stillwater Solar PV II, LLC",NV,3360.055910499829
2028,1,p12,ComstockMetals,404659,Fish Springs,NV,645.0002110747004
2028,1,p12,ComstockMetals,401086,Ft. Churchill PV,NV,658.5068323971232
2028,1,p12,ComstockMetals,405028,Galena 2 Geothermal Power Plant,NV,1934.3673847106302
2028,1,p12,ComstockMetals,400468,"Patua Acquisition Project, LLC",NV,1535.8454872527966
2028,1,p12,ComstockMetals,405021,Steamboat Hills LP,NV,2714.5096756868256
2028,1,p12,ComstockMetals,405023,Steamboat II,NV,1407.6021527915261
2028,1,p12,ComstockMetals,405024,Steamboat III,NV,1212.0474153349276
2028,1,p12,ComstockMetals,400029,Stillwater Facility,NV,1767.3500547905232
2028,1,p12,ComstockMetals,401318,Sunshine Valley Solar,NV,4402.790737793109
2028,1,p12,ComstockMetals,405576,Tesla Reno GigaFactory,NV,832.730857754516
2028,1,p12,ComstockMetals,401943,Tungsten Mountain,NV,19042.274806033456
2028,1,p12,ComstockMetals,403308,Turquoise Liberty Solar,NV,1183.1203029712813
2028,1,p12,ComstockMetals,403884,"Turquoise Nevada, LLC",NV,517.5103874793626
2028,1,p12,ComstockMetals,400035,Western 102 Power Plant,NV,4066.734849712758
2028,1,p13,WeRecycleSolar,400555,Apex Solar PV Power Project,NV,19372.25748487298
2028,1,p13,WeRecycleSolar,405385,Arrow Canyon Solar Hybrid,NV,1223.105106223517
2028,1,p13,WeRecycleSolar,400059,CM10,NV,34074.07747433118
2028,1,p13,WeRecycleSolar,400363,Copper Mountain Solar 2,NV,6935.430316097598
2028,1,p13,WeRecycleSolar,403688,"Copper Mountain Solar 5, LLC",NV,4419.157205915212
2028,1,p13,WeRecycleSolar,405358,Dignity - San Martin,NV,164409.81420726865
2028,1,p13,WeRecycleSolar,405355,Dignity - Siena Campus,NV,769473.2401274603
2028,1,p13,WeRecycleSolar,405556,Dry Lake Solar Energy Center,NV,2922.297725260933
2028,1,p13,WeRecycleSolar,405495,Gemini Solar,NV,941.630545714186
2028,1,p13,WeRecycleSolar,406090,IGS LAS1,NV,1075351.6470542697
2028,1,p13,WeRecycleSolar,405309,IKEA Las Vegas 462,NV,373503.47737766115
2028,1,p13,WeRecycleSolar,400545,Las Vegas WPCF Solar Plant,NV,165763.47052796968
2028,1,p13,WeRecycleSolar,400600,Mountain View Solar,NV,19317.817136062895
2028,1,p13,WeRecycleSolar,400036,Nellis Air Force Base Solar Array,NV,47145.53864877285
2028,1,p13,WeRecycleSolar,401274,River Mountains Solar,NV,36889.38472261694
2028,1,p13,WeRecycleSolar,401042,Searchlight Solar,NV,27225.220499932366
2028,1,p13,WeRecycleSolar,400166,Silver State Solar Power North,NV,5421.968983219868
2028,1,p13,WeRecycleSolar,400658,Silver State Solar Power South,NV,4561.491384966786
2028,1,p13,WeRecycleSolar,405246,"Solar Las Vegas MB 2, LLC",NV,368638.9671694482
2028,1,p13,WeRecycleSolar,405188,Solar Las Vegas MB-1,NV,56798.90997681099
2028,1,p13,WeRecycleSolar,402691,"Techren Solar III, LLC",NV,20760.16767066417
2028,1,p13,WeRecycleSolar,402692,"Techren Solar IV, LLC",NV,41280.231404435996
2028,1,p13,WeRecycleSolar,404971,Yellow Pine Solar,NV,3624.32526959086
2028,1,p27,WeRecycleSolar,400374,"Black Mountain Solar, LLC",AZ,7479.052594524845
2028,1,p27,WeRecycleSolar,402236,Gray Hawk Solar,AZ,4726.131802411334
2028,1,p27,WeRecycleSolar,401819,Jacobson 5 MW Solar,AZ,45974.37424942947
2028,1,p27,WeRecycleSolar,403718,Mohave Electric Cooperative at Joy Lane,AZ,7404.6830458854365
2028,1,p27,WeRecycleSolar,401311,Mohave Electric at Fort Mohave,AZ,24228.26471610464
2028,1,p27,WeRecycleSolar,406478,Mohave Energy - Hybrid,AZ,12315.70821743992
2028,1,p28,WeRecycleSolar,405418,AZ State University - Tempe Campus Solar,AZ,4146.251814371735
2028,1,p28,WeRecycleSolar,400148,Agua Caliente Solar Project,AZ,829.7455704375499
2028,1,p28,FabTechSolar,402067,Apache Solar 1,AZ,29623.42709771497
2028,1,p28,WeRecycleSolar,400274,Arizona Western College PV,AZ,111569.82600842595
2028,1,p28,WeRecycleSolar,400240,Arlington Valley Solar Energy II,AZ,1872.9352451387504
2028,1,p28,FabTechSolar,401688,Bonnybrooke PV,AZ,1238.3578196920607
2028,1,p28,WeRecycleSolar,400371,Buckeye Union HS District 201,AZ,12799.27835972496
2028,1,p28,FabTechSolar,405635,"Central Line Solar, LLC",AZ,745.4205052390391
2028,1,p28,WeRecycleSolar,400201,Chino Solar Valley,AZ,7115.930419832472
2028,1,p28,WeRecycleSolar,401069,Desert Star Hybrid,AZ,7949.049293333422
2028,1,p28,FabTechSolar,403257,East Line Solar,AZ,1092.641461472542
2028,1,p28,FabTechSolar,406171,Eleven Mile Solar Center,AZ,833.6747902612079
2028,1,p28,WeRecycleSolar,400349,Foothills Solar Plant Hybrid,AZ,8742.815304274665
2028,1,p28,FabTechSolar,400825,Fort Huachuca Solar PV Project,AZ,12062.08339671129
2028,1,p28,WeRecycleSolar,400845,Gila Bend Hybrid,AZ,3422.324865324111
2028,1,p28,FabTechSolar,400599,"Gilbert Solar Facility I, LLC",AZ,9504.68783295196
2028,1,p28,FabTechSolar,405282,Intel - Ocotillo Campus Solar,AZ,7029.2699768655575
2028,1,p28,WeRecycleSolar,405125,Jewish Community Center PV,AZ,13585.605707383445
2028,1,p28,WeRecycleSolar,402234,Kayenta Solar Project,AZ,19754.81864753956
2028,1,p28,WeRecycleSolar,400595,Lake Pleasant WTP,AZ,19866.004001057467
2028,1,p28,WeRecycleSolar,400128,Luke Solar,AZ,1800.4513599543181
2028,1,p28,WeRecycleSolar,405068,Macys Goodyear,AZ,13925.34667897504
2028,1,p28,WeRecycleSolar,406279,McFarland A Solar and Storage,AZ,2263.09152458498
2028,1,p28,FabTechSolar,405617,Mesa Carport PV,AZ,10603.796562928346
2028,1,p28,FabTechSolar,404512,Mesa Solar Array,AZ,6231.443191371491
2028,1,p28,WeRecycleSolar,400250,Mesquite Solar 1,AZ,604.6172741312814
2028,1,p28,WeRecycleSolar,401622,"Mesquite Solar 3, LLC",AZ,867.9945319342239
2028,1,p28,WeRecycleSolar,406038,"Mesquite Solar 4, LLC",AZ,2391.983744642186
2028,1,p28,WeRecycleSolar,404922,"Mesquite Solar 5, LLC",AZ,3844.9969747545006
2028,1,p28,WeRecycleSolar,403572,OE_AZ1,AZ,6493.670502107877
2028,1,p28,WeRecycleSolar,400203,Paloma Solar Hybrid,AZ,11217.685951826525
2028,1,p28,WeRecycleSolar,405126,Paradise Valley H.S. PV,AZ,23202.711272367666
2028,1,p28,WeRecycleSolar,405150,Phoenix Airport East Economy Lot,AZ,10670.787131790566
2028,1,p28,WeRecycleSolar,405151,Phoenix Airport Rental Car Center,AZ,1531.5884598199186
2028,1,p28,FabTechSolar,400125,"Poseidon Solar, LLC",AZ,4432.1397463391295
2028,1,p28,WeRecycleSolar,400289,"RE Bagdad Solar I, LLC",AZ,9881.524906222236
2028,1,p28,FabTechSolar,400758,Red Horse 2,AZ,9455.646996372363
2028,1,p28,WeRecycleSolar,400416,Saddle Mountain Solar I,AZ,18507.4078154559
2028,1,p28,FabTechSolar,403674,Saint Solar,AZ,872.8908610651731
2028,1,p28,FabTechSolar,401214,Sandstone Solar,AZ,1185.4391230566696
2028,1,p28,WeRecycleSolar,405029,Solana Generating Station,AZ,718.8038148539869
2028,1,p28,WeRecycleSolar,406275,Sonoran Solar Energy,AZ,531.1477916192033
2028,1,p28,FabTechSolar,406034,Storey Solar and Storage,AZ,1488.5382271921656
2028,1,p28,WeRecycleSolar,403643,Sun Streams 2,AZ,1017.2825906449889
2028,1,p28,WeRecycleSolar,406517,Sun Streams 3,AZ,1246.3215856134846
2028,1,p28,WeRecycleSolar,401975,"Sun Streams, LLC",AZ,697.4419970388453
2028,1,p28,FabTechSolar,405134,Union HS at Casa Grande,AZ,63649.0070691806
2028,1,p28,FabTechSolar,405135,Vista Grande HS at Casa Grande,AZ,41520.225110900334
2028,1,p28,FabTechSolar,400334,Walmart Casa Grande,AZ,30570.336504004754
2028,1,p28,FabTechSolar,406098,"West Line Solar, LLC",AZ,676.4626424063829
2028,1,p29,FabTechSolar,400014,Springerville,AZ,43529.99515064102
2028,1,p30,FabTechSolar,405143,Actus Lend Lease DMAFB,AZ,26461.25469771891
2028,1,p30,FabTechSolar,405611,Amazon TUS2,AZ,48045.07811284113
2028,1,p30,FabTechSolar,400939,Avalon Solar,AZ,4765.732141983795
2028,1,p30,FabTechSolar,401479,Avalon Solar II,AZ,16108.996242200707
2028,1,p30,FabTechSolar,400226,Avra Valley Solar,AZ,3745.570696329001
2028,1,p30,FabTechSolar,404704,Broadway 2 - Tucson Phase II,AZ,33692.344710327925
2028,1,p30,FabTechSolar,405269,Canyon Del Oro High School Solar,AZ,23152.100006717894
2028,1,p30,FabTechSolar,401295,Davis Monthan AFB (AZ) West Airfield,AZ,9794.777506590946
2028,1,p30,FabTechSolar,400761,"Gato Montes Solar, LLC",AZ,25693.861494141576
2028,1,p30,FabTechSolar,404536,Iron Horse Battery Storage Hybrid,AZ,42631.852162814626
2028,1,p30,FabTechSolar,400552,"Picture Rocks Solar, LLC",AZ,1402.001289057107
2028,1,p30,FabTechSolar,405374,Pima Community College,AZ,111515.2761214783
2028,1,p30,FabTechSolar,405303,Pima Community College - East Campus,AZ,179572.7532097046
2028,1,p30,FabTechSolar,405516,Pima Community College NW,AZ,77476.4380745453
2028,1,p30,FabTechSolar,400408,Prairie Fire,AZ,28296.85566878271
2028,1,p30,FabTechSolar,404926,Raptor Ridge,AZ,19768.308942597305
2028,1,p30,FabTechSolar,400857,Rio Rico Solar,AZ,28474.603845377016
2028,1,p30,FabTechSolar,401076,Tech Park Solar,AZ,25280.442129074938
2028,1,p30,FabTechSolar,400156,UASTP I,AZ,106389.0431177687
2028,1,p30,FabTechSolar,401075,Valencia Solar,AZ,9357.2765030083
2028,1,p30,FabTechSolar,404187,"Wilmot Energy Center, LLC",AZ,1390.7417769097674
2028,1,p31,SolarCycle,400211,Alamogordo Solar Energy Center,NM,112484.057240515
2028,1,p31,FabTechSolar,400206,Albuquerque Solar Energy Center,NM,1192020.2548490977
2028,1,p31,SolarCycle,403675,Alcalde Solar Array,NM,555039.9829730581
2028,1,p31,FabTechSolar,405469,Arroyo Solar Energy Storage Hybrid,NM,4108.334391033798
2028,1,p31,FabTechSolar,403321,Bluewater CDEC 1,NM,790042.3043235383
2028,1,p31,SolarCycle,404981,Buena Vista Energy Center,NM,14714.629015023942
2028,1,p31,SolarCycle,402519,Carrizozo Solar,NM,189930.7519231879
2028,1,p31,FabTechSolar,401202,Cibola,NM,142217.85523630213
2028,1,p31,FabTechSolar,402988,City of Gallup Solar,NM,71353.33781635042
2028,1,p31,FabTechSolar,403604,City of Rio Rancho WWTP,NM,960777.8515801925
2028,1,p31,FabTechSolar,401225,City of Truth or Consequences PV,NM,336294.6820484297
2028,1,p31,FabTechSolar,400209,Deming Solar Energy Center,NM,202020.44937728814
2028,1,p31,FabTechSolar,403868,Encino Solar Energy Center,NM,14486.028674112533
2028,1,p31,FabTechSolar,401038,Eubank Landfill Solar Array,NM,398432.76387543516
2028,1,p31,FabTechSolar,402443,Facebook 3 Solar Energy Center,NM,113555.80681402565
2028,1,p31,FabTechSolar,403322,Grants CDEC 2,NM,213465.72793489107
2028,1,p31,FabTechSolar,400216,"Hatch Solar Energy Center I, LLC",NM,392378.8208168666
2028,1,p31,SolarCycle,401617,Holloman Solar Facility,NM,112806.3196731013
2028,1,p31,FabTechSolar,406109,"Jicarilla Solar 1, LLC",NM,48622.541837324214
2028,1,p31,SolarCycle,400427,Kit Carson,NM,1119818.4845413538
2028,1,p31,SolarCycle,400434,Los Alamos PV Site,NM,2645865.0013038097
2028,1,p31,FabTechSolar,400207,Los Lunas Solar Energy Center,NM,322602.2448385207
2028,1,p31,FabTechSolar,400582,Manzano Solar,NM,143427.1362909847
2028,1,p31,SolarCycle,401201,Meadow Lake Solar Energy Center,NM,128080.8572290899
2028,1,p31,SolarCycle,405693,NMSU Solar and Storage,NM,316728.54835877765
2028,1,p31,FabTechSolar,406375,OE_ESCL,NM,5131.884404909102
2028,1,p31,SolarCycle,400581,Otero Solar,NM,73921.4081469249
2028,1,p31,SolarCycle,400146,Questa Solar Facility,NM,1416167.9894072057
2028,1,p31,FabTechSolar,403178,"RC Energy AA, LLC Solar Facility",NM,1200673.376452487
2028,1,p31,FabTechSolar,401566,Rio Communities Solar Energy Center,NM,225756.72880179484
2028,1,p31,FabTechSolar,400624,Rio Rancho High School,NM,2377613.739011419
2028,1,p31,FabTechSolar,404648,"Route 66 Energy Center, LLC",NM,20432.37492901078
2028,1,p31,SolarCycle,403387,San Miguel I Solar Energy Center,NM,113751.14513744653
2028,1,p31,SolarCycle,405458,San Miguel II Solar Energy Center,NM,113797.68886013611
2028,1,p31,FabTechSolar,401161,Sandoval Solar Energy Center,NM,381628.04622661014
2028,1,p31,SolarCycle,401564,Santa Fe Solar Energy Center,NM,65213.1439919669
2028,1,p31,FabTechSolar,401565,Santolina Solar Energy Center,NM,214919.28893181085
2028,1,p31,FabTechSolar,400596,Silver City WWTP PV Project,NM,1536026.1565221031
2028,1,p31,FabTechSolar,401563,South Valley Solar Energy Center,NM,230243.33161021976
2028,1,p31,SolarCycle,401162,Springer Solar 1,NM,1390732.3657729386
2028,1,p31,SolarCycle,400735,Storrie Lake Solar Project,NM,760258.6003050172
2028,1,p31,FabTechSolar,400623,Sue Cleveland High School,NM,1198996.2019356547
2028,1,p31,SolarCycle,400343,"SunE EPE1, LLC",NM,86370.31550394838
2028,1,p31,SolarCycle,402854,Syncarpha Eagle Nest,NM,1345186.720846994
2028,1,p31,SolarCycle,403412,Syncarpha El Rito,NM,350002.8301991569
2028,1,p31,SolarCycle,403411,Syncarpha Taos,NM,145098.44817117666
2028,1,p31,SolarCycle,404618,Taos Mesa Energy Facility Hybrid,NM,91023.3462867908
2028,1,p31,FabTechSolar,403011,Vista Solar Energy Center,NM,76610.97957578304
2028,1,p31,SolarCycle,400354,WSMR I,NM,195496.67657478928
2028,1,p31,FabTechSolar,405245,Wal-Mart Truth or Consequences PV,NM,1931335.1681089147
2028,1,p47,SolarCycle,400614,GSE NM1,NM,291481.23090427485
2028,1,p47,SolarCycle,404982,Hayhurst New Mexico Solar,NM,12203.678390071726
2028,1,p47,SolarCycle,402530,Middle Daisy,NM,65473.1295668018
2028,1,p47,SolarCycle,400546,SEV NM Phase 2,NM,778242.9816257427
2028,1,p47,SolarCycle,400260,SPS1 Dollarhide,NM,16958.238684184933
2028,1,p47,SolarCycle,400261,SPS2 Jal,NM,12329.056217839205
2028,1,p47,SolarCycle,400262,SPS3 Lea,NM,26606.683119656063
2028,1,p47,SolarCycle,400264,SPS5 Hopi,NM,26092.783399436765
2028,1,p47,SolarCycle,404698,SoCore Clovis 1,NM,307406.80949145963
2028,1,p48,SolarCycle,406439,"BESSP1, LLC",TX,119913.85232833751
2028,1,p57,OkonRecycling,404918,"Hecate Energy Upshur Rural, LLC",TX,16636.292021003566
2028,1,p59,SolarCycle,402666,Fort Bliss (DEA EPIC),TX,76547.93344408114
2028,1,p59,SolarCycle,401616,Montana Solar Facility,TX,146709.57295574466
2028,1,p60,SolarCycle,403962,"ANSON Solar Center, LLC",TX,1662.7557932065392
2028,1,p60,OkonRecycling,403883,Azure Sky Solar,TX,985.1732244451698
2028,1,p60,SolarCycle,403232,"ENGIE Long Draw Solar, LLC",TX,1492.0102933878172
2028,1,p60,SolarCycle,406252,Highpeak Solar 1,TX,25539.337502464605
2028,1,p60,SolarCycle,402721,Holstein 1 Solar Farm,TX,911.0116000318674
2028,1,p60,SolarCycle,405492,Juno Solar Project,TX,674.7929914737078
2028,1,p60,SolarCycle,402541,Lamesa II,TX,1458.077139267145
2028,1,p60,SolarCycle,401660,Lamesa Solar,TX,1092.5829650354015
2028,1,p60,SolarCycle,405932,Lumina II Solar Project,TX,1565.0506775584486
2028,1,p60,SolarCycle,405933,Lumina Solar Project,TX,942.2118067440304
2028,1,p60,SolarCycle,402909,Misae Solar,TX,1857.5267238038227
2028,1,p60,OkonRecycling,400968,"OCI Alamo 7, LLC",TX,2048.5452575642603
2028,1,p60,SolarCycle,405939,Texas Solar Nova 1,TX,954.9442530833943
2028,1,p61,SolarCycle,400967,Alamo 6,TX,1429.4688673006713
2028,1,p61,SolarCycle,403557,Aragorn Solar Project,TX,1051.865727235087
2028,1,p61,SolarCycle,400691,Barilla Solar,TX,3111.84065530536
2028,1,p61,SolarCycle,401946,Bluebell Solar,TX,1552.3007510820946
2028,1,p61,SolarCycle,403574,Bluebell Solar II,TX,773.5344824310946
2028,1,p61,SolarCycle,401463,Buckthorn Westex,TX,585.5777972253403
2028,1,p61,SolarCycle,401703,East Pecos Solar,TX,632.874272950093
2028,1,p61,SolarCycle,405363,Galloway 1 Solar Farm,TX,688.8841452537998
2028,1,p61,SolarCycle,405494,Galloway 2 Solar Farm,TX,2983.95781628503
2028,1,p61,SolarCycle,403210,Greasewood,TX,540.7576664344062
2028,1,p61,SolarCycle,402304,Midway Solar-TX,TX,1025.079507414477
2028,1,p61,SolarCycle,400695,"OCI Alamo 4, LLC",TX,3793.555469126421
2028,1,p61,SolarCycle,401868,Pearl Solar,TX,952.5748191743804
2028,1,p61,SolarCycle,402290,RE Maplewood,TX,553.2699235774977
2028,1,p61,SolarCycle,401430,RE Roserock,TX,599.3341515327287
2028,1,p61,SolarCycle,402848,Rambler,TX,733.9802673127369
2028,1,p61,SolarCycle,402083,Solaire Holman Solar Project,TX,4855.852032768766
2028,1,p61,SolarCycle,403023,"Taygete Energy Project, LLC",TX,498.25659624235533
2028,1,p61,SolarCycle,404647,Taygete II Energy Project,TX,551.7785308718315
2028,1,p61,SolarCycle,403551,Titan Solar Project,TX,854.237011321064
2028,1,p61,SolarCycle,406103,Zier Solar,TX,1640.7123332254534
2028,1,p62,SolarCycle,403502,2W Permian Solar Project Hybrid,TX,438.45193643838473
2028,1,p62,SolarCycle,403697,CED Crane Solar,TX,658.2795330643614
2028,1,p62,SolarCycle,401525,Castle Gap Solar Hybrid,TX,509.5230573278663
2028,1,p62,SolarCycle,404599,Emerald Grove,TX,861.9814353231162
2028,1,p62,SolarCycle,403004,Lapetus,TX,622.5294832005218
2028,1,p62,SolarCycle,403280,Oberon IA,TX,468.8980224764444
2028,1,p62,SolarCycle,403279,Oberon IB,TX,1096.72454276535
2028,1,p62,SolarCycle,403602,Oxy Renewable Energy-Goldsmith,TX,1479.587018716005
2028,1,p62,SolarCycle,402679,Phoebe Solar,TX,475.0754975869331
2028,1,p62,SolarCycle,403177,Prospero Solar,TX,468.5084895928066
2028,1,p62,SolarCycle,404128,Prospero Solar II,TX,563.2501991061785
2028,1,p62,SolarCycle,403070,"Roadrunner, LLC",TX,470.41316042750975
2028,1,p62,SolarCycle,401805,Upton County Solar,TX,485.03212806556996
2028,1,p62,SolarCycle,402995,West of the Pecos Solar,TX,590.0825377237661
2028,1,p63,OkonRecycling,405599,"BPL Crown Solar, LLC",TX,1827.122035414162
2028,1,p63,OkonRecycling,404966,BPL Files Solar,TX,783.1563688762717
2028,1,p63,OkonRecycling,403825,Briar Creek Solar 1,TX,821.758468561832
2028,1,p63,OkonRecycling,402610,Chisum,TX,7473.898503944441
2028,1,p63,OkonRecycling,401697,CoServ Community Solar Station,TX,11018.237770868342
2028,1,p63,OkonRecycling,403188,Coniglio Solar,TX,918.9860022523699
2028,1,p63,OkonRecycling,406415,Dileo Solar,TX,2759.8824389389297
2028,1,p63,OkonRecycling,402655,Eddy II,TX,45003.70479650153
2028,1,p63,OkonRecycling,406221,Eiffel Solar Project,TX,1227.042138647332
2028,1,p63,OkonRecycling,405540,"Ellis Solar, LLC",TX,849.6278755566692
2028,1,p63,OkonRecycling,403823,Elm Branch Solar 1,TX,994.4215246758
2028,1,p63,OkonRecycling,406206,Five Wells Solar Center - Hybrid,TX,768.1519273505551
2028,1,p63,OkonRecycling,404567,G.S.E. One LLC,TX,3550.2844440799913
2028,1,p63,OkonRecycling,403288,Griffin Solar,TX,78064.88406127701
2028,1,p63,OkonRecycling,406202,Grizzly Ridge Solar,TX,2695.7328219307356
2028,1,p63,OkonRecycling,405319,IKEA Grand Prairie Rooftop PV System,TX,12501.424622739101
2028,1,p63,OkonRecycling,405689,"IP Radian, LLC",TX,1466.9088620728744
2028,1,p63,OkonRecycling,403481,Impact Solar 1,TX,1079.7808129563966
2028,1,p63,OkonRecycling,403190,Kellam Solar,TX,5116.434297356891
2028,1,p63,OkonRecycling,402421,Leon Solar,TX,3955.175923569277
2028,1,p63,OkonRecycling,403874,Lily Solar Hybrid,TX,805.2884490956113
2028,1,p63,OkonRecycling,402404,Marlin Solar,TX,82315.5705250767
2028,1,p63,OkonRecycling,405794,Noble Solar,TX,646.013425638406
2028,1,p63,OkonRecycling,402405,North Gainesville Solar,TX,5552.781458978529
2028,1,p63,OkonRecycling,401933,Phantom Solar,TX,18157.979854137026
2028,1,p63,OkonRecycling,404872,"Pisgah Ridge Solar, LLC",TX,946.7797130014534
2028,1,p63,OkonRecycling,406416,Pitts Dudik Solar,TX,3005.2660714739072
2028,1,p63,OkonRecycling,403189,Rippey Solar,TX,4447.763703025296
2028,1,p63,OkonRecycling,404630,"Samson Solar Energy III, LLC",TX,952.1786097683245
2028,1,p63,OkonRecycling,402652,Sterling Solar (TX),TX,4223.577520692752
2028,1,p63,OkonRecycling,404812,Sun Valley Solar Project,TX,947.6689314411503
2028,1,p63,OkonRecycling,403457,"TPE Whitney Solar, LLC",TX,27929.94513923815
2028,1,p63,OkonRecycling,405361,Toyota HQ Plan,TX,1554.1036728557567
2028,1,p63,OkonRecycling,405907,Verizon Hidden Ridge Solar Project,TX,2127.8647245613256
2028,1,p63,OkonRecycling,405984,Waco Solar,TX,594.6433855279001
2028,1,p63,OkonRecycling,402306,Walnut Springs Solar,TX,21084.412468734514
2028,1,p63,OkonRecycling,402497,West Moore Solar II,TX,5358.875870408063
2028,1,p63,OkonRecycling,402330,Whitesboro Solar,TX,5822.529854991403
2028,1,p63,OkonRecycling,402331,Whitesboro Solar II,TX,5322.952589500303
2028,1,p63,OkonRecycling,402414,Whitewright Solar,TX,12128.213495192576
2028,1,p63,OkonRecycling,402654,Yellow Jacket,TX,32488.600885476942
2028,1,p64,OkonRecycling,405731,Austin TX GigaFactory,TX,220932.14738834265
2028,1,p64,OkonRecycling,404721,"Blue Jay Solar I, LLC",TX,942.1334520843247
2028,1,p64,OkonRecycling,402389,"E-Volve Energy Holdings, LLC",TX,76578.3624674778
2028,1,p64,OkonRecycling,400227,East Blackland Solar Project 1,TX,1283.6000003845932
2028,1,p64,OkonRecycling,405101,IKEA Round Rock 027,TX,88547.72117690672
2028,1,p64,SolarCycle,402653,Lampwick,TX,18686.340031654036
2028,1,p64,OkonRecycling,405613,Niagara Bottling - Seguin,TX,36309.561688309215
2028,1,p64,OkonRecycling,400249,Webberville Solar Project,TX,7265.925501486074
2028,1,p65,OkonRecycling,405700,Aktina Solar,TX,12835.903085588809
2028,1,p65,OkonRecycling,405727,Bernard Creek Solar,TX,16990.46265475674
2028,1,p65,OkonRecycling,405477,Brightside,TX,148316.0849104067
2028,1,p65,OkonRecycling,401728,CPS 1 Community Solar,TX,2041810.2839464364
2028,1,p65,OkonRecycling,402656,Cascade Solar (TX),TX,614073.1463719839
2028,1,p65,OkonRecycling,404361,FELPS 2-Calaveras,TX,6359077.74939063
2028,1,p65,OkonRecycling,404739,FELPS 6- Floresville West,TX,6472817.230827309
2028,1,p65,OkonRecycling,404740,FELPS 7- Floresville West,TX,6470726.903050571
2028,1,p65,SolarCycle,405801,Horizon Solar,TX,23142.81956792614
2028,1,p65,OkonRecycling,405380,IKEA Live Oak Rooftop PV System,TX,3444745.2291863346
2028,1,p65,SolarCycle,403343,Mars Solar,TX,909417.301774668
2028,1,p65,OkonRecycling,404877,Nebula Solar,TX,168926.49071265032
2028,1,p65,OkonRecycling,400694,"OCI Alamo 2, LLC",TX,682814.9122018827
2028,1,p65,OkonRecycling,400965,"OCI Alamo 3, LLC",TX,2171774.5693145553
2028,1,p65,SolarCycle,400966,"OCI Alamo 5, LLC",TX,124305.85860939385
2028,1,p65,SolarCycle,405809,Shakes Solar,TX,33951.33220858295
2028,1,p65,OkonRecycling,405545,Sparta Solar,TX,19893.228641392587
2028,1,p65,OkonRecycling,400364,"SunE CPS2, LLC",TX,649550.9229763054
2028,1,p65,OkonRecycling,400353,"SunE CPS3, LLC",TX,1241142.3832480472
2028,1,p65,OkonRecycling,406032,Tres Bahias,TX,18005.381715739077
2028,1,p67,OkonRecycling,404939,Brazoria County Solar Project (Danciger),TX,4239.105648904775
2028,1,p67,OkonRecycling,404681,Brazoria West,TX,2349.4183165093095
2028,1,p67,OkonRecycling,404587,Fighting Jays Solar Project,TX,3687.170326545238
2028,1,p67,OkonRecycling,405564,"Fort Bend Solar, LLC",TX,2337.710370444299
2028,1,p67,OkonRecycling,403514,Wagyu,TX,13292.539201967926
2028,2,p12,ComstockMetals,402144,Battle Mountain Solar Project,NV,2547.92712414243
2028,2,p12,ComstockMetals,405025,Brady,NV,919.1317443246702
2028,2,p12,ComstockMetals,405553,Dodge Flat,NV,434.00800327095396
2028,2,p12,ComstockMetals,404659,Fish Springs,NV,625.6008251621258
2028,2,p12,ComstockMetals,401086,Ft. Churchill PV,NV,733.2531683145345
2028,2,p12,ComstockMetals,405028,Galena 2 Geothermal Power Plant,NV,1812.8744892673933
2028,2,p12,ComstockMetals,400468,"Patua Acquisition Project, LLC",NV,2491.8159870709496
2028,2,p12,ComstockMetals,405021,Steamboat Hills LP,NV,2531.2442564446083
2028,2,p12,ComstockMetals,405023,Steamboat II,NV,1224.7280952952835
2028,2,p12,ComstockMetals,405024,Steamboat III,NV,1147.748608732725
2028,2,p12,ComstockMetals,400029,Stillwater Facility,NV,2918.163550089073
2028,2,p12,ComstockMetals,401318,Sunshine Valley Solar,NV,4085.845369015234
2028,2,p12,ComstockMetals,405026,TS Power Plant,NV,2947.5411490900465
2028,2,p12,ComstockMetals,405576,Tesla Reno GigaFactory,NV,1037.546804743071
2028,2,p12,ComstockMetals,401943,Tungsten Mountain,NV,17566.159003258723
2028,2,p12,ComstockMetals,403308,Turquoise Liberty Solar,NV,976.8895815282955
2028,2,p12,ComstockMetals,403884,"Turquoise Nevada, LLC",NV,508.2057858814756
2028,2,p12,ComstockMetals,400035,Western 102 Power Plant,NV,3101.119004321848
2028,2,p13,WeRecycleSolar,400555,Apex Solar PV Power Project,NV,41297.8550724183
2028,2,p13,WeRecycleSolar,405385,Arrow Canyon Solar Hybrid,NV,991.4466314922782
2028,2,p13,WeRecycleSolar,400059,CM10,NV,36695.03608995012
2028,2,p13,WeRecycleSolar,400363,Copper Mountain Solar 2,NV,5096.068845378771
2028,2,p13,WeRecycleSolar,403688,"Copper Mountain Solar 5, LLC",NV,3287.9871755174804
2028,2,p13,WeRecycleSolar,405358,Dignity - San Martin,NV,236100.28034359438
2028,2,p13,WeRecycleSolar,405355,Dignity - Siena Campus,NV,276710.87075331446
2028,2,p13,WeRecycleSolar,405556,Dry Lake Solar Energy Center,NV,1759.308017238607
2028,2,p13,WeRecycleSolar,405495,Gemini Solar,NV,691.8936713129096
2028,2,p13,WeRecycleSolar,403386,"Harry Allen Solar Energy, LLC",NV,2037.906838806852
2028,2,p13,WeRecycleSolar,406090,IGS LAS1,NV,772812.3272473994
2028,2,p13,WeRecycleSolar,406089,IGS VGT,NV,161849.95392499646
2028,2,p13,WeRecycleSolar,405309,IKEA Las Vegas 462,NV,201471.6431211909
2028,2,p13,WeRecycleSolar,400545,Las Vegas WPCF Solar Plant,NV,47929.12690063252
2028,2,p13,WeRecycleSolar,400600,Mountain View Solar,NV,41180.49985006261
2028,2,p13,WeRecycleSolar,400036,Nellis Air Force Base Solar Array,NV,22792.839960182875
2028,2,p13,WeRecycleSolar,401274,River Mountains Solar,NV,17879.763330538786
2028,2,p13,WeRecycleSolar,400166,Silver State Solar Power North,NV,5211.41734492333
2028,2,p13,WeRecycleSolar,400658,Silver State Solar Power South,NV,1895.1310853333282
2028,2,p13,WeRecycleSolar,405246,"Solar Las Vegas MB 2, LLC",NV,265000.1040083735
2028,2,p13,WeRecycleSolar,405188,Solar Las Vegas MB-1,NV,162502.96873829828
2028,2,p13,WeRecycleSolar,402691,"Techren Solar III, LLC",NV,29659.817475029206
2028,2,p13,WeRecycleSolar,402692,"Techren Solar IV, LLC",NV,29774.711657070904
2028,2,p13,WeRecycleSolar,404971,Yellow Pine Solar,NV,2716.8563833658077
2028,2,p27,WeRecycleSolar,400374,"Black Mountain Solar, LLC",AZ,7450.182918149155
2028,2,p27,WeRecycleSolar,402236,Gray Hawk Solar,AZ,1357.442009451687
2028,2,p27,WeRecycleSolar,401819,Jacobson 5 MW Solar,AZ,15529.504527539633
2028,2,p27,WeRecycleSolar,403718,Mohave Electric Cooperative at Joy Lane,AZ,2725.3722207284163
2028,2,p27,WeRecycleSolar,406478,Mohave Energy - Hybrid,AZ,8311.409180866824
2028,2,p28,WeRecycleSolar,405418,AZ State University - Tempe Campus Solar,AZ,3990.0794335865407
2028,2,p28,WeRecycleSolar,400148,Agua Caliente Solar Project,AZ,554.4364351240397
2028,2,p28,FabTechSolar,402067,Apache Solar 1,AZ,21403.87863676286
2028,2,p28,WeRecycleSolar,400240,Arlington Valley Solar Energy II,AZ,929.3245214748259
2028,2,p28,WeRecycleSolar,400437,Badger 1,AZ,9179.86182948826
2028,2,p28,FabTechSolar,401688,Bonnybrooke PV,AZ,2207.6694947633323
2028,2,p28,WeRecycleSolar,400371,Buckeye Union HS District 201,AZ,13767.679480932618
2028,2,p28,FabTechSolar,405635,"Central Line Solar, LLC",AZ,598.6124446371283
2028,2,p28,WeRecycleSolar,400201,Chino Solar Valley,AZ,4020.2270270895488
2028,2,p28,WeRecycleSolar,400202,Cotton Center Solar Hybrid,AZ,8324.410464100361
2028,2,p28,WeRecycleSolar,401069,Desert Star Hybrid,AZ,11251.520915047888
2028,2,p28,FabTechSolar,403257,East Line Solar,AZ,731.8834382865581
2028,2,p28,FabTechSolar,406171,Eleven Mile Solar Center,AZ,555.8484676012253
2028,2,p28,WeRecycleSolar,400349,Foothills Solar Plant Hybrid,AZ,12392.534589046505
2028,2,p28,FabTechSolar,400825,Fort Huachuca Solar PV Project,AZ,12972.908551961933
2028,2,p28,WeRecycleSolar,400845,Gila Bend Hybrid,AZ,2572.2484655847206
2028,2,p28,FabTechSolar,400599,"Gilbert Solar Facility I, LLC",AZ,6943.851192726375
2028,2,p28,WeRecycleSolar,400204,Hyder Solar Hybrid,AZ,5416.635691873916
2028,2,p28,FabTechSolar,405282,Intel - Ocotillo Campus Solar,AZ,2782.34176947897
2028,2,p28,WeRecycleSolar,405125,Jewish Community Center PV,AZ,19353.89347074523
2028,2,p28,WeRecycleSolar,402234,Kayenta Solar Project,AZ,14310.971514400599
2028,2,p28,WeRecycleSolar,400128,Luke Solar,AZ,5432.761952048737
2028,2,p28,WeRecycleSolar,405068,Macys Goodyear,AZ,10121.130215680565
2028,2,p28,WeRecycleSolar,406279,McFarland A Solar and Storage,AZ,1739.0677329088558
2028,2,p28,FabTechSolar,405617,Mesa Carport PV,AZ,4066.909153490812
2028,2,p28,FabTechSolar,404512,Mesa Solar Array,AZ,8782.5161682232
2028,2,p28,WeRecycleSolar,400250,Mesquite Solar 1,AZ,547.0654478158285
2028,2,p28,WeRecycleSolar,401622,"Mesquite Solar 3, LLC",AZ,652.2727823437848
2028,2,p28,WeRecycleSolar,406038,"Mesquite Solar 4, LLC",AZ,1831.706989018423
2028,2,p28,WeRecycleSolar,404922,"Mesquite Solar 5, LLC",AZ,1638.0186984882507
2028,2,p28,WeRecycleSolar,403572,OE_AZ1,AZ,4779.729839718335
2028,2,p28,WeRecycleSolar,400203,Paloma Solar Hybrid,AZ,4287.520825381649
2028,2,p28,WeRecycleSolar,405126,Paradise Valley H.S. PV,AZ,8594.545057164161
2028,2,p28,WeRecycleSolar,405150,Phoenix Airport East Economy Lot,AZ,7781.966724806984
2028,2,p28,WeRecycleSolar,405151,Phoenix Airport Rental Car Center,AZ,1077.7595077329077
2028,2,p28,FabTechSolar,400125,"Poseidon Solar, LLC",AZ,3298.0370302016
2028,2,p28,WeRecycleSolar,400031,Prescott Airport,AZ,22452.821901975436
2028,2,p28,WeRecycleSolar,400401,Prescott Solar Plant,AZ,8962.415450778624
2028,2,p28,WeRecycleSolar,400289,"RE Bagdad Solar I, LLC",AZ,20844.090738143575
2028,2,p28,WeRecycleSolar,400416,Saddle Mountain Solar I,AZ,13414.414596566785
2028,2,p28,FabTechSolar,403674,Saint Solar,AZ,739.882869351207
2028,2,p28,FabTechSolar,401214,Sandstone Solar,AZ,964.5220172872088
2028,2,p28,WeRecycleSolar,405029,Solana Generating Station,AZ,1087.4056845290813
2028,2,p28,WeRecycleSolar,406275,Sonoran Solar Energy,AZ,462.8402751312856
2028,2,p28,FabTechSolar,406034,Storey Solar and Storage,AZ,1182.369731618814
2028,2,p28,WeRecycleSolar,403643,Sun Streams 2,AZ,695.7747694487596
2028,2,p28,WeRecycleSolar,406517,Sun Streams 3,AZ,1008.2803297662608
2028,2,p28,WeRecycleSolar,401975,"Sun Streams, LLC",AZ,613.7817575738329
2028,2,p28,WeRecycleSolar,405311,T0588 Phoenix - AZ,AZ,7280.905512352728
2028,2,p28,FabTechSolar,405134,Union HS at Casa Grande,AZ,45859.229129245454
2028,2,p28,FabTechSolar,400334,Walmart Casa Grande,AZ,22084.454880720048
2028,2,p28,FabTechSolar,406098,"West Line Solar, LLC",AZ,598.7031763689508
2028,2,p29,FabTechSolar,400014,Springerville,AZ,29972.072032808897
2028,2,p30,FabTechSolar,405143,Actus Lend Lease DMAFB,AZ,18269.025387314832
2028,2,p30,FabTechSolar,400939,Avalon Solar,AZ,3393.385367825478
2028,2,p30,FabTechSolar,401479,Avalon Solar II,AZ,5785.474642663448
2028,2,p30,FabTechSolar,400226,Avra Valley Solar,AZ,1546.953368154452
2028,2,p30,FabTechSolar,404704,Broadway 2 - Tucson Phase II,AZ,15618.038162584631
2028,2,p30,FabTechSolar,405269,Canyon Del Oro High School Solar,AZ,8200.043730633453
2028,2,p30,FabTechSolar,401295,Davis Monthan AFB (AZ) West Airfield,AZ,6841.574656347679
2028,2,p30,FabTechSolar,400330,FRB Solar Farm,AZ,91402.95020598361
2028,2,p30,FabTechSolar,404536,Iron Horse Battery Storage Hybrid,AZ,87269.42135407399
2028,2,p30,FabTechSolar,400552,"Picture Rocks Solar, LLC",AZ,1172.905411307083
2028,2,p30,FabTechSolar,405374,Pima Community College,AZ,51191.15115428377
2028,2,p30,FabTechSolar,405303,Pima Community College - East Campus,AZ,123250.66520989646
2028,2,p30,FabTechSolar,405516,Pima Community College NW,AZ,26823.916359606435
2028,2,p30,FabTechSolar,404926,Raptor Ridge,AZ,13679.974744842995
2028,2,p30,FabTechSolar,400156,UASTP I,AZ,73071.90026788643
2028,2,p30,FabTechSolar,401075,Valencia Solar,AZ,6541.599976284467
2028,2,p30,FabTechSolar,404187,"Wilmot Energy Center, LLC",AZ,1079.3068932872063
2028,2,p31,SolarCycle,400211,Alamogordo Solar Energy Center,NM,119140.13491896391
2028,2,p31,FabTechSolar,400206,Albuquerque Solar Energy Center,NM,421194.7538555215
2028,2,p31,SolarCycle,403675,Alcalde Solar Array,NM,783836.1464194283
2028,2,p31,FabTechSolar,405469,Arroyo Solar Energy Storage Hybrid,NM,3019.035134622886
2028,2,p31,FabTechSolar,403321,Bluewater CDEC 1,NM,558089.9817363516
2028,2,p31,SolarCycle,402876,CNMEC Solar Energy Center,NM,191829.96131172188
2028,2,p31,SolarCycle,402519,Carrizozo Solar,NM,201185.9780303989
2028,2,p31,FabTechSolar,401202,Cibola,NM,200719.55396406012
2028,2,p31,FabTechSolar,402988,City of Gallup Solar,NM,75566.88022084635
2028,2,p31,FabTechSolar,403868,Encino Solar Energy Center,NM,30245.04641275477
2028,2,p31,FabTechSolar,401038,Eubank Landfill Solar Array,NM,211234.90930079098
2028,2,p31,FabTechSolar,402443,Facebook 3 Solar Energy Center,NM,32366.8080040554
2028,2,p31,FabTechSolar,403322,Grants CDEC 2,NM,301358.0952541421
2028,2,p31,FabTechSolar,400216,"Hatch Solar Energy Center I, LLC",NM,138818.7879913963
2028,2,p31,SolarCycle,401617,Holloman Solar Facility,NM,238563.06961635657
2028,2,p31,FabTechSolar,406109,"Jicarilla Solar 1, LLC",NM,11752.49396226155
2028,2,p31,SolarCycle,400427,Kit Carson,NM,790996.5407134694
2028,2,p31,SolarCycle,400210,Las Vegas Solar Energy Center,NM,107700.40441355042
2028,2,p31,SolarCycle,400434,Los Alamos PV Site,NM,1868776.7576575892
2028,2,p31,FabTechSolar,400207,Los Lunas Solar Energy Center,NM,114178.7090784985
2028,2,p31,FabTechSolar,400582,Manzano Solar,NM,202427.67908756854
2028,2,p31,SolarCycle,401201,Meadow Lake Solar Energy Center,NM,180750.86151361436
2028,2,p31,SolarCycle,405693,NMSU Solar and Storage,NM,149339.38803343882
2028,2,p31,FabTechSolar,406375,OE_ESCL,NM,7083.847896454758
2028,2,p31,SolarCycle,400146,Questa Solar Facility,NM,400358.11766027764
2028,2,p31,FabTechSolar,403178,"RC Energy AA, LLC Solar Facility",NM,848100.8307778722
2028,2,p31,FabTechSolar,401566,Rio Communities Solar Energy Center,NM,53453.21547976177
2028,2,p31,FabTechSolar,403084,Rio De Oro Solar Energy Center,NM,53770.71785674718
2028,2,p31,FabTechSolar,400624,Rio Rancho High School,NM,1679322.5696670467
2028,2,p31,SolarCycle,400135,Roadrunner Solar,NM,65531.41605596318
2028,2,p31,FabTechSolar,404648,"Route 66 Energy Center, LLC",NM,7473.997142203739
2028,2,p31,SolarCycle,403387,San Miguel I Solar Energy Center,NM,53769.98597582417
2028,2,p31,SolarCycle,405458,San Miguel II Solar Energy Center,NM,80487.85076874796
2028,2,p31,FabTechSolar,401161,Sandoval Solar Energy Center,NM,67711.19298365005
2028,2,p31,SolarCycle,401564,Santa Fe Solar Energy Center,NM,37019.76152113115
2028,2,p31,FabTechSolar,401565,Santolina Solar Energy Center,NM,30701.12689541488
2028,2,p31,FabTechSolar,400596,Silver City WWTP PV Project,NM,542672.9497239448
2028,2,p31,FabTechSolar,401563,South Valley Solar Energy Center,NM,32865.667734895374
2028,2,p31,SolarCycle,401162,Springer Solar 1,NM,982331.2205411886
2028,2,p31,SolarCycle,400735,Storrie Lake Solar Project,NM,1073710.0964982912
2028,2,p31,FabTechSolar,400623,Sue Cleveland High School,NM,846916.3154339759
2028,2,p31,SolarCycle,400343,"SunE EPE1, LLC",NM,121834.18208663007
2028,2,p31,SolarCycle,402854,Syncarpha Eagle Nest,NM,633576.2096011543
2028,2,p31,SolarCycle,403412,Syncarpha El Rito,NM,1234946.2934370597
2028,2,p31,SolarCycle,403413,Syncarpha Questa,NM,1267096.2410138668
2028,2,p31,SolarCycle,403411,Syncarpha Taos,NM,306982.6430879705
2028,2,p31,SolarCycle,404618,Taos Mesa Energy Facility Hybrid,NM,43068.88274082803
2028,2,p31,FabTechSolar,403011,Vista Solar Energy Center,NM,161873.49087687794
2028,2,p31,SolarCycle,400354,WSMR I,NM,275976.5779013718
2028,2,p31,FabTechSolar,405245,Wal-Mart Truth or Consequences PV,NM,682267.722094281
2028,2,p47,SolarCycle,400979,"Caprock Solar 1, LLC",NM,42747.516287491024
2028,2,p47,SolarCycle,400614,GSE NM1,NM,405101.4350778112
2028,2,p47,SolarCycle,404982,Hayhurst New Mexico Solar,NM,12708.331171385109
2028,2,p47,SolarCycle,402530,Middle Daisy,NM,90873.67581508424
2028,2,p47,SolarCycle,401682,"Roswell Solar, LLC",NM,11298.854754890008
2028,2,p47,SolarCycle,400546,SEV NM Phase 2,NM,180644.17098920007
2028,2,p47,SolarCycle,400260,SPS1 Dollarhide,NM,11910.778171840133
2028,2,p47,SolarCycle,400261,SPS2 Jal,NM,6619.534692453754
2028,2,p47,SolarCycle,400262,SPS3 Lea,NM,18618.079939757634
2028,2,p47,SolarCycle,400264,SPS5 Hopi,NM,53982.49798824139
2028,2,p47,SolarCycle,404698,SoCore Clovis 1,NM,213821.68987308146
2028,2,p48,SolarCycle,406439,"BESSP1, LLC",TX,5416.894092324286
2028,2,p48,SolarCycle,405590,"Hecate Energy Frye Solar, LLC",TX,894.0726423074839
2028,2,p57,OkonRecycling,404918,"Hecate Energy Upshur Rural, LLC",TX,16218.310246873134
2028,2,p59,SolarCycle,402666,Fort Bliss (DEA EPIC),TX,75353.14925684808
2028,2,p59,SolarCycle,401616,Montana Solar Facility,TX,32403.09585554786
2028,2,p60,SolarCycle,403962,"ANSON Solar Center, LLC",TX,1655.5443057276539
2028,2,p60,OkonRecycling,403883,Azure Sky Solar,TX,981.8313515321582
2028,2,p60,SolarCycle,403232,"ENGIE Long Draw Solar, LLC",TX,942.8869592344066
2028,2,p60,SolarCycle,406252,Highpeak Solar 1,TX,12897.884476473148
2028,2,p60,SolarCycle,402721,Holstein 1 Solar Farm,TX,908.0932576453025
2028,2,p60,SolarCycle,405492,Juno Solar Project,TX,673.223672823214
2028,2,p60,SolarCycle,402541,Lamesa II,TX,1452.0345536123648
2028,2,p60,SolarCycle,401660,Lamesa Solar,TX,1088.627684523277
2028,2,p60,SolarCycle,405932,Lumina II Solar Project,TX,979.1985877087956
2028,2,p60,SolarCycle,405933,Lumina Solar Project,TX,759.4101884773121
2028,2,p60,SolarCycle,402909,Misae Solar,TX,1849.2029166390482
2028,2,p60,OkonRecycling,400968,"OCI Alamo 7, LLC",TX,2039.1305603225144
2028,2,p60,SolarCycle,405939,Texas Solar Nova 1,TX,951.7750151720574
2028,2,p61,SolarCycle,400967,Alamo 6,TX,666.8315218372118
2028,2,p61,SolarCycle,403557,Aragorn Solar Project,TX,906.8778558240494
2028,2,p61,SolarCycle,400691,Barilla Solar,TX,2508.6734879097958
2028,2,p61,SolarCycle,401946,Bluebell Solar,TX,1296.0062012315218
2028,2,p61,SolarCycle,403574,Bluebell Solar II,TX,690.4530022372805
2028,2,p61,SolarCycle,400554,"Bryan Solar, LLC",TX,29360.59980097641
2028,2,p61,SolarCycle,401463,Buckthorn Westex,TX,515.4412904572997
2028,2,p61,SolarCycle,401703,East Pecos Solar,TX,641.4378855805037
2028,2,p61,SolarCycle,405363,Galloway 1 Solar Farm,TX,624.6305795963432
2028,2,p61,SolarCycle,405494,Galloway 2 Solar Farm,TX,2409.2343296121844
2028,2,p61,SolarCycle,403210,Greasewood,TX,509.4503686452261
2028,2,p61,SolarCycle,406370,Hayhurst Texas Solar,TX,6459.7233498410515
2028,2,p61,SolarCycle,402304,Midway Solar-TX,TX,643.0247113785897
2028,2,p61,SolarCycle,400695,"OCI Alamo 4, LLC",TX,2379.071050920321
2028,2,p61,SolarCycle,401868,Pearl Solar,TX,972.8949543304986
2028,2,p61,SolarCycle,402290,RE Maplewood,TX,489.3847386579127
2028,2,p61,SolarCycle,401430,RE Roserock,TX,658.3304687351604
2028,2,p61,SolarCycle,402848,Rambler,TX,659.6964293567956
2028,2,p61,SolarCycle,402083,Solaire Holman Solar Project,TX,3864.782132079387
2028,2,p61,SolarCycle,403023,"Taygete Energy Project, LLC",TX,495.5029746600201
2028,2,p61,SolarCycle,404647,Taygete II Energy Project,TX,518.0199741666942
2028,2,p61,SolarCycle,403551,Titan Solar Project,TX,753.2056874824949
2028,2,p61,SolarCycle,406103,Zier Solar,TX,1364.7532933311745
2028,2,p62,SolarCycle,403502,2W Permian Solar Project Hybrid,TX,438.1113843318755
2028,2,p62,SolarCycle,403697,CED Crane Solar,TX,655.9920633762164
2028,2,p62,SolarCycle,401525,Castle Gap Solar Hybrid,TX,508.5530591603072
2028,2,p62,SolarCycle,404599,Emerald Grove,TX,857.8898663271169
2028,2,p62,SolarCycle,403004,Lapetus,TX,694.0781815767506
2028,2,p62,SolarCycle,403280,Oberon IA,TX,468.2878226045532
2028,2,p62,SolarCycle,403279,Oberon IB,TX,860.3693039894827
2028,2,p62,SolarCycle,403602,Oxy Renewable Energy-Goldsmith,TX,1470.0255852112753
2028,2,p62,SolarCycle,402679,Phoebe Solar,TX,474.41058650003833
2028,2,p62,SolarCycle,403177,Prospero Solar,TX,454.3213917156351
2028,2,p62,SolarCycle,404128,Prospero Solar II,TX,723.6087259407801
2028,2,p62,SolarCycle,403070,"Roadrunner, LLC",TX,469.78954163660734
2028,2,p62,SolarCycle,401805,Upton County Solar,TX,484.2790354253568
2028,2,p62,SolarCycle,402995,West of the Pecos Solar,TX,588.3990592145323
2028,2,p63,OkonRecycling,405599,"BPL Crown Solar, LLC",TX,1517.8461642053671
2028,2,p63,OkonRecycling,404966,BPL Files Solar,TX,700.1214098098473
2028,2,p63,OkonRecycling,403825,Briar Creek Solar 1,TX,840.4772445089949
2028,2,p63,OkonRecycling,401697,CoServ Community Solar Station,TX,7677.486829935639
2028,2,p63,OkonRecycling,403188,Coniglio Solar,TX,806.5149983657332
2028,2,p63,OkonRecycling,406415,Dileo Solar,TX,2248.4652796899213
2028,2,p63,OkonRecycling,402655,Eddy II,TX,35337.50294567345
2028,2,p63,OkonRecycling,406221,Eiffel Solar Project,TX,1047.8113709839988
2028,2,p63,OkonRecycling,405540,"Ellis Solar, LLC",TX,752.1876780950746
2028,2,p63,OkonRecycling,403823,Elm Branch Solar 1,TX,865.6026638164229
2028,2,p63,OkonRecycling,406206,Five Wells Solar Center - Hybrid,TX,688.3686255423839
2028,2,p63,OkonRecycling,404567,G.S.E. One LLC,TX,1633.7884548705324
2028,2,p63,OkonRecycling,403288,Griffin Solar,TX,20677.965160411797
2028,2,p63,OkonRecycling,406202,Grizzly Ridge Solar,TX,2198.217717443402
2028,2,p63,OkonRecycling,405319,IKEA Grand Prairie Rooftop PV System,TX,4612.839472343603
2028,2,p63,OkonRecycling,405689,"IP Radian, LLC",TX,2071.3917232435724
2028,2,p63,OkonRecycling,403481,Impact Solar 1,TX,932.4634862380132
2028,2,p63,OkonRecycling,403190,Kellam Solar,TX,4094.321758893582
2028,2,p63,OkonRecycling,402421,Leon Solar,TX,3184.72314954051
2028,2,p63,OkonRecycling,403874,Lily Solar Hybrid,TX,717.4571809388345
2028,2,p63,OkonRecycling,402404,Marlin Solar,TX,32481.701504096392
2028,2,p63,OkonRecycling,405794,Noble Solar,TX,592.6991226879247
2028,2,p63,OkonRecycling,402405,North Gainesville Solar,TX,6165.8668945235295
2028,2,p63,OkonRecycling,401933,Phantom Solar,TX,14309.595095154165
2028,2,p63,OkonRecycling,404872,"Pisgah Ridge Solar, LLC",TX,614.1427255962055
2028,2,p63,OkonRecycling,406416,Pitts Dudik Solar,TX,4481.3421872311355
2028,2,p63,OkonRecycling,403189,Rippey Solar,TX,3570.560762677464
2028,2,p63,OkonRecycling,404630,"Samson Solar Energy III, LLC",TX,832.5143369443124
2028,2,p63,OkonRecycling,402652,Sterling Solar (TX),TX,2063.8659090674596
2028,2,p63,OkonRecycling,404812,Sun Valley Solar Project,TX,828.9819644528676
2028,2,p63,OkonRecycling,404388,"TPE Erath Solar, LLC",TX,29974.478975548667
2028,2,p63,OkonRecycling,403457,"TPE Whitney Solar, LLC",TX,11181.924324274985
2028,2,p63,OkonRecycling,405361,Toyota HQ Plan,TX,1303.9944249916464
2028,2,p63,OkonRecycling,405907,Verizon Hidden Ridge Solar Project,TX,1618.072607680322
2028,2,p63,OkonRecycling,405984,Waco Solar,TX,603.2821828369808
2028,2,p63,OkonRecycling,402306,Walnut Springs Solar,TX,10121.099063671747
2028,2,p63,OkonRecycling,402497,West Moore Solar II,TX,4284.223095817805
2028,2,p63,OkonRecycling,402330,Whitesboro Solar,TX,4647.39724303403
2028,2,p63,OkonRecycling,402331,Whitesboro Solar II,TX,4256.084856219564
2028,2,p63,OkonRecycling,402414,Whitewright Solar,TX,18773.114762786092
2028,2,p63,OkonRecycling,402654,Yellow Jacket,TX,25534.584516549454
2028,2,p64,OkonRecycling,405731,Austin TX GigaFactory,TX,52907.85159777829
2028,2,p64,OkonRecycling,404721,"Blue Jay Solar I, LLC",TX,1948.958545156198
2028,2,p64,OkonRecycling,402389,"E-Volve Energy Holdings, LLC",TX,290604.3769145668
2028,2,p64,OkonRecycling,400227,East Blackland Solar Project 1,TX,1031.1452308622945
2028,2,p64,OkonRecycling,405101,IKEA Round Rock 027,TX,252251.57903109505
2028,2,p64,SolarCycle,402653,Lampwick,TX,26523.441140518924
2028,2,p64,OkonRecycling,405613,Niagara Bottling - Seguin,TX,51699.56675433909
2028,2,p64,OkonRecycling,400249,Webberville Solar Project,TX,6939.001258235407
2028,2,p65,OkonRecycling,405700,Aktina Solar,TX,9466.602336513542
2028,2,p65,OkonRecycling,405727,Bernard Creek Solar,TX,12495.553208658364
2028,2,p65,OkonRecycling,405477,Brightside,TX,108240.6861027039
2028,2,p65,OkonRecycling,401728,CPS 1 Community Solar,TX,2977048.3580368296
2028,2,p65,OkonRecycling,402656,Cascade Solar (TX),TX,298672.421094454
2028,2,p65,OkonRecycling,404359,FELPS 1-Calaveras,TX,9272413.055801291
2028,2,p65,OkonRecycling,404361,FELPS 2-Calaveras,TX,4636299.953785473
2028,2,p65,OkonRecycling,404739,FELPS 6- Floresville West,TX,4719223.617716454
2028,2,p65,OkonRecycling,404740,FELPS 7- Floresville West,TX,3145266.4196162075
2028,2,p65,SolarCycle,405801,Horizon Solar,TX,50143.09455798611
2028,2,p65,OkonRecycling,405380,IKEA Live Oak Rooftop PV System,TX,5022714.549699067
2028,2,p65,SolarCycle,403343,Mars Solar,TX,663134.208804846
2028,2,p65,OkonRecycling,404877,Nebula Solar,TX,61833.522919232324
2028,2,p65,OkonRecycling,400694,"OCI Alamo 2, LLC",TX,497925.9613120671
2028,2,p65,OkonRecycling,400965,"OCI Alamo 3, LLC",TX,1583476.8065736587
2028,2,p65,SolarCycle,400966,"OCI Alamo 5, LLC",TX,18467.12611772427
2028,2,p65,OkonRecycling,400593,OCI Alamo Solar I Hybrid,TX,114619.85078435544
2028,2,p65,SolarCycle,405809,Shakes Solar,TX,49322.3154767095
2028,2,p65,OkonRecycling,405545,Sparta Solar,TX,14611.863113588646
2028,2,p65,OkonRecycling,400379,"SunE CPS1, LLC",TX,472385.48927312717
2028,2,p65,OkonRecycling,400364,"SunE CPS2, LLC",TX,946948.5915256671
2028,2,p65,OkonRecycling,400353,"SunE CPS3, LLC",TX,452691.95312740345
2028,2,p65,OkonRecycling,406032,Tres Bahias,TX,26070.993718840982
2028,2,p67,OkonRecycling,404939,Brazoria County Solar Project (Danciger),TX,5676.925785692131
2028,2,p67,OkonRecycling,404681,Brazoria West,TX,2186.342397119355
2028,2,p67,OkonRecycling,404587,Fighting Jays Solar Project,TX,2659.139946182144
2028,2,p67,OkonRecycling,405564,"Fort Bend Solar, LLC",TX,2397.56559615342
2028,2,p67,OkonRecycling,403514,Wagyu,TX,9260.52361926009
2028,3,p12,ComstockMetals,405025,Brady,NV,919.1317443246702
2028,3,p12,ComstockMetals,405553,Dodge Flat,NV,434.00800327095396
2028,3,p12,ComstockMetals,404659,Fish Springs,NV,625.6008251621258
2028,3,p12,ComstockMetals,401086,Ft. Churchill PV,NV,677.7109735954455
2028,3,p12,ComstockMetals,405028,Galena 2 Geothermal Power Plant,NV,1812.8744892673933
2028,3,p12,ComstockMetals,400468,"Patua Acquisition Project, LLC",NV,1445.9079935354748
2028,3,p12,ComstockMetals,405021,Steamboat Hills LP,NV,2531.2442564446083
2028,3,p12,ComstockMetals,405023,Steamboat II,NV,1224.7280952952835
2028,3,p12,ComstockMetals,405024,Steamboat III,NV,1147.748608732725
2028,3,p12,ComstockMetals,400029,Stillwater Facility,NV,2918.163550089073
2028,3,p12,ComstockMetals,401318,Sunshine Valley Solar,NV,4085.845369015234
2028,3,p12,ComstockMetals,405576,Tesla Reno GigaFactory,NV,1196.933505928839
2028,3,p12,ComstockMetals,401943,Tungsten Mountain,NV,17566.159003258723
2028,3,p12,ComstockMetals,403308,Turquoise Liberty Solar,NV,1121.1119769103693
2028,3,p12,ComstockMetals,403884,"Turquoise Nevada, LLC",NV,508.2057858814756
2028,3,p12,ComstockMetals,400035,Western 102 Power Plant,NV,3776.3987554023106
2028,3,p13,WeRecycleSolar,400555,Apex Solar PV Power Project,NV,41297.8550724183
2028,3,p13,WeRecycleSolar,405385,Arrow Canyon Solar Hybrid,NV,917.5158025557436
2028,3,p13,WeRecycleSolar,400059,CM10,NV,72990.07217990023
2028,3,p13,WeRecycleSolar,400086,CM48,NV,5433.195726260928
2028,3,p13,WeRecycleSolar,400363,Copper Mountain Solar 2,NV,5096.068845378771
2028,3,p13,WeRecycleSolar,400802,Copper Mountain Solar 3,NV,3289.305547481453
2028,3,p13,WeRecycleSolar,403688,"Copper Mountain Solar 5, LLC",NV,3287.9871755174804
2028,3,p13,WeRecycleSolar,405358,Dignity - San Martin,NV,236100.28034359438
2028,3,p13,WeRecycleSolar,405556,Dry Lake Solar Energy Center,NV,2212.4106896514763
2028,3,p13,WeRecycleSolar,405495,Gemini Solar,NV,789.1915617505462
2028,3,p13,WeRecycleSolar,403386,"Harry Allen Solar Energy, LLC",NV,3129.8447313447537
2028,3,p13,WeRecycleSolar,406090,IGS LAS1,NV,257870.77574913314
2028,3,p13,WeRecycleSolar,405309,IKEA Las Vegas 462,NV,804686.5724847636
2028,3,p13,WeRecycleSolar,400545,Las Vegas WPCF Solar Plant,NV,59811.408625790646
2028,3,p13,WeRecycleSolar,400600,Mountain View Solar,NV,41180.49985006261
2028,3,p13,WeRecycleSolar,400036,Nellis Air Force Base Solar Array,NV,33989.25994027432
2028,3,p13,WeRecycleSolar,401319,"Playa Solar 1, LLC",NV,5541.376630593225
2028,3,p13,WeRecycleSolar,401274,River Mountains Solar,NV,26619.644995808172
2028,3,p13,WeRecycleSolar,401042,Searchlight Solar,NV,19675.407458612262
2028,3,p13,WeRecycleSolar,400658,Silver State Solar Power South,NV,1895.1310853333282
2028,3,p13,WeRecycleSolar,405246,"Solar Las Vegas MB 2, LLC",NV,265000.1040083735
2028,3,p13,WeRecycleSolar,405188,Solar Las Vegas MB-1,NV,54434.32291276608
2028,3,p13,WeRecycleSolar,402691,"Techren Solar III, LLC",NV,29659.817475029206
2028,3,p13,WeRecycleSolar,402692,"Techren Solar IV, LLC",NV,29774.711657070904
2028,3,p13,WeRecycleSolar,404971,Yellow Pine Solar,NV,2716.8563833658077
2028,3,p27,WeRecycleSolar,400374,"Black Mountain Solar, LLC",AZ,5100.121945432769
2028,3,p27,WeRecycleSolar,402236,Gray Hawk Solar,AZ,3272.3260283550608
2028,3,p27,WeRecycleSolar,401819,Jacobson 5 MW Solar,AZ,15529.504527539633
2028,3,p27,WeRecycleSolar,403718,Mohave Electric Cooperative at Joy Lane,AZ,5050.744441456832
2028,3,p27,WeRecycleSolar,406478,Mohave Energy - Hybrid,AZ,8311.409180866824
2028,3,p28,WeRecycleSolar,405418,AZ State University - Tempe Campus Solar,AZ,3990.0794335865407
2028,3,p28,WeRecycleSolar,400148,Agua Caliente Solar Project,AZ,863.3093053721191
2028,3,p28,FabTechSolar,402067,Apache Solar 1,AZ,10901.93931838143
2028,3,p28,WeRecycleSolar,400274,Arizona Western College PV,AZ,80301.56410278108
2028,3,p28,WeRecycleSolar,400240,Arlington Valley Solar Energy II,AZ,929.3245214748259
2028,3,p28,WeRecycleSolar,400437,Badger 1,AZ,9179.86182948826
2028,3,p28,WeRecycleSolar,400371,Buckeye Union HS District 201,AZ,27135.358961865233
2028,3,p28,FabTechSolar,405635,"Central Line Solar, LLC",AZ,648.2655557964105
2028,3,p28,WeRecycleSolar,400201,Chino Solar Valley,AZ,14880.908108358193
2028,3,p28,WeRecycleSolar,400202,Cotton Center Solar Hybrid,AZ,4362.205232050182
2028,3,p28,WeRecycleSolar,401069,Desert Star Hybrid,AZ,11251.520915047888
2028,3,p28,FabTechSolar,403257,East Line Solar,AZ,897.8251574298372
2028,3,p28,FabTechSolar,406171,Eleven Mile Solar Center,AZ,503.8989784008169
2028,3,p28,WeRecycleSolar,400349,Foothills Solar Plant Hybrid,AZ,12392.534589046505
2028,3,p28,FabTechSolar,400825,Fort Huachuca Solar PV Project,AZ,12972.908551961933
2028,3,p28,WeRecycleSolar,400845,Gila Bend Hybrid,AZ,1848.165643723147
2028,3,p28,FabTechSolar,400599,"Gilbert Solar Facility I, LLC",AZ,6943.851192726375
2028,3,p28,WeRecycleSolar,400204,Hyder Solar Hybrid,AZ,5416.635691873916
2028,3,p28,FabTechSolar,405282,Intel - Ocotillo Campus Solar,AZ,1591.1708847394848
2028,3,p28,WeRecycleSolar,405125,Jewish Community Center PV,AZ,38307.78694149046
2028,3,p28,WeRecycleSolar,402234,Kayenta Solar Project,AZ,14310.971514400599
2028,3,p28,WeRecycleSolar,400128,Luke Solar,AZ,5432.761952048737
2028,3,p28,WeRecycleSolar,405068,Macys Goodyear,AZ,10121.130215680565
2028,3,p28,WeRecycleSolar,406279,McFarland A Solar and Storage,AZ,1739.0677329088558
2028,3,p28,FabTechSolar,405617,Mesa Carport PV,AZ,2844.606102327208
2028,3,p28,FabTechSolar,404512,Mesa Solar Array,AZ,8782.5161682232
2028,3,p28,WeRecycleSolar,400250,Mesquite Solar 1,AZ,547.0654478158285
2028,3,p28,WeRecycleSolar,401622,"Mesquite Solar 3, LLC",AZ,1409.0911293751392
2028,3,p28,WeRecycleSolar,404922,"Mesquite Solar 5, LLC",AZ,2876.0373969765014
2028,3,p28,WeRecycleSolar,403572,OE_AZ1,AZ,4779.729839718335
2028,3,p28,WeRecycleSolar,400203,Paloma Solar Hybrid,AZ,8175.0416507633
2028,3,p28,WeRecycleSolar,405150,Phoenix Airport East Economy Lot,AZ,7781.966724806984
2028,3,p28,WeRecycleSolar,405151,Phoenix Airport Rental Car Center,AZ,2433.2785231987227
2028,3,p28,FabTechSolar,400125,"Poseidon Solar, LLC",AZ,3298.0370302016
2028,3,p28,WeRecycleSolar,400031,Prescott Airport,AZ,29803.762535967257
2028,3,p28,WeRecycleSolar,400401,Prescott Solar Plant,AZ,13243.623176167941
2028,3,p28,WeRecycleSolar,400289,"RE Bagdad Solar I, LLC",AZ,10622.045369071784
2028,3,p28,FabTechSolar,403674,Saint Solar,AZ,654.9121520134055
2028,3,p28,FabTechSolar,401214,Sandstone Solar,AZ,1246.783025930813
2028,3,p28,WeRecycleSolar,406275,Sonoran Solar Energy,AZ,494.2604126969284
2028,3,p28,FabTechSolar,406034,Storey Solar and Storage,AZ,791.184865809407
2028,3,p28,WeRecycleSolar,403643,Sun Streams 2,AZ,695.7747694487596
2028,3,p28,WeRecycleSolar,406517,Sun Streams 3,AZ,1008.2803297662608
2028,3,p28,WeRecycleSolar,401975,"Sun Streams, LLC",AZ,613.7817575738329
2028,3,p28,WeRecycleSolar,405311,T0588 Phoenix - AZ,AZ,4528.543307411636
2028,3,p28,FabTechSolar,405134,Union HS at Casa Grande,AZ,23129.61456462273
2028,3,p28,FabTechSolar,405135,Vista Grande HS at Casa Grande,AZ,29954.515110695284
2028,3,p28,FabTechSolar,400334,Walmart Casa Grande,AZ,43768.909761440096
2028,3,p28,FabTechSolar,406098,"West Line Solar, LLC",AZ,648.3789704611886
2028,3,p29,FabTechSolar,400014,Springerville,AZ,15186.036016404443
2028,3,p30,FabTechSolar,405611,Amazon TUS2,AZ,33068.07835055906
2028,3,p30,FabTechSolar,400939,Avalon Solar,AZ,6386.770735650955
2028,3,p30,FabTechSolar,401479,Avalon Solar II,AZ,5785.474642663448
2028,3,p30,FabTechSolar,400226,Avra Valley Solar,AZ,2693.906736308904
2028,3,p30,FabTechSolar,404704,Broadway 2 - Tucson Phase II,AZ,46054.11448775389
2028,3,p30,FabTechSolar,400761,"Gato Montes Solar, LLC",AZ,11961.905682706869
2028,3,p30,FabTechSolar,404536,Iron Horse Battery Storage Hybrid,AZ,22117.355338518497
2028,3,p30,FabTechSolar,400552,"Picture Rocks Solar, LLC",AZ,1430.5405484094438
2028,3,p30,FabTechSolar,405303,Pima Community College - East Campus,AZ,123250.66520989646
2028,3,p30,FabTechSolar,405516,Pima Community College NW,AZ,35631.88847947525
2028,3,p30,FabTechSolar,404926,Raptor Ridge,AZ,13679.974744842995
2028,3,p30,FabTechSolar,400857,Rio Rico Solar,AZ,19649.48797249422
2028,3,p30,FabTechSolar,401076,Tech Park Solar,AZ,11772.930357313697
2028,3,p30,FabTechSolar,400156,UASTP I,AZ,36735.95013394322
2028,3,p30,FabTechSolar,401075,Valencia Solar,AZ,9612.3999644267
2028,3,p30,FabTechSolar,404187,"Wilmot Energy Center, LLC",AZ,1079.3068932872063
2028,3,p31,SolarCycle,400211,Alamogordo Solar Energy Center,NM,47896.053967585576
2028,3,p31,FabTechSolar,400206,Albuquerque Solar Energy Center,NM,421194.7538555215
2028,3,p31,SolarCycle,403675,Alcalde Solar Array,NM,157087.22928388565
2028,3,p31,FabTechSolar,405469,Arroyo Solar Energy Storage Hybrid,NM,1709.517567311443
2028,3,p31,FabTechSolar,403321,Bluewater CDEC 1,NM,279244.99086817587
2028,3,p31,SolarCycle,402876,CNMEC Solar Energy Center,NM,255639.94841562916
2028,3,p31,SolarCycle,402519,Carrizozo Solar,NM,201185.9780303989
2028,3,p31,FabTechSolar,401202,Cibola,NM,67173.1846546867
2028,3,p31,FabTechSolar,402988,City of Gallup Solar,NM,150733.7604416927
2028,3,p31,FabTechSolar,403604,City of Rio Rancho WWTP,NM,1356946.131267827
2028,3,p31,FabTechSolar,401225,City of Truth or Consequences PV,NM,356241.6856681747
2028,3,p31,FabTechSolar,400209,Deming Solar Energy Center,NM,71597.87283130689
2028,3,p31,FabTechSolar,403868,Encino Solar Energy Center,NM,7861.261603188695
2028,3,p31,FabTechSolar,401038,Eubank Landfill Solar Array,NM,422069.818601582
2028,3,p31,FabTechSolar,402443,Facebook 3 Solar Energy Center,NM,160234.040020277
2028,3,p31,FabTechSolar,403322,Grants CDEC 2,NM,150879.04762707106
2028,3,p31,SolarCycle,401617,Holloman Solar Facility,NM,119481.5348081783
2028,3,p31,FabTechSolar,406109,"Jicarilla Solar 1, LLC",NM,11752.49396226155
2028,3,p31,SolarCycle,400427,Kit Carson,NM,1581593.0814269385
2028,3,p31,SolarCycle,400210,Las Vegas Solar Energy Center,NM,322301.21324065124
2028,3,p31,SolarCycle,400434,Los Alamos PV Site,NM,1868776.7576575892
2028,3,p31,FabTechSolar,400838,Macho Springs,NM,13051.04920061713
2028,3,p31,FabTechSolar,400582,Manzano Solar,NM,202427.67908756854
2028,3,p31,SolarCycle,401201,Meadow Lake Solar Energy Center,NM,60516.953837871464
2028,3,p31,SolarCycle,405693,NMSU Solar and Storage,NM,223809.08205015823
2028,3,p31,FabTechSolar,406375,OE_ESCL,NM,3741.9239482273792
2028,3,p31,SolarCycle,400581,Otero Solar,NM,39343.72731380064
2028,3,p31,SolarCycle,400146,Questa Solar Facility,NM,1000295.294150694
2028,3,p31,FabTechSolar,403178,"RC Energy AA, LLC Solar Facility",NM,565533.8871852482
2028,3,p31,FabTechSolar,403084,Rio De Oro Solar Energy Center,NM,80456.07678512078
2028,3,p31,FabTechSolar,400624,Rio Rancho High School,NM,420130.6424167618
2028,3,p31,SolarCycle,403387,San Miguel I Solar Energy Center,NM,80454.97896373627
2028,3,p31,SolarCycle,405458,San Miguel II Solar Energy Center,NM,40443.92538437398
2028,3,p31,SolarCycle,401564,Santa Fe Solar Energy Center,NM,183498.8076056558
2028,3,p31,FabTechSolar,401565,Santolina Solar Energy Center,NM,151905.63447707437
2028,3,p31,FabTechSolar,401563,South Valley Solar Energy Center,NM,81564.16933723843
2028,3,p31,SolarCycle,401162,Springer Solar 1,NM,491365.6102705943
2028,3,p31,SolarCycle,400735,Storrie Lake Solar Project,NM,358170.03216609714
2028,3,p31,FabTechSolar,400623,Sue Cleveland High School,NM,846916.3154339759
2028,3,p31,SolarCycle,400343,"SunE EPE1, LLC",NM,30758.54552165752
2028,3,p31,SolarCycle,400342,"SunE EPE2, LLC",NM,116516.95704647532
2028,3,p31,SolarCycle,402854,Syncarpha Eagle Nest,NM,1899928.628803463
2028,3,p31,SolarCycle,403412,Syncarpha El Rito,NM,617673.1467185299
2028,3,p31,SolarCycle,403411,Syncarpha Taos,NM,204788.42872531366
2028,3,p31,SolarCycle,404618,Taos Mesa Energy Facility Hybrid,NM,128406.64822248406
2028,3,p31,FabTechSolar,403011,Vista Solar Energy Center,NM,81136.74543843897
2028,3,p31,SolarCycle,400354,WSMR I,NM,138188.28895068588
2028,3,p31,FabTechSolar,405245,Wal-Mart Truth or Consequences PV,NM,454978.4813961874
2028,3,p47,SolarCycle,400979,"Caprock Solar 1, LLC",NM,21573.758143745512
2028,3,p47,SolarCycle,401681,"Chaves Solar, LLC",NM,11204.070442894033
2028,3,p47,SolarCycle,400614,GSE NM1,NM,135300.47835927038
2028,3,p47,SolarCycle,404982,Hayhurst New Mexico Solar,NM,25016.662342770218
2028,3,p47,SolarCycle,402530,Middle Daisy,NM,45636.837907542125
2028,3,p47,SolarCycle,400546,SEV NM Phase 2,NM,270766.2564838
2028,3,p47,SolarCycle,400260,SPS1 Dollarhide,NM,23421.55634368027
2028,3,p47,SolarCycle,400261,SPS2 Jal,NM,25278.138769815017
2028,3,p47,SolarCycle,400262,SPS3 Lea,NM,18618.079939757634
2028,3,p47,SolarCycle,400264,SPS5 Hopi,NM,18260.832662747132
2028,3,p47,SolarCycle,404698,SoCore Clovis 1,NM,213821.68987308146
2028,3,p48,SolarCycle,406439,"BESSP1, LLC",TX,40535.15273859428
2028,3,p48,SolarCycle,405590,"Hecate Energy Frye Solar, LLC",TX,729.3817615383226
2028,3,p57,OkonRecycling,404918,"Hecate Energy Upshur Rural, LLC",TX,16218.310246873134
2028,3,p59,SolarCycle,402666,Fort Bliss (DEA EPIC),TX,37876.57462842403
2028,3,p59,SolarCycle,401616,Montana Solar Facility,TX,96409.28756664359
2028,3,p60,SolarCycle,403962,"ANSON Solar Center, LLC",TX,1655.5443057276539
2028,3,p60,OkonRecycling,403883,Azure Sky Solar,TX,865.4650812257265
2028,3,p60,SolarCycle,403232,"ENGIE Long Draw Solar, LLC",TX,1485.773918468813
2028,3,p60,SolarCycle,406252,Highpeak Solar 1,TX,25395.7689529463
2028,3,p60,SolarCycle,402721,Holstein 1 Solar Farm,TX,908.0932576453025
2028,3,p60,SolarCycle,405492,Juno Solar Project,TX,604.9177546174105
2028,3,p60,SolarCycle,402541,Lamesa II,TX,1452.0345536123648
2028,3,p60,SolarCycle,401660,Lamesa Solar,TX,1088.627684523277
2028,3,p60,SolarCycle,405932,Lumina II Solar Project,TX,1558.397175417591
2028,3,p60,SolarCycle,405933,Lumina Solar Project,TX,759.4101884773121
2028,3,p60,SolarCycle,402909,Misae Solar,TX,1849.2029166390482
2028,3,p60,OkonRecycling,400968,"OCI Alamo 7, LLC",TX,2858.6958404837715
2028,3,p60,SolarCycle,405939,Texas Solar Nova 1,TX,951.7750151720574
2028,3,p61,SolarCycle,400967,Alamo 6,TX,666.8315218372118
2028,3,p61,SolarCycle,403557,Aragorn Solar Project,TX,906.8778558240494
2028,3,p61,SolarCycle,400691,Barilla Solar,TX,2508.6734879097958
2028,3,p61,SolarCycle,401946,Bluebell Solar,TX,1520.0077515394028
2028,3,p61,SolarCycle,403574,Bluebell Solar II,TX,690.4530022372805
2028,3,p61,SolarCycle,400554,"Bryan Solar, LLC",TX,14880.299900488206
2028,3,p61,SolarCycle,401463,Buckthorn Westex,TX,515.4412904572997
2028,3,p61,SolarCycle,401703,East Pecos Solar,TX,581.0784141853778
2028,3,p61,SolarCycle,405363,Galloway 1 Solar Farm,TX,624.6305795963432
2028,3,p61,SolarCycle,405494,Galloway 2 Solar Farm,TX,2409.2343296121844
2028,3,p61,SolarCycle,403210,Greasewood,TX,509.4503686452261
2028,3,p61,SolarCycle,406370,Hayhurst Texas Solar,TX,1611.9446699682103
2028,3,p61,SolarCycle,402304,Midway Solar-TX,TX,562.0164742523933
2028,3,p61,SolarCycle,400695,"OCI Alamo 4, LLC",TX,2379.071050920321
2028,3,p61,SolarCycle,401868,Pearl Solar,TX,972.8949543304986
2028,3,p61,SolarCycle,402290,RE Maplewood,TX,578.7694773158255
2028,3,p61,SolarCycle,401430,RE Roserock,TX,593.7478515513702
2028,3,p61,SolarCycle,402848,Rambler,TX,659.6964293567956
2028,3,p61,SolarCycle,402083,Solaire Holman Solar Project,TX,3864.782132079387
2028,3,p61,SolarCycle,403023,"Taygete Energy Project, LLC",TX,476.402379728016
2028,3,p61,SolarCycle,404647,Taygete II Energy Project,TX,518.0199741666942
2028,3,p61,SolarCycle,403551,Titan Solar Project,TX,753.2056874824949
2028,3,p61,SolarCycle,406103,Zier Solar,TX,2329.506586662349
2028,3,p62,SolarCycle,403502,2W Permian Solar Project Hybrid,TX,438.1113843318755
2028,3,p62,SolarCycle,403697,CED Crane Solar,TX,655.9920633762164
2028,3,p62,SolarCycle,401525,Castle Gap Solar Hybrid,TX,508.5530591603072
2028,3,p62,SolarCycle,404599,Emerald Grove,TX,857.8898663271169
2028,3,p62,SolarCycle,403004,Lapetus,TX,620.558636182563
2028,3,p62,SolarCycle,403280,Oberon IA,TX,468.2878226045532
2028,3,p62,SolarCycle,403279,Oberon IB,TX,860.3693039894827
2028,3,p62,SolarCycle,403602,Oxy Renewable Energy-Goldsmith,TX,1470.0255852112753
2028,3,p62,SolarCycle,402679,Phoebe Solar,TX,474.41058650003833
2028,3,p62,SolarCycle,403177,Prospero Solar,TX,454.3213917156351
2028,3,p62,SolarCycle,404128,Prospero Solar II,TX,723.6087259407801
2028,3,p62,SolarCycle,403070,"Roadrunner, LLC",TX,469.78954163660734
2028,3,p62,SolarCycle,401805,Upton County Solar,TX,501.13484251042814
2028,3,p62,SolarCycle,402995,West of the Pecos Solar,TX,541.2992944108993
2028,3,p63,OkonRecycling,405599,"BPL Crown Solar, LLC",TX,1517.8461642053671
2028,3,p63,OkonRecycling,404966,BPL Files Solar,TX,700.1214098098473
2028,3,p63,OkonRecycling,403825,Briar Creek Solar 1,TX,1060.7158667634922
2028,3,p63,OkonRecycling,402610,Chisum,TX,17022.6786057246
2028,3,p63,OkonRecycling,401697,CoServ Community Solar Station,TX,10103.31577324752
2028,3,p63,OkonRecycling,403188,Coniglio Solar,TX,806.5149983657332
2028,3,p63,OkonRecycling,406415,Dileo Solar,TX,2248.4652796899213
2028,3,p63,OkonRecycling,402655,Eddy II,TX,12045.834315224482
2028,3,p63,OkonRecycling,406221,Eiffel Solar Project,TX,1047.8113709839988
2028,3,p63,OkonRecycling,405540,"Ellis Solar, LLC",TX,752.1876780950746
2028,3,p63,OkonRecycling,403823,Elm Branch Solar 1,TX,865.6026638164229
2028,3,p63,OkonRecycling,406206,Five Wells Solar Center - Hybrid,TX,688.3686255423839
2028,3,p63,OkonRecycling,404567,G.S.E. One LLC,TX,1633.7884548705324
2028,3,p63,OkonRecycling,403288,Griffin Solar,TX,15608.47387030885
2028,3,p63,OkonRecycling,406202,Grizzly Ridge Solar,TX,1598.8118116289345
2028,3,p63,OkonRecycling,402329,Highway 56 Solar,TX,4411.972295875744
2028,3,p63,OkonRecycling,405319,IKEA Grand Prairie Rooftop PV System,TX,4191.555525109244
2028,3,p63,OkonRecycling,405689,"IP Radian, LLC",TX,1235.6958616217862
2028,3,p63,OkonRecycling,403481,Impact Solar 1,TX,932.4634862380132
2028,3,p63,OkonRecycling,403190,Kellam Solar,TX,4094.321758893582
2028,3,p63,OkonRecycling,402421,Leon Solar,TX,2720.602624617091
2028,3,p63,OkonRecycling,403874,Lily Solar Hybrid,TX,611.6381206258898
2028,3,p63,OkonRecycling,405794,Noble Solar,TX,592.6991226879247
2028,3,p63,OkonRecycling,402405,North Gainesville Solar,TX,4436.10682616647
2028,3,p63,OkonRecycling,404872,"Pisgah Ridge Solar, LLC",TX,828.285451192411
2028,3,p63,OkonRecycling,406416,Pitts Dudik Solar,TX,2440.6710936155678
2028,3,p63,OkonRecycling,403189,Rippey Solar,TX,3570.560762677464
2028,3,p63,OkonRecycling,404630,"Samson Solar Energy III, LLC",TX,832.5143369443124
2028,3,p63,OkonRecycling,402652,Sterling Solar (TX),TX,2271.849147700892
2028,3,p63,OkonRecycling,404812,Sun Valley Solar Project,TX,1257.9639289057357
2028,3,p63,OkonRecycling,404388,"TPE Erath Solar, LLC",TX,29974.478975548667
2028,3,p63,OkonRecycling,405361,Toyota HQ Plan,TX,1303.9944249916464
2028,3,p63,OkonRecycling,405907,Verizon Hidden Ridge Solar Project,TX,1618.072607680322
2028,3,p63,OkonRecycling,405984,Waco Solar,TX,603.2821828369808
2028,3,p63,OkonRecycling,402497,West Moore Solar II,TX,4715.803439797561
2028,3,p63,OkonRecycling,402330,Whitesboro Solar,TX,5860.939312472325
2028,3,p63,OkonRecycling,402331,Whitesboro Solar II,TX,4256.084856219564
2028,3,p63,OkonRecycling,402414,Whitewright Solar,TX,2237.31147627861
2028,3,p63,OkonRecycling,402654,Yellow Jacket,TX,25534.584516549454
2028,3,p64,OkonRecycling,405731,Austin TX GigaFactory,TX,105415.70319555655
2028,3,p64,OkonRecycling,404721,"Blue Jay Solar I, LLC",TX,1948.958545156198
2028,3,p64,OkonRecycling,402389,"E-Volve Energy Holdings, LLC",TX,145502.1884572834
2028,3,p64,OkonRecycling,400227,East Blackland Solar Project 1,TX,1241.5269744830593
2028,3,p64,OkonRecycling,405101,IKEA Round Rock 027,TX,126325.7895155475
2028,3,p64,SolarCycle,402653,Lampwick,TX,52646.88228103785
2028,3,p64,OkonRecycling,405613,Niagara Bottling - Seguin,TX,102999.13350867816
2028,3,p64,OkonRecycling,400249,Webberville Solar Project,TX,4759.334172156938
2028,3,p65,OkonRecycling,405700,Aktina Solar,TX,9466.602336513542
2028,3,p65,OkonRecycling,405727,Bernard Creek Solar,TX,12495.553208658364
2028,3,p65,OkonRecycling,405477,Brightside,TX,108240.6861027039
2028,3,p65,OkonRecycling,401728,CPS 1 Community Solar,TX,8930345.07411049
2028,3,p65,OkonRecycling,402656,Cascade Solar (TX),TX,224104.3158208405
2028,3,p65,OkonRecycling,404359,FELPS 1-Calaveras,TX,9272413.055801291
2028,3,p65,OkonRecycling,404361,FELPS 2-Calaveras,TX,4636299.953785473
2028,3,p65,OkonRecycling,404739,FELPS 6- Floresville West,TX,4719223.617716454
2028,3,p65,OkonRecycling,404740,FELPS 7- Floresville West,TX,4717699.629424313
2028,3,p65,SolarCycle,405801,Horizon Solar,TX,25271.54727899305
2028,3,p65,OkonRecycling,405380,IKEA Live Oak Rooftop PV System,TX,2511557.274849533
2028,3,p65,SolarCycle,403343,Mars Solar,TX,1325868.4176096919
2028,3,p65,OkonRecycling,400694,"OCI Alamo 2, LLC",TX,663767.9484160894
2028,3,p65,OkonRecycling,400965,"OCI Alamo 3, LLC",TX,1583476.8065736587
2028,3,p65,SolarCycle,400966,"OCI Alamo 5, LLC",TX,30511.87686287378
2028,3,p65,OkonRecycling,400593,OCI Alamo Solar I Hybrid,TX,114619.85078435544
2028,3,p65,SolarCycle,405809,Shakes Solar,TX,10184.463095341896
2028,3,p65,OkonRecycling,405545,Sparta Solar,TX,43035.58934076594
2028,3,p65,OkonRecycling,400379,"SunE CPS1, LLC",TX,472385.48927312717
2028,3,p65,OkonRecycling,400364,"SunE CPS2, LLC",TX,946948.5915256671
2028,3,p65,OkonRecycling,400353,"SunE CPS3, LLC",TX,226545.97656370173
2028,3,p65,OkonRecycling,406032,Tres Bahias,TX,17513.99581256065
2028,3,p66,OkonRecycling,406386,Umbriel Solar,TX,16673.85598953405
2028,3,p67,OkonRecycling,404939,Brazoria County Solar Project (Danciger),TX,5676.925785692131
2028,3,p67,OkonRecycling,404681,Brazoria West,TX,3079.5135956790323
2028,3,p67,OkonRecycling,405564,"Fort Bend Solar, LLC",TX,2397.56559615342
2028,3,p67,OkonRecycling,403514,Wagyu,TX,9260.52361926009
2028,4,p12,ComstockMetals,402144,Battle Mountain Solar Project,NV,2547.92712414243
2028,4,p12,ComstockMetals,405025,Brady,NV,919.1317443246702
2028,4,p12,ComstockMetals,405553,Dodge Flat,NV,434.00800327095396
2028,4,p12,ComstockMetals,402609,"EGP Stillwater Solar PV II, LLC",NV,3125.6754310761794
2028,4,p12,ComstockMetals,404659,Fish Springs,NV,580.4806601297006
2028,4,p12,ComstockMetals,401086,Ft. Churchill PV,NV,677.7109735954455
2028,4,p12,ComstockMetals,405028,Galena 2 Geothermal Power Plant,NV,1812.8744892673933
2028,4,p12,ComstockMetals,400468,"Patua Acquisition Project, LLC",NV,1445.9079935354748
2028,4,p12,ComstockMetals,405021,Steamboat Hills LP,NV,2531.2442564446083
2028,4,p12,ComstockMetals,405023,Steamboat II,NV,1224.7280952952835
2028,4,p12,ComstockMetals,405024,Steamboat III,NV,1147.748608732725
2028,4,p12,ComstockMetals,400029,Stillwater Facility,NV,1659.0817750445365
2028,4,p12,ComstockMetals,401318,Sunshine Valley Solar,NV,4085.845369015234
2028,4,p12,ComstockMetals,405026,TS Power Plant,NV,1673.7705745450232
2028,4,p12,ComstockMetals,405576,Tesla Reno GigaFactory,NV,1037.546804743071
2028,4,p12,ComstockMetals,401943,Tungsten Mountain,NV,17566.159003258723
2028,4,p12,ComstockMetals,403308,Turquoise Liberty Solar,NV,1121.1119769103693
2028,4,p12,ComstockMetals,403884,"Turquoise Nevada, LLC",NV,508.2057858814756
2028,4,p12,ComstockMetals,400035,Western 102 Power Plant,NV,4258.741434745497
2028,4,p13,WeRecycleSolar,400555,Apex Solar PV Power Project,NV,41297.8550724183
2028,4,p13,WeRecycleSolar,405385,Arrow Canyon Solar Hybrid,NV,917.5158025557436
2028,4,p13,WeRecycleSolar,400059,CM10,NV,36695.03608995012
2028,4,p13,WeRecycleSolar,400086,CM48,NV,7949.79358939139
2028,4,p13,WeRecycleSolar,400363,Copper Mountain Solar 2,NV,5096.068845378771
2028,4,p13,WeRecycleSolar,403688,"Copper Mountain Solar 5, LLC",NV,3287.9871755174804
2028,4,p13,WeRecycleSolar,405358,Dignity - San Martin,NV,118250.14017179719
2028,4,p13,WeRecycleSolar,405355,Dignity - Siena Campus,NV,276710.87075331446
2028,4,p13,WeRecycleSolar,405556,Dry Lake Solar Energy Center,NV,1759.308017238607
2028,4,p13,WeRecycleSolar,405495,Gemini Solar,NV,691.8936713129096
2028,4,p13,WeRecycleSolar,403386,"Harry Allen Solar Energy, LLC",NV,4494.767097017131
2028,4,p13,WeRecycleSolar,406090,IGS LAS1,NV,193503.0818118498
2028,4,p13,WeRecycleSolar,406089,IGS VGT,NV,807649.7696249824
2028,4,p13,WeRecycleSolar,405309,IKEA Las Vegas 462,NV,804686.5724847636
2028,4,p13,WeRecycleSolar,400545,Las Vegas WPCF Solar Plant,NV,79615.21150105419
2028,4,p13,WeRecycleSolar,400313,Moapa Southern Paiute,NV,3676.317572955818
2028,4,p13,WeRecycleSolar,400600,Mountain View Solar,NV,41180.49985006261
2028,4,p13,WeRecycleSolar,400036,Nellis Air Force Base Solar Array,NV,67578.51988054864
2028,4,p13,WeRecycleSolar,401319,"Playa Solar 1, LLC",NV,5541.376630593225
2028,4,p13,WeRecycleSolar,401274,River Mountains Solar,NV,26619.644995808172
2028,4,p13,WeRecycleSolar,401042,Searchlight Solar,NV,19675.407458612262
2028,4,p13,WeRecycleSolar,400658,Silver State Solar Power South,NV,3390.262170666657
2028,4,p13,WeRecycleSolar,405246,"Solar Las Vegas MB 2, LLC",NV,265000.1040083735
2028,4,p13,WeRecycleSolar,402485,"Techren Solar I, LLC",NV,7726.632963516215
2028,4,p13,WeRecycleSolar,402691,"Techren Solar III, LLC",NV,29659.817475029206
2028,4,p13,WeRecycleSolar,402692,"Techren Solar IV, LLC",NV,10191.570552356969
2028,4,p13,WeRecycleSolar,406448,Yellow Pine II,NV,5253.805811569437
2028,4,p13,WeRecycleSolar,404971,Yellow Pine Solar,NV,2716.8563833658077
2028,4,p27,WeRecycleSolar,400374,"Black Mountain Solar, LLC",AZ,14500.365836298311
2028,4,p27,WeRecycleSolar,402236,Gray Hawk Solar,AZ,3272.3260283550608
2028,4,p27,WeRecycleSolar,401819,Jacobson 5 MW Solar,AZ,10486.336351693088
2028,4,p27,WeRecycleSolar,401311,Mohave Electric at Fort Mohave,AZ,8310.362892371058
2028,4,p27,WeRecycleSolar,406478,Mohave Energy - Hybrid,AZ,8311.409180866824
2028,4,p28,WeRecycleSolar,405418,AZ State University - Tempe Campus Solar,AZ,3990.0794335865407
2028,4,p28,FabTechSolar,402067,Apache Solar 1,AZ,10901.93931838143
2028,4,p28,WeRecycleSolar,400274,Arizona Western College PV,AZ,40350.782051390524
2028,4,p28,WeRecycleSolar,400240,Arlington Valley Solar Energy II,AZ,1458.6490429496516
2028,4,p28,FabTechSolar,401688,Bonnybrooke PV,AZ,1303.8347473816664
2028,4,p28,WeRecycleSolar,400371,Buckeye Union HS District 201,AZ,27135.358961865233
2028,4,p28,FabTechSolar,405635,"Central Line Solar, LLC",AZ,648.2655557964105
2028,4,p28,WeRecycleSolar,400201,Chino Solar Valley,AZ,7640.454054179096
2028,4,p28,WeRecycleSolar,401069,Desert Star Hybrid,AZ,5825.760457523945
2028,4,p28,FabTechSolar,403257,East Line Solar,AZ,897.8251574298372
2028,4,p28,FabTechSolar,406171,Eleven Mile Solar Center,AZ,555.8484676012253
2028,4,p28,WeRecycleSolar,400349,Foothills Solar Plant Hybrid,AZ,4397.511529682168
2028,4,p28,FabTechSolar,400825,Fort Huachuca Solar PV Project,AZ,8781.939034641287
2028,4,p28,FabTechSolar,400599,"Gilbert Solar Facility I, LLC",AZ,6943.851192726375
2028,4,p28,WeRecycleSolar,400204,Hyder Solar Hybrid,AZ,15449.907075621744
2028,4,p28,FabTechSolar,405282,Intel - Ocotillo Campus Solar,AZ,1988.2278463193131
2028,4,p28,WeRecycleSolar,405125,Jewish Community Center PV,AZ,19353.89347074523
2028,4,p28,WeRecycleSolar,402234,Kayenta Solar Project,AZ,14310.971514400599
2028,4,p28,WeRecycleSolar,400128,Luke Solar,AZ,5432.761952048737
2028,4,p28,WeRecycleSolar,405068,Macys Goodyear,AZ,10121.130215680565
2028,4,p28,WeRecycleSolar,406279,McFarland A Solar and Storage,AZ,1739.0677329088558
2028,4,p28,FabTechSolar,405617,Mesa Carport PV,AZ,7733.818306981625
2028,4,p28,FabTechSolar,404512,Mesa Solar Array,AZ,8782.5161682232
2028,4,p28,WeRecycleSolar,400250,Mesquite Solar 1,AZ,547.0654478158285
2028,4,p28,WeRecycleSolar,406038,"Mesquite Solar 4, LLC",AZ,3263.4139780368455
2028,4,p28,WeRecycleSolar,404922,"Mesquite Solar 5, LLC",AZ,2876.0373969765014
2028,4,p28,WeRecycleSolar,403572,OE_AZ1,AZ,4779.729839718335
2028,4,p28,WeRecycleSolar,400203,Paloma Solar Hybrid,AZ,4287.520825381649
2028,4,p28,WeRecycleSolar,405126,Paradise Valley H.S. PV,AZ,11326.06007621888
2028,4,p28,WeRecycleSolar,405150,Phoenix Airport East Economy Lot,AZ,15163.933449613969
2028,4,p28,WeRecycleSolar,405151,Phoenix Airport Rental Car Center,AZ,1416.6392615993614
2028,4,p28,FabTechSolar,400125,"Poseidon Solar, LLC",AZ,3298.0370302016
2028,4,p28,WeRecycleSolar,400031,Prescott Airport,AZ,29803.762535967257
2028,4,p28,WeRecycleSolar,400401,Prescott Solar Plant,AZ,6821.81158808397
2028,4,p28,WeRecycleSolar,400289,"RE Bagdad Solar I, LLC",AZ,20844.090738143575
2028,4,p28,WeRecycleSolar,400416,Saddle Mountain Solar I,AZ,3002.8829193133565
2028,4,p28,FabTechSolar,403674,Saint Solar,AZ,654.9121520134055
2028,4,p28,FabTechSolar,401214,Sandstone Solar,AZ,1246.783025930813
2028,4,p28,WeRecycleSolar,405029,Solana Generating Station,AZ,1087.4056845290813
2028,4,p28,WeRecycleSolar,406275,Sonoran Solar Energy,AZ,494.2604126969284
2028,4,p28,FabTechSolar,406034,Storey Solar and Storage,AZ,1182.369731618814
2028,4,p28,WeRecycleSolar,403643,Sun Streams 2,AZ,695.7747694487596
2028,4,p28,WeRecycleSolar,406517,Sun Streams 3,AZ,1008.2803297662608
2028,4,p28,WeRecycleSolar,401975,"Sun Streams, LLC",AZ,613.7817575738329
2028,4,p28,WeRecycleSolar,405311,T0588 Phoenix - AZ,AZ,10721.358268529093
2028,4,p28,FabTechSolar,405135,Vista Grande HS at Casa Grande,AZ,20103.01007379686
2028,4,p28,FabTechSolar,400334,Walmart Casa Grande,AZ,22084.454880720048
2028,4,p28,FabTechSolar,406098,"West Line Solar, LLC",AZ,598.7031763689508
2028,4,p29,FabTechSolar,400014,Springerville,AZ,7793.018008202222
2028,4,p30,FabTechSolar,405611,Amazon TUS2,AZ,33068.07835055906
2028,4,p30,FabTechSolar,400939,Avalon Solar,AZ,6386.770735650955
2028,4,p30,FabTechSolar,400226,Avra Valley Solar,AZ,4987.813472617807
2028,4,p30,FabTechSolar,404704,Broadway 2 - Tucson Phase II,AZ,15618.038162584631
2028,4,p30,FabTechSolar,405269,Canyon Del Oro High School Solar,AZ,10800.058307511268
2028,4,p30,FabTechSolar,401295,Davis Monthan AFB (AZ) West Airfield,AZ,6841.574656347679
2028,4,p30,FabTechSolar,400761,"Gato Montes Solar, LLC",AZ,11961.905682706869
2028,4,p30,FabTechSolar,404536,Iron Horse Battery Storage Hybrid,AZ,43834.71067703699
2028,4,p30,FabTechSolar,400552,"Picture Rocks Solar, LLC",AZ,1283.320470065238
2028,4,p30,FabTechSolar,405374,Pima Community College,AZ,76586.72673142565
2028,4,p30,FabTechSolar,405303,Pima Community College - East Campus,AZ,123250.66520989646
2028,4,p30,FabTechSolar,405516,Pima Community College NW,AZ,106095.66543842576
2028,4,p30,FabTechSolar,400857,Rio Rico Solar,AZ,19649.48797249422
2028,4,p30,FabTechSolar,401076,Tech Park Solar,AZ,8929.697767985275
2028,4,p30,FabTechSolar,400156,UASTP I,AZ,48847.93351192429
2028,4,p30,FabTechSolar,401075,Valencia Solar,AZ,6541.599976284467
2028,4,p30,FabTechSolar,404187,"Wilmot Energy Center, LLC",AZ,1079.3068932872063
2028,4,p31,SolarCycle,400211,Alamogordo Solar Energy Center,NM,79560.08994597594
2028,4,p31,FabTechSolar,400206,Albuquerque Solar Energy Center,NM,280929.83590368094
2028,4,p31,SolarCycle,403675,Alcalde Solar Array,NM,783836.1464194283
2028,4,p31,FabTechSolar,405469,Arroyo Solar Energy Storage Hybrid,NM,2146.0234230819237
2028,4,p31,FabTechSolar,403321,Bluewater CDEC 1,NM,558089.9817363516
2028,4,p31,SolarCycle,402876,CNMEC Solar Energy Center,NM,255639.94841562916
2028,4,p31,SolarCycle,402519,Carrizozo Solar,NM,134257.31868693262
2028,4,p31,FabTechSolar,401202,Cibola,NM,50479.88849101504
2028,4,p31,FabTechSolar,402988,City of Gallup Solar,NM,50511.25348056422
2028,4,p31,FabTechSolar,403604,City of Rio Rancho WWTP,NM,678673.0656339135
2028,4,p31,FabTechSolar,401225,City of Truth or Consequences PV,NM,356241.6856681747
2028,4,p31,FabTechSolar,400209,Deming Solar Energy Center,NM,35998.93641565344
2028,4,p31,FabTechSolar,403868,Encino Solar Energy Center,NM,30245.04641275477
2028,4,p31,FabTechSolar,401038,Eubank Landfill Solar Array,NM,843739.6372031638
2028,4,p31,FabTechSolar,402443,Facebook 3 Solar Energy Center,NM,40358.510005069256
2028,4,p31,FabTechSolar,403322,Grants CDEC 2,NM,150879.04762707106
2028,4,p31,FabTechSolar,400216,"Hatch Solar Energy Center I, LLC",NM,277237.5759827926
2028,4,p31,SolarCycle,401617,Holloman Solar Facility,NM,238563.06961635657
2028,4,p31,FabTechSolar,406109,"Jicarilla Solar 1, LLC",NM,11752.49396226155
2028,4,p31,SolarCycle,400427,Kit Carson,NM,790996.5407134694
2028,4,p31,SolarCycle,400210,Las Vegas Solar Energy Center,NM,107700.40441355042
2028,4,p31,SolarCycle,400434,Los Alamos PV Site,NM,623192.2525525297
2028,4,p31,FabTechSolar,400207,Los Lunas Solar Energy Center,NM,227957.418156997
2028,4,p31,FabTechSolar,400838,Macho Springs,NM,13051.04920061713
2028,4,p31,FabTechSolar,400582,Manzano Solar,NM,50906.919771892135
2028,4,p31,SolarCycle,405693,NMSU Solar and Storage,NM,223809.08205015823
2028,4,p31,FabTechSolar,406375,OE_ESCL,NM,3741.9239482273792
2028,4,p31,SolarCycle,400581,Otero Solar,NM,52324.96975173419
2028,4,p31,SolarCycle,400146,Questa Solar Facility,NM,666996.8627671294
2028,4,p31,FabTechSolar,403178,"RC Energy AA, LLC Solar Facility",NM,1695801.6615557445
2028,4,p31,FabTechSolar,401566,Rio Communities Solar Energy Center,NM,159559.64643928534
2028,4,p31,FabTechSolar,403084,Rio De Oro Solar Energy Center,NM,53770.71785674718
2028,4,p31,FabTechSolar,404648,"Route 66 Energy Center, LLC",NM,9831.996189604988
2028,4,p31,SolarCycle,403387,San Miguel I Solar Energy Center,NM,160509.95792747254
2028,4,p31,SolarCycle,405458,San Miguel II Solar Energy Center,NM,160575.7015374959
2028,4,p31,FabTechSolar,401161,Sandoval Solar Energy Center,NM,90148.25731153341
2028,4,p31,SolarCycle,401564,Santa Fe Solar Energy Center,NM,183498.8076056558
2028,4,p31,FabTechSolar,401565,Santolina Solar Energy Center,NM,151905.63447707437
2028,4,p31,FabTechSolar,400596,Silver City WWTP PV Project,NM,542672.9497239448
2028,4,p31,FabTechSolar,401563,South Valley Solar Energy Center,NM,32865.667734895374
2028,4,p31,SolarCycle,401162,Springer Solar 1,NM,982331.2205411886
2028,4,p31,SolarCycle,400735,Storrie Lake Solar Project,NM,358170.03216609714
2028,4,p31,FabTechSolar,400623,Sue Cleveland High School,NM,423658.15771698806
2028,4,p31,SolarCycle,400343,"SunE EPE1, LLC",NM,30758.54552165752
2028,4,p31,SolarCycle,402854,Syncarpha Eagle Nest,NM,633576.2096011543
2028,4,p31,SolarCycle,403412,Syncarpha El Rito,NM,1234946.2934370597
2028,4,p31,SolarCycle,403411,Syncarpha Taos,NM,306982.6430879705
2028,4,p31,SolarCycle,404618,Taos Mesa Energy Facility Hybrid,NM,43068.88274082803
2028,4,p31,FabTechSolar,403011,Vista Solar Energy Center,NM,81136.74543843897
2028,4,p31,SolarCycle,400354,WSMR I,NM,69294.14447534295
2028,4,p31,FabTechSolar,405245,Wal-Mart Truth or Consequences PV,NM,273147.08883771236
2028,4,p47,SolarCycle,400979,"Caprock Solar 1, LLC",NM,8869.503257498203
2028,4,p47,SolarCycle,401681,"Chaves Solar, LLC",NM,5802.035221447019
2028,4,p47,SolarCycle,400614,GSE NM1,NM,101575.35876945283
2028,4,p47,SolarCycle,402530,Middle Daisy,NM,23018.418953771063
2028,4,p47,SolarCycle,401682,"Roswell Solar, LLC",NM,11298.854754890008
2028,4,p47,SolarCycle,400260,SPS1 Dollarhide,NM,6155.389085920067
2028,4,p47,SolarCycle,400261,SPS2 Jal,NM,12839.069384907512
2028,4,p47,SolarCycle,400262,SPS3 Lea,NM,36836.15987951527
2028,4,p47,SolarCycle,400264,SPS5 Hopi,NM,27191.2489941207
2028,4,p47,SolarCycle,404698,SoCore Clovis 1,NM,213821.68987308146
2028,4,p48,SolarCycle,406439,"BESSP1, LLC",TX,40535.15273859428
2028,4,p48,SolarCycle,405590,"Hecate Energy Frye Solar, LLC",TX,894.0726423074839
2028,4,p57,OkonRecycling,404918,"Hecate Energy Upshur Rural, LLC",TX,10945.54016458209
2028,4,p59,SolarCycle,402666,Fort Bliss (DEA EPIC),TX,150306.2985136961
2028,4,p59,SolarCycle,401616,Montana Solar Facility,TX,19601.857513328716
2028,4,p60,SolarCycle,403962,"ANSON Solar Center, LLC",TX,1655.5443057276539
2028,4,p60,OkonRecycling,403883,Azure Sky Solar,TX,981.8313515321582
2028,4,p60,SolarCycle,403232,"ENGIE Long Draw Solar, LLC",TX,942.8869592344066
2028,4,p60,SolarCycle,406252,Highpeak Solar 1,TX,8731.922984315433
2028,4,p60,SolarCycle,402721,Holstein 1 Solar Farm,TX,908.0932576453025
2028,4,p60,SolarCycle,405492,Juno Solar Project,TX,673.223672823214
2028,4,p60,SolarCycle,402541,Lamesa II,TX,1802.71273814982
2028,4,p60,SolarCycle,401660,Lamesa Solar,TX,1088.627684523277
2028,4,p60,SolarCycle,405932,Lumina II Solar Project,TX,1558.397175417591
2028,4,p60,SolarCycle,405933,Lumina Solar Project,TX,759.4101884773121
2028,4,p60,SolarCycle,402909,Misae Solar,TX,1849.2029166390482
2028,4,p60,OkonRecycling,400968,"OCI Alamo 7, LLC",TX,2039.1305603225144
2028,4,p60,SolarCycle,405939,Texas Solar Nova 1,TX,951.7750151720574
2028,4,p61,SolarCycle,400967,Alamo 6,TX,800.2472827558175
2028,4,p61,SolarCycle,403557,Aragorn Solar Project,TX,906.8778558240494
2028,4,p61,SolarCycle,400691,Barilla Solar,TX,1805.782325273197
2028,4,p61,SolarCycle,401946,Bluebell Solar,TX,1520.0077515394028
2028,4,p61,SolarCycle,403574,Bluebell Solar II,TX,690.4530022372805
2028,4,p61,SolarCycle,400554,"Bryan Solar, LLC",TX,10053.533266992139
2028,4,p61,SolarCycle,401463,Buckthorn Westex,TX,515.4412904572997
2028,4,p61,SolarCycle,401703,East Pecos Solar,TX,581.0784141853778
2028,4,p61,SolarCycle,405363,Galloway 1 Solar Farm,TX,579.7044636770745
2028,4,p61,SolarCycle,405494,Galloway 2 Solar Farm,TX,2409.2343296121844
2028,4,p61,SolarCycle,403210,Greasewood,TX,509.4503686452261
2028,4,p61,SolarCycle,406370,Hayhurst Texas Solar,TX,2419.90778328035
2028,4,p61,SolarCycle,402304,Midway Solar-TX,TX,562.0164742523933
2028,4,p61,SolarCycle,400695,"OCI Alamo 4, LLC",TX,1983.2568407362564
2028,4,p61,SolarCycle,401868,Pearl Solar,TX,972.8949543304986
2028,4,p61,SolarCycle,402290,RE Maplewood,TX,578.7694773158255
2028,4,p61,SolarCycle,401430,RE Roserock,TX,593.7478515513702
2028,4,p61,SolarCycle,402848,Rambler,TX,659.6964293567956
2028,4,p61,SolarCycle,402083,Solaire Holman Solar Project,TX,3864.782132079387
2028,4,p61,SolarCycle,403023,"Taygete Energy Project, LLC",TX,495.5029746600201
2028,4,p61,SolarCycle,404647,Taygete II Energy Project,TX,518.0199741666942
2028,4,p61,SolarCycle,403551,Titan Solar Project,TX,753.2056874824949
2028,4,p61,SolarCycle,406103,Zier Solar,TX,2329.506586662349
2028,4,p62,SolarCycle,403502,2W Permian Solar Project Hybrid,TX,438.1113843318755
2028,4,p62,SolarCycle,403697,CED Crane Solar,TX,655.9920633762164
2028,4,p62,SolarCycle,401525,Castle Gap Solar Hybrid,TX,508.5530591603072
2028,4,p62,SolarCycle,404599,Emerald Grove,TX,1315.779732654234
2028,4,p62,SolarCycle,403004,Lapetus,TX,620.558636182563
2028,4,p62,SolarCycle,403280,Oberon IA,TX,468.2878226045532
2028,4,p62,SolarCycle,403279,Oberon IB,TX,860.3693039894827
2028,4,p62,SolarCycle,403602,Oxy Renewable Energy-Goldsmith,TX,1113.35039014085
2028,4,p62,SolarCycle,402679,Phoebe Solar,TX,474.41058650003833
2028,4,p62,SolarCycle,403177,Prospero Solar,TX,454.3213917156351
2028,4,p62,SolarCycle,404128,Prospero Solar II,TX,723.6087259407801
2028,4,p62,SolarCycle,403070,"Roadrunner, LLC",TX,469.78954163660734
2028,4,p62,SolarCycle,401805,Upton County Solar,TX,501.13484251042814
2028,4,p62,SolarCycle,402995,West of the Pecos Solar,TX,588.3990592145323
2028,4,p63,OkonRecycling,405599,"BPL Crown Solar, LLC",TX,3753.5384926161014
2028,4,p63,OkonRecycling,404966,BPL Files Solar,TX,625.0910573573856
2028,4,p63,OkonRecycling,403825,Briar Creek Solar 1,TX,1060.7158667634922
2028,4,p63,OkonRecycling,402610,Chisum,TX,5940.892868574867
2028,4,p63,OkonRecycling,401697,CoServ Community Solar Station,TX,7677.486829935639
2028,4,p63,OkonRecycling,403188,Coniglio Solar,TX,806.5149983657332
2028,4,p63,OkonRecycling,406221,Eiffel Solar Project,TX,1695.6227419679979
2028,4,p63,OkonRecycling,405540,"Ellis Solar, LLC",TX,752.1876780950746
2028,4,p63,OkonRecycling,403823,Elm Branch Solar 1,TX,710.4017758776153
2028,4,p63,OkonRecycling,406206,Five Wells Solar Center - Hybrid,TX,688.3686255423839
2028,4,p63,OkonRecycling,404567,G.S.E. One LLC,TX,1633.7884548705324
2028,4,p63,OkonRecycling,403288,Griffin Solar,TX,61233.8954812354
2028,4,p63,OkonRecycling,406202,Grizzly Ridge Solar,TX,1598.8118116289345
2028,4,p63,OkonRecycling,405319,IKEA Grand Prairie Rooftop PV System,TX,4191.555525109244
2028,4,p63,OkonRecycling,405689,"IP Radian, LLC",TX,1235.6958616217862
2028,4,p63,OkonRecycling,403481,Impact Solar 1,TX,932.4634862380132
2028,4,p63,OkonRecycling,403190,Kellam Solar,TX,4094.321758893582
2028,4,p63,OkonRecycling,402421,Leon Solar,TX,3184.72314954051
2028,4,p63,OkonRecycling,403874,Lily Solar Hybrid,TX,611.6381206258898
2028,4,p63,OkonRecycling,402404,Marlin Solar,TX,64563.40300819279
2028,4,p63,OkonRecycling,405794,Noble Solar,TX,592.6991226879247
2028,4,p63,OkonRecycling,402405,North Gainesville Solar,TX,4436.10682616647
2028,4,p63,OkonRecycling,401933,Phantom Solar,TX,14309.595095154165
2028,4,p63,OkonRecycling,404872,"Pisgah Ridge Solar, LLC",TX,614.1427255962055
2028,4,p63,OkonRecycling,406416,Pitts Dudik Solar,TX,4481.3421872311355
2028,4,p63,OkonRecycling,403189,Rippey Solar,TX,3570.560762677464
2028,4,p63,OkonRecycling,404630,"Samson Solar Energy III, LLC",TX,832.5143369443124
2028,4,p63,OkonRecycling,402652,Sterling Solar (TX),TX,15374.793181607136
2028,4,p63,OkonRecycling,404812,Sun Valley Solar Project,TX,1257.9639289057357
2028,4,p63,OkonRecycling,403457,"TPE Whitney Solar, LLC",TX,11181.924324274985
2028,4,p63,OkonRecycling,405361,Toyota HQ Plan,TX,1303.9944249916464
2028,4,p63,OkonRecycling,405907,Verizon Hidden Ridge Solar Project,TX,1618.072607680322
2028,4,p63,OkonRecycling,405984,Waco Solar,TX,704.9232742554713
2028,4,p63,OkonRecycling,402306,Walnut Springs Solar,TX,12551.37382958968
2028,4,p63,OkonRecycling,402497,West Moore Solar II,TX,4715.803439797561
2028,4,p63,OkonRecycling,402330,Whitesboro Solar,TX,4647.39724303403
2028,4,p63,OkonRecycling,402331,Whitesboro Solar II,TX,4256.084856219564
2028,4,p63,OkonRecycling,402414,Whitewright Solar,TX,3024.730680398013
2028,4,p63,OkonRecycling,402654,Yellow Jacket,TX,25534.584516549454
2028,4,p64,OkonRecycling,404721,"Blue Jay Solar I, LLC",TX,916.3195150520661
2028,4,p64,OkonRecycling,402389,"E-Volve Energy Holdings, LLC",TX,290604.3769145668
2028,4,p64,OkonRecycling,400227,East Blackland Solar Project 1,TX,1662.2904617245892
2028,4,p64,OkonRecycling,405101,IKEA Round Rock 027,TX,63362.894757773756
2028,4,p64,OkonRecycling,405613,Niagara Bottling - Seguin,TX,34599.71116955939
2028,4,p64,OkonRecycling,400249,Webberville Solar Project,TX,3669.500629117703
2028,4,p65,OkonRecycling,405700,Aktina Solar,TX,6444.401557675696
2028,4,p65,OkonRecycling,405727,Bernard Creek Solar,TX,9471.664906493774
2028,4,p65,OkonRecycling,405477,Brightside,TX,108240.6861027039
2028,4,p65,OkonRecycling,401728,CPS 1 Community Solar,TX,8930345.07411049
2028,4,p65,OkonRecycling,402656,Cascade Solar (TX),TX,179363.45265667242
2028,4,p65,OkonRecycling,404359,FELPS 1-Calaveras,TX,4636406.527900646
2028,4,p65,OkonRecycling,404361,FELPS 2-Calaveras,TX,3090999.969190314
2028,4,p65,OkonRecycling,404739,FELPS 6- Floresville West,TX,2359811.808858227
2028,4,p65,OkonRecycling,404740,FELPS 7- Floresville West,TX,1887319.8517697244
2028,4,p65,SolarCycle,405801,Horizon Solar,TX,25271.54727899305
2028,4,p65,OkonRecycling,405380,IKEA Live Oak Rooftop PV System,TX,5022714.549699067
2028,4,p65,SolarCycle,403343,Mars Solar,TX,663134.208804846
2028,4,p65,OkonRecycling,404877,Nebula Solar,TX,31116.761459616155
2028,4,p65,OkonRecycling,400694,"OCI Alamo 2, LLC",TX,332083.9742080447
2028,4,p65,OkonRecycling,400965,"OCI Alamo 3, LLC",TX,396169.20164341456
2028,4,p65,SolarCycle,400966,"OCI Alamo 5, LLC",TX,30511.87686287378
2028,4,p65,SolarCycle,405809,Shakes Solar,TX,16707.4384922365
2028,4,p65,OkonRecycling,405545,Sparta Solar,TX,43035.58934076594
2028,4,p65,OkonRecycling,400379,"SunE CPS1, LLC",TX,236392.7446365636
2028,4,p65,OkonRecycling,400364,"SunE CPS2, LLC",TX,473674.29576283356
2028,4,p65,OkonRecycling,400353,"SunE CPS3, LLC",TX,452691.95312740345
2028,4,p65,OkonRecycling,406032,Tres Bahias,TX,51741.987437681964
2028,4,p67,OkonRecycling,404939,Brazoria County Solar Project (Danciger),TX,3038.462892846065
2028,4,p67,OkonRecycling,404681,Brazoria West,TX,5759.0271913580655
2028,4,p67,OkonRecycling,404587,Fighting Jays Solar Project,TX,4918.279892364288
2028,4,p67,OkonRecycling,405564,"Fort Bend Solar, LLC",TX,2397.56559615342
2028,4,p67,OkonRecycling,403514,Wagyu,TX,9260.52361926009
2029,1,p12,ComstockMetals,402144,Battle Mountain Solar Project,NV,936.9817810356075
2029,1,p12,ComstockMetals,405025,Brady,NV,919.1317443246702
2029,1,p12,ComstockMetals,405553,Dodge Flat,NV,434.00800327095396
2029,1,p12,ComstockMetals,402609,"EGP Stillwater Solar PV II, LLC",NV,1762.8377155380897
2029,1,p12,ComstockMetals,404659,Fish Springs,NV,580.4806601297006
2029,1,p12,ComstockMetals,401086,Ft. Churchill PV,NV,733.2531683145345
2029,1,p12,ComstockMetals,405028,Galena 2 Geothermal Power Plant,NV,1812.8744892673933
2029,1,p12,ComstockMetals,402130,Luning Energy,NV,2817.474155176924
2029,1,p12,ComstockMetals,400468,"Patua Acquisition Project, LLC",NV,1097.2719956903165
2029,1,p12,ComstockMetals,405021,Steamboat Hills LP,NV,2531.2442564446083
2029,1,p12,ComstockMetals,405023,Steamboat II,NV,1327.819107207194
2029,1,p12,ComstockMetals,405024,Steamboat III,NV,1147.748608732725
2029,1,p12,ComstockMetals,400029,Stillwater Facility,NV,1659.0817750445365
2029,1,p12,ComstockMetals,401318,Sunshine Valley Solar,NV,4085.845369015234
2029,1,p12,ComstockMetals,405576,Tesla Reno GigaFactory,NV,931.2890039525593
2029,1,p12,ComstockMetals,401943,Tungsten Mountain,NV,17566.159003258723
2029,1,p12,ComstockMetals,403308,Turquoise Liberty Solar,NV,976.8895815282955
2029,1,p12,ComstockMetals,403884,"Turquoise Nevada, LLC",NV,508.2057858814756
2029,1,p12,ComstockMetals,400035,Western 102 Power Plant,NV,4901.86500720308
2029,1,p13,WeRecycleSolar,400555,Apex Solar PV Power Project,NV,14032.618357472771
2029,1,p13,WeRecycleSolar,405385,Arrow Canyon Solar Hybrid,NV,917.5158025557436
2029,1,p13,WeRecycleSolar,401649,"Boulder Solar Power, LLC",NV,4055.0475866518054
2029,1,p13,WeRecycleSolar,400059,CM10,NV,72990.07217990023
2029,1,p13,WeRecycleSolar,400086,CM48,NV,4174.896794695695
2029,1,p13,WeRecycleSolar,400363,Copper Mountain Solar 2,NV,5096.068845378771
2029,1,p13,WeRecycleSolar,403688,"Copper Mountain Solar 5, LLC",NV,1362.6623918391601
2029,1,p13,WeRecycleSolar,405358,Dignity - San Martin,NV,471800.5606871888
2029,1,p13,WeRecycleSolar,405355,Dignity - Siena Campus,NV,276710.87075331446
2029,1,p13,WeRecycleSolar,405556,Dry Lake Solar Energy Center,NV,1487.4464137908856
2029,1,p13,WeRecycleSolar,405495,Gemini Solar,NV,691.8936713129096
2029,1,p13,WeRecycleSolar,403386,"Harry Allen Solar Energy, LLC",NV,4494.767097017131
2029,1,p13,WeRecycleSolar,406090,IGS LAS1,NV,772812.3272473994
2029,1,p13,WeRecycleSolar,406089,IGS VGT,NV,404024.8848124912
2029,1,p13,WeRecycleSolar,405309,IKEA Las Vegas 462,NV,804686.5724847636
2029,1,p13,WeRecycleSolar,400545,Las Vegas WPCF Solar Plant,NV,238045.63450316258
2029,1,p13,WeRecycleSolar,400313,Moapa Southern Paiute,NV,3676.317572955818
2029,1,p13,WeRecycleSolar,400600,Mountain View Solar,NV,41180.49985006261
2029,1,p13,WeRecycleSolar,400036,Nellis Air Force Base Solar Array,NV,33989.25994027432
2029,1,p13,WeRecycleSolar,401319,"Playa Solar 1, LLC",NV,5541.376630593225
2029,1,p13,WeRecycleSolar,401274,River Mountains Solar,NV,17879.763330538786
2029,1,p13,WeRecycleSolar,401042,Searchlight Solar,NV,19675.407458612262
2029,1,p13,WeRecycleSolar,400166,Silver State Solar Power North,NV,4008.563008692498
2029,1,p13,WeRecycleSolar,400658,Silver State Solar Power South,NV,3390.262170666657
2029,1,p13,WeRecycleSolar,405246,"Solar Las Vegas MB 2, LLC",NV,529600.208016747
2029,1,p13,WeRecycleSolar,405188,Solar Las Vegas MB-1,NV,54434.32291276608
2029,1,p13,WeRecycleSolar,402485,"Techren Solar I, LLC",NV,7726.632963516215
2029,1,p13,WeRecycleSolar,402690,"Techren Solar II, LLC",NV,4066.3637098817926
2029,1,p13,WeRecycleSolar,402691,"Techren Solar III, LLC",NV,29659.817475029206
2029,1,p13,WeRecycleSolar,402692,"Techren Solar IV, LLC",NV,7743.677914267726
2029,1,p13,WeRecycleSolar,404971,Yellow Pine Solar,NV,2716.8563833658077
2029,1,p27,WeRecycleSolar,400374,"Black Mountain Solar, LLC",AZ,5100.121945432769
2029,1,p27,WeRecycleSolar,402236,Gray Hawk Solar,AZ,1836.1630141775304
2029,1,p27,WeRecycleSolar,401819,Jacobson 5 MW Solar,AZ,7964.752263769816
2029,1,p27,WeRecycleSolar,403718,Mohave Electric Cooperative at Joy Lane,AZ,14352.233324370494
2029,1,p27,WeRecycleSolar,401311,Mohave Electric at Fort Mohave,AZ,8310.362892371058
2029,1,p27,WeRecycleSolar,406478,Mohave Energy - Hybrid,AZ,8311.409180866824
2029,1,p28,WeRecycleSolar,405418,AZ State University - Tempe Campus Solar,AZ,3990.0794335865407
2029,1,p28,WeRecycleSolar,400148,Agua Caliente Solar Project,AZ,631.6546526860594
2029,1,p28,FabTechSolar,402067,Apache Solar 1,AZ,10901.93931838143
2029,1,p28,WeRecycleSolar,400274,Arizona Western College PV,AZ,20375.391025695262
2029,1,p28,WeRecycleSolar,400240,Arlington Valley Solar Energy II,AZ,929.3245214748259
2029,1,p28,FabTechSolar,401688,Bonnybrooke PV,AZ,2207.6694947633323
2029,1,p28,WeRecycleSolar,400371,Buckeye Union HS District 201,AZ,9311.786320621744
2029,1,p28,FabTechSolar,405635,"Central Line Solar, LLC",AZ,648.2655557964105
2029,1,p28,WeRecycleSolar,400201,Chino Solar Valley,AZ,5226.969369452732
2029,1,p28,WeRecycleSolar,401069,Desert Star Hybrid,AZ,2570.3041830095776
2029,1,p28,FabTechSolar,403257,East Line Solar,AZ,897.8251574298372
2029,1,p28,FabTechSolar,406171,Eleven Mile Solar Center,AZ,555.8484676012253
2029,1,p28,WeRecycleSolar,405244,Estrella Mountain PV,AZ,27394.637621034864
2029,1,p28,WeRecycleSolar,400349,Foothills Solar Plant Hybrid,AZ,4397.511529682168
2029,1,p28,FabTechSolar,400825,Fort Huachuca Solar PV Project,AZ,8781.939034641287
2029,1,p28,WeRecycleSolar,400845,Gila Bend Hybrid,AZ,4744.496931169441
2029,1,p28,FabTechSolar,400599,"Gilbert Solar Facility I, LLC",AZ,6943.851192726375
2029,1,p28,WeRecycleSolar,400204,Hyder Solar Hybrid,AZ,15449.907075621744
2029,1,p28,FabTechSolar,405282,Intel - Ocotillo Campus Solar,AZ,1988.2278463193131
2029,1,p28,WeRecycleSolar,402234,Kayenta Solar Project,AZ,14310.971514400599
2029,1,p28,WeRecycleSolar,400128,Luke Solar,AZ,2916.380976024369
2029,1,p28,WeRecycleSolar,405068,Macys Goodyear,AZ,6880.753477120378
2029,1,p28,WeRecycleSolar,406279,McFarland A Solar and Storage,AZ,1739.0677329088558
2029,1,p28,FabTechSolar,405617,Mesa Carport PV,AZ,4066.909153490812
2029,1,p28,FabTechSolar,404512,Mesa Solar Array,AZ,4591.2580841116
2029,1,p28,WeRecycleSolar,400250,Mesquite Solar 1,AZ,526.056098127853
2029,1,p28,WeRecycleSolar,406038,"Mesquite Solar 4, LLC",AZ,1354.4713260122824
2029,1,p28,WeRecycleSolar,404922,"Mesquite Solar 5, LLC",AZ,1638.0186984882507
2029,1,p28,WeRecycleSolar,403572,OE_AZ1,AZ,4779.729839718335
2029,1,p28,WeRecycleSolar,400203,Paloma Solar Hybrid,AZ,4287.520825381649
2029,1,p28,WeRecycleSolar,405126,Paradise Valley H.S. PV,AZ,16789.090114328323
2029,1,p28,WeRecycleSolar,405150,Phoenix Airport East Economy Lot,AZ,15163.933449613969
2029,1,p28,WeRecycleSolar,405151,Phoenix Airport Rental Car Center,AZ,1416.6392615993614
2029,1,p28,FabTechSolar,402528,Pinal Central Energy Center Hybrid,AZ,5115.3705655687445
2029,1,p28,FabTechSolar,400125,"Poseidon Solar, LLC",AZ,3298.0370302016
2029,1,p28,WeRecycleSolar,400031,Prescott Airport,AZ,44505.64380395087
2029,1,p28,WeRecycleSolar,400401,Prescott Solar Plant,AZ,13243.623176167941
2029,1,p28,WeRecycleSolar,400289,"RE Bagdad Solar I, LLC",AZ,20844.090738143575
2029,1,p28,FabTechSolar,400758,Red Horse 2,AZ,6908.603862688081
2029,1,p28,WeRecycleSolar,400416,Saddle Mountain Solar I,AZ,3002.8829193133565
2029,1,p28,FabTechSolar,403674,Saint Solar,AZ,739.882869351207
2029,1,p28,FabTechSolar,401214,Sandstone Solar,AZ,964.5220172872088
2029,1,p28,WeRecycleSolar,405029,Solana Generating Station,AZ,743.7028422645408
2029,1,p28,WeRecycleSolar,406275,Sonoran Solar Energy,AZ,462.8402751312856
2029,1,p28,FabTechSolar,406034,Storey Solar and Storage,AZ,1182.369731618814
2029,1,p28,WeRecycleSolar,403643,Sun Streams 2,AZ,695.7747694487596
2029,1,p28,WeRecycleSolar,406517,Sun Streams 3,AZ,1008.2803297662608
2029,1,p28,WeRecycleSolar,401975,"Sun Streams, LLC",AZ,613.7817575738329
2029,1,p28,WeRecycleSolar,405311,T0588 Phoenix - AZ,AZ,21042.71653705818
2029,1,p28,FabTechSolar,405134,Union HS at Casa Grande,AZ,11764.807282311363
2029,1,p28,FabTechSolar,405135,Vista Grande HS at Casa Grande,AZ,20103.01007379686
2029,1,p28,FabTechSolar,406098,"West Line Solar, LLC",AZ,598.7031763689508
2029,1,p30,FabTechSolar,405611,Amazon TUS2,AZ,11289.359450186354
2029,1,p30,FabTechSolar,400939,Avalon Solar,AZ,6386.770735650955
2029,1,p30,FabTechSolar,401479,Avalon Solar II,AZ,5785.474642663448
2029,1,p30,FabTechSolar,400226,Avra Valley Solar,AZ,2693.906736308904
2029,1,p30,FabTechSolar,404704,Broadway 2 - Tucson Phase II,AZ,11813.528621938472
2029,1,p30,FabTechSolar,405269,Canyon Del Oro High School Solar,AZ,16000.087461266905
2029,1,p30,FabTechSolar,401295,Davis Monthan AFB (AZ) West Airfield,AZ,6841.574656347679
2029,1,p30,FabTechSolar,400761,"Gato Montes Solar, LLC",AZ,11961.905682706869
2029,1,p30,FabTechSolar,404536,Iron Horse Battery Storage Hybrid,AZ,22117.355338518497
2029,1,p30,FabTechSolar,400552,"Picture Rocks Solar, LLC",AZ,1283.320470065238
2029,1,p30,FabTechSolar,405374,Pima Community College,AZ,38493.363365712816
2029,1,p30,FabTechSolar,405303,Pima Community College - East Campus,AZ,123250.66520989646
2029,1,p30,FabTechSolar,405516,Pima Community College NW,AZ,35631.88847947525
2029,1,p30,FabTechSolar,404926,Raptor Ridge,AZ,4826.658248280999
2029,1,p30,FabTechSolar,400857,Rio Rico Solar,AZ,10024.743986247107
2029,1,p30,FabTechSolar,401076,Tech Park Solar,AZ,34518.791071941094
2029,1,p30,FabTechSolar,401075,Valencia Solar,AZ,18824.7999288534
2029,1,p30,FabTechSolar,404187,"Wilmot Energy Center, LLC",AZ,1079.3068932872063
2029,1,p31,SolarCycle,400211,Alamogordo Solar Energy Center,NM,79560.08994597594
2029,1,p31,FabTechSolar,400206,Albuquerque Solar Energy Center,NM,421194.7538555215
2029,1,p31,SolarCycle,403675,Alcalde Solar Array,NM,783836.1464194283
2029,1,p31,FabTechSolar,405469,Arroyo Solar Energy Storage Hybrid,NM,1709.517567311443
2029,1,p31,FabTechSolar,403321,Bluewater CDEC 1,NM,558089.9817363516
2029,1,p31,SolarCycle,402876,CNMEC Solar Energy Center,NM,383259.9226234439
2029,1,p31,SolarCycle,402519,Carrizozo Solar,NM,201185.9780303989
2029,1,p31,FabTechSolar,402988,City of Gallup Solar,NM,150733.7604416927
2029,1,p31,FabTechSolar,403604,City of Rio Rancho WWTP,NM,678673.0656339135
2029,1,p31,FabTechSolar,401225,City of Truth or Consequences PV,NM,712083.3713363493
2029,1,p31,FabTechSolar,400209,Deming Solar Energy Center,NM,142795.74566261377
2029,1,p31,FabTechSolar,403868,Encino Solar Energy Center,NM,7861.261603188695
2029,1,p31,FabTechSolar,401038,Eubank Landfill Solar Array,NM,422069.818601582
2029,1,p31,FabTechSolar,402443,Facebook 3 Solar Energy Center,NM,160234.040020277
2029,1,p31,FabTechSolar,403322,Grants CDEC 2,NM,301358.0952541421
2029,1,p31,SolarCycle,401617,Holloman Solar Facility,NM,238563.06961635657
2029,1,p31,FabTechSolar,406109,"Jicarilla Solar 1, LLC",NM,11752.49396226155
2029,1,p31,SolarCycle,400427,Kit Carson,NM,1581593.0814269385
2029,1,p31,SolarCycle,400210,Las Vegas Solar Energy Center,NM,161350.60662032565
2029,1,p31,FabTechSolar,400207,Los Lunas Solar Energy Center,NM,76252.47271899901
2029,1,p31,FabTechSolar,400838,Macho Springs,NM,8834.032800411418
2029,1,p31,FabTechSolar,400582,Manzano Solar,NM,67742.55969585617
2029,1,p31,SolarCycle,401201,Meadow Lake Solar Energy Center,NM,90575.43075680718
2029,1,p31,SolarCycle,405693,NMSU Solar and Storage,NM,447218.1641003165
2029,1,p31,FabTechSolar,406375,OE_ESCL,NM,3741.9239482273792
2029,1,p31,SolarCycle,400581,Otero Solar,NM,156174.90925520254
2029,1,p31,SolarCycle,400146,Questa Solar Facility,NM,1000295.294150694
2029,1,p31,FabTechSolar,403178,"RC Energy AA, LLC Solar Facility",NM,1695801.6615557445
2029,1,p31,FabTechSolar,401566,Rio Communities Solar Energy Center,NM,79979.82321964267
2029,1,p31,FabTechSolar,403084,Rio De Oro Solar Energy Center,NM,80456.07678512078
2029,1,p31,FabTechSolar,400624,Rio Rancho High School,NM,1679322.5696670467
2029,1,p31,FabTechSolar,404648,"Route 66 Energy Center, LLC",NM,28695.988568814955
2029,1,p31,SolarCycle,403387,San Miguel I Solar Energy Center,NM,80454.97896373627
2029,1,p31,SolarCycle,405458,San Miguel II Solar Energy Center,NM,40443.92538437398
2029,1,p31,FabTechSolar,401161,Sandoval Solar Energy Center,NM,135022.38596730016
2029,1,p31,SolarCycle,401564,Santa Fe Solar Energy Center,NM,61432.93586855193
2029,1,p31,FabTechSolar,401565,Santolina Solar Energy Center,NM,76152.8172385372
2029,1,p31,FabTechSolar,400596,Silver City WWTP PV Project,NM,1084945.8994478893
2029,1,p31,FabTechSolar,406343,Sky Ranch Solar,NM,4550.851001468559
2029,1,p31,FabTechSolar,401563,South Valley Solar Energy Center,NM,54509.446224825624
2029,1,p31,SolarCycle,401162,Springer Solar 1,NM,655020.8136941259
2029,1,p31,SolarCycle,400735,Storrie Lake Solar Project,NM,537055.0482491455
2029,1,p31,FabTechSolar,400623,Sue Cleveland High School,NM,564744.2102893173
2029,1,p31,SolarCycle,400343,"SunE EPE1, LLC",NM,121834.18208663007
2029,1,p31,SolarCycle,402854,Syncarpha Eagle Nest,NM,633576.2096011543
2029,1,p31,SolarCycle,403412,Syncarpha El Rito,NM,1234946.2934370597
2029,1,p31,SolarCycle,403413,Syncarpha Questa,NM,1267096.2410138668
2029,1,p31,SolarCycle,403411,Syncarpha Taos,NM,613565.2861759409
2029,1,p31,SolarCycle,404618,Taos Mesa Energy Facility Hybrid,NM,128406.64822248406
2029,1,p31,FabTechSolar,403011,Vista Solar Energy Center,NM,161873.49087687794
2029,1,p31,SolarCycle,400354,WSMR I,NM,138188.28895068588
2029,1,p31,FabTechSolar,405245,Wal-Mart Truth or Consequences PV,NM,1364135.4441885622
2029,1,p47,SolarCycle,400979,"Caprock Solar 1, LLC",NM,21573.758143745512
2029,1,p47,SolarCycle,401681,"Chaves Solar, LLC",NM,3101.017610723509
2029,1,p47,SolarCycle,400614,GSE NM1,NM,202750.7175389056
2029,1,p47,SolarCycle,404982,Hayhurst New Mexico Solar,NM,8605.554114256738
2029,1,p47,SolarCycle,402530,Middle Daisy,NM,30557.891938361416
2029,1,p47,SolarCycle,401682,"Roswell Solar, LLC",NM,11298.854754890008
2029,1,p47,SolarCycle,400546,SEV NM Phase 2,NM,135583.12824190003
2029,1,p47,SolarCycle,400260,SPS1 Dollarhide,NM,8073.85211456009
2029,1,p47,SolarCycle,400261,SPS2 Jal,NM,25278.138769815017
2029,1,p47,SolarCycle,400262,SPS3 Lea,NM,9509.039969878817
2029,1,p47,SolarCycle,400264,SPS5 Hopi,NM,27191.2489941207
2029,1,p47,SolarCycle,404698,SoCore Clovis 1,NM,427243.3797461629
2029,1,p48,SolarCycle,406439,"BESSP1, LLC",TX,40535.15273859428
2029,1,p48,SolarCycle,405590,"Hecate Energy Frye Solar, LLC",TX,647.0363211537418
2029,1,p57,OkonRecycling,404918,"Hecate Energy Upshur Rural, LLC",TX,16218.310246873134
2029,1,p59,SolarCycle,402666,Fort Bliss (DEA EPIC),TX,50368.76617123205
2029,1,p59,SolarCycle,401616,Montana Solar Facility,TX,24402.3218916609
2029,1,p59,SolarCycle,401045,Newman Solar,TX,7704.25721275938
2029,1,p60,SolarCycle,403962,"ANSON Solar Center, LLC",TX,1655.5443057276539
2029,1,p60,OkonRecycling,403883,Azure Sky Solar,TX,981.8313515321582
2029,1,p60,SolarCycle,403232,"ENGIE Long Draw Solar, LLC",TX,1485.773918468813
2029,1,p60,SolarCycle,406252,Highpeak Solar 1,TX,25395.7689529463
2029,1,p60,SolarCycle,402721,Holstein 1 Solar Farm,TX,908.0932576453025
2029,1,p60,SolarCycle,405492,Juno Solar Project,TX,673.223672823214
2029,1,p60,SolarCycle,402541,Lamesa II,TX,1802.71273814982
2029,1,p60,SolarCycle,401660,Lamesa Solar,TX,916.4707633924578
2029,1,p60,SolarCycle,405932,Lumina II Solar Project,TX,1558.397175417591
2029,1,p60,SolarCycle,405933,Lumina Solar Project,TX,759.4101884773121
2029,1,p60,SolarCycle,402909,Misae Solar,TX,1849.2029166390482
2029,1,p60,OkonRecycling,400968,"OCI Alamo 7, LLC",TX,2039.1305603225144
2029,1,p60,SolarCycle,405939,Texas Solar Nova 1,TX,951.7750151720574
2029,1,p61,SolarCycle,400967,Alamo 6,TX,600.1236413779088
2029,1,p61,SolarCycle,403557,Aragorn Solar Project,TX,906.8778558240494
2029,1,p61,SolarCycle,400691,Barilla Solar,TX,1805.782325273197
2029,1,p61,SolarCycle,401946,Bluebell Solar,TX,1520.0077515394028
2029,1,p61,SolarCycle,403574,Bluebell Solar II,TX,690.4530022372805
2029,1,p61,SolarCycle,400554,"Bryan Solar, LLC",TX,14880.299900488206
2029,1,p61,SolarCycle,401463,Buckthorn Westex,TX,515.4412904572997
2029,1,p61,SolarCycle,401703,East Pecos Solar,TX,581.0784141853778
2029,1,p61,SolarCycle,405363,Galloway 1 Solar Farm,TX,699.5074394617906
2029,1,p61,SolarCycle,405494,Galloway 2 Solar Farm,TX,2409.2343296121844
2029,1,p61,SolarCycle,403210,Greasewood,TX,509.4503686452261
2029,1,p61,SolarCycle,406370,Hayhurst Texas Solar,TX,6459.7233498410515
2029,1,p61,SolarCycle,402304,Midway Solar-TX,TX,562.0164742523933
2029,1,p61,SolarCycle,400695,"OCI Alamo 4, LLC",TX,2379.071050920321
2029,1,p61,SolarCycle,401868,Pearl Solar,TX,972.8949543304986
2029,1,p61,SolarCycle,402290,RE Maplewood,TX,578.7694773158255
2029,1,p61,SolarCycle,401430,RE Roserock,TX,554.9982812410962
2029,1,p61,SolarCycle,402848,Rambler,TX,659.6964293567956
2029,1,p61,SolarCycle,402083,Solaire Holman Solar Project,TX,3864.782132079387
2029,1,p61,SolarCycle,403023,"Taygete Energy Project, LLC",TX,495.5029746600201
2029,1,p61,SolarCycle,404647,Taygete II Energy Project,TX,557.3599655555922
2029,1,p61,SolarCycle,403551,Titan Solar Project,TX,753.2056874824949
2029,1,p61,SolarCycle,406103,Zier Solar,TX,2329.506586662349
2029,1,p62,SolarCycle,403502,2W Permian Solar Project Hybrid,TX,438.1113843318755
2029,1,p62,SolarCycle,403697,CED Crane Solar,TX,655.9920633762164
2029,1,p62,SolarCycle,401525,Castle Gap Solar Hybrid,TX,508.5530591603072
2029,1,p62,SolarCycle,404599,Emerald Grove,TX,1315.779732654234
2029,1,p62,SolarCycle,403004,Lapetus,TX,694.0781815767506
2029,1,p62,SolarCycle,403280,Oberon IA,TX,468.2878226045532
2029,1,p62,SolarCycle,403279,Oberon IB,TX,860.3693039894827
2029,1,p62,SolarCycle,403602,Oxy Renewable Energy-Goldsmith,TX,1470.0255852112753
2029,1,p62,SolarCycle,402679,Phoebe Solar,TX,474.41058650003833
2029,1,p62,SolarCycle,403177,Prospero Solar,TX,454.3213917156351
2029,1,p62,SolarCycle,404128,Prospero Solar II,TX,561.80436297039
2029,1,p62,SolarCycle,403070,"Roadrunner, LLC",TX,469.78954163660734
2029,1,p62,SolarCycle,401805,Upton County Solar,TX,484.2790354253568
2029,1,p62,SolarCycle,402995,West of the Pecos Solar,TX,541.2992944108993
2029,1,p63,OkonRecycling,405599,"BPL Crown Solar, LLC",TX,2076.769246308051
2029,1,p63,OkonRecycling,404966,BPL Files Solar,TX,625.0910573573856
2029,1,p63,OkonRecycling,403825,Briar Creek Solar 1,TX,1060.7158667634922
2029,1,p63,OkonRecycling,402610,Chisum,TX,5940.892868574867
2029,1,p63,OkonRecycling,401697,CoServ Community Solar Station,TX,8717.127805640732
2029,1,p63,OkonRecycling,403188,Coniglio Solar,TX,806.5149983657332
2029,1,p63,OkonRecycling,402655,Eddy II,TX,12045.834315224482
2029,1,p63,OkonRecycling,406221,Eiffel Solar Project,TX,1695.6227419679979
2029,1,p63,OkonRecycling,405540,"Ellis Solar, LLC",TX,664.1407585713059
2029,1,p63,OkonRecycling,403823,Elm Branch Solar 1,TX,865.6026638164229
2029,1,p63,OkonRecycling,406206,Five Wells Solar Center - Hybrid,TX,688.3686255423839
2029,1,p63,OkonRecycling,404567,G.S.E. One LLC,TX,2867.576909741065
2029,1,p63,OkonRecycling,406202,Grizzly Ridge Solar,TX,2198.217717443402
2029,1,p63,OkonRecycling,402329,Highway 56 Solar,TX,4010.7750662881695
2029,1,p63,OkonRecycling,405319,IKEA Grand Prairie Rooftop PV System,TX,5139.444406386554
2029,1,p63,OkonRecycling,405689,"IP Radian, LLC",TX,2071.3917232435724
2029,1,p63,OkonRecycling,403481,Impact Solar 1,TX,1198.6952293570193
2029,1,p63,OkonRecycling,403190,Kellam Solar,TX,4094.321758893582
2029,1,p63,OkonRecycling,402421,Leon Solar,TX,2720.602624617091
2029,1,p63,OkonRecycling,403874,Lily Solar Hybrid,TX,717.4571809388345
2029,1,p63,OkonRecycling,402404,Marlin Solar,TX,21787.80100273093
2029,1,p63,OkonRecycling,405794,Noble Solar,TX,592.6991226879247
2029,1,p63,OkonRecycling,402405,North Gainesville Solar,TX,4436.10682616647
2029,1,p63,OkonRecycling,401933,Phantom Solar,TX,28219.19019030833
2029,1,p63,OkonRecycling,404872,"Pisgah Ridge Solar, LLC",TX,1256.570902384822
2029,1,p63,OkonRecycling,406416,Pitts Dudik Solar,TX,4481.3421872311355
2029,1,p63,OkonRecycling,403189,Rippey Solar,TX,3570.560762677464
2029,1,p63,OkonRecycling,404630,"Samson Solar Energy III, LLC",TX,832.5143369443124
2029,1,p63,OkonRecycling,402652,Sterling Solar (TX),TX,2539.256168801019
2029,1,p63,OkonRecycling,404812,Sun Valley Solar Project,TX,1257.9639289057357
2029,1,p63,OkonRecycling,403457,"TPE Whitney Solar, LLC",TX,11181.924324274985
2029,1,p63,OkonRecycling,405361,Toyota HQ Plan,TX,1404.4382499907183
2029,1,p63,OkonRecycling,405907,Verizon Hidden Ridge Solar Project,TX,1618.072607680322
2029,1,p63,OkonRecycling,405984,Waco Solar,TX,1009.8465485109427
2029,1,p63,OkonRecycling,402306,Walnut Springs Solar,TX,16601.83177278624
2029,1,p63,OkonRecycling,402497,West Moore Solar II,TX,5255.278869772255
2029,1,p63,OkonRecycling,402330,Whitesboro Solar,TX,4647.39724303403
2029,1,p63,OkonRecycling,402331,Whitesboro Solar II,TX,4256.084856219564
2029,1,p63,OkonRecycling,402414,Whitewright Solar,TX,18773.114762786092
2029,1,p63,OkonRecycling,402654,Yellow Jacket,TX,25534.584516549454
2029,1,p64,OkonRecycling,405731,Austin TX GigaFactory,TX,210431.40639111312
2029,1,p64,OkonRecycling,404721,"Blue Jay Solar I, LLC",TX,1174.479272578099
2029,1,p64,OkonRecycling,402648,Bovine,TX,48611.22197032947
2029,1,p64,OkonRecycling,402389,"E-Volve Energy Holdings, LLC",TX,72951.09422864171
2029,1,p64,OkonRecycling,400227,East Blackland Solar Project 1,TX,1662.2904617245892
2029,1,p64,OkonRecycling,405101,IKEA Round Rock 027,TX,252251.57903109505
2029,1,p64,SolarCycle,402653,Lampwick,TX,26523.441140518924
2029,1,p64,OkonRecycling,405613,Niagara Bottling - Seguin,TX,51699.56675433909
2029,1,p64,OkonRecycling,400249,Webberville Solar Project,TX,6939.001258235407
2029,1,p65,OkonRecycling,405700,Aktina Solar,TX,6444.401557675696
2029,1,p65,OkonRecycling,405727,Bernard Creek Solar,TX,9471.664906493774
2029,1,p65,OkonRecycling,405477,Brightside,TX,108240.6861027039
2029,1,p65,OkonRecycling,401728,CPS 1 Community Solar,TX,4465372.537055246
2029,1,p65,OkonRecycling,402656,Cascade Solar (TX),TX,298672.421094454
2029,1,p65,OkonRecycling,404359,FELPS 1-Calaveras,TX,9272413.055801291
2029,1,p65,OkonRecycling,404361,FELPS 2-Calaveras,TX,3090999.969190314
2029,1,p65,OkonRecycling,404739,FELPS 6- Floresville West,TX,9438047.235432908
2029,1,p65,OkonRecycling,404740,FELPS 7- Floresville West,TX,9434999.258848624
2029,1,p65,OkonRecycling,406516,Ganado Solar,TX,60507.39159079225
2029,1,p65,SolarCycle,405801,Horizon Solar,TX,50143.09455798611
2029,1,p65,OkonRecycling,405380,IKEA Live Oak Rooftop PV System,TX,2511557.274849533
2029,1,p65,SolarCycle,403343,Mars Solar,TX,663134.208804846
2029,1,p65,OkonRecycling,404877,Nebula Solar,TX,123267.04583846462
2029,1,p65,OkonRecycling,400694,"OCI Alamo 2, LLC",TX,995451.9226241341
2029,1,p65,OkonRecycling,400965,"OCI Alamo 3, LLC",TX,1583476.8065736587
2029,1,p65,SolarCycle,400966,"OCI Alamo 5, LLC",TX,30511.87686287378
2029,1,p65,OkonRecycling,400593,OCI Alamo Solar I Hybrid,TX,76546.5671895703
2029,1,p65,SolarCycle,405809,Shakes Solar,TX,49322.3154767095
2029,1,p65,OkonRecycling,405545,Sparta Solar,TX,43035.58934076594
2029,1,p65,OkonRecycling,400379,"SunE CPS1, LLC",TX,472385.48927312717
2029,1,p65,OkonRecycling,400364,"SunE CPS2, LLC",TX,946948.5915256671
2029,1,p65,OkonRecycling,400353,"SunE CPS3, LLC",TX,301927.9687516023
2029,1,p65,OkonRecycling,406032,Tres Bahias,TX,26070.993718840982
2029,1,p67,OkonRecycling,404939,Brazoria County Solar Project (Danciger),TX,3038.462892846065
2029,1,p67,OkonRecycling,404587,Fighting Jays Solar Project,TX,2659.139946182144
2029,1,p67,OkonRecycling,405564,"Fort Bend Solar, LLC",TX,4395.13119230684
2029,1,p67,OkonRecycling,403514,Wagyu,TX,9260.52361926009
2029,2,p12,ComstockMetals,402144,Battle Mountain Solar Project,NV,2015.2476937658412
2029,2,p12,ComstockMetals,405025,Brady,NV,790.3886418473566
2029,2,p12,ComstockMetals,405553,Dodge Flat,NV,425.5741213170448
2029,2,p12,ComstockMetals,402609,"EGP Stillwater Solar PV II, LLC",NV,2449.71616798116
2029,2,p12,ComstockMetals,404659,Fish Springs,NV,535.7220022817238
2029,2,p12,ComstockMetals,401086,Ft. Churchill PV,NV,608.8394920812801
2029,2,p12,ComstockMetals,405028,Galena 2 Geothermal Power Plant,NV,1462.4858891713582
2029,2,p12,ComstockMetals,402130,Luning Energy,NV,2217.947876349422
2029,2,p12,ComstockMetals,400468,"Patua Acquisition Project, LLC",NV,1186.5259744899097
2029,2,p12,ComstockMetals,405021,Steamboat Hills LP,NV,2002.7021267997056
2029,2,p12,ComstockMetals,405023,Steamboat II,NV,1020.1980220541537
2029,2,p12,ComstockMetals,405024,Steamboat III,NV,962.3092153344679
2029,2,p12,ComstockMetals,400029,Stillwater Facility,NV,2293.6666058586743
2029,2,p12,ComstockMetals,401318,Sunshine Valley Solar,NV,3171.7668653476067
2029,2,p12,ComstockMetals,405026,TS Power Plant,NV,2315.7586491600246
2029,2,p12,ComstockMetals,405576,Tesla Reno GigaFactory,NV,999.2964067857852
2029,2,p12,ComstockMetals,401943,Tungsten Mountain,NV,13309.003489539597
2029,2,p12,ComstockMetals,403308,Turquoise Liberty Solar,NV,942.2783876415001
2029,2,p12,ComstockMetals,403884,"Turquoise Nevada, LLC",NV,481.3710782515283
2029,2,p12,ComstockMetals,400035,Western 102 Power Plant,NV,2656.944067545479
2029,2,p13,WeRecycleSolar,400555,Apex Solar PV Power Project,NV,14027.636087352183
2029,2,p13,WeRecycleSolar,405385,Arrow Canyon Solar Hybrid,NV,744.8844451228899
2029,2,p13,WeRecycleSolar,401649,"Boulder Solar Power, LLC",NV,5271.615717220096
2029,2,p13,WeRecycleSolar,400059,CM10,NV,24587.847638235922
2029,2,p13,WeRecycleSolar,400086,CM48,NV,10462.712520123036
2029,2,p13,WeRecycleSolar,400363,Copper Mountain Solar 2,NV,3529.5683919195762
2029,2,p13,WeRecycleSolar,403688,"Copper Mountain Solar 5, LLC",NV,2324.6211412898497
2029,2,p13,WeRecycleSolar,405358,Dignity - San Martin,NV,105117.39542401594
2029,2,p13,WeRecycleSolar,405556,Dry Lake Solar Energy Center,NV,1607.832209081025
2029,2,p13,WeRecycleSolar,405495,Gemini Solar,NV,711.2394601084052
2029,2,p13,WeRecycleSolar,406090,IGS LAS1,NV,129088.33935757216
2029,2,p13,WeRecycleSolar,406089,IGS VGT,NV,179723.27702057903
2029,2,p13,WeRecycleSolar,405309,IKEA Las Vegas 462,NV,179065.02942282637
2029,2,p13,WeRecycleSolar,400545,Las Vegas WPCF Solar Plant,NV,79586.26096704754
2029,2,p13,WeRecycleSolar,400313,Moapa Southern Paiute,NV,2583.4134583233886
2029,2,p13,WeRecycleSolar,400600,Mountain View Solar,NV,9459.021317587682
2029,2,p13,WeRecycleSolar,400036,Nellis Air Force Base Solar Array,NV,22784.65611944714
2029,2,p13,WeRecycleSolar,401319,"Playa Solar 1, LLC",NV,3826.3317519061493
2029,2,p13,WeRecycleSolar,401274,River Mountains Solar,NV,17873.375056454308
2029,2,p13,WeRecycleSolar,401042,Searchlight Solar,NV,8963.716860497925
2029,2,p13,WeRecycleSolar,400166,Silver State Solar Power North,NV,2323.8635725483496
2029,2,p13,WeRecycleSolar,400658,Silver State Solar Power South,NV,1396.3897763211332
2029,2,p13,WeRecycleSolar,405246,"Solar Las Vegas MB 2, LLC",NV,353071.2019216351
2029,2,p13,WeRecycleSolar,405188,Solar Las Vegas MB-1,NV,54414.575158851534
2029,2,p13,WeRecycleSolar,402485,"Techren Solar I, LLC",NV,2841.318440676204
2029,2,p13,WeRecycleSolar,402691,"Techren Solar III, LLC",NV,19899.41598775724
2029,2,p13,WeRecycleSolar,402692,"Techren Solar IV, LLC",NV,19975.98411577499
2029,2,p13,WeRecycleSolar,404971,Yellow Pine Solar,NV,1944.0064327706662
2029,2,p27,WeRecycleSolar,400374,"Black Mountain Solar, LLC",AZ,2595.5326681173174
2029,2,p27,WeRecycleSolar,402236,Gray Hawk Solar,AZ,2188.9707832978493
2029,2,p27,WeRecycleSolar,403718,Mohave Electric Cooperative at Joy Lane,AZ,2137.973860394097
2029,2,p27,WeRecycleSolar,401311,Mohave Electric at Fort Mohave,AZ,20107.244874064094
2029,2,p27,WeRecycleSolar,406478,Mohave Energy - Hybrid,AZ,5327.462878366386
2029,2,p28,WeRecycleSolar,405418,AZ State University - Tempe Campus Solar,AZ,2772.890747143092
2029,2,p28,FabTechSolar,402067,Apache Solar 1,AZ,7341.337955508728
2029,2,p28,WeRecycleSolar,400274,Arizona Western College PV,AZ,53211.55630373867
2029,2,p28,WeRecycleSolar,400240,Arlington Valley Solar Energy II,AZ,1099.7222665843738
2029,2,p28,WeRecycleSolar,400437,Badger 1,AZ,6203.1175303479
2029,2,p28,FabTechSolar,401688,Bonnybrooke PV,AZ,997.3965614643195
2029,2,p28,FabTechSolar,405635,"Central Line Solar, LLC",AZ,564.0930377952983
2029,2,p28,WeRecycleSolar,400201,Chino Solar Valley,AZ,2792.817032061098
2029,2,p28,WeRecycleSolar,401069,Desert Star Hybrid,AZ,1834.4793227052799
2029,2,p28,FabTechSolar,403257,East Line Solar,AZ,729.0413851874563
2029,2,p28,FabTechSolar,406171,Eleven Mile Solar Center,AZ,503.0092491179033
2029,2,p28,WeRecycleSolar,400349,Foothills Solar Plant Hybrid,AZ,8326.558419548119
2029,2,p28,FabTechSolar,400825,Fort Huachuca Solar PV Project,AZ,8710.16107569018
2029,2,p28,WeRecycleSolar,400845,Gila Bend Hybrid,AZ,1835.7644112994835
2029,2,p28,FabTechSolar,400599,"Gilbert Solar Facility I, LLC",AZ,4725.209019230298
2029,2,p28,WeRecycleSolar,400204,Hyder Solar Hybrid,AZ,5373.676196550005
2029,2,p28,FabTechSolar,405282,Intel - Ocotillo Campus Solar,AZ,3549.2544083804214
2029,2,p28,WeRecycleSolar,405125,Jewish Community Center PV,AZ,8751.814914976416
2029,2,p28,WeRecycleSolar,402234,Kayenta Solar Project,AZ,9594.56413177901
2029,2,p28,WeRecycleSolar,400128,Luke Solar,AZ,2063.2214536629112
2029,2,p28,WeRecycleSolar,405068,Macys Goodyear,AZ,6825.256144685665
2029,2,p28,WeRecycleSolar,406279,McFarland A Solar and Storage,AZ,1285.0671668963528
2029,2,p28,FabTechSolar,404512,Mesa Solar Array,AZ,5940.488844694731
2029,2,p28,WeRecycleSolar,400250,Mesquite Solar 1,AZ,497.2040443121919
2029,2,p28,WeRecycleSolar,401622,"Mesquite Solar 3, LLC",AZ,1066.9665806046908
2029,2,p28,WeRecycleSolar,404922,"Mesquite Solar 5, LLC",AZ,2036.556053300535
2029,2,p28,WeRecycleSolar,403572,OE_AZ1,AZ,3294.816285797822
2029,2,p28,WeRecycleSolar,400203,Paloma Solar Hybrid,AZ,2112.991289194332
2029,2,p28,WeRecycleSolar,405126,Paradise Valley H.S. PV,AZ,7621.663848169661
2029,2,p28,WeRecycleSolar,405150,Phoenix Airport East Economy Lot,AZ,3652.7786382920153
2029,2,p28,WeRecycleSolar,405151,Phoenix Airport Rental Car Center,AZ,1295.940769244211
2029,2,p28,FabTechSolar,400125,"Poseidon Solar, LLC",AZ,2315.4799722560665
2029,2,p28,WeRecycleSolar,400031,Prescott Airport,AZ,29551.966137593066
2029,2,p28,WeRecycleSolar,400401,Prescott Solar Plant,AZ,6059.394665830554
2029,2,p28,WeRecycleSolar,400289,"RE Bagdad Solar I, LLC",AZ,7156.339886584474
2029,2,p28,WeRecycleSolar,405132,"RE Gillespie 1, LLC",AZ,5969.733364973003
2029,2,p28,FabTechSolar,406380,SR McNeal,AZ,8936.353992495146
2029,2,p28,FabTechSolar,403674,Saint Solar,AZ,624.6482092431628
2029,2,p28,FabTechSolar,401214,Sandstone Solar,AZ,959.687785253741
2029,2,p28,WeRecycleSolar,405029,Solana Generating Station,AZ,627.1730498624497
2029,2,p28,WeRecycleSolar,406275,Sonoran Solar Energy,AZ,462.30214825274254
2029,2,p28,FabTechSolar,406034,Storey Solar and Storage,AZ,917.1133205675231
2029,2,p28,WeRecycleSolar,403643,Sun Streams 2,AZ,986.4838591848596
2029,2,p28,WeRecycleSolar,406517,Sun Streams 3,AZ,802.0475849832517
2029,2,p28,WeRecycleSolar,401975,"Sun Streams, LLC",AZ,513.0405638848287
2029,2,p28,WeRecycleSolar,405311,T0588 Phoenix - AZ,AZ,4947.9876766726975
2029,2,p28,FabTechSolar,405134,Union HS at Casa Grande,AZ,30446.628819374284
2029,2,p28,FabTechSolar,405135,Vista Grande HS at Casa Grande,AZ,39468.57034213811
2029,2,p28,FabTechSolar,406098,"West Line Solar, LLC",AZ,618.8906667926608
2029,2,p29,FabTechSolar,400014,Springerville,AZ,9936.143653109895
2029,2,p30,FabTechSolar,405143,Actus Lend Lease DMAFB,AZ,17612.536236032414
2029,2,p30,FabTechSolar,405611,Amazon TUS2,AZ,14385.727821251554
2029,2,p30,FabTechSolar,400939,Avalon Solar,AZ,1681.5162425312255
2029,2,p30,FabTechSolar,401479,Avalon Solar II,AZ,3858.4119885607247
2029,2,p30,FabTechSolar,400226,Avra Valley Solar,AZ,1873.087347704496
2029,2,p30,FabTechSolar,404704,Broadway 2 - Tucson Phase II,AZ,10172.628991124242
2029,2,p30,FabTechSolar,405269,Canyon Del Oro High School Solar,AZ,10417.97113131684
2029,2,p30,FabTechSolar,401295,Davis Monthan AFB (AZ) West Airfield,AZ,3157.7413313755246
2029,2,p30,FabTechSolar,400761,"Gato Montes Solar, LLC",AZ,11537.133459022196
2029,2,p30,FabTechSolar,404536,Iron Horse Battery Storage Hybrid,AZ,28292.6434701103
2029,2,p30,FabTechSolar,400552,"Picture Rocks Solar, LLC",AZ,967.2454715902038
2029,2,p30,FabTechSolar,405374,Pima Community College,AZ,33016.758544034616
2029,2,p30,FabTechSolar,405516,Pima Community College NW,AZ,34337.506045927024
2029,2,p30,FabTechSolar,400408,Prairie Fire,AZ,12683.257135027538
2029,2,p30,FabTechSolar,400857,Rio Rico Solar,AZ,5344.608555045034
2029,2,p30,FabTechSolar,401076,Tech Park Solar,AZ,11355.100887824718
2029,2,p30,FabTechSolar,400156,UASTP I,AZ,93736.01503827708
2029,2,p30,FabTechSolar,401075,Valencia Solar,AZ,4343.976045985407
2029,2,p30,FabTechSolar,404187,"Wilmot Energy Center, LLC",AZ,836.2332495348136
2029,2,p31,FabTechSolar,400206,Albuquerque Solar Energy Center,NM,121411.06529966995
2029,2,p31,FabTechSolar,405469,Arroyo Solar Energy Storage Hybrid,NM,1404.2337863264568
2029,2,p31,SolarCycle,402519,Carrizozo Solar,NM,46593.20916160871
2029,2,p31,FabTechSolar,401202,Cibola,NM,38804.91895148271
2029,2,p31,FabTechSolar,402988,City of Gallup Solar,NM,22016.296703880475
2029,2,p31,FabTechSolar,401225,City of Truth or Consequences PV,NM,102732.03020283111
2029,2,p31,FabTechSolar,400209,Deming Solar Energy Center,NM,82299.59935997736
2029,2,p31,FabTechSolar,403868,Encino Solar Energy Center,NM,8982.761137667541
2029,2,p31,FabTechSolar,401038,Eubank Landfill Solar Array,NM,162083.6188701341
2029,2,p31,FabTechSolar,403322,Grants CDEC 2,NM,58099.166293579336
2029,2,p31,FabTechSolar,400216,"Hatch Solar Energy Center I, LLC",NM,40206.11649469175
2029,2,p31,SolarCycle,401617,Holloman Solar Facility,NM,46060.2124198696
2029,2,p31,FabTechSolar,406109,"Jicarilla Solar 1, LLC",NM,19988.324839045257
2029,2,p31,SolarCycle,400427,Kit Carson,NM,455115.41048165783
2029,2,p31,SolarCycle,400434,Los Alamos PV Site,NM,1075005.8963601852
2029,2,p31,FabTechSolar,400207,Los Lunas Solar Energy Center,NM,44026.915237122
2029,2,p31,FabTechSolar,400838,Macho Springs,NM,7676.311916430647
2029,2,p31,FabTechSolar,400582,Manzano Solar,NM,116597.19325113317
2029,2,p31,SolarCycle,401201,Meadow Lake Solar Energy Center,NM,34976.555719084325
2029,2,p31,SolarCycle,405693,NMSU Solar and Storage,NM,128894.81020760721
2029,2,p31,FabTechSolar,406375,OE_ESCL,NM,2322.123664423473
2029,2,p31,SolarCycle,400581,Otero Solar,NM,30264.896592641046
2029,2,p31,SolarCycle,400146,Questa Solar Facility,NM,1150589.1943723876
2029,2,p31,FabTechSolar,403178,"RC Energy AA, LLC Solar Facility",NM,244179.6090563108
2029,2,p31,FabTechSolar,401566,Rio Communities Solar Energy Center,NM,91941.4376812769
2029,2,p31,FabTechSolar,403084,Rio De Oro Solar Energy Center,NM,31096.425582675314
2029,2,p31,FabTechSolar,400624,Rio Rancho High School,NM,483220.20355421497
2029,2,p31,SolarCycle,405458,San Miguel II Solar Energy Center,NM,92525.82666764646
2029,2,p31,FabTechSolar,401161,Sandoval Solar Energy Center,NM,52019.14271291737
2029,2,p31,SolarCycle,401564,Santa Fe Solar Energy Center,NM,35503.38719838579
2029,2,p31,FabTechSolar,401565,Santolina Solar Energy Center,NM,29446.398604845795
2029,2,p31,FabTechSolar,400596,Silver City WWTP PV Project,NM,125156.3601552308
2029,2,p31,FabTechSolar,401563,South Valley Solar Energy Center,NM,93763.92629109915
2029,2,p31,SolarCycle,400735,Storrie Lake Solar Project,NM,206173.15818714548
2029,2,p31,FabTechSolar,400623,Sue Cleveland High School,NM,487277.9384040922
2029,2,p31,SolarCycle,400343,"SunE EPE1, LLC",NM,70243.45505002489
2029,2,p31,SolarCycle,402854,Syncarpha Eagle Nest,NM,1092923.045178702
2029,2,p31,SolarCycle,403413,Syncarpha Questa,NM,243248.815852562
2029,2,p31,SolarCycle,403411,Syncarpha Taos,NM,176732.4846735229
2029,2,p31,SolarCycle,404618,Taos Mesa Energy Facility Hybrid,NM,37211.820311242336
2029,2,p31,FabTechSolar,403011,Vista Solar Energy Center,NM,18974.451292115267
2029,2,p31,SolarCycle,400354,WSMR I,NM,79649.59842758009
2029,2,p47,SolarCycle,400979,"Caprock Solar 1, LLC",NM,24753.695201856808
2029,2,p47,SolarCycle,401681,"Chaves Solar, LLC",NM,2471.1095681059173
2029,2,p47,SolarCycle,400614,GSE NM1,NM,77980.1137956419
2029,2,p47,SolarCycle,404982,Hayhurst New Mexico Solar,NM,14556.832422305244
2029,2,p47,SolarCycle,402530,Middle Daisy,NM,26415.319406619084
2029,2,p47,SolarCycle,401682,"Roswell Solar, LLC",NM,6667.838353209475
2029,2,p47,SolarCycle,400546,SEV NM Phase 2,NM,311370.65332346177
2029,2,p47,SolarCycle,400260,SPS1 Dollarhide,NM,4813.16685855612
2029,2,p47,SolarCycle,400261,SPS2 Jal,NM,14707.205283926904
2029,2,p47,SolarCycle,400262,SPS3 Lea,NM,10877.062291064676
2029,2,p47,SolarCycle,400264,SPS5 Hopi,NM,15807.418646476784
2029,2,p47,SolarCycle,404698,SoCore Clovis 1,NM,123136.99239758133
2029,2,p48,SolarCycle,406439,"BESSP1, LLC",TX,12609.501156554203
2029,2,p48,SolarCycle,405590,"Hecate Energy Frye Solar, LLC",TX,700.603340765375
2029,2,p57,OkonRecycling,404918,"Hecate Energy Upshur Rural, LLC",TX,5516.21340190813
2029,2,p59,SolarCycle,402666,Fort Bliss (DEA EPIC),TX,45538.1375001251
2029,2,p59,SolarCycle,401616,Montana Solar Facility,TX,29309.261761781574
2029,2,p60,SolarCycle,403962,"ANSON Solar Center, LLC",TX,1299.2438408394707
2029,2,p60,OkonRecycling,403883,Azure Sky Solar,TX,816.7182765958797
2029,2,p60,SolarCycle,403232,"ENGIE Long Draw Solar, LLC",TX,1177.6511782763068
2029,2,p60,SolarCycle,406252,Highpeak Solar 1,TX,18302.427796012067
2029,2,p60,SolarCycle,402721,Holstein 1 Solar Farm,TX,691.1245619451419
2029,2,p60,SolarCycle,405492,Juno Solar Project,TX,595.6878015670031
2029,2,p60,SolarCycle,402541,Lamesa II,TX,1404.6485691456812
2029,2,p60,SolarCycle,401660,Lamesa Solar,TX,893.207767431368
2029,2,p60,SolarCycle,405932,Lumina II Solar Project,TX,1229.6652857952308
2029,2,p60,SolarCycle,405933,Lumina Solar Project,TX,1172.2484905919744
2029,2,p60,SolarCycle,402909,Misae Solar,TX,1437.9456869576545
2029,2,p60,OkonRecycling,400968,"OCI Alamo 7, LLC",TX,1280.481509480179
2029,2,p60,SolarCycle,405939,Texas Solar Nova 1,TX,795.1913776830166
2029,2,p61,SolarCycle,400967,Alamo 6,TX,934.7626314009775
2029,2,p61,SolarCycle,403557,Aragorn Solar Project,TX,738.6148359497066
2029,2,p61,SolarCycle,400691,Barilla Solar,TX,1339.1192493100725
2029,2,p61,SolarCycle,401946,Bluebell Solar,TX,1148.210316730748
2029,2,p61,SolarCycle,403574,Bluebell Solar II,TX,594.0343113703057
2029,2,p61,SolarCycle,400554,"Bryan Solar, LLC",TX,19746.84784102468
2029,2,p61,SolarCycle,401463,Buckthorn Westex,TX,477.1194345558275
2029,2,p61,SolarCycle,401703,East Pecos Solar,TX,520.9676785223363
2029,2,p61,SolarCycle,405363,Galloway 1 Solar Farm,TX,550.0622802620653
2029,2,p61,SolarCycle,403210,Greasewood,TX,473.11725733842894
2029,2,p61,SolarCycle,406370,Hayhurst Texas Solar,TX,1749.379805825322
2029,2,p61,SolarCycle,402304,Midway Solar-TX,TX,562.3503016153691
2029,2,p61,SolarCycle,400695,"OCI Alamo 4, LLC",TX,1722.0992228013636
2029,2,p61,SolarCycle,401868,Pearl Solar,TX,782.7169183819618
2029,2,p61,SolarCycle,402290,RE Maplewood,TX,519.4252156383923
2029,2,p61,SolarCycle,401430,RE Roserock,TX,529.431373288181
2029,2,p61,SolarCycle,402848,Rambler,TX,573.4876811306218
2029,2,p61,SolarCycle,402083,Solaire Holman Solar Project,TX,2714.6141023426235
2029,2,p61,SolarCycle,403023,"Taygete Energy Project, LLC",TX,527.5996720931414
2029,2,p61,SolarCycle,404647,Taygete II Energy Project,TX,478.8420992001593
2029,2,p61,SolarCycle,403551,Titan Solar Project,TX,635.9556341812353
2029,2,p61,SolarCycle,406103,Zier Solar,TX,1688.9881631233611
2029,2,p62,SolarCycle,403502,2W Permian Solar Project Hybrid,TX,430.18969035127515
2029,2,p62,SolarCycle,403697,CED Crane Solar,TX,602.7824824838009
2029,2,p62,SolarCycle,401525,Castle Gap Solar Hybrid,TX,514.652819192483
2029,2,p62,SolarCycle,404599,Emerald Grove,TX,641.8096940803182
2029,2,p62,SolarCycle,403004,Lapetus,TX,632.9521584300644
2029,2,p62,SolarCycle,403280,Oberon IA,TX,454.0937637227205
2029,2,p62,SolarCycle,403279,Oberon IB,TX,764.6786118721532
2029,2,p62,SolarCycle,403602,Oxy Renewable Energy-Goldsmith,TX,2095.22790377636
2029,2,p62,SolarCycle,402679,Phoebe Solar,TX,435.3663232864631
2029,2,p62,SolarCycle,403177,Prospero Solar,TX,443.0303444520572
2029,2,p62,SolarCycle,404128,Prospero Solar II,TX,656.3445910557404
2029,2,p62,SolarCycle,403070,"Roadrunner, LLC",TX,455.2833408888905
2029,2,p62,SolarCycle,401805,Upton County Solar,TX,457.2238009463289
2029,2,p62,SolarCycle,402995,West of the Pecos Solar,TX,511.92933607375926
2029,2,p63,OkonRecycling,405599,"BPL Crown Solar, LLC",TX,2552.5206163576604
2029,2,p63,OkonRecycling,404966,BPL Files Solar,TX,544.4781810575097
2029,2,p63,OkonRecycling,403825,Briar Creek Solar 1,TX,682.7271408781065
2029,2,p63,OkonRecycling,401697,CoServ Community Solar Station,TX,5071.167625240993
2029,2,p63,OkonRecycling,403188,Coniglio Solar,TX,660.9279472317097
2029,2,p63,OkonRecycling,406221,Eiffel Solar Project,TX,815.807760854471
2029,2,p63,OkonRecycling,405540,"Ellis Solar, LLC",TX,626.0571153711121
2029,2,p63,OkonRecycling,403823,Elm Branch Solar 1,TX,599.236186911746
2029,2,p63,OkonRecycling,406206,Five Wells Solar Center - Hybrid,TX,585.0938681507363
2029,2,p63,OkonRecycling,404567,G.S.E. One LLC,TX,927.950817955499
2029,2,p63,OkonRecycling,403288,Griffin Solar,TX,39447.17792416182
2029,2,p63,OkonRecycling,406202,Grizzly Ridge Solar,TX,1554.2138901996007
2029,2,p63,OkonRecycling,402329,Highway 56 Solar,TX,2717.631894886144
2029,2,p63,OkonRecycling,405319,IKEA Grand Prairie Rooftop PV System,TX,2833.6686320530994
2029,2,p63,OkonRecycling,405689,"IP Radian, LLC",TX,668.2021654301014
2029,2,p63,OkonRecycling,403481,Impact Solar 1,TX,741.7699346849876
2029,2,p63,OkonRecycling,403190,Kellam Solar,TX,2771.2576333882116
2029,2,p63,OkonRecycling,402421,Leon Solar,TX,2187.41767939521
2029,2,p63,OkonRecycling,403874,Lily Solar Hybrid,TX,603.7648079144475
2029,2,p63,OkonRecycling,402404,Marlin Solar,TX,10696.068473263429
2029,2,p63,OkonRecycling,405794,Noble Solar,TX,523.68691614934
2029,2,p63,OkonRecycling,402405,North Gainesville Solar,TX,2990.637671902145
2029,2,p63,OkonRecycling,401933,Phantom Solar,TX,18256.178048011574
2029,2,p63,OkonRecycling,404872,"Pisgah Ridge Solar, LLC",TX,583.2677663523772
2029,2,p63,OkonRecycling,406416,Pitts Dudik Solar,TX,3019.672688942943
2029,2,p63,OkonRecycling,403189,Rippey Solar,TX,2435.0735266956626
2029,2,p63,OkonRecycling,404630,"Samson Solar Energy III, LLC",TX,677.6160253394391
2029,2,p63,OkonRecycling,402652,Sterling Solar (TX),TX,3603.934304026833
2029,2,p63,OkonRecycling,404812,Sun Valley Solar Project,TX,950.6974347028092
2029,2,p63,OkonRecycling,404388,"TPE Erath Solar, LLC",TX,5145.7093345634785
2029,2,p63,OkonRecycling,403457,"TPE Whitney Solar, LLC",TX,7320.5451027655245
2029,2,p63,OkonRecycling,405361,Toyota HQ Plan,TX,1125.3035268386518
2029,2,p63,OkonRecycling,405907,Verizon Hidden Ridge Solar Project,TX,1181.8387670293475
2029,2,p63,OkonRecycling,405984,Waco Solar,TX,530.4798172015137
2029,2,p63,OkonRecycling,402306,Walnut Springs Solar,TX,15999.09495170656
2029,2,p63,OkonRecycling,402497,West Moore Solar II,TX,3516.435934271203
2029,2,p63,OkonRecycling,402330,Whitesboro Solar,TX,3126.2576981364164
2029,2,p63,OkonRecycling,402331,Whitesboro Solar II,TX,2875.087782565482
2029,2,p63,OkonRecycling,402414,Whitewright Solar,TX,12193.06824736951
2029,2,p63,OkonRecycling,402654,Yellow Jacket,TX,32666.04464185
2029,2,p64,OkonRecycling,405731,Austin TX GigaFactory,TX,68155.36185221205
2029,2,p64,OkonRecycling,404721,"Blue Jay Solar I, LLC",TX,599.8753396445853
2029,2,p64,OkonRecycling,402389,"E-Volve Energy Holdings, LLC",TX,47209.434138451266
2029,2,p64,OkonRecycling,400227,East Blackland Solar Project 1,TX,942.9470348669672
2029,2,p64,OkonRecycling,405101,IKEA Round Rock 027,TX,81646.39625812102
2029,2,p64,OkonRecycling,405613,Niagara Bottling - Seguin,TX,66596.20880563739
2029,2,p64,OkonRecycling,400249,Webberville Solar Project,TX,3212.6104504502728
2029,2,p65,OkonRecycling,405700,Aktina Solar,TX,2174.2247575046854
2029,2,p65,OkonRecycling,405727,Bernard Creek Solar,TX,3950.4308828166577
2029,2,p65,OkonRecycling,405477,Brightside,TX,21503.121990821077
2029,2,p65,OkonRecycling,401728,CPS 1 Community Solar,TX,1747882.5789851903
2029,2,p65,OkonRecycling,402656,Cascade Solar (TX),TX,58768.31641500467
2029,2,p65,OkonRecycling,404359,FELPS 1-Calaveras,TX,605207.052849275
2029,2,p65,OkonRecycling,404361,FELPS 2-Calaveras,TX,1814779.4480091615
2029,2,p65,OkonRecycling,404739,FELPS 6- Floresville West,TX,923816.8851911738
2029,2,p65,OkonRecycling,404740,FELPS 7- Floresville West,TX,615812.4393718366
2029,2,p65,SolarCycle,405801,Horizon Solar,TX,10134.123832060899
2029,2,p65,SolarCycle,403343,Mars Solar,TX,130089.09380434926
2029,2,p65,OkonRecycling,404877,Nebula Solar,TX,24443.59941211383
2029,2,p65,OkonRecycling,400694,"OCI Alamo 2, LLC",TX,195119.66350751594
2029,2,p65,OkonRecycling,400965,"OCI Alamo 3, LLC",TX,77847.26080967906
2029,2,p65,SolarCycle,400966,"OCI Alamo 5, LLC",TX,9238.796846182277
2029,2,p65,OkonRecycling,400593,OCI Alamo Solar I Hybrid,TX,45102.895205619374
2029,2,p65,SolarCycle,405809,Shakes Solar,TX,2314.701452465163
2029,2,p65,OkonRecycling,405545,Sparta Solar,TX,8743.270759162711
2029,2,p65,OkonRecycling,400379,"SunE CPS1, LLC",TX,46580.93466385336
2029,2,p65,OkonRecycling,400364,"SunE CPS2, LLC",TX,185628.14643614535
2029,2,p67,OkonRecycling,404939,Brazoria County Solar Project (Danciger),TX,3377.440607303815
2029,2,p67,OkonRecycling,404681,Brazoria West,TX,3423.765317764836
2029,2,p67,OkonRecycling,404587,Fighting Jays Solar Project,TX,1674.69198668342
2029,2,p67,OkonRecycling,405564,"Fort Bend Solar, LLC",TX,2654.2037403166332
2029,2,p67,OkonRecycling,403514,Wagyu,TX,2899.7208504894
2029,3,p12,ComstockMetals,402144,Battle Mountain Solar Project,NV,2015.2476937658412
2029,3,p12,ComstockMetals,405025,Brady,NV,790.3886418473566
2029,3,p12,ComstockMetals,405553,Dodge Flat,NV,425.5741213170448
2029,3,p12,ComstockMetals,402609,"EGP Stillwater Solar PV II, LLC",NV,1424.85808399058
2029,3,p12,ComstockMetals,404659,Fish Springs,NV,535.7220022817238
2029,3,p12,ComstockMetals,401086,Ft. Churchill PV,NV,650.607390497536
2029,3,p12,ComstockMetals,405028,Galena 2 Geothermal Power Plant,NV,1462.4858891713582
2029,3,p12,ComstockMetals,402130,Luning Energy,NV,2217.947876349422
2029,3,p12,ComstockMetals,400468,"Patua Acquisition Project, LLC",NV,1186.5259744899097
2029,3,p12,ComstockMetals,405021,Steamboat Hills LP,NV,2002.7021267997056
2029,3,p12,ComstockMetals,405023,Steamboat II,NV,1020.1980220541537
2029,3,p12,ComstockMetals,405024,Steamboat III,NV,962.3092153344679
2029,3,p12,ComstockMetals,400029,Stillwater Facility,NV,2293.6666058586743
2029,3,p12,ComstockMetals,401318,Sunshine Valley Solar,NV,1323.9222884492024
2029,3,p12,ComstockMetals,405026,TS Power Plant,NV,2315.7586491600246
2029,3,p12,ComstockMetals,405576,Tesla Reno GigaFactory,NV,1199.0618757143804
2029,3,p12,ComstockMetals,401943,Tungsten Mountain,NV,13309.003489539597
2029,3,p12,ComstockMetals,403308,Turquoise Liberty Solar,NV,833.8227101132
2029,3,p12,ComstockMetals,403884,"Turquoise Nevada, LLC",NV,481.3710782515283
2029,3,p12,ComstockMetals,400035,Western 102 Power Plant,NV,2656.944067545479
2029,3,p13,WeRecycleSolar,400555,Apex Solar PV Power Project,NV,14027.636087352183
2029,3,p13,WeRecycleSolar,405385,Arrow Canyon Solar Hybrid,NV,744.8844451228899
2029,3,p13,WeRecycleSolar,401649,"Boulder Solar Power, LLC",NV,2835.8078586100473
2029,3,p13,WeRecycleSolar,400059,CM10,NV,48775.69527647185
2029,3,p13,WeRecycleSolar,400086,CM48,NV,3754.2375067076778
2029,3,p13,WeRecycleSolar,400363,Copper Mountain Solar 2,NV,3529.5683919195762
2029,3,p13,WeRecycleSolar,403688,"Copper Mountain Solar 5, LLC",NV,1362.3105706449253
2029,3,p13,WeRecycleSolar,405355,Dignity - Siena Campus,NV,123159.95035071387
2029,3,p13,WeRecycleSolar,405556,Dry Lake Solar Energy Center,NV,1305.8741568107687
2029,3,p13,WeRecycleSolar,405495,Gemini Solar,NV,789.0493251355066
2029,3,p13,WeRecycleSolar,403386,"Harry Allen Solar Energy, LLC",NV,5857.694127166694
2029,3,p13,WeRecycleSolar,406090,IGS LAS1,NV,171984.45247676285
2029,3,p13,WeRecycleSolar,406089,IGS VGT,NV,179723.27702057903
2029,3,p13,WeRecycleSolar,405309,IKEA Las Vegas 462,NV,179065.02942282637
2029,3,p13,WeRecycleSolar,400545,Las Vegas WPCF Solar Plant,NV,32074.504386819015
2029,3,p13,WeRecycleSolar,400313,Moapa Southern Paiute,NV,2583.4134583233886
2029,3,p13,WeRecycleSolar,400600,Mountain View Solar,NV,13988.531976381526
2029,3,p13,WeRecycleSolar,400036,Nellis Air Force Base Solar Array,NV,22784.65611944714
2029,3,p13,WeRecycleSolar,401319,"Playa Solar 1, LLC",NV,3826.3317519061493
2029,3,p13,WeRecycleSolar,401274,River Mountains Solar,NV,35346.75011290861
2029,3,p13,WeRecycleSolar,401042,Searchlight Solar,NV,26091.150581493774
2029,3,p13,WeRecycleSolar,400166,Silver State Solar Power North,NV,10019.317862741746
2029,3,p13,WeRecycleSolar,400658,Silver State Solar Power South,NV,1396.3897763211332
2029,3,p13,WeRecycleSolar,405246,"Solar Las Vegas MB 2, LLC",NV,176735.60096081748
2029,3,p13,WeRecycleSolar,405188,Solar Las Vegas MB-1,NV,54414.575158851534
2029,3,p13,WeRecycleSolar,402485,"Techren Solar I, LLC",NV,2841.318440676204
2029,3,p13,WeRecycleSolar,402691,"Techren Solar III, LLC",NV,6899.805329252412
2029,3,p13,WeRecycleSolar,402692,"Techren Solar IV, LLC",NV,19975.98411577499
2029,3,p13,WeRecycleSolar,401851,Townsite Solar Project Hybrid,NV,3467.191989110471
2029,3,p13,WeRecycleSolar,406448,Yellow Pine II,NV,10104.06381287499
2029,3,p13,WeRecycleSolar,404971,Yellow Pine Solar,NV,1944.0064327706662
2029,3,p27,WeRecycleSolar,400374,"Black Mountain Solar, LLC",AZ,2595.5326681173174
2029,3,p27,WeRecycleSolar,402236,Gray Hawk Solar,AZ,2188.9707832978493
2029,3,p27,WeRecycleSolar,401819,Jacobson 5 MW Solar,AZ,9823.109110298794
2029,3,p27,WeRecycleSolar,403718,Mohave Electric Cooperative at Joy Lane,AZ,4744.934650985242
2029,3,p27,WeRecycleSolar,401311,Mohave Electric at Fort Mohave,AZ,10253.622437032049
2029,3,p27,WeRecycleSolar,406478,Mohave Energy - Hybrid,AZ,5327.462878366386
2029,3,p28,WeRecycleSolar,405418,AZ State University - Tempe Campus Solar,AZ,7518.672241429276
2029,3,p28,FabTechSolar,402067,Apache Solar 1,AZ,3176.5351822034913
2029,3,p28,WeRecycleSolar,400274,Arizona Western College PV,AZ,26805.77815186933
2029,3,p28,WeRecycleSolar,400240,Arlington Valley Solar Energy II,AZ,1099.7222665843738
2029,3,p28,FabTechSolar,401688,Bonnybrooke PV,AZ,798.2643743095462
2029,3,p28,WeRecycleSolar,400371,Buckeye Union HS District 201,AZ,18070.94212697729
2029,3,p28,FabTechSolar,405635,"Central Line Solar, LLC",AZ,564.0930377952983
2029,3,p28,WeRecycleSolar,400201,Chino Solar Valley,AZ,9971.268128244394
2029,3,p28,WeRecycleSolar,400202,Cotton Center Solar Hybrid,AZ,3018.8501695688706
2029,3,p28,WeRecycleSolar,401069,Desert Star Hybrid,AZ,2790.7988711754665
2029,3,p28,FabTechSolar,403257,East Line Solar,AZ,619.3609234583042
2029,3,p28,FabTechSolar,406171,Eleven Mile Solar Center,AZ,503.0092491179033
2029,3,p28,WeRecycleSolar,400349,Foothills Solar Plant Hybrid,AZ,8326.558419548119
2029,3,p28,FabTechSolar,400825,Fort Huachuca Solar PV Project,AZ,3724.0644302760725
2029,3,p28,WeRecycleSolar,400845,Gila Bend Hybrid,AZ,1357.1762741996558
2029,3,p28,FabTechSolar,400599,"Gilbert Solar Facility I, LLC",AZ,4725.209019230298
2029,3,p28,WeRecycleSolar,400204,Hyder Solar Hybrid,AZ,10347.35239310001
2029,3,p28,FabTechSolar,405282,Intel - Ocotillo Campus Solar,AZ,1974.627204190211
2029,3,p28,WeRecycleSolar,405125,Jewish Community Center PV,AZ,8751.814914976416
2029,3,p28,WeRecycleSolar,402234,Kayenta Solar Project,AZ,9594.56413177901
2029,3,p28,WeRecycleSolar,400595,Lake Pleasant WTP,AZ,9647.383064472286
2029,3,p28,WeRecycleSolar,400128,Luke Solar,AZ,2063.2214536629112
2029,3,p28,WeRecycleSolar,405068,Macys Goodyear,AZ,13250.51228937133
2029,3,p28,WeRecycleSolar,406279,McFarland A Solar and Storage,AZ,1285.0671668963528
2029,3,p28,FabTechSolar,405617,Mesa Carport PV,AZ,5247.343888566867
2029,3,p28,FabTechSolar,404512,Mesa Solar Array,AZ,5940.488844694731
2029,3,p28,WeRecycleSolar,400250,Mesquite Solar 1,AZ,497.2040443121919
2029,3,p28,WeRecycleSolar,401622,"Mesquite Solar 3, LLC",AZ,566.7416451511727
2029,3,p28,WeRecycleSolar,406038,"Mesquite Solar 4, LLC",AZ,2292.595598347515
2029,3,p28,WeRecycleSolar,404922,"Mesquite Solar 5, LLC",AZ,2036.556053300535
2029,3,p28,WeRecycleSolar,403572,OE_AZ1,AZ,3294.816285797822
2029,3,p28,WeRecycleSolar,400203,Paloma Solar Hybrid,AZ,1684.7434668957487
2029,3,p28,WeRecycleSolar,405126,Paradise Valley H.S. PV,AZ,22064.991544508986
2029,3,p28,WeRecycleSolar,405150,Phoenix Airport East Economy Lot,AZ,3652.7786382920153
2029,3,p28,WeRecycleSolar,405151,Phoenix Airport Rental Car Center,AZ,1071.9555769331582
2029,3,p28,FabTechSolar,402528,Pinal Central Energy Center Hybrid,AZ,3516.660617509216
2029,3,p28,FabTechSolar,400125,"Poseidon Solar, LLC",AZ,2315.4799722560665
2029,3,p28,WeRecycleSolar,400031,Prescott Airport,AZ,29551.966137593066
2029,3,p28,WeRecycleSolar,400401,Prescott Solar Plant,AZ,6059.394665830554
2029,3,p28,WeRecycleSolar,405132,"RE Gillespie 1, LLC",AZ,5969.733364973003
2029,3,p28,FabTechSolar,406380,SR McNeal,AZ,8936.353992495146
2029,3,p28,WeRecycleSolar,400416,Saddle Mountain Solar I,AZ,4700.988954000104
2029,3,p28,FabTechSolar,403674,Saint Solar,AZ,624.6482092431628
2029,3,p28,FabTechSolar,401214,Sandstone Solar,AZ,959.687785253741
2029,3,p28,WeRecycleSolar,405029,Solana Generating Station,AZ,854.3460997248994
2029,3,p28,WeRecycleSolar,406275,Sonoran Solar Energy,AZ,462.30214825274254
2029,3,p28,FabTechSolar,406034,Storey Solar and Storage,AZ,917.1133205675231
2029,3,p28,WeRecycleSolar,403643,Sun Streams 2,AZ,693.2419295924298
2029,3,p28,WeRecycleSolar,406517,Sun Streams 3,AZ,802.0475849832517
2029,3,p28,WeRecycleSolar,401975,"Sun Streams, LLC",AZ,513.0405638848287
2029,3,p28,FabTechSolar,405134,Union HS at Casa Grande,AZ,10415.542939791429
2029,3,p28,FabTechSolar,405135,Vista Grande HS at Casa Grande,AZ,13422.856780712702
2029,3,p28,FabTechSolar,400334,Walmart Casa Grande,AZ,29065.01607843165
2029,3,p28,FabTechSolar,406098,"West Line Solar, LLC",AZ,531.3344000755965
2029,3,p29,FabTechSolar,400014,Springerville,AZ,3578.7145510366313
2029,3,p30,FabTechSolar,405143,Actus Lend Lease DMAFB,AZ,17612.536236032414
2029,3,p30,FabTechSolar,400939,Avalon Solar,AZ,2322.2743637968383
2029,3,p30,FabTechSolar,401479,Avalon Solar II,AZ,7316.823977121449
2029,3,p30,FabTechSolar,400226,Avra Valley Solar,AZ,3346.174695408992
2029,3,p30,FabTechSolar,404704,Broadway 2 - Tucson Phase II,AZ,15058.943486686365
2029,3,p30,FabTechSolar,405269,Canyon Del Oro High School Solar,AZ,7078.6474208778955
2029,3,p30,FabTechSolar,401295,Davis Monthan AFB (AZ) West Airfield,AZ,3157.7413313755246
2029,3,p30,FabTechSolar,400761,"Gato Montes Solar, LLC",AZ,22674.26691804439
2029,3,p30,FabTechSolar,400552,"Picture Rocks Solar, LLC",AZ,967.2454715902038
2029,3,p30,FabTechSolar,405374,Pima Community College,AZ,98250.27563210385
2029,3,p30,FabTechSolar,405303,Pima Community College - East Campus,AZ,79291.50753747532
2029,3,p30,FabTechSolar,405516,Pima Community College NW,AZ,23025.004030618016
2029,3,p30,FabTechSolar,404926,Raptor Ridge,AZ,4664.027491793614
2029,3,p30,FabTechSolar,400857,Rio Rico Solar,AZ,25123.04277522517
2029,3,p30,FabTechSolar,401076,Tech Park Solar,AZ,7703.400591883143
2029,3,p30,FabTechSolar,401075,Valencia Solar,AZ,12231.928137956222
2029,3,p30,FabTechSolar,404187,"Wilmot Energy Center, LLC",AZ,836.2332495348136
2029,3,p31,SolarCycle,400211,Alamogordo Solar Energy Center,NM,45929.30722548525
2029,3,p31,SolarCycle,403675,Alcalde Solar Array,NM,113049.26879890954
2029,3,p31,FabTechSolar,405469,Arroyo Solar Energy Storage Hybrid,NM,1153.1753397448429
2029,3,p31,FabTechSolar,403321,Bluewater CDEC 1,NM,160779.0403243495
2029,3,p31,SolarCycle,402876,CNMEC Solar Energy Center,NM,147202.48639892973
2029,3,p31,SolarCycle,402519,Carrizozo Solar,NM,77388.68193601452
2029,3,p31,FabTechSolar,401202,Cibola,NM,115614.75685444816
2029,3,p31,FabTechSolar,402988,City of Gallup Solar,NM,86865.18681552193
2029,3,p31,FabTechSolar,403604,City of Rio Rancho WWTP,NM,260474.68164907862
2029,3,p31,FabTechSolar,401225,City of Truth or Consequences PV,NM,205064.06040566223
2029,3,p31,FabTechSolar,400209,Deming Solar Energy Center,NM,82299.59935997736
2029,3,p31,FabTechSolar,403868,Encino Solar Energy Center,NM,17565.522275335083
2029,3,p31,FabTechSolar,401038,Eubank Landfill Solar Array,NM,242925.42830520112
2029,3,p31,FabTechSolar,402443,Facebook 3 Solar Energy Center,NM,46364.659199731155
2029,3,p31,FabTechSolar,403322,Grants CDEC 2,NM,173497.49888073804
2029,3,p31,FabTechSolar,400216,"Hatch Solar Energy Center I, LLC",NM,159624.465978767
2029,3,p31,SolarCycle,401617,Holloman Solar Facility,NM,34645.15931490219
2029,3,p31,SolarCycle,400210,Las Vegas Solar Energy Center,NM,62114.34470700338
2029,3,p31,SolarCycle,400434,Los Alamos PV Site,NM,1075005.8963601852
2029,3,p31,FabTechSolar,400838,Macho Springs,NM,7676.311916430647
2029,3,p31,FabTechSolar,400582,Manzano Solar,NM,58498.59662556658
2029,3,p31,SolarCycle,401201,Meadow Lake Solar Energy Center,NM,52264.83357862648
2029,3,p31,SolarCycle,405693,NMSU Solar and Storage,NM,128894.81020760721
2029,3,p31,FabTechSolar,406375,OE_ESCL,NM,2322.123664423473
2029,3,p31,SolarCycle,400581,Otero Solar,NM,22798.67244448078
2029,3,p31,SolarCycle,400146,Questa Solar Facility,NM,575494.5971861937
2029,3,p31,FabTechSolar,403178,"RC Energy AA, LLC Solar Facility",NM,975518.4362252433
2029,3,p31,FabTechSolar,401566,Rio Communities Solar Energy Center,NM,30913.812560425642
2029,3,p31,FabTechSolar,403084,Rio De Oro Solar Energy Center,NM,46444.63837401296
2029,3,p31,FabTechSolar,400624,Rio Rancho High School,NM,966040.4071084299
2029,3,p31,FabTechSolar,404648,"Route 66 Energy Center, LLC",NM,3654.9148382161106
2029,3,p31,SolarCycle,403387,San Miguel I Solar Energy Center,NM,46444.00695675297
2029,3,p31,SolarCycle,405458,San Miguel II Solar Energy Center,NM,92525.82666764646
2029,3,p31,FabTechSolar,401161,Sandoval Solar Energy Center,NM,77828.71406937604
2029,3,p31,SolarCycle,401564,Santa Fe Solar Energy Center,NM,105710.16159515736
2029,3,p31,FabTechSolar,401565,Santolina Solar Energy Center,NM,87539.19581453738
2029,3,p31,FabTechSolar,400596,Silver City WWTP PV Project,NM,312290.900388077
2029,3,p31,FabTechSolar,401563,South Valley Solar Energy Center,NM,93763.92629109915
2029,3,p31,SolarCycle,401162,Springer Solar 1,NM,376908.31578409654
2029,3,p31,SolarCycle,400735,Storrie Lake Solar Project,NM,206173.15818714548
2029,3,p31,FabTechSolar,400623,Sue Cleveland High School,NM,487277.9384040922
2029,3,p31,SolarCycle,400343,"SunE EPE1, LLC",NM,23681.151683341635
2029,3,p31,SolarCycle,402854,Syncarpha Eagle Nest,NM,1092923.045178702
2029,3,p31,SolarCycle,403412,Syncarpha El Rito,NM,237085.08342330932
2029,3,p31,SolarCycle,403413,Syncarpha Questa,NM,364673.22377884295
2029,3,p31,FabTechSolar,403011,Vista Solar Energy Center,NM,46836.12823028816
2029,3,p31,FabTechSolar,405245,Wal-Mart Truth or Consequences PV,NM,784759.0129207647
2029,3,p47,SolarCycle,400979,"Caprock Solar 1, LLC",NM,24753.695201856808
2029,3,p47,SolarCycle,400614,GSE NM1,NM,116770.17069346286
2029,3,p47,SolarCycle,404982,Hayhurst New Mexico Solar,NM,7478.416211152621
2029,3,p47,SolarCycle,402530,Middle Daisy,NM,26415.319406619084
2029,3,p47,SolarCycle,400546,SEV NM Phase 2,NM,104056.88444115392
2029,3,p47,SolarCycle,400260,SPS1 Dollarhide,NM,13639.500575668359
2029,3,p47,SolarCycle,400261,SPS2 Jal,NM,7553.602641963453
2029,3,p47,SolarCycle,400262,SPS3 Lea,NM,5638.531145532339
2029,3,p47,SolarCycle,400264,SPS5 Hopi,NM,10671.612430984524
2029,3,p47,SolarCycle,404698,SoCore Clovis 1,NM,245873.98479516266
2029,3,p48,SolarCycle,406439,"BESSP1, LLC",TX,12609.501156554203
2029,3,p48,SolarCycle,405590,"Hecate Energy Frye Solar, LLC",TX,700.603340765375
2029,3,p57,OkonRecycling,404918,"Hecate Energy Upshur Rural, LLC",TX,7221.617869210841
2029,3,p59,SolarCycle,402666,Fort Bliss (DEA EPIC),TX,90676.2750002502
2029,3,p59,SolarCycle,401616,Montana Solar Facility,TX,11963.704704712629
2029,3,p59,SolarCycle,401045,Newman Solar,TX,4798.755351506334
2029,3,p60,SolarCycle,403962,"ANSON Solar Center, LLC",TX,1299.2438408394707
2029,3,p60,OkonRecycling,403883,Azure Sky Solar,TX,816.7182765958797
2029,3,p60,SolarCycle,403232,"ENGIE Long Draw Solar, LLC",TX,1177.6511782763068
2029,3,p60,SolarCycle,406252,Highpeak Solar 1,TX,6367.475932004022
2029,3,p60,SolarCycle,402721,Holstein 1 Solar Farm,TX,885.2076032419029
2029,3,p60,SolarCycle,405492,Juno Solar Project,TX,693.5317023505048
2029,3,p60,SolarCycle,402541,Lamesa II,TX,1153.4864268592605
2029,3,p60,SolarCycle,401660,Lamesa Solar,TX,893.207767431368
2029,3,p60,SolarCycle,405932,Lumina II Solar Project,TX,1229.6652857952308
2029,3,p60,SolarCycle,405933,Lumina Solar Project,TX,1172.2484905919744
2029,3,p60,SolarCycle,402909,Misae Solar,TX,1437.9456869576545
2029,3,p60,OkonRecycling,400968,"OCI Alamo 7, LLC",TX,2160.9630189603586
2029,3,p60,SolarCycle,405939,Texas Solar Nova 1,TX,795.1913776830166
2029,3,p61,SolarCycle,400967,Alamo 6,TX,667.3813157004887
2029,3,p61,SolarCycle,403557,Aragorn Solar Project,TX,738.6148359497066
2029,3,p61,SolarCycle,400691,Barilla Solar,TX,1104.3394369825544
2029,3,p61,SolarCycle,401946,Bluebell Solar,TX,1148.210316730748
2029,3,p61,SolarCycle,403574,Bluebell Solar II,TX,594.0343113703057
2029,3,p61,SolarCycle,400554,"Bryan Solar, LLC",TX,10073.423920512341
2029,3,p61,SolarCycle,401463,Buckthorn Westex,TX,477.1194345558275
2029,3,p61,SolarCycle,401703,East Pecos Solar,TX,520.9676785223363
2029,3,p61,SolarCycle,405363,Galloway 1 Solar Farm,TX,550.0622802620653
2029,3,p61,SolarCycle,403210,Greasewood,TX,473.11725733842894
2029,3,p61,SolarCycle,406370,Hayhurst Texas Solar,TX,4448.139417475965
2029,3,p61,SolarCycle,402304,Midway Solar-TX,TX,508.23353441024597
2029,3,p61,SolarCycle,400695,"OCI Alamo 4, LLC",TX,1457.679378241091
2029,3,p61,SolarCycle,401868,Pearl Solar,TX,782.7169183819618
2029,3,p61,SolarCycle,402290,RE Maplewood,TX,519.4252156383923
2029,3,p61,SolarCycle,401430,RE Roserock,TX,529.431373288181
2029,3,p61,SolarCycle,402848,Rambler,TX,573.4876811306218
2029,3,p61,SolarCycle,402083,Solaire Holman Solar Project,TX,1557.3070511713117
2029,3,p61,SolarCycle,403023,"Taygete Energy Project, LLC",TX,485.0664480620942
2029,3,p61,SolarCycle,404647,Taygete II Energy Project,TX,505.1227989335457
2029,3,p61,SolarCycle,403551,Titan Solar Project,TX,635.9556341812353
2029,3,p61,SolarCycle,406103,Zier Solar,TX,1688.9881631233611
2029,3,p62,SolarCycle,403502,2W Permian Solar Project Hybrid,TX,430.18969035127515
2029,3,p62,SolarCycle,403697,CED Crane Solar,TX,602.7824824838009
2029,3,p62,SolarCycle,401525,Castle Gap Solar Hybrid,TX,485.9896143943623
2029,3,p62,SolarCycle,404599,Emerald Grove,TX,762.7145411204774
2029,3,p62,SolarCycle,403004,Lapetus,TX,632.9521584300644
2029,3,p62,SolarCycle,403280,Oberon IA,TX,454.0937637227205
2029,3,p62,SolarCycle,403279,Oberon IB,TX,764.6786118721532
2029,3,p62,SolarCycle,403602,Oxy Renewable Energy-Goldsmith,TX,1247.6139518881798
2029,3,p62,SolarCycle,402679,Phoebe Solar,TX,458.9438721441052
2029,3,p62,SolarCycle,403177,Prospero Solar,TX,443.0303444520572
2029,3,p62,SolarCycle,404128,Prospero Solar II,TX,528.1722955278702
2029,3,p62,SolarCycle,403070,"Roadrunner, LLC",TX,455.2833408888905
2029,3,p62,SolarCycle,401805,Upton County Solar,TX,457.2238009463289
2029,3,p62,SolarCycle,402995,West of the Pecos Solar,TX,489.5434688590074
2029,3,p63,OkonRecycling,405599,"BPL Crown Solar, LLC",TX,2552.5206163576604
2029,3,p63,OkonRecycling,404966,BPL Files Solar,TX,544.4781810575097
2029,3,p63,OkonRecycling,403825,Briar Creek Solar 1,TX,682.7271408781065
2029,3,p63,OkonRecycling,402610,Chisum,TX,3448.435340478406
2029,3,p63,OkonRecycling,401697,CoServ Community Solar Station,TX,5738.477285989707
2029,3,p63,OkonRecycling,403188,Coniglio Solar,TX,660.9279472317097
2029,3,p63,OkonRecycling,406415,Dileo Solar,TX,2772.9321323817385
2029,3,p63,OkonRecycling,402655,Eddy II,TX,7875.059109475342
2029,3,p63,OkonRecycling,406221,Eiffel Solar Project,TX,1231.6155217089415
2029,3,p63,OkonRecycling,405540,"Ellis Solar, LLC",TX,626.0571153711121
2029,3,p63,OkonRecycling,403823,Elm Branch Solar 1,TX,698.8542803676189
2029,3,p63,OkonRecycling,406206,Five Wells Solar Center - Hybrid,TX,585.0938681507363
2029,3,p63,OkonRecycling,404567,G.S.E. One LLC,TX,1983.8524538664967
2029,3,p63,OkonRecycling,403288,Griffin Solar,TX,39447.17792416182
2029,3,p63,OkonRecycling,406202,Grizzly Ridge Solar,TX,2708.4277803992018
2029,3,p63,OkonRecycling,402329,Highway 56 Solar,TX,2975.146549873494
2029,3,p63,OkonRecycling,405319,IKEA Grand Prairie Rooftop PV System,TX,2833.6686320530994
2029,3,p63,OkonRecycling,405689,"IP Radian, LLC",TX,936.404330860203
2029,3,p63,OkonRecycling,403481,Impact Solar 1,TX,912.6549020274813
2029,3,p63,OkonRecycling,403190,Kellam Solar,TX,2771.2576333882116
2029,3,p63,OkonRecycling,402421,Leon Solar,TX,1676.7269138537217
2029,3,p63,OkonRecycling,403874,Lily Solar Hybrid,TX,603.7648079144475
2029,3,p63,OkonRecycling,402404,Marlin Solar,TX,41584.273893053716
2029,3,p63,OkonRecycling,405794,Noble Solar,TX,771.0607484480201
2029,3,p63,OkonRecycling,402405,North Gainesville Solar,TX,2990.637671902145
2029,3,p63,OkonRecycling,401933,Phantom Solar,TX,6352.059349337191
2029,3,p63,OkonRecycling,404872,"Pisgah Ridge Solar, LLC",TX,537.450824764283
2029,3,p63,OkonRecycling,406416,Pitts Dudik Solar,TX,3019.672688942943
2029,3,p63,OkonRecycling,403189,Rippey Solar,TX,2435.0735266956626
2029,3,p63,OkonRecycling,404630,"Samson Solar Energy III, LLC",TX,677.6160253394391
2029,3,p63,OkonRecycling,402652,Sterling Solar (TX),TX,2802.9507280201246
2029,3,p63,OkonRecycling,404388,"TPE Erath Solar, LLC",TX,19382.837338253914
2029,3,p63,OkonRecycling,403457,"TPE Whitney Solar, LLC",TX,14241.090205531049
2029,3,p63,OkonRecycling,405361,Toyota HQ Plan,TX,1228.9183163870302
2029,3,p63,OkonRecycling,405907,Verizon Hidden Ridge Solar Project,TX,1268.7097411437194
2029,3,p63,OkonRecycling,405984,Waco Solar,TX,595.7197258022705
2029,3,p63,OkonRecycling,402306,Walnut Springs Solar,TX,31598.18990341312
2029,3,p63,OkonRecycling,402497,West Moore Solar II,TX,5386.297494833925
2029,3,p63,OkonRecycling,402330,Whitesboro Solar,TX,3905.1884690325355
2029,3,p63,OkonRecycling,402331,Whitesboro Solar II,TX,3150.0975361838705
2029,3,p63,OkonRecycling,402414,Whitewright Solar,TX,3348.2670618423776
2029,3,p63,OkonRecycling,402654,Yellow Jacket,TX,16533.022320925003
2029,3,p64,OkonRecycling,405731,Austin TX GigaFactory,TX,135910.7237044241
2029,3,p64,OkonRecycling,404721,"Blue Jay Solar I, LLC",TX,1399.3766982229265
2029,3,p64,OkonRecycling,402389,"E-Volve Energy Holdings, LLC",TX,47209.434138451266
2029,3,p64,OkonRecycling,400227,East Blackland Solar Project 1,TX,942.9470348669672
2029,3,p64,OkonRecycling,405101,IKEA Round Rock 027,TX,81646.39625812102
2029,3,p64,SolarCycle,402653,Lampwick,TX,17254.65271803003
2029,3,p64,OkonRecycling,400249,Webberville Solar Project,TX,3212.6104504502728
2029,3,p65,OkonRecycling,405700,Aktina Solar,TX,3948.4495150093708
2029,3,p65,OkonRecycling,405727,Bernard Creek Solar,TX,7500.861765633316
2029,3,p65,OkonRecycling,401728,CPS 1 Community Solar,TX,874141.2894925951
2029,3,p65,OkonRecycling,402656,Cascade Solar (TX),TX,44176.23731125349
2029,3,p65,OkonRecycling,404359,FELPS 1-Calaveras,TX,363284.231709565
2029,3,p65,OkonRecycling,404361,FELPS 2-Calaveras,TX,1814779.4480091615
2029,3,p65,OkonRecycling,404740,FELPS 7- Floresville West,TX,1846637.3181155098
2029,3,p65,SolarCycle,405801,Horizon Solar,TX,10134.123832060899
2029,3,p65,SolarCycle,403343,Mars Solar,TX,86859.39586956624
2029,3,p65,OkonRecycling,404877,Nebula Solar,TX,8414.533137371276
2029,3,p65,OkonRecycling,400694,"OCI Alamo 2, LLC",TX,195119.66350751594
2029,3,p65,OkonRecycling,400965,"OCI Alamo 3, LLC",TX,103663.01441290545
2029,3,p65,SolarCycle,400966,"OCI Alamo 5, LLC",TX,18077.593692364557
2029,3,p65,OkonRecycling,400593,OCI Alamo Solar I Hybrid,TX,11575.723801404843
2029,3,p65,SolarCycle,405809,Shakes Solar,TX,3591.169087441938
2029,3,p65,OkonRecycling,405545,Sparta Solar,TX,8743.270759162711
2029,3,p65,OkonRecycling,400379,"SunE CPS1, LLC",TX,92761.86932770672
2029,3,p65,OkonRecycling,400364,"SunE CPS2, LLC",TX,93014.07321807266
2029,3,p65,OkonRecycling,400353,"SunE CPS3, LLC",TX,59405.38783803232
2029,3,p65,OkonRecycling,406032,Tres Bahias,TX,10447.007890108735
2029,3,p67,OkonRecycling,404939,Brazoria County Solar Project (Danciger),TX,1888.7203036519074
2029,3,p67,OkonRecycling,404681,Brazoria West,TX,1407.9217725882781
2029,3,p67,OkonRecycling,404587,Fighting Jays Solar Project,TX,1674.69198668342
2029,3,p67,OkonRecycling,405564,"Fort Bend Solar, LLC",TX,2654.2037403166332
2029,3,p67,OkonRecycling,403514,Wagyu,TX,2066.4805669929333
2029,4,p12,ComstockMetals,402144,Battle Mountain Solar Project,NV,2015.2476937658412
2029,4,p12,ComstockMetals,405025,Brady,NV,790.3886418473566
2029,4,p12,ComstockMetals,405553,Dodge Flat,NV,425.5741213170448
2029,4,p12,ComstockMetals,402609,"EGP Stillwater Solar PV II, LLC",NV,2449.71616798116
2029,4,p12,ComstockMetals,404659,Fish Springs,NV,535.7220022817238
2029,4,p12,ComstockMetals,401086,Ft. Churchill PV,NV,608.8394920812801
2029,4,p12,ComstockMetals,405028,Galena 2 Geothermal Power Plant,NV,1462.4858891713582
2029,4,p12,ComstockMetals,402130,Luning Energy,NV,2217.947876349422
2029,4,p12,ComstockMetals,400468,"Patua Acquisition Project, LLC",NV,1186.5259744899097
2029,4,p12,ComstockMetals,405021,Steamboat Hills LP,NV,2002.7021267997056
2029,4,p12,ComstockMetals,405023,Steamboat II,NV,1020.1980220541537
2029,4,p12,ComstockMetals,405024,Steamboat III,NV,962.3092153344679
2029,4,p12,ComstockMetals,400029,Stillwater Facility,NV,2293.6666058586743
2029,4,p12,ComstockMetals,401318,Sunshine Valley Solar,NV,1323.9222884492024
2029,4,p12,ComstockMetals,405576,Tesla Reno GigaFactory,NV,1199.0618757143804
2029,4,p12,ComstockMetals,401943,Tungsten Mountain,NV,13309.003489539597
2029,4,p12,ComstockMetals,403308,Turquoise Liberty Solar,NV,833.8227101132
2029,4,p12,ComstockMetals,403884,"Turquoise Nevada, LLC",NV,481.3710782515283
2029,4,p12,ComstockMetals,400035,Western 102 Power Plant,NV,2656.944067545479
2029,4,p13,WeRecycleSolar,400555,Apex Solar PV Power Project,NV,14027.636087352183
2029,4,p13,WeRecycleSolar,405385,Arrow Canyon Solar Hybrid,NV,744.8844451228899
2029,4,p13,WeRecycleSolar,401649,"Boulder Solar Power, LLC",NV,2835.8078586100473
2029,4,p13,WeRecycleSolar,400059,CM10,NV,10075.139055294369
2029,4,p13,WeRecycleSolar,400086,CM48,NV,3754.2375067076778
2029,4,p13,WeRecycleSolar,400363,Copper Mountain Solar 2,NV,3529.5683919195762
2029,4,p13,WeRecycleSolar,403688,"Copper Mountain Solar 5, LLC",NV,2324.6211412898497
2029,4,p13,WeRecycleSolar,405358,Dignity - San Martin,NV,157476.0931360239
2029,4,p13,WeRecycleSolar,405355,Dignity - Siena Campus,NV,368679.8510521415
2029,4,p13,WeRecycleSolar,405556,Dry Lake Solar Energy Center,NV,1305.8741568107687
2029,4,p13,WeRecycleSolar,405495,Gemini Solar,NV,789.0493251355066
2029,4,p13,WeRecycleSolar,403386,"Harry Allen Solar Energy, LLC",NV,2219.2313757222314
2029,4,p13,WeRecycleSolar,406090,IGS LAS1,NV,257776.67871514434
2029,4,p13,WeRecycleSolar,406089,IGS VGT,NV,179723.27702057903
2029,4,p13,WeRecycleSolar,405309,IKEA Las Vegas 462,NV,134398.7720671198
2029,4,p13,WeRecycleSolar,400545,Las Vegas WPCF Solar Plant,NV,79586.26096704754
2029,4,p13,WeRecycleSolar,400313,Moapa Southern Paiute,NV,2583.4134583233886
2029,4,p13,WeRecycleSolar,400600,Mountain View Solar,NV,13988.531976381526
2029,4,p13,WeRecycleSolar,400036,Nellis Air Force Base Solar Array,NV,45169.31223889428
2029,4,p13,WeRecycleSolar,401319,"Playa Solar 1, LLC",NV,3826.3317519061493
2029,4,p13,WeRecycleSolar,401274,River Mountains Solar,NV,17873.375056454308
2029,4,p13,WeRecycleSolar,401042,Searchlight Solar,NV,8963.716860497925
2029,4,p13,WeRecycleSolar,400166,Silver State Solar Power North,NV,3606.4392875805815
2029,4,p13,WeRecycleSolar,400658,Silver State Solar Power South,NV,1396.3897763211332
2029,4,p13,WeRecycleSolar,405246,"Solar Las Vegas MB 2, LLC",NV,176735.60096081748
2029,4,p13,WeRecycleSolar,402485,"Techren Solar I, LLC",NV,2027.5456271174694
2029,4,p13,WeRecycleSolar,402691,"Techren Solar III, LLC",NV,10149.70799387862
2029,4,p13,WeRecycleSolar,402692,"Techren Solar IV, LLC",NV,10187.992057887497
2029,4,p13,WeRecycleSolar,401851,Townsite Solar Project Hybrid,NV,3467.191989110471
2029,4,p13,WeRecycleSolar,406448,Yellow Pine II,NV,3634.687937624997
2029,4,p13,WeRecycleSolar,404971,Yellow Pine Solar,NV,1944.0064327706662
2029,4,p27,WeRecycleSolar,400374,"Black Mountain Solar, LLC",AZ,9182.13067246927
2029,4,p27,WeRecycleSolar,402236,Gray Hawk Solar,AZ,1294.4853916489244
2029,4,p27,WeRecycleSolar,401819,Jacobson 5 MW Solar,AZ,9823.109110298794
2029,4,p27,WeRecycleSolar,403718,Mohave Electric Cooperative at Joy Lane,AZ,9089.869301970484
2029,4,p27,WeRecycleSolar,406478,Mohave Energy - Hybrid,AZ,5327.462878366386
2029,4,p28,WeRecycleSolar,405418,AZ State University - Tempe Campus Solar,AZ,3959.336120714638
2029,4,p28,WeRecycleSolar,400148,Agua Caliente Solar Project,AZ,706.2278660181332
2029,4,p28,FabTechSolar,402067,Apache Solar 1,AZ,7341.337955508728
2029,4,p28,WeRecycleSolar,400274,Arizona Western College PV,AZ,26805.77815186933
2029,4,p28,WeRecycleSolar,400240,Arlington Valley Solar Energy II,AZ,1099.7222665843738
2029,4,p28,FabTechSolar,401688,Bonnybrooke PV,AZ,798.2643743095462
2029,4,p28,WeRecycleSolar,400371,Buckeye Union HS District 201,AZ,18070.94212697729
2029,4,p28,FabTechSolar,405635,"Central Line Solar, LLC",AZ,564.0930377952983
2029,4,p28,WeRecycleSolar,400201,Chino Solar Valley,AZ,5185.634064122197
2029,4,p28,WeRecycleSolar,400202,Cotton Center Solar Hybrid,AZ,3018.8501695688706
2029,4,p28,WeRecycleSolar,401069,Desert Star Hybrid,AZ,2193.0991533815995
2029,4,p28,FabTechSolar,403257,East Line Solar,AZ,619.3609234583042
2029,4,p28,FabTechSolar,406171,Eleven Mile Solar Center,AZ,468.6728327452689
2029,4,p28,WeRecycleSolar,400349,Foothills Solar Plant Hybrid,AZ,4363.27920977406
2029,4,p28,WeRecycleSolar,400845,Gila Bend Hybrid,AZ,1835.7644112994835
2029,4,p28,FabTechSolar,400599,"Gilbert Solar Facility I, LLC",AZ,4725.209019230298
2029,4,p28,WeRecycleSolar,400204,Hyder Solar Hybrid,AZ,2886.8380982750023
2029,4,p28,FabTechSolar,405282,Intel - Ocotillo Campus Solar,AZ,1449.7514694601402
2029,4,p28,WeRecycleSolar,405125,Jewish Community Center PV,AZ,12927.722372464626
2029,4,p28,WeRecycleSolar,402234,Kayenta Solar Project,AZ,9594.56413177901
2029,4,p28,WeRecycleSolar,400595,Lake Pleasant WTP,AZ,3482.4610214907616
2029,4,p28,WeRecycleSolar,400128,Luke Solar,AZ,1508.814302441941
2029,4,p28,WeRecycleSolar,405068,Macys Goodyear,AZ,6825.256144685665
2029,4,p28,WeRecycleSolar,406279,McFarland A Solar and Storage,AZ,1285.0671668963528
2029,4,p28,FabTechSolar,405617,Mesa Carport PV,AZ,2823.6719442834337
2029,4,p28,FabTechSolar,404512,Mesa Solar Array,AZ,5940.488844694731
2029,4,p28,WeRecycleSolar,400250,Mesquite Solar 1,AZ,497.2040443121919
2029,4,p28,WeRecycleSolar,401621,"Mesquite Solar 2, LLC",AZ,894.992696124512
2029,4,p28,WeRecycleSolar,401622,"Mesquite Solar 3, LLC",AZ,1066.9665806046908
2029,4,p28,WeRecycleSolar,406038,"Mesquite Solar 4, LLC",AZ,1346.2977991737575
2029,4,p28,WeRecycleSolar,404922,"Mesquite Solar 5, LLC",AZ,2036.556053300535
2029,4,p28,WeRecycleSolar,403572,OE_AZ1,AZ,3294.816285797822
2029,4,p28,WeRecycleSolar,400203,Paloma Solar Hybrid,AZ,2969.4869337914974
2029,4,p28,WeRecycleSolar,405126,Paradise Valley H.S. PV,AZ,7621.663848169661
2029,4,p28,WeRecycleSolar,405150,Phoenix Airport East Economy Lot,AZ,10158.335914876046
2029,4,p28,WeRecycleSolar,405151,Phoenix Airport Rental Car Center,AZ,1743.9111538663165
2029,4,p28,FabTechSolar,400125,"Poseidon Solar, LLC",AZ,2315.4799722560665
2029,4,p28,WeRecycleSolar,400031,Prescott Airport,AZ,19834.644091728704
2029,4,p28,FabTechSolar,400323,Queen Creek Solar Farm,AZ,1404.538356903915
2029,4,p28,WeRecycleSolar,400289,"RE Bagdad Solar I, LLC",AZ,13912.679773168946
2029,4,p28,WeRecycleSolar,405132,"RE Gillespie 1, LLC",AZ,5969.733364973003
2029,4,p28,FabTechSolar,400758,Red Horse 2,AZ,4701.91202403657
2029,4,p28,FabTechSolar,406380,SR McNeal,AZ,8936.353992495146
2029,4,p28,WeRecycleSolar,400416,Saddle Mountain Solar I,AZ,9001.977908000208
2029,4,p28,FabTechSolar,403674,Saint Solar,AZ,568.4861569323721
2029,4,p28,FabTechSolar,401214,Sandstone Solar,AZ,773.1251901691608
2029,4,p28,WeRecycleSolar,405029,Solana Generating Station,AZ,854.3460997248994
2029,4,p28,WeRecycleSolar,406275,Sonoran Solar Energy,AZ,441.53476550182836
2029,4,p28,FabTechSolar,406034,Storey Solar and Storage,AZ,917.1133205675231
2029,4,p28,WeRecycleSolar,403643,Sun Streams 2,AZ,986.4838591848596
2029,4,p28,WeRecycleSolar,406517,Sun Streams 3,AZ,802.0475849832517
2029,4,p28,WeRecycleSolar,401975,"Sun Streams, LLC",AZ,513.0405638848287
2029,4,p28,WeRecycleSolar,405311,T0588 Phoenix - AZ,AZ,4947.9876766726975
2029,4,p28,FabTechSolar,405134,Union HS at Casa Grande,AZ,15423.31440968714
2029,4,p28,FabTechSolar,405135,Vista Grande HS at Casa Grande,AZ,19934.28517106905
2029,4,p28,FabTechSolar,400334,Walmart Casa Grande,AZ,9955.005359477216
2029,4,p28,FabTechSolar,406098,"West Line Solar, LLC",AZ,531.3344000755965
2029,4,p29,FabTechSolar,400014,Springerville,AZ,3578.7145510366313
2029,4,p30,FabTechSolar,405143,Actus Lend Lease DMAFB,AZ,17612.536236032414
2029,4,p30,FabTechSolar,405611,Amazon TUS2,AZ,21378.59173187733
2029,4,p30,FabTechSolar,405268,Amphitheater High School Solar,AZ,12271.075383888292
2029,4,p30,FabTechSolar,400939,Avalon Solar,AZ,2322.2743637968383
2029,4,p30,FabTechSolar,401479,Avalon Solar II,AZ,7316.823977121449
2029,4,p30,FabTechSolar,400226,Avra Valley Solar,AZ,1873.087347704496
2029,4,p30,FabTechSolar,404704,Broadway 2 - Tucson Phase II,AZ,15058.943486686365
2029,4,p30,FabTechSolar,405269,Canyon Del Oro High School Solar,AZ,10417.97113131684
2029,4,p30,FabTechSolar,400330,FRB Solar Farm,AZ,12087.94636942593
2029,4,p30,FabTechSolar,400761,"Gato Montes Solar, LLC",AZ,11537.133459022196
2029,4,p30,FabTechSolar,404536,Iron Horse Battery Storage Hybrid,AZ,14346.321735055151
2029,4,p30,FabTechSolar,400552,"Picture Rocks Solar, LLC",AZ,967.2454715902038
2029,4,p30,FabTechSolar,405374,Pima Community College,AZ,98250.27563210385
2029,4,p30,FabTechSolar,405303,Pima Community College - East Campus,AZ,26697.16917915844
2029,4,p30,FabTechSolar,405516,Pima Community College NW,AZ,23025.004030618016
2029,4,p30,FabTechSolar,404926,Raptor Ridge,AZ,4664.027491793614
2029,4,p30,FabTechSolar,400857,Rio Rico Solar,AZ,8641.014258408388
2029,4,p30,FabTechSolar,400156,UASTP I,AZ,15956.002506379513
2029,4,p30,FabTechSolar,401075,Valencia Solar,AZ,6315.96406897811
2029,4,p30,FabTechSolar,404187,"Wilmot Energy Center, LLC",AZ,836.2332495348136
2029,4,p31,SolarCycle,400211,Alamogordo Solar Energy Center,NM,68693.9608382279
2029,4,p31,FabTechSolar,400206,Albuquerque Solar Energy Center,NM,161748.08706622658
2029,4,p31,FabTechSolar,405469,Arroyo Solar Energy Storage Hybrid,NM,1153.1753397448429
2029,4,p31,FabTechSolar,403321,Bluewater CDEC 1,NM,321158.080648699
2029,4,p31,SolarCycle,404981,Buena Vista Energy Center,NM,6214.699773450814
2029,4,p31,SolarCycle,402876,CNMEC Solar Energy Center,NM,220603.7295983946
2029,4,p31,SolarCycle,402519,Carrizozo Solar,NM,77388.68193601452
2029,4,p31,FabTechSolar,401202,Cibola,NM,23442.951370889634
2029,4,p31,FabTechSolar,402988,City of Gallup Solar,NM,43632.59340776095
2029,4,p31,FabTechSolar,403604,City of Rio Rancho WWTP,NM,780624.0449472358
2029,4,p31,FabTechSolar,401225,City of Truth or Consequences PV,NM,409728.1208113244
2029,4,p31,FabTechSolar,400209,Deming Solar Energy Center,NM,27699.86645332579
2029,4,p31,FabTechSolar,403868,Encino Solar Energy Center,NM,8982.761137667541
2029,4,p31,FabTechSolar,401038,Eubank Landfill Solar Array,NM,97410.17132208044
2029,4,p31,FabTechSolar,402443,Facebook 3 Solar Energy Center,NM,31043.106133154113
2029,4,p31,FabTechSolar,403322,Grants CDEC 2,NM,58099.166293579336
2029,4,p31,FabTechSolar,400216,"Hatch Solar Energy Center I, LLC",NM,80012.2329893835
2029,4,p31,SolarCycle,401617,Holloman Solar Facility,NM,68890.31862980437
2029,4,p31,FabTechSolar,406109,"Jicarilla Solar 1, LLC",NM,10194.162419522629
2029,4,p31,SolarCycle,400427,Kit Carson,NM,455115.41048165783
2029,4,p31,SolarCycle,400210,Las Vegas Solar Energy Center,NM,92971.51706050505
2029,4,p31,SolarCycle,400434,Los Alamos PV Site,NM,269051.4740900463
2029,4,p31,FabTechSolar,400207,Los Lunas Solar Energy Center,NM,65840.37285568299
2029,4,p31,FabTechSolar,400838,Macho Springs,NM,7676.311916430647
2029,4,p31,FabTechSolar,400582,Manzano Solar,NM,116597.19325113317
2029,4,p31,FabTechSolar,406375,OE_ESCL,NM,1681.415776282315
2029,4,p31,SolarCycle,400581,Otero Solar,NM,89994.68977792312
2029,4,p31,SolarCycle,400146,Questa Solar Facility,NM,383796.39812412916
2029,4,p31,FabTechSolar,403178,"RC Energy AA, LLC Solar Facility",NM,487959.2181126217
2029,4,p31,FabTechSolar,401566,Rio Communities Solar Energy Center,NM,30913.812560425642
2029,4,p31,FabTechSolar,403084,Rio De Oro Solar Energy Center,NM,18817.855349605186
2029,4,p31,FabTechSolar,400624,Rio Rancho High School,NM,241810.10177710745
2029,4,p31,FabTechSolar,404648,"Route 66 Energy Center, LLC",NM,8537.287095540276
2029,4,p31,SolarCycle,403387,San Miguel I Solar Energy Center,NM,23422.003478376486
2029,4,p31,SolarCycle,405458,San Miguel II Solar Energy Center,NM,92525.82666764646
2029,4,p31,FabTechSolar,401161,Sandoval Solar Energy Center,NM,77828.71406937604
2029,4,p31,SolarCycle,401564,Santa Fe Solar Energy Center,NM,105710.16159515736
2029,4,p31,FabTechSolar,401565,Santolina Solar Energy Center,NM,22184.79895363434
2029,4,p31,FabTechSolar,400596,Silver City WWTP PV Project,NM,312290.900388077
2029,4,p31,FabTechSolar,401563,South Valley Solar Energy Center,NM,93763.92629109915
2029,4,p31,SolarCycle,401162,Springer Solar 1,NM,565162.4736761448
2029,4,p31,SolarCycle,400735,Storrie Lake Solar Project,NM,206173.15818714548
2029,4,p31,FabTechSolar,400623,Sue Cleveland High School,NM,487277.9384040922
2029,4,p31,SolarCycle,400343,"SunE EPE1, LLC",NM,17860.863762506222
2029,4,p31,SolarCycle,402854,Syncarpha Eagle Nest,NM,546661.5225893509
2029,4,p31,SolarCycle,403412,Syncarpha El Rito,NM,710455.250269928
2029,4,p31,SolarCycle,403413,Syncarpha Questa,NM,728946.4475576858
2029,4,p31,SolarCycle,403411,Syncarpha Taos,NM,117954.9897823486
2029,4,p31,SolarCycle,404618,Taos Mesa Energy Facility Hybrid,NM,74023.64062248466
2029,4,p31,FabTechSolar,403011,Vista Solar Energy Center,NM,31357.418820192113
2029,4,p31,FabTechSolar,405245,Wal-Mart Truth or Consequences PV,NM,392579.50646038237
2029,4,p47,SolarCycle,400979,"Caprock Solar 1, LLC",NM,12576.847600928404
2029,4,p47,SolarCycle,404980,Chaves County Solar II,NM,14833.775327740817
2029,4,p47,SolarCycle,401681,"Chaves Solar, LLC",NM,2471.1095681059173
2029,4,p47,SolarCycle,400614,GSE NM1,NM,116770.17069346286
2029,4,p47,SolarCycle,404982,Hayhurst New Mexico Solar,NM,14556.832422305244
2029,4,p47,SolarCycle,402530,Middle Daisy,NM,26415.319406619084
2029,4,p47,SolarCycle,400546,SEV NM Phase 2,NM,78142.66333086544
2029,4,p47,SolarCycle,400260,SPS1 Dollarhide,NM,13639.500575668359
2029,4,p47,SolarCycle,400261,SPS2 Jal,NM,5169.068427975636
2029,4,p47,SolarCycle,400262,SPS3 Lea,NM,5638.531145532339
2029,4,p47,SolarCycle,400264,SPS5 Hopi,NM,6562.967458590714
2029,4,p47,SolarCycle,404698,SoCore Clovis 1,NM,61768.496198790664
2029,4,p48,SolarCycle,406439,"BESSP1, LLC",TX,12609.501156554203
2029,4,p48,SolarCycle,405590,"Hecate Energy Frye Solar, LLC",TX,625.4525055740313
2029,4,p57,OkonRecycling,404918,"Hecate Energy Upshur Rural, LLC",TX,5516.21340190813
2029,4,p59,SolarCycle,402666,Fort Bliss (DEA EPIC),TX,30492.09166675007
2029,4,p59,SolarCycle,401616,Montana Solar Facility,TX,29309.261761781574
2029,4,p59,SolarCycle,401045,Newman Solar,TX,2913.5744865750476
2029,4,p60,SolarCycle,403962,"ANSON Solar Center, LLC",TX,1299.2438408394707
2029,4,p60,OkonRecycling,403883,Azure Sky Solar,TX,816.7182765958797
2029,4,p60,SolarCycle,403232,"ENGIE Long Draw Solar, LLC",TX,1177.6511782763068
2029,4,p60,SolarCycle,406252,Highpeak Solar 1,TX,18302.427796012067
2029,4,p60,SolarCycle,402721,Holstein 1 Solar Farm,TX,763.9057024314272
2029,4,p60,SolarCycle,405492,Juno Solar Project,TX,987.0634047010094
2029,4,p60,SolarCycle,402541,Lamesa II,TX,1002.7891414874086
2029,4,p60,SolarCycle,401660,Lamesa Solar,TX,893.207767431368
2029,4,p60,SolarCycle,405932,Lumina II Solar Project,TX,1229.6652857952308
2029,4,p60,SolarCycle,405933,Lumina Solar Project,TX,786.1242452959871
2029,4,p60,SolarCycle,402909,Misae Solar,TX,1437.9456869576545
2029,4,p60,OkonRecycling,400968,"OCI Alamo 7, LLC",TX,2160.9630189603586
2029,4,p60,SolarCycle,405939,Texas Solar Nova 1,TX,795.1913776830166
2029,4,p61,SolarCycle,400967,Alamo 6,TX,934.7626314009775
2029,4,p61,SolarCycle,403557,Aragorn Solar Project,TX,738.6148359497066
2029,4,p61,SolarCycle,400691,Barilla Solar,TX,1104.3394369825544
2029,4,p61,SolarCycle,401946,Bluebell Solar,TX,1148.210316730748
2029,4,p61,SolarCycle,403574,Bluebell Solar II,TX,594.0343113703057
2029,4,p61,SolarCycle,400554,"Bryan Solar, LLC",TX,19746.84784102468
2029,4,p61,SolarCycle,401463,Buckthorn Westex,TX,477.1194345558275
2029,4,p61,SolarCycle,401703,East Pecos Solar,TX,520.9676785223363
2029,4,p61,SolarCycle,405363,Galloway 1 Solar Farm,TX,700.1245605241305
2029,4,p61,SolarCycle,403210,Greasewood,TX,473.11725733842894
2029,4,p61,SolarCycle,402304,Midway Solar-TX,TX,508.23353441024597
2029,4,p61,SolarCycle,400695,"OCI Alamo 4, LLC",TX,1722.0992228013636
2029,4,p61,SolarCycle,401868,Pearl Solar,TX,782.7169183819618
2029,4,p61,SolarCycle,402290,RE Maplewood,TX,519.4252156383923
2029,4,p61,SolarCycle,401430,RE Roserock,TX,503.54509863054477
2029,4,p61,SolarCycle,402848,Rambler,TX,573.4876811306218
2029,4,p61,SolarCycle,402083,Solaire Holman Solar Project,TX,2714.6141023426235
2029,4,p61,SolarCycle,403023,"Taygete Energy Project, LLC",TX,527.5996720931414
2029,4,p61,SolarCycle,404647,Taygete II Energy Project,TX,505.1227989335457
2029,4,p61,SolarCycle,403551,Titan Solar Project,TX,635.9556341812353
2029,4,p61,SolarCycle,406103,Zier Solar,TX,1688.9881631233611
2029,4,p62,SolarCycle,403502,2W Permian Solar Project Hybrid,TX,430.18969035127515
2029,4,p62,SolarCycle,403697,CED Crane Solar,TX,602.7824824838009
2029,4,p62,SolarCycle,401525,Castle Gap Solar Hybrid,TX,468.79169151548984
2029,4,p62,SolarCycle,404599,Emerald Grove,TX,1125.429082240955
2029,4,p62,SolarCycle,403004,Lapetus,TX,632.9521584300644
2029,4,p62,SolarCycle,403280,Oberon IA,TX,454.0937637227205
2029,4,p62,SolarCycle,403279,Oberon IB,TX,764.6786118721532
2029,4,p62,SolarCycle,403602,Oxy Renewable Energy-Goldsmith,TX,1247.6139518881798
2029,4,p62,SolarCycle,402679,Phoebe Solar,TX,435.3663232864631
2029,4,p62,SolarCycle,403177,Prospero Solar,TX,443.0303444520572
2029,4,p62,SolarCycle,404128,Prospero Solar II,TX,528.1722955278702
2029,4,p62,SolarCycle,403070,"Roadrunner, LLC",TX,455.2833408888905
2029,4,p62,SolarCycle,401805,Upton County Solar,TX,457.2238009463289
2029,4,p62,SolarCycle,402995,West of the Pecos Solar,TX,489.5434688590074
2029,4,p63,OkonRecycling,405599,"BPL Crown Solar, LLC",TX,2552.5206163576604
2029,4,p63,OkonRecycling,404966,BPL Files Solar,TX,592.6375747433461
2029,4,p63,OkonRecycling,403825,Briar Creek Solar 1,TX,682.7271408781065
2029,4,p63,OkonRecycling,401697,CoServ Community Solar Station,TX,9742.335250481989
2029,4,p63,OkonRecycling,403188,Coniglio Solar,TX,660.9279472317097
2029,4,p63,OkonRecycling,406415,Dileo Solar,TX,2772.9321323817385
2029,4,p63,OkonRecycling,402655,Eddy II,TX,7875.059109475342
2029,4,p63,OkonRecycling,406221,Eiffel Solar Project,TX,1231.6155217089415
2029,4,p63,OkonRecycling,405540,"Ellis Solar, LLC",TX,739.0856730566682
2029,4,p63,OkonRecycling,403823,Elm Branch Solar 1,TX,698.8542803676189
2029,4,p63,OkonRecycling,406206,Five Wells Solar Center - Hybrid,TX,585.0938681507363
2029,4,p63,OkonRecycling,403288,Griffin Solar,TX,39447.17792416182
2029,4,p63,OkonRecycling,406202,Grizzly Ridge Solar,TX,1554.2138901996007
2029,4,p63,OkonRecycling,402329,Highway 56 Solar,TX,3710.902706980206
2029,4,p63,OkonRecycling,405319,IKEA Grand Prairie Rooftop PV System,TX,2833.6686320530994
2029,4,p63,OkonRecycling,405689,"IP Radian, LLC",TX,936.404330860203
2029,4,p63,OkonRecycling,403481,Impact Solar 1,TX,912.6549020274813
2029,4,p63,OkonRecycling,403190,Kellam Solar,TX,2771.2576333882116
2029,4,p63,OkonRecycling,402421,Leon Solar,TX,1889.514732829342
2029,4,p63,OkonRecycling,403874,Lily Solar Hybrid,TX,603.7648079144475
2029,4,p63,OkonRecycling,402404,Marlin Solar,TX,10696.068473263429
2029,4,p63,OkonRecycling,405794,Noble Solar,TX,523.68691614934
2029,4,p63,OkonRecycling,402405,North Gainesville Solar,TX,9035.458906340486
2029,4,p63,OkonRecycling,401933,Phantom Solar,TX,4864.044512002893
2029,4,p63,OkonRecycling,404872,"Pisgah Ridge Solar, LLC",TX,674.9016495285658
2029,4,p63,OkonRecycling,406416,Pitts Dudik Solar,TX,3019.672688942943
2029,4,p63,OkonRecycling,403189,Rippey Solar,TX,2435.0735266956626
2029,4,p63,OkonRecycling,404630,"Samson Solar Energy III, LLC",TX,677.6160253394391
2029,4,p63,OkonRecycling,402652,Sterling Solar (TX),TX,5205.901456040249
2029,4,p63,OkonRecycling,404812,Sun Valley Solar Project,TX,675.3487173514045
2029,4,p63,OkonRecycling,403457,"TPE Whitney Solar, LLC",TX,5013.696735177016
2029,4,p63,OkonRecycling,405361,Toyota HQ Plan,TX,1228.9183163870302
2029,4,p63,OkonRecycling,405907,Verizon Hidden Ridge Solar Project,TX,1181.8387670293475
2029,4,p63,OkonRecycling,405984,Waco Solar,TX,530.4798172015137
2029,4,p63,OkonRecycling,402306,Walnut Springs Solar,TX,15999.09495170656
2029,4,p63,OkonRecycling,402497,West Moore Solar II,TX,6632.871868542406
2029,4,p63,OkonRecycling,402330,Whitesboro Solar,TX,3905.1884690325355
2029,4,p63,OkonRecycling,402331,Whitesboro Solar II,TX,3150.0975361838705
2029,4,p63,OkonRecycling,402414,Whitewright Solar,TX,2758.6136494739017
2029,4,p63,OkonRecycling,402654,Yellow Jacket,TX,16533.022320925003
2029,4,p64,OkonRecycling,405731,Austin TX GigaFactory,TX,27502.144740884814
2029,4,p64,OkonRecycling,404721,"Blue Jay Solar I, LLC",TX,1399.3766982229265
2029,4,p64,OkonRecycling,402389,"E-Volve Energy Holdings, LLC",TX,187637.7365538051
2029,4,p64,OkonRecycling,400227,East Blackland Solar Project 1,TX,1214.4205523004507
2029,4,p64,OkonRecycling,405101,IKEA Round Rock 027,TX,162892.79251624199
2029,4,p64,SolarCycle,402653,Lampwick,TX,17254.65271803003
2029,4,p64,OkonRecycling,405613,Niagara Bottling - Seguin,TX,33498.104402818695
2029,4,p65,OkonRecycling,405700,Aktina Solar,TX,3948.4495150093708
2029,4,p65,OkonRecycling,405727,Bernard Creek Solar,TX,7500.861765633316
2029,4,p65,OkonRecycling,405477,Brightside,TX,42606.243981642154
2029,4,p65,OkonRecycling,401728,CPS 1 Community Solar,TX,1747882.5789851903
2029,4,p65,OkonRecycling,402656,Cascade Solar (TX),TX,87952.47462250698
2029,4,p65,SolarCycle,404062,Elara Solar,TX,7873.341619902743
2029,4,p65,OkonRecycling,404359,FELPS 1-Calaveras,TX,907610.5792739125
2029,4,p65,OkonRecycling,404361,FELPS 2-Calaveras,TX,907589.7240045808
2029,4,p65,OkonRecycling,404739,FELPS 6- Floresville West,TX,1847233.7703823477
2029,4,p65,OkonRecycling,404740,FELPS 7- Floresville West,TX,615812.4393718366
2029,4,p65,SolarCycle,405801,Horizon Solar,TX,10134.123832060899
2029,4,p65,OkonRecycling,405380,IKEA Live Oak Rooftop PV System,TX,983206.4012652609
2029,4,p65,SolarCycle,403343,Mars Solar,TX,65244.54690217465
2029,4,p65,OkonRecycling,404877,Nebula Solar,TX,6410.899853028456
2029,4,p65,OkonRecycling,400694,"OCI Alamo 2, LLC",TX,389839.3270150319
2029,4,p65,OkonRecycling,400965,"OCI Alamo 3, LLC",TX,155294.52161935813
2029,4,p65,SolarCycle,400966,"OCI Alamo 5, LLC",TX,9238.796846182277
2029,4,p65,OkonRecycling,400593,OCI Alamo Solar I Hybrid,TX,45102.895205619374
2029,4,p65,SolarCycle,405809,Shakes Solar,TX,5186.7536311629065
2029,4,p65,OkonRecycling,405545,Sparta Solar,TX,8743.270759162711
2029,4,p65,OkonRecycling,400379,"SunE CPS1, LLC",TX,92761.86932770672
2029,4,p65,OkonRecycling,400364,"SunE CPS2, LLC",TX,93014.07321807266
2029,4,p65,OkonRecycling,400353,"SunE CPS3, LLC",TX,88908.0817570485
2029,4,p65,OkonRecycling,406032,Tres Bahias,TX,5423.503945054367
2029,4,p67,OkonRecycling,404939,Brazoria County Solar Project (Danciger),TX,1392.480202434605
2029,4,p67,OkonRecycling,404681,Brazoria West,TX,1911.8826588824174
2029,4,p67,OkonRecycling,404587,Fighting Jays Solar Project,TX,1674.69198668342
2029,4,p67,OkonRecycling,405564,"Fort Bend Solar, LLC",TX,963.5509350791583
2029,4,p67,OkonRecycling,403514,Wagyu,TX,2066.4805669929333
2030,1,p12,ComstockMetals,402144,Battle Mountain Solar Project,NV,723.0495387531682
2030,1,p12,ComstockMetals,405025,Brady,NV,790.3886418473566
2030,1,p12,ComstockMetals,405553,Dodge Flat,NV,425.5741213170448
2030,1,p12,ComstockMetals,402609,"EGP Stillwater Solar PV II, LLC",NV,1424.85808399058
2030,1,p12,ComstockMetals,404659,Fish Springs,NV,535.7220022817238
2030,1,p12,ComstockMetals,401086,Ft. Churchill PV,NV,608.8394920812801
2030,1,p12,ComstockMetals,405028,Galena 2 Geothermal Power Plant,NV,1462.4858891713582
2030,1,p12,ComstockMetals,402130,Luning Energy,NV,2217.947876349422
2030,1,p12,ComstockMetals,400468,"Patua Acquisition Project, LLC",NV,1186.5259744899097
2030,1,p12,ComstockMetals,405021,Steamboat Hills LP,NV,2002.7021267997056
2030,1,p12,ComstockMetals,405023,Steamboat II,NV,1020.1980220541537
2030,1,p12,ComstockMetals,405024,Steamboat III,NV,962.3092153344679
2030,1,p12,ComstockMetals,400029,Stillwater Facility,NV,2293.6666058586743
2030,1,p12,ComstockMetals,401318,Sunshine Valley Solar,NV,1785.8834326738033
2030,1,p12,ComstockMetals,405026,TS Power Plant,NV,1357.8793245800123
2030,1,p12,ComstockMetals,405576,Tesla Reno GigaFactory,NV,1598.5928135715703
2030,1,p12,ComstockMetals,401943,Tungsten Mountain,NV,13309.003489539597
2030,1,p12,ComstockMetals,403308,Turquoise Liberty Solar,NV,1123.0378501886667
2030,1,p12,ComstockMetals,403884,"Turquoise Nevada, LLC",NV,481.3710782515283
2030,1,p12,ComstockMetals,400035,Western 102 Power Plant,NV,2939.0620759886633
2030,1,p13,WeRecycleSolar,400555,Apex Solar PV Power Project,NV,7213.8180436760895
2030,1,p13,WeRecycleSolar,405385,Arrow Canyon Solar Hybrid,NV,744.8844451228899
2030,1,p13,WeRecycleSolar,401649,"Boulder Solar Power, LLC",NV,5271.615717220096
2030,1,p13,WeRecycleSolar,400059,CM10,NV,24587.847638235922
2030,1,p13,WeRecycleSolar,400086,CM48,NV,10462.712520123036
2030,1,p13,WeRecycleSolar,400363,Copper Mountain Solar 2,NV,3529.5683919195762
2030,1,p13,WeRecycleSolar,403688,"Copper Mountain Solar 5, LLC",NV,1362.3105706449253
2030,1,p13,WeRecycleSolar,405358,Dignity - San Martin,NV,157476.0931360239
2030,1,p13,WeRecycleSolar,405355,Dignity - Siena Campus,NV,368679.8510521415
2030,1,p13,WeRecycleSolar,405556,Dry Lake Solar Energy Center,NV,1124.6993254486154
2030,1,p13,WeRecycleSolar,405495,Gemini Solar,NV,789.0493251355066
2030,1,p13,WeRecycleSolar,403386,"Harry Allen Solar Energy, LLC",NV,5857.694127166694
2030,1,p13,WeRecycleSolar,406089,IGS VGT,NV,269384.91553086863
2030,1,p13,WeRecycleSolar,405309,IKEA Las Vegas 462,NV,268397.5441342396
2030,1,p13,WeRecycleSolar,400545,Las Vegas WPCF Solar Plant,NV,79586.26096704754
2030,1,p13,WeRecycleSolar,400313,Moapa Southern Paiute,NV,2583.4134583233886
2030,1,p13,WeRecycleSolar,400600,Mountain View Solar,NV,9459.021317587682
2030,1,p13,WeRecycleSolar,400036,Nellis Air Force Base Solar Array,NV,22784.65611944714
2030,1,p13,WeRecycleSolar,401319,"Playa Solar 1, LLC",NV,3826.3317519061493
2030,1,p13,WeRecycleSolar,401274,River Mountains Solar,NV,35346.75011290861
2030,1,p13,WeRecycleSolar,401042,Searchlight Solar,NV,13245.575290746889
2030,1,p13,WeRecycleSolar,400166,Silver State Solar Power North,NV,5209.658931370873
2030,1,p13,WeRecycleSolar,400658,Silver State Solar Power South,NV,1396.3897763211332
2030,1,p13,WeRecycleSolar,405246,"Solar Las Vegas MB 2, LLC",NV,176735.60096081748
2030,1,p13,WeRecycleSolar,405188,Solar Las Vegas MB-1,NV,108429.15031770308
2030,1,p13,WeRecycleSolar,402485,"Techren Solar I, LLC",NV,2841.318440676204
2030,1,p13,WeRecycleSolar,402690,"Techren Solar II, LLC",NV,2843.349183651414
2030,1,p13,WeRecycleSolar,402691,"Techren Solar III, LLC",NV,19899.41598775724
2030,1,p13,WeRecycleSolar,402692,"Techren Solar IV, LLC",NV,6925.328038591663
2030,1,p13,WeRecycleSolar,406448,Yellow Pine II,NV,2826.0159532187477
2030,1,p13,WeRecycleSolar,404971,Yellow Pine Solar,NV,1944.0064327706662
2030,1,p27,WeRecycleSolar,400374,"Black Mountain Solar, LLC",AZ,4791.065336234636
2030,1,p27,WeRecycleSolar,402236,Gray Hawk Solar,AZ,1294.4853916489244
2030,1,p27,WeRecycleSolar,401819,Jacobson 5 MW Solar,AZ,19246.218220597584
2030,1,p27,WeRecycleSolar,403718,Mohave Electric Cooperative at Joy Lane,AZ,9089.869301970484
2030,1,p27,WeRecycleSolar,401311,Mohave Electric at Fort Mohave,AZ,10253.622437032049
2030,1,p27,WeRecycleSolar,406478,Mohave Energy - Hybrid,AZ,5327.462878366386
2030,1,p28,WeRecycleSolar,405418,AZ State University - Tempe Campus Solar,AZ,2772.890747143092
2030,1,p28,WeRecycleSolar,400148,Agua Caliente Solar Project,AZ,706.2278660181332
2030,1,p28,FabTechSolar,402067,Apache Solar 1,AZ,7341.337955508728
2030,1,p28,WeRecycleSolar,400274,Arizona Western College PV,AZ,53211.55630373867
2030,1,p28,WeRecycleSolar,400240,Arlington Valley Solar Energy II,AZ,749.8611332921869
2030,1,p28,WeRecycleSolar,400437,Badger 1,AZ,6203.1175303479
2030,1,p28,FabTechSolar,401688,Bonnybrooke PV,AZ,997.3965614643195
2030,1,p28,FabTechSolar,405635,"Central Line Solar, LLC",AZ,564.0930377952983
2030,1,p28,WeRecycleSolar,400201,Chino Solar Valley,AZ,5185.634064122197
2030,1,p28,WeRecycleSolar,400202,Cotton Center Solar Hybrid,AZ,2145.9001130459137
2030,1,p28,WeRecycleSolar,401069,Desert Star Hybrid,AZ,2790.7988711754665
2030,1,p28,FabTechSolar,403257,East Line Solar,AZ,619.3609234583042
2030,1,p28,FabTechSolar,406171,Eleven Mile Solar Center,AZ,468.6728327452689
2030,1,p28,WeRecycleSolar,405244,Estrella Mountain PV,AZ,18242.314360560616
2030,1,p28,WeRecycleSolar,400349,Foothills Solar Plant Hybrid,AZ,3042.1861398493734
2030,1,p28,FabTechSolar,400825,Fort Huachuca Solar PV Project,AZ,8710.16107569018
2030,1,p28,WeRecycleSolar,400845,Gila Bend Hybrid,AZ,1835.7644112994835
2030,1,p28,FabTechSolar,400599,"Gilbert Solar Facility I, LLC",AZ,4725.209019230298
2030,1,p28,WeRecycleSolar,400204,Hyder Solar Hybrid,AZ,5373.676196550005
2030,1,p28,FabTechSolar,405282,Intel - Ocotillo Campus Solar,AZ,1974.627204190211
2030,1,p28,WeRecycleSolar,405125,Jewish Community Center PV,AZ,25455.44474492925
2030,1,p28,WeRecycleSolar,402234,Kayenta Solar Project,AZ,9594.56413177901
2030,1,p28,WeRecycleSolar,400595,Lake Pleasant WTP,AZ,5023.691532236143
2030,1,p28,WeRecycleSolar,400128,Luke Solar,AZ,1231.6107268314556
2030,1,p28,WeRecycleSolar,405068,Macys Goodyear,AZ,6825.256144685665
2030,1,p28,WeRecycleSolar,406279,McFarland A Solar and Storage,AZ,842.5335834481762
2030,1,p28,FabTechSolar,405617,Mesa Carport PV,AZ,2823.6719442834337
2030,1,p28,WeRecycleSolar,400250,Mesquite Solar 1,AZ,497.2040443121919
2030,1,p28,WeRecycleSolar,401621,"Mesquite Solar 2, LLC",AZ,894.992696124512
2030,1,p28,WeRecycleSolar,401622,"Mesquite Solar 3, LLC",AZ,566.7416451511727
2030,1,p28,WeRecycleSolar,406038,"Mesquite Solar 4, LLC",AZ,1346.2977991737575
2030,1,p28,WeRecycleSolar,404922,"Mesquite Solar 5, LLC",AZ,2036.556053300535
2030,1,p28,WeRecycleSolar,403572,OE_AZ1,AZ,3294.816285797822
2030,1,p28,WeRecycleSolar,400203,Paloma Solar Hybrid,AZ,2112.991289194332
2030,1,p28,WeRecycleSolar,405126,Paradise Valley H.S. PV,AZ,11232.495772254491
2030,1,p28,WeRecycleSolar,405150,Phoenix Airport East Economy Lot,AZ,10158.335914876046
2030,1,p28,WeRecycleSolar,405151,Phoenix Airport Rental Car Center,AZ,1071.9555769331582
2030,1,p28,FabTechSolar,402528,Pinal Central Energy Center Hybrid,AZ,1958.3303087546083
2030,1,p28,FabTechSolar,400125,"Poseidon Solar, LLC",AZ,2315.4799722560665
2030,1,p28,WeRecycleSolar,400031,Prescott Airport,AZ,19834.644091728704
2030,1,p28,WeRecycleSolar,400401,Prescott Solar Plant,AZ,6059.394665830554
2030,1,p28,FabTechSolar,400323,Queen Creek Solar Farm,AZ,902.2691784519576
2030,1,p28,WeRecycleSolar,400289,"RE Bagdad Solar I, LLC",AZ,4904.226591056316
2030,1,p28,WeRecycleSolar,405132,"RE Gillespie 1, LLC",AZ,3184.8666824865013
2030,1,p28,FabTechSolar,406380,SR McNeal,AZ,6090.90266166343
2030,1,p28,WeRecycleSolar,400416,Saddle Mountain Solar I,AZ,4700.988954000104
2030,1,p28,FabTechSolar,403674,Saint Solar,AZ,624.6482092431628
2030,1,p28,FabTechSolar,401214,Sandstone Solar,AZ,773.1251901691608
2030,1,p28,WeRecycleSolar,405029,Solana Generating Station,AZ,551.4486999082998
2030,1,p28,WeRecycleSolar,406275,Sonoran Solar Energy,AZ,441.53476550182836
2030,1,p28,FabTechSolar,406034,Storey Solar and Storage,AZ,572.371106855841
2030,1,p28,WeRecycleSolar,403643,Sun Streams 2,AZ,986.4838591848596
2030,1,p28,WeRecycleSolar,406517,Sun Streams 3,AZ,802.0475849832517
2030,1,p28,WeRecycleSolar,401975,"Sun Streams, LLC",AZ,513.0405638848287
2030,1,p28,WeRecycleSolar,405311,T0588 Phoenix - AZ,AZ,7221.981515009047
2030,1,p28,FabTechSolar,405134,Union HS at Casa Grande,AZ,15423.31440968714
2030,1,p28,FabTechSolar,405135,Vista Grande HS at Casa Grande,AZ,13422.856780712702
2030,1,p28,FabTechSolar,406098,"West Line Solar, LLC",AZ,531.3344000755965
2030,1,p29,FabTechSolar,400014,Springerville,AZ,2307.228730621979
2030,1,p30,FabTechSolar,405143,Actus Lend Lease DMAFB,AZ,34825.07247206483
2030,1,p30,FabTechSolar,405611,Amazon TUS2,AZ,21378.59173187733
2030,1,p30,FabTechSolar,400939,Avalon Solar,AZ,2322.2743637968383
2030,1,p30,FabTechSolar,401479,Avalon Solar II,AZ,3858.4119885607247
2030,1,p30,FabTechSolar,400226,Avra Valley Solar,AZ,3346.174695408992
2030,1,p30,FabTechSolar,404704,Broadway 2 - Tucson Phase II,AZ,29717.88697337273
2030,1,p30,FabTechSolar,405269,Canyon Del Oro High School Solar,AZ,20435.942262633682
2030,1,p30,FabTechSolar,401295,Davis Monthan AFB (AZ) West Airfield,AZ,8673.223994126573
2030,1,p30,FabTechSolar,400761,"Gato Montes Solar, LLC",AZ,7824.755639348129
2030,1,p30,FabTechSolar,404536,Iron Horse Battery Storage Hybrid,AZ,28292.6434701103
2030,1,p30,FabTechSolar,400552,"Picture Rocks Solar, LLC",AZ,896.3397876414285
2030,1,p30,FabTechSolar,405374,Pima Community College,AZ,98250.27563210385
2030,1,p30,FabTechSolar,405303,Pima Community College - East Campus,AZ,39845.75376873766
2030,1,p30,FabTechSolar,405516,Pima Community College NW,AZ,23025.004030618016
2030,1,p30,FabTechSolar,404926,Raptor Ridge,AZ,2532.013745896807
2030,1,p30,FabTechSolar,400857,Rio Rico Solar,AZ,25123.04277522517
2030,1,p30,FabTechSolar,401076,Tech Park Solar,AZ,22310.201775649435
2030,1,p30,FabTechSolar,400156,UASTP I,AZ,47068.00751913854
2030,1,p30,FabTechSolar,401075,Valencia Solar,AZ,4343.976045985407
2030,1,p30,FabTechSolar,404187,"Wilmot Energy Center, LLC",AZ,836.2332495348136
2030,1,p31,SolarCycle,400211,Alamogordo Solar Energy Center,NM,136987.92167645582
2030,1,p31,FabTechSolar,400206,Albuquerque Solar Energy Center,NM,242422.13059933987
2030,1,p31,SolarCycle,403675,Alcalde Solar Array,NM,150599.02506521274
2030,1,p31,FabTechSolar,401595,Alta Luna,NM,27548.95048598853
2030,1,p31,FabTechSolar,405469,Arroyo Solar Energy Storage Hybrid,NM,1906.3506794896857
2030,1,p31,FabTechSolar,403321,Bluewater CDEC 1,NM,80589.52016217475
2030,1,p31,SolarCycle,402876,CNMEC Solar Energy Center,NM,147202.48639892973
2030,1,p31,SolarCycle,402519,Carrizozo Solar,NM,231366.0458080435
2030,1,p31,FabTechSolar,401202,Cibola,NM,115614.75685444816
2030,1,p31,FabTechSolar,402988,City of Gallup Solar,NM,43632.59340776095
2030,1,p31,FabTechSolar,403604,City of Rio Rancho WWTP,NM,260474.68164907862
2030,1,p31,FabTechSolar,401225,City of Truth or Consequences PV,NM,136842.70693710816
2030,1,p31,FabTechSolar,400209,Deming Solar Energy Center,NM,27699.86645332579
2030,1,p31,FabTechSolar,403868,Encino Solar Energy Center,NM,17565.522275335083
2030,1,p31,FabTechSolar,401038,Eubank Landfill Solar Array,NM,485450.8566104023
2030,1,p31,FabTechSolar,402443,Facebook 3 Solar Energy Center,NM,92329.31839946231
2030,1,p31,FabTechSolar,403322,Grants CDEC 2,NM,173497.49888073804
2030,1,p31,SolarCycle,401617,Holloman Solar Facility,NM,137380.63725960877
2030,1,p31,FabTechSolar,406109,"Jicarilla Solar 1, LLC",NM,10194.162419522629
2030,1,p31,SolarCycle,400427,Kit Carson,NM,227757.70524082883
2030,1,p31,FabTechSolar,400207,Los Lunas Solar Energy Center,NM,131280.74571136598
2030,1,p31,FabTechSolar,400838,Macho Springs,NM,7676.311916430647
2030,1,p31,FabTechSolar,400582,Manzano Solar,NM,58498.59662556658
2030,1,p31,SolarCycle,401201,Meadow Lake Solar Energy Center,NM,34976.555719084325
2030,1,p31,SolarCycle,405693,NMSU Solar and Storage,NM,51797.9240830429
2030,1,p31,FabTechSolar,406375,OE_ESCL,NM,4244.2473288469455
2030,1,p31,SolarCycle,400581,Otero Solar,NM,89994.68977792312
2030,1,p31,SolarCycle,400146,Questa Solar Facility,NM,575494.5971861937
2030,1,p31,FabTechSolar,403178,"RC Energy AA, LLC Solar Facility",NM,487959.2181126217
2030,1,p31,FabTechSolar,401566,Rio Communities Solar Energy Center,NM,46170.71884063846
2030,1,p31,FabTechSolar,403084,Rio De Oro Solar Energy Center,NM,23422.319187006477
2030,1,p31,FabTechSolar,400624,Rio Rancho High School,NM,966040.4071084299
2030,1,p31,FabTechSolar,404648,"Route 66 Energy Center, LLC",NM,4468.643547770138
2030,1,p31,SolarCycle,403387,San Miguel I Solar Energy Center,NM,31096.00463783532
2030,1,p31,SolarCycle,405458,San Miguel II Solar Energy Center,NM,46462.91333382322
2030,1,p31,FabTechSolar,401161,Sandoval Solar Energy Center,NM,77828.71406937604
2030,1,p31,FabTechSolar,401565,Santolina Solar Energy Center,NM,29446.398604845795
2030,1,p31,FabTechSolar,406343,Sky Ranch Solar,NM,5174.763915049899
2030,1,p31,FabTechSolar,401563,South Valley Solar Energy Center,NM,93763.92629109915
2030,1,p31,SolarCycle,401162,Springer Solar 1,NM,565162.4736761448
2030,1,p31,SolarCycle,400735,Storrie Lake Solar Project,NM,103286.57909357274
2030,1,p31,FabTechSolar,400623,Sue Cleveland High School,NM,974155.8768081844
2030,1,p31,SolarCycle,400343,"SunE EPE1, LLC",NM,70243.45505002489
2030,1,p31,SolarCycle,402854,Syncarpha Eagle Nest,NM,218904.6090357404
2030,1,p31,SolarCycle,403412,Syncarpha El Rito,NM,355427.62513496395
2030,1,p31,SolarCycle,403413,Syncarpha Questa,NM,364673.22377884295
2030,1,p31,SolarCycle,403411,Syncarpha Taos,NM,353064.9693470459
2030,1,p31,SolarCycle,404618,Taos Mesa Energy Facility Hybrid,NM,74023.64062248466
2030,1,p31,FabTechSolar,403011,Vista Solar Energy Center,NM,93272.2564605763
2030,1,p31,FabTechSolar,405245,Wal-Mart Truth or Consequences PV,NM,196489.75323019119
2030,1,p47,SolarCycle,400979,"Caprock Solar 1, LLC",NM,24753.695201856808
2030,1,p47,SolarCycle,401681,"Chaves Solar, LLC",NM,6613.328704317753
2030,1,p47,SolarCycle,400614,GSE NM1,NM,116770.17069346286
2030,1,p47,SolarCycle,404982,Hayhurst New Mexico Solar,NM,3231.3664844610485
2030,1,p47,SolarCycle,402530,Middle Daisy,NM,17743.546271079384
2030,1,p47,SolarCycle,400546,SEV NM Phase 2,NM,311370.65332346177
2030,1,p47,SolarCycle,400260,SPS1 Dollarhide,NM,4813.16685855612
2030,1,p47,SolarCycle,400261,SPS2 Jal,NM,14707.205283926904
2030,1,p47,SolarCycle,400262,SPS3 Lea,NM,4590.8249164258705
2030,1,p47,SolarCycle,400264,SPS5 Hopi,NM,10671.612430984524
2030,1,p47,SolarCycle,404698,SoCore Clovis 1,NM,245873.98479516266
2030,1,p48,SolarCycle,406439,"BESSP1, LLC",TX,12609.501156554203
2030,1,p48,SolarCycle,405590,"Hecate Energy Frye Solar, LLC",TX,700.603340765375
2030,1,p57,OkonRecycling,404918,"Hecate Energy Upshur Rural, LLC",TX,10632.42680381626
2030,1,p59,SolarCycle,402666,Fort Bliss (DEA EPIC),TX,45538.1375001251
2030,1,p59,SolarCycle,401616,Montana Solar Facility,TX,29309.261761781574
2030,1,p59,SolarCycle,401045,Newman Solar,TX,6265.007135341777
2030,1,p60,SolarCycle,403962,"ANSON Solar Center, LLC",TX,1299.2438408394707
2030,1,p60,OkonRecycling,403883,Azure Sky Solar,TX,816.7182765958797
2030,1,p60,SolarCycle,403232,"ENGIE Long Draw Solar, LLC",TX,1177.6511782763068
2030,1,p60,SolarCycle,406252,Highpeak Solar 1,TX,18302.427796012067
2030,1,p60,SolarCycle,402721,Holstein 1 Solar Farm,TX,763.9057024314272
2030,1,p60,SolarCycle,405492,Juno Solar Project,TX,595.6878015670031
2030,1,p60,SolarCycle,402541,Lamesa II,TX,1153.4864268592605
2030,1,p60,SolarCycle,401660,Lamesa Solar,TX,893.207767431368
2030,1,p60,SolarCycle,405932,Lumina II Solar Project,TX,1229.6652857952308
2030,1,p60,SolarCycle,405933,Lumina Solar Project,TX,786.1242452959871
2030,1,p60,SolarCycle,402909,Misae Solar,TX,1437.9456869576545
2030,1,p60,OkonRecycling,400968,"OCI Alamo 7, LLC",TX,1573.975345973572
2030,1,p60,SolarCycle,405939,Texas Solar Nova 1,TX,795.1913776830166
2030,1,p61,SolarCycle,400967,Alamo 6,TX,934.7626314009775
2030,1,p61,SolarCycle,403557,Aragorn Solar Project,TX,738.6148359497066
2030,1,p61,SolarCycle,400691,Barilla Solar,TX,1339.1192493100725
2030,1,p61,SolarCycle,401946,Bluebell Solar,TX,998.5682533845985
2030,1,p61,SolarCycle,403574,Bluebell Solar II,TX,594.0343113703057
2030,1,p61,SolarCycle,400554,"Bryan Solar, LLC",TX,10073.423920512341
2030,1,p61,SolarCycle,401463,Buckthorn Westex,TX,496.39929319478443
2030,1,p61,SolarCycle,401703,East Pecos Solar,TX,561.2902380297817
2030,1,p61,SolarCycle,405363,Galloway 1 Solar Farm,TX,700.1245605241305
2030,1,p61,SolarCycle,405494,Galloway 2 Solar Farm,TX,1742.2495086120273
2030,1,p61,SolarCycle,403210,Greasewood,TX,473.11725733842894
2030,1,p61,SolarCycle,406370,Hayhurst Texas Solar,TX,2424.069708737982
2030,1,p61,SolarCycle,402304,Midway Solar-TX,TX,562.3503016153691
2030,1,p61,SolarCycle,400695,"OCI Alamo 4, LLC",TX,1722.0992228013636
2030,1,p61,SolarCycle,401868,Pearl Solar,TX,782.7169183819618
2030,1,p61,SolarCycle,402290,RE Maplewood,TX,519.4252156383923
2030,1,p61,SolarCycle,401430,RE Roserock,TX,529.431373288181
2030,1,p61,SolarCycle,402848,Rambler,TX,573.4876811306218
2030,1,p61,SolarCycle,402083,Solaire Holman Solar Project,TX,2714.6141023426235
2030,1,p61,SolarCycle,403023,"Taygete Energy Project, LLC",TX,485.0664480620942
2030,1,p61,SolarCycle,404647,Taygete II Energy Project,TX,505.1227989335457
2030,1,p61,SolarCycle,403551,Titan Solar Project,TX,635.9556341812353
2030,1,p61,SolarCycle,406103,Zier Solar,TX,1688.9881631233611
2030,1,p62,SolarCycle,403502,2W Permian Solar Project Hybrid,TX,430.18969035127515
2030,1,p62,SolarCycle,403697,CED Crane Solar,TX,602.7824824838009
2030,1,p62,SolarCycle,401525,Castle Gap Solar Hybrid,TX,468.79169151548984
2030,1,p62,SolarCycle,404599,Emerald Grove,TX,581.3572705602388
2030,1,p62,SolarCycle,403004,Lapetus,TX,574.7141188225482
2030,1,p62,SolarCycle,403280,Oberon IA,TX,454.0937637227205
2030,1,p62,SolarCycle,403279,Oberon IB,TX,673.5089589041148
2030,1,p62,SolarCycle,403602,Oxy Renewable Energy-Goldsmith,TX,1247.6139518881798
2030,1,p62,SolarCycle,402679,Phoebe Solar,TX,444.20790410807894
2030,1,p62,SolarCycle,403177,Prospero Solar,TX,443.0303444520572
2030,1,p62,SolarCycle,404128,Prospero Solar II,TX,656.3445910557404
2030,1,p62,SolarCycle,403070,"Roadrunner, LLC",TX,455.2833408888905
2030,1,p62,SolarCycle,401805,Upton County Solar,TX,457.2238009463289
2030,1,p62,SolarCycle,402995,West of the Pecos Solar,TX,511.92933607375926
2030,1,p63,OkonRecycling,405599,"BPL Crown Solar, LLC",TX,2552.5206163576604
2030,1,p63,OkonRecycling,404966,BPL Files Solar,TX,592.6375747433461
2030,1,p63,OkonRecycling,403825,Briar Creek Solar 1,TX,682.7271408781065
2030,1,p63,OkonRecycling,401697,CoServ Community Solar Station,TX,7873.868200385589
2030,1,p63,OkonRecycling,403188,Coniglio Solar,TX,660.9279472317097
2030,1,p63,OkonRecycling,406415,Dileo Solar,TX,2772.9321323817385
2030,1,p63,OkonRecycling,402655,Eddy II,TX,7875.059109475342
2030,1,p63,OkonRecycling,406221,Eiffel Solar Project,TX,1231.6155217089415
2030,1,p63,OkonRecycling,405540,"Ellis Solar, LLC",TX,626.0571153711121
2030,1,p63,OkonRecycling,403823,Elm Branch Solar 1,TX,698.8542803676189
2030,1,p63,OkonRecycling,406206,Five Wells Solar Center - Hybrid,TX,585.0938681507363
2030,1,p63,OkonRecycling,404567,G.S.E. One LLC,TX,795.9631134666243
2030,1,p63,OkonRecycling,403288,Griffin Solar,TX,39447.17792416182
2030,1,p63,OkonRecycling,406202,Grizzly Ridge Solar,TX,1554.2138901996007
2030,1,p63,OkonRecycling,402329,Highway 56 Solar,TX,5035.263789772288
2030,1,p63,OkonRecycling,405319,IKEA Grand Prairie Rooftop PV System,TX,2833.6686320530994
2030,1,p63,OkonRecycling,405689,"IP Radian, LLC",TX,668.2021654301014
2030,1,p63,OkonRecycling,403481,Impact Solar 1,TX,912.6549020274813
2030,1,p63,OkonRecycling,403190,Kellam Solar,TX,2771.2576333882116
2030,1,p63,OkonRecycling,402421,Leon Solar,TX,2634.272099244013
2030,1,p63,OkonRecycling,403874,Lily Solar Hybrid,TX,535.8432052762984
2030,1,p63,OkonRecycling,402404,Marlin Solar,TX,14128.091297684576
2030,1,p63,OkonRecycling,405794,Noble Solar,TX,492.76518711200504
2030,1,p63,OkonRecycling,402405,North Gainesville Solar,TX,2990.637671902145
2030,1,p63,OkonRecycling,401933,Phantom Solar,TX,9328.089024005787
2030,1,p63,OkonRecycling,404872,"Pisgah Ridge Solar, LLC",TX,674.9016495285658
2030,1,p63,OkonRecycling,406416,Pitts Dudik Solar,TX,3019.672688942943
2030,1,p63,OkonRecycling,403189,Rippey Solar,TX,2435.0735266956626
2030,1,p63,OkonRecycling,404630,"Samson Solar Energy III, LLC",TX,677.6160253394391
2030,1,p63,OkonRecycling,402652,Sterling Solar (TX),TX,2322.3605824161
2030,1,p63,OkonRecycling,403457,"TPE Whitney Solar, LLC",TX,5013.696735177016
2030,1,p63,OkonRecycling,405361,Toyota HQ Plan,TX,1228.9183163870302
2030,1,p63,OkonRecycling,405907,Verizon Hidden Ridge Solar Project,TX,1181.8387670293475
2030,1,p63,OkonRecycling,405984,Waco Solar,TX,791.4394516045411
2030,1,p63,OkonRecycling,402306,Walnut Springs Solar,TX,31598.18990341312
2030,1,p63,OkonRecycling,402497,West Moore Solar II,TX,6632.871868542406
2030,1,p63,OkonRecycling,402330,Whitesboro Solar,TX,4489.386547204624
2030,1,p63,OkonRecycling,402331,Whitesboro Solar II,TX,3493.859728206853
2030,1,p63,OkonRecycling,402414,Whitewright Solar,TX,2084.7240353385014
2030,1,p63,OkonRecycling,402654,Yellow Jacket,TX,16533.022320925003
2030,1,p64,OkonRecycling,404721,"Blue Jay Solar I, LLC",TX,1399.3766982229265
2030,1,p64,OkonRecycling,402389,"E-Volve Energy Holdings, LLC",TX,187637.7365538051
2030,1,p64,OkonRecycling,400227,East Blackland Solar Project 1,TX,1214.4205523004507
2030,1,p64,OkonRecycling,405101,IKEA Round Rock 027,TX,162892.79251624199
2030,1,p64,SolarCycle,402653,Lampwick,TX,34109.305436060065
2030,1,p64,OkonRecycling,405613,Niagara Bottling - Seguin,TX,33498.104402818695
2030,1,p64,OkonRecycling,400249,Webberville Solar Project,TX,2509.4578378377046
2030,1,p65,OkonRecycling,405700,Aktina Solar,TX,3948.4495150093708
2030,1,p65,OkonRecycling,405727,Bernard Creek Solar,TX,3950.4308828166577
2030,1,p65,OkonRecycling,405477,Brightside,TX,42606.243981642154
2030,1,p65,OkonRecycling,401728,CPS 1 Community Solar,TX,582894.1929950635
2030,1,p65,OkonRecycling,402656,Cascade Solar (TX),TX,175504.94924501397
2030,1,p65,SolarCycle,404247,"Corazon Energy, LLC",TX,12429.914041269063
2030,1,p65,SolarCycle,404062,Elara Solar,TX,15346.683239805487
2030,1,p65,OkonRecycling,404361,FELPS 2-Calaveras,TX,1814779.4480091615
2030,1,p65,OkonRecycling,404739,FELPS 6- Floresville West,TX,616011.2567941159
2030,1,p65,OkonRecycling,404740,FELPS 7- Floresville West,TX,923518.6590577548
2030,1,p65,OkonRecycling,406516,Ganado Solar,TX,12162.291794791703
2030,1,p65,SolarCycle,405801,Horizon Solar,TX,2346.82476641218
2030,1,p65,OkonRecycling,405380,IKEA Live Oak Rooftop PV System,TX,246101.6003163152
2030,1,p65,SolarCycle,403343,Mars Solar,TX,259778.18760869862
2030,1,p65,OkonRecycling,404877,Nebula Solar,TX,8414.533137371276
2030,1,p65,OkonRecycling,400694,"OCI Alamo 2, LLC",TX,130213.10900501064
2030,1,p65,OkonRecycling,400965,"OCI Alamo 3, LLC",TX,103663.01441290545
2030,1,p65,SolarCycle,400966,"OCI Alamo 5, LLC",TX,3935.5187384729106
2030,1,p65,OkonRecycling,400593,OCI Alamo Solar I Hybrid,TX,22751.447602809687
2030,1,p65,SolarCycle,405809,Shakes Solar,TX,5186.7536311629065
2030,1,p65,OkonRecycling,405545,Sparta Solar,TX,8743.270759162711
2030,1,p65,OkonRecycling,400379,"SunE CPS1, LLC",TX,61974.579551804476
2030,1,p65,OkonRecycling,400353,"SunE CPS3, LLC",TX,44654.04087852425
2030,1,p65,OkonRecycling,406032,Tres Bahias,TX,5423.503945054367
2030,1,p67,OkonRecycling,404939,Brazoria County Solar Project (Danciger),TX,1888.7203036519074
2030,1,p67,OkonRecycling,404681,Brazoria West,TX,1407.9217725882781
2030,1,p67,OkonRecycling,404587,Fighting Jays Solar Project,TX,1037.34599334171
2030,1,p67,OkonRecycling,405564,"Fort Bend Solar, LLC",TX,2654.2037403166332
2030,1,p67,OkonRecycling,403514,Wagyu,TX,2066.4805669929333
2030,2,p12,ComstockMetals,402144,Battle Mountain Solar Project,NV,1395.0707224100208
2030,2,p12,ComstockMetals,405025,Brady,NV,640.4982897440563
2030,2,p12,ComstockMetals,405553,Dodge Flat,NV,421.006527954131
2030,2,p12,ComstockMetals,402609,"EGP Stillwater Solar PV II, LLC",NV,820.9081071343911
2030,2,p12,ComstockMetals,404659,Fish Springs,NV,483.6113194147596
2030,2,p12,ComstockMetals,401086,Ft. Churchill PV,NV,528.6552304362472
2030,2,p12,ComstockMetals,405028,Galena 2 Geothermal Power Plant,NV,1054.5427090648202
2030,2,p12,ComstockMetals,402130,Luning Energy,NV,1519.9438411859
2030,2,p12,ComstockMetals,400468,"Patua Acquisition Project, LLC",NV,884.5380511302427
2030,2,p12,ComstockMetals,405021,Steamboat Hills LP,NV,1387.3420462248032
2030,2,p12,ComstockMetals,405023,Steamboat II,NV,829.8309839739528
2030,2,p12,ComstockMetals,405024,Steamboat III,NV,746.4096802491989
2030,2,p12,ComstockMetals,400029,Stillwater Facility,NV,1566.5902417122975
2030,2,p12,ComstockMetals,401318,Sunshine Valley Solar,NV,1253.7712413082813
2030,2,p12,ComstockMetals,405026,TS Power Plant,NV,1580.2000091629698
2030,2,p12,ComstockMetals,405576,Tesla Reno GigaFactory,NV,769.1955795632366
2030,2,p12,ComstockMetals,401943,Tungsten Mountain,NV,8352.57066610108
2030,2,p12,ComstockMetals,403308,Turquoise Liberty Solar,NV,734.0697213315409
2030,2,p12,ComstockMetals,403884,"Turquoise Nevada, LLC",NV,450.1285208030569
2030,2,p12,ComstockMetals,400035,Western 102 Power Plant,NV,1790.3867328827537
2030,2,p13,WeRecycleSolar,400555,Apex Solar PV Power Project,NV,9033.124728355571
2030,2,p13,WeRecycleSolar,405385,Arrow Canyon Solar Hybrid,NV,836.9694659485316
2030,2,p13,WeRecycleSolar,402017,"Boulder Solar II, LLC",NV,6553.459450303346
2030,2,p13,WeRecycleSolar,401649,"Boulder Solar Power, LLC",NV,3486.1747294831152
2030,2,p13,WeRecycleSolar,400059,CM10,NV,15723.03212625074
2030,2,p13,WeRecycleSolar,400086,CM48,NV,3587.370565773838
2030,2,p13,WeRecycleSolar,400363,Copper Mountain Solar 2,NV,2382.5855416286213
2030,2,p13,WeRecycleSolar,403688,"Copper Mountain Solar 5, LLC",NV,1009.6249658077598
2030,2,p13,WeRecycleSolar,405358,Dignity - San Martin,NV,99907.90402633723
2030,2,p13,WeRecycleSolar,405355,Dignity - Siena Campus,NV,117052.8761369024
2030,2,p13,WeRecycleSolar,405556,Dry Lake Solar Energy Center,NV,973.8724261355596
2030,2,p13,WeRecycleSolar,405495,Gemini Solar,NV,769.6948606326459
2030,2,p13,WeRecycleSolar,406090,IGS LAS1,NV,65619.38083098497
2030,2,p13,WeRecycleSolar,405309,IKEA Las Vegas 462,NV,339953.5675554432
2030,2,p13,WeRecycleSolar,400545,Las Vegas WPCF Solar Plant,NV,50564.596656283495
2030,2,p13,WeRecycleSolar,400313,Moapa Southern Paiute,NV,1783.195192361382
2030,2,p13,WeRecycleSolar,400600,Mountain View Solar,NV,17616.704449016892
2030,2,p13,WeRecycleSolar,401319,"Playa Solar 1, LLC",NV,2570.58550619678
2030,2,p13,WeRecycleSolar,401274,River Mountains Solar,NV,11469.405238059659
2030,2,p13,WeRecycleSolar,400166,Silver State Solar Power North,NV,2431.2833514298236
2030,2,p13,WeRecycleSolar,405246,"Solar Las Vegas MB 2, LLC",NV,74872.5510908502
2030,2,p13,WeRecycleSolar,405188,Solar Las Vegas MB-1,NV,17509.150901391055
2030,2,p13,WeRecycleSolar,402485,"Techren Solar I, LLC",NV,1946.5783254627001
2030,2,p13,WeRecycleSolar,402690,"Techren Solar II, LLC",NV,1947.8648037105665
2030,2,p13,WeRecycleSolar,402691,"Techren Solar III, LLC",NV,12752.904735153317
2030,2,p13,WeRecycleSolar,402692,"Techren Solar IV, LLC",NV,12801.410741268895
2030,2,p13,WeRecycleSolar,403001,Techren Solar V,NV,6600.488552757762
2030,2,p13,WeRecycleSolar,401851,Townsite Solar Project Hybrid,NV,2343.070011414475
2030,2,p13,WeRecycleSolar,406448,Yellow Pine II,NV,6547.536721076994
2030,2,p13,WeRecycleSolar,404971,Yellow Pine Solar,NV,1378.1300315073518
2030,2,p27,WeRecycleSolar,400374,"Black Mountain Solar, LLC",AZ,3351.751171643103
2030,2,p27,WeRecycleSolar,402236,Gray Hawk Solar,AZ,1001.2887763317648
2030,2,p27,WeRecycleSolar,401819,Jacobson 5 MW Solar,AZ,13068.758593647579
2030,2,p27,WeRecycleSolar,401311,Mohave Electric at Fort Mohave,AZ,4815.851939684271
2030,2,p27,WeRecycleSolar,406478,Mohave Energy - Hybrid,AZ,3712.3270119496783
2030,2,p28,WeRecycleSolar,405418,AZ State University - Tempe Campus Solar,AZ,1922.5217931559428
2030,2,p28,WeRecycleSolar,400148,Agua Caliente Solar Project,AZ,530.9903262495578
2030,2,p28,WeRecycleSolar,400274,Arizona Western College PV,AZ,34285.56573863849
2030,2,p28,WeRecycleSolar,400240,Arlington Valley Solar Energy II,AZ,624.4819744258833
2030,2,p28,FabTechSolar,401688,Bonnybrooke PV,AZ,655.5390255762727
2030,2,p28,WeRecycleSolar,400371,Buckeye Union HS District 201,AZ,11738.235663109497
2030,2,p28,FabTechSolar,405635,"Central Line Solar, LLC",AZ,505.2872857502182
2030,2,p28,WeRecycleSolar,400201,Chino Solar Valley,AZ,2447.0761708317023
2030,2,p28,WeRecycleSolar,401069,Desert Star Hybrid,AZ,1057.4338052436326
2030,2,p28,FabTechSolar,403257,East Line Solar,AZ,540.7489101359545
2030,2,p28,FabTechSolar,406171,Eleven Mile Solar Center,AZ,444.06266263135325
2030,2,p28,WeRecycleSolar,405244,Estrella Mountain PV,AZ,11848.193511226425
2030,2,p28,WeRecycleSolar,400349,Foothills Solar Plant Hybrid,AZ,5485.930716791648
2030,2,p28,FabTechSolar,400825,Fort Huachuca Solar PV Project,AZ,5732.062320023685
2030,2,p28,WeRecycleSolar,400845,Gila Bend Hybrid,AZ,2242.4637616991436
2030,2,p28,FabTechSolar,400599,"Gilbert Solar Facility I, LLC",AZ,3175.1909773600964
2030,2,p28,WeRecycleSolar,400204,Hyder Solar Hybrid,AZ,3591.2680389796715
2030,2,p28,FabTechSolar,405282,Intel - Ocotillo Campus Solar,AZ,1073.5537620410125
2030,2,p28,WeRecycleSolar,405125,Jewish Community Center PV,AZ,8438.183112159297
2030,2,p28,WeRecycleSolar,400128,Luke Solar,AZ,1467.1755170755803
2030,2,p28,WeRecycleSolar,405068,Macys Goodyear,AZ,4522.64766874374
2030,2,p28,WeRecycleSolar,406279,McFarland A Solar and Storage,AZ,683.9435510524212
2030,2,p28,FabTechSolar,405617,Mesa Carport PV,AZ,3510.209232409839
2030,2,p28,FabTechSolar,404512,Mesa Solar Array,AZ,3954.9529707346574
2030,2,p28,WeRecycleSolar,400250,Mesquite Solar 1,AZ,462.3691908388076
2030,2,p28,WeRecycleSolar,401621,"Mesquite Solar 2, LLC",AZ,717.6029778066895
2030,2,p28,WeRecycleSolar,401622,"Mesquite Solar 3, LLC",AZ,542.6489547260652
2030,2,p28,WeRecycleSolar,406038,"Mesquite Solar 4, LLC",AZ,1007.1746134086421
2030,2,p28,WeRecycleSolar,404922,"Mesquite Solar 5, LLC",AZ,1450.0661523802921
2030,2,p28,WeRecycleSolar,403572,OE_AZ1,AZ,2257.405735015977
2030,2,p28,WeRecycleSolar,405150,Phoenix Airport East Economy Lot,AZ,3530.6285620656886
2030,2,p28,WeRecycleSolar,405151,Phoenix Airport Rental Car Center,AZ,1262.2959241972333
2030,2,p28,FabTechSolar,402528,Pinal Central Energy Center Hybrid,AZ,2399.7480784742133
2030,2,p28,FabTechSolar,400125,"Poseidon Solar, LLC",AZ,1629.0325652897566
2030,2,p28,WeRecycleSolar,400031,Prescott Airport,AZ,37809.64796737268
2030,2,p28,WeRecycleSolar,400401,Prescott Solar Plant,AZ,4031.246708333138
2030,2,p28,FabTechSolar,400323,Queen Creek Solar Farm,AZ,722.2717991312232
2030,2,p28,WeRecycleSolar,405132,"RE Gillespie 1, LLC",AZ,2186.858590191934
2030,2,p28,FabTechSolar,400758,Red Horse 2,AZ,3160.242888013715
2030,2,p28,WeRecycleSolar,400416,Saddle Mountain Solar I,AZ,5919.301234135797
2030,2,p28,FabTechSolar,403674,Saint Solar,AZ,544.1414000109233
2030,2,p28,FabTechSolar,401214,Sandstone Solar,AZ,759.1133942588625
2030,2,p28,WeRecycleSolar,405029,Solana Generating Station,AZ,472.8807088252394
2030,2,p28,WeRecycleSolar,406275,Sonoran Solar Energy,AZ,453.30003981539556
2030,2,p28,FabTechSolar,406034,Storey Solar and Storage,AZ,565.898135226664
2030,2,p28,WeRecycleSolar,406517,Sun Streams 3,AZ,657.966453263684
2030,2,p28,WeRecycleSolar,401975,"Sun Streams, LLC",AZ,520.884004901687
2030,2,p28,WeRecycleSolar,405311,T0588 Phoenix - AZ,AZ,3318.1328137739515
2030,2,p28,FabTechSolar,405134,Union HS at Casa Grande,AZ,6826.289290596673
2030,2,p28,FabTechSolar,405135,Vista Grande HS at Casa Grande,AZ,25467.63105084678
2030,2,p28,FabTechSolar,406098,"West Line Solar, LLC",AZ,484.2683071468434
2030,2,p29,FabTechSolar,400014,Springerville,AZ,3705.387590794718
2030,2,p30,FabTechSolar,405143,Actus Lend Lease DMAFB,AZ,11937.75869605186
2030,2,p30,FabTechSolar,405611,Amazon TUS2,AZ,14462.18850413774
2030,2,p30,FabTechSolar,400939,Avalon Solar,AZ,1688.5223567846995
2030,2,p30,FabTechSolar,400226,Avra Valley Solar,AZ,1058.2847959555636
2030,2,p30,FabTechSolar,404704,Broadway 2 - Tucson Phase II,AZ,4330.422579663579
2030,2,p30,FabTechSolar,405269,Canyon Del Oro High School Solar,AZ,13830.31984969001
2030,2,p30,FabTechSolar,401295,Davis Monthan AFB (AZ) West Airfield,AZ,3172.8180430143734
2030,2,p30,FabTechSolar,400761,"Gato Montes Solar, LLC",AZ,5376.898103175481
2030,2,p30,FabTechSolar,404536,Iron Horse Battery Storage Hybrid,AZ,37793.51195432198
2030,2,p30,FabTechSolar,400552,"Picture Rocks Solar, LLC",AZ,780.2310875567116
2030,2,p30,FabTechSolar,405374,Pima Community College,AZ,22263.38401081583
2030,2,p30,FabTechSolar,405303,Pima Community College - East Campus,AZ,26840.93713597201
2030,2,p30,FabTechSolar,405516,Pima Community College NW,AZ,45897.39214887073
2030,2,p30,FabTechSolar,404926,Raptor Ridge,AZ,2305.4840649865873
2030,2,p30,FabTechSolar,400857,Rio Rico Solar,AZ,8686.068301067167
2030,2,p30,FabTechSolar,401076,Tech Park Solar,AZ,5295.552435401791
2030,2,p30,FabTechSolar,400156,UASTP I,AZ,16041.047960561002
2030,2,p30,FabTechSolar,401075,Valencia Solar,AZ,8331.075925870196
2030,2,p30,FabTechSolar,404187,"Wilmot Energy Center, LLC",AZ,692.4121058807674
2030,2,p31,SolarCycle,400211,Alamogordo Solar Energy Center,NM,73935.28191298008
2030,2,p31,FabTechSolar,400206,Albuquerque Solar Energy Center,NM,87265.49237230403
2030,2,p31,SolarCycle,403675,Alcalde Solar Array,NM,81263.13574188483
2030,2,p31,FabTechSolar,401595,Alta Luna,NM,15016.268430803959
2030,2,p31,FabTechSolar,405469,Arroyo Solar Energy Storage Hybrid,NM,1210.9788956191212
2030,2,p31,FabTechSolar,403321,Bluewater CDEC 1,NM,57962.52235889628
2030,2,p31,SolarCycle,404981,Buena Vista Energy Center,NM,3530.478755602529
2030,2,p31,SolarCycle,402876,CNMEC Solar Energy Center,NM,118951.79532392575
2030,2,p31,SolarCycle,402519,Carrizozo Solar,NM,31486.484592415436
2030,2,p31,FabTechSolar,401202,Cibola,NM,12805.708384517746
2030,2,p31,FabTechSolar,402988,City of Gallup Solar,NM,15916.847585784471
2030,2,p31,FabTechSolar,403604,City of Rio Rancho WWTP,NM,210425.87343112935
2030,2,p31,FabTechSolar,401225,City of Truth or Consequences PV,NM,110585.65327493227
2030,2,p31,FabTechSolar,403868,Encino Solar Energy Center,NM,3480.485946847544
2030,2,p31,FabTechSolar,401038,Eubank Landfill Solar Array,NM,130969.20057495359
2030,2,p31,FabTechSolar,403322,Grants CDEC 2,NM,93591.06127684012
2030,2,p31,FabTechSolar,400216,"Hatch Solar Energy Center I, LLC",NM,43261.09580365114
2030,2,p31,SolarCycle,401617,Holloman Solar Facility,NM,37273.354736904614
2030,2,p31,FabTechSolar,406109,"Jicarilla Solar 1, LLC",NM,10945.829906206976
2030,2,p31,SolarCycle,400427,Kit Carson,NM,245206.60873624636
2030,2,p31,SolarCycle,400210,Las Vegas Solar Energy Center,NM,50238.02755474449
2030,2,p31,SolarCycle,400434,Los Alamos PV Site,NM,578939.0579511112
2030,2,p31,FabTechSolar,400207,Los Lunas Solar Energy Center,NM,70862.69109844246
2030,2,p31,FabTechSolar,400838,Macho Springs,NM,8234.743240752241
2030,2,p31,SolarCycle,401201,Meadow Lake Solar Energy Center,NM,56245.276972707776
2030,2,p31,SolarCycle,405693,NMSU Solar and Storage,NM,69578.16727128674
2030,2,p31,FabTechSolar,406375,OE_ESCL,NM,1434.819944546784
2030,2,p31,SolarCycle,400581,Otero Solar,NM,48635.38340624181
2030,2,p31,SolarCycle,400146,Questa Solar Facility,NM,619631.0829780806
2030,2,p31,FabTechSolar,403178,"RC Energy AA, LLC Solar Facility",NM,175392.55723899478
2030,2,p31,FabTechSolar,401566,Rio Communities Solar Energy Center,NM,16827.820127359857
2030,2,p31,FabTechSolar,403084,Rio De Oro Solar Energy Center,NM,25189.201137672095
2030,2,p31,FabTechSolar,400624,Rio Rancho High School,NM,260337.47723713735
2030,2,p31,SolarCycle,400135,Roadrunner Solar,NM,20567.810337825078
2030,2,p31,FabTechSolar,404648,"Route 66 Energy Center, LLC",NM,3320.5984113042496
2030,2,p31,SolarCycle,403387,San Miguel I Solar Energy Center,NM,16925.907466344102
2030,2,p31,FabTechSolar,401161,Sandoval Solar Energy Center,NM,83771.09529696504
2030,2,p31,SolarCycle,401564,Santa Fe Solar Energy Center,NM,19298.724294585634
2030,2,p31,FabTechSolar,401565,Santolina Solar Energy Center,NM,12128.352791454989
2030,2,p31,FabTechSolar,400596,Silver City WWTP PV Project,NM,112342.47634115092
2030,2,p31,FabTechSolar,406343,Sky Ranch Solar,NM,2970.60511831217
2030,2,p31,FabTechSolar,401563,South Valley Solar Energy Center,NM,25532.319739740622
2030,2,p31,SolarCycle,401162,Springer Solar 1,NM,304453.0026807341
2030,2,p31,SolarCycle,400735,Storrie Lake Solar Project,NM,166574.14276123676
2030,2,p31,FabTechSolar,400623,Sue Cleveland High School,NM,524644.1061891776
2030,2,p31,SolarCycle,400343,"SunE EPE1, LLC",NM,6666.97452922911
2030,2,p31,SolarCycle,403412,Syncarpha El Rito,NM,76854.94910754054
2030,2,p31,SolarCycle,403413,Syncarpha Questa,NM,131143.30377654312
2030,2,p31,SolarCycle,403411,Syncarpha Taos,NM,190265.38211773476
2030,2,p31,SolarCycle,404618,Taos Mesa Energy Facility Hybrid,NM,40036.99792913362
2030,2,p31,FabTechSolar,403011,Vista Solar Energy Center,NM,25399.968799950908
2030,2,p31,SolarCycle,400354,WSMR I,NM,43065.86305974301
2030,2,p47,SolarCycle,400979,"Caprock Solar 1, LLC",NM,3640.7509332385375
2030,2,p47,SolarCycle,401681,"Chaves Solar, LLC",NM,2053.617706071999
2030,2,p47,SolarCycle,400614,GSE NM1,NM,124283.2090654445
2030,2,p47,SolarCycle,404982,Hayhurst New Mexico Solar,NM,4167.704859900631
2030,2,p47,SolarCycle,401682,"Roswell Solar, LLC",NM,3736.2498502491253
2030,2,p47,SolarCycle,400546,SEV NM Phase 2,NM,41780.92501424464
2030,2,p47,SolarCycle,400260,SPS1 Dollarhide,NM,7447.131614415225
2030,2,p47,SolarCycle,400261,SPS2 Jal,NM,2938.4834343269777
2030,2,p47,SolarCycle,400262,SPS3 Lea,NM,11553.477652057469
2030,2,p47,SolarCycle,400264,SPS5 Hopi,NM,16802.145446432136
2030,2,p47,SolarCycle,404698,SoCore Clovis 1,NM,131061.08263522202
2030,2,p48,SolarCycle,406439,"BESSP1, LLC",TX,5177.187471235818
2030,2,p48,SolarCycle,405590,"Hecate Energy Frye Solar, LLC",TX,635.2329542219009
2030,2,p57,OkonRecycling,404918,"Hecate Energy Upshur Rural, LLC",TX,3875.4063007672657
2030,2,p59,SolarCycle,402666,Fort Bliss (DEA EPIC),TX,55816.6414859285
2030,2,p59,SolarCycle,401616,Montana Solar Facility,TX,35892.25296837005
2030,2,p59,SolarCycle,401045,Newman Solar,TX,11200.811101169615
2030,2,p60,SolarCycle,403962,"ANSON Solar Center, LLC",TX,881.0726670579219
2030,2,p60,OkonRecycling,403883,Azure Sky Solar,TX,622.9337178963764
2030,2,p60,SolarCycle,403232,"ENGIE Long Draw Solar, LLC",TX,816.0236738734609
2030,2,p60,SolarCycle,406252,Highpeak Solar 1,TX,2794.336301097013
2030,2,p60,SolarCycle,402721,Holstein 1 Solar Farm,TX,594.6803290449504
2030,2,p60,SolarCycle,405492,Juno Solar Project,TX,504.6880149022285
2030,2,p60,SolarCycle,402541,Lamesa II,TX,937.461525634309
2030,2,p60,SolarCycle,401660,Lamesa Solar,TX,597.8902428764989
2030,2,p60,SolarCycle,405932,Lumina II Solar Project,TX,843.8499033035196
2030,2,p60,SolarCycle,405933,Lumina Solar Project,TX,813.1333728721702
2030,2,p60,SolarCycle,402909,Misae Solar,TX,955.274639879489
2030,2,p60,OkonRecycling,400968,"OCI Alamo 7, LLC",TX,1028.0470603173953
2030,2,p60,SolarCycle,405939,Texas Solar Nova 1,TX,611.4173724924093
2030,2,p61,SolarCycle,400967,Alamo 6,TX,565.375493033773
2030,2,p61,SolarCycle,403557,Aragorn Solar Project,TX,609.4334650759988
2030,2,p61,SolarCycle,400691,Barilla Solar,TX,980.8457799875963
2030,2,p61,SolarCycle,401946,Bluebell Solar,TX,862.768498607088
2030,2,p61,SolarCycle,403574,Bluebell Solar II,TX,520.0103299075593
2030,2,p61,SolarCycle,400554,"Bryan Solar, LLC",TX,2793.207238117421
2030,2,p61,SolarCycle,401463,Buckthorn Westex,TX,459.623016658548
2030,2,p61,SolarCycle,401703,East Pecos Solar,TX,499.75810226615994
2030,2,p61,SolarCycle,405363,Galloway 1 Solar Farm,TX,647.5029443160241
2030,2,p61,SolarCycle,405494,Galloway 2 Solar Farm,TX,1230.1820704244815
2030,2,p61,SolarCycle,403210,Greasewood,TX,467.8345967253267
2030,2,p61,SolarCycle,406370,Hayhurst Texas Solar,TX,1025.9441224236923
2030,2,p61,SolarCycle,402304,Midway Solar-TX,TX,500.41375218565565
2030,2,p61,SolarCycle,400695,"OCI Alamo 4, LLC",TX,1217.7191074011314
2030,2,p61,SolarCycle,401868,Pearl Solar,TX,636.7106276815568
2030,2,p61,SolarCycle,402290,RE Maplewood,TX,473.864562544778
2030,2,p61,SolarCycle,401430,RE Roserock,TX,560.1067532747736
2030,2,p61,SolarCycle,402848,Rambler,TX,507.3022276335898
2030,2,p61,SolarCycle,402083,Solaire Holman Solar Project,TX,1115.7950572481525
2030,2,p61,SolarCycle,403023,"Taygete Energy Project, LLC",TX,505.2272912342092
2030,2,p61,SolarCycle,404647,Taygete II Energy Project,TX,465.01850982811044
2030,2,p61,SolarCycle,403551,Titan Solar Project,TX,545.9386914698583
2030,2,p61,SolarCycle,406103,Zier Solar,TX,1197.239898505121
2030,2,p62,SolarCycle,403502,2W Permian Solar Project Hybrid,TX,428.67526667704544
2030,2,p62,SolarCycle,403697,CED Crane Solar,TX,528.4067882114086
2030,2,p62,SolarCycle,401525,Castle Gap Solar Hybrid,TX,454.45071028164193
2030,2,p62,SolarCycle,404599,Emerald Grove,TX,859.3592966451231
2030,2,p62,SolarCycle,403004,Lapetus,TX,547.5109590558905
2030,2,p62,SolarCycle,403280,Oberon IA,TX,434.25348371724476
2030,2,p62,SolarCycle,403279,Oberon IB,TX,573.192509183968
2030,2,p62,SolarCycle,403602,Oxy Renewable Energy-Goldsmith,TX,936.7297207925006
2030,2,p62,SolarCycle,402679,Phoebe Solar,TX,437.3246900524215
2030,2,p62,SolarCycle,403177,Prospero Solar,TX,454.49571638576487
2030,2,p62,SolarCycle,404128,Prospero Solar II,TX,481.1618074935642
2030,2,p62,SolarCycle,403070,"Roadrunner, LLC",TX,470.0135056853931
2030,2,p62,SolarCycle,401805,Upton County Solar,TX,472.47099846855895
2030,2,p62,SolarCycle,402995,West of the Pecos Solar,TX,470.8763714489732
2030,2,p63,OkonRecycling,405599,"BPL Crown Solar, LLC",TX,1574.4089736358226
2030,2,p63,OkonRecycling,404966,BPL Files Solar,TX,557.6537488552697
2030,2,p63,OkonRecycling,403825,Briar Creek Solar 1,TX,554.2551039067386
2030,2,p63,OkonRecycling,402610,Chisum,TX,1693.6135609470268
2030,2,p63,OkonRecycling,401697,CoServ Community Solar Station,TX,7196.201172710639
2030,2,p63,OkonRecycling,403188,Coniglio Solar,TX,542.3615273984336
2030,2,p63,OkonRecycling,406415,Dileo Solar,TX,1694.6648542737357
2030,2,p63,OkonRecycling,402655,Eddy II,TX,4478.370460154223
2030,2,p63,OkonRecycling,406221,Eiffel Solar Project,TX,853.7270044653255
2030,2,p63,OkonRecycling,405540,"Ellis Solar, LLC",TX,523.3361031845977
2030,2,p63,OkonRecycling,403823,Elm Branch Solar 1,TX,563.0540242012205
2030,2,p63,OkonRecycling,406206,Five Wells Solar Center - Hybrid,TX,601.9733498200062
2030,2,p63,OkonRecycling,404567,G.S.E. One LLC,TX,1264.1452818618961
2030,2,p63,OkonRecycling,403288,Griffin Solar,TX,21704.02645196808
2030,2,p63,OkonRecycling,406202,Grizzly Ridge Solar,TX,1029.7357339318937
2030,2,p63,OkonRecycling,402329,Highway 56 Solar,TX,2507.4886764960834
2030,2,p63,OkonRecycling,405319,IKEA Grand Prairie Rooftop PV System,TX,1727.8025114460856
2030,2,p63,OkonRecycling,405689,"IP Radian, LLC",TX,595.1070928572756
2030,2,p63,OkonRecycling,403481,Impact Solar 1,TX,679.7030201449318
2030,2,p63,OkonRecycling,403190,Kellam Solar,TX,1693.7512525040722
2030,2,p63,OkonRecycling,402421,Leon Solar,TX,1212.67489626073
2030,2,p63,OkonRecycling,403874,Lily Solar Hybrid,TX,511.1734852188493
2030,2,p63,OkonRecycling,402404,Marlin Solar,TX,11635.009891454903
2030,2,p63,OkonRecycling,405794,Noble Solar,TX,467.4832209007705
2030,2,p63,OkonRecycling,402405,North Gainesville Solar,TX,2755.740603365385
2030,2,p63,OkonRecycling,401933,Phantom Solar,TX,5271.139345905191
2030,2,p63,OkonRecycling,404872,"Pisgah Ridge Solar, LLC",TX,699.971077275846
2030,2,p63,OkonRecycling,406416,Pitts Dudik Solar,TX,1829.2857826789236
2030,2,p63,OkonRecycling,403189,Rippey Solar,TX,1510.3301838773039
2030,2,p63,OkonRecycling,404630,"Samson Solar Energy III, LLC",TX,551.4664941678652
2030,2,p63,OkonRecycling,402652,Sterling Solar (TX),TX,3022.0858250982333
2030,2,p63,OkonRecycling,404812,Sun Valley Solar Project,TX,700.4589150777009
2030,2,p63,OkonRecycling,403457,"TPE Whitney Solar, LLC",TX,7951.658469029795
2030,2,p63,OkonRecycling,405361,Toyota HQ Plan,TX,852.2554171041086
2030,2,p63,OkonRecycling,405907,Verizon Hidden Ridge Solar Project,TX,873.9655024584063
2030,2,p63,OkonRecycling,405984,Waco Solar,TX,613.5682237401036
2030,2,p63,OkonRecycling,402306,Walnut Springs Solar,TX,17421.641467834805
2030,2,p63,OkonRecycling,402497,West Moore Solar II,TX,3120.509378005309
2030,2,p63,OkonRecycling,402330,Whitesboro Solar,TX,2312.420610996194
2030,2,p63,OkonRecycling,402331,Whitesboro Solar II,TX,1900.4451991420337
2030,2,p63,OkonRecycling,402414,Whitewright Solar,TX,1686.852731737939
2030,2,p63,OkonRecycling,402654,Yellow Jacket,TX,9202.129950151973
2030,2,p64,OkonRecycling,405731,Austin TX GigaFactory,TX,33120.56083342847
2030,2,p64,OkonRecycling,404721,"Blue Jay Solar I, LLC",TX,560.8736940063859
2030,2,p64,OkonRecycling,402389,"E-Volve Energy Holdings, LLC",TX,30540.41290973351
2030,2,p64,OkonRecycling,400227,East Blackland Solar Project 1,TX,662.2011158680604
2030,2,p64,OkonRecycling,405101,IKEA Round Rock 027,TX,26557.11956060633
2030,2,p64,SolarCycle,402653,Lampwick,TX,5826.322724485676
2030,2,p64,OkonRecycling,405613,Niagara Bottling - Seguin,TX,32367.61138832997
2030,2,p64,OkonRecycling,400249,Webberville Solar Project,TX,2437.407568099873
2030,2,p65,OkonRecycling,405700,Aktina Solar,TX,1413.7660043113501
2030,2,p65,OkonRecycling,405727,Bernard Creek Solar,TX,1414.3320665637702
2030,2,p65,OkonRecycling,405477,Brightside,TX,12458.014391152
2030,2,p65,OkonRecycling,401728,CPS 1 Community Solar,TX,250021.47893159915
2030,2,p65,OkonRecycling,402656,Cascade Solar (TX),TX,50426.19988826043
2030,2,p65,OkonRecycling,404359,FELPS 1-Calaveras,TX,259583.4095791189
2030,2,p65,OkonRecycling,404361,FELPS 2-Calaveras,TX,259577.45138161044
2030,2,p65,OkonRecycling,404739,FELPS 6- Floresville West,TX,528026.8646653788
2030,2,p65,OkonRecycling,404740,FELPS 7- Floresville West,TX,527856.4626267541
2030,2,p65,OkonRecycling,406516,Ganado Solar,TX,3760.4005084228097
2030,2,p65,SolarCycle,405801,Horizon Solar,TX,1326.9892649319734
2030,2,p65,SolarCycle,403343,Mars Solar,TX,25100.81536037633
2030,2,p65,OkonRecycling,404877,Nebula Solar,TX,3834.5400156012915
2030,2,p65,OkonRecycling,400694,"OCI Alamo 2, LLC",TX,111659.95982182873
2030,2,p65,OkonRecycling,400965,"OCI Alamo 3, LLC",TX,29901.48595089708
2030,2,p65,SolarCycle,400966,"OCI Alamo 5, LLC",TX,2925.1794407029365
2030,2,p65,OkonRecycling,400593,OCI Alamo Solar I Hybrid,TX,4657.096445650488
2030,2,p65,SolarCycle,405809,Shakes Solar,TX,3135.080818684862
2030,2,p65,OkonRecycling,405545,Sparta Solar,TX,2783.6112715222807
2030,2,p65,OkonRecycling,400379,"SunE CPS1, LLC",TX,17991.40582819292
2030,2,p65,OkonRecycling,400364,"SunE CPS2, LLC",TX,53318.32308852021
2030,2,p65,OkonRecycling,400353,"SunE CPS3, LLC",TX,50972.21978927798
2030,2,p65,OkonRecycling,406032,Tres Bahias,TX,1835.1782378413302
2030,2,p66,OkonRecycling,406386,Umbriel Solar,TX,3028.8085061789616
2030,2,p67,OkonRecycling,404939,Brazoria County Solar Project (Danciger),TX,1149.5521795231791
2030,2,p67,OkonRecycling,404587,Fighting Jays Solar Project,TX,1041.7915806585866
2030,2,p67,OkonRecycling,405564,"Fort Bend Solar, LLC",TX,683.740895200202
2030,2,p67,OkonRecycling,403514,Wagyu,TX,1239.0522639198477
2030,3,p12,ComstockMetals,402144,Battle Mountain Solar Project,NV,599.0141444820043
2030,3,p12,ComstockMetals,405025,Brady,NV,640.4982897440563
2030,3,p12,ComstockMetals,405553,Dodge Flat,NV,421.006527954131
2030,3,p12,ComstockMetals,402609,"EGP Stillwater Solar PV II, LLC",NV,1662.7243214031732
2030,3,p12,ComstockMetals,404659,Fish Springs,NV,483.6113194147596
2030,3,p12,ComstockMetals,401086,Ft. Churchill PV,NV,528.6552304362472
2030,3,p12,ComstockMetals,405028,Galena 2 Geothermal Power Plant,NV,1054.5427090648202
2030,3,p12,ComstockMetals,402130,Luning Energy,NV,1519.9438411859
2030,3,p12,ComstockMetals,400468,"Patua Acquisition Project, LLC",NV,884.5380511302427
2030,3,p12,ComstockMetals,405021,Steamboat Hills LP,NV,1387.3420462248032
2030,3,p12,ComstockMetals,405023,Steamboat II,NV,782.0719857546246
2030,3,p12,ComstockMetals,405024,Steamboat III,NV,746.4096802491989
2030,3,p12,ComstockMetals,400029,Stillwater Facility,NV,1566.5902417122975
2030,3,p12,ComstockMetals,401318,Sunshine Valley Solar,NV,1253.7712413082813
2030,3,p12,ComstockMetals,405026,TS Power Plant,NV,990.1000045814849
2030,3,p12,ComstockMetals,405576,Tesla Reno GigaFactory,NV,892.2607727509819
2030,3,p12,ComstockMetals,401943,Tungsten Mountain,NV,8352.57066610108
2030,3,p12,ComstockMetals,403308,Turquoise Liberty Solar,NV,845.4262951087211
2030,3,p12,ComstockMetals,403884,"Turquoise Nevada, LLC",NV,450.1285208030569
2030,3,p12,ComstockMetals,400035,Western 102 Power Plant,NV,2187.640085134969
2030,3,p13,WeRecycleSolar,400555,Apex Solar PV Power Project,NV,9033.124728355571
2030,3,p13,WeRecycleSolar,405385,Arrow Canyon Solar Hybrid,NV,836.9694659485316
2030,3,p13,WeRecycleSolar,402017,"Boulder Solar II, LLC",NV,6553.459450303346
2030,3,p13,WeRecycleSolar,401649,"Boulder Solar Power, LLC",NV,3486.1747294831152
2030,3,p13,WeRecycleSolar,400086,CM48,NV,2524.913710515892
2030,3,p13,WeRecycleSolar,400363,Copper Mountain Solar 2,NV,2382.5855416286213
2030,3,p13,WeRecycleSolar,403688,"Copper Mountain Solar 5, LLC",NV,1009.6249658077598
2030,3,p13,WeRecycleSolar,405556,Dry Lake Solar Energy Center,NV,973.8724261355596
2030,3,p13,WeRecycleSolar,405495,Gemini Solar,NV,769.6948606326459
2030,3,p13,WeRecycleSolar,403386,"Harry Allen Solar Energy, LLC",NV,3857.456144780167
2030,3,p13,WeRecycleSolar,406090,IGS LAS1,NV,109098.96805164161
2030,3,p13,WeRecycleSolar,406089,IGS VGT,NV,341204.5696170876
2030,3,p13,WeRecycleSolar,405309,IKEA Las Vegas 462,NV,85288.39188886079
2030,3,p13,WeRecycleSolar,400545,Las Vegas WPCF Solar Plant,NV,100729.19331256697
2030,3,p13,WeRecycleSolar,400313,Moapa Southern Paiute,NV,1783.195192361382
2030,3,p13,WeRecycleSolar,400600,Mountain View Solar,NV,9008.352224508448
2030,3,p13,WeRecycleSolar,400036,Nellis Air Force Base Solar Array,NV,14580.708014348134
2030,3,p13,WeRecycleSolar,401319,"Playa Solar 1, LLC",NV,2570.58550619678
2030,3,p13,WeRecycleSolar,401596,Playa Solar 2,NV,3842.0309921100684
2030,3,p13,WeRecycleSolar,401274,River Mountains Solar,NV,11469.405238059659
2030,3,p13,WeRecycleSolar,401042,Searchlight Solar,NV,8537.688222789002
2030,3,p13,WeRecycleSolar,400166,Silver State Solar Power North,NV,6493.850054289469
2030,3,p13,WeRecycleSolar,405246,"Solar Las Vegas MB 2, LLC",NV,74872.5510908502
2030,3,p13,WeRecycleSolar,405188,Solar Las Vegas MB-1,NV,34618.301802782116
2030,3,p13,WeRecycleSolar,402485,"Techren Solar I, LLC",NV,1946.5783254627001
2030,3,p13,WeRecycleSolar,402690,"Techren Solar II, LLC",NV,1947.8648037105665
2030,3,p13,WeRecycleSolar,402691,"Techren Solar III, LLC",NV,4517.634911717772
2030,3,p13,WeRecycleSolar,402692,"Techren Solar IV, LLC",NV,4533.803580422966
2030,3,p13,WeRecycleSolar,403001,Techren Solar V,NV,3500.2442763788804
2030,3,p13,WeRecycleSolar,401851,Townsite Solar Project Hybrid,NV,2343.070011414475
2030,3,p13,WeRecycleSolar,406448,Yellow Pine II,NV,1424.5894535128323
2030,3,p13,WeRecycleSolar,404971,Yellow Pine Solar,NV,1378.1300315073518
2030,3,p27,WeRecycleSolar,400374,"Black Mountain Solar, LLC",AZ,3351.751171643103
2030,3,p27,WeRecycleSolar,402236,Gray Hawk Solar,AZ,1001.2887763317648
2030,3,p27,WeRecycleSolar,401819,Jacobson 5 MW Solar,AZ,4622.919531215859
2030,3,p27,WeRecycleSolar,403718,Mohave Electric Cooperative at Joy Lane,AZ,6241.482631071967
2030,3,p27,WeRecycleSolar,401311,Mohave Electric at Fort Mohave,AZ,3049.5111638105627
2030,3,p27,WeRecycleSolar,406478,Mohave Energy - Hybrid,AZ,3712.3270119496783
2030,3,p28,WeRecycleSolar,405418,AZ State University - Tempe Campus Solar,AZ,2683.782689733914
2030,3,p28,WeRecycleSolar,400148,Agua Caliente Solar Project,AZ,596.4854893743367
2030,3,p28,FabTechSolar,402067,Apache Solar 1,AZ,3369.1880599353613
2030,3,p28,WeRecycleSolar,400274,Arizona Western College PV,AZ,17342.78286931924
2030,3,p28,WeRecycleSolar,400240,Arlington Valley Solar Energy II,AZ,848.9639488517665
2030,3,p28,FabTechSolar,401688,Bonnybrooke PV,AZ,655.5390255762727
2030,3,p28,WeRecycleSolar,400371,Buckeye Union HS District 201,AZ,11738.235663109497
2030,3,p28,FabTechSolar,405635,"Central Line Solar, LLC",AZ,505.2872857502182
2030,3,p28,WeRecycleSolar,400201,Chino Solar Valley,AZ,3470.614256247554
2030,3,p28,WeRecycleSolar,401069,Desert Star Hybrid,AZ,1550.5091591763567
2030,3,p28,FabTechSolar,403257,East Line Solar,AZ,540.7489101359545
2030,3,p28,FabTechSolar,406171,Eleven Mile Solar Center,AZ,444.06266263135325
2030,3,p28,WeRecycleSolar,405244,Estrella Mountain PV,AZ,11848.193511226425
2030,3,p28,FabTechSolar,400825,Fort Huachuca Solar PV Project,AZ,5732.062320023685
2030,3,p28,WeRecycleSolar,400845,Gila Bend Hybrid,AZ,860.6159404247861
2030,3,p28,FabTechSolar,400599,"Gilbert Solar Facility I, LLC",AZ,3175.1909773600964
2030,3,p28,WeRecycleSolar,400204,Hyder Solar Hybrid,AZ,3591.2680389796715
2030,3,p28,FabTechSolar,405282,Intel - Ocotillo Campus Solar,AZ,905.1653215307593
2030,3,p28,WeRecycleSolar,405125,Jewish Community Center PV,AZ,8438.183112159297
2030,3,p28,WeRecycleSolar,400595,Lake Pleasant WTP,AZ,6333.413606282318
2030,3,p28,WeRecycleSolar,400128,Luke Solar,AZ,826.8702068302321
2030,3,p28,WeRecycleSolar,405068,Macys Goodyear,AZ,3148.431779162493
2030,3,p28,WeRecycleSolar,406279,McFarland A Solar and Storage,AZ,683.9435510524212
2030,3,p28,FabTechSolar,404512,Mesa Solar Array,AZ,3954.9529707346574
2030,3,p28,WeRecycleSolar,400250,Mesquite Solar 1,AZ,453.45930643326363
2030,3,p28,WeRecycleSolar,401621,"Mesquite Solar 2, LLC",AZ,1035.205955613379
2030,3,p28,WeRecycleSolar,401622,"Mesquite Solar 3, LLC",AZ,506.9867160445489
2030,3,p28,WeRecycleSolar,406038,"Mesquite Solar 4, LLC",AZ,1614.3492268172843
2030,3,p28,WeRecycleSolar,404922,"Mesquite Solar 5, LLC",AZ,1450.0661523802921
2030,3,p28,WeRecycleSolar,403572,OE_AZ1,AZ,2257.405735015977
2030,3,p28,WeRecycleSolar,400203,Paloma Solar Hybrid,AZ,3697.3282555356386
2030,3,p28,WeRecycleSolar,405126,Paradise Valley H.S. PV,AZ,7350.472080260727
2030,3,p28,WeRecycleSolar,405150,Phoenix Airport East Economy Lot,AZ,3530.6285620656886
2030,3,p28,WeRecycleSolar,405151,Phoenix Airport Rental Car Center,AZ,974.8639494648222
2030,3,p28,FabTechSolar,402528,Pinal Central Energy Center Hybrid,AZ,2399.7480784742133
2030,3,p28,FabTechSolar,400125,"Poseidon Solar, LLC",AZ,1629.0325652897566
2030,3,p28,WeRecycleSolar,400031,Prescott Airport,AZ,19104.823983686336
2030,3,p28,WeRecycleSolar,400401,Prescott Solar Plant,AZ,2215.6233541665692
2030,3,p28,FabTechSolar,400323,Queen Creek Solar Farm,AZ,1044.5435982624465
2030,3,p28,WeRecycleSolar,400289,"RE Bagdad Solar I, LLC",AZ,9070.162949287522
2030,3,p28,WeRecycleSolar,405132,"RE Gillespie 1, LLC",AZ,3973.717180383868
2030,3,p28,FabTechSolar,400758,Red Horse 2,AZ,3160.242888013715
2030,3,p28,FabTechSolar,403674,Saint Solar,AZ,544.1414000109233
2030,3,p28,FabTechSolar,401214,Sandstone Solar,AZ,759.1133942588625
2030,3,p28,WeRecycleSolar,405029,Solana Generating Station,AZ,516.6091341203833
2030,3,p28,WeRecycleSolar,406275,Sonoran Solar Energy,AZ,453.30003981539556
2030,3,p28,FabTechSolar,406034,Storey Solar and Storage,AZ,565.898135226664
2030,3,p28,FabTechSolar,401664,Sulphur Springs,AZ,3266.734785723794
2030,3,p28,WeRecycleSolar,403643,Sun Streams 2,AZ,588.1533016255012
2030,3,p28,WeRecycleSolar,406517,Sun Streams 3,AZ,528.9832266318421
2030,3,p28,WeRecycleSolar,401975,"Sun Streams, LLC",AZ,490.66300367626536
2030,3,p28,WeRecycleSolar,405311,T0588 Phoenix - AZ,AZ,4777.1992206609275
2030,3,p28,FabTechSolar,405134,Union HS at Casa Grande,AZ,10039.43393589501
2030,3,p28,FabTechSolar,405135,Vista Grande HS at Casa Grande,AZ,12933.81552542339
2030,3,p28,FabTechSolar,400334,Walmart Casa Grande,AZ,9596.190708131637
2030,3,p28,FabTechSolar,406098,"West Line Solar, LLC",AZ,505.3353839335545
2030,3,p29,FabTechSolar,400014,Springerville,AZ,2052.693795397359
2030,3,p30,FabTechSolar,405143,Actus Lend Lease DMAFB,AZ,4245.91956535062
2030,3,p30,FabTechSolar,405611,Amazon TUS2,AZ,14462.18850413774
2030,3,p30,FabTechSolar,405268,Amphitheater High School Solar,AZ,21619.511386160186
2030,3,p30,FabTechSolar,400939,Avalon Solar,AZ,1688.5223567846995
2030,3,p30,FabTechSolar,400226,Avra Valley Solar,AZ,2374.854387866691
2030,3,p30,FabTechSolar,405269,Canyon Del Oro High School Solar,AZ,3086.063969938002
2030,3,p30,FabTechSolar,401295,Davis Monthan AFB (AZ) West Airfield,AZ,3172.8180430143734
2030,3,p30,FabTechSolar,400761,"Gato Montes Solar, LLC",AZ,3386.138861905289
2030,3,p30,FabTechSolar,404536,Iron Horse Battery Storage Hybrid,AZ,19096.755977160996
2030,3,p30,FabTechSolar,400552,"Picture Rocks Solar, LLC",AZ,843.6029354828303
2030,3,p30,FabTechSolar,405374,Pima Community College,AZ,33195.07601622374
2030,3,p30,FabTechSolar,405303,Pima Community College - East Campus,AZ,53281.87427194401
2030,3,p30,FabTechSolar,405516,Pima Community College NW,AZ,45897.39214887073
2030,3,p30,FabTechSolar,400408,Prairie Fire,AZ,16867.213765839846
2030,3,p30,FabTechSolar,404926,Raptor Ridge,AZ,1829.1130487399405
2030,3,p30,FabTechSolar,400857,Rio Rico Solar,AZ,4543.034150533584
2030,3,p30,FabTechSolar,401076,Tech Park Solar,AZ,3337.331461241075
2030,3,p30,FabTechSolar,400156,UASTP I,AZ,31682.095921122007
2030,3,p30,FabTechSolar,401075,Valencia Solar,AZ,3043.691975290065
2030,3,p30,FabTechSolar,404187,"Wilmot Energy Center, LLC",AZ,692.4121058807674
2030,3,p31,SolarCycle,400211,Alamogordo Solar Energy Center,NM,37167.640956490046
2030,3,p31,SolarCycle,403675,Alcalde Solar Array,NM,242989.40722565452
2030,3,p31,FabTechSolar,405469,Arroyo Solar Energy Storage Hybrid,NM,805.4894478095634
2030,3,p31,SolarCycle,402876,CNMEC Solar Energy Center,NM,79434.53021595051
2030,3,p31,FabTechSolar,401202,Cibola,NM,62428.54192258872
2030,3,p31,FabTechSolar,402988,City of Gallup Solar,NM,15916.847585784471
2030,3,p31,FabTechSolar,403604,City of Rio Rancho WWTP,NM,140417.24895408624
2030,3,p31,FabTechSolar,401225,City of Truth or Consequences PV,NM,110585.65327493227
2030,3,p31,FabTechSolar,400209,Deming Solar Energy Center,NM,44492.55264723883
2030,3,p31,FabTechSolar,401038,Eubank Landfill Solar Array,NM,65684.6002874768
2030,3,p31,FabTechSolar,402443,Facebook 3 Solar Energy Center,NM,16897.428326997346
2030,3,p31,FabTechSolar,403322,Grants CDEC 2,NM,31463.68709228004
2030,3,p31,FabTechSolar,400216,"Hatch Solar Energy Center I, LLC",NM,43261.09580365114
2030,3,p31,SolarCycle,401617,Holloman Solar Facility,NM,24982.236491269738
2030,3,p31,FabTechSolar,406109,"Jicarilla Solar 1, LLC",NM,3915.276635402326
2030,3,p31,SolarCycle,400427,Kit Carson,NM,163604.40582416425
2030,3,p31,SolarCycle,400210,Las Vegas Solar Energy Center,NM,100076.05510948898
2030,3,p31,SolarCycle,400434,Los Alamos PV Site,NM,289669.5289755556
2030,3,p31,FabTechSolar,400207,Los Lunas Solar Energy Center,NM,35631.34554922123
2030,3,p31,FabTechSolar,400838,Macho Springs,NM,3011.581080250747
2030,3,p31,FabTechSolar,400582,Manzano Solar,NM,31678.72969419364
2030,3,p31,FabTechSolar,406375,OE_ESCL,NM,2469.639889093568
2030,3,p31,SolarCycle,400581,Otero Solar,NM,48635.38340624181
2030,3,p31,SolarCycle,400146,Questa Solar Facility,NM,206810.36099269358
2030,3,p31,FabTechSolar,403178,"RC Energy AA, LLC Solar Facility",NM,262888.8358584921
2030,3,p31,FabTechSolar,401566,Rio Communities Solar Energy Center,NM,16827.820127359857
2030,3,p31,FabTechSolar,403084,Rio De Oro Solar Energy Center,NM,49978.40227534419
2030,3,p31,FabTechSolar,400624,Rio Rancho High School,NM,173691.65149142494
2030,3,p31,FabTechSolar,404648,"Route 66 Energy Center, LLC",NM,4780.897616956374
2030,3,p31,SolarCycle,405458,San Miguel II Solar Energy Center,NM,25199.03988699269
2030,3,p31,FabTechSolar,401161,Sandoval Solar Energy Center,NM,83771.09529696504
2030,3,p31,SolarCycle,401564,Santa Fe Solar Energy Center,NM,57096.172883756924
2030,3,p31,FabTechSolar,401565,Santolina Solar Energy Center,NM,47313.411165819954
2030,3,p31,FabTechSolar,401563,South Valley Solar Energy Center,NM,50664.63947948124
2030,3,p31,SolarCycle,401162,Springer Solar 1,NM,304453.0026807341
2030,3,p31,SolarCycle,400735,Storrie Lake Solar Project,NM,111182.7618408245
2030,3,p31,FabTechSolar,400623,Sue Cleveland High School,NM,175148.03539639254
2030,3,p31,SolarCycle,400343,"SunE EPE1, LLC",NM,12933.94905845822
2030,3,p31,SolarCycle,402854,Syncarpha Eagle Nest,NM,147446.29285220997
2030,3,p31,SolarCycle,403412,Syncarpha El Rito,NM,382674.74553770263
2030,3,p31,SolarCycle,403413,Syncarpha Questa,NM,392629.9113296293
2030,3,p31,SolarCycle,403411,Syncarpha Taos,NM,63688.46070591157
2030,3,p31,SolarCycle,404618,Taos Mesa Energy Facility Hybrid,NM,13612.332643044538
2030,3,p31,FabTechSolar,403011,Vista Solar Energy Center,NM,25399.968799950908
2030,3,p31,SolarCycle,400354,WSMR I,NM,28843.908706495342
2030,3,p31,FabTechSolar,405245,Wal-Mart Truth or Consequences PV,NM,105969.47574167795
2030,3,p47,SolarCycle,400979,"Caprock Solar 1, LLC",NM,6881.501866477075
2030,3,p47,SolarCycle,401681,"Chaves Solar, LLC",NM,3707.2354121439976
2030,3,p47,SolarCycle,400614,GSE NM1,NM,21047.201510907424
2030,3,p47,SolarCycle,404982,Hayhurst New Mexico Solar,NM,7935.409719801261
2030,3,p47,SolarCycle,402530,Middle Daisy,NM,28094.908701681175
2030,3,p47,SolarCycle,400260,SPS1 Dollarhide,NM,3923.565807207613
2030,3,p47,SolarCycle,400261,SPS2 Jal,NM,8015.450302980932
2030,3,p47,SolarCycle,400262,SPS3 Lea,NM,5976.738826028734
2030,3,p47,SolarCycle,400264,SPS5 Hopi,NM,5867.381815477378
2030,3,p47,SolarCycle,404698,SoCore Clovis 1,NM,43953.69421174068
2030,3,p48,SolarCycle,406439,"BESSP1, LLC",TX,5177.187471235818
2030,3,p48,SolarCycle,405590,"Hecate Energy Frye Solar, LLC",TX,635.2329542219009
2030,3,p57,OkonRecycling,404918,"Hecate Energy Upshur Rural, LLC",TX,5033.875067689687
2030,3,p59,SolarCycle,402666,Fort Bliss (DEA EPIC),TX,18872.213828642834
2030,3,p59,SolarCycle,401616,Montana Solar Facility,TX,18146.126484185028
2030,3,p59,SolarCycle,401045,Newman Solar,TX,1942.9730144528025
2030,3,p60,SolarCycle,403962,"ANSON Solar Center, LLC",TX,881.0726670579219
2030,3,p60,OkonRecycling,403883,Azure Sky Solar,TX,622.9337178963764
2030,3,p60,SolarCycle,403232,"ENGIE Long Draw Solar, LLC",TX,608.0118369367304
2030,3,p60,SolarCycle,406252,Highpeak Solar 1,TX,2794.336301097013
2030,3,p60,SolarCycle,402721,Holstein 1 Solar Farm,TX,594.6803290449504
2030,3,p60,SolarCycle,405492,Juno Solar Project,TX,504.6880149022285
2030,3,p60,SolarCycle,402541,Lamesa II,TX,937.461525634309
2030,3,p60,SolarCycle,401660,Lamesa Solar,TX,663.8536571686652
2030,3,p60,SolarCycle,405932,Lumina II Solar Project,TX,843.8499033035196
2030,3,p60,SolarCycle,405933,Lumina Solar Project,TX,606.5666864360851
2030,3,p60,SolarCycle,402909,Misae Solar,TX,955.274639879489
2030,3,p60,OkonRecycling,400968,"OCI Alamo 7, LLC",TX,2284.141180952185
2030,3,p60,SolarCycle,405939,Texas Solar Nova 1,TX,611.4173724924093
2030,3,p61,SolarCycle,400967,Alamo 6,TX,565.375493033773
2030,3,p61,SolarCycle,403557,Aragorn Solar Project,TX,609.4334650759988
2030,3,p61,SolarCycle,400691,Barilla Solar,TX,980.8457799875963
2030,3,p61,SolarCycle,401946,Bluebell Solar,TX,770.2147988856703
2030,3,p61,SolarCycle,403574,Bluebell Solar II,TX,520.0103299075593
2030,3,p61,SolarCycle,400554,"Bryan Solar, LLC",TX,6383.0180952935525
2030,3,p61,SolarCycle,401463,Buckthorn Westex,TX,459.623016658548
2030,3,p61,SolarCycle,401703,East Pecos Solar,TX,499.75810226615994
2030,3,p61,SolarCycle,405363,Galloway 1 Solar Farm,TX,647.5029443160241
2030,3,p61,SolarCycle,405494,Galloway 2 Solar Farm,TX,1230.1820704244815
2030,3,p61,SolarCycle,403210,Greasewood,TX,467.8345967253267
2030,3,p61,SolarCycle,406370,Hayhurst Texas Solar,TX,2903.7764896947688
2030,3,p61,SolarCycle,402304,Midway Solar-TX,TX,500.41375218565565
2030,3,p61,SolarCycle,400695,"OCI Alamo 4, LLC",TX,1490.2921432015085
2030,3,p61,SolarCycle,401868,Pearl Solar,TX,636.7106276815568
2030,3,p61,SolarCycle,402290,RE Maplewood,TX,498.4860833930374
2030,3,p61,SolarCycle,401430,RE Roserock,TX,528.0854026198189
2030,3,p61,SolarCycle,402848,Rambler,TX,507.3022276335898
2030,3,p61,SolarCycle,402083,Solaire Holman Solar Project,TX,877.1967048321018
2030,3,p61,SolarCycle,403023,"Taygete Energy Project, LLC",TX,505.2272912342092
2030,3,p61,SolarCycle,404647,Taygete II Energy Project,TX,465.01850982811044
2030,3,p61,SolarCycle,403551,Titan Solar Project,TX,545.9386914698583
2030,3,p61,SolarCycle,406103,Zier Solar,TX,1197.239898505121
2030,3,p62,SolarCycle,403502,2W Permian Solar Project Hybrid,TX,428.67526667704544
2030,3,p62,SolarCycle,403697,CED Crane Solar,TX,528.4067882114086
2030,3,p62,SolarCycle,401525,Castle Gap Solar Hybrid,TX,454.45071028164193
2030,3,p62,SolarCycle,404599,Emerald Grove,TX,629.6796483225615
2030,3,p62,SolarCycle,403004,Lapetus,TX,547.5109590558905
2030,3,p62,SolarCycle,403280,Oberon IA,TX,434.25348371724476
2030,3,p62,SolarCycle,403279,Oberon IB,TX,630.9233455786242
2030,3,p62,SolarCycle,403602,Oxy Renewable Energy-Goldsmith,TX,936.7297207925006
2030,3,p62,SolarCycle,402679,Phoebe Solar,TX,444.78962806290576
2030,3,p62,SolarCycle,403177,Prospero Solar,TX,454.49571638576487
2030,3,p62,SolarCycle,404128,Prospero Solar II,TX,562.3236149871284
2030,3,p62,SolarCycle,403070,"Roadrunner, LLC",TX,470.0135056853931
2030,3,p62,SolarCycle,401805,Upton County Solar,TX,472.47099846855895
2030,3,p62,SolarCycle,402995,West of the Pecos Solar,TX,470.8763714489732
2030,3,p63,OkonRecycling,405599,"BPL Crown Solar, LLC",TX,1574.4089736358226
2030,3,p63,OkonRecycling,404966,BPL Files Solar,TX,557.6537488552697
2030,3,p63,OkonRecycling,403825,Briar Creek Solar 1,TX,554.2551039067386
2030,3,p63,OkonRecycling,402610,Chisum,TX,3310.63051213081
2030,3,p63,OkonRecycling,403188,Coniglio Solar,TX,542.3615273984336
2030,3,p63,OkonRecycling,406415,Dileo Solar,TX,1047.3324271368679
2030,3,p63,OkonRecycling,402655,Eddy II,TX,4478.370460154223
2030,3,p63,OkonRecycling,406221,Eiffel Solar Project,TX,853.7270044653255
2030,3,p63,OkonRecycling,405540,"Ellis Solar, LLC",TX,523.3361031845977
2030,3,p63,OkonRecycling,403823,Elm Branch Solar 1,TX,563.0540242012205
2030,3,p63,OkonRecycling,406206,Five Wells Solar Center - Hybrid,TX,601.9733498200062
2030,3,p63,OkonRecycling,404567,G.S.E. One LLC,TX,616.0363204654741
2030,3,p63,OkonRecycling,403288,Griffin Solar,TX,4660.805290393616
2030,3,p63,OkonRecycling,406202,Grizzly Ridge Solar,TX,1029.7357339318937
2030,3,p63,OkonRecycling,402329,Highway 56 Solar,TX,2928.986411795301
2030,3,p63,OkonRecycling,405319,IKEA Grand Prairie Rooftop PV System,TX,1727.8025114460856
2030,3,p63,OkonRecycling,405689,"IP Radian, LLC",TX,985.3212785718266
2030,3,p63,OkonRecycling,403481,Impact Solar 1,TX,679.7030201449318
2030,3,p63,OkonRecycling,403190,Kellam Solar,TX,1693.7512525040722
2030,3,p63,OkonRecycling,402421,Leon Solar,TX,1375.2098755128761
2030,3,p63,OkonRecycling,403874,Lily Solar Hybrid,TX,511.1734852188493
2030,3,p63,OkonRecycling,402404,Marlin Solar,TX,11635.009891454903
2030,3,p63,OkonRecycling,405794,Noble Solar,TX,602.4496627023113
2030,3,p63,OkonRecycling,402405,North Gainesville Solar,TX,2419.206231456045
2030,3,p63,OkonRecycling,401933,Phantom Solar,TX,10142.278691810381
2030,3,p63,OkonRecycling,404872,"Pisgah Ridge Solar, LLC",TX,699.971077275846
2030,3,p63,OkonRecycling,406416,Pitts Dudik Solar,TX,1829.2857826789236
2030,3,p63,OkonRecycling,403189,Rippey Solar,TX,1510.3301838773039
2030,3,p63,OkonRecycling,404630,"Samson Solar Energy III, LLC",TX,551.4664941678652
2030,3,p63,OkonRecycling,402652,Sterling Solar (TX),TX,3022.0858250982333
2030,3,p63,OkonRecycling,404812,Sun Valley Solar Project,TX,550.2294575388504
2030,3,p63,OkonRecycling,403457,"TPE Whitney Solar, LLC",TX,2917.2194896765986
2030,3,p63,OkonRecycling,405361,Toyota HQ Plan,TX,1033.157583945752
2030,3,p63,OkonRecycling,405907,Verizon Hidden Ridge Solar Project,TX,933.211190265707
2030,3,p63,OkonRecycling,405984,Waco Solar,TX,506.7841118700518
2030,3,p63,OkonRecycling,402306,Walnut Springs Solar,TX,4655.4103669587
2030,3,p63,OkonRecycling,402497,West Moore Solar II,TX,7201.273445013271
2030,3,p63,OkonRecycling,402330,Whitesboro Solar,TX,3077.388855394671
2030,3,p63,OkonRecycling,402331,Whitesboro Solar II,TX,2650.6677987130497
2030,3,p63,OkonRecycling,402414,Whitewright Solar,TX,2008.5659146724236
2030,3,p63,OkonRecycling,402654,Yellow Jacket,TX,18004.259900303947
2030,3,p64,OkonRecycling,405731,Austin TX GigaFactory,TX,16760.280416714235
2030,3,p64,OkonRecycling,404721,"Blue Jay Solar I, LLC",TX,641.3105410095791
2030,3,p64,OkonRecycling,402389,"E-Volve Energy Holdings, LLC",TX,90821.23872920054
2030,3,p64,OkonRecycling,400227,East Blackland Solar Project 1,TX,793.3016738020906
2030,3,p64,OkonRecycling,405101,IKEA Round Rock 027,TX,78871.35868181898
2030,3,p64,SolarCycle,402653,Lampwick,TX,5826.322724485676
2030,3,p64,OkonRecycling,405613,Niagara Bottling - Seguin,TX,32367.61138832997
2030,3,p64,OkonRecycling,400249,Webberville Solar Project,TX,1418.7037840499363
2030,3,p65,OkonRecycling,405700,Aktina Solar,TX,1413.7660043113501
2030,3,p65,OkonRecycling,405727,Bernard Creek Solar,TX,2428.6641331275405
2030,3,p65,OkonRecycling,401728,CPS 1 Community Solar,TX,250021.47893159915
2030,3,p65,OkonRecycling,402656,Cascade Solar (TX),TX,50426.19988826043
2030,3,p65,SolarCycle,404247,"Corazon Energy, LLC",TX,3836.8582216659024
2030,3,p65,OkonRecycling,404359,FELPS 1-Calaveras,TX,129991.70478955946
2030,3,p65,OkonRecycling,404361,FELPS 2-Calaveras,TX,518754.9027632209
2030,3,p65,OkonRecycling,404739,FELPS 6- Floresville West,TX,264213.4323326894
2030,3,p65,OkonRecycling,404740,FELPS 7- Floresville West,TX,527856.4626267541
2030,3,p65,OkonRecycling,406516,Ganado Solar,TX,3760.4005084228097
2030,3,p65,SolarCycle,405801,Horizon Solar,TX,1790.4838973979604
2030,3,p65,OkonRecycling,405380,IKEA Live Oak Rooftop PV System,TX,140790.290774599
2030,3,p65,SolarCycle,403343,Mars Solar,TX,25100.81536037633
2030,3,p65,OkonRecycling,404877,Nebula Solar,TX,3834.5400156012915
2030,3,p65,OkonRecycling,400694,"OCI Alamo 2, LLC",TX,56029.97991091436
2030,3,p65,OkonRecycling,400965,"OCI Alamo 3, LLC",TX,29901.48595089708
2030,3,p65,SolarCycle,400966,"OCI Alamo 5, LLC",TX,5450.358881405872
2030,3,p65,OkonRecycling,400593,OCI Alamo Solar I Hybrid,TX,3592.822334237866
2030,3,p65,OkonRecycling,405545,Sparta Solar,TX,2783.6112715222807
2030,3,p65,OkonRecycling,400379,"SunE CPS1, LLC",TX,26787.108742289387
2030,3,p65,OkonRecycling,400364,"SunE CPS2, LLC",TX,18039.441029506732
2030,3,p66,OkonRecycling,406386,Umbriel Solar,TX,3028.8085061789616
2030,3,p67,OkonRecycling,404939,Brazoria County Solar Project (Danciger),TX,1149.5521795231791
2030,3,p67,OkonRecycling,404681,Brazoria West,TX,1161.2141376514655
2030,3,p67,OkonRecycling,404587,Fighting Jays Solar Project,TX,1041.7915806585866
2030,3,p67,OkonRecycling,405564,"Fort Bend Solar, LLC",TX,967.481790400404
2030,3,p67,OkonRecycling,404853,"Longbow Solar, LLC",TX,5772.864272883515
2030,3,p67,OkonRecycling,403514,Wagyu,TX,1029.289197939886
2030,4,p12,ComstockMetals,402144,Battle Mountain Solar Project,NV,1395.0707224100208
2030,4,p12,ComstockMetals,405025,Brady,NV,667.2203219378404
2030,4,p12,ComstockMetals,405553,Dodge Flat,NV,423.63234394839736
2030,4,p12,ComstockMetals,402609,"EGP Stillwater Solar PV II, LLC",NV,1662.7243214031732
2030,4,p12,ComstockMetals,404659,Fish Springs,NV,483.6113194147596
2030,4,p12,ComstockMetals,401086,Ft. Churchill PV,NV,554.3862765234967
2030,4,p12,ComstockMetals,405028,Galena 2 Geothermal Power Plant,NV,1054.5427090648202
2030,4,p12,ComstockMetals,402130,Luning Energy,NV,1519.9438411859
2030,4,p12,ComstockMetals,400468,"Patua Acquisition Project, LLC",NV,884.5380511302427
2030,4,p12,ComstockMetals,405021,Steamboat Hills LP,NV,1387.3420462248032
2030,4,p12,ComstockMetals,405023,Steamboat II,NV,782.0719857546246
2030,4,p12,ComstockMetals,405024,Steamboat III,NV,784.899644721332
2030,4,p12,ComstockMetals,400029,Stillwater Facility,NV,1566.5902417122975
2030,4,p12,ComstockMetals,401318,Sunshine Valley Solar,NV,2107.5424826165627
2030,4,p12,ComstockMetals,405026,TS Power Plant,NV,1580.2000091629698
2030,4,p12,ComstockMetals,405576,Tesla Reno GigaFactory,NV,892.2607727509819
2030,4,p12,ComstockMetals,401943,Tungsten Mountain,NV,8352.57066610108
2030,4,p12,ComstockMetals,403308,Turquoise Liberty Solar,NV,845.4262951087211
2030,4,p12,ComstockMetals,403884,"Turquoise Nevada, LLC",NV,450.1285208030569
2030,4,p12,ComstockMetals,400035,Western 102 Power Plant,NV,1651.348059594478
2030,4,p13,WeRecycleSolar,400555,Apex Solar PV Power Project,NV,9033.124728355571
2030,4,p13,WeRecycleSolar,405385,Arrow Canyon Solar Hybrid,NV,836.9694659485316
2030,4,p13,WeRecycleSolar,402017,"Boulder Solar II, LLC",NV,6553.459450303346
2030,4,p13,WeRecycleSolar,401649,"Boulder Solar Power, LLC",NV,3486.1747294831152
2030,4,p13,WeRecycleSolar,400059,CM10,NV,31046.064252501485
2030,4,p13,WeRecycleSolar,400363,Copper Mountain Solar 2,NV,2382.5855416286213
2030,4,p13,WeRecycleSolar,403688,"Copper Mountain Solar 5, LLC",NV,1009.6249658077598
2030,4,p13,WeRecycleSolar,405358,Dignity - San Martin,NV,66738.60268422482
2030,4,p13,WeRecycleSolar,405355,Dignity - Siena Campus,NV,117052.8761369024
2030,4,p13,WeRecycleSolar,405556,Dry Lake Solar Energy Center,NV,859.0979409084478
2030,4,p13,WeRecycleSolar,405495,Gemini Solar,NV,695.7558885061167
2030,4,p13,WeRecycleSolar,406090,IGS LAS1,NV,81924.2260387312
2030,4,p13,WeRecycleSolar,406089,IGS VGT,NV,341204.5696170876
2030,4,p13,WeRecycleSolar,405309,IKEA Las Vegas 462,NV,85288.39188886079
2030,4,p13,WeRecycleSolar,400545,Las Vegas WPCF Solar Plant,NV,100729.19331256697
2030,4,p13,WeRecycleSolar,400313,Moapa Southern Paiute,NV,1783.195192361382
2030,4,p13,WeRecycleSolar,400600,Mountain View Solar,NV,6138.90148300563
2030,4,p13,WeRecycleSolar,400036,Nellis Air Force Base Solar Array,NV,28761.41602869627
2030,4,p13,WeRecycleSolar,401319,"Playa Solar 1, LLC",NV,2570.58550619678
2030,4,p13,WeRecycleSolar,401274,River Mountains Solar,NV,22538.810476119317
2030,4,p13,WeRecycleSolar,401042,Searchlight Solar,NV,3655.075289115601
2030,4,p13,WeRecycleSolar,400658,Silver State Solar Power South,NV,820.8094571893329
2030,4,p13,WeRecycleSolar,405246,"Solar Las Vegas MB 2, LLC",NV,112108.82663627532
2030,4,p13,WeRecycleSolar,405188,Solar Las Vegas MB-1,NV,68836.60360556423
2030,4,p13,WeRecycleSolar,402485,"Techren Solar I, LLC",NV,1946.5783254627001
2030,4,p13,WeRecycleSolar,402690,"Techren Solar II, LLC",NV,1947.8648037105665
2030,4,p13,WeRecycleSolar,402691,"Techren Solar III, LLC",NV,12752.904735153317
2030,4,p13,WeRecycleSolar,402692,"Techren Solar IV, LLC",NV,12801.410741268895
2030,4,p13,WeRecycleSolar,403001,Techren Solar V,NV,6600.488552757762
2030,4,p13,WeRecycleSolar,401851,Townsite Solar Project Hybrid,NV,1047.6900038048248
2030,4,p13,WeRecycleSolar,406448,Yellow Pine II,NV,1424.5894535128323
2030,4,p13,WeRecycleSolar,404971,Yellow Pine Solar,NV,1378.1300315073518
2030,4,p27,WeRecycleSolar,402236,Gray Hawk Solar,AZ,1001.2887763317648
2030,4,p27,WeRecycleSolar,401819,Jacobson 5 MW Solar,AZ,13068.758593647579
2030,4,p27,WeRecycleSolar,403718,Mohave Electric Cooperative at Joy Lane,AZ,3320.741315535984
2030,4,p27,WeRecycleSolar,401311,Mohave Electric at Fort Mohave,AZ,7023.777909526406
2030,4,p27,WeRecycleSolar,406478,Mohave Energy - Hybrid,AZ,3712.3270119496783
2030,4,p28,WeRecycleSolar,405418,AZ State University - Tempe Campus Solar,AZ,2683.782689733914
2030,4,p28,WeRecycleSolar,400148,Agua Caliente Solar Project,AZ,596.4854893743367
2030,4,p28,FabTechSolar,402067,Apache Solar 1,AZ,4853.782089903042
2030,4,p28,WeRecycleSolar,400240,Arlington Valley Solar Energy II,AZ,549.6546496172555
2030,4,p28,FabTechSolar,401688,Bonnybrooke PV,AZ,655.5390255762727
2030,4,p28,WeRecycleSolar,400371,Buckeye Union HS District 201,AZ,11738.235663109497
2030,4,p28,FabTechSolar,405635,"Central Line Solar, LLC",AZ,505.2872857502182
2030,4,p28,WeRecycleSolar,401069,Desert Star Hybrid,AZ,1934.0122122351424
2030,4,p28,FabTechSolar,403257,East Line Solar,AZ,540.7489101359545
2030,4,p28,FabTechSolar,406171,Eleven Mile Solar Center,AZ,444.06266263135325
2030,4,p28,WeRecycleSolar,405244,Estrella Mountain PV,AZ,11848.193511226425
2030,4,p28,WeRecycleSolar,400349,Foothills Solar Plant Hybrid,AZ,2942.9653583958243
2030,4,p28,FabTechSolar,400825,Fort Huachuca Solar PV Project,AZ,2532.824928009474
2030,4,p28,FabTechSolar,400599,"Gilbert Solar Facility I, LLC",AZ,3175.1909773600964
2030,4,p28,WeRecycleSolar,400204,Hyder Solar Hybrid,AZ,1676.5072155918688
2030,4,p28,FabTechSolar,405282,Intel - Ocotillo Campus Solar,AZ,1073.5537620410125
2030,4,p28,WeRecycleSolar,405125,Jewish Community Center PV,AZ,8438.183112159297
2030,4,p28,WeRecycleSolar,402234,Kayenta Solar Project,AZ,6299.523307618729
2030,4,p28,WeRecycleSolar,400595,Lake Pleasant WTP,AZ,6333.413606282318
2030,4,p28,WeRecycleSolar,400128,Luke Solar,AZ,1467.1755170755803
2030,4,p28,WeRecycleSolar,405068,Macys Goodyear,AZ,4522.64766874374
2030,4,p28,WeRecycleSolar,406279,McFarland A Solar and Storage,AZ,683.9435510524212
2030,4,p28,FabTechSolar,405617,Mesa Carport PV,AZ,3510.209232409839
2030,4,p28,FabTechSolar,404512,Mesa Solar Array,AZ,3954.9529707346574
2030,4,p28,WeRecycleSolar,400250,Mesquite Solar 1,AZ,462.3691908388076
2030,4,p28,WeRecycleSolar,401622,"Mesquite Solar 3, LLC",AZ,613.9734320890977
2030,4,p28,WeRecycleSolar,406038,"Mesquite Solar 4, LLC",AZ,1007.1746134086421
2030,4,p28,WeRecycleSolar,404922,"Mesquite Solar 5, LLC",AZ,1450.0661523802921
2030,4,p28,WeRecycleSolar,403572,OE_AZ1,AZ,2257.405735015977
2030,4,p28,WeRecycleSolar,400203,Paloma Solar Hybrid,AZ,3697.3282555356386
2030,4,p28,WeRecycleSolar,405150,Phoenix Airport East Economy Lot,AZ,1965.3142810328445
2030,4,p28,WeRecycleSolar,405151,Phoenix Airport Rental Car Center,AZ,1262.2959241972333
2030,4,p28,FabTechSolar,402528,Pinal Central Energy Center Hybrid,AZ,1399.8740392371067
2030,4,p28,FabTechSolar,400125,"Poseidon Solar, LLC",AZ,1629.0325652897566
2030,4,p28,WeRecycleSolar,400031,Prescott Airport,AZ,19104.823983686336
2030,4,p28,FabTechSolar,400323,Queen Creek Solar Farm,AZ,1044.5435982624465
2030,4,p28,WeRecycleSolar,400289,"RE Bagdad Solar I, LLC",AZ,9070.162949287522
2030,4,p28,WeRecycleSolar,405132,"RE Gillespie 1, LLC",AZ,2186.858590191934
2030,4,p28,FabTechSolar,400758,Red Horse 2,AZ,3160.242888013715
2030,4,p28,FabTechSolar,401726,Red Rock,AZ,2267.2173553718026
2030,4,p28,FabTechSolar,406380,SR McNeal,AZ,4051.4632355255403
2030,4,p28,WeRecycleSolar,400416,Saddle Mountain Solar I,AZ,3159.6506170678986
2030,4,p28,FabTechSolar,403674,Saint Solar,AZ,508.10605000819265
2030,4,p28,FabTechSolar,401214,Sandstone Solar,AZ,759.1133942588625
2030,4,p28,WeRecycleSolar,405029,Solana Generating Station,AZ,497.1742784336527
2030,4,p28,WeRecycleSolar,406275,Sonoran Solar Energy,AZ,453.30003981539556
2030,4,p28,FabTechSolar,406034,Storey Solar and Storage,AZ,565.898135226664
2030,4,p28,FabTechSolar,401664,Sulphur Springs,AZ,4700.10217858569
2030,4,p28,WeRecycleSolar,403643,Sun Streams 2,AZ,525.4355344170008
2030,4,p28,WeRecycleSolar,406517,Sun Streams 3,AZ,485.9888177545613
2030,4,p28,WeRecycleSolar,401975,"Sun Streams, LLC",AZ,520.884004901687
2030,4,p28,WeRecycleSolar,405311,T0588 Phoenix - AZ,AZ,4777.1992206609275
2030,4,p28,FabTechSolar,405134,Union HS at Casa Grande,AZ,5219.716967947504
2030,4,p28,FabTechSolar,405135,Vista Grande HS at Casa Grande,AZ,25467.63105084678
2030,4,p28,FabTechSolar,406098,"West Line Solar, LLC",AZ,505.3353839335545
2030,4,p29,FabTechSolar,400014,Springerville,AZ,1226.3468976986796
2030,4,p30,FabTechSolar,405143,Actus Lend Lease DMAFB,AZ,8091.839130701241
2030,4,p30,FabTechSolar,405611,Amazon TUS2,AZ,28524.37700827548
2030,4,p30,FabTechSolar,405268,Amphitheater High School Solar,AZ,64058.53415848059
2030,4,p30,FabTechSolar,400939,Avalon Solar,AZ,1044.2611783923496
2030,4,p30,FabTechSolar,400226,Avra Valley Solar,AZ,1058.2847959555636
2030,4,p30,FabTechSolar,404704,Broadway 2 - Tucson Phase II,AZ,10226.056449158948
2030,4,p30,FabTechSolar,405269,Canyon Del Oro High School Solar,AZ,7115.159924845005
2030,4,p30,FabTechSolar,401295,Davis Monthan AFB (AZ) West Airfield,AZ,3172.8180430143734
2030,4,p30,FabTechSolar,404536,Iron Horse Battery Storage Hybrid,AZ,37793.51195432198
2030,4,p30,FabTechSolar,400552,"Picture Rocks Solar, LLC",AZ,780.2310875567116
2030,4,p30,FabTechSolar,405374,Pima Community College,AZ,16797.538008111875
2030,4,p30,FabTechSolar,405303,Pima Community College - East Campus,AZ,26840.93713597201
2030,4,p30,FabTechSolar,405516,Pima Community College NW,AZ,45897.39214887073
2030,4,p30,FabTechSolar,404926,Raptor Ridge,AZ,3258.226097479882
2030,4,p30,FabTechSolar,400857,Rio Rico Solar,AZ,5924.045534044779
2030,4,p30,FabTechSolar,401076,Tech Park Solar,AZ,5295.552435401791
2030,4,p30,FabTechSolar,400156,UASTP I,AZ,62964.19184224401
2030,4,p30,FabTechSolar,401075,Valencia Solar,AZ,4365.537962935097
2030,4,p30,FabTechSolar,404187,"Wilmot Energy Center, LLC",AZ,692.4121058807674
2030,4,p31,SolarCycle,400211,Alamogordo Solar Energy Center,NM,12655.880318830015
2030,4,p31,FabTechSolar,400206,Albuquerque Solar Energy Center,NM,87265.49237230403
2030,4,p31,SolarCycle,403675,Alcalde Solar Array,NM,81263.13574188483
2030,4,p31,FabTechSolar,405469,Arroyo Solar Energy Storage Hybrid,NM,805.4894478095634
2030,4,p31,FabTechSolar,403321,Bluewater CDEC 1,NM,86743.78353834443
2030,4,p31,SolarCycle,403736,Britton Solar Energy Center,NM,10307.151227899476
2030,4,p31,SolarCycle,402876,CNMEC Solar Energy Center,NM,237503.5906478515
2030,4,p31,SolarCycle,402519,Carrizozo Solar,NM,124745.93836966174
2030,4,p31,FabTechSolar,402988,City of Gallup Solar,NM,23675.271378676705
2030,4,p31,FabTechSolar,403604,City of Rio Rancho WWTP,NM,210425.87343112935
2030,4,p31,FabTechSolar,401225,City of Truth or Consequences PV,NM,110585.65327493227
2030,4,p31,FabTechSolar,400209,Deming Solar Energy Center,NM,11423.13816180971
2030,4,p31,FabTechSolar,403868,Encino Solar Energy Center,NM,5020.728920271316
2030,4,p31,FabTechSolar,401038,Eubank Landfill Solar Array,NM,130969.20057495359
2030,4,p31,FabTechSolar,403322,Grants CDEC 2,NM,93591.06127684012
2030,4,p31,FabTechSolar,400216,"Hatch Solar Energy Center I, LLC",NM,86122.19160730229
2030,4,p31,SolarCycle,401617,Holloman Solar Facility,NM,74146.70947380923
2030,4,p31,FabTechSolar,406109,"Jicarilla Solar 1, LLC",NM,3915.276635402326
2030,4,p31,SolarCycle,400210,Las Vegas Solar Energy Center,NM,33625.35170316299
2030,4,p31,FabTechSolar,400207,Los Lunas Solar Energy Center,NM,70862.69109844246
2030,4,p31,FabTechSolar,400838,Macho Springs,NM,2358.6858101880603
2030,4,p31,FabTechSolar,400582,Manzano Solar,NM,31678.72969419364
2030,4,p31,SolarCycle,401201,Meadow Lake Solar Energy Center,NM,19015.092324235928
2030,4,p31,SolarCycle,405693,NMSU Solar and Storage,NM,138756.3345425735
2030,4,p31,FabTechSolar,406375,OE_ESCL,NM,2469.639889093568
2030,4,p31,SolarCycle,400581,Otero Solar,NM,48635.38340624181
2030,4,p31,SolarCycle,400146,Questa Solar Facility,NM,619631.0829780806
2030,4,p31,FabTechSolar,401566,Rio Communities Solar Energy Center,NM,12720.865095519894
2030,4,p31,FabTechSolar,400624,Rio Rancho High School,NM,260337.47723713735
2030,4,p31,SolarCycle,400135,Roadrunner Solar,NM,20567.810337825078
2030,4,p31,FabTechSolar,404648,"Route 66 Energy Center, LLC",NM,3320.5984113042496
2030,4,p31,SolarCycle,403387,San Miguel I Solar Energy Center,NM,10315.544479806462
2030,4,p31,SolarCycle,405458,San Miguel II Solar Energy Center,NM,12799.519943496345
2030,4,p31,SolarCycle,401564,Santa Fe Solar Energy Center,NM,28748.08644187846
2030,4,p31,FabTechSolar,401563,South Valley Solar Energy Center,NM,12966.159869870311
2030,4,p31,SolarCycle,401162,Springer Solar 1,NM,304453.0026807341
2030,4,p31,SolarCycle,400735,Storrie Lake Solar Project,NM,83487.07138061838
2030,4,p31,SolarCycle,400343,"SunE EPE1, LLC",NM,19200.92358768733
2030,4,p31,SolarCycle,402854,Syncarpha Eagle Nest,NM,588585.1714088399
2030,4,p31,SolarCycle,403412,Syncarpha El Rito,NM,191537.37276885132
2030,4,p31,SolarCycle,403413,Syncarpha Questa,NM,392629.9113296293
2030,4,p31,SolarCycle,403411,Syncarpha Taos,NM,47866.34552943369
2030,4,p31,SolarCycle,404618,Taos Mesa Energy Facility Hybrid,NM,20218.498964566814
2030,4,p31,SolarCycle,400354,WSMR I,NM,28843.908706495342
2030,4,p31,FabTechSolar,405245,Wal-Mart Truth or Consequences PV,NM,211538.9514833559
2030,4,p47,SolarCycle,400979,"Caprock Solar 1, LLC",NM,4721.001244318049
2030,4,p47,SolarCycle,404980,Chaves County Solar II,NM,8082.821103873394
2030,4,p47,SolarCycle,401681,"Chaves Solar, LLC",NM,3707.2354121439976
2030,4,p47,SolarCycle,400614,GSE NM1,NM,124283.2090654445
2030,4,p47,SolarCycle,404982,Hayhurst New Mexico Solar,NM,2911.803239933754
2030,4,p47,SolarCycle,401682,"Roswell Solar, LLC",NM,3736.2498502491253
2030,4,p47,SolarCycle,400546,SEV NM Phase 2,NM,83161.85002848927
2030,4,p47,SolarCycle,400260,SPS1 Dollarhide,NM,3923.565807207613
2030,4,p47,SolarCycle,400261,SPS2 Jal,NM,8015.450302980932
2030,4,p47,SolarCycle,400262,SPS3 Lea,NM,5976.738826028734
2030,4,p47,SolarCycle,400264,SPS5 Hopi,NM,16802.145446432136
2030,4,p48,SolarCycle,406439,"BESSP1, LLC",TX,5177.187471235818
2030,4,p48,SolarCycle,405590,"Hecate Energy Frye Solar, LLC",TX,635.2329542219009
2030,4,p57,OkonRecycling,404918,"Hecate Energy Upshur Rural, LLC",TX,3875.4063007672657
2030,4,p59,SolarCycle,402666,Fort Bliss (DEA EPIC),TX,28108.320742964257
2030,4,p59,SolarCycle,401616,Montana Solar Facility,TX,9273.063242092516
2030,4,p59,SolarCycle,401045,Newman Solar,TX,2200.1351835282694
2030,4,p60,SolarCycle,403962,"ANSON Solar Center, LLC",TX,881.0726670579219
2030,4,p60,OkonRecycling,403883,Azure Sky Solar,TX,622.9337178963764
2030,4,p60,SolarCycle,403232,"ENGIE Long Draw Solar, LLC",TX,538.6745579578204
2030,4,p60,SolarCycle,406252,Highpeak Solar 1,TX,2794.336301097013
2030,4,p60,SolarCycle,402721,Holstein 1 Solar Farm,TX,594.6803290449504
2030,4,p60,SolarCycle,405492,Juno Solar Project,TX,504.6880149022285
2030,4,p60,SolarCycle,402541,Lamesa II,TX,803.0961442257317
2030,4,p60,SolarCycle,401660,Lamesa Solar,TX,663.8536571686652
2030,4,p60,SolarCycle,405932,Lumina II Solar Project,TX,843.8499033035196
2030,4,p60,SolarCycle,405933,Lumina Solar Project,TX,606.5666864360851
2030,4,p60,SolarCycle,402909,Misae Solar,TX,955.274639879489
2030,4,p60,OkonRecycling,400968,"OCI Alamo 7, LLC",TX,1342.0705904760928
2030,4,p60,SolarCycle,405939,Texas Solar Nova 1,TX,611.4173724924093
2030,4,p61,SolarCycle,400967,Alamo 6,TX,730.750986067546
2030,4,p61,SolarCycle,403557,Aragorn Solar Project,TX,609.4334650759988
2030,4,p61,SolarCycle,400691,Barilla Solar,TX,980.8457799875963
2030,4,p61,SolarCycle,401946,Bluebell Solar,TX,862.768498607088
2030,4,p61,SolarCycle,403574,Bluebell Solar II,TX,520.0103299075593
2030,4,p61,SolarCycle,400554,"Bryan Solar, LLC",TX,6383.0180952935525
2030,4,p61,SolarCycle,401463,Buckthorn Westex,TX,459.623016658548
2030,4,p61,SolarCycle,401703,East Pecos Solar,TX,549.6371533992399
2030,4,p61,SolarCycle,405363,Galloway 1 Solar Farm,TX,585.6272082370182
2030,4,p61,SolarCycle,405494,Galloway 2 Solar Farm,TX,1230.1820704244815
2030,4,p61,SolarCycle,403210,Greasewood,TX,490.44612896710225
2030,4,p61,SolarCycle,406370,Hayhurst Texas Solar,TX,2903.7764896947688
2030,4,p61,SolarCycle,402304,Midway Solar-TX,TX,500.41375218565565
2030,4,p61,SolarCycle,400695,"OCI Alamo 4, LLC",TX,1490.2921432015085
2030,4,p61,SolarCycle,401868,Pearl Solar,TX,636.7106276815568
2030,4,p61,SolarCycle,402290,RE Maplewood,TX,473.864562544778
2030,4,p61,SolarCycle,401430,RE Roserock,TX,506.73783551651564
2030,4,p61,SolarCycle,402848,Rambler,TX,507.3022276335898
2030,4,p61,SolarCycle,402083,Solaire Holman Solar Project,TX,877.1967048321018
2030,4,p61,SolarCycle,403023,"Taygete Energy Project, LLC",TX,505.2272912342092
2030,4,p61,SolarCycle,404647,Taygete II Energy Project,TX,465.01850982811044
2030,4,p61,SolarCycle,403551,Titan Solar Project,TX,545.9386914698583
2030,4,p61,SolarCycle,406103,Zier Solar,TX,1197.239898505121
2030,4,p62,SolarCycle,403502,2W Permian Solar Project Hybrid,TX,428.67526667704544
2030,4,p62,SolarCycle,403697,CED Crane Solar,TX,485.6045254742724
2030,4,p62,SolarCycle,401525,Castle Gap Solar Hybrid,TX,454.45071028164193
2030,4,p62,SolarCycle,404599,Emerald Grove,TX,629.6796483225615
2030,4,p62,SolarCycle,403004,Lapetus,TX,510.63321929191784
2030,4,p62,SolarCycle,403280,Oberon IA,TX,434.25348371724476
2030,4,p62,SolarCycle,403279,Oberon IB,TX,630.9233455786242
2030,4,p62,SolarCycle,403602,Oxy Renewable Energy-Goldsmith,TX,936.7297207925006
2030,4,p62,SolarCycle,402679,Phoebe Solar,TX,437.3246900524215
2030,4,p62,SolarCycle,403177,Prospero Solar,TX,454.49571638576487
2030,4,p62,SolarCycle,404128,Prospero Solar II,TX,562.3236149871284
2030,4,p62,SolarCycle,403070,"Roadrunner, LLC",TX,470.0135056853931
2030,4,p62,SolarCycle,401805,Upton County Solar,TX,472.47099846855895
2030,4,p62,SolarCycle,402995,West of the Pecos Solar,TX,456.70109715917863
2030,4,p63,OkonRecycling,405599,"BPL Crown Solar, LLC",TX,1574.4089736358226
2030,4,p63,OkonRecycling,404966,BPL Files Solar,TX,505.1024992368465
2030,4,p63,OkonRecycling,403825,Briar Creek Solar 1,TX,631.3826558601078
2030,4,p63,OkonRecycling,402610,Chisum,TX,6221.261024261619
2030,4,p63,OkonRecycling,403188,Coniglio Solar,TX,542.3615273984336
2030,4,p63,OkonRecycling,406415,Dileo Solar,TX,1694.6648542737357
2030,4,p63,OkonRecycling,402655,Eddy II,TX,4478.370460154223
2030,4,p63,OkonRecycling,406221,Eiffel Solar Project,TX,853.7270044653255
2030,4,p63,OkonRecycling,405540,"Ellis Solar, LLC",TX,523.3361031845977
2030,4,p63,OkonRecycling,403823,Elm Branch Solar 1,TX,563.0540242012205
2030,4,p63,OkonRecycling,406206,Five Wells Solar Center - Hybrid,TX,601.9733498200062
2030,4,p63,OkonRecycling,404567,G.S.E. One LLC,TX,572.8290563723792
2030,4,p63,OkonRecycling,403288,Griffin Solar,TX,21704.02645196808
2030,4,p63,OkonRecycling,406202,Grizzly Ridge Solar,TX,1029.7357339318937
2030,4,p63,OkonRecycling,402329,Highway 56 Solar,TX,2928.986411795301
2030,4,p63,OkonRecycling,405319,IKEA Grand Prairie Rooftop PV System,TX,1727.8025114460856
2030,4,p63,OkonRecycling,405689,"IP Radian, LLC",TX,985.3212785718266
2030,4,p63,OkonRecycling,403481,Impact Solar 1,TX,679.7030201449318
2030,4,p63,OkonRecycling,403190,Kellam Solar,TX,1693.7512525040722
2030,4,p63,OkonRecycling,402421,Leon Solar,TX,1375.2098755128761
2030,4,p63,OkonRecycling,403874,Lily Solar Hybrid,TX,511.1734852188493
2030,4,p63,OkonRecycling,405794,Noble Solar,TX,602.4496627023113
2030,4,p63,OkonRecycling,402405,North Gainesville Solar,TX,5111.481206730769
2030,4,p63,OkonRecycling,401933,Phantom Solar,TX,3647.42623060346
2030,4,p63,OkonRecycling,404872,"Pisgah Ridge Solar, LLC",TX,499.9903590919487
2030,4,p63,OkonRecycling,406416,Pitts Dudik Solar,TX,1829.2857826789236
2030,4,p63,OkonRecycling,403189,Rippey Solar,TX,1510.3301838773039
2030,4,p63,OkonRecycling,404630,"Samson Solar Energy III, LLC",TX,551.4664941678652
2030,4,p63,OkonRecycling,402652,Sterling Solar (TX),TX,3022.0858250982333
2030,4,p63,OkonRecycling,404812,Sun Valley Solar Project,TX,550.2294575388504
2030,4,p63,OkonRecycling,403457,"TPE Whitney Solar, LLC",TX,4175.8292345148975
2030,4,p63,OkonRecycling,405361,Toyota HQ Plan,TX,1455.2626399095868
2030,4,p63,OkonRecycling,405907,Verizon Hidden Ridge Solar Project,TX,1009.3842174465224
2030,4,p63,OkonRecycling,405984,Waco Solar,TX,506.7841118700518
2030,4,p63,OkonRecycling,402306,Walnut Springs Solar,TX,8910.8207339174
2030,4,p63,OkonRecycling,402497,West Moore Solar II,TX,7201.273445013271
2030,4,p63,OkonRecycling,402330,Whitesboro Solar,TX,3746.736069243338
2030,4,p63,OkonRecycling,402331,Whitesboro Solar II,TX,3100.80135845566
2030,4,p63,OkonRecycling,402414,Whitewright Solar,TX,1686.852731737939
2030,4,p63,OkonRecycling,402654,Yellow Jacket,TX,6268.086633434649
2030,4,p64,OkonRecycling,405731,Austin TX GigaFactory,TX,22213.70722228564
2030,4,p64,OkonRecycling,404721,"Blue Jay Solar I, LLC",TX,882.621082019158
2030,4,p64,OkonRecycling,402389,"E-Volve Energy Holdings, LLC",TX,90821.23872920054
2030,4,p64,OkonRecycling,400227,East Blackland Solar Project 1,TX,596.6508369010453
2030,4,p64,OkonRecycling,405101,IKEA Round Rock 027,TX,26557.11956060633
2030,4,p64,SolarCycle,402653,Lampwick,TX,16678.96817345703
2030,4,p64,OkonRecycling,405613,Niagara Bottling - Seguin,TX,8391.902847082492
2030,4,p64,OkonRecycling,400249,Webberville Solar Project,TX,2437.407568099873
2030,4,p65,OkonRecycling,405700,Aktina Solar,TX,906.883002155675
2030,4,p65,OkonRecycling,405727,Bernard Creek Solar,TX,1414.3320665637702
2030,4,p65,OkonRecycling,402656,Cascade Solar (TX),TX,25413.09994413022
2030,4,p65,SolarCycle,404247,"Corazon Energy, LLC",TX,3836.8582216659024
2030,4,p65,SolarCycle,404062,Elara Solar,TX,2535.078895956199
2030,4,p65,OkonRecycling,404359,FELPS 1-Calaveras,TX,518766.8191582379
2030,4,p65,OkonRecycling,404361,FELPS 2-Calaveras,TX,518754.9027632209
2030,4,p65,OkonRecycling,404739,FELPS 6- Floresville West,TX,528026.8646653788
2030,4,p65,OkonRecycling,404740,FELPS 7- Floresville West,TX,527856.4626267541
2030,4,p65,OkonRecycling,406516,Ganado Solar,TX,3760.4005084228097
2030,4,p65,SolarCycle,405801,Horizon Solar,TX,1326.9892649319734
2030,4,p65,OkonRecycling,405380,IKEA Live Oak Rooftop PV System,TX,70595.1453872995
2030,4,p65,SolarCycle,403343,Mars Solar,TX,74502.44608112896
2030,4,p65,OkonRecycling,404877,Nebula Solar,TX,3834.5400156012915
2030,4,p65,OkonRecycling,400694,"OCI Alamo 2, LLC",TX,111659.95982182873
2030,4,p65,OkonRecycling,400965,"OCI Alamo 3, LLC",TX,88904.45785269124
2030,4,p65,SolarCycle,400966,"OCI Alamo 5, LLC",TX,2083.4529604686245
2030,4,p65,SolarCycle,405809,Shakes Solar,TX,1767.5404093424308
2030,4,p65,OkonRecycling,405545,Sparta Solar,TX,2783.6112715222807
2030,4,p65,OkonRecycling,400379,"SunE CPS1, LLC",TX,26787.108742289387
2030,4,p65,OkonRecycling,400364,"SunE CPS2, LLC",TX,18039.441029506732
2030,4,p65,OkonRecycling,400353,"SunE CPS3, LLC",TX,25686.10989463899
2030,4,p65,OkonRecycling,406032,Tres Bahias,TX,3270.3564756826595
2030,4,p66,OkonRecycling,406386,Umbriel Solar,TX,3028.8085061789616
2030,4,p67,OkonRecycling,404939,Brazoria County Solar Project (Danciger),TX,899.7014530154528
2030,4,p67,OkonRecycling,404681,Brazoria West,TX,907.4760917676439
2030,4,p67,OkonRecycling,404587,Fighting Jays Solar Project,TX,827.8610537723911
2030,4,p67,OkonRecycling,405564,"Fort Bend Solar, LLC",TX,1534.963580800808
2030,4,p67,OkonRecycling,404853,"Longbow Solar, LLC",TX,5772.864272883515
2030,4,p67,OkonRecycling,403514,Wagyu,TX,1029.289197939886
