Year,Quarter,PCA,Recycler Name,case_id,Site,State,Cost
2026,1,p12,ComstockMetals,405025,Brady,NV,2360.7206152114727
2026,1,p12,ComstockMetals,405553,Dodge Flat,NV,528.4456090857668
2026,1,p12,ComstockMetals,402609,"EGP Stillwater Solar PV II, LLC",NV,5547.333086939984
2026,1,p12,ComstockMetals,401086,Ft. Churchill PV,NV,1973.3394372965604
2026,1,p12,ComstockMetals,405028,Galena 2 Geothermal Power Plant,NV,5736.318127524133
2026,1,p12,ComstockMetals,400468,"Patua Acquisition Project, LLC",NV,1716.7713122014522
2026,1,p12,ComstockMetals,405021,Steamboat Hills LP,NV,80895.45409899931
2026,1,p12,ComstockMetals,405023,Steamboat II,NV,7408.602616103966
2026,1,p12,ComstockMetals,405024,Steamboat III,NV,3224.1889041965846
2026,1,p12,ComstockMetals,400029,Stillwater Facility,NV,2777.7274454468
2026,1,p12,ComstockMetals,401318,Sunshine Valley Solar,NV,7360.577038985818
2026,1,p12,ComstockMetals,405026,TS Power Plant,NV,10021.866710575197
2026,1,p12,ComstockMetals,405576,Tesla Reno GigaFactory,NV,1603.9825890902846
2026,1,p12,ComstockMetals,403308,Turquoise Liberty Solar,NV,4031.445863113558
2026,1,p12,ComstockMetals,403884,"Turquoise Nevada, LLC",NV,2443.424596765555
2026,1,p12,ComstockMetals,400035,Western 102 Power Plant,NV,14974.169201921115
2026,1,p13,WeRecycleSolar,400555,Apex Solar PV Power Project,NV,161501.1703742224
2026,1,p13,WeRecycleSolar,405385,Arrow Canyon Solar Hybrid,NV,5836.138485747433
2026,1,p13,WeRecycleSolar,401649,"Boulder Solar Power, LLC",NV,29195.272658697162
2026,1,p13,WeRecycleSolar,400086,CM48,NV,59878.94241304694
2026,1,p13,WeRecycleSolar,400363,Copper Mountain Solar 2,NV,18898.334101111785
2026,1,p13,WeRecycleSolar,403688,"Copper Mountain Solar 5, LLC",NV,11776.100609133973
2026,1,p13,WeRecycleSolar,405358,Dignity - San Martin,NV,464624.72466647276
2026,1,p13,WeRecycleSolar,405355,Dignity - Siena Campus,NV,1088819.0524578362
2026,1,p13,WeRecycleSolar,405556,Dry Lake Solar Energy Center,NV,21817.857937873952
2026,1,p13,WeRecycleSolar,405495,Gemini Solar,NV,1549.8014257733482
2026,1,p13,WeRecycleSolar,406090,IGS LAS1,NV,1521708.7545873942
2026,1,p13,WeRecycleSolar,406089,IGS VGT,NV,1060348.681421287
2026,1,p13,WeRecycleSolar,405309,IKEA Las Vegas 462,NV,3168573.6832930106
2026,1,p13,WeRecycleSolar,400545,Las Vegas WPCF Solar Plant,NV,936512.4143305926
2026,1,p13,WeRecycleSolar,400313,Moapa Southern Paiute,NV,13305.77695544667
2026,1,p13,WeRecycleSolar,400600,Mountain View Solar,NV,40559.72379638059
2026,1,p13,WeRecycleSolar,400036,Nellis Air Force Base Solar Array,NV,66555.90327170433
2026,1,p13,WeRecycleSolar,401042,Searchlight Solar,NV,76327.9599265995
2026,1,p13,WeRecycleSolar,400658,Silver State Solar Power South,NV,12178.973116491017
2026,1,p13,WeRecycleSolar,405246,"Solar Las Vegas MB 2, LLC",NV,2084978.0964018342
2026,1,p13,WeRecycleSolar,402691,"Techren Solar III, LLC",NV,38819.218088712034
2026,1,p13,WeRecycleSolar,404971,Yellow Pine Solar,NV,36905.41323385343
2026,1,p27,WeRecycleSolar,400374,"Black Mountain Solar, LLC",AZ,15780.014911537517
2026,1,p27,WeRecycleSolar,402236,Gray Hawk Solar,AZ,3532.9979420232944
2026,1,p27,WeRecycleSolar,401819,Jacobson 5 MW Solar,AZ,11401.700614921596
2026,1,p27,WeRecycleSolar,401311,Mohave Electric at Fort Mohave,AZ,34913.00502491899
2026,1,p28,WeRecycleSolar,400148,Agua Caliente Solar Project,AZ,3581.135279517799
2026,1,p28,WeRecycleSolar,400274,Arizona Western College PV,AZ,137553.34524301224
2026,1,p28,WeRecycleSolar,400240,Arlington Valley Solar Energy II,AZ,4034.4033889520415
2026,1,p28,FabTechSolar,401688,Bonnybrooke PV,AZ,6605.833917884655
2026,1,p28,WeRecycleSolar,400371,Buckeye Union HS District 201,AZ,30994.677831135104
2026,1,p28,FabTechSolar,406171,Eleven Mile Solar Center,AZ,1470.0736048175195
2026,1,p28,WeRecycleSolar,400349,Foothills Solar Plant Hybrid,AZ,41571.06480455022
2026,1,p28,FabTechSolar,400825,Fort Huachuca Solar PV Project,AZ,86727.04436763514
2026,1,p28,WeRecycleSolar,400845,Gila Bend Hybrid,AZ,5371.636406194372
2026,1,p28,FabTechSolar,405282,Intel - Ocotillo Campus Solar,AZ,8578.717071818251
2026,1,p28,WeRecycleSolar,405125,Jewish Community Center PV,AZ,65469.81243942671
2026,1,p28,WeRecycleSolar,402234,Kayenta Solar Project,AZ,8359.528286271627
2026,1,p28,WeRecycleSolar,400128,Luke Solar,AZ,9038.881419734453
2026,1,p28,WeRecycleSolar,405068,Macys Goodyear,AZ,33773.202229394374
2026,1,p28,FabTechSolar,404512,Mesa Solar Array,AZ,9992.554262947422
2026,1,p28,WeRecycleSolar,400250,Mesquite Solar 1,AZ,1409.7683750799308
2026,1,p28,WeRecycleSolar,401622,"Mesquite Solar 3, LLC",AZ,2132.134102792018
2026,1,p28,WeRecycleSolar,403572,OE_AZ1,AZ,15435.865831244815
2026,1,p28,WeRecycleSolar,405126,Paradise Valley H.S. PV,AZ,112929.38837481776
2026,1,p28,WeRecycleSolar,405150,Phoenix Airport East Economy Lot,AZ,17295.145790095845
2026,1,p28,WeRecycleSolar,405151,Phoenix Airport Rental Car Center,AZ,2726.787586692312
2026,1,p28,WeRecycleSolar,400031,Prescott Airport,AZ,151817.22592632077
2026,1,p28,WeRecycleSolar,400401,Prescott Solar Plant,AZ,44492.90114486764
2026,1,p28,WeRecycleSolar,400289,"RE Bagdad Solar I, LLC",AZ,35492.87292024962
2026,1,p28,FabTechSolar,400758,Red Horse 2,AZ,22744.413470579133
2026,1,p28,FabTechSolar,401726,Red Rock,AZ,15515.291777055221
2026,1,p28,WeRecycleSolar,400416,Saddle Mountain Solar I,AZ,11569.809492105393
2026,1,p28,FabTechSolar,403674,Saint Solar,AZ,3900.5126404544976
2026,1,p28,WeRecycleSolar,405029,Solana Generating Station,AZ,1186.6344898325947
2026,1,p28,WeRecycleSolar,406275,Sonoran Solar Energy,AZ,1047.2028962407085
2026,1,p28,WeRecycleSolar,403643,Sun Streams 2,AZ,1923.1178334454955
2026,1,p28,WeRecycleSolar,405311,T0588 Phoenix - AZ,AZ,35833.81984761718
2026,1,p28,FabTechSolar,405134,Union HS at Casa Grande,AZ,52421.38754317235
2026,1,p28,FabTechSolar,405135,Vista Grande HS at Casa Grande,AZ,51131.17979583989
2026,1,p28,FabTechSolar,400334,Walmart Casa Grande,AZ,74843.98767554048
2026,1,p29,FabTechSolar,400014,Springerville,AZ,20019.885503544447
2026,1,p30,FabTechSolar,405143,Actus Lend Lease DMAFB,AZ,34594.63619811607
2026,1,p30,FabTechSolar,405611,Amazon TUS2,AZ,83752.65673615865
2026,1,p30,FabTechSolar,400939,Avalon Solar,AZ,5491.751859740215
2026,1,p30,FabTechSolar,400226,Avra Valley Solar,AZ,6252.906887406374
2026,1,p30,FabTechSolar,404704,Broadway 2 - Tucson Phase II,AZ,58643.27486691477
2026,1,p30,FabTechSolar,400761,"Gato Montes Solar, LLC",AZ,44650.33262952927
2026,1,p30,FabTechSolar,404536,Iron Horse Battery Storage Hybrid,AZ,55811.86859305232
2026,1,p30,FabTechSolar,400552,"Picture Rocks Solar, LLC",AZ,16176.555632534495
2026,1,p30,FabTechSolar,405374,Pima Community College,AZ,194790.56111445173
2026,1,p30,FabTechSolar,405303,Pima Community College - East Campus,AZ,157126.83922765858
2026,1,p30,FabTechSolar,405516,Pima Community College NW,AZ,90294.22258276382
2026,1,p30,FabTechSolar,404926,Raptor Ridge,AZ,34283.87784838322
2026,1,p30,FabTechSolar,400857,Rio Rico Solar,AZ,98630.20173396073
2026,1,p30,FabTechSolar,401076,Tech Park Solar,AZ,87454.1526794016
2026,1,p30,FabTechSolar,400156,UASTP I,AZ,185822.47549402717
2026,1,p30,FabTechSolar,401075,Valencia Solar,AZ,16070.302646536877
2026,1,p30,FabTechSolar,404187,"Wilmot Energy Center, LLC",AZ,1555.5017855058684
2026,1,p31,SolarCycle,400211,Alamogordo Solar Energy Center,NM,353753.0863781768
2026,1,p31,FabTechSolar,400206,Albuquerque Solar Energy Center,NM,2504845.9501089323
2026,1,p31,SolarCycle,403675,Alcalde Solar Array,NM,777530.0481971463
2026,1,p31,FabTechSolar,405469,Arroyo Solar Energy Storage Hybrid,NM,4296.93067463442
2026,1,p31,SolarCycle,404981,Buena Vista Energy Center,NM,30485.26795185137
2026,1,p31,SolarCycle,402876,CNMEC Solar Energy Center,NM,1139734.5257846557
2026,1,p31,SolarCycle,402519,Carrizozo Solar,NM,398739.5902709283
2026,1,p31,FabTechSolar,401202,Cibola,NM,199107.1254478185
2026,1,p31,FabTechSolar,402988,City of Gallup Solar,NM,447771.0449728121
2026,1,p31,FabTechSolar,403604,City of Rio Rancho WWTP,NM,2018840.3640142195
2026,1,p31,FabTechSolar,401225,City of Truth or Consequences PV,NM,1059332.2471182493
2026,1,p31,FabTechSolar,400209,Deming Solar Energy Center,NM,141649.5621954767
2026,1,p31,FabTechSolar,403868,Encino Solar Energy Center,NM,44807.222841055416
2026,1,p31,FabTechSolar,401038,Eubank Landfill Solar Array,NM,2510054.0767295095
2026,1,p31,FabTechSolar,402443,Facebook 3 Solar Energy Center,NM,158947.49080980386
2026,1,p31,FabTechSolar,403322,Grants CDEC 2,NM,448203.3981565076
2026,1,p31,SolarCycle,401617,Holloman Solar Facility,NM,177584.5209870983
2026,1,p31,FabTechSolar,406109,"Jicarilla Solar 1, LLC",NM,25737.50771627726
2026,1,p31,SolarCycle,400427,Kit Carson,NM,2353098.4193816837
2026,1,p31,SolarCycle,400210,Las Vegas Solar Energy Center,NM,958330.4191046329
2026,1,p31,SolarCycle,400434,Los Alamos PV Site,NM,1390403.2501355195
2026,1,p31,FabTechSolar,400838,Macho Springs,NM,75695.30405218161
2026,1,p31,FabTechSolar,400582,Manzano Solar,NM,301002.25208658987
2026,1,p31,SolarCycle,401201,Meadow Lake Solar Energy Center,NM,537097.4998831745
2026,1,p31,SolarCycle,405693,NMSU Solar and Storage,NM,1330064.796510702
2026,1,p31,SolarCycle,400581,Otero Solar,NM,463963.09939492296
2026,1,p31,SolarCycle,400146,Questa Solar Facility,NM,2975940.5658271215
2026,1,p31,FabTechSolar,403178,"RC Energy AA, LLC Solar Facility",NM,5045664.688053957
2026,1,p31,FabTechSolar,401566,Rio Communities Solar Energy Center,NM,118808.8942095325
2026,1,p31,FabTechSolar,403084,Rio De Oro Solar Energy Center,NM,238635.0486181978
2026,1,p31,SolarCycle,403387,San Miguel I Solar Energy Center,NM,476863.5633281299
2026,1,p31,SolarCycle,405458,San Miguel II Solar Energy Center,NM,477059.2065916924
2026,1,p31,FabTechSolar,401161,Sandoval Solar Energy Center,NM,267477.54492393014
2026,1,p31,SolarCycle,401564,Santa Fe Solar Energy Center,NM,545274.9811828746
2026,1,p31,FabTechSolar,401565,Santolina Solar Energy Center,NM,90571.67376926754
2026,1,p31,FabTechSolar,400596,Silver City WWTP PV Project,NM,1076216.084006325
2026,1,p31,FabTechSolar,406343,Sky Ranch Solar,NM,25104.637795229803
2026,1,p31,FabTechSolar,401563,South Valley Solar Energy Center,NM,97013.02729092246
2026,1,p31,SolarCycle,401162,Springer Solar 1,NM,1461441.0693322578
2026,1,p31,FabTechSolar,400623,Sue Cleveland High School,NM,1679804.934325512
2026,1,p31,SolarCycle,400343,"SunE EPE1, LLC",NM,120856.72414920831
2026,1,p31,SolarCycle,402854,Syncarpha Eagle Nest,NM,1884638.7878074627
2026,1,p31,SolarCycle,403412,Syncarpha El Rito,NM,1225009.0825718867
2026,1,p31,SolarCycle,403413,Syncarpha Questa,NM,3769900.738493772
2026,1,p31,SolarCycle,403411,Syncarpha Taos,NM,912744.6191049571
2026,1,p31,SolarCycle,404618,Taos Mesa Energy Facility Hybrid,NM,190864.4299806855
2026,1,p31,FabTechSolar,403011,Vista Solar Energy Center,NM,480921.23579396936
2026,1,p31,SolarCycle,400354,WSMR I,NM,820475.1532027606
2026,1,p31,FabTechSolar,405245,Wal-Mart Truth or Consequences PV,NM,2029537.5301881242
2026,1,p47,SolarCycle,404980,Chaves County Solar II,NM,13273.799211989573
2026,1,p47,SolarCycle,401681,"Chaves Solar, LLC",NM,10098.156070196812
2026,1,p47,SolarCycle,400614,GSE NM1,NM,1453503.3280326896
2026,1,p47,SolarCycle,400546,SEV NM Phase 2,NM,971165.2927121775
2026,1,p47,SolarCycle,400261,SPS2 Jal,NM,10325.151154874542
2026,1,p47,SolarCycle,400262,SPS3 Lea,NM,44008.69568902079
2026,1,p47,SolarCycle,400264,SPS5 Hopi,NM,96595.49055472008
2026,1,p47,SolarCycle,404698,SoCore Clovis 1,NM,383551.3072955973
2026,1,p48,SolarCycle,406439,"BESSP1, LLC",TX,150179.30379843747
2026,1,p48,SolarCycle,405590,"Hecate Energy Frye Solar, LLC",TX,4087.6329771386963
2026,1,p57,OkonRecycling,404918,"Hecate Energy Upshur Rural, LLC",TX,49183.07338176254
2026,1,p59,SolarCycle,402666,Fort Bliss (DEA EPIC),TX,194281.02978912118
2026,1,p59,SolarCycle,401616,Montana Solar Facility,TX,248746.86370486335
2026,1,p59,SolarCycle,401045,Newman Solar,TX,75975.57884067253
2026,1,p60,SolarCycle,403962,"ANSON Solar Center, LLC",TX,4856.979433674582
2026,1,p60,OkonRecycling,403883,Azure Sky Solar,TX,8661.629178089459
2026,1,p60,SolarCycle,403232,"ENGIE Long Draw Solar, LLC",TX,1170.8643975620037
2026,1,p60,SolarCycle,406252,Highpeak Solar 1,TX,44765.47067432951
2026,1,p60,SolarCycle,402721,Holstein 1 Solar Farm,TX,2804.8652995975854
2026,1,p60,SolarCycle,405492,Juno Solar Project,TX,1127.4249214130755
2026,1,p60,SolarCycle,402541,Lamesa II,TX,3387.642154928411
2026,1,p60,SolarCycle,401660,Lamesa Solar,TX,1866.7102132730067
2026,1,p60,SolarCycle,405932,Lumina II Solar Project,TX,2456.061408311167
2026,1,p60,SolarCycle,405933,Lumina Solar Project,TX,2313.7721516343986
2026,1,p60,SolarCycle,402909,Misae Solar,TX,3829.6241426744336
2026,1,p60,OkonRecycling,400968,"OCI Alamo 7, LLC",TX,9127.972995223347
2026,1,p60,SolarCycle,405939,Texas Solar Nova 1,TX,2358.7121564874406
2026,1,p61,SolarCycle,400967,Alamo 6,TX,1244.1619608261458
2026,1,p61,SolarCycle,403557,Aragorn Solar Project,TX,2003.5849202735014
2026,1,p61,SolarCycle,400691,Barilla Solar,TX,2623.7027245254535
2026,1,p61,SolarCycle,401946,Bluebell Solar,TX,5124.419030006483
2026,1,p61,SolarCycle,403574,Bluebell Solar II,TX,2237.7841883767287
2026,1,p61,SolarCycle,400554,"Bryan Solar, LLC",TX,46210.62339705203
2026,1,p61,SolarCycle,401463,Buckthorn Westex,TX,856.5200235796526
2026,1,p61,SolarCycle,401703,East Pecos Solar,TX,1545.7380157301948
2026,1,p61,SolarCycle,405363,Galloway 1 Solar Farm,TX,873.7685893279345
2026,1,p61,SolarCycle,405494,Galloway 2 Solar Farm,TX,3578.2586625567333
2026,1,p61,SolarCycle,403210,Greasewood,TX,659.6971222867724
2026,1,p61,SolarCycle,406370,Hayhurst Texas Solar,TX,19570.853240445085
2026,1,p61,SolarCycle,402304,Midway Solar-TX,TX,912.5636718231455
2026,1,p61,SolarCycle,400695,"OCI Alamo 4, LLC",TX,25444.364885470935
2026,1,p61,SolarCycle,401868,Pearl Solar,TX,1759.3300128069664
2026,1,p61,SolarCycle,402290,RE Maplewood,TX,626.2257344525581
2026,1,p61,SolarCycle,401430,RE Roserock,TX,1012.950693176494
2026,1,p61,SolarCycle,402848,Rambler,TX,1016.1917607670985
2026,1,p61,SolarCycle,402083,Solaire Holman Solar Project,TX,4053.7878012727333
2026,1,p61,SolarCycle,403023,"Taygete Energy Project, LLC",TX,641.7105079599008
2026,1,p61,SolarCycle,404647,Taygete II Energy Project,TX,613.3566146334916
2026,1,p61,SolarCycle,403551,Titan Solar Project,TX,1517.419724878205
2026,1,p61,SolarCycle,406103,Zier Solar,TX,3452.143263301476
2026,1,p62,SolarCycle,403502,2W Permian Solar Project Hybrid,TX,502.73579563990444
2026,1,p62,SolarCycle,403697,CED Crane Solar,TX,1228.0847973226737
2026,1,p62,SolarCycle,401525,Castle Gap Solar Hybrid,TX,751.1481442352823
2026,1,p62,SolarCycle,404599,Emerald Grove,TX,1881.1851279793411
2026,1,p62,SolarCycle,403004,Lapetus,TX,1113.4645157829984
2026,1,p62,SolarCycle,403280,Oberon IA,TX,620.897894236638
2026,1,p62,SolarCycle,403279,Oberon IB,TX,1293.5233774668568
2026,1,p62,SolarCycle,403602,Oxy Renewable Energy-Goldsmith,TX,1553.7752488281205
2026,1,p62,SolarCycle,402679,Phoebe Solar,TX,544.4223105073115
2026,1,p62,SolarCycle,403177,Prospero Solar,TX,619.6489905578577
2026,1,p62,SolarCycle,404128,Prospero Solar II,TX,1446.8116186816765
2026,1,p62,SolarCycle,403070,"Roadrunner, LLC",TX,569.3167485717887
2026,1,p62,SolarCycle,401805,Upton County Solar,TX,945.2527476696853
2026,1,p62,SolarCycle,402995,West of the Pecos Solar,TX,1009.4345063197101
2026,1,p63,OkonRecycling,405599,"BPL Crown Solar, LLC",TX,8481.165876869458
2026,1,p63,OkonRecycling,404966,BPL Files Solar,TX,1123.2154636702226
2026,1,p63,OkonRecycling,402610,Chisum,TX,32445.106606415146
2026,1,p63,OkonRecycling,401697,CoServ Community Solar Station,TX,140694.98303104803
2026,1,p63,OkonRecycling,403188,Coniglio Solar,TX,2359.1933359119325
2026,1,p63,OkonRecycling,406415,Dileo Solar,TX,9308.652502840474
2026,1,p63,OkonRecycling,406221,Eiffel Solar Project,TX,1961.0589105718077
2026,1,p63,OkonRecycling,405540,"Ellis Solar, LLC",TX,2946.045366178783
2026,1,p63,OkonRecycling,403823,Elm Branch Solar 1,TX,1521.9827556169116
2026,1,p63,OkonRecycling,406206,Five Wells Solar Center - Hybrid,TX,2253.0513977590235
2026,1,p63,OkonRecycling,404567,G.S.E. One LLC,TX,4364.150774961395
2026,1,p63,OkonRecycling,403288,Griffin Solar,TX,73697.02661866538
2026,1,p63,OkonRecycling,406202,Grizzly Ridge Solar,TX,9066.485080986502
2026,1,p63,OkonRecycling,405319,IKEA Grand Prairie Rooftop PV System,TX,26504.783859311545
2026,1,p63,OkonRecycling,405689,"IP Radian, LLC",TX,8455.248979844764
2026,1,p63,OkonRecycling,403481,Impact Solar 1,TX,2324.650230706997
2026,1,p63,OkonRecycling,403190,Kellam Solar,TX,6334.91064276959
2026,1,p63,OkonRecycling,402421,Leon Solar,TX,33952.33545424426
2026,1,p63,OkonRecycling,403874,Lily Solar Hybrid,TX,3459.9608665517853
2026,1,p63,OkonRecycling,402404,Marlin Solar,TX,309634.6213262851
2026,1,p63,OkonRecycling,405794,Noble Solar,TX,1793.0660806760602
2026,1,p63,OkonRecycling,402405,North Gainesville Solar,TX,194919.60268732274
2026,1,p63,OkonRecycling,404872,"Pisgah Ridge Solar, LLC",TX,1432.057864061009
2026,1,p63,OkonRecycling,406416,Pitts Dudik Solar,TX,3209.995922464802
2026,1,p63,OkonRecycling,403189,Rippey Solar,TX,15680.473149364501
2026,1,p63,OkonRecycling,404630,"Samson Solar Energy III, LLC",TX,1442.2483918604346
2026,1,p63,OkonRecycling,402652,Sterling Solar (TX),TX,72570.80581530943
2026,1,p63,OkonRecycling,404812,Sun Valley Solar Project,TX,2467.4725640167508
2026,1,p63,OkonRecycling,403457,"TPE Whitney Solar, LLC",TX,35042.22208995693
2026,1,p63,OkonRecycling,405361,Toyota HQ Plan,TX,4756.788458643169
2026,1,p63,OkonRecycling,405907,Verizon Hidden Ridge Solar Project,TX,6922.759841356391
2026,1,p63,OkonRecycling,405984,Waco Solar,TX,1379.7156304809434
2026,1,p63,OkonRecycling,402306,Walnut Springs Solar,TX,39442.250552156656
2026,1,p63,OkonRecycling,402497,West Moore Solar II,TX,187599.58759491946
2026,1,p63,OkonRecycling,402330,Whitesboro Solar,TX,92516.22161887247
2026,1,p63,OkonRecycling,402331,Whitesboro Solar II,TX,46860.867270507086
2026,1,p63,OkonRecycling,402414,Whitewright Solar,TX,11468.62112957342
2026,1,p63,OkonRecycling,402654,Yellow Jacket,TX,60967.8888647493
2026,1,p64,OkonRecycling,405731,Austin TX GigaFactory,TX,870275.4476303252
2026,1,p64,OkonRecycling,404721,"Blue Jay Solar I, LLC",TX,2538.411949876807
2026,1,p64,OkonRecycling,402389,"E-Volve Energy Holdings, LLC",TX,601361.7004676681
2026,1,p64,OkonRecycling,400227,East Blackland Solar Project 1,TX,5627.958519629411
2026,1,p64,OkonRecycling,405101,IKEA Round Rock 027,TX,521939.87065657176
2026,1,p64,SolarCycle,402653,Lampwick,TX,108594.00986839678
2026,1,p64,OkonRecycling,405613,Niagara Bottling - Seguin,TX,425329.15093445376
2026,1,p65,OkonRecycling,405700,Aktina Solar,TX,44665.90392002837
2026,1,p65,OkonRecycling,405477,Brightside,TX,150831.70126751732
2026,1,p65,OkonRecycling,401728,CPS 1 Community Solar,TX,43599101.695536196
2026,1,p65,OkonRecycling,402656,Cascade Solar (TX),TX,2184784.708424057
2026,1,p65,OkonRecycling,404359,FELPS 1-Calaveras,TX,45269181.38466766
2026,1,p65,OkonRecycling,404361,FELPS 2-Calaveras,TX,22634270.36516301
2026,1,p65,OkonRecycling,404739,FELPS 6- Floresville West,TX,15359552.570761196
2026,1,p65,OkonRecycling,404740,FELPS 7- Floresville West,TX,15354592.188557634
2026,1,p65,OkonRecycling,406516,Ganado Solar,TX,147131.26284176897
2026,1,p65,SolarCycle,405801,Horizon Solar,TX,61115.22061580299
2026,1,p65,OkonRecycling,405380,IKEA Live Oak Rooftop PV System,TX,4904492.736433591
2026,1,p65,SolarCycle,403343,Mars Solar,TX,3236069.5179323754
2026,1,p65,OkonRecycling,404877,Nebula Solar,TX,200358.06750082708
2026,1,p65,OkonRecycling,400694,"OCI Alamo 2, LLC",TX,4858545.440539652
2026,1,p65,SolarCycle,400966,"OCI Alamo 5, LLC",TX,220922.9807028668
2026,1,p65,OkonRecycling,400593,OCI Alamo Solar I Hybrid,TX,223462.38888269136
2026,1,p65,SolarCycle,405809,Shakes Solar,TX,80017.86330607918
2026,1,p65,OkonRecycling,405545,Sparta Solar,TX,208559.88517897984
2026,1,p65,OkonRecycling,400379,"SunE CPS1, LLC",TX,4609152.770742108
2026,1,p65,OkonRecycling,400364,"SunE CPS2, LLC",TX,4621737.459499239
2026,1,p65,OkonRecycling,400353,"SunE CPS3, LLC",TX,1472551.0438597586
2026,1,p65,OkonRecycling,406032,Tres Bahias,TX,83955.72089840777
2026,1,p66,OkonRecycling,406386,Umbriel Solar,TX,69023.18799717771
2026,1,p67,OkonRecycling,404939,Brazoria County Solar Project (Danciger),TX,8968.935926307213
2026,1,p67,OkonRecycling,404681,Brazoria West,TX,26506.76888118994
2026,1,p67,OkonRecycling,402649,Bronson,TX,468638.17117512977
2026,1,p67,OkonRecycling,406178,"Cutlass Solar 1, LLC",TX,44758.44016202611
2026,1,p67,OkonRecycling,404587,Fighting Jays Solar Project,TX,11405.513190966827
2026,1,p67,OkonRecycling,404853,"Longbow Solar, LLC",TX,92534.47232794078
2026,1,p67,OkonRecycling,403514,Wagyu,TX,43564.48378305906
2026,2,p12,ComstockMetals,405025,Brady,NV,1491.8807821266498
2026,2,p12,ComstockMetals,405553,Dodge Flat,NV,471.5284426660524
2026,2,p12,ComstockMetals,402609,"EGP Stillwater Solar PV II, LLC",NV,6132.865797637607
2026,2,p12,ComstockMetals,401086,Ft. Churchill PV,NV,900.661143814293
2026,2,p12,ComstockMetals,405028,Galena 2 Geothermal Power Plant,NV,3371.674376019778
2026,2,p12,ComstockMetals,402130,Luning Energy,NV,5484.631406540829
2026,2,p12,ComstockMetals,400468,"Patua Acquisition Project, LLC",NV,1133.2800395396398
2026,2,p12,ComstockMetals,405021,Steamboat Hills LP,NV,45226.09031464467
2026,2,p12,ComstockMetals,405023,Steamboat II,NV,4302.931629686117
2026,2,p12,ComstockMetals,405024,Steamboat III,NV,1972.7266626688584
2026,2,p12,ComstockMetals,400029,Stillwater Facility,NV,1724.1024155491114
2026,2,p12,ComstockMetals,401318,Sunshine Valley Solar,NV,4276.187276462599
2026,2,p12,ComstockMetals,405576,Tesla Reno GigaFactory,NV,1070.4705611008135
2026,2,p12,ComstockMetals,403308,Turquoise Liberty Solar,NV,2422.2697300703203
2026,2,p12,ComstockMetals,403884,"Turquoise Nevada, LLC",NV,968.968375612393
2026,2,p12,ComstockMetals,400035,Western 102 Power Plant,NV,6712.462990793709
2026,2,p13,WeRecycleSolar,400555,Apex Solar PV Power Project,NV,57347.23900711891
2026,2,p13,WeRecycleSolar,405385,Arrow Canyon Solar Hybrid,NV,4243.2132666019525
2026,2,p13,WeRecycleSolar,401649,"Boulder Solar Power, LLC",NV,10578.7669857448
2026,2,p13,WeRecycleSolar,400086,CM48,NV,42450.117222840745
2026,2,p13,WeRecycleSolar,400363,Copper Mountain Solar 2,NV,13477.857235208623
2026,2,p13,WeRecycleSolar,403688,"Copper Mountain Solar 5, LLC",NV,8442.617180899673
2026,2,p13,WeRecycleSolar,405358,Dignity - San Martin,NV,437993.6154436218
2026,2,p13,WeRecycleSolar,405355,Dignity - Siena Campus,NV,385142.4557887384
2026,2,p13,WeRecycleSolar,405556,Dry Lake Solar Energy Center,NV,15541.887202624408
2026,2,p13,WeRecycleSolar,405495,Gemini Solar,NV,1212.8807066037057
2026,2,p13,WeRecycleSolar,406090,IGS LAS1,NV,2151454.0997279556
2026,2,p13,WeRecycleSolar,406089,IGS VGT,NV,1124435.612329174
2026,2,p13,WeRecycleSolar,405309,IKEA Las Vegas 462,NV,1120309.5794242593
2026,2,p13,WeRecycleSolar,400545,Las Vegas WPCF Solar Plant,NV,331303.97340120916
2026,2,p13,WeRecycleSolar,400313,Moapa Southern Paiute,NV,9524.059907785586
2026,2,p13,WeRecycleSolar,400600,Mountain View Solar,NV,38255.88702519326
2026,2,p13,WeRecycleSolar,400036,Nellis Air Force Base Solar Array,NV,187482.24287107485
2026,2,p13,WeRecycleSolar,401274,River Mountains Solar,NV,146435.66740741616
2026,2,p13,WeRecycleSolar,401042,Searchlight Solar,NV,36186.106094855684
2026,2,p13,WeRecycleSolar,400166,Silver State Solar Power North,NV,40597.25724283244
2026,2,p13,WeRecycleSolar,400658,Silver State Solar Power South,NV,8727.43791699446
2026,2,p13,WeRecycleSolar,405246,"Solar Las Vegas MB 2, LLC",NV,737272.1580919999
2026,2,p13,WeRecycleSolar,405188,Solar Las Vegas MB-1,NV,150877.5982042317
2026,2,p13,WeRecycleSolar,402691,"Techren Solar III, LLC",NV,27561.42148293899
2026,2,p13,WeRecycleSolar,404971,Yellow Pine Solar,NV,26208.409555968457
2026,2,p27,WeRecycleSolar,400374,"Black Mountain Solar, LLC",AZ,17195.246916137665
2026,2,p27,WeRecycleSolar,402236,Gray Hawk Solar,AZ,3821.288882142709
2026,2,p27,WeRecycleSolar,401819,Jacobson 5 MW Solar,AZ,24428.101323415434
2026,2,p27,WeRecycleSolar,401311,Mohave Electric at Fort Mohave,AZ,38088.80879150379
2026,2,p28,WeRecycleSolar,400148,Agua Caliente Solar Project,AZ,1639.7302063146167
2026,2,p28,WeRecycleSolar,400274,Arizona Western College PV,AZ,53850.46030882197
2026,2,p28,WeRecycleSolar,400240,Arlington Valley Solar Energy II,AZ,3232.7494855226855
2026,2,p28,FabTechSolar,401688,Bonnybrooke PV,AZ,5236.989997193447
2026,2,p28,WeRecycleSolar,400371,Buckeye Union HS District 201,AZ,24246.295694455148
2026,2,p28,FabTechSolar,406171,Eleven Mile Solar Center,AZ,1234.0434809005276
2026,2,p28,WeRecycleSolar,400349,Foothills Solar Plant Hybrid,AZ,16444.904783827475
2026,2,p28,FabTechSolar,400825,Fort Huachuca Solar PV Project,AZ,17221.391597757192
2026,2,p28,WeRecycleSolar,400845,Gila Bend Hybrid,AZ,6212.536047043129
2026,2,p28,FabTechSolar,405282,Intel - Ocotillo Campus Solar,AZ,4649.804639711753
2026,2,p28,WeRecycleSolar,405125,Jewish Community Center PV,AZ,51117.12134959052
2026,2,p28,WeRecycleSolar,402234,Kayenta Solar Project,AZ,19011.59638455044
2026,2,p28,WeRecycleSolar,400128,Luke Solar,AZ,13866.742283828082
2026,2,p28,FabTechSolar,404512,Mesa Solar Array,AZ,4886.013286661835
2026,2,p28,WeRecycleSolar,400250,Mesquite Solar 1,AZ,2761.120001456033
2026,2,p28,WeRecycleSolar,401622,"Mesquite Solar 3, LLC",AZ,1300.0472179204462
2026,2,p28,WeRecycleSolar,403572,OE_AZ1,AZ,23838.697711608886
2026,2,p28,WeRecycleSolar,405126,Paradise Valley H.S. PV,AZ,44254.18085316917
2026,2,p28,WeRecycleSolar,405150,Phoenix Airport East Economy Lot,AZ,13568.520503312882
2026,2,p28,WeRecycleSolar,405151,Phoenix Airport Rental Car Center,AZ,2213.5593751533875
2026,2,p28,FabTechSolar,400125,"Poseidon Solar, LLC",AZ,4277.3061577876015
2026,2,p28,WeRecycleSolar,400401,Prescott Solar Plant,AZ,23311.443716459482
2026,2,p28,WeRecycleSolar,400289,"RE Bagdad Solar I, LLC",AZ,27752.307124888022
2026,2,p28,FabTechSolar,400758,Red Horse 2,AZ,17815.82289833278
2026,2,p28,FabTechSolar,401726,Red Rock,AZ,12181.255524672162
2026,2,p28,WeRecycleSolar,400416,Saddle Mountain Solar I,AZ,7364.83437987802
2026,2,p28,FabTechSolar,403674,Saint Solar,AZ,1764.195759262207
2026,2,p28,FabTechSolar,401214,Sandstone Solar,AZ,4931.670239594094
2026,2,p28,WeRecycleSolar,405029,Solana Generating Station,AZ,1319.68538212136
2026,2,p28,WeRecycleSolar,406275,Sonoran Solar Energy,AZ,904.4469408453032
2026,2,p28,WeRecycleSolar,403643,Sun Streams 2,AZ,1587.1580552117107
2026,2,p28,WeRecycleSolar,401975,"Sun Streams, LLC",AZ,972.0405339375646
2026,2,p28,WeRecycleSolar,405311,T0588 Phoenix - AZ,AZ,28018.050117541763
2026,2,p28,FabTechSolar,405134,Union HS at Casa Grande,AZ,122040.50851954751
2026,2,p28,FabTechSolar,405135,Vista Grande HS at Casa Grande,AZ,158564.85743269342
2026,2,p28,FabTechSolar,400334,Walmart Casa Grande,AZ,58423.599809857864
2026,2,p29,FabTechSolar,400014,Springerville,AZ,19236.798724341188
2026,2,p30,FabTechSolar,405143,Actus Lend Lease DMAFB,AZ,67476.48748415471
2026,2,p30,FabTechSolar,405611,Amazon TUS2,AZ,163905.2762059222
2026,2,p30,FabTechSolar,400939,Avalon Solar,AZ,15382.035248752085
2026,2,p30,FabTechSolar,401479,Avalon Solar II,AZ,27354.555131756275
2026,2,p30,FabTechSolar,400226,Avra Valley Solar,AZ,4227.037212351511
2026,2,p30,FabTechSolar,404704,Broadway 2 - Tucson Phase II,AZ,57525.250214857275
2026,2,p30,FabTechSolar,400761,"Gato Montes Solar, LLC",AZ,17760.365325119797
2026,2,p30,FabTechSolar,404536,Iron Horse Battery Storage Hybrid,AZ,109096.38994317701
2026,2,p30,FabTechSolar,405374,Pima Community College,AZ,191059.08413363542
2026,2,p30,FabTechSolar,405303,Pima Community College - East Campus,AZ,154118.34648242814
2026,2,p30,FabTechSolar,405516,Pima Community College NW,AZ,264905.90061999764
2026,2,p30,FabTechSolar,404926,Raptor Ridge,AZ,33633.45063891808
2026,2,p30,FabTechSolar,400857,Rio Rico Solar,AZ,32514.865710707694
2026,2,p30,FabTechSolar,400156,UASTP I,AZ,91331.57392212101
2026,2,p30,FabTechSolar,401075,Valencia Solar,AZ,23454.248623675754
2026,2,p30,FabTechSolar,404187,"Wilmot Energy Center, LLC",AZ,2099.981554219745
2026,2,p31,SolarCycle,400211,Alamogordo Solar Energy Center,NM,611697.9583857763
2026,2,p31,FabTechSolar,400206,Albuquerque Solar Energy Center,NM,1083567.7684503084
2026,2,p31,SolarCycle,403675,Alcalde Solar Array,NM,2017042.9706293414
2026,2,p31,FabTechSolar,403321,Bluewater CDEC 1,NM,478916.590704981
2026,2,p31,SolarCycle,404981,Buena Vista Energy Center,NM,13411.817064456523
2026,2,p31,SolarCycle,402876,CNMEC Solar Energy Center,NM,985919.7200473648
2026,2,p31,SolarCycle,402519,Carrizozo Solar,NM,344962.12166240165
2026,2,p31,FabTechSolar,401202,Cibola,NM,258221.28015634837
2026,2,p31,FabTechSolar,403604,City of Rio Rancho WWTP,NM,3492285.3724820297
2026,2,p31,FabTechSolar,400209,Deming Solar Energy Center,NM,122580.29546311658
2026,2,p31,FabTechSolar,403868,Encino Solar Energy Center,NM,77224.13344273518
2026,2,p31,FabTechSolar,401038,Eubank Landfill Solar Array,NM,2171240.5451953034
2026,2,p31,FabTechSolar,403322,Grants CDEC 2,NM,258632.07588864214
2026,2,p31,FabTechSolar,400216,"Hatch Solar Energy Center I, LLC",NM,356703.79971827165
2026,2,p31,SolarCycle,401617,Holloman Solar Facility,NM,306927.7766416711
2026,2,p31,FabTechSolar,406109,"Jicarilla Solar 1, LLC",NM,44233.681760932064
2026,2,p31,SolarCycle,400427,Kit Carson,NM,1357116.360969916
2026,2,p31,SolarCycle,400210,Las Vegas Solar Energy Center,NM,414702.9536521254
2026,2,p31,SolarCycle,400434,Los Alamos PV Site,NM,2405094.2894055736
2026,2,p31,FabTechSolar,400207,Los Lunas Solar Energy Center,NM,293277.7730247765
2026,2,p31,FabTechSolar,400582,Manzano Solar,NM,520439.4451628814
2026,2,p31,SolarCycle,401201,Meadow Lake Solar Energy Center,NM,232520.5747147518
2026,2,p31,SolarCycle,405693,NMSU Solar and Storage,NM,1150554.6283007516
2026,2,p31,SolarCycle,400581,Otero Solar,NM,401380.1911561856
2026,2,p31,FabTechSolar,403178,"RC Energy AA, LLC Solar Facility",NM,1455111.1289991704
2026,2,p31,FabTechSolar,401566,Rio Communities Solar Energy Center,NM,136964.28102727138
2026,2,p31,FabTechSolar,403084,Rio De Oro Solar Energy Center,NM,412544.6916707468
2026,2,p31,FabTechSolar,400624,Rio Rancho High School,NM,2161257.278429269
2026,2,p31,FabTechSolar,404648,"Route 66 Energy Center, LLC",NM,36818.351837036076
2026,2,p31,SolarCycle,403387,San Miguel I Solar Energy Center,NM,206469.51993336694
2026,2,p31,FabTechSolar,401161,Sandoval Solar Energy Center,NM,693462.9626705039
2026,2,p31,SolarCycle,401564,Santa Fe Solar Energy Center,NM,157504.87913879377
2026,2,p31,FabTechSolar,401565,Santolina Solar Energy Center,NM,195395.3255126917
2026,2,p31,FabTechSolar,400596,Silver City WWTP PV Project,NM,2792129.5805694573
2026,2,p31,FabTechSolar,406343,Sky Ranch Solar,NM,21769.41097879817
2026,2,p31,FabTechSolar,401563,South Valley Solar Energy Center,NM,418249.37370832654
2026,2,p31,SolarCycle,401162,Springer Solar 1,NM,5055578.274824547
2026,2,p31,SolarCycle,400735,Storrie Lake Solar Project,NM,921335.8334652664
2026,2,p31,FabTechSolar,400623,Sue Cleveland High School,NM,4358435.265146002
2026,2,p31,SolarCycle,402854,Syncarpha Eagle Nest,NM,2445188.304888135
2026,2,p31,SolarCycle,403412,Syncarpha El Rito,NM,1589322.7960407871
2026,2,p31,SolarCycle,403413,Syncarpha Questa,NM,3261002.7715698937
2026,2,p31,SolarCycle,403411,Syncarpha Taos,NM,526516.2507636095
2026,2,p31,SolarCycle,404618,Taos Mesa Energy Facility Hybrid,NM,110233.97030781243
2026,2,p31,SolarCycle,400354,WSMR I,NM,355080.8321487405
2026,2,p31,FabTechSolar,405245,Wal-Mart Truth or Consequences PV,NM,501884.4832491462
2026,2,p47,SolarCycle,404980,Chaves County Solar II,NM,9259.706962040174
2026,2,p47,SolarCycle,401681,"Chaves Solar, LLC",NM,6502.161944925239
2026,2,p47,SolarCycle,400614,GSE NM1,NM,571840.5763183234
2026,2,p47,SolarCycle,400546,SEV NM Phase 2,NM,509411.4539785782
2026,2,p47,SolarCycle,400261,SPS2 Jal,NM,12109.354702944544
2026,2,p47,SolarCycle,400262,SPS3 Lea,NM,34698.70087870837
2026,2,p47,SolarCycle,400264,SPS5 Hopi,NM,50839.18121201123
2026,2,p47,SolarCycle,404698,SoCore Clovis 1,NM,402203.41321318544
2026,2,p48,SolarCycle,406439,"BESSP1, LLC",TX,174511.1719046849
2026,2,p48,SolarCycle,405590,"Hecate Energy Frye Solar, LLC",TX,4258.024938219875
2026,2,p57,OkonRecycling,404918,"Hecate Energy Upshur Rural, LLC",TX,89182.08371283529
2026,2,p59,SolarCycle,402666,Fort Bliss (DEA EPIC),TX,388720.1073870964
2026,2,p59,SolarCycle,401616,Montana Solar Facility,TX,124752.13605995136
2026,2,p59,SolarCycle,401045,Newman Solar,TX,76084.34344291544
2026,2,p60,SolarCycle,403962,"ANSON Solar Center, LLC",TX,5175.54817609188
2026,2,p60,OkonRecycling,403883,Azure Sky Solar,TX,4826.07025005326
2026,2,p60,SolarCycle,403232,"ENGIE Long Draw Solar, LLC",TX,812.9814959406629
2026,2,p60,SolarCycle,402721,Holstein 1 Solar Farm,TX,2332.5672688439026
2026,2,p60,SolarCycle,405492,Juno Solar Project,TX,711.7674477428724
2026,2,p60,SolarCycle,402541,Lamesa II,TX,2000.5939960127394
2026,2,p60,SolarCycle,401660,Lamesa Solar,TX,1185.7726727354975
2026,2,p60,SolarCycle,405932,Lumina II Solar Project,TX,1501.5106143644584
2026,2,p60,SolarCycle,405933,Lumina Solar Project,TX,1425.2808257472843
2026,2,p60,SolarCycle,402909,Misae Solar,TX,2237.380625484103
2026,2,p60,OkonRecycling,400968,"OCI Alamo 7, LLC",TX,9751.81688373958
2026,2,p60,SolarCycle,405939,Texas Solar Nova 1,TX,1449.3569025391146
2026,2,p61,SolarCycle,400967,Alamo 6,TX,1025.8303681850323
2026,2,p61,SolarCycle,403557,Aragorn Solar Project,TX,1588.8383836776738
2026,2,p61,SolarCycle,400691,Barilla Solar,TX,2048.5707238713576
2026,2,p61,SolarCycle,401946,Bluebell Solar,TX,3902.509042359298
2026,2,p61,SolarCycle,403574,Bluebell Solar II,TX,1762.4650347083214
2026,2,p61,SolarCycle,401463,Buckthorn Westex,TX,851.2626844909981
2026,2,p61,SolarCycle,401703,East Pecos Solar,TX,1249.4076699763652
2026,2,p61,SolarCycle,405363,Galloway 1 Solar Farm,TX,701.058108805262
2026,2,p61,SolarCycle,405494,Galloway 2 Solar Farm,TX,2756.243092295403
2026,2,p61,SolarCycle,403210,Greasewood,TX,592.5298144188662
2026,2,p61,SolarCycle,406370,Hayhurst Texas Solar,TX,5137.519851501531
2026,2,p61,SolarCycle,402304,Midway Solar-TX,TX,684.9967716574963
2026,2,p61,SolarCycle,400695,"OCI Alamo 4, LLC",TX,9683.481621166366
2026,2,p61,SolarCycle,401868,Pearl Solar,TX,1407.7568545820216
2026,2,p61,SolarCycle,402290,RE Maplewood,TX,567.7153689166666
2026,2,p61,SolarCycle,401430,RE Roserock,TX,763.535127893704
2026,2,p61,SolarCycle,402848,Rambler,TX,856.8217171691261
2026,2,p61,SolarCycle,402083,Solaire Holman Solar Project,TX,3108.782758586569
2026,2,p61,SolarCycle,403023,"Taygete Energy Project, LLC",TX,623.9940070900234
2026,2,p61,SolarCycle,404647,Taygete II Energy Project,TX,558.1746807924333
2026,2,p61,SolarCycle,403551,Titan Solar Project,TX,1228.4135394508348
2026,2,p61,SolarCycle,406103,Zier Solar,TX,2662.7458128486037
2026,2,p62,SolarCycle,403502,2W Permian Solar Project Hybrid,TX,459.53244664590017
2026,2,p62,SolarCycle,403697,CED Crane Solar,TX,879.8513868300141
2026,2,p62,SolarCycle,401525,Castle Gap Solar Hybrid,TX,562.7842216535015
2026,2,p62,SolarCycle,404599,Emerald Grove,TX,972.2028630488406
2026,2,p62,SolarCycle,403004,Lapetus,TX,813.4322215060215
2026,2,p62,SolarCycle,403280,Oberon IA,TX,528.003993359121
2026,2,p62,SolarCycle,403279,Oberon IB,TX,917.7711669490275
2026,2,p62,SolarCycle,403602,Oxy Renewable Energy-Goldsmith,TX,1068.5796612017566
2026,2,p62,SolarCycle,402679,Phoebe Solar,TX,483.68858625371456
2026,2,p62,SolarCycle,403177,Prospero Solar,TX,527.2802895014756
2026,2,p62,SolarCycle,404128,Prospero Solar II,TX,703.298652866369
2026,2,p62,SolarCycle,403070,"Roadrunner, LLC",TX,478.4913592215728
2026,2,p62,SolarCycle,401805,Upton County Solar,TX,636.9687452191771
2026,2,p62,SolarCycle,402995,West of the Pecos Solar,TX,753.149815073378
2026,2,p63,OkonRecycling,405599,"BPL Crown Solar, LLC",TX,4843.830755571101
2026,2,p63,OkonRecycling,404966,BPL Files Solar,TX,797.6959722558439
2026,2,p63,OkonRecycling,402610,Chisum,TX,22426.99345504392
2026,2,p63,OkonRecycling,401697,CoServ Community Solar Station,TX,154696.34039072896
2026,2,p63,OkonRecycling,403188,Coniglio Solar,TX,1477.3598432319402
2026,2,p63,OkonRecycling,406415,Dileo Solar,TX,10197.73081904713
2026,2,p63,OkonRecycling,406221,Eiffel Solar Project,TX,1258.4258390133002
2026,2,p63,OkonRecycling,405540,"Ellis Solar, LLC",TX,1333.379735522975
2026,2,p63,OkonRecycling,403823,Elm Branch Solar 1,TX,1016.9779896366042
2026,2,p63,OkonRecycling,406206,Five Wells Solar Center - Hybrid,TX,1418.992422440605
2026,2,p63,OkonRecycling,404567,G.S.E. One LLC,TX,2034.9140150602886
2026,2,p63,OkonRecycling,403288,Griffin Solar,TX,161624.05412428852
2026,2,p63,OkonRecycling,406202,Grizzly Ridge Solar,TX,5165.697614971507
2026,2,p63,OkonRecycling,405319,IKEA Grand Prairie Rooftop PV System,TX,12960.636392749457
2026,2,p63,OkonRecycling,405689,"IP Radian, LLC",TX,2614.7895307331496
2026,2,p63,OkonRecycling,403481,Impact Solar 1,TX,1458.364599768124
2026,2,p63,OkonRecycling,403190,Kellam Solar,TX,3663.6056291573855
2026,2,p63,OkonRecycling,402421,Leon Solar,TX,18850.419467267402
2026,2,p63,OkonRecycling,403874,Lily Solar Hybrid,TX,2082.6715868496053
2026,2,p63,OkonRecycling,405794,Noble Solar,TX,1166.0466309162448
2026,2,p63,OkonRecycling,402405,North Gainesville Solar,TX,107366.27270794963
2026,2,p63,OkonRecycling,401933,Phantom Solar,TX,37263.68092537828
2026,2,p63,OkonRecycling,404872,"Pisgah Ridge Solar, LLC",TX,1156.704424043659
2026,2,p63,OkonRecycling,406416,Pitts Dudik Solar,TX,2202.75192661538
2026,2,p63,OkonRecycling,403189,Rippey Solar,TX,8802.727722145142
2026,2,p63,OkonRecycling,404630,"Samson Solar Energy III, LLC",TX,1087.758503552183
2026,2,p63,OkonRecycling,402652,Sterling Solar (TX),TX,20243.352520110777
2026,2,p63,OkonRecycling,404812,Sun Valley Solar Project,TX,1536.9025591436318
2026,2,p63,OkonRecycling,403457,"TPE Whitney Solar, LLC",TX,57549.243429827184
2026,2,p63,OkonRecycling,405361,Toyota HQ Plan,TX,2795.7967009997647
2026,2,p63,OkonRecycling,405907,Verizon Hidden Ridge Solar Project,TX,3986.863731777824
2026,2,p63,OkonRecycling,405984,Waco Solar,TX,938.7453390737121
2026,2,p63,OkonRecycling,402306,Walnut Springs Solar,TX,64807.96652880875
2026,2,p63,OkonRecycling,402497,West Moore Solar II,TX,26135.24963661525
2026,2,p63,OkonRecycling,402330,Whitesboro Solar,TX,101709.3667310107
2026,2,p63,OkonRecycling,402331,Whitesboro Solar II,TX,102595.26937227909
2026,2,p63,OkonRecycling,402414,Whitewright Solar,TX,7356.150316047069
2026,2,p63,OkonRecycling,402654,Yellow Jacket,TX,67012.52879552371
2026,2,p64,OkonRecycling,405731,Austin TX GigaFactory,TX,145106.73152431115
2026,2,p64,OkonRecycling,404721,"Blue Jay Solar I, LLC",TX,1200.3971841197326
2026,2,p64,OkonRecycling,402389,"E-Volve Energy Holdings, LLC",TX,200344.03493711547
2026,2,p64,OkonRecycling,400227,East Blackland Solar Project 1,TX,3009.0659024155498
2026,2,p64,OkonRecycling,405101,IKEA Round Rock 027,TX,130539.8899944538
2026,2,p64,SolarCycle,402653,Lampwick,TX,108390.64335853064
2026,2,p64,OkonRecycling,405613,Niagara Bottling - Seguin,TX,212465.2171364327
2026,2,p65,OkonRecycling,405700,Aktina Solar,TX,17839.12726704874
2026,2,p65,OkonRecycling,405477,Brightside,TX,89296.78119334369
2026,2,p65,OkonRecycling,402656,Cascade Solar (TX),TX,860966.7016135766
2026,2,p65,OkonRecycling,404359,FELPS 1-Calaveras,TX,26751735.787166744
2026,2,p65,OkonRecycling,404361,FELPS 2-Calaveras,TX,8917306.939414594
2026,2,p65,OkonRecycling,404739,FELPS 6- Floresville West,TX,9076806.19559334
2026,2,p65,OkonRecycling,404740,FELPS 7- Floresville West,TX,13610612.327780336
2026,2,p65,OkonRecycling,406516,Ganado Solar,TX,58206.68505889507
2026,2,p65,SolarCycle,405801,Horizon Solar,TX,29103.458841246713
2026,2,p65,OkonRecycling,405380,IKEA Live Oak Rooftop PV System,TX,7245516.143560153
2026,2,p65,SolarCycle,403343,Mars Solar,TX,956450.495759821
2026,2,p65,OkonRecycling,404877,Nebula Solar,TX,71298.46790811972
2026,2,p65,OkonRecycling,400694,"OCI Alamo 2, LLC",TX,1148757.6628973437
2026,2,p65,OkonRecycling,400965,"OCI Alamo 3, LLC",TX,4567846.030830431
2026,2,p65,SolarCycle,400966,"OCI Alamo 5, LLC",TX,52526.73392235246
2026,2,p65,OkonRecycling,400593,OCI Alamo Solar I Hybrid,TX,659487.4200679851
2026,2,p65,SolarCycle,405809,Shakes Solar,TX,28629.8413715954
2026,2,p65,OkonRecycling,400379,"SunE CPS1, LLC",TX,908238.9798222336
2026,2,p65,OkonRecycling,400364,"SunE CPS2, LLC",TX,2731353.791628862
2026,2,p65,OkonRecycling,400353,"SunE CPS3, LLC",TX,652869.6330304622
2026,2,p65,OkonRecycling,406032,Tres Bahias,TX,49776.79076665304
2026,2,p66,OkonRecycling,406386,Umbriel Solar,TX,50179.97884674353
2026,2,p67,OkonRecycling,404939,Brazoria County Solar Project (Danciger),TX,4431.490926325586
2026,2,p67,OkonRecycling,404681,Brazoria West,TX,4494.215149750944
2026,2,p67,OkonRecycling,402649,Bronson,TX,98309.10665563826
2026,2,p67,OkonRecycling,406178,"Cutlass Solar 1, LLC",TX,28226.19305471252
2026,2,p67,OkonRecycling,404587,Fighting Jays Solar Project,TX,5002.529358553235
2026,2,p67,OkonRecycling,405564,"Fort Bend Solar, LLC",TX,12608.877521026427
2026,2,p67,OkonRecycling,403514,Wagyu,TX,27477.220354620047
2026,3,p12,ComstockMetals,402144,Battle Mountain Solar Project,NV,4917.697817363525
2026,3,p12,ComstockMetals,405025,Brady,NV,1491.8807821266498
2026,3,p12,ComstockMetals,405553,Dodge Flat,NV,471.5284426660524
2026,3,p12,ComstockMetals,402609,"EGP Stillwater Solar PV II, LLC",NV,3266.432898818804
2026,3,p12,ComstockMetals,401086,Ft. Churchill PV,NV,1568.2093355666839
2026,3,p12,ComstockMetals,405028,Galena 2 Geothermal Power Plant,NV,3371.674376019778
2026,3,p12,ComstockMetals,400468,"Patua Acquisition Project, LLC",NV,4799.680237237839
2026,3,p12,ComstockMetals,405021,Steamboat Hills LP,NV,7871.015052440779
2026,3,p12,ComstockMetals,405023,Steamboat II,NV,2351.4658148430585
2026,3,p12,ComstockMetals,405024,Steamboat III,NV,1972.7266626688584
2026,3,p12,ComstockMetals,400029,Stillwater Facility,NV,1724.1024155491114
2026,3,p12,ComstockMetals,401318,Sunshine Valley Solar,NV,2984.124850975066
2026,3,p12,ComstockMetals,405026,TS Power Plant,NV,5758.199055977236
2026,3,p12,ComstockMetals,405576,Tesla Reno GigaFactory,NV,1144.967290112015
2026,3,p12,ComstockMetals,401943,Tungsten Mountain,NV,36505.28410850995
2026,3,p12,ComstockMetals,403308,Turquoise Liberty Solar,NV,3433.40459510548
2026,3,p12,ComstockMetals,403884,"Turquoise Nevada, LLC",NV,968.968375612393
2026,3,p12,ComstockMetals,400035,Western 102 Power Plant,NV,6081.216691714337
2026,3,p13,WeRecycleSolar,400555,Apex Solar PV Power Project,NV,28873.619503559446
2026,3,p13,WeRecycleSolar,405385,Arrow Canyon Solar Hybrid,NV,4243.2132666019525
2026,3,p13,WeRecycleSolar,401649,"Boulder Solar Power, LLC",NV,10578.7669857448
2026,3,p13,WeRecycleSolar,400086,CM48,NV,21425.058611420376
2026,3,p13,WeRecycleSolar,400363,Copper Mountain Solar 2,NV,6938.928617604311
2026,3,p13,WeRecycleSolar,403688,"Copper Mountain Solar 5, LLC",NV,8442.617180899673
2026,3,p13,WeRecycleSolar,405355,Dignity - Siena Campus,NV,769884.9115774768
2026,3,p13,WeRecycleSolar,405556,Dry Lake Solar Energy Center,NV,15541.887202624408
2026,3,p13,WeRecycleSolar,405495,Gemini Solar,NV,1483.8409421382742
2026,3,p13,WeRecycleSolar,406090,IGS LAS1,NV,1075927.0498639778
2026,3,p13,WeRecycleSolar,406089,IGS VGT,NV,1124435.612329174
2026,3,p13,WeRecycleSolar,405309,IKEA Las Vegas 462,NV,2240219.158848518
2026,3,p13,WeRecycleSolar,400545,Las Vegas WPCF Solar Plant,NV,331303.97340120916
2026,3,p13,WeRecycleSolar,400313,Moapa Southern Paiute,NV,9524.059907785586
2026,3,p13,WeRecycleSolar,400600,Mountain View Solar,NV,113967.66107557979
2026,3,p13,WeRecycleSolar,401274,River Mountains Solar,NV,73417.8337037081
2026,3,p13,WeRecycleSolar,401042,Searchlight Solar,NV,54079.15914228351
2026,3,p13,WeRecycleSolar,400166,Silver State Solar Power North,NV,20498.628621416225
2026,3,p13,WeRecycleSolar,400658,Silver State Solar Power South,NV,3175.8126389981535
2026,3,p13,WeRecycleSolar,405246,"Solar Las Vegas MB 2, LLC",NV,737272.1580919999
2026,3,p13,WeRecycleSolar,405188,Solar Las Vegas MB-1,NV,226116.3973063475
2026,3,p13,WeRecycleSolar,402691,"Techren Solar III, LLC",NV,81884.26444881696
2026,3,p13,WeRecycleSolar,404971,Yellow Pine Solar,NV,26208.409555968457
2026,3,p27,WeRecycleSolar,400374,"Black Mountain Solar, LLC",AZ,11596.83127742511
2026,3,p27,WeRecycleSolar,402236,Gray Hawk Solar,AZ,2680.859254761807
2026,3,p27,WeRecycleSolar,401819,Jacobson 5 MW Solar,AZ,72484.3039702463
2026,3,p27,WeRecycleSolar,406478,Mohave Energy - Hybrid,AZ,19246.896908901686
2026,3,p28,WeRecycleSolar,405418,AZ State University - Tempe Campus Solar,AZ,10006.390083858521
2026,3,p28,WeRecycleSolar,400148,Agua Caliente Solar Project,AZ,1639.7302063146167
2026,3,p28,WeRecycleSolar,400274,Arizona Western College PV,AZ,71667.28041176264
2026,3,p28,WeRecycleSolar,400240,Arlington Valley Solar Energy II,AZ,1816.3747427613428
2026,3,p28,FabTechSolar,401688,Bonnybrooke PV,AZ,5236.989997193447
2026,3,p28,WeRecycleSolar,400371,Buckeye Union HS District 201,AZ,36169.443541682725
2026,3,p28,FabTechSolar,406171,Eleven Mile Solar Center,AZ,1234.0434809005276
2026,3,p28,WeRecycleSolar,400349,Foothills Solar Plant Hybrid,AZ,8422.452391913737
2026,3,p28,FabTechSolar,400825,Fort Huachuca Solar PV Project,AZ,17221.391597757192
2026,3,p28,WeRecycleSolar,400845,Gila Bend Hybrid,AZ,6212.536047043129
2026,3,p28,FabTechSolar,405282,Intel - Ocotillo Campus Solar,AZ,3587.353479783815
2026,3,p28,WeRecycleSolar,405125,Jewish Community Center PV,AZ,34211.414233060335
2026,3,p28,WeRecycleSolar,402234,Kayenta Solar Project,AZ,12807.730923033623
2026,3,p28,WeRecycleSolar,400128,Luke Solar,AZ,13866.742283828082
2026,3,p28,WeRecycleSolar,405068,Macys Goodyear,AZ,17741.300405809005
2026,3,p28,FabTechSolar,404512,Mesa Solar Array,AZ,22830.06643330917
2026,3,p28,WeRecycleSolar,400250,Mesquite Solar 1,AZ,2761.120001456033
2026,3,p28,WeRecycleSolar,401622,"Mesquite Solar 3, LLC",AZ,1750.0708268806693
2026,3,p28,WeRecycleSolar,403572,OE_AZ1,AZ,23838.697711608886
2026,3,p28,WeRecycleSolar,405126,Paradise Valley H.S. PV,AZ,29636.120568779446
2026,3,p28,WeRecycleSolar,405150,Phoenix Airport East Economy Lot,AZ,39905.56150993865
2026,3,p28,WeRecycleSolar,405151,Phoenix Airport Rental Car Center,AZ,4027.1187503067745
2026,3,p28,WeRecycleSolar,400031,Prescott Airport,AZ,79079.04264487568
2026,3,p28,WeRecycleSolar,400401,Prescott Solar Plant,AZ,34767.16557468923
2026,3,p28,WeRecycleSolar,400289,"RE Bagdad Solar I, LLC",AZ,27752.307124888022
2026,3,p28,FabTechSolar,401726,Red Rock,AZ,12181.255524672162
2026,3,p28,WeRecycleSolar,400416,Saddle Mountain Solar I,AZ,35224.1718993901
2026,3,p28,FabTechSolar,403674,Saint Solar,AZ,1309.463839508138
2026,3,p28,FabTechSolar,401214,Sandstone Solar,AZ,4931.670239594094
2026,3,p28,WeRecycleSolar,406275,Sonoran Solar Energy,AZ,904.4469408453032
2026,3,p28,FabTechSolar,401664,Sulphur Springs,AZ,54663.20872861623
2026,3,p28,WeRecycleSolar,403643,Sun Streams 2,AZ,1587.1580552117107
2026,3,p28,WeRecycleSolar,401975,"Sun Streams, LLC",AZ,1162.720711916753
2026,3,p28,WeRecycleSolar,405311,T0588 Phoenix - AZ,AZ,18812.033411694512
2026,3,p28,FabTechSolar,405134,Union HS at Casa Grande,AZ,122040.50851954751
2026,3,p28,FabTechSolar,405135,Vista Grande HS at Casa Grande,AZ,53121.61914423114
2026,3,p28,FabTechSolar,400334,Walmart Casa Grande,AZ,29411.799904928936
2026,3,p29,FabTechSolar,400014,Springerville,AZ,38073.59744868237
2026,3,p30,FabTechSolar,405143,Actus Lend Lease DMAFB,AZ,67476.48748415471
2026,3,p30,FabTechSolar,405611,Amazon TUS2,AZ,163905.2762059222
2026,3,p30,FabTechSolar,400939,Avalon Solar,AZ,15382.035248752085
2026,3,p30,FabTechSolar,401479,Avalon Solar II,AZ,27354.555131756275
2026,3,p30,FabTechSolar,400226,Avra Valley Solar,AZ,11881.111637054531
2026,3,p30,FabTechSolar,404704,Broadway 2 - Tucson Phase II,AZ,114650.50042971454
2026,3,p30,FabTechSolar,400761,"Gato Montes Solar, LLC",AZ,29333.942208533
2026,3,p30,FabTechSolar,404536,Iron Horse Battery Storage Hybrid,AZ,109096.38994317701
2026,3,p30,FabTechSolar,405374,Pima Community College,AZ,381718.16826727084
2026,3,p30,FabTechSolar,405303,Pima Community College - East Campus,AZ,77259.17324121407
2026,3,p30,FabTechSolar,405516,Pima Community College NW,AZ,53301.180123999526
2026,3,p30,FabTechSolar,404926,Raptor Ridge,AZ,33633.45063891808
2026,3,p30,FabTechSolar,400857,Rio Rico Solar,AZ,48572.298566061545
2026,3,p30,FabTechSolar,401076,Tech Park Solar,AZ,85783.0809722913
2026,3,p30,FabTechSolar,400156,UASTP I,AZ,121642.09856282802
2026,3,p30,FabTechSolar,401075,Valencia Solar,AZ,9621.699449470303
2026,3,p30,FabTechSolar,404187,"Wilmot Energy Center, LLC",AZ,2099.981554219745
2026,3,p31,SolarCycle,400211,Alamogordo Solar Energy Center,NM,204165.98612859205
2026,3,p31,FabTechSolar,400206,Albuquerque Solar Energy Center,NM,1083567.7684503084
2026,3,p31,SolarCycle,403675,Alcalde Solar Array,NM,2017042.9706293414
2026,3,p31,FabTechSolar,405469,Arroyo Solar Energy Storage Hybrid,NM,4894.438862445912
2026,3,p31,FabTechSolar,403321,Bluewater CDEC 1,NM,1435949.772114943
2026,3,p31,SolarCycle,404981,Buena Vista Energy Center,NM,9074.544709637681
2026,3,p31,SolarCycle,402876,CNMEC Solar Energy Center,NM,985919.7200473648
2026,3,p31,SolarCycle,402519,Carrizozo Solar,NM,258821.59124680128
2026,3,p31,FabTechSolar,401202,Cibola,NM,258221.28015634837
2026,3,p31,FabTechSolar,402988,City of Gallup Solar,NM,387374.1300916527
2026,3,p31,FabTechSolar,403604,City of Rio Rancho WWTP,NM,1164361.7908273435
2026,3,p31,FabTechSolar,401225,City of Truth or Consequences PV,NM,916372.0767791017
2026,3,p31,FabTechSolar,400209,Deming Solar Energy Center,NM,366940.8863893497
2026,3,p31,FabTechSolar,403868,Encino Solar Energy Center,NM,38812.066721367584
2026,3,p31,FabTechSolar,401038,Eubank Landfill Solar Array,NM,2171240.5451953034
2026,3,p31,FabTechSolar,402443,Facebook 3 Solar Energy Center,NM,103257.19989667661
2026,3,p31,FabTechSolar,400216,"Hatch Solar Energy Center I, LLC",NM,713007.5994365434
2026,3,p31,SolarCycle,401617,Holloman Solar Facility,NM,204751.85109444734
2026,3,p31,FabTechSolar,406109,"Jicarilla Solar 1, LLC",NM,44233.681760932064
2026,3,p31,SolarCycle,400427,Kit Carson,NM,4070549.082909748
2026,3,p31,SolarCycle,400210,Las Vegas Solar Energy Center,NM,276601.9691014168
2026,3,p31,SolarCycle,400434,Los Alamos PV Site,NM,1603529.5262703828
2026,3,p31,FabTechSolar,400207,Los Lunas Solar Energy Center,NM,195651.8486831843
2026,3,p31,FabTechSolar,400838,Macho Springs,NM,13426.026209340496
2026,3,p31,FabTechSolar,400582,Manzano Solar,NM,173746.4817209605
2026,3,p31,SolarCycle,401201,Meadow Lake Solar Energy Center,NM,155147.04980983448
2026,3,p31,SolarCycle,405693,NMSU Solar and Storage,NM,1150554.6283007516
2026,3,p31,SolarCycle,400146,Questa Solar Facility,NM,2574230.4589724885
2026,3,p31,FabTechSolar,403178,"RC Energy AA, LLC Solar Facility",NM,4364533.386997511
2026,3,p31,FabTechSolar,401566,Rio Communities Solar Energy Center,NM,136964.28102727138
2026,3,p31,FabTechSolar,403084,Rio De Oro Solar Energy Center,NM,206472.3458353734
2026,3,p31,FabTechSolar,400624,Rio Rancho High School,NM,2161257.278429269
2026,3,p31,FabTechSolar,404648,"Route 66 Energy Center, LLC",NM,73236.70367407215
2026,3,p31,SolarCycle,403387,San Miguel I Solar Energy Center,NM,412539.0398667339
2026,3,p31,SolarCycle,405458,San Miguel II Solar Energy Center,NM,137836.09016404374
2026,3,p31,FabTechSolar,401161,Sandoval Solar Energy Center,NM,693462.9626705039
2026,3,p31,SolarCycle,401564,Santa Fe Solar Energy Center,NM,236057.3187081907
2026,3,p31,FabTechSolar,400596,Silver City WWTP PV Project,NM,2792129.5805694573
2026,3,p31,FabTechSolar,406343,Sky Ranch Solar,NM,7523.136992932723
2026,3,p31,FabTechSolar,401563,South Valley Solar Energy Center,NM,139683.12456944218
2026,3,p31,SolarCycle,401162,Springer Solar 1,NM,1011435.6549649093
2026,3,p31,SolarCycle,400735,Storrie Lake Solar Project,NM,1381803.7501978995
2026,3,p31,FabTechSolar,400623,Sue Cleveland High School,NM,2179417.632573001
2026,3,p31,SolarCycle,400343,"SunE EPE1, LLC",NM,312983.7259594857
2026,3,p31,SolarCycle,402854,Syncarpha Eagle Nest,NM,4889976.609776271
2026,3,p31,SolarCycle,403412,Syncarpha El Rito,NM,1589322.7960407871
2026,3,p31,SolarCycle,403413,Syncarpha Questa,NM,3261002.7715698937
2026,3,p31,SolarCycle,403411,Syncarpha Taos,NM,1578748.7522908284
2026,3,p31,SolarCycle,404618,Taos Mesa Energy Facility Hybrid,NM,329901.9109234373
2026,3,p31,FabTechSolar,403011,Vista Solar Energy Center,NM,138949.63666922005
2026,3,p31,SolarCycle,400354,WSMR I,NM,709761.6642974811
2026,3,p47,SolarCycle,404980,Chaves County Solar II,NM,12212.942616053568
2026,3,p47,SolarCycle,401681,"Chaves Solar, LLC",NM,15655.404862313098
2026,3,p47,SolarCycle,400614,GSE NM1,NM,571840.5763183234
2026,3,p47,SolarCycle,400546,SEV NM Phase 2,NM,763917.1809678673
2026,3,p47,SolarCycle,400261,SPS2 Jal,NM,9182.016027208405
2026,3,p47,SolarCycle,400262,SPS3 Lea,NM,34698.70087870837
2026,3,p47,SolarCycle,400264,SPS5 Hopi,NM,76058.77181801683
2026,3,p47,SolarCycle,404698,SoCore Clovis 1,NM,402203.41321318544
2026,3,p48,SolarCycle,406439,"BESSP1, LLC",TX,174511.1719046849
2026,3,p48,SolarCycle,405590,"Hecate Energy Frye Solar, LLC",TX,10045.062345549684
2026,3,p57,OkonRecycling,404918,"Hecate Energy Upshur Rural, LLC",TX,44791.04185641765
2026,3,p59,SolarCycle,402666,Fort Bliss (DEA EPIC),TX,194560.0536935482
2026,3,p60,SolarCycle,403962,"ANSON Solar Center, LLC",TX,5175.54817609188
2026,3,p60,OkonRecycling,403883,Azure Sky Solar,TX,2613.0351250266294
2026,3,p60,SolarCycle,403232,"ENGIE Long Draw Solar, LLC",TX,812.9814959406629
2026,3,p60,SolarCycle,406252,Highpeak Solar 1,TX,47936.55378337143
2026,3,p60,SolarCycle,402721,Holstein 1 Solar Farm,TX,1688.3781792292682
2026,3,p60,SolarCycle,405492,Juno Solar Project,TX,789.7093096785903
2026,3,p60,SolarCycle,402541,Lamesa II,TX,2000.5939960127394
2026,3,p60,SolarCycle,401660,Lamesa Solar,TX,1382.2158409193717
2026,3,p60,SolarCycle,405932,Lumina II Solar Project,TX,1501.5106143644584
2026,3,p60,SolarCycle,405933,Lumina Solar Project,TX,2450.5616514945696
2026,3,p60,SolarCycle,402909,Misae Solar,TX,2237.380625484103
2026,3,p60,OkonRecycling,400968,"OCI Alamo 7, LLC",TX,5075.908441869791
2026,3,p60,SolarCycle,405939,Texas Solar Nova 1,TX,1449.3569025391146
2026,3,p61,SolarCycle,400967,Alamo 6,TX,1025.8303681850323
2026,3,p61,SolarCycle,403557,Aragorn Solar Project,TX,1588.8383836776738
2026,3,p61,SolarCycle,400691,Barilla Solar,TX,2048.5707238713576
2026,3,p61,SolarCycle,401946,Bluebell Solar,TX,3902.509042359298
2026,3,p61,SolarCycle,403574,Bluebell Solar II,TX,1762.4650347083214
2026,3,p61,SolarCycle,400554,"Bryan Solar, LLC",TX,34362.2970920238
2026,3,p61,SolarCycle,401463,Buckthorn Westex,TX,738.4470133682486
2026,3,p61,SolarCycle,401703,East Pecos Solar,TX,966.2717799842434
2026,3,p61,SolarCycle,405363,Galloway 1 Solar Farm,TX,751.2344602728057
2026,3,p61,SolarCycle,405494,Galloway 2 Solar Farm,TX,2756.243092295403
2026,3,p61,SolarCycle,403210,Greasewood,TX,592.5298144188662
2026,3,p61,SolarCycle,406370,Hayhurst Texas Solar,TX,14612.55955450459
2026,3,p61,SolarCycle,402304,Midway Solar-TX,TX,684.9967716574963
2026,3,p61,SolarCycle,400695,"OCI Alamo 4, LLC",TX,6588.987747444243
2026,3,p61,SolarCycle,401868,Pearl Solar,TX,1407.7568545820216
2026,3,p61,SolarCycle,402290,RE Maplewood,TX,539.7628074305555
2026,3,p61,SolarCycle,401430,RE Roserock,TX,702.9459399114199
2026,3,p61,SolarCycle,402848,Rambler,TX,856.8217171691261
2026,3,p61,SolarCycle,402083,Solaire Holman Solar Project,TX,4463.174137879852
2026,3,p61,SolarCycle,403023,"Taygete Energy Project, LLC",TX,579.1952056720188
2026,3,p61,SolarCycle,404647,Taygete II Energy Project,TX,558.1746807924333
2026,3,p61,SolarCycle,403551,Titan Solar Project,TX,1228.4135394508348
2026,3,p61,SolarCycle,406103,Zier Solar,TX,2662.7458128486037
2026,3,p62,SolarCycle,403502,2W Permian Solar Project Hybrid,TX,459.53244664590017
2026,3,p62,SolarCycle,403697,CED Crane Solar,TX,1359.7027736600285
2026,3,p62,SolarCycle,401525,Castle Gap Solar Hybrid,TX,562.7842216535015
2026,3,p62,SolarCycle,404599,Emerald Grove,TX,829.1521472866306
2026,3,p62,SolarCycle,403004,Lapetus,TX,813.4322215060215
2026,3,p62,SolarCycle,403280,Oberon IA,TX,528.003993359121
2026,3,p62,SolarCycle,403279,Oberon IB,TX,1262.951944915046
2026,3,p62,SolarCycle,403602,Oxy Renewable Energy-Goldsmith,TX,1737.159322403513
2026,3,p62,SolarCycle,402679,Phoebe Solar,TX,469.7404885447622
2026,3,p62,SolarCycle,403177,Prospero Solar,TX,527.2802895014756
2026,3,p62,SolarCycle,404128,Prospero Solar II,TX,703.298652866369
2026,3,p62,SolarCycle,403070,"Roadrunner, LLC",TX,465.40946601797725
2026,3,p62,SolarCycle,401805,Upton County Solar,TX,636.9687452191771
2026,3,p62,SolarCycle,402995,West of the Pecos Solar,TX,753.149815073378
2026,3,p63,OkonRecycling,405599,"BPL Crown Solar, LLC",TX,4843.830755571101
2026,3,p63,OkonRecycling,404966,BPL Files Solar,TX,797.6959722558439
2026,3,p63,OkonRecycling,401697,CoServ Community Solar Station,TX,154696.34039072896
2026,3,p63,OkonRecycling,403188,Coniglio Solar,TX,1477.3598432319402
2026,3,p63,OkonRecycling,406415,Dileo Solar,TX,5298.865409523564
2026,3,p63,OkonRecycling,406221,Eiffel Solar Project,TX,1258.4258390133002
2026,3,p63,OkonRecycling,405540,"Ellis Solar, LLC",TX,1333.379735522975
2026,3,p63,OkonRecycling,403823,Elm Branch Solar 1,TX,1016.9779896366042
2026,3,p63,OkonRecycling,406206,Five Wells Solar Center - Hybrid,TX,1418.992422440605
2026,3,p63,OkonRecycling,404567,G.S.E. One LLC,TX,1707.9312120482305
2026,3,p63,OkonRecycling,403288,Griffin Solar,TX,81012.02706214428
2026,3,p63,OkonRecycling,406202,Grizzly Ridge Solar,TX,3577.1317433143386
2026,3,p63,OkonRecycling,405319,IKEA Grand Prairie Rooftop PV System,TX,10448.509114199567
2026,3,p63,OkonRecycling,405689,"IP Radian, LLC",TX,4829.579061466298
2026,3,p63,OkonRecycling,403481,Impact Solar 1,TX,1458.364599768124
2026,3,p63,OkonRecycling,403190,Kellam Solar,TX,3663.6056291573855
2026,3,p63,OkonRecycling,403874,Lily Solar Hybrid,TX,2082.6715868496053
2026,3,p63,OkonRecycling,402404,Marlin Solar,TX,85424.01397739103
2026,3,p63,OkonRecycling,405794,Noble Solar,TX,783.0233154581223
2026,3,p63,OkonRecycling,402405,North Gainesville Solar,TX,107366.27270794963
2026,3,p63,OkonRecycling,401933,Phantom Solar,TX,15145.472370151312
2026,3,p63,OkonRecycling,404872,"Pisgah Ridge Solar, LLC",TX,1156.704424043659
2026,3,p63,OkonRecycling,406416,Pitts Dudik Solar,TX,5808.25577984614
2026,3,p63,OkonRecycling,403189,Rippey Solar,TX,2500.6819305362856
2026,3,p63,OkonRecycling,404630,"Samson Solar Energy III, LLC",TX,1087.758503552183
2026,3,p63,OkonRecycling,402652,Sterling Solar (TX),TX,40086.70504022156
2026,3,p63,OkonRecycling,404812,Sun Valley Solar Project,TX,1536.9025591436318
2026,3,p63,OkonRecycling,403457,"TPE Whitney Solar, LLC",TX,14687.310857456798
2026,3,p63,OkonRecycling,405361,Toyota HQ Plan,TX,2795.7967009997647
2026,3,p63,OkonRecycling,405907,Verizon Hidden Ridge Solar Project,TX,3628.177358600042
2026,3,p63,OkonRecycling,405984,Waco Solar,TX,938.7453390737121
2026,3,p63,OkonRecycling,402497,West Moore Solar II,TX,34713.66618215367
2026,3,p63,OkonRecycling,402330,Whitesboro Solar,TX,51054.68336550535
2026,3,p63,OkonRecycling,402331,Whitesboro Solar II,TX,25948.817343069775
2026,3,p63,OkonRecycling,402414,Whitewright Solar,TX,5269.3052212329485
2026,3,p63,OkonRecycling,402654,Yellow Jacket,TX,27045.011518209492
2026,3,p64,OkonRecycling,405731,Austin TX GigaFactory,TX,217460.0972864667
2026,3,p64,OkonRecycling,404721,"Blue Jay Solar I, LLC",TX,1467.1962454929771
2026,3,p64,OkonRecycling,402389,"E-Volve Energy Holdings, LLC",TX,300316.05240567325
2026,3,p64,OkonRecycling,400227,East Blackland Solar Project 1,TX,2139.3772682770336
2026,3,p64,OkonRecycling,405101,IKEA Round Rock 027,TX,130539.8899944538
2026,3,p64,SolarCycle,402653,Lampwick,TX,27397.66083963266
2026,3,p64,OkonRecycling,405613,Niagara Bottling - Seguin,TX,106432.60856821635
2026,3,p65,OkonRecycling,405700,Aktina Solar,TX,26558.690900573107
2026,3,p65,OkonRecycling,405477,Brightside,TX,124855.49367068117
2026,3,p65,OkonRecycling,401728,CPS 1 Community Solar,TX,8588537.146370761
2026,3,p65,OkonRecycling,402656,Cascade Solar (TX),TX,2582100.10484073
2026,3,p65,OkonRecycling,404359,FELPS 1-Calaveras,TX,13376067.893583369
2026,3,p65,OkonRecycling,404361,FELPS 2-Calaveras,TX,8917306.939414594
2026,3,p65,OkonRecycling,404739,FELPS 6- Floresville West,TX,27229618.586780023
2026,3,p65,OkonRecycling,404740,FELPS 7- Floresville West,TX,13610612.327780336
2026,3,p65,OkonRecycling,406516,Ganado Solar,TX,87110.02758834262
2026,3,p65,SolarCycle,405801,Horizon Solar,TX,143917.29420623358
2026,3,p65,OkonRecycling,405380,IKEA Live Oak Rooftop PV System,TX,3622958.0717800763
2026,3,p65,SolarCycle,403343,Mars Solar,TX,765240.396607857
2026,3,p65,OkonRecycling,404877,Nebula Solar,TX,177646.1697702993
2026,3,p65,OkonRecycling,400694,"OCI Alamo 2, LLC",TX,2871294.1572433594
2026,3,p65,OkonRecycling,400965,"OCI Alamo 3, LLC",TX,2284123.0154152154
2026,3,p65,SolarCycle,400966,"OCI Alamo 5, LLC",TX,261033.66961176228
2026,3,p65,OkonRecycling,400593,OCI Alamo Solar I Hybrid,TX,220095.8066893283
2026,3,p65,SolarCycle,405809,Shakes Solar,TX,141549.20685797703
2026,3,p65,OkonRecycling,405545,Sparta Solar,TX,61905.46596917021
2026,3,p65,OkonRecycling,400379,"SunE CPS1, LLC",TX,908238.9798222336
2026,3,p65,OkonRecycling,400364,"SunE CPS2, LLC",TX,910717.9305429541
2026,3,p65,OkonRecycling,400353,"SunE CPS3, LLC",TX,1305339.2660609244
2026,3,p65,OkonRecycling,406032,Tres Bahias,TX,49776.79076665304
2026,3,p66,OkonRecycling,406386,Umbriel Solar,TX,50179.97884674353
2026,3,p67,OkonRecycling,404939,Brazoria County Solar Project (Danciger),TX,8462.981852651172
2026,3,p67,OkonRecycling,404681,Brazoria West,TX,5858.953533001258
2026,3,p67,OkonRecycling,402649,Bronson,TX,147263.65998345736
2026,3,p67,OkonRecycling,406178,"Cutlass Solar 1, LLC",TX,28226.19305471252
2026,3,p67,OkonRecycling,404587,Fighting Jays Solar Project,TX,14207.588075659703
2026,3,p67,OkonRecycling,405564,"Fort Bend Solar, LLC",TX,12608.877521026427
2026,3,p67,OkonRecycling,404853,"Longbow Solar, LLC",TX,58196.25263257334
2026,3,p67,OkonRecycling,403514,Wagyu,TX,27477.220354620047
2026,4,p12,ComstockMetals,402144,Battle Mountain Solar Project,NV,4917.697817363525
2026,4,p12,ComstockMetals,405025,Brady,NV,1491.8807821266498
2026,4,p12,ComstockMetals,405553,Dodge Flat,NV,457.2227541328419
2026,4,p12,ComstockMetals,402609,"EGP Stillwater Solar PV II, LLC",NV,6132.865797637607
2026,4,p12,ComstockMetals,401086,Ft. Churchill PV,NV,2152.314003350026
2026,4,p12,ComstockMetals,405028,Galena 2 Geothermal Power Plant,NV,3371.674376019778
2026,4,p12,ComstockMetals,402130,Luning Energy,NV,5484.631406540829
2026,4,p12,ComstockMetals,400468,"Patua Acquisition Project, LLC",NV,1866.5600790792794
2026,4,p12,ComstockMetals,405021,Steamboat Hills LP,NV,4882.609031464466
2026,4,p12,ComstockMetals,405023,Steamboat II,NV,2351.4658148430585
2026,4,p12,ComstockMetals,405024,Steamboat III,NV,1972.7266626688584
2026,4,p12,ComstockMetals,400029,Stillwater Facility,NV,2165.4698873988154
2026,4,p12,ComstockMetals,401318,Sunshine Valley Solar,NV,4276.187276462599
2026,4,p12,ComstockMetals,405576,Tesla Reno GigaFactory,NV,1070.4705611008135
2026,4,p12,ComstockMetals,403308,Turquoise Liberty Solar,NV,2422.2697300703203
2026,4,p12,ComstockMetals,403884,"Turquoise Nevada, LLC",NV,1537.9367512247857
2026,4,p12,ComstockMetals,400035,Western 102 Power Plant,NV,6081.216691714337
2026,4,p13,WeRecycleSolar,400555,Apex Solar PV Power Project,NV,38364.82600474592
2026,4,p13,WeRecycleSolar,405385,Arrow Canyon Solar Hybrid,NV,2321.6066333009762
2026,4,p13,WeRecycleSolar,401649,"Boulder Solar Power, LLC",NV,10578.7669857448
2026,4,p13,WeRecycleSolar,400086,CM48,NV,42450.117222840745
2026,4,p13,WeRecycleSolar,400363,Copper Mountain Solar 2,NV,4759.28574506954
2026,4,p13,WeRecycleSolar,400802,Copper Mountain Solar 3,NV,8446.288651845993
2026,4,p13,WeRecycleSolar,403688,"Copper Mountain Solar 5, LLC",NV,8442.617180899673
2026,4,p13,WeRecycleSolar,405358,Dignity - San Martin,NV,656790.4231654326
2026,4,p13,WeRecycleSolar,405355,Dignity - Siena Campus,NV,513389.94105165126
2026,4,p13,WeRecycleSolar,405556,Dry Lake Solar Energy Center,NV,7970.943601312206
2026,4,p13,WeRecycleSolar,405495,Gemini Solar,NV,1212.8807066037057
2026,4,p13,WeRecycleSolar,406089,IGS VGT,NV,749757.0748861158
2026,4,p13,WeRecycleSolar,405309,IKEA Las Vegas 462,NV,2240219.158848518
2026,4,p13,WeRecycleSolar,400545,Las Vegas WPCF Solar Plant,NV,662207.9468024184
2026,4,p13,WeRecycleSolar,400600,Mountain View Solar,NV,113967.66107557979
2026,4,p13,WeRecycleSolar,400036,Nellis Air Force Base Solar Array,NV,93941.12143553742
2026,4,p13,WeRecycleSolar,401274,River Mountains Solar,NV,146435.66740741616
2026,4,p13,WeRecycleSolar,401042,Searchlight Solar,NV,107758.31828456702
2026,4,p13,WeRecycleSolar,400658,Silver State Solar Power South,NV,4563.718958497229
2026,4,p13,WeRecycleSolar,405246,"Solar Las Vegas MB 2, LLC",NV,491648.1053946665
2026,4,p13,WeRecycleSolar,405188,Solar Las Vegas MB-1,NV,451832.794612695
2026,4,p13,WeRecycleSolar,402691,"Techren Solar III, LLC",NV,27561.42148293899
2026,4,p13,WeRecycleSolar,404971,Yellow Pine Solar,NV,13304.204777984227
2026,4,p27,WeRecycleSolar,400374,"Black Mountain Solar, LLC",AZ,17195.246916137665
2026,4,p27,WeRecycleSolar,402236,Gray Hawk Solar,AZ,3821.288882142709
2026,4,p27,WeRecycleSolar,401819,Jacobson 5 MW Solar,AZ,24428.101323415434
2026,4,p27,WeRecycleSolar,401311,Mohave Electric at Fort Mohave,AZ,19244.40439575189
2026,4,p28,WeRecycleSolar,405418,AZ State University - Tempe Campus Solar,AZ,6163.834050315112
2026,4,p28,WeRecycleSolar,400148,Agua Caliente Solar Project,AZ,2879.4604126292334
2026,4,p28,WeRecycleSolar,400274,Arizona Western College PV,AZ,107300.92061764392
2026,4,p28,FabTechSolar,401688,Bonnybrooke PV,AZ,5236.989997193447
2026,4,p28,WeRecycleSolar,400371,Buckeye Union HS District 201,AZ,36169.443541682725
2026,4,p28,FabTechSolar,406171,Eleven Mile Solar Center,AZ,1234.0434809005276
2026,4,p28,WeRecycleSolar,400349,Foothills Solar Plant Hybrid,AZ,32489.809567654953
2026,4,p28,FabTechSolar,400825,Fort Huachuca Solar PV Project,AZ,22828.52213034293
2026,4,p28,WeRecycleSolar,400845,Gila Bend Hybrid,AZ,6212.536047043129
2026,4,p28,FabTechSolar,405282,Intel - Ocotillo Campus Solar,AZ,3587.353479783815
2026,4,p28,WeRecycleSolar,405125,Jewish Community Center PV,AZ,34211.414233060335
2026,4,p28,WeRecycleSolar,402234,Kayenta Solar Project,AZ,37623.192769100875
2026,4,p28,WeRecycleSolar,400128,Luke Solar,AZ,13866.742283828082
2026,4,p28,WeRecycleSolar,405068,Macys Goodyear,AZ,17741.300405809005
2026,4,p28,FabTechSolar,404512,Mesa Solar Array,AZ,22830.06643330917
2026,4,p28,WeRecycleSolar,400250,Mesquite Solar 1,AZ,990.280000364008
2026,4,p28,WeRecycleSolar,401621,"Mesquite Solar 2, LLC",AZ,4407.848177045598
2026,4,p28,WeRecycleSolar,403572,OE_AZ1,AZ,12119.348855804443
2026,4,p28,WeRecycleSolar,405126,Paradise Valley H.S. PV,AZ,44254.18085316917
2026,4,p28,WeRecycleSolar,405150,Phoenix Airport East Economy Lot,AZ,13568.520503312882
2026,4,p28,WeRecycleSolar,405151,Phoenix Airport Rental Car Center,AZ,2576.2712501840647
2026,4,p28,FabTechSolar,400125,"Poseidon Solar, LLC",AZ,8154.612315575206
2026,4,p28,WeRecycleSolar,400031,Prescott Airport,AZ,236437.12793462706
2026,4,p28,WeRecycleSolar,400289,"RE Bagdad Solar I, LLC",AZ,27752.307124888022
2026,4,p28,FabTechSolar,401726,Red Rock,AZ,4327.085174890719
2026,4,p28,WeRecycleSolar,400416,Saddle Mountain Solar I,AZ,17812.085949695047
2026,4,p28,FabTechSolar,403674,Saint Solar,AZ,945.678303704883
2026,4,p28,FabTechSolar,401214,Sandstone Solar,AZ,2665.8351197970464
2026,4,p28,WeRecycleSolar,405029,Solana Generating Station,AZ,1319.68538212136
2026,4,p28,WeRecycleSolar,406275,Sonoran Solar Energy,AZ,904.4469408453032
2026,4,p28,WeRecycleSolar,403643,Sun Streams 2,AZ,2774.316110423421
2026,4,p28,WeRecycleSolar,401975,"Sun Streams, LLC",AZ,2688.1621357502586
2026,4,p28,WeRecycleSolar,405311,T0588 Phoenix - AZ,AZ,55636.100235083526
2026,4,p28,FabTechSolar,405135,Vista Grande HS at Casa Grande,AZ,158564.85743269342
2026,4,p28,FabTechSolar,400334,Walmart Casa Grande,AZ,58423.599809857864
2026,4,p29,FabTechSolar,400014,Springerville,AZ,19236.798724341188
2026,4,p30,FabTechSolar,405143,Actus Lend Lease DMAFB,AZ,45117.658322769814
2026,4,p30,FabTechSolar,405611,Amazon TUS2,AZ,82152.63810296106
2026,4,p30,FabTechSolar,400939,Avalon Solar,AZ,7891.017624376043
2026,4,p30,FabTechSolar,401479,Avalon Solar II,AZ,27354.555131756275
2026,4,p30,FabTechSolar,400226,Avra Valley Solar,AZ,6140.555818527266
2026,4,p30,FabTechSolar,404704,Broadway 2 - Tucson Phase II,AZ,114650.50042971454
2026,4,p30,FabTechSolar,400761,"Gato Montes Solar, LLC",AZ,43800.913312799494
2026,4,p30,FabTechSolar,400552,"Picture Rocks Solar, LLC",AZ,15873.71246030501
2026,4,p30,FabTechSolar,405374,Pima Community College,AZ,381718.16826727084
2026,4,p30,FabTechSolar,405516,Pima Community College NW,AZ,88568.63353999922
2026,4,p30,FabTechSolar,404926,Raptor Ridge,AZ,17016.72531945904
2026,4,p30,FabTechSolar,400857,Rio Rico Solar,AZ,96744.5971321231
2026,4,p30,FabTechSolar,401076,Tech Park Solar,AZ,43091.540486145655
2026,4,p30,FabTechSolar,400156,UASTP I,AZ,182263.14784424205
2026,4,p30,FabTechSolar,401075,Valencia Solar,AZ,23454.248623675754
2026,4,p30,FabTechSolar,404187,"Wilmot Energy Center, LLC",AZ,1533.3210361464967
2026,4,p31,SolarCycle,400211,Alamogordo Solar Energy Center,NM,153224.489596444
2026,4,p31,FabTechSolar,400206,Albuquerque Solar Energy Center,NM,1083567.7684503084
2026,4,p31,SolarCycle,403675,Alcalde Solar Array,NM,2017042.9706293414
2026,4,p31,FabTechSolar,405469,Arroyo Solar Energy Storage Hybrid,NM,7141.658293668865
2026,4,p31,FabTechSolar,403321,Bluewater CDEC 1,NM,718174.8860574715
2026,4,p31,SolarCycle,402876,CNMEC Solar Energy Center,NM,657413.1466982435
2026,4,p31,SolarCycle,402519,Carrizozo Solar,NM,344962.12166240165
2026,4,p31,FabTechSolar,402988,City of Gallup Solar,NM,129391.37669721757
2026,4,p31,FabTechSolar,403604,City of Rio Rancho WWTP,NM,1164361.7908273435
2026,4,p31,FabTechSolar,401225,City of Truth or Consequences PV,NM,1832344.1535582035
2026,4,p31,FabTechSolar,400209,Deming Solar Energy Center,NM,366940.8863893497
2026,4,p31,FabTechSolar,403868,Encino Solar Energy Center,NM,77224.13344273518
2026,4,p31,FabTechSolar,401038,Eubank Landfill Solar Array,NM,2171240.5451953034
2026,4,p31,FabTechSolar,402443,Facebook 3 Solar Energy Center,NM,206114.39979335322
2026,4,p31,FabTechSolar,400216,"Hatch Solar Energy Center I, LLC",NM,178551.8998591358
2026,4,p31,SolarCycle,401617,Holloman Solar Facility,NM,204751.85109444734
2026,4,p31,FabTechSolar,406109,"Jicarilla Solar 1, LLC",NM,29622.454507288043
2026,4,p31,SolarCycle,400210,Las Vegas Solar Energy Center,NM,414702.9536521254
2026,4,p31,SolarCycle,400434,Los Alamos PV Site,NM,4809788.578811148
2026,4,p31,FabTechSolar,400207,Los Lunas Solar Energy Center,NM,195651.8486831843
2026,4,p31,FabTechSolar,400838,Macho Springs,NM,32965.065523351244
2026,4,p31,SolarCycle,401201,Meadow Lake Solar Energy Center,NM,464641.1494295035
2026,4,p31,SolarCycle,405693,NMSU Solar and Storage,NM,287938.6570751879
2026,4,p31,SolarCycle,400581,Otero Solar,NM,200890.09557809276
2026,4,p31,FabTechSolar,403178,"RC Energy AA, LLC Solar Facility",NM,1091433.3467493777
2026,4,p31,FabTechSolar,401566,Rio Communities Solar Energy Center,NM,136964.28102727138
2026,4,p31,FabTechSolar,400624,Rio Rancho High School,NM,4322114.556858538
2026,4,p31,FabTechSolar,404648,"Route 66 Energy Center, LLC",NM,24678.90122469071
2026,4,p31,SolarCycle,403387,San Miguel I Solar Energy Center,NM,206469.51993336694
2026,4,p31,SolarCycle,405458,San Miguel II Solar Energy Center,NM,206554.1352460656
2026,4,p31,FabTechSolar,401161,Sandoval Solar Energy Center,NM,346931.48133525194
2026,4,p31,SolarCycle,401564,Santa Fe Solar Energy Center,NM,157504.87913879377
2026,4,p31,FabTechSolar,401565,Santolina Solar Energy Center,NM,390390.65102538344
2026,4,p31,FabTechSolar,400596,Silver City WWTP PV Project,NM,1396264.7902847286
2026,4,p31,FabTechSolar,406343,Sky Ranch Solar,NM,21769.41097879817
2026,4,p31,FabTechSolar,401563,South Valley Solar Energy Center,NM,209324.68685416333
2026,4,p31,SolarCycle,401162,Springer Solar 1,NM,5055578.274824547
2026,4,p31,SolarCycle,400735,Storrie Lake Solar Project,NM,921335.8334652664
2026,4,p31,SolarCycle,402854,Syncarpha Eagle Nest,NM,4889976.609776271
2026,4,p31,SolarCycle,403412,Syncarpha El Rito,NM,1589322.7960407871
2026,4,p31,SolarCycle,403413,Syncarpha Questa,NM,652520.5543139786
2026,4,p31,SolarCycle,403411,Syncarpha Taos,NM,526516.2507636095
2026,4,p31,SolarCycle,404618,Taos Mesa Energy Facility Hybrid,NM,329901.9109234373
2026,4,p31,FabTechSolar,403011,Vista Solar Energy Center,NM,138949.63666922005
2026,4,p31,SolarCycle,400354,WSMR I,NM,118626.94404958017
2026,4,p31,FabTechSolar,405245,Wal-Mart Truth or Consequences PV,NM,1755595.6913720116
2026,4,p47,SolarCycle,400979,"Caprock Solar 1, LLC",NM,119989.8359407633
2026,4,p47,SolarCycle,404980,Chaves County Solar II,NM,12212.942616053568
2026,4,p47,SolarCycle,400614,GSE NM1,NM,571840.5763183234
2026,4,p47,SolarCycle,400546,SEV NM Phase 2,NM,763917.1809678673
2026,4,p47,SolarCycle,400261,SPS2 Jal,NM,9182.016027208405
2026,4,p47,SolarCycle,400262,SPS3 Lea,NM,51848.051318062535
2026,4,p47,SolarCycle,404698,SoCore Clovis 1,NM,1205810.2396395563
2026,4,p48,SolarCycle,406439,"BESSP1, LLC",TX,174511.1719046849
2026,4,p48,SolarCycle,405590,"Hecate Energy Frye Solar, LLC",TX,10045.062345549684
2026,4,p57,OkonRecycling,404918,"Hecate Energy Upshur Rural, LLC",TX,29994.02790427843
2026,4,p59,SolarCycle,402666,Fort Bliss (DEA EPIC),TX,194560.0536935482
2026,4,p59,SolarCycle,401616,Montana Solar Facility,TX,62576.06802997568
2026,4,p60,SolarCycle,403962,"ANSON Solar Center, LLC",TX,5175.54817609188
2026,4,p60,OkonRecycling,403883,Azure Sky Solar,TX,2613.0351250266294
2026,4,p60,SolarCycle,403232,"ENGIE Long Draw Solar, LLC",TX,1088.3024932344379
2026,4,p60,SolarCycle,406252,Highpeak Solar 1,TX,47936.55378337143
2026,4,p60,SolarCycle,402721,Holstein 1 Solar Farm,TX,2332.5672688439026
2026,4,p60,SolarCycle,405492,Juno Solar Project,TX,789.7093096785903
2026,4,p60,SolarCycle,402541,Lamesa II,TX,1733.8283300106164
2026,4,p60,SolarCycle,401660,Lamesa Solar,TX,1185.7726727354975
2026,4,p60,SolarCycle,405932,Lumina II Solar Project,TX,1501.5106143644584
2026,4,p60,SolarCycle,405933,Lumina Solar Project,TX,2450.5616514945696
2026,4,p60,SolarCycle,402909,Misae Solar,TX,2237.380625484103
2026,4,p60,OkonRecycling,400968,"OCI Alamo 7, LLC",TX,3517.2722945798605
2026,4,p60,SolarCycle,405939,Texas Solar Nova 1,TX,1449.3569025391146
2026,4,p61,SolarCycle,400967,Alamo 6,TX,1025.8303681850323
2026,4,p61,SolarCycle,403557,Aragorn Solar Project,TX,1588.8383836776738
2026,4,p61,SolarCycle,400691,Barilla Solar,TX,2378.2848686456286
2026,4,p61,SolarCycle,401946,Bluebell Solar,TX,3902.509042359298
2026,4,p61,SolarCycle,403574,Bluebell Solar II,TX,1762.4650347083214
2026,4,p61,SolarCycle,400554,"Bryan Solar, LLC",TX,13984.918836809524
2026,4,p61,SolarCycle,401463,Buckthorn Westex,TX,1076.8940267364972
2026,4,p61,SolarCycle,401703,East Pecos Solar,TX,1249.4076699763652
2026,4,p61,SolarCycle,405363,Galloway 1 Solar Farm,TX,751.2344602728057
2026,4,p61,SolarCycle,405494,Galloway 2 Solar Farm,TX,2756.243092295403
2026,4,p61,SolarCycle,403210,Greasewood,TX,592.5298144188662
2026,4,p61,SolarCycle,406370,Hayhurst Texas Solar,TX,14612.55955450459
2026,4,p61,SolarCycle,402304,Midway Solar-TX,TX,779.9956955433283
2026,4,p61,SolarCycle,400695,"OCI Alamo 4, LLC",TX,9683.481621166366
2026,4,p61,SolarCycle,401868,Pearl Solar,TX,1407.7568545820216
2026,4,p61,SolarCycle,402290,RE Maplewood,TX,567.7153689166666
2026,4,p61,SolarCycle,401430,RE Roserock,TX,763.535127893704
2026,4,p61,SolarCycle,402848,Rambler,TX,1009.095622892168
2026,4,p61,SolarCycle,402083,Solaire Holman Solar Project,TX,2431.5870689399267
2026,4,p61,SolarCycle,403023,"Taygete Energy Project, LLC",TX,549.3293380600156
2026,4,p61,SolarCycle,404647,Taygete II Energy Project,TX,584.5371275911722
2026,4,p61,SolarCycle,403551,Titan Solar Project,TX,1228.4135394508348
2026,4,p61,SolarCycle,406103,Zier Solar,TX,2662.7458128486037
2026,4,p62,SolarCycle,403502,2W Permian Solar Project Hybrid,TX,459.53244664590017
2026,4,p62,SolarCycle,403697,CED Crane Solar,TX,1359.7027736600285
2026,4,p62,SolarCycle,401525,Castle Gap Solar Hybrid,TX,562.7842216535015
2026,4,p62,SolarCycle,404599,Emerald Grove,TX,972.2028630488406
2026,4,p62,SolarCycle,403004,Lapetus,TX,813.4322215060215
2026,4,p62,SolarCycle,403280,Oberon IA,TX,528.003993359121
2026,4,p62,SolarCycle,403279,Oberon IB,TX,1047.2139586862845
2026,4,p62,SolarCycle,403602,Oxy Renewable Energy-Goldsmith,TX,1737.159322403513
2026,4,p62,SolarCycle,402679,Phoebe Solar,TX,483.68858625371456
2026,4,p62,SolarCycle,403177,Prospero Solar,TX,527.2802895014756
2026,4,p62,SolarCycle,404128,Prospero Solar II,TX,703.298652866369
2026,4,p62,SolarCycle,403070,"Roadrunner, LLC",TX,478.4913592215728
2026,4,p62,SolarCycle,401805,Upton County Solar,TX,715.958326958903
2026,4,p62,SolarCycle,402995,West of the Pecos Solar,TX,753.149815073378
2026,4,p63,OkonRecycling,405599,"BPL Crown Solar, LLC",TX,4843.830755571101
2026,4,p63,OkonRecycling,404966,BPL Files Solar,TX,797.6959722558439
2026,4,p63,OkonRecycling,402610,Chisum,TX,22426.99345504392
2026,4,p63,OkonRecycling,401697,CoServ Community Solar Station,TX,154696.34039072896
2026,4,p63,OkonRecycling,403188,Coniglio Solar,TX,1477.3598432319402
2026,4,p63,OkonRecycling,406415,Dileo Solar,TX,5298.865409523564
2026,4,p63,OkonRecycling,406221,Eiffel Solar Project,TX,1258.4258390133002
2026,4,p63,OkonRecycling,405540,"Ellis Solar, LLC",TX,1333.379735522975
2026,4,p63,OkonRecycling,403823,Elm Branch Solar 1,TX,1016.9779896366042
2026,4,p63,OkonRecycling,406206,Five Wells Solar Center - Hybrid,TX,1418.992422440605
2026,4,p63,OkonRecycling,404567,G.S.E. One LLC,TX,2579.8853534137174
2026,4,p63,OkonRecycling,403288,Griffin Solar,TX,81012.02706214428
2026,4,p63,OkonRecycling,406202,Grizzly Ridge Solar,TX,5165.697614971507
2026,4,p63,OkonRecycling,402329,Highway 56 Solar,TX,48246.99303839922
2026,4,p63,OkonRecycling,405319,IKEA Grand Prairie Rooftop PV System,TX,11565.010126888406
2026,4,p63,OkonRecycling,405689,"IP Radian, LLC",TX,4829.579061466298
2026,4,p63,OkonRecycling,403481,Impact Solar 1,TX,1105.576399845416
2026,4,p63,OkonRecycling,403190,Kellam Solar,TX,3663.6056291573855
2026,4,p63,OkonRecycling,403874,Lily Solar Hybrid,TX,2082.6715868496053
2026,4,p63,OkonRecycling,402404,Marlin Solar,TX,170448.02795478207
2026,4,p63,OkonRecycling,405794,Noble Solar,TX,1932.093261832489
2026,4,p63,OkonRecycling,401933,Phantom Solar,TX,24975.78728358552
2026,4,p63,OkonRecycling,404872,"Pisgah Ridge Solar, LLC",TX,1156.704424043659
2026,4,p63,OkonRecycling,406416,Pitts Dudik Solar,TX,5808.25577984614
2026,4,p63,OkonRecycling,403189,Rippey Solar,TX,8802.727722145142
2026,4,p63,OkonRecycling,404630,"Samson Solar Energy III, LLC",TX,1087.758503552183
2026,4,p63,OkonRecycling,402652,Sterling Solar (TX),TX,8337.34100804431
2026,4,p63,OkonRecycling,404812,Sun Valley Solar Project,TX,1536.9025591436318
2026,4,p63,OkonRecycling,404388,"TPE Erath Solar, LLC",TX,19994.821938216366
2026,4,p63,OkonRecycling,403457,"TPE Whitney Solar, LLC",TX,57549.243429827184
2026,4,p63,OkonRecycling,405361,Toyota HQ Plan,TX,2795.7967009997647
2026,4,p63,OkonRecycling,405907,Verizon Hidden Ridge Solar Project,TX,3628.177358600042
2026,4,p63,OkonRecycling,405984,Waco Solar,TX,938.7453390737121
2026,4,p63,OkonRecycling,402497,West Moore Solar II,TX,103340.99854646099
2026,4,p63,OkonRecycling,402330,Whitesboro Solar,TX,25727.34168275268
2026,4,p63,OkonRecycling,402331,Whitesboro Solar II,TX,51497.63468613954
2026,4,p63,OkonRecycling,402414,Whitewright Solar,TX,49093.05221232948
2026,4,p63,OkonRecycling,402654,Yellow Jacket,TX,133625.05759104746
2026,4,p64,OkonRecycling,405731,Austin TX GigaFactory,TX,434520.1945729335
2026,4,p64,OkonRecycling,404721,"Blue Jay Solar I, LLC",TX,1467.1962454929771
2026,4,p64,OkonRecycling,402648,Bovine,TX,100049.21638140251
2026,4,p64,OkonRecycling,402389,"E-Volve Energy Holdings, LLC",TX,150358.0262028366
2026,4,p64,OkonRecycling,400227,East Blackland Solar Project 1,TX,2139.3772682770336
2026,4,p64,OkonRecycling,405101,IKEA Round Rock 027,TX,173919.8533259384
2026,4,p64,SolarCycle,402653,Lampwick,TX,27397.66083963266
2026,4,p65,OkonRecycling,405700,Aktina Solar,TX,26558.690900573107
2026,4,p65,OkonRecycling,405477,Brightside,TX,207825.82278446862
2026,4,p65,OkonRecycling,401728,CPS 1 Community Solar,TX,12882605.719556142
2026,4,p65,OkonRecycling,402656,Cascade Solar (TX),TX,2582100.10484073
2026,4,p65,OkonRecycling,404359,FELPS 1-Calaveras,TX,26751735.787166744
2026,4,p65,OkonRecycling,404361,FELPS 2-Calaveras,TX,26751120.81824379
2026,4,p65,OkonRecycling,404739,FELPS 6- Floresville West,TX,13615009.29339001
2026,4,p65,OkonRecycling,404740,FELPS 7- Floresville West,TX,9073874.885186892
2026,4,p65,OkonRecycling,406516,Ganado Solar,TX,173820.05517668524
2026,4,p65,SolarCycle,405801,Horizon Solar,TX,72158.64710311677
2026,4,p65,OkonRecycling,405380,IKEA Live Oak Rooftop PV System,TX,7245516.143560153
2026,4,p65,SolarCycle,403343,Mars Solar,TX,3824601.9830392846
2026,4,p65,OkonRecycling,404877,Nebula Solar,TX,354892.3395405986
2026,4,p65,OkonRecycling,400965,"OCI Alamo 3, LLC",TX,2284123.0154152154
2026,4,p65,SolarCycle,400966,"OCI Alamo 5, LLC",TX,87277.88987058745
2026,4,p65,OkonRecycling,400593,OCI Alamo Solar I Hybrid,TX,329943.7100339924
2026,4,p65,SolarCycle,405809,Shakes Solar,TX,70974.6034289885
2026,4,p65,OkonRecycling,405545,Sparta Solar,TX,41403.64397944681
2026,4,p65,OkonRecycling,400379,"SunE CPS1, LLC",TX,545103.3878933401
2026,4,p65,OkonRecycling,400353,"SunE CPS3, LLC",TX,2610278.532121849
2026,4,p65,OkonRecycling,406032,Tres Bahias,TX,49776.79076665304
2026,4,p66,OkonRecycling,406386,Umbriel Solar,TX,50179.97884674353
2026,4,p67,OkonRecycling,404939,Brazoria County Solar Project (Danciger),TX,5775.321235100782
2026,4,p67,OkonRecycling,404681,Brazoria West,TX,16776.860599003776
2026,4,p67,OkonRecycling,402649,Bronson,TX,98309.10665563826
2026,4,p67,OkonRecycling,406178,"Cutlass Solar 1, LLC",TX,28226.19305471252
2026,4,p67,OkonRecycling,404587,Fighting Jays Solar Project,TX,14207.588075659703
2026,4,p67,OkonRecycling,405564,"Fort Bend Solar, LLC",TX,12608.877521026427
2026,4,p67,OkonRecycling,404853,"Longbow Solar, LLC",TX,58196.25263257334
2027,1,p12,ComstockMetals,402144,Battle Mountain Solar Project,NV,4917.697817363525
2027,1,p12,ComstockMetals,405025,Brady,NV,1491.8807821266498
2027,1,p12,ComstockMetals,405553,Dodge Flat,NV,457.2227541328419
2027,1,p12,ComstockMetals,402609,"EGP Stillwater Solar PV II, LLC",NV,6132.865797637607
2027,1,p12,ComstockMetals,401086,Ft. Churchill PV,NV,2152.314003350026
2027,1,p12,ComstockMetals,405028,Galena 2 Geothermal Power Plant,NV,3371.674376019778
2027,1,p12,ComstockMetals,400468,"Patua Acquisition Project, LLC",NV,1866.5600790792794
2027,1,p12,ComstockMetals,405021,Steamboat Hills LP,NV,4882.609031464466
2027,1,p12,ComstockMetals,405023,Steamboat II,NV,3001.9544197907444
2027,1,p12,ComstockMetals,405024,Steamboat III,NV,1972.7266626688584
2027,1,p12,ComstockMetals,400029,Stillwater Facility,NV,5696.409662196446
2027,1,p12,ComstockMetals,401318,Sunshine Valley Solar,NV,2984.124850975066
2027,1,p12,ComstockMetals,405576,Tesla Reno GigaFactory,NV,1144.967290112015
2027,1,p12,ComstockMetals,403308,Turquoise Liberty Solar,NV,2422.2697300703203
2027,1,p12,ComstockMetals,403884,"Turquoise Nevada, LLC",NV,1537.9367512247857
2027,1,p12,ComstockMetals,400035,Western 102 Power Plant,NV,6712.462990793709
2027,1,p13,WeRecycleSolar,400555,Apex Solar PV Power Project,NV,28873.619503559446
2027,1,p13,WeRecycleSolar,405385,Arrow Canyon Solar Hybrid,NV,2047.091399972266
2027,1,p13,WeRecycleSolar,401649,"Boulder Solar Power, LLC",NV,10578.7669857448
2027,1,p13,WeRecycleSolar,400086,CM48,NV,42450.117222840745
2027,1,p13,WeRecycleSolar,400363,Copper Mountain Solar 2,NV,13477.857235208623
2027,1,p13,WeRecycleSolar,403688,"Copper Mountain Solar 5, LLC",NV,8442.617180899673
2027,1,p13,WeRecycleSolar,405556,Dry Lake Solar Energy Center,NV,7970.943601312206
2027,1,p13,WeRecycleSolar,405495,Gemini Solar,NV,1050.3045652829646
2027,1,p13,WeRecycleSolar,406090,IGS LAS1,NV,2151454.0997279556
2027,1,p13,WeRecycleSolar,406089,IGS VGT,NV,1124435.612329174
2027,1,p13,WeRecycleSolar,405309,IKEA Las Vegas 462,NV,448363.83176970354
2027,1,p13,WeRecycleSolar,400545,Las Vegas WPCF Solar Plant,NV,662207.9468024184
2027,1,p13,WeRecycleSolar,400036,Nellis Air Force Base Solar Array,NV,187482.24287107485
2027,1,p13,WeRecycleSolar,401274,River Mountains Solar,NV,146435.66740741616
2027,1,p13,WeRecycleSolar,400658,Silver State Solar Power South,NV,8727.43791699446
2027,1,p13,WeRecycleSolar,405246,"Solar Las Vegas MB 2, LLC",NV,491648.1053946665
2027,1,p13,WeRecycleSolar,405188,Solar Las Vegas MB-1,NV,226116.3973063475
2027,1,p13,WeRecycleSolar,402691,"Techren Solar III, LLC",NV,20771.066112204244
2027,1,p13,WeRecycleSolar,404971,Yellow Pine Solar,NV,13304.204777984227
2027,1,p27,WeRecycleSolar,400374,"Black Mountain Solar, LLC",AZ,17195.246916137665
2027,1,p27,WeRecycleSolar,402236,Gray Hawk Solar,AZ,3821.288882142709
2027,1,p27,WeRecycleSolar,401819,Jacobson 5 MW Solar,AZ,72484.3039702463
2027,1,p27,WeRecycleSolar,401311,Mohave Electric at Fort Mohave,AZ,19244.40439575189
2027,1,p28,WeRecycleSolar,400148,Agua Caliente Solar Project,AZ,1019.8651031573085
2027,1,p28,WeRecycleSolar,400274,Arizona Western College PV,AZ,107300.92061764392
2027,1,p28,WeRecycleSolar,400240,Arlington Valley Solar Energy II,AZ,3232.7494855226855
2027,1,p28,FabTechSolar,401688,Bonnybrooke PV,AZ,5236.989997193447
2027,1,p28,WeRecycleSolar,400371,Buckeye Union HS District 201,AZ,24246.295694455148
2027,1,p28,FabTechSolar,403257,East Line Solar,AZ,3064.1765143629177
2027,1,p28,FabTechSolar,406171,Eleven Mile Solar Center,AZ,1234.0434809005276
2027,1,p28,WeRecycleSolar,400349,Foothills Solar Plant Hybrid,AZ,32489.809567654953
2027,1,p28,FabTechSolar,400825,Fort Huachuca Solar PV Project,AZ,34042.78319551439
2027,1,p28,WeRecycleSolar,400845,Gila Bend Hybrid,AZ,4275.024031362085
2027,1,p28,FabTechSolar,405282,Intel - Ocotillo Campus Solar,AZ,4649.804639711753
2027,1,p28,WeRecycleSolar,405125,Jewish Community Center PV,AZ,25758.56067479526
2027,1,p28,WeRecycleSolar,402234,Kayenta Solar Project,AZ,19011.59638455044
2027,1,p28,WeRecycleSolar,405068,Macys Goodyear,AZ,26411.95060871351
2027,1,p28,FabTechSolar,404512,Mesa Solar Array,AZ,11615.033216654587
2027,1,p28,WeRecycleSolar,400250,Mesquite Solar 1,AZ,2761.120001456033
2027,1,p28,WeRecycleSolar,401622,"Mesquite Solar 3, LLC",AZ,1300.0472179204462
2027,1,p28,WeRecycleSolar,403572,OE_AZ1,AZ,8212.89923720296
2027,1,p28,WeRecycleSolar,405150,Phoenix Airport East Economy Lot,AZ,10276.390377484664
2027,1,p28,WeRecycleSolar,405151,Phoenix Airport Rental Car Center,AZ,3120.339062730082
2027,1,p28,FabTechSolar,400125,"Poseidon Solar, LLC",AZ,8154.612315575206
2027,1,p28,WeRecycleSolar,400031,Prescott Airport,AZ,118418.56396731352
2027,1,p28,WeRecycleSolar,400401,Prescott Solar Plant,AZ,34767.16557468923
2027,1,p28,WeRecycleSolar,400289,"RE Bagdad Solar I, LLC",AZ,27752.307124888022
2027,1,p28,FabTechSolar,401726,Red Rock,AZ,4327.085174890719
2027,1,p28,WeRecycleSolar,400416,Saddle Mountain Solar I,AZ,9106.042974847524
2027,1,p28,FabTechSolar,403674,Saint Solar,AZ,3128.391518524414
2027,1,p28,FabTechSolar,401214,Sandstone Solar,AZ,4931.670239594094
2027,1,p28,WeRecycleSolar,405029,Solana Generating Station,AZ,1319.68538212136
2027,1,p28,WeRecycleSolar,406275,Sonoran Solar Energy,AZ,904.4469408453032
2027,1,p28,WeRecycleSolar,401975,"Sun Streams, LLC",AZ,2688.1621357502586
2027,1,p28,WeRecycleSolar,405311,T0588 Phoenix - AZ,AZ,55636.100235083526
2027,1,p28,FabTechSolar,405134,Union HS at Casa Grande,AZ,30810.127129886878
2027,1,p28,FabTechSolar,405135,Vista Grande HS at Casa Grande,AZ,158564.85743269342
2027,1,p28,FabTechSolar,400334,Walmart Casa Grande,AZ,39082.39987323858
2027,1,p29,FabTechSolar,400014,Springerville,AZ,75747.19489736474
2027,1,p30,FabTechSolar,405143,Actus Lend Lease DMAFB,AZ,27230.594993661885
2027,1,p30,FabTechSolar,405611,Amazon TUS2,AZ,163905.2762059222
2027,1,p30,FabTechSolar,400939,Avalon Solar,AZ,5394.011749584029
2027,1,p30,FabTechSolar,401479,Avalon Solar II,AZ,27354.555131756275
2027,1,p30,FabTechSolar,404704,Broadway 2 - Tucson Phase II,AZ,23250.100085942908
2027,1,p30,FabTechSolar,404536,Iron Horse Battery Storage Hybrid,AZ,217792.77988635405
2027,1,p30,FabTechSolar,400552,"Picture Rocks Solar, LLC",AZ,15873.71246030501
2027,1,p30,FabTechSolar,405374,Pima Community College,AZ,381718.16826727084
2027,1,p30,FabTechSolar,405303,Pima Community College - East Campus,AZ,77259.17324121407
2027,1,p30,FabTechSolar,405516,Pima Community College NW,AZ,132652.95030999882
2027,1,p30,FabTechSolar,404926,Raptor Ridge,AZ,17016.72531945904
2027,1,p30,FabTechSolar,400857,Rio Rico Solar,AZ,24486.14928303078
2027,1,p30,FabTechSolar,401076,Tech Park Solar,AZ,43091.540486145655
2027,1,p30,FabTechSolar,401075,Valencia Solar,AZ,46508.49724735151
2027,1,p30,FabTechSolar,404187,"Wilmot Energy Center, LLC",AZ,1533.3210361464967
2027,1,p31,SolarCycle,400211,Alamogordo Solar Energy Center,NM,204165.98612859205
2027,1,p31,FabTechSolar,400206,Albuquerque Solar Energy Center,NM,541983.8842251543
2027,1,p31,SolarCycle,403675,Alcalde Solar Array,NM,672614.3235431138
2027,1,p31,FabTechSolar,405469,Arroyo Solar Energy Storage Hybrid,NM,7141.658293668865
2027,1,p31,FabTechSolar,403321,Bluewater CDEC 1,NM,1435949.772114943
2027,1,p31,SolarCycle,402876,CNMEC Solar Energy Center,NM,1971439.44009473
2027,1,p31,SolarCycle,402519,Carrizozo Solar,NM,517243.18249360274
2027,1,p31,FabTechSolar,401202,Cibola,NM,258221.28015634837
2027,1,p31,FabTechSolar,403604,City of Rio Rancho WWTP,NM,1746342.686241015
2027,1,p31,FabTechSolar,401225,City of Truth or Consequences PV,NM,611048.0511860679
2027,1,p31,FabTechSolar,400209,Deming Solar Energy Center,NM,92035.22159733743
2027,1,p31,FabTechSolar,403868,Encino Solar Energy Center,NM,19606.033360683792
2027,1,p31,FabTechSolar,401038,Eubank Landfill Solar Array,NM,2171240.5451953034
2027,1,p31,FabTechSolar,402443,Facebook 3 Solar Energy Center,NM,103257.19989667661
2027,1,p31,FabTechSolar,403322,Grants CDEC 2,NM,387748.11383296316
2027,1,p31,FabTechSolar,400216,"Hatch Solar Energy Center I, LLC",NM,713007.5994365434
2027,1,p31,SolarCycle,401617,Holloman Solar Facility,NM,613455.5532833422
2027,1,p31,SolarCycle,400427,Kit Carson,NM,1357116.360969916
2027,1,p31,SolarCycle,400210,Las Vegas Solar Energy Center,NM,414702.9536521254
2027,1,p31,SolarCycle,400434,Los Alamos PV Site,NM,4809788.578811148
2027,1,p31,FabTechSolar,400838,Macho Springs,NM,32965.065523351244
2027,1,p31,FabTechSolar,400582,Manzano Solar,NM,130409.86129072036
2027,1,p31,SolarCycle,401201,Meadow Lake Solar Energy Center,NM,155147.04980983448
2027,1,p31,SolarCycle,405693,NMSU Solar and Storage,NM,1150554.6283007516
2027,1,p31,SolarCycle,400581,Otero Solar,NM,200890.09557809276
2027,1,p31,SolarCycle,400146,Questa Solar Facility,NM,2574230.4589724885
2027,1,p31,FabTechSolar,403178,"RC Energy AA, LLC Solar Facility",NM,4364533.386997511
2027,1,p31,FabTechSolar,401566,Rio Communities Solar Energy Center,NM,205246.42154090712
2027,1,p31,FabTechSolar,403084,Rio De Oro Solar Energy Center,NM,82828.93833414935
2027,1,p31,FabTechSolar,400624,Rio Rancho High School,NM,2161257.278429269
2027,1,p31,FabTechSolar,404648,"Route 66 Energy Center, LLC",NM,73236.70367407215
2027,1,p31,SolarCycle,405458,San Miguel II Solar Energy Center,NM,206554.1352460656
2027,1,p31,FabTechSolar,401161,Sandoval Solar Energy Center,NM,231420.98755683465
2027,1,p31,SolarCycle,401564,Santa Fe Solar Energy Center,NM,236057.3187081907
2027,1,p31,FabTechSolar,400596,Silver City WWTP PV Project,NM,1396264.7902847286
2027,1,p31,FabTechSolar,401563,South Valley Solar Energy Center,NM,209324.68685416333
2027,1,p31,SolarCycle,401162,Springer Solar 1,NM,1685459.4249415153
2027,1,p31,FabTechSolar,400623,Sue Cleveland High School,NM,4358435.265146002
2027,1,p31,SolarCycle,400343,"SunE EPE1, LLC",NM,312983.7259594857
2027,1,p31,SolarCycle,402854,Syncarpha Eagle Nest,NM,1630258.8699254235
2027,1,p31,SolarCycle,403412,Syncarpha El Rito,NM,1589322.7960407871
2027,1,p31,SolarCycle,403413,Syncarpha Questa,NM,1087267.590523298
2027,1,p31,SolarCycle,403411,Syncarpha Taos,NM,526516.2507636095
2027,1,p31,SolarCycle,404618,Taos Mesa Energy Facility Hybrid,NM,329901.9109234373
2027,1,p31,SolarCycle,400354,WSMR I,NM,177740.41607437024
2027,1,p31,FabTechSolar,405245,Wal-Mart Truth or Consequences PV,NM,3510791.382744023
2027,1,p47,SolarCycle,400979,"Caprock Solar 1, LLC",NM,40263.2786469211
2027,1,p47,SolarCycle,404980,Chaves County Solar II,NM,10525.379385188771
2027,1,p47,SolarCycle,400614,GSE NM1,NM,571840.5763183234
2027,1,p47,SolarCycle,400546,SEV NM Phase 2,NM,763917.1809678673
2027,1,p47,SolarCycle,400260,SPS1 Dollarhide,NM,22071.039906654536
2027,1,p47,SolarCycle,400261,SPS2 Jal,NM,8206.236468629695
2027,1,p47,SolarCycle,400262,SPS3 Lea,NM,51848.051318062535
2027,1,p47,SolarCycle,400264,SPS5 Hopi,NM,151717.54363603366
2027,1,p47,SolarCycle,404698,SoCore Clovis 1,NM,603105.1198197781
2027,1,p48,SolarCycle,406439,"BESSP1, LLC",TX,157100.05471421644
2027,1,p48,SolarCycle,405590,"Hecate Energy Frye Solar, LLC",TX,4258.024938219875
2027,1,p57,OkonRecycling,404918,"Hecate Energy Upshur Rural, LLC",TX,89182.08371283529
2027,1,p59,SolarCycle,402666,Fort Bliss (DEA EPIC),TX,194560.0536935482
2027,1,p59,SolarCycle,401616,Montana Solar Facility,TX,124752.13605995136
2027,1,p60,SolarCycle,403962,"ANSON Solar Center, LLC",TX,5175.54817609188
2027,1,p60,OkonRecycling,403883,Azure Sky Solar,TX,4826.07025005326
2027,1,p60,SolarCycle,403232,"ENGIE Long Draw Solar, LLC",TX,916.2268699258285
2027,1,p60,SolarCycle,402721,Holstein 1 Solar Farm,TX,2332.5672688439026
2027,1,p60,SolarCycle,405492,Juno Solar Project,TX,789.7093096785903
2027,1,p60,SolarCycle,402541,Lamesa II,TX,2400.7424950159243
2027,1,p60,SolarCycle,401660,Lamesa Solar,TX,1709.6211212258295
2027,1,p60,SolarCycle,405932,Lumina II Solar Project,TX,1134.3404095763058
2027,1,p60,SolarCycle,405933,Lumina Solar Project,TX,1425.2808257472843
2027,1,p60,SolarCycle,402909,Misae Solar,TX,2237.380625484103
2027,1,p60,OkonRecycling,400968,"OCI Alamo 7, LLC",TX,5075.908441869791
2027,1,p60,SolarCycle,405939,Texas Solar Nova 1,TX,1449.3569025391146
2027,1,p61,SolarCycle,400967,Alamo 6,TX,1025.8303681850323
2027,1,p61,SolarCycle,403557,Aragorn Solar Project,TX,1588.8383836776738
2027,1,p61,SolarCycle,400691,Barilla Solar,TX,2872.856085807036
2027,1,p61,SolarCycle,401946,Bluebell Solar,TX,5653.763563538946
2027,1,p61,SolarCycle,403574,Bluebell Solar II,TX,1308.3100231388808
2027,1,p61,SolarCycle,400554,"Bryan Solar, LLC",TX,17381.1485460119
2027,1,p61,SolarCycle,401463,Buckthorn Westex,TX,738.4470133682486
2027,1,p61,SolarCycle,401703,East Pecos Solar,TX,1249.4076699763652
2027,1,p61,SolarCycle,405363,Galloway 1 Solar Farm,TX,701.058108805262
2027,1,p61,SolarCycle,405494,Galloway 2 Solar Farm,TX,2756.243092295403
2027,1,p61,SolarCycle,403210,Greasewood,TX,592.5298144188662
2027,1,p61,SolarCycle,406370,Hayhurst Texas Solar,TX,7506.279777252295
2027,1,p61,SolarCycle,402304,Midway Solar-TX,TX,779.9956955433283
2027,1,p61,SolarCycle,400695,"OCI Alamo 4, LLC",TX,6588.987747444243
2027,1,p61,SolarCycle,401868,Pearl Solar,TX,1407.7568545820216
2027,1,p61,SolarCycle,402290,RE Maplewood,TX,567.7153689166666
2027,1,p61,SolarCycle,401430,RE Roserock,TX,1005.8918798228398
2027,1,p61,SolarCycle,402848,Rambler,TX,1009.095622892168
2027,1,p61,SolarCycle,402083,Solaire Holman Solar Project,TX,2431.5870689399267
2027,1,p61,SolarCycle,403023,"Taygete Energy Project, LLC",TX,579.1952056720188
2027,1,p61,SolarCycle,404647,Taygete II Energy Project,TX,584.5371275911722
2027,1,p61,SolarCycle,403551,Titan Solar Project,TX,1228.4135394508348
2027,1,p61,SolarCycle,406103,Zier Solar,TX,2662.7458128486037
2027,1,p62,SolarCycle,403502,2W Permian Solar Project Hybrid,TX,459.53244664590017
2027,1,p62,SolarCycle,403697,CED Crane Solar,TX,1359.7027736600285
2027,1,p62,SolarCycle,401525,Castle Gap Solar Hybrid,TX,603.4802770668767
2027,1,p62,SolarCycle,404599,Emerald Grove,TX,1258.3042945732611
2027,1,p62,SolarCycle,403004,Lapetus,TX,1226.864443012043
2027,1,p62,SolarCycle,403280,Oberon IA,TX,528.003993359121
2027,1,p62,SolarCycle,403279,Oberon IB,TX,1047.2139586862845
2027,1,p62,SolarCycle,403602,Oxy Renewable Energy-Goldsmith,TX,1737.159322403513
2027,1,p62,SolarCycle,402679,Phoebe Solar,TX,504.6107328171432
2027,1,p62,SolarCycle,403177,Prospero Solar,TX,527.2802895014756
2027,1,p62,SolarCycle,404128,Prospero Solar II,TX,703.298652866369
2027,1,p62,SolarCycle,403070,"Roadrunner, LLC",TX,498.11419902696605
2027,1,p62,SolarCycle,401805,Upton County Solar,TX,715.958326958903
2027,1,p62,SolarCycle,402995,West of the Pecos Solar,TX,929.7247226100671
2027,1,p63,OkonRecycling,405599,"BPL Crown Solar, LLC",TX,4843.830755571101
2027,1,p63,OkonRecycling,404966,BPL Files Solar,TX,797.6959722558439
2027,1,p63,OkonRecycling,403825,Briar Creek Solar 1,TX,2151.051610638863
2027,1,p63,OkonRecycling,402610,Chisum,TX,88507.97382017568
2027,1,p63,OkonRecycling,401697,CoServ Community Solar Station,TX,51832.113463576316
2027,1,p63,OkonRecycling,403188,Coniglio Solar,TX,1477.3598432319402
2027,1,p63,OkonRecycling,406415,Dileo Solar,TX,5298.865409523564
2027,1,p63,OkonRecycling,402655,Eddy II,TX,46696.27793290181
2027,1,p63,OkonRecycling,406221,Eiffel Solar Project,TX,1258.4258390133002
2027,1,p63,OkonRecycling,405540,"Ellis Solar, LLC",TX,1800.069603284463
2027,1,p63,OkonRecycling,403823,Elm Branch Solar 1,TX,1016.9779896366042
2027,1,p63,OkonRecycling,406206,Five Wells Solar Center - Hybrid,TX,1418.992422440605
2027,1,p63,OkonRecycling,404567,G.S.E. One LLC,TX,2034.9140150602886
2027,1,p63,OkonRecycling,403288,Griffin Solar,TX,81012.02706214428
2027,1,p63,OkonRecycling,406202,Grizzly Ridge Solar,TX,5165.697614971507
2027,1,p63,OkonRecycling,402329,Highway 56 Solar,TX,12361.748259599808
2027,1,p63,OkonRecycling,405319,IKEA Grand Prairie Rooftop PV System,TX,33895.03038066522
2027,1,p63,OkonRecycling,405689,"IP Radian, LLC",TX,1876.5263538220995
2027,1,p63,OkonRecycling,403481,Impact Solar 1,TX,1246.6916798144991
2027,1,p63,OkonRecycling,403190,Kellam Solar,TX,3663.6056291573855
2027,1,p63,OkonRecycling,403874,Lily Solar Hybrid,TX,1241.3357934248027
2027,1,p63,OkonRecycling,402404,Marlin Solar,TX,85424.01397739103
2027,1,p63,OkonRecycling,405794,Noble Solar,TX,1166.0466309162448
2027,1,p63,OkonRecycling,402405,North Gainesville Solar,TX,15680.896101135664
2027,1,p63,OkonRecycling,401933,Phantom Solar,TX,37263.68092537828
2027,1,p63,OkonRecycling,404872,"Pisgah Ridge Solar, LLC",TX,1535.0566360654884
2027,1,p63,OkonRecycling,406416,Pitts Dudik Solar,TX,3104.12788992307
2027,1,p63,OkonRecycling,403189,Rippey Solar,TX,8802.727722145142
2027,1,p63,OkonRecycling,404630,"Samson Solar Energy III, LLC",TX,1259.6981294402285
2027,1,p63,OkonRecycling,402652,Sterling Solar (TX),TX,4809.63389335795
2027,1,p63,OkonRecycling,404812,Sun Valley Solar Project,TX,1536.9025591436318
2027,1,p63,OkonRecycling,403457,"TPE Whitney Solar, LLC",TX,19449.747809942393
2027,1,p63,OkonRecycling,405361,Toyota HQ Plan,TX,2795.7967009997647
2027,1,p63,OkonRecycling,405907,Verizon Hidden Ridge Solar Project,TX,3986.863731777824
2027,1,p63,OkonRecycling,405984,Waco Solar,TX,938.7453390737121
2027,1,p63,OkonRecycling,402306,Walnut Springs Solar,TX,43338.64435253917
2027,1,p63,OkonRecycling,402497,West Moore Solar II,TX,103340.99854646099
2027,1,p63,OkonRecycling,402330,Whitesboro Solar,TX,51054.68336550535
2027,1,p63,OkonRecycling,402331,Whitesboro Solar II,TX,51497.63468613954
2027,1,p63,OkonRecycling,402654,Yellow Jacket,TX,133625.05759104746
2027,1,p64,OkonRecycling,405731,Austin TX GigaFactory,TX,434520.1945729335
2027,1,p64,OkonRecycling,404721,"Blue Jay Solar I, LLC",TX,1200.3971841197326
2027,1,p64,OkonRecycling,402389,"E-Volve Energy Holdings, LLC",TX,120366.42096226929
2027,1,p64,OkonRecycling,400227,East Blackland Solar Project 1,TX,3009.0659024155498
2027,1,p64,OkonRecycling,405101,IKEA Round Rock 027,TX,520959.55997781514
2027,1,p64,SolarCycle,402653,Lampwick,TX,27397.66083963266
2027,1,p64,OkonRecycling,405613,Niagara Bottling - Seguin,TX,212465.2171364327
2027,1,p65,OkonRecycling,405477,Brightside,TX,207825.82278446862
2027,1,p65,OkonRecycling,401728,CPS 1 Community Solar,TX,25764811.43911229
2027,1,p65,OkonRecycling,404359,FELPS 1-Calaveras,TX,8917511.92905558
2027,1,p65,OkonRecycling,404361,FELPS 2-Calaveras,TX,13375760.409121893
2027,1,p65,OkonRecycling,404739,FELPS 6- Floresville West,TX,27229618.586780023
2027,1,p65,OkonRecycling,404740,FELPS 7- Floresville West,TX,13610612.327780336
2027,1,p65,OkonRecycling,406516,Ganado Solar,TX,173820.05517668524
2027,1,p65,SolarCycle,405801,Horizon Solar,TX,36279.323551558395
2027,1,p65,OkonRecycling,405380,IKEA Live Oak Rooftop PV System,TX,14490632.287120309
2027,1,p65,SolarCycle,403343,Mars Solar,TX,1275133.9943464284
2027,1,p65,OkonRecycling,404877,Nebula Solar,TX,177646.1697702993
2027,1,p65,OkonRecycling,400694,"OCI Alamo 2, LLC",TX,2871294.1572433594
2027,1,p65,SolarCycle,400966,"OCI Alamo 5, LLC",TX,261033.66961176228
2027,1,p65,OkonRecycling,400593,OCI Alamo Solar I Hybrid,TX,329943.7100339924
2027,1,p65,SolarCycle,405809,Shakes Solar,TX,28629.8413715954
2027,1,p65,OkonRecycling,405545,Sparta Solar,TX,61905.46596917021
2027,1,p65,OkonRecycling,400379,"SunE CPS1, LLC",TX,1362158.46973335
2027,1,p65,OkonRecycling,400364,"SunE CPS2, LLC",TX,1365876.8958144307
2027,1,p65,OkonRecycling,400353,"SunE CPS3, LLC",TX,870359.5107072832
2027,1,p65,OkonRecycling,406032,Tres Bahias,TX,49776.79076665304
2027,1,p66,OkonRecycling,406386,Umbriel Solar,TX,50179.97884674353
2027,1,p67,OkonRecycling,404939,Brazoria County Solar Project (Danciger),TX,5775.321235100782
2027,1,p67,OkonRecycling,404681,Brazoria West,TX,4494.215149750944
2027,1,p67,OkonRecycling,402649,Bronson,TX,147263.65998345736
2027,1,p67,OkonRecycling,406178,"Cutlass Solar 1, LLC",TX,28226.19305471252
2027,1,p67,OkonRecycling,405564,"Fort Bend Solar, LLC",TX,12608.877521026427
2027,1,p67,OkonRecycling,403514,Wagyu,TX,13938.610177310025
2027,2,p12,ComstockMetals,405025,Brady,NV,1229.0762002761999
2027,2,p12,ComstockMetals,405553,Dodge Flat,NV,431.03558579339796
2027,2,p12,ComstockMetals,402609,"EGP Stillwater Solar PV II, LLC",NV,4753.023397793867
2027,2,p12,ComstockMetals,401086,Ft. Churchill PV,NV,1287.0332484215003
2027,2,p12,ComstockMetals,405028,Galena 2 Geothermal Power Plant,NV,2656.4226245744567
2027,2,p12,ComstockMetals,400468,"Patua Acquisition Project, LLC",NV,3740.7220213317546
2027,2,p12,ComstockMetals,405021,Steamboat Hills LP,NV,3803.69069953945
2027,2,p12,ComstockMetals,405023,Steamboat II,NV,1717.126997113106
2027,2,p12,ComstockMetals,405024,Steamboat III,NV,1594.1873754925407
2027,2,p12,ComstockMetals,400029,Stillwater Facility,NV,1740.5392694024738
2027,2,p12,ComstockMetals,401318,Sunshine Valley Solar,NV,2362.152322447602
2027,2,p12,ComstockMetals,405576,Tesla Reno GigaFactory,NV,965.6612519666877
2027,2,p12,ComstockMetals,401943,Tungsten Mountain,NV,3826.8887511090916
2027,2,p12,ComstockMetals,403308,Turquoise Liberty Solar,NV,2703.2950087390623
2027,2,p12,ComstockMetals,403884,"Turquoise Nevada, LLC",NV,1264.0469667600191
2027,2,p12,ComstockMetals,400035,Western 102 Power Plant,NV,4713.805705544422
2027,2,p13,WeRecycleSolar,400555,Apex Solar PV Power Project,NV,21325.283990668722
2027,2,p13,WeRecycleSolar,405385,Arrow Canyon Solar Hybrid,NV,1459.1425999199662
2027,2,p13,WeRecycleSolar,401649,"Boulder Solar Power, LLC",NV,7880.383371173692
2027,2,p13,WeRecycleSolar,400086,CM48,NV,6580.532437183525
2027,2,p13,WeRecycleSolar,400363,Copper Mountain Solar 2,NV,10010.926935437645
2027,2,p13,WeRecycleSolar,400802,Copper Mountain Solar 3,NV,6313.223469524996
2027,2,p13,WeRecycleSolar,403688,"Copper Mountain Solar 5, LLC",NV,6310.52530281649
2027,2,p13,WeRecycleSolar,405358,Dignity - San Martin,NV,482781.80649196665
2027,2,p13,WeRecycleSolar,405355,Dignity - Siena Campus,NV,377396.68633699033
2027,2,p13,WeRecycleSolar,405556,Dry Lake Solar Energy Center,NV,11527.784082033531
2027,2,p13,WeRecycleSolar,405495,Gemini Solar,NV,877.909305041929
2027,2,p13,WeRecycleSolar,406090,IGS LAS1,NV,790805.6228340219
2027,2,p13,WeRecycleSolar,400545,Las Vegas WPCF Solar Plant,NV,162521.04953722522
2027,2,p13,WeRecycleSolar,400600,Mountain View Solar,NV,21265.239488304665
2027,2,p13,WeRecycleSolar,400036,Nellis Air Force Base Solar Array,NV,137886.87837874368
2027,2,p13,WeRecycleSolar,401274,River Mountains Solar,NV,107721.71977240276
2027,2,p13,WeRecycleSolar,401042,Searchlight Solar,NV,39848.85367637114
2027,2,p13,WeRecycleSolar,400166,Silver State Solar Power North,NV,10246.998006313468
2027,2,p13,WeRecycleSolar,400658,Silver State Solar Power South,NV,6519.84027200998
2027,2,p13,WeRecycleSolar,405246,"Solar Las Vegas MB 2, LLC",NV,541927.8928962473
2027,2,p13,WeRecycleSolar,405188,Solar Las Vegas MB-1,NV,166279.14699062056
2027,2,p13,WeRecycleSolar,402691,"Techren Solar III, LLC",NV,20360.948696729578
2027,2,p13,WeRecycleSolar,404971,Yellow Pine Solar,NV,6722.206410962472
2027,2,p27,WeRecycleSolar,400374,"Black Mountain Solar, LLC",AZ,31631.114387609603
2027,2,p27,WeRecycleSolar,402236,Gray Hawk Solar,AZ,3580.9792664789225
2027,2,p27,WeRecycleSolar,401819,Jacobson 5 MW Solar,AZ,33910.56930105109
2027,2,p28,WeRecycleSolar,400148,Agua Caliente Solar Project,AZ,2295.9363401656615
2027,2,p28,WeRecycleSolar,400274,Arizona Western College PV,AZ,163885.0382476852
2027,2,p28,WeRecycleSolar,400240,Arlington Valley Solar Energy II,AZ,2566.0812428511044
2027,2,p28,FabTechSolar,401688,Bonnybrooke PV,AZ,4098.637439817915
2027,2,p28,WeRecycleSolar,400371,Buckeye Union HS District 201,AZ,55102.6986458454
2027,2,p28,FabTechSolar,406171,Eleven Mile Solar Center,AZ,1037.7570445017764
2027,2,p28,WeRecycleSolar,400349,Foothills Solar Plant Hybrid,AZ,12668.846035698036
2027,2,p28,FabTechSolar,400825,Fort Huachuca Solar PV Project,AZ,51850.36792666745
2027,2,p28,WeRecycleSolar,400845,Gila Bend Hybrid,AZ,4844.595390182518
2027,2,p28,FabTechSolar,405282,Intel - Ocotillo Campus Solar,AZ,5274.4632182834985
2027,2,p28,WeRecycleSolar,405125,Jewish Community Center PV,AZ,39181.193257010134
2027,2,p28,WeRecycleSolar,402234,Kayenta Solar Project,AZ,28862.96859932289
2027,2,p28,WeRecycleSolar,400128,Luke Solar,AZ,3832.478823417447
2027,2,p28,WeRecycleSolar,405068,Macys Goodyear,AZ,13660.143802916708
2027,2,p28,FabTechSolar,404512,Mesa Solar Array,AZ,8975.651752016898
2027,2,p28,WeRecycleSolar,400250,Mesquite Solar 1,AZ,1302.7232682262418
2027,2,p28,WeRecycleSolar,401622,"Mesquite Solar 3, LLC",AZ,1432.3408792666708
2027,2,p28,WeRecycleSolar,403572,OE_AZ1,AZ,18322.56030031729
2027,2,p28,WeRecycleSolar,405126,Paradise Valley H.S. PV,AZ,33933.398929952455
2027,2,p28,WeRecycleSolar,405150,Phoenix Airport East Economy Lot,AZ,15504.098723221421
2027,2,p28,WeRecycleSolar,405151,Phoenix Airport Rental Car Center,AZ,3173.5011270096043
2027,2,p28,FabTechSolar,400125,"Poseidon Solar, LLC",AZ,6329.617274028133
2027,2,p28,WeRecycleSolar,400031,Prescott Airport,AZ,36497.48041954397
2027,2,p28,WeRecycleSolar,400401,Prescott Solar Plant,AZ,26679.087897374317
2027,2,p28,FabTechSolar,400323,Queen Creek Solar Farm,AZ,3509.679077722566
2027,2,p28,WeRecycleSolar,400289,"RE Bagdad Solar I, LLC",AZ,21315.12846960787
2027,2,p28,FabTechSolar,401726,Red Rock,AZ,3402.8725024514056
2027,2,p28,WeRecycleSolar,400416,Saddle Mountain Solar I,AZ,13714.270452541103
2027,2,p28,FabTechSolar,403674,Saint Solar,AZ,1095.4277368605487
2027,2,p28,FabTechSolar,401214,Sandstone Solar,AZ,3865.1726017206
2027,2,p28,WeRecycleSolar,405029,Solana Generating Station,AZ,868.8291394911572
2027,2,p28,WeRecycleSolar,406275,Sonoran Solar Energy,AZ,785.7287988800099
2027,2,p28,WeRecycleSolar,403643,Sun Streams 2,AZ,1307.7685156543957
2027,2,p28,WeRecycleSolar,401975,"Sun Streams, LLC",AZ,983.2196020369513
2027,2,p28,FabTechSolar,405134,Union HS at Casa Grande,AZ,19002.649137994296
2027,2,p28,FabTechSolar,405135,Vista Grande HS at Casa Grande,AZ,30635.45964036789
2027,2,p28,FabTechSolar,400334,Walmart Casa Grande,AZ,89136.2838353081
2027,2,p29,FabTechSolar,400014,Springerville,AZ,63826.46345682504
2027,2,p30,FabTechSolar,405611,Amazon TUS2,AZ,47110.86089494229
2027,2,p30,FabTechSolar,400939,Avalon Solar,AZ,6820.194326446757
2027,2,p30,FabTechSolar,401479,Avalon Solar II,AZ,8100.4883540199535
2027,2,p30,FabTechSolar,400226,Avra Valley Solar,AZ,5319.956906366178
2027,2,p30,FabTechSolar,404704,Broadway 2 - Tucson Phase II,AZ,33039.5536375764
2027,2,p30,FabTechSolar,400761,"Gato Montes Solar, LLC",AZ,74793.71027688698
2027,2,p30,FabTechSolar,404536,Iron Horse Battery Storage Hybrid,AZ,93558.49741797346
2027,2,p30,FabTechSolar,400552,"Picture Rocks Solar, LLC",AZ,13661.781766932298
2027,2,p30,FabTechSolar,405374,Pima Community College,AZ,109336.5452171356
2027,2,p30,FabTechSolar,405303,Pima Community College - East Campus,AZ,132144.67147772395
2027,2,p30,FabTechSolar,404926,Raptor Ridge,AZ,14641.403634262724
2027,2,p30,FabTechSolar,400857,Rio Rico Solar,AZ,21043.091062777217
2027,2,p30,FabTechSolar,401076,Tech Park Solar,AZ,36988.88548393372
2027,2,p30,FabTechSolar,400156,UASTP I,AZ,312132.4797581433
2027,2,p30,FabTechSolar,401075,Valencia Solar,AZ,20158.69816840066
2027,2,p30,FabTechSolar,404187,"Wilmot Energy Center, LLC",AZ,1856.9732013378937
2027,2,p31,FabTechSolar,400206,Albuquerque Solar Energy Center,NM,1752782.727719261
2027,2,p31,SolarCycle,403675,Alcalde Solar Array,NM,816047.0337839092
2027,2,p31,FabTechSolar,405469,Arroyo Solar Energy Storage Hybrid,NM,5853.432927990881
2027,2,p31,FabTechSolar,403321,Bluewater CDEC 1,NM,1161638.6828287332
2027,2,p31,SolarCycle,402876,CNMEC Solar Energy Center,NM,797602.3289192586
2027,2,p31,SolarCycle,402519,Carrizozo Solar,NM,279121.6940046881
2027,2,p31,FabTechSolar,401202,Cibola,NM,139437.1129767668
2027,2,p31,FabTechSolar,402988,City of Gallup Solar,NM,313429.4315427224
2027,2,p31,FabTechSolar,403604,City of Rio Rancho WWTP,NM,941946.9133139141
2027,2,p31,FabTechSolar,401225,City of Truth or Consequences PV,NM,494362.767718279
2027,2,p31,FabTechSolar,403868,Encino Solar Energy Center,NM,21114.74805016549
2027,2,p31,FabTechSolar,401038,Eubank Landfill Solar Array,NM,878413.4497252245
2027,2,p31,FabTechSolar,402443,Facebook 3 Solar Energy Center,NM,166805.59825592002
2027,2,p31,FabTechSolar,403322,Grants CDEC 2,NM,627063.905690856
2027,2,p31,FabTechSolar,400216,"Hatch Solar Energy Center I, LLC",NM,576839.442377745
2027,2,p31,FabTechSolar,406109,"Jicarilla Solar 1, LLC",NM,18128.87567548684
2027,2,p31,SolarCycle,400427,Kit Carson,NM,3292807.30747457
2027,2,p31,SolarCycle,400210,Las Vegas Solar Energy Center,NM,335536.14472750307
2027,2,p31,SolarCycle,400434,Los Alamos PV Site,NM,1945594.8538998598
2027,2,p31,FabTechSolar,400207,Los Lunas Solar Energy Center,NM,237313.4153224417
2027,2,p31,FabTechSolar,400838,Macho Springs,NM,17961.59418462383
2027,2,p31,FabTechSolar,400582,Manzano Solar,NM,210734.0239573304
2027,2,p31,SolarCycle,401201,Meadow Lake Solar Energy Center,NM,62988.65550445584
2027,2,p31,SolarCycle,400581,Otero Solar,NM,324759.1535893746
2027,2,p31,SolarCycle,400146,Questa Solar Facility,NM,1041405.8745641223
2027,2,p31,FabTechSolar,403178,"RC Energy AA, LLC Solar Facility",NM,882953.9532738874
2027,2,p31,FabTechSolar,401566,Rio Communities Solar Energy Center,NM,166103.47706014325
2027,2,p31,FabTechSolar,403084,Rio De Oro Solar Energy Center,NM,167095.1464126147
2027,2,p31,FabTechSolar,400624,Rio Rancho High School,NM,1748351.278684867
2027,2,p31,SolarCycle,400135,Roadrunner Solar,NM,136018.57352379782
2027,2,p31,FabTechSolar,404648,"Route 66 Energy Center, LLC",NM,29859.374895604098
2027,2,p31,SolarCycle,403387,San Miguel I Solar Energy Center,NM,167092.86049624486
2027,2,p31,SolarCycle,405458,San Miguel II Solar Energy Center,NM,111574.20476483932
2027,2,p31,FabTechSolar,401161,Sandoval Solar Energy Center,NM,187276.49324833826
2027,2,p31,SolarCycle,401564,Santa Fe Solar Energy Center,NM,191026.8940940203
2027,2,p31,FabTechSolar,401565,Santolina Solar Energy Center,NM,158134.77127339033
2027,2,p31,FabTechSolar,400596,Silver City WWTP PV Project,NM,1129536.8797956642
2027,2,p31,FabTechSolar,406343,Sky Ranch Solar,NM,17686.05105853379
2027,2,p31,FabTechSolar,401563,South Valley Solar Energy Center,NM,169402.4497133969
2027,2,p31,SolarCycle,401162,Springer Solar 1,NM,2045006.420254322
2027,2,p31,SolarCycle,400735,Storrie Lake Solar Project,NM,1117839.1180956136
2027,2,p31,FabTechSolar,400623,Sue Cleveland High School,NM,3525682.9468695726
2027,2,p31,SolarCycle,400343,"SunE EPE1, LLC",NM,126826.93456462996
2027,2,p31,SolarCycle,402854,Syncarpha Eagle Nest,NM,1978027.5306573443
2027,2,p31,SolarCycle,403413,Syncarpha Questa,NM,1319176.3117774955
2027,2,p31,SolarCycle,403411,Syncarpha Taos,NM,425983.6710916961
2027,2,p31,SolarCycle,404618,Taos Mesa Energy Facility Hybrid,NM,266939.2537846789
2027,2,p31,FabTechSolar,403011,Vista Solar Energy Center,NM,336624.9098931605
2027,2,p31,SolarCycle,400354,WSMR I,NM,191671.25154391103
2027,2,p31,FabTechSolar,405245,Wal-Mart Truth or Consequences PV,NM,946936.8471122134
2027,2,p47,SolarCycle,400979,"Caprock Solar 1, LLC",NM,30261.198216291607
2027,2,p47,SolarCycle,404980,Chaves County Solar II,NM,9248.961574386178
2027,2,p47,SolarCycle,400614,GSE NM1,NM,856521.2673655142
2027,2,p47,SolarCycle,400546,SEV NM Phase 2,NM,381695.5792283053
2027,2,p47,SolarCycle,400260,SPS1 Dollarhide,NM,12575.175503077158
2027,2,p47,SolarCycle,400261,SPS2 Jal,NM,6978.523649543678
2027,2,p47,SolarCycle,400262,SPS3 Lea,NM,19669.61994092358
2027,2,p47,SolarCycle,400264,SPS5 Hopi,NM,57075.257498757586
2027,2,p47,SolarCycle,404698,SoCore Clovis 1,NM,451880.602193323
2027,2,p48,SolarCycle,406439,"BESSP1, LLC",TX,141004.53215098532
2027,2,p48,SolarCycle,405590,"Hecate Energy Frye Solar, LLC",TX,9054.365061558998
2027,2,p57,OkonRecycling,404918,"Hecate Energy Upshur Rural, LLC",TX,36215.3500463314
2027,2,p59,SolarCycle,402666,Fort Bliss (DEA EPIC),TX,336346.7651944756
2027,2,p59,SolarCycle,401616,Montana Solar Facility,TX,107980.56834981225
2027,2,p60,SolarCycle,403962,"ANSON Solar Center, LLC",TX,4113.987627078057
2027,2,p60,OkonRecycling,403883,Azure Sky Solar,TX,3842.1954379127637
2027,2,p60,SolarCycle,403232,"ENGIE Long Draw Solar, LLC",TX,935.2991634254005
2027,2,p60,SolarCycle,406252,Highpeak Solar 1,TX,18884.80698710633
2027,2,p60,SolarCycle,402721,Holstein 1 Solar Farm,TX,1902.9752942113746
2027,2,p60,SolarCycle,405492,Juno Solar Project,TX,703.0805053018835
2027,2,p60,SolarCycle,402541,Lamesa II,TX,3511.9915860798383
2027,2,p60,SolarCycle,401660,Lamesa Solar,TX,1418.5043603461786
2027,2,p60,SolarCycle,405932,Lumina II Solar Project,TX,1256.6549099694475
2027,2,p60,SolarCycle,405933,Lumina Solar Project,TX,1197.3703040353387
2027,2,p60,SolarCycle,402909,Misae Solar,TX,1828.94776843512
2027,2,p60,OkonRecycling,400968,"OCI Alamo 7, LLC",TX,7672.993783371738
2027,2,p60,SolarCycle,405939,Texas Solar Nova 1,TX,1216.094489828521
2027,2,p61,SolarCycle,400967,Alamo 6,TX,904.6416016179761
2027,2,p61,SolarCycle,403557,Aragorn Solar Project,TX,2317.2521389267267
2027,2,p61,SolarCycle,400691,Barilla Solar,TX,2394.0004818421767
2027,2,p61,SolarCycle,401946,Bluebell Solar,TX,4636.399820154759
2027,2,p61,SolarCycle,403574,Bluebell Solar II,TX,1132.42055378646
2027,2,p61,SolarCycle,401463,Buckthorn Westex,TX,763.878033775177
2027,2,p61,SolarCycle,401703,East Pecos Solar,TX,1084.924332206156
2027,2,p61,SolarCycle,405363,Galloway 1 Solar Farm,TX,683.2197502488233
2027,2,p61,SolarCycle,405494,Galloway 2 Solar Farm,TX,2299.968982562522
2027,2,p61,SolarCycle,403210,Greasewood,TX,555.2474262144189
2027,2,p61,SolarCycle,406370,Hayhurst Texas Solar,TX,11860.371981430473
2027,2,p61,SolarCycle,402304,Midway Solar-TX,TX,629.8086424317931
2027,2,p61,SolarCycle,400695,"OCI Alamo 4, LLC",TX,7885.784123072988
2027,2,p61,SolarCycle,401868,Pearl Solar,TX,1212.6100281976185
2027,2,p61,SolarCycle,402290,RE Maplewood,TX,512.6984732187483
2027,2,p61,SolarCycle,401430,RE Roserock,TX,888.5640968939429
2027,2,p61,SolarCycle,402848,Rambler,TX,768.3605889478716
2027,2,p61,SolarCycle,402083,Solaire Holman Solar Project,TX,2038.1808944002814
2027,2,p61,SolarCycle,403023,"Taygete Energy Project, LLC",TX,544.494994474052
2027,2,p61,SolarCycle,404647,Taygete II Energy Project,TX,548.8024812468936
2027,2,p61,SolarCycle,403551,Titan Solar Project,TX,1067.9956048839176
2027,2,p61,SolarCycle,406103,Zier Solar,TX,2224.5769606256667
2027,2,p62,SolarCycle,403502,2W Permian Solar Project Hybrid,TX,447.1224711254716
2027,2,p62,SolarCycle,403697,CED Crane Solar,TX,1159.6456854834155
2027,2,p62,SolarCycle,401525,Castle Gap Solar Hybrid,TX,561.0633195998034
2027,2,p62,SolarCycle,404599,Emerald Grove,TX,852.9229758069768
2027,2,p62,SolarCycle,403004,Lapetus,TX,1054.498480001535
2027,2,p62,SolarCycle,403280,Oberon IA,TX,501.3206212888889
2027,2,p62,SolarCycle,403279,Oberon IB,TX,912.2974579156984
2027,2,p62,SolarCycle,403602,Oxy Renewable Energy-Goldsmith,TX,1458.418645800005
2027,2,p62,SolarCycle,402679,Phoebe Solar,TX,482.80385763264684
2027,2,p62,SolarCycle,403177,Prospero Solar,TX,500.74777881295086
2027,2,p62,SolarCycle,404128,Prospero Solar II,TX,640.0738222149682
2027,2,p62,SolarCycle,403070,"Roadrunner, LLC",TX,477.6615740009298
2027,2,p62,SolarCycle,401805,Upton County Solar,TX,650.0944943105
2027,2,p62,SolarCycle,402995,West of the Pecos Solar,TX,819.299715567131
2027,2,p63,OkonRecycling,405599,"BPL Crown Solar, LLC",TX,3548.0633134135924
2027,2,p63,OkonRecycling,404966,BPL Files Solar,TX,681.7326241737294
2027,2,p63,OkonRecycling,403825,Briar Creek Solar 1,TX,2880.932168010776
2027,2,p63,OkonRecycling,402610,Chisum,TX,7335.194611710238
2027,2,p63,OkonRecycling,401697,CoServ Community Solar Station,TX,27726.34720444059
2027,2,p63,OkonRecycling,403188,Coniglio Solar,TX,1163.214709194662
2027,2,p63,OkonRecycling,406415,Dileo Solar,TX,3870.415351380779
2027,2,p63,OkonRecycling,402655,Eddy II,TX,33196.84176213349
2027,2,p63,OkonRecycling,406221,Eiffel Solar Project,TX,1008.1192195936266
2027,2,p63,OkonRecycling,405540,"Ellis Solar, LLC",TX,1391.8261960808875
2027,2,p63,OkonRecycling,403823,Elm Branch Solar 1,TX,837.0746504969118
2027,2,p63,OkonRecycling,406206,Five Wells Solar Center - Hybrid,TX,1121.866524216775
2027,2,p63,OkonRecycling,404567,G.S.E. One LLC,TX,1326.5542482588212
2027,2,p63,OkonRecycling,403288,Griffin Solar,TX,28953.266198998903
2027,2,p63,OkonRecycling,406202,Grizzly Ridge Solar,TX,2650.7184528732696
2027,2,p63,OkonRecycling,402329,Highway 56 Solar,TX,22996.924699484494
2027,2,p63,OkonRecycling,405319,IKEA Grand Prairie Rooftop PV System,TX,35992.42536099736
2027,2,p63,OkonRecycling,405689,"IP Radian, LLC",TX,1445.9890804636022
2027,2,p63,OkonRecycling,403481,Impact Solar 1,TX,999.8065996674088
2027,2,p63,OkonRecycling,403190,Kellam Solar,TX,2711.9775967435744
2027,2,p63,OkonRecycling,402421,Leon Solar,TX,9113.66647933646
2027,2,p63,OkonRecycling,403874,Lily Solar Hybrid,TX,996.0124251406052
2027,2,p63,OkonRecycling,402404,Marlin Solar,TX,120864.07430158339
2027,2,p63,OkonRecycling,405794,Noble Solar,TX,1485.3533484047323
2027,2,p63,OkonRecycling,401933,Phantom Solar,TX,26514.676256083858
2027,2,p63,OkonRecycling,404872,"Pisgah Ridge Solar, LLC",TX,1204.0878132374312
2027,2,p63,OkonRecycling,406416,Pitts Dudik Solar,TX,2315.6368172602256
2027,2,p63,OkonRecycling,403189,Rippey Solar,TX,6352.593680919554
2027,2,p63,OkonRecycling,404630,"Samson Solar Energy III, LLC",TX,1009.0205254797697
2027,2,p63,OkonRecycling,402652,Sterling Solar (TX),TX,6022.908118665811
2027,2,p63,OkonRecycling,404812,Sun Valley Solar Project,TX,2010.7909748269126
2027,2,p63,OkonRecycling,403457,"TPE Whitney Solar, LLC",TX,13895.071146685368
2027,2,p63,OkonRecycling,405361,Toyota HQ Plan,TX,2097.2112836114065
2027,2,p63,OkonRecycling,405907,Verizon Hidden Ridge Solar Project,TX,2940.977536119597
2027,2,p63,OkonRecycling,405984,Waco Solar,TX,781.6536971135295
2027,2,p63,OkonRecycling,402306,Walnut Springs Solar,TX,91654.76089147579
2027,2,p63,OkonRecycling,402497,West Moore Solar II,TX,73324.64515305974
2027,2,p63,OkonRecycling,402330,Whitesboro Solar,TX,24322.92583084443
2027,2,p63,OkonRecycling,402414,Whitewright Solar,TX,7298.949114819164
2027,2,p63,OkonRecycling,402654,Yellow Jacket,TX,47589.11894923079
2027,2,p64,OkonRecycling,405731,Austin TX GigaFactory,TX,324711.9814534451
2027,2,p64,OkonRecycling,404721,"Blue Jay Solar I, LLC",TX,997.9413074459464
2027,2,p64,OkonRecycling,402389,"E-Volve Energy Holdings, LLC",TX,224454.00725728768
2027,2,p64,OkonRecycling,400227,East Blackland Solar Project 1,TX,2349.1176479071905
2027,2,p64,OkonRecycling,405101,IKEA Round Rock 027,TX,130029.00173074516
2027,2,p64,SolarCycle,402653,Lampwick,TX,81075.02955141487
2027,2,p64,OkonRecycling,405613,Niagara Bottling - Seguin,TX,79612.26843009387
2027,2,p65,OkonRecycling,405477,Brightside,TX,145415.76952000658
2027,2,p65,OkonRecycling,402656,Cascade Solar (TX),TX,602040.3395803765
2027,2,p65,OkonRecycling,404359,FELPS 1-Calaveras,TX,9351611.659155466
2027,2,p65,OkonRecycling,404361,FELPS 2-Calaveras,TX,6234397.793520224
2027,2,p65,OkonRecycling,404739,FELPS 6- Floresville West,TX,9518660.633569572
2027,2,p65,OkonRecycling,404740,FELPS 7- Floresville West,TX,9515586.622133192
2027,2,p65,OkonRecycling,406516,Ganado Solar,TX,61020.80992148308
2027,2,p65,SolarCycle,405801,Horizon Solar,TX,25483.992170506768
2027,2,p65,OkonRecycling,405380,IKEA Live Oak Rooftop PV System,TX,5065613.572332845
2027,2,p65,SolarCycle,403343,Mars Solar,TX,1337190.1496686295
2027,2,p65,OkonRecycling,404877,Nebula Solar,TX,83011.02485914233
2027,2,p65,OkonRecycling,400965,"OCI Alamo 3, LLC",TX,3193597.8960508164
2027,2,p65,SolarCycle,400966,"OCI Alamo 5, LLC",TX,36842.899590998204
2027,2,p65,OkonRecycling,400593,OCI Alamo Solar I Hybrid,TX,230790.96125805806
2027,2,p65,SolarCycle,405809,Shakes Solar,TX,20136.077769754676
2027,2,p65,OkonRecycling,405545,Sparta Solar,TX,86399.53812379084
2027,2,p65,OkonRecycling,400379,"SunE CPS1, LLC",TX,1904468.1602498605
2027,2,p65,OkonRecycling,400364,"SunE CPS2, LLC",TX,636822.4735061817
2027,2,p65,OkonRecycling,400353,"SunE CPS3, LLC",TX,1825021.1518353634
2027,2,p65,OkonRecycling,406032,Tres Bahias,TX,34920.35630537073
2027,2,p66,OkonRecycling,406386,Umbriel Solar,TX,36578.389718284474
2027,2,p67,OkonRecycling,404939,Brazoria County Solar Project (Danciger),TX,4163.829067553702
2027,2,p67,OkonRecycling,404681,Brazoria West,TX,6133.583283850908
2027,2,p67,OkonRecycling,402649,Bronson,TX,51817.36542213335
2027,2,p67,OkonRecycling,406178,"Cutlass Solar 1, LLC",TX,19884.051218145338
2027,2,p67,OkonRecycling,404587,Fighting Jays Solar Project,TX,10068.1480192507
2027,2,p67,OkonRecycling,405564,"Fort Bend Solar, LLC",TX,8948.722222548378
2027,2,p67,OkonRecycling,403514,Wagyu,TX,19359.61647348224
2027,3,p12,ComstockMetals,405025,Brady,NV,1229.0762002761999
2027,3,p12,ComstockMetals,405553,Dodge Flat,NV,436.208183425631
2027,3,p12,ComstockMetals,402609,"EGP Stillwater Solar PV II, LLC",NV,4753.023397793867
2027,3,p12,ComstockMetals,401086,Ft. Churchill PV,NV,1287.0332484215003
2027,3,p12,ComstockMetals,405028,Galena 2 Geothermal Power Plant,NV,2656.4226245744567
2027,3,p12,ComstockMetals,402130,Luning Energy,NV,2330.406210707961
2027,3,p12,ComstockMetals,400468,"Patua Acquisition Project, LLC",NV,3740.7220213317546
2027,3,p12,ComstockMetals,405021,Steamboat Hills LP,NV,3803.69069953945
2027,3,p12,ComstockMetals,405023,Steamboat II,NV,1717.126997113106
2027,3,p12,ComstockMetals,405024,Steamboat III,NV,1594.1873754925407
2027,3,p12,ComstockMetals,400029,Stillwater Facility,NV,1740.5392694024738
2027,3,p12,ComstockMetals,401318,Sunshine Valley Solar,NV,2362.152322447602
2027,3,p12,ComstockMetals,405026,TS Power Plant,NV,4468.53512432079
2027,3,p12,ComstockMetals,405576,Tesla Reno GigaFactory,NV,1036.368908462524
2027,3,p12,ComstockMetals,401943,Tungsten Mountain,NV,9538.370002957578
2027,3,p12,ComstockMetals,403308,Turquoise Liberty Solar,NV,1935.530005826042
2027,3,p12,ComstockMetals,403884,"Turquoise Nevada, LLC",NV,1264.0469667600191
2027,3,p12,ComstockMetals,400035,Western 102 Power Plant,NV,4713.805705544422
2027,3,p13,WeRecycleSolar,400555,Apex Solar PV Power Project,NV,84101.1359626749
2027,3,p13,WeRecycleSolar,405385,Arrow Canyon Solar Hybrid,NV,1459.1425999199662
2027,3,p13,WeRecycleSolar,401649,"Boulder Solar Power, LLC",NV,15360.766742347383
2027,3,p13,WeRecycleSolar,400086,CM48,NV,15851.331092958811
2027,3,p13,WeRecycleSolar,400363,Copper Mountain Solar 2,NV,10010.926935437645
2027,3,p13,WeRecycleSolar,403688,"Copper Mountain Solar 5, LLC",NV,6310.52530281649
2027,3,p13,WeRecycleSolar,405355,Dignity - Siena Campus,NV,283147.5147527428
2027,3,p13,WeRecycleSolar,405556,Dry Lake Solar Energy Center,NV,11527.784082033531
2027,3,p13,WeRecycleSolar,405495,Gemini Solar,NV,877.909305041929
2027,3,p13,WeRecycleSolar,403386,"Harry Allen Solar Energy, LLC",NV,17160.617734892483
2027,3,p13,WeRecycleSolar,406090,IGS LAS1,NV,1581211.2456680436
2027,3,p13,WeRecycleSolar,406089,IGS VGT,NV,1652509.2023915597
2027,3,p13,WeRecycleSolar,405309,IKEA Las Vegas 462,NV,823422.3765683704
2027,3,p13,WeRecycleSolar,400545,Las Vegas WPCF Solar Plant,NV,486763.1486116756
2027,3,p13,WeRecycleSolar,400313,Moapa Southern Paiute,NV,7105.278361060527
2027,3,p13,WeRecycleSolar,400036,Nellis Air Force Base Solar Array,NV,137886.87837874368
2027,3,p13,WeRecycleSolar,401274,River Mountains Solar,NV,36173.90659080092
2027,3,p13,WeRecycleSolar,401042,Searchlight Solar,NV,26699.235784247427
2027,3,p13,WeRecycleSolar,400166,Silver State Solar Power North,NV,7785.2485047351
2027,3,p13,WeRecycleSolar,400658,Silver State Solar Power South,NV,3459.92013600499
2027,3,p13,WeRecycleSolar,405246,"Solar Las Vegas MB 2, LLC",NV,217011.15715849897
2027,3,p13,WeRecycleSolar,405188,Solar Las Vegas MB-1,NV,332158.29398124106
2027,3,p13,WeRecycleSolar,402485,"Techren Solar I, LLC",NV,15394.612816295668
2027,3,p13,WeRecycleSolar,402691,"Techren Solar III, LLC",NV,30341.423045094372
2027,3,p13,WeRecycleSolar,404971,Yellow Pine Solar,NV,9883.309616443707
2027,3,p27,WeRecycleSolar,400374,"Black Mountain Solar, LLC",AZ,10810.371462536536
2027,3,p27,WeRecycleSolar,402236,Gray Hawk Solar,AZ,3580.9792664789225
2027,3,p27,WeRecycleSolar,401819,Jacobson 5 MW Solar,AZ,67421.13860210218
2027,3,p27,WeRecycleSolar,401311,Mohave Electric at Fort Mohave,AZ,35441.56575897741
2027,3,p28,WeRecycleSolar,405418,AZ State University - Tempe Campus Solar,AZ,11418.387689328634
2027,3,p28,WeRecycleSolar,400148,Agua Caliente Solar Project,AZ,2295.9363401656615
2027,3,p28,WeRecycleSolar,400274,Arizona Western College PV,AZ,163885.0382476852
2027,3,p28,WeRecycleSolar,400240,Arlington Valley Solar Energy II,AZ,2566.0812428511044
2027,3,p28,FabTechSolar,401688,Bonnybrooke PV,AZ,4098.637439817915
2027,3,p28,WeRecycleSolar,400371,Buckeye Union HS District 201,AZ,27751.349322922695
2027,3,p28,WeRecycleSolar,400202,Cotton Center Solar Hybrid,AZ,16613.98232138879
2027,3,p28,FabTechSolar,406171,Eleven Mile Solar Center,AZ,1037.7570445017764
2027,3,p28,FabTechSolar,400825,Fort Huachuca Solar PV Project,AZ,26125.18396333373
2027,3,p28,WeRecycleSolar,400845,Gila Bend Hybrid,AZ,3363.0635934550123
2027,3,p28,FabTechSolar,405282,Intel - Ocotillo Campus Solar,AZ,5274.4632182834985
2027,3,p28,WeRecycleSolar,405125,Jewish Community Center PV,AZ,39181.193257010134
2027,3,p28,WeRecycleSolar,402234,Kayenta Solar Project,AZ,28862.96859932289
2027,3,p28,WeRecycleSolar,400595,Lake Pleasant WTP,AZ,29026.47647214333
2027,3,p28,WeRecycleSolar,405068,Macys Goodyear,AZ,40180.43140875012
2027,3,p28,FabTechSolar,404512,Mesa Solar Array,AZ,17551.303504033796
2027,3,p28,WeRecycleSolar,400250,Mesquite Solar 1,AZ,1302.7232682262418
2027,3,p28,WeRecycleSolar,401622,"Mesquite Solar 3, LLC",AZ,2464.6817585333415
2027,3,p28,WeRecycleSolar,405126,Paradise Valley H.S. PV,AZ,67466.79785990491
2027,3,p28,WeRecycleSolar,405150,Phoenix Airport East Economy Lot,AZ,30608.197446442846
2027,3,p28,WeRecycleSolar,405151,Phoenix Airport Rental Car Center,AZ,2480.1258452572033
2027,3,p28,FabTechSolar,400125,"Poseidon Solar, LLC",AZ,6329.617274028133
2027,3,p28,WeRecycleSolar,400031,Prescott Airport,AZ,90643.7010488599
2027,3,p28,FabTechSolar,400323,Queen Creek Solar Farm,AZ,3509.679077722566
2027,3,p28,FabTechSolar,400758,Red Horse 2,AZ,13717.127935841709
2027,3,p28,FabTechSolar,401726,Red Rock,AZ,3402.8725024514056
2027,3,p28,FabTechSolar,401214,Sandstone Solar,AZ,3865.1726017206
2027,3,p28,WeRecycleSolar,405029,Solana Generating Station,AZ,868.8291394911572
2027,3,p28,WeRecycleSolar,406275,Sonoran Solar Energy,AZ,785.7287988800099
2027,3,p28,WeRecycleSolar,403643,Sun Streams 2,AZ,2215.537031308792
2027,3,p28,WeRecycleSolar,401975,"Sun Streams, LLC",AZ,2149.6588061108537
2027,3,p28,WeRecycleSolar,405311,T0588 Phoenix - AZ,AZ,42636.661328130605
2027,3,p28,FabTechSolar,405135,Vista Grande HS at Casa Grande,AZ,60870.91928073579
2027,3,p30,FabTechSolar,405143,Actus Lend Lease DMAFB,AZ,115376.12366640694
2027,3,p30,FabTechSolar,405611,Amazon TUS2,AZ,70466.29134241343
2027,3,p30,FabTechSolar,401479,Avalon Solar II,AZ,8100.4883540199535
2027,3,p30,FabTechSolar,400226,Avra Valley Solar,AZ,10239.913812732355
2027,3,p30,FabTechSolar,404704,Broadway 2 - Tucson Phase II,AZ,98318.6609127292
2027,3,p30,FabTechSolar,400761,"Gato Montes Solar, LLC",AZ,74793.71027688698
2027,3,p30,FabTechSolar,404536,Iron Horse Battery Storage Hybrid,AZ,186716.9948359469
2027,3,p30,FabTechSolar,405374,Pima Community College,AZ,109336.5452171356
2027,3,p30,FabTechSolar,405516,Pima Community College NW,AZ,75965.13536720128
2027,3,p30,FabTechSolar,400857,Rio Rico Solar,AZ,82972.36425110888
2027,3,p30,FabTechSolar,401076,Tech Park Solar,AZ,36988.88548393372
2027,3,p30,FabTechSolar,400156,UASTP I,AZ,104310.82658604775
2027,3,p30,FabTechSolar,401075,Valencia Solar,AZ,20158.69816840066
2027,3,p30,FabTechSolar,404187,"Wilmot Energy Center, LLC",AZ,1856.9732013378937
2027,3,p31,SolarCycle,400211,Alamogordo Solar Energy Center,NM,494888.4878258015
2027,3,p31,FabTechSolar,400206,Albuquerque Solar Energy Center,NM,876591.3638596307
2027,3,p31,SolarCycle,403675,Alcalde Solar Array,NM,1631694.0675678179
2027,3,p31,FabTechSolar,405469,Arroyo Solar Energy Storage Hybrid,NM,5853.432927990881
2027,3,p31,FabTechSolar,403321,Bluewater CDEC 1,NM,581019.3414143665
2027,3,p31,SolarCycle,404981,Buena Vista Energy Center,NM,21450.925022094034
2027,3,p31,SolarCycle,402876,CNMEC Solar Energy Center,NM,797602.3289192586
2027,3,p31,FabTechSolar,402988,City of Gallup Solar,NM,313429.4315427224
2027,3,p31,FabTechSolar,403604,City of Rio Rancho WWTP,NM,1412720.3699708711
2027,3,p31,FabTechSolar,401225,City of Truth or Consequences PV,NM,212098.32902211955
2027,3,p31,FabTechSolar,400209,Deming Solar Energy Center,NM,99233.55361631773
2027,3,p31,FabTechSolar,403868,Encino Solar Energy Center,NM,62544.24415049646
2027,3,p31,FabTechSolar,401038,Eubank Landfill Solar Array,NM,1756426.8994504488
2027,3,p31,FabTechSolar,402443,Facebook 3 Solar Energy Center,NM,83602.79912796002
2027,3,p31,FabTechSolar,403322,Grants CDEC 2,NM,627063.905690856
2027,3,p31,FabTechSolar,400216,"Hatch Solar Energy Center I, LLC",NM,288619.7211888725
2027,3,p31,SolarCycle,401617,Holloman Solar Facility,NM,496310.23385191755
2027,3,p31,FabTechSolar,406109,"Jicarilla Solar 1, LLC",NM,71315.50270194738
2027,3,p31,SolarCycle,400427,Kit Carson,NM,549134.5512457615
2027,3,p31,SolarCycle,400210,Las Vegas Solar Energy Center,NM,167968.07236375153
2027,3,p31,SolarCycle,400434,Los Alamos PV Site,NM,3890789.7077997196
2027,3,p31,FabTechSolar,400838,Macho Springs,NM,10936.956510774298
2027,3,p31,FabTechSolar,400582,Manzano Solar,NM,140622.6826382203
2027,3,p31,SolarCycle,401201,Meadow Lake Solar Energy Center,NM,375931.9330267351
2027,3,p31,SolarCycle,405693,NMSU Solar and Storage,NM,930778.0834081697
2027,3,p31,FabTechSolar,406375,OE_ESCL,NM,14317.307073262065
2027,3,p31,SolarCycle,400581,Otero Solar,NM,162579.57679468728
2027,3,p31,SolarCycle,400146,Questa Solar Facility,NM,2082411.7491282441
2027,3,p31,FabTechSolar,403178,"RC Energy AA, LLC Solar Facility",NM,3530615.81309555
2027,3,p31,FabTechSolar,401566,Rio Communities Solar Energy Center,NM,331806.9541202865
2027,3,p31,FabTechSolar,403084,Rio De Oro Solar Energy Center,NM,67078.05856504588
2027,3,p31,FabTechSolar,400624,Rio Rancho High School,NM,3496302.557369734
2027,3,p31,FabTechSolar,404648,"Route 66 Energy Center, LLC",NM,20039.58326373606
2027,3,p31,SolarCycle,403387,San Miguel I Solar Energy Center,NM,333785.7209924897
2027,3,p31,SolarCycle,405458,San Miguel II Solar Energy Center,NM,167161.307147259
2027,3,p31,FabTechSolar,401161,Sandoval Solar Energy Center,NM,187276.49324833826
2027,3,p31,SolarCycle,401564,Santa Fe Solar Energy Center,NM,381653.7881880406
2027,3,p31,FabTechSolar,401565,Santolina Solar Energy Center,NM,158134.77127339033
2027,3,p31,FabTechSolar,400596,Silver City WWTP PV Project,NM,1129536.8797956642
2027,3,p31,FabTechSolar,406343,Sky Ranch Solar,NM,17686.05105853379
2027,3,p31,FabTechSolar,401563,South Valley Solar Energy Center,NM,169402.4497133969
2027,3,p31,SolarCycle,401162,Springer Solar 1,NM,1363470.9468362147
2027,3,p31,SolarCycle,400735,Storrie Lake Solar Project,NM,2235278.236191227
2027,3,p31,FabTechSolar,400623,Sue Cleveland High School,NM,1175494.3156231912
2027,3,p31,SolarCycle,400343,"SunE EPE1, LLC",NM,253253.86912925993
2027,3,p31,SolarCycle,402854,Syncarpha Eagle Nest,NM,989213.7653286722
2027,3,p31,SolarCycle,403412,Syncarpha El Rito,NM,1285704.5227910175
2027,3,p31,SolarCycle,403413,Syncarpha Questa,NM,659788.155888748
2027,3,p31,SolarCycle,404618,Taos Mesa Energy Facility Hybrid,NM,266939.2537846789
2027,3,p31,FabTechSolar,403011,Vista Solar Energy Center,NM,336624.9098931605
2027,3,p31,SolarCycle,400354,WSMR I,NM,574213.754631733
2027,3,p31,FabTechSolar,405245,Wal-Mart Truth or Consequences PV,NM,710302.63533416
2027,3,p47,SolarCycle,400979,"Caprock Solar 1, LLC",NM,89983.59464887482
2027,3,p47,SolarCycle,404980,Chaves County Solar II,NM,26946.884723158528
2027,3,p47,SolarCycle,400614,GSE NM1,NM,856521.2673655142
2027,3,p47,SolarCycle,400546,SEV NM Phase 2,NM,572343.3688424579
2027,3,p47,SolarCycle,400261,SPS2 Jal,NM,7918.312742335633
2027,3,p47,SolarCycle,400262,SPS3 Lea,NM,19669.61994092358
2027,3,p47,SolarCycle,400264,SPS5 Hopi,NM,113750.51499751517
2027,3,p47,SolarCycle,404698,SoCore Clovis 1,NM,451880.602193323
2027,3,p48,SolarCycle,406439,"BESSP1, LLC",TX,156627.25794553926
2027,3,p48,SolarCycle,405590,"Hecate Energy Frye Solar, LLC",TX,9054.365061558998
2027,3,p57,OkonRecycling,404918,"Hecate Energy Upshur Rural, LLC",TX,24276.9000308876
2027,3,p59,SolarCycle,402666,Fort Bliss (DEA EPIC),TX,112382.25506482519
2027,3,p59,SolarCycle,401616,Montana Solar Facility,TX,54190.284174906126
2027,3,p60,SolarCycle,403962,"ANSON Solar Center, LLC",TX,2256.993813539028
2027,3,p60,OkonRecycling,403883,Azure Sky Solar,TX,3842.1954379127637
2027,3,p60,SolarCycle,403232,"ENGIE Long Draw Solar, LLC",TX,935.2991634254005
2027,3,p60,SolarCycle,406252,Highpeak Solar 1,TX,18884.80698710633
2027,3,p60,SolarCycle,402721,Holstein 1 Solar Farm,TX,1902.9752942113746
2027,3,p60,SolarCycle,405492,Juno Solar Project,TX,703.0805053018835
2027,3,p60,SolarCycle,402541,Lamesa II,TX,2474.6610573865587
2027,3,p60,SolarCycle,401660,Lamesa Solar,TX,1418.5043603461786
2027,3,p60,SolarCycle,405932,Lumina II Solar Project,TX,1256.6549099694475
2027,3,p60,SolarCycle,405933,Lumina Solar Project,TX,1994.7406080706774
2027,3,p60,SolarCycle,402909,Misae Solar,TX,1828.94776843512
2027,3,p60,OkonRecycling,400968,"OCI Alamo 7, LLC",TX,7672.993783371738
2027,3,p60,SolarCycle,405939,Texas Solar Nova 1,TX,1216.094489828521
2027,3,p61,SolarCycle,400967,Alamo 6,TX,904.6416016179761
2027,3,p61,SolarCycle,403557,Aragorn Solar Project,TX,2317.2521389267267
2027,3,p61,SolarCycle,400691,Barilla Solar,TX,1995.2003854737416
2027,3,p61,SolarCycle,401946,Bluebell Solar,TX,4636.399820154759
2027,3,p61,SolarCycle,403574,Bluebell Solar II,TX,1132.42055378646
2027,3,p61,SolarCycle,400554,"Bryan Solar, LLC",TX,55171.35297492366
2027,3,p61,SolarCycle,401463,Buckthorn Westex,TX,672.9085253313827
2027,3,p61,SolarCycle,401703,East Pecos Solar,TX,1084.924332206156
2027,3,p61,SolarCycle,405363,Galloway 1 Solar Farm,TX,683.2197502488233
2027,3,p61,SolarCycle,405494,Galloway 2 Solar Farm,TX,2299.968982562522
2027,3,p61,SolarCycle,403210,Greasewood,TX,555.2474262144189
2027,3,p61,SolarCycle,406370,Hayhurst Texas Solar,TX,11860.371981430473
2027,3,p61,SolarCycle,402304,Midway Solar-TX,TX,706.4115232423907
2027,3,p61,SolarCycle,401868,Pearl Solar,TX,1483.4800375968246
2027,3,p61,SolarCycle,402290,RE Maplewood,TX,535.238167862498
2027,3,p61,SolarCycle,401430,RE Roserock,TX,693.1384581363658
2027,3,p61,SolarCycle,402848,Rambler,TX,768.3605889478716
2027,3,p61,SolarCycle,402083,Solaire Holman Solar Project,TX,2584.2411925337087
2027,3,p61,SolarCycle,403023,"Taygete Energy Project, LLC",TX,544.494994474052
2027,3,p61,SolarCycle,404647,Taygete II Energy Project,TX,548.8024812468936
2027,3,p61,SolarCycle,403551,Titan Solar Project,TX,1067.9956048839176
2027,3,p61,SolarCycle,406103,Zier Solar,TX,2224.5769606256667
2027,3,p62,SolarCycle,403502,2W Permian Solar Project Hybrid,TX,447.1224711254716
2027,3,p62,SolarCycle,403697,CED Crane Solar,TX,1159.6456854834155
2027,3,p62,SolarCycle,401525,Castle Gap Solar Hybrid,TX,561.0633195998034
2027,3,p62,SolarCycle,404599,Emerald Grove,TX,852.9229758069768
2027,3,p62,SolarCycle,403004,Lapetus,TX,1054.498480001535
2027,3,p62,SolarCycle,403280,Oberon IA,TX,501.3206212888889
2027,3,p62,SolarCycle,403279,Oberon IB,TX,912.2974579156984
2027,3,p62,SolarCycle,403602,Oxy Renewable Energy-Goldsmith,TX,1193.813984350004
2027,3,p62,SolarCycle,402679,Phoebe Solar,TX,482.80385763264684
2027,3,p62,SolarCycle,403177,Prospero Solar,TX,500.74777881295086
2027,3,p62,SolarCycle,404128,Prospero Solar II,TX,880.1476444299365
2027,3,p62,SolarCycle,403070,"Roadrunner, LLC",TX,477.6615740009298
2027,3,p62,SolarCycle,401805,Upton County Solar,TX,775.1417414657498
2027,3,p62,SolarCycle,402995,West of the Pecos Solar,TX,819.299715567131
2027,3,p63,OkonRecycling,405599,"BPL Crown Solar, LLC",TX,3548.0633134135924
2027,3,p63,OkonRecycling,404966,BPL Files Solar,TX,681.7326241737294
2027,3,p63,OkonRecycling,403825,Briar Creek Solar 1,TX,1640.4660840053882
2027,3,p63,OkonRecycling,402610,Chisum,TX,9316.67878648459
2027,3,p63,OkonRecycling,401697,CoServ Community Solar Station,TX,55052.69440888118
2027,3,p63,OkonRecycling,403188,Coniglio Solar,TX,1163.214709194662
2027,3,p63,OkonRecycling,406415,Dileo Solar,TX,3870.415351380779
2027,3,p63,OkonRecycling,402655,Eddy II,TX,22264.561174755654
2027,3,p63,OkonRecycling,406221,Eiffel Solar Project,TX,1008.1192195936266
2027,3,p63,OkonRecycling,405540,"Ellis Solar, LLC",TX,1391.8261960808875
2027,3,p63,OkonRecycling,403823,Elm Branch Solar 1,TX,837.0746504969118
2027,3,p63,OkonRecycling,406206,Five Wells Solar Center - Hybrid,TX,1121.866524216775
2027,3,p63,OkonRecycling,404567,G.S.E. One LLC,TX,1326.5542482588212
2027,3,p63,OkonRecycling,403288,Griffin Solar,TX,38471.021598665204
2027,3,p63,OkonRecycling,406202,Grizzly Ridge Solar,TX,2650.7184528732696
2027,3,p63,OkonRecycling,405319,IKEA Grand Prairie Rooftop PV System,TX,7518.48507219947
2027,3,p63,OkonRecycling,405689,"IP Radian, LLC",TX,1968.9836206954033
2027,3,p63,OkonRecycling,403481,Impact Solar 1,TX,999.8065996674088
2027,3,p63,OkonRecycling,403190,Kellam Solar,TX,2711.9775967435744
2027,3,p63,OkonRecycling,402421,Leon Solar,TX,5628.199887601879
2027,3,p63,OkonRecycling,403874,Lily Solar Hybrid,TX,1592.02485028121
2027,3,p63,OkonRecycling,405794,Noble Solar,TX,942.6766742023661
2027,3,p63,OkonRecycling,401933,Phantom Solar,TX,10845.870502433545
2027,3,p63,OkonRecycling,404872,"Pisgah Ridge Solar, LLC",TX,936.0585421582875
2027,3,p63,OkonRecycling,406416,Pitts Dudik Solar,TX,4231.273634520452
2027,3,p63,OkonRecycling,403189,Rippey Solar,TX,6352.593680919554
2027,3,p63,OkonRecycling,404630,"Samson Solar Energy III, LLC",TX,1212.0273673063596
2027,3,p63,OkonRecycling,402652,Sterling Solar (TX),TX,28514.540593329053
2027,3,p63,OkonRecycling,404812,Sun Valley Solar Project,TX,1205.3954874134565
2027,3,p63,OkonRecycling,403457,"TPE Whitney Solar, LLC",TX,13895.071146685368
2027,3,p63,OkonRecycling,405361,Toyota HQ Plan,TX,2097.2112836114065
2027,3,p63,OkonRecycling,405907,Verizon Hidden Ridge Solar Project,TX,2686.8797825076367
2027,3,p63,OkonRecycling,405984,Waco Solar,TX,781.6536971135295
2027,3,p63,OkonRecycling,402306,Walnut Springs Solar,TX,91654.76089147579
2027,3,p63,OkonRecycling,402497,West Moore Solar II,TX,14984.929030611947
2027,3,p63,OkonRecycling,402330,Whitesboro Solar,TX,36284.388746266646
2027,3,p63,OkonRecycling,402331,Whitesboro Solar II,TX,24532.120536766182
2027,3,p63,OkonRecycling,402414,Whitewright Solar,TX,9023.686393523949
2027,3,p63,OkonRecycling,402654,Yellow Jacket,TX,23994.559474615395
2027,3,p64,OkonRecycling,405731,Austin TX GigaFactory,TX,324711.9814534451
2027,3,p64,OkonRecycling,404721,"Blue Jay Solar I, LLC",TX,997.9413074459464
2027,3,p64,OkonRecycling,402648,Bovine,TX,74843.51868202789
2027,3,p64,OkonRecycling,400227,East Blackland Solar Project 1,TX,1699.4117652714604
2027,3,p64,OkonRecycling,405101,IKEA Round Rock 027,TX,194843.50259611776
2027,3,p64,SolarCycle,402653,Lampwick,TX,81075.02955141487
2027,3,p64,OkonRecycling,405613,Niagara Bottling - Seguin,TX,79612.26843009387
2027,3,p65,OkonRecycling,405700,Aktina Solar,TX,36976.18554584943
2027,3,p65,OkonRecycling,405477,Brightside,TX,145415.76952000658
2027,3,p65,OkonRecycling,402656,Cascade Solar (TX),TX,902860.5093705646
2027,3,p65,OkonRecycling,404359,FELPS 1-Calaveras,TX,18702823.318310935
2027,3,p65,OkonRecycling,404361,FELPS 2-Calaveras,TX,18702393.380560674
2027,3,p65,OkonRecycling,404739,FELPS 6- Floresville West,TX,19036921.26713914
2027,3,p65,OkonRecycling,404740,FELPS 7- Floresville West,TX,6343857.748088796
2027,3,p65,OkonRecycling,406516,Ganado Solar,TX,61020.80992148308
2027,3,p65,SolarCycle,405801,Horizon Solar,TX,50567.98434101354
2027,3,p65,SolarCycle,403343,Mars Solar,TX,1337190.1496686295
2027,3,p65,OkonRecycling,404877,Nebula Solar,TX,124316.53728871349
2027,3,p65,OkonRecycling,400694,"OCI Alamo 2, LLC",TX,2007502.6829467139
2027,3,p65,SolarCycle,400966,"OCI Alamo 5, LLC",TX,61138.16598499698
2027,3,p65,OkonRecycling,400593,OCI Alamo Solar I Hybrid,TX,230790.96125805806
2027,3,p65,SolarCycle,405809,Shakes Solar,TX,99080.3888487734
2027,3,p65,OkonRecycling,405545,Sparta Solar,TX,43399.76906189543
2027,3,p65,OkonRecycling,400379,"SunE CPS1, LLC",TX,635089.3867499536
2027,3,p65,OkonRecycling,400353,"SunE CPS3, LLC",TX,456555.2879588407
2027,3,p65,OkonRecycling,406032,Tres Bahias,TX,34920.35630537073
2027,3,p66,OkonRecycling,406386,Umbriel Solar,TX,36578.389718284474
2027,3,p67,OkonRecycling,404939,Brazoria County Solar Project (Danciger),TX,6045.743601330553
2027,3,p67,OkonRecycling,404681,Brazoria West,TX,2311.1944279503036
2027,3,p67,OkonRecycling,402649,Bronson,TX,206069.4616885334
2027,3,p67,OkonRecycling,406178,"Cutlass Solar 1, LLC",TX,19884.051218145338
2027,3,p67,OkonRecycling,404587,Fighting Jays Solar Project,TX,5234.074009625351
2027,3,p67,OkonRecycling,405564,"Fort Bend Solar, LLC",TX,8948.722222548378
2027,4,p12,ComstockMetals,405025,Brady,NV,1229.0762002761999
2027,4,p12,ComstockMetals,405553,Dodge Flat,NV,443.44982011075723
2027,4,p12,ComstockMetals,402609,"EGP Stillwater Solar PV II, LLC",NV,4753.023397793867
2027,4,p12,ComstockMetals,404659,Fish Springs,NV,1841.1777122041196
2027,4,p12,ComstockMetals,401086,Ft. Churchill PV,NV,1730.5498726322503
2027,4,p12,ComstockMetals,405028,Galena 2 Geothermal Power Plant,NV,2656.4226245744567
2027,4,p12,ComstockMetals,402130,Luning Energy,NV,1686.9374738053073
2027,4,p12,ComstockMetals,400468,"Patua Acquisition Project, LLC",NV,1513.574007110585
2027,4,p12,ComstockMetals,405021,Steamboat Hills LP,NV,3803.69069953945
2027,4,p12,ComstockMetals,405023,Steamboat II,NV,2093.4489962882794
2027,4,p12,ComstockMetals,405024,Steamboat III,NV,1594.1873754925407
2027,4,p12,ComstockMetals,400029,Stillwater Facility,NV,1740.5392694024738
2027,4,p12,ComstockMetals,401318,Sunshine Valley Solar,NV,2362.152322447602
2027,4,p12,ComstockMetals,405576,Tesla Reno GigaFactory,NV,1036.368908462524
2027,4,p12,ComstockMetals,401943,Tungsten Mountain,NV,27815.110008872733
2027,4,p12,ComstockMetals,403308,Turquoise Liberty Solar,NV,1935.530005826042
2027,4,p12,ComstockMetals,403884,"Turquoise Nevada, LLC",NV,1264.0469667600191
2027,4,p12,ComstockMetals,400035,Western 102 Power Plant,NV,5193.117450604915
2027,4,p13,WeRecycleSolar,405385,Arrow Canyon Solar Hybrid,NV,1610.4486856228189
2027,4,p13,WeRecycleSolar,401649,"Boulder Solar Power, LLC",NV,7880.383371173692
2027,4,p13,WeRecycleSolar,400086,CM48,NV,15851.331092958811
2027,4,p13,WeRecycleSolar,400363,Copper Mountain Solar 2,NV,10010.926935437645
2027,4,p13,WeRecycleSolar,400802,Copper Mountain Solar 3,NV,6313.223469524996
2027,4,p13,WeRecycleSolar,403688,"Copper Mountain Solar 5, LLC",NV,6310.52530281649
2027,4,p13,WeRecycleSolar,405358,Dignity - San Martin,NV,241590.9032459833
2027,4,p13,WeRecycleSolar,405355,Dignity - Siena Campus,NV,1131390.059010971
2027,4,p13,WeRecycleSolar,405556,Dry Lake Solar Energy Center,NV,5963.892041016765
2027,4,p13,WeRecycleSolar,405495,Gemini Solar,NV,1082.727578631327
2027,4,p13,WeRecycleSolar,403386,"Harry Allen Solar Energy, LLC",NV,17160.617734892483
2027,4,p13,WeRecycleSolar,406090,IGS LAS1,NV,316562.2491336088
2027,4,p13,WeRecycleSolar,406089,IGS VGT,NV,1652509.2023915597
2027,4,p13,WeRecycleSolar,405309,IKEA Las Vegas 462,NV,549081.5843789135
2027,4,p13,WeRecycleSolar,400545,Las Vegas WPCF Solar Plant,NV,121990.78715291891
2027,4,p13,WeRecycleSolar,400600,Mountain View Solar,NV,83860.95795321866
2027,4,p13,WeRecycleSolar,400036,Nellis Air Force Base Solar Array,NV,69143.43918937183
2027,4,p13,WeRecycleSolar,401274,River Mountains Solar,NV,54060.859886201375
2027,4,p13,WeRecycleSolar,401042,Searchlight Solar,NV,13549.617892123713
2027,4,p13,WeRecycleSolar,400166,Silver State Solar Power North,NV,6308.198803788079
2027,4,p13,WeRecycleSolar,400658,Silver State Solar Power South,NV,3459.92013600499
2027,4,p13,WeRecycleSolar,405246,"Solar Las Vegas MB 2, LLC",NV,361418.5952641649
2027,4,p13,WeRecycleSolar,405188,Solar Las Vegas MB-1,NV,166279.14699062056
2027,4,p13,WeRecycleSolar,402691,"Techren Solar III, LLC",NV,15370.711522547184
2027,4,p13,WeRecycleSolar,404971,Yellow Pine Solar,NV,9883.309616443707
2027,4,p27,WeRecycleSolar,400374,"Black Mountain Solar, LLC",AZ,16015.557193804803
2027,4,p27,WeRecycleSolar,402236,Gray Hawk Solar,AZ,2520.652844319282
2027,4,p27,WeRecycleSolar,401819,Jacobson 5 MW Solar,AZ,33910.56930105109
2027,4,p27,WeRecycleSolar,401311,Mohave Electric at Fort Mohave,AZ,23761.043839318278
2027,4,p28,WeRecycleSolar,405418,AZ State University - Tempe Campus Solar,AZ,7745.591792885756
2027,4,p28,WeRecycleSolar,400148,Agua Caliente Solar Project,AZ,2295.9363401656615
2027,4,p28,WeRecycleSolar,400274,Arizona Western College PV,AZ,82142.5191238426
2027,4,p28,WeRecycleSolar,400240,Arlington Valley Solar Energy II,AZ,2566.0812428511044
2027,4,p28,FabTechSolar,401688,Bonnybrooke PV,AZ,4098.637439817915
2027,4,p28,WeRecycleSolar,400371,Buckeye Union HS District 201,AZ,18634.232881948476
2027,4,p28,FabTechSolar,403257,East Line Solar,AZ,2437.1807690368883
2027,4,p28,FabTechSolar,406171,Eleven Mile Solar Center,AZ,1037.7570445017764
2027,4,p28,WeRecycleSolar,400349,Foothills Solar Plant Hybrid,AZ,24937.69207139606
2027,4,p28,FabTechSolar,400825,Fort Huachuca Solar PV Project,AZ,51850.36792666745
2027,4,p28,FabTechSolar,405282,Intel - Ocotillo Campus Solar,AZ,5274.4632182834985
2027,4,p28,WeRecycleSolar,405125,Jewish Community Center PV,AZ,39181.193257010134
2027,4,p28,WeRecycleSolar,402234,Kayenta Solar Project,AZ,14631.48429966144
2027,4,p28,WeRecycleSolar,400595,Lake Pleasant WTP,AZ,29026.47647214333
2027,4,p28,WeRecycleSolar,400128,Luke Solar,AZ,5548.718235126169
2027,4,p28,WeRecycleSolar,405068,Macys Goodyear,AZ,20290.21570437506
2027,4,p28,FabTechSolar,404512,Mesa Solar Array,AZ,6117.101168011265
2027,4,p28,WeRecycleSolar,400250,Mesquite Solar 1,AZ,1302.7232682262418
2027,4,p28,WeRecycleSolar,401622,"Mesquite Solar 3, LLC",AZ,1432.3408792666708
2027,4,p28,WeRecycleSolar,406038,"Mesquite Solar 4, LLC",AZ,6258.775719535844
2027,4,p28,WeRecycleSolar,403572,OE_AZ1,AZ,9361.280150158644
2027,4,p28,WeRecycleSolar,405126,Paradise Valley H.S. PV,AZ,22755.59928663497
2027,4,p28,WeRecycleSolar,405150,Phoenix Airport East Economy Lot,AZ,30608.197446442846
2027,4,p28,WeRecycleSolar,405151,Phoenix Airport Rental Car Center,AZ,2064.1006762057627
2027,4,p28,FabTechSolar,402528,Pinal Central Energy Center Hybrid,AZ,10048.028119604527
2027,4,p28,WeRecycleSolar,400031,Prescott Airport,AZ,90643.7010488599
2027,4,p28,WeRecycleSolar,400401,Prescott Solar Plant,AZ,52958.17579474864
2027,4,p28,FabTechSolar,400323,Queen Creek Solar Farm,AZ,3509.679077722566
2027,4,p28,WeRecycleSolar,400289,"RE Bagdad Solar I, LLC",AZ,14343.418979738582
2027,4,p28,FabTechSolar,400758,Red Horse 2,AZ,13717.127935841709
2027,4,p28,FabTechSolar,401726,Red Rock,AZ,3402.8725024514056
2027,4,p28,WeRecycleSolar,400416,Saddle Mountain Solar I,AZ,27028.540905082205
2027,4,p28,FabTechSolar,403674,Saint Solar,AZ,1443.1416052908232
2027,4,p28,FabTechSolar,401214,Sandstone Solar,AZ,3865.1726017206
2027,4,p28,WeRecycleSolar,405029,Solana Generating Station,AZ,1806.4874184734715
2027,4,p28,WeRecycleSolar,406275,Sonoran Solar Energy,AZ,785.7287988800099
2027,4,p28,WeRecycleSolar,401975,"Sun Streams, LLC",AZ,837.4147015277135
2027,4,p28,WeRecycleSolar,405311,T0588 Phoenix - AZ,AZ,21518.330664065303
2027,4,p28,FabTechSolar,405135,Vista Grande HS at Casa Grande,AZ,60870.91928073579
2027,4,p28,FabTechSolar,400334,Walmart Casa Grande,AZ,44768.14191765406
2027,4,p29,FabTechSolar,400014,Springerville,AZ,32113.231728412517
2027,4,p30,FabTechSolar,405143,Actus Lend Lease DMAFB,AZ,115376.12366640694
2027,4,p30,FabTechSolar,405611,Amazon TUS2,AZ,140532.5826848269
2027,4,p30,FabTechSolar,400939,Avalon Solar,AZ,6820.194326446757
2027,4,p30,FabTechSolar,401479,Avalon Solar II,AZ,11950.732531029931
2027,4,p30,FabTechSolar,400226,Avra Valley Solar,AZ,2859.9784531830887
2027,4,p30,FabTechSolar,404704,Broadway 2 - Tucson Phase II,AZ,33039.5536375764
2027,4,p30,FabTechSolar,400761,"Gato Montes Solar, LLC",AZ,74793.71027688698
2027,4,p30,FabTechSolar,404536,Iron Horse Battery Storage Hybrid,AZ,186716.9948359469
2027,4,p30,FabTechSolar,405374,Pima Community College,AZ,163804.8178257034
2027,4,p30,FabTechSolar,405303,Pima Community College - East Campus,AZ,132144.67147772395
2027,4,p30,FabTechSolar,405516,Pima Community College NW,AZ,57073.85152540095
2027,4,p30,FabTechSolar,404926,Raptor Ridge,AZ,28882.807268525452
2027,4,p30,FabTechSolar,400857,Rio Rico Solar,AZ,82972.36425110888
2027,4,p30,FabTechSolar,401076,Tech Park Solar,AZ,24792.59032262248
2027,4,p30,FabTechSolar,400156,UASTP I,AZ,156266.23987907163
2027,4,p30,FabTechSolar,401075,Valencia Solar,AZ,10279.349084200332
2027,4,p30,FabTechSolar,404187,"Wilmot Energy Center, LLC",AZ,1856.9732013378937
2027,4,p31,SolarCycle,400211,Alamogordo Solar Energy Center,NM,247644.24391290068
2027,4,p31,FabTechSolar,400206,Albuquerque Solar Energy Center,NM,1752782.727719261
2027,4,p31,SolarCycle,403675,Alcalde Solar Array,NM,408223.5168919545
2027,4,p31,FabTechSolar,405469,Arroyo Solar Energy Storage Hybrid,NM,5853.432927990881
2027,4,p31,FabTechSolar,403321,Bluewater CDEC 1,NM,1161638.6828287332
2027,4,p31,SolarCycle,403736,Britton Solar Energy Center,NM,67020.70372073737
2027,4,p31,SolarCycle,402519,Carrizozo Solar,NM,836565.0820140645
2027,4,p31,FabTechSolar,402988,City of Gallup Solar,NM,156914.7157713612
2027,4,p31,FabTechSolar,403604,City of Rio Rancho WWTP,NM,941946.9133139141
2027,4,p31,FabTechSolar,401225,City of Truth or Consequences PV,NM,741344.1515774186
2027,4,p31,FabTechSolar,400209,Deming Solar Energy Center,NM,148650.33042447662
2027,4,p31,FabTechSolar,403868,Encino Solar Energy Center,NM,62544.24415049646
2027,4,p31,FabTechSolar,401038,Eubank Landfill Solar Array,NM,439406.7248626122
2027,4,p31,FabTechSolar,402443,Facebook 3 Solar Energy Center,NM,333211.1965118401
2027,4,p31,FabTechSolar,403322,Grants CDEC 2,NM,209287.96856361866
2027,4,p31,FabTechSolar,400216,"Hatch Solar Energy Center I, LLC",NM,576839.442377745
2027,4,p31,SolarCycle,401617,Holloman Solar Facility,NM,248355.11692595875
2027,4,p31,SolarCycle,400427,Kit Carson,NM,3292807.30747457
2027,4,p31,SolarCycle,400210,Las Vegas Solar Energy Center,NM,335536.14472750307
2027,4,p31,SolarCycle,400434,Los Alamos PV Site,NM,1945594.8538998598
2027,4,p31,FabTechSolar,400207,Los Lunas Solar Energy Center,NM,158342.2768816278
2027,4,p31,FabTechSolar,400838,Macho Springs,NM,17961.59418462383
2027,4,p31,FabTechSolar,400582,Manzano Solar,NM,421068.0479146608
2027,4,p31,SolarCycle,401201,Meadow Lake Solar Energy Center,NM,94282.98325668376
2027,4,p31,SolarCycle,405693,NMSU Solar and Storage,NM,232994.52085204242
2027,4,p31,SolarCycle,400581,Otero Solar,NM,108519.71786312487
2027,4,p31,SolarCycle,400146,Questa Solar Facility,NM,833204.6996512976
2027,4,p31,FabTechSolar,403178,"RC Energy AA, LLC Solar Facility",NM,882953.9532738874
2027,4,p31,FabTechSolar,401566,Rio Communities Solar Energy Center,NM,83251.73853007163
2027,4,p31,FabTechSolar,403084,Rio De Oro Solar Energy Center,NM,111530.09760840981
2027,4,p31,FabTechSolar,400624,Rio Rancho High School,NM,1748351.278684867
2027,4,p31,FabTechSolar,404648,"Route 66 Energy Center, LLC",NM,59318.74979120819
2027,4,p31,SolarCycle,405458,San Miguel II Solar Energy Center,NM,333922.6142945181
2027,4,p31,FabTechSolar,401161,Sandoval Solar Energy Center,NM,280714.73987250746
2027,4,p31,SolarCycle,401564,Santa Fe Solar Energy Center,NM,95713.44704701012
2027,4,p31,FabTechSolar,401565,Santolina Solar Energy Center,NM,315869.5425467807
2027,4,p31,FabTechSolar,400596,Silver City WWTP PV Project,NM,1129536.8797956642
2027,4,p31,FabTechSolar,406343,Sky Ranch Solar,NM,17686.05105853379
2027,4,p31,FabTechSolar,401563,South Valley Solar Energy Center,NM,169402.4497133969
2027,4,p31,SolarCycle,401162,Springer Solar 1,NM,4089612.8405086435
2027,4,p31,SolarCycle,400735,Storrie Lake Solar Project,NM,2235278.236191227
2027,4,p31,FabTechSolar,400623,Sue Cleveland High School,NM,1763041.4734347863
2027,4,p31,SolarCycle,400343,"SunE EPE1, LLC",NM,50970.773825851975
2027,4,p31,SolarCycle,402854,Syncarpha Eagle Nest,NM,1978027.5306573443
2027,4,p31,SolarCycle,403412,Syncarpha El Rito,NM,643052.2613955087
2027,4,p31,SolarCycle,403413,Syncarpha Questa,NM,1319176.3117774955
2027,4,p31,SolarCycle,403411,Syncarpha Taos,NM,319587.75331877207
2027,4,p31,SolarCycle,404618,Taos Mesa Energy Facility Hybrid,NM,133669.62689233944
2027,4,p31,FabTechSolar,403011,Vista Solar Energy Center,NM,336624.9098931605
2027,4,p31,SolarCycle,400354,WSMR I,NM,287306.8773158665
2027,4,p31,FabTechSolar,405245,Wal-Mart Truth or Consequences PV,NM,568322.108267328
2027,4,p47,SolarCycle,400979,"Caprock Solar 1, LLC",NM,30261.198216291607
2027,4,p47,SolarCycle,404980,Chaves County Solar II,NM,18097.923148772355
2027,4,p47,SolarCycle,401681,"Chaves Solar, LLC",NM,23255.35379556618
2027,4,p47,SolarCycle,400614,GSE NM1,NM,856521.2673655142
2027,4,p47,SolarCycle,400546,SEV NM Phase 2,NM,572343.3688424579
2027,4,p47,SolarCycle,400260,SPS1 Dollarhide,NM,6487.587751538578
2027,4,p47,SolarCycle,400261,SPS2 Jal,NM,9171.364866058237
2027,4,p47,SolarCycle,400262,SPS3 Lea,NM,19669.61994092358
2027,4,p47,SolarCycle,400264,SPS5 Hopi,NM,57075.257498757586
2027,4,p47,SolarCycle,404698,SoCore Clovis 1,NM,451880.602193323
2027,4,p48,SolarCycle,406439,"BESSP1, LLC",TX,141004.53215098532
2027,4,p48,SolarCycle,405590,"Hecate Energy Frye Solar, LLC",TX,9054.365061558998
2027,4,p57,OkonRecycling,404918,"Hecate Energy Upshur Rural, LLC",TX,36215.3500463314
2027,4,p59,SolarCycle,402666,Fort Bliss (DEA EPIC),TX,336346.7651944756
2027,4,p59,SolarCycle,401616,Montana Solar Facility,TX,107980.56834981225
2027,4,p60,SolarCycle,403962,"ANSON Solar Center, LLC",TX,4113.987627078057
2027,4,p60,OkonRecycling,403883,Azure Sky Solar,TX,3842.1954379127637
2027,4,p60,SolarCycle,403232,"ENGIE Long Draw Solar, LLC",TX,1202.948745138101
2027,4,p60,SolarCycle,406252,Highpeak Solar 1,TX,18884.80698710633
2027,4,p60,SolarCycle,402721,Holstein 1 Solar Farm,TX,1902.9752942113746
2027,4,p60,SolarCycle,405492,Juno Solar Project,TX,804.1073404025116
2027,4,p60,SolarCycle,402541,Lamesa II,TX,2474.6610573865587
2027,4,p60,SolarCycle,401660,Lamesa Solar,TX,1418.5043603461786
2027,4,p60,SolarCycle,405932,Lumina II Solar Project,TX,1256.6549099694475
2027,4,p60,SolarCycle,405933,Lumina Solar Project,TX,1197.3703040353387
2027,4,p60,SolarCycle,402909,Misae Solar,TX,1828.94776843512
2027,4,p60,OkonRecycling,400968,"OCI Alamo 7, LLC",TX,7672.993783371738
2027,4,p60,SolarCycle,405939,Texas Solar Nova 1,TX,1624.1417347427812
2027,4,p61,SolarCycle,400967,Alamo 6,TX,904.6416016179761
2027,4,p61,SolarCycle,403557,Aragorn Solar Project,TX,2317.2521389267267
2027,4,p61,SolarCycle,400691,Barilla Solar,TX,1995.2003854737416
2027,4,p61,SolarCycle,401946,Bluebell Solar,TX,4636.399820154759
2027,4,p61,SolarCycle,403574,Bluebell Solar II,TX,1132.42055378646
2027,4,p61,SolarCycle,400554,"Bryan Solar, LLC",TX,55171.35297492366
2027,4,p61,SolarCycle,401463,Buckthorn Westex,TX,945.8170506627656
2027,4,p61,SolarCycle,401703,East Pecos Solar,TX,1084.924332206156
2027,4,p61,SolarCycle,405363,Galloway 1 Solar Farm,TX,683.2197502488233
2027,4,p61,SolarCycle,405494,Galloway 2 Solar Farm,TX,1666.6459883750147
2027,4,p61,SolarCycle,403210,Greasewood,TX,555.2474262144189
2027,4,p61,SolarCycle,406370,Hayhurst Texas Solar,TX,6130.185990715237
2027,4,p61,SolarCycle,402304,Midway Solar-TX,TX,706.4115232423907
2027,4,p61,SolarCycle,400695,"OCI Alamo 4, LLC",TX,15371.568246145976
2027,4,p61,SolarCycle,401868,Pearl Solar,TX,2025.220056395237
2027,4,p61,SolarCycle,402290,RE Maplewood,TX,512.6984732187483
2027,4,p61,SolarCycle,401430,RE Roserock,TX,766.4230726704571
2027,4,p61,SolarCycle,402848,Rambler,TX,768.3605889478716
2027,4,p61,SolarCycle,402083,Solaire Holman Solar Project,TX,3676.3617888005633
2027,4,p61,SolarCycle,403023,"Taygete Energy Project, LLC",TX,544.494994474052
2027,4,p61,SolarCycle,404647,Taygete II Energy Project,TX,548.8024812468936
2027,4,p61,SolarCycle,403551,Titan Solar Project,TX,1067.9956048839176
2027,4,p61,SolarCycle,406103,Zier Solar,TX,2224.5769606256667
2027,4,p62,SolarCycle,403502,2W Permian Solar Project Hybrid,TX,447.1224711254716
2027,4,p62,SolarCycle,403697,CED Crane Solar,TX,1159.6456854834155
2027,4,p62,SolarCycle,401525,Castle Gap Solar Hybrid,TX,561.0633195998034
2027,4,p62,SolarCycle,404599,Emerald Grove,TX,739.6922318552325
2027,4,p62,SolarCycle,403004,Lapetus,TX,1054.498480001535
2027,4,p62,SolarCycle,403280,Oberon IA,TX,501.3206212888889
2027,4,p62,SolarCycle,403279,Oberon IB,TX,912.2974579156984
2027,4,p62,SolarCycle,403602,Oxy Renewable Energy-Goldsmith,TX,1458.418645800005
2027,4,p62,SolarCycle,402679,Phoebe Solar,TX,482.80385763264684
2027,4,p62,SolarCycle,403177,Prospero Solar,TX,500.74777881295086
2027,4,p62,SolarCycle,404128,Prospero Solar II,TX,880.1476444299365
2027,4,p62,SolarCycle,403070,"Roadrunner, LLC",TX,524.2585184014878
2027,4,p62,SolarCycle,401805,Upton County Solar,TX,775.1417414657498
2027,4,p62,SolarCycle,402995,West of the Pecos Solar,TX,679.5331437114207
2027,4,p63,OkonRecycling,405599,"BPL Crown Solar, LLC",TX,3548.0633134135924
2027,4,p63,OkonRecycling,404966,BPL Files Solar,TX,641.4851064346252
2027,4,p63,OkonRecycling,403825,Briar Creek Solar 1,TX,1640.4660840053882
2027,4,p63,OkonRecycling,401697,CoServ Community Solar Station,TX,55052.69440888118
2027,4,p63,OkonRecycling,403188,Coniglio Solar,TX,1163.214709194662
2027,4,p63,OkonRecycling,406415,Dileo Solar,TX,3870.415351380779
2027,4,p63,OkonRecycling,402655,Eddy II,TX,9770.526217752424
2027,4,p63,OkonRecycling,406221,Eiffel Solar Project,TX,1008.1192195936266
2027,4,p63,OkonRecycling,405540,"Ellis Solar, LLC",TX,1391.8261960808875
2027,4,p63,OkonRecycling,403823,Elm Branch Solar 1,TX,982.7662006625492
2027,4,p63,OkonRecycling,406206,Five Wells Solar Center - Hybrid,TX,1121.866524216775
2027,4,p63,OkonRecycling,404567,G.S.E. One LLC,TX,1326.5542482588212
2027,4,p63,OkonRecycling,403288,Griffin Solar,TX,28953.266198998903
2027,4,p63,OkonRecycling,406202,Grizzly Ridge Solar,TX,2088.0388396549524
2027,4,p63,OkonRecycling,405319,IKEA Grand Prairie Rooftop PV System,TX,14636.97014439894
2027,4,p63,OkonRecycling,405689,"IP Radian, LLC",TX,1968.9836206954033
2027,4,p63,OkonRecycling,403481,Impact Solar 1,TX,899.8388330561738
2027,4,p63,OkonRecycling,403190,Kellam Solar,TX,2711.9775967435744
2027,4,p63,OkonRecycling,402421,Leon Solar,TX,4756.83323966823
2027,4,p63,OkonRecycling,403874,Lily Solar Hybrid,TX,1592.02485028121
2027,4,p63,OkonRecycling,402404,Marlin Solar,TX,40554.69143386113
2027,4,p63,OkonRecycling,405794,Noble Solar,TX,761.7844494682442
2027,4,p63,OkonRecycling,401933,Phantom Solar,TX,13457.338128041933
2027,4,p63,OkonRecycling,404872,"Pisgah Ridge Solar, LLC",TX,936.0585421582875
2027,4,p63,OkonRecycling,406416,Pitts Dudik Solar,TX,4231.273634520452
2027,4,p63,OkonRecycling,403189,Rippey Solar,TX,6352.593680919554
2027,4,p63,OkonRecycling,404630,"Samson Solar Energy III, LLC",TX,1009.0205254797697
2027,4,p63,OkonRecycling,402652,Sterling Solar (TX),TX,28514.540593329053
2027,4,p63,OkonRecycling,404812,Sun Valley Solar Project,TX,1205.3954874134565
2027,4,p63,OkonRecycling,403457,"TPE Whitney Solar, LLC",TX,40885.2134400561
2027,4,p63,OkonRecycling,405361,Toyota HQ Plan,TX,2097.2112836114065
2027,4,p63,OkonRecycling,405907,Verizon Hidden Ridge Solar Project,TX,2686.8797825076367
2027,4,p63,OkonRecycling,405984,Waco Solar,TX,972.4805456702942
2027,4,p63,OkonRecycling,402306,Walnut Springs Solar,TX,30818.25363049193
2027,4,p63,OkonRecycling,402497,West Moore Solar II,TX,73324.64515305974
2027,4,p63,OkonRecycling,402330,Whitesboro Solar,TX,36284.388746266646
2027,4,p63,OkonRecycling,402331,Whitesboro Solar II,TX,24532.120536766182
2027,4,p63,OkonRecycling,402414,Whitewright Solar,TX,9023.686393523949
2027,4,p63,OkonRecycling,402654,Yellow Jacket,TX,23994.559474615395
2027,4,p64,OkonRecycling,405731,Austin TX GigaFactory,TX,162555.99072672255
2027,4,p64,OkonRecycling,404721,"Blue Jay Solar I, LLC",TX,878.3530459567572
2027,4,p64,OkonRecycling,402389,"E-Volve Energy Holdings, LLC",TX,224454.00725728768
2027,4,p64,OkonRecycling,400227,East Blackland Solar Project 1,TX,1699.4117652714604
2027,4,p64,SolarCycle,402653,Lampwick,TX,81075.02955141487
2027,4,p64,OkonRecycling,405613,Niagara Bottling - Seguin,TX,79612.26843009387
2027,4,p65,OkonRecycling,405700,Aktina Solar,TX,12592.06184861648
2027,4,p65,OkonRecycling,405477,Brightside,TX,145415.76952000658
2027,4,p65,OkonRecycling,401728,CPS 1 Community Solar,TX,9006621.84094016
2027,4,p65,OkonRecycling,404359,FELPS 1-Calaveras,TX,9351611.659155466
2027,4,p65,OkonRecycling,404361,FELPS 2-Calaveras,TX,6234397.793520224
2027,4,p65,OkonRecycling,404739,FELPS 6- Floresville West,TX,9518660.633569572
2027,4,p65,OkonRecycling,404740,FELPS 7- Floresville West,TX,4757993.311066596
2027,4,p65,OkonRecycling,406516,Ganado Solar,TX,40813.87328098871
2027,4,p65,OkonRecycling,405380,IKEA Live Oak Rooftop PV System,TX,5065613.572332845
2027,4,p65,SolarCycle,403343,Mars Solar,TX,668795.0748343149
2027,4,p65,OkonRecycling,404877,Nebula Solar,TX,83011.02485914233
2027,4,p65,OkonRecycling,400694,"OCI Alamo 2, LLC",TX,4014605.3658934277
2027,4,p65,OkonRecycling,400965,"OCI Alamo 3, LLC",TX,1596998.948025408
2027,4,p65,SolarCycle,400966,"OCI Alamo 5, LLC",TX,182614.49795499092
2027,4,p65,OkonRecycling,405545,Sparta Solar,TX,86399.53812379084
2027,4,p65,OkonRecycling,400379,"SunE CPS1, LLC",TX,1904468.1602498605
2027,4,p65,OkonRecycling,400364,"SunE CPS2, LLC",TX,636822.4735061817
2027,4,p65,OkonRecycling,400353,"SunE CPS3, LLC",TX,1825021.1518353634
2027,4,p65,OkonRecycling,406032,Tres Bahias,TX,34920.35630537073
2027,4,p67,OkonRecycling,404939,Brazoria County Solar Project (Danciger),TX,6045.743601330553
2027,4,p67,OkonRecycling,404681,Brazoria West,TX,11867.166567701819
2027,4,p67,OkonRecycling,402649,Bronson,TX,68956.48722951114
2027,4,p67,OkonRecycling,406178,"Cutlass Solar 1, LLC",TX,19884.051218145338
2027,4,p67,OkonRecycling,404587,Fighting Jays Solar Project,TX,3622.716006416901
2027,4,p67,OkonRecycling,405564,"Fort Bend Solar, LLC",TX,8948.722222548378
2028,1,p12,ComstockMetals,402144,Battle Mountain Solar Project,NV,3830.3339721033603
2028,1,p12,ComstockMetals,405025,Brady,NV,1229.0762002761999
2028,1,p12,ComstockMetals,405553,Dodge Flat,NV,454.3122751384465
2028,1,p12,ComstockMetals,402609,"EGP Stillwater Solar PV II, LLC",NV,4753.023397793867
2028,1,p12,ComstockMetals,404659,Fish Springs,NV,1841.1777122041196
2028,1,p12,ComstockMetals,401086,Ft. Churchill PV,NV,1287.0332484215003
2028,1,p12,ComstockMetals,405028,Galena 2 Geothermal Power Plant,NV,2656.4226245744567
2028,1,p12,ComstockMetals,400468,"Patua Acquisition Project, LLC",NV,2070.3610106658775
2028,1,p12,ComstockMetals,405021,Steamboat Hills LP,NV,3803.69069953945
2028,1,p12,ComstockMetals,405023,Steamboat II,NV,2375.690495669659
2028,1,p12,ComstockMetals,405024,Steamboat III,NV,1594.1873754925407
2028,1,p12,ComstockMetals,400029,Stillwater Facility,NV,2410.808904103711
2028,1,p12,ComstockMetals,401318,Sunshine Valley Solar,NV,3343.2284836714034
2028,1,p12,ComstockMetals,405576,Tesla Reno GigaFactory,NV,1036.368908462524
2028,1,p12,ComstockMetals,403308,Turquoise Liberty Solar,NV,2703.2950087390623
2028,1,p12,ComstockMetals,403884,"Turquoise Nevada, LLC",NV,1264.0469667600191
2028,1,p12,ComstockMetals,400035,Western 102 Power Plant,NV,4713.805705544422
2028,1,p13,WeRecycleSolar,400555,Apex Solar PV Power Project,NV,42250.56798133745
2028,1,p13,WeRecycleSolar,405385,Arrow Canyon Solar Hybrid,NV,1610.4486856228189
2028,1,p13,WeRecycleSolar,401649,"Boulder Solar Power, LLC",NV,4140.191685586846
2028,1,p13,WeRecycleSolar,400363,Copper Mountain Solar 2,NV,5205.463467718822
2028,1,p13,WeRecycleSolar,400802,Copper Mountain Solar 3,NV,6313.223469524996
2028,1,p13,WeRecycleSolar,403688,"Copper Mountain Solar 5, LLC",NV,6310.52530281649
2028,1,p13,WeRecycleSolar,405358,Dignity - San Martin,NV,241590.9032459833
2028,1,p13,WeRecycleSolar,405355,Dignity - Siena Campus,NV,1131390.059010971
2028,1,p13,WeRecycleSolar,405556,Dry Lake Solar Energy Center,NV,5963.892041016765
2028,1,p13,WeRecycleSolar,405495,Gemini Solar,NV,798.2577542016074
2028,1,p13,WeRecycleSolar,406090,IGS LAS1,NV,1581211.2456680436
2028,1,p13,WeRecycleSolar,405309,IKEA Las Vegas 462,NV,549081.5843789135
2028,1,p13,WeRecycleSolar,400545,Las Vegas WPCF Solar Plant,NV,243581.57430583777
2028,1,p13,WeRecycleSolar,400600,Mountain View Solar,NV,28220.319317739548
2028,1,p13,WeRecycleSolar,400036,Nellis Air Force Base Solar Array,NV,69143.43918937183
2028,1,p13,WeRecycleSolar,401274,River Mountains Solar,NV,54060.859886201375
2028,1,p13,WeRecycleSolar,401042,Searchlight Solar,NV,39848.85367637114
2028,1,p13,WeRecycleSolar,400166,Silver State Solar Power North,NV,7785.2485047351
2028,1,p13,WeRecycleSolar,400658,Silver State Solar Power South,NV,2439.9467573366605
2028,1,p13,WeRecycleSolar,405246,"Solar Las Vegas MB 2, LLC",NV,541927.8928962473
2028,1,p13,WeRecycleSolar,405188,Solar Las Vegas MB-1,NV,83339.57349531027
2028,1,p13,WeRecycleSolar,402691,"Techren Solar III, LLC",NV,30341.423045094372
2028,1,p13,WeRecycleSolar,404971,Yellow Pine Solar,NV,9883.309616443707
2028,1,p27,WeRecycleSolar,400374,"Black Mountain Solar, LLC",AZ,10810.371462536536
2028,1,p27,WeRecycleSolar,402236,Gray Hawk Solar,AZ,2520.652844319282
2028,1,p27,WeRecycleSolar,401819,Jacobson 5 MW Solar,AZ,67421.13860210218
2028,1,p27,WeRecycleSolar,401311,Mohave Electric at Fort Mohave,AZ,35441.56575897741
2028,1,p27,WeRecycleSolar,406478,Mohave Energy - Hybrid,AZ,17923.10031976459
2028,1,p28,WeRecycleSolar,405418,AZ State University - Tempe Campus Solar,AZ,7745.591792885756
2028,1,p28,WeRecycleSolar,400148,Agua Caliente Solar Project,AZ,1031.9787800552206
2028,1,p28,WeRecycleSolar,400274,Arizona Western College PV,AZ,163885.0382476852
2028,1,p28,WeRecycleSolar,400240,Arlington Valley Solar Energy II,AZ,2566.0812428511044
2028,1,p28,FabTechSolar,401688,Bonnybrooke PV,AZ,4098.637439817915
2028,1,p28,WeRecycleSolar,400371,Buckeye Union HS District 201,AZ,18634.232881948476
2028,1,p28,FabTechSolar,406171,Eleven Mile Solar Center,AZ,1037.7570445017764
2028,1,p28,WeRecycleSolar,400349,Foothills Solar Plant Hybrid,AZ,12668.846035698036
2028,1,p28,FabTechSolar,400825,Fort Huachuca Solar PV Project,AZ,17550.122642222483
2028,1,p28,WeRecycleSolar,400845,Gila Bend Hybrid,AZ,4844.595390182518
2028,1,p28,FabTechSolar,400599,"Gilbert Solar Facility I, LLC",AZ,13789.24681316465
2028,1,p28,FabTechSolar,405282,Intel - Ocotillo Campus Solar,AZ,3649.6421455223326
2028,1,p28,WeRecycleSolar,405125,Jewish Community Center PV,AZ,19790.596628505067
2028,1,p28,WeRecycleSolar,402234,Kayenta Solar Project,AZ,14631.48429966144
2028,1,p28,WeRecycleSolar,400595,Lake Pleasant WTP,AZ,29026.47647214333
2028,1,p28,WeRecycleSolar,400128,Luke Solar,AZ,2459.4872940504683
2028,1,p28,WeRecycleSolar,405068,Macys Goodyear,AZ,20290.21570437506
2028,1,p28,FabTechSolar,404512,Mesa Solar Array,AZ,17551.303504033796
2028,1,p28,WeRecycleSolar,400250,Mesquite Solar 1,AZ,1001.8155121508279
2028,1,p28,WeRecycleSolar,401622,"Mesquite Solar 3, LLC",AZ,1088.227252844447
2028,1,p28,WeRecycleSolar,403572,OE_AZ1,AZ,18322.56030031729
2028,1,p28,WeRecycleSolar,400203,Paloma Solar Hybrid,AZ,16308.36169386254
2028,1,p28,WeRecycleSolar,405126,Paradise Valley H.S. PV,AZ,33933.398929952455
2028,1,p28,WeRecycleSolar,405150,Phoenix Airport East Economy Lot,AZ,15504.098723221421
2028,1,p28,WeRecycleSolar,405151,Phoenix Airport Rental Car Center,AZ,2064.1006762057627
2028,1,p28,FabTechSolar,402528,Pinal Central Energy Center Hybrid,AZ,10048.028119604527
2028,1,p28,FabTechSolar,400323,Queen Creek Solar Farm,AZ,3509.679077722566
2028,1,p28,WeRecycleSolar,400289,"RE Bagdad Solar I, LLC",AZ,14343.418979738582
2028,1,p28,FabTechSolar,400758,Red Horse 2,AZ,13717.127935841709
2028,1,p28,FabTechSolar,401726,Red Rock,AZ,4904.308753677108
2028,1,p28,WeRecycleSolar,400416,Saddle Mountain Solar I,AZ,27028.540905082205
2028,1,p28,FabTechSolar,403674,Saint Solar,AZ,1095.4277368605487
2028,1,p28,FabTechSolar,401214,Sandstone Solar,AZ,3865.1726017206
2028,1,p28,WeRecycleSolar,405029,Solana Generating Station,AZ,868.8291394911572
2028,1,p28,WeRecycleSolar,406275,Sonoran Solar Energy,AZ,785.7287988800099
2028,1,p28,WeRecycleSolar,403643,Sun Streams 2,AZ,2215.537031308792
2028,1,p28,WeRecycleSolar,401975,"Sun Streams, LLC",AZ,983.2196020369513
2028,1,p28,FabTechSolar,405134,Union HS at Casa Grande,AZ,93413.24568997147
2028,1,p28,FabTechSolar,405135,Vista Grande HS at Casa Grande,AZ,60870.91928073579
2028,1,p28,FabTechSolar,400334,Walmart Casa Grande,AZ,44768.14191765406
2028,1,p29,FabTechSolar,400014,Springerville,AZ,63826.46345682504
2028,1,p30,FabTechSolar,405143,Actus Lend Lease DMAFB,AZ,38725.37455546898
2028,1,p30,FabTechSolar,405611,Amazon TUS2,AZ,70466.29134241343
2028,1,p30,FabTechSolar,400939,Avalon Solar,AZ,2968.077730578703
2028,1,p30,FabTechSolar,401479,Avalon Solar II,AZ,23501.465062059866
2028,1,p30,FabTechSolar,400226,Avra Valley Solar,AZ,5319.956906366178
2028,1,p30,FabTechSolar,404704,Broadway 2 - Tucson Phase II,AZ,49359.330456364594
2028,1,p30,FabTechSolar,400761,"Gato Montes Solar, LLC",AZ,74793.71027688698
2028,1,p30,FabTechSolar,404536,Iron Horse Battery Storage Hybrid,AZ,62505.664945315635
2028,1,p30,FabTechSolar,400552,"Picture Rocks Solar, LLC",AZ,13661.781766932298
2028,1,p30,FabTechSolar,405374,Pima Community College,AZ,163804.8178257034
2028,1,p30,FabTechSolar,405303,Pima Community College - East Campus,AZ,263889.3429554479
2028,1,p30,FabTechSolar,405516,Pima Community College NW,AZ,113747.70305080192
2028,1,p30,FabTechSolar,400408,Prairie Fire,AZ,82449.57549641974
2028,1,p30,FabTechSolar,404926,Raptor Ridge,AZ,28882.807268525452
2028,1,p30,FabTechSolar,400857,Rio Rico Solar,AZ,41686.18212555444
2028,1,p30,FabTechSolar,401076,Tech Park Solar,AZ,36988.88548393372
2028,1,p30,FabTechSolar,400156,UASTP I,AZ,156266.23987907163
2028,1,p30,FabTechSolar,401075,Valencia Solar,AZ,13572.465445600441
2028,1,p30,FabTechSolar,404187,"Wilmot Energy Center, LLC",AZ,1856.9732013378937
2028,1,p31,SolarCycle,400211,Alamogordo Solar Energy Center,NM,165229.49594193383
2028,1,p31,FabTechSolar,400206,Albuquerque Solar Energy Center,NM,1752782.727719261
2028,1,p31,SolarCycle,403675,Alcalde Solar Array,NM,816047.0337839092
2028,1,p31,FabTechSolar,405469,Arroyo Solar Energy Storage Hybrid,NM,11306.865855981758
2028,1,p31,FabTechSolar,403321,Bluewater CDEC 1,NM,1161638.6828287332
2028,1,p31,SolarCycle,402519,Carrizozo Solar,NM,279121.6940046881
2028,1,p31,FabTechSolar,401202,Cibola,NM,208955.66946515025
2028,1,p31,FabTechSolar,402988,City of Gallup Solar,NM,104743.14384757415
2028,1,p31,FabTechSolar,403604,City of Rio Rancho WWTP,NM,1412720.3699708711
2028,1,p31,FabTechSolar,401225,City of Truth or Consequences PV,NM,494362.767718279
2028,1,p31,FabTechSolar,400209,Deming Solar Energy Center,NM,296900.6608489532
2028,1,p31,FabTechSolar,403868,Encino Solar Energy Center,NM,21114.74805016549
2028,1,p31,FabTechSolar,401038,Eubank Landfill Solar Array,NM,585742.2998168162
2028,1,p31,FabTechSolar,402443,Facebook 3 Solar Energy Center,NM,166805.59825592002
2028,1,p31,FabTechSolar,403322,Grants CDEC 2,NM,313731.952845428
2028,1,p31,FabTechSolar,400216,"Hatch Solar Energy Center I, LLC",NM,576839.442377745
2028,1,p31,SolarCycle,401617,Holloman Solar Facility,NM,165703.41128397253
2028,1,p31,FabTechSolar,406109,"Jicarilla Solar 1, LLC",NM,71315.50270194738
2028,1,p31,SolarCycle,400427,Kit Carson,NM,1646603.653737285
2028,1,p31,SolarCycle,400434,Los Alamos PV Site,NM,3890789.7077997196
2028,1,p31,FabTechSolar,400207,Los Lunas Solar Energy Center,NM,474226.8306448834
2028,1,p31,FabTechSolar,400582,Manzano Solar,NM,210734.0239573304
2028,1,p31,SolarCycle,401201,Meadow Lake Solar Energy Center,NM,188165.96651336752
2028,1,p31,SolarCycle,405693,NMSU Solar and Storage,NM,465589.0417040848
2028,1,p31,FabTechSolar,406375,OE_ESCL,NM,14317.307073262065
2028,1,p31,SolarCycle,400581,Otero Solar,NM,108519.71786312487
2028,1,p31,SolarCycle,400146,Questa Solar Facility,NM,2082411.7491282441
2028,1,p31,FabTechSolar,403178,"RC Energy AA, LLC Solar Facility",NM,1765507.9065477753
2028,1,p31,FabTechSolar,401566,Rio Communities Solar Energy Center,NM,331806.9541202865
2028,1,p31,FabTechSolar,400624,Rio Rancho High School,NM,3496302.557369734
2028,1,p31,FabTechSolar,404648,"Route 66 Energy Center, LLC",NM,29859.374895604098
2028,1,p31,SolarCycle,403387,San Miguel I Solar Energy Center,NM,167092.86049624486
2028,1,p31,SolarCycle,405458,San Miguel II Solar Energy Center,NM,167161.307147259
2028,1,p31,FabTechSolar,401161,Sandoval Solar Energy Center,NM,561029.4797450148
2028,1,p31,SolarCycle,401564,Santa Fe Solar Energy Center,NM,95713.44704701012
2028,1,p31,FabTechSolar,401565,Santolina Solar Energy Center,NM,315869.5425467807
2028,1,p31,FabTechSolar,400596,Silver City WWTP PV Project,NM,2258673.7595913284
2028,1,p31,FabTechSolar,401563,South Valley Solar Energy Center,NM,338404.8994267938
2028,1,p31,SolarCycle,401162,Springer Solar 1,NM,2045006.420254322
2028,1,p31,SolarCycle,400735,Storrie Lake Solar Project,NM,1117839.1180956136
2028,1,p31,FabTechSolar,400623,Sue Cleveland High School,NM,1763041.4734347863
2028,1,p31,SolarCycle,400343,"SunE EPE1, LLC",NM,126826.93456462996
2028,1,p31,SolarCycle,402854,Syncarpha Eagle Nest,NM,1978027.5306573443
2028,1,p31,SolarCycle,403412,Syncarpha El Rito,NM,514521.8091164071
2028,1,p31,SolarCycle,403411,Syncarpha Taos,NM,213191.83554584804
2028,1,p31,SolarCycle,404618,Taos Mesa Energy Facility Hybrid,NM,133669.62689233944
2028,1,p31,FabTechSolar,403011,Vista Solar Energy Center,NM,112474.96996438682
2028,1,p31,SolarCycle,400354,WSMR I,NM,287306.8773158665
2028,1,p31,FabTechSolar,405245,Wal-Mart Truth or Consequences PV,NM,2840010.54133664
2028,1,p47,SolarCycle,404980,Chaves County Solar II,NM,13673.442361579266
2028,1,p47,SolarCycle,400614,GSE NM1,NM,428460.63368275715
2028,1,p47,SolarCycle,402530,Middle Daisy,NM,191791.5575494171
2028,1,p47,SolarCycle,400546,SEV NM Phase 2,NM,1144286.7376849158
2028,1,p47,SolarCycle,400260,SPS1 Dollarhide,NM,10140.140402461726
2028,1,p47,SolarCycle,400261,SPS2 Jal,NM,7918.312742335633
2028,1,p47,SolarCycle,400262,SPS3 Lea,NM,38939.23988184716
2028,1,p47,SolarCycle,400264,SPS5 Hopi,NM,38183.50499917172
2028,1,p47,SolarCycle,404698,SoCore Clovis 1,NM,451880.602193323
2028,1,p48,SolarCycle,406439,"BESSP1, LLC",TX,156627.25794553926
2028,1,p48,SolarCycle,405590,"Hecate Energy Frye Solar, LLC",TX,9054.365061558998
2028,1,p57,OkonRecycling,404918,"Hecate Energy Upshur Rural, LLC",TX,24276.9000308876
2028,1,p59,SolarCycle,402666,Fort Bliss (DEA EPIC),TX,112382.25506482519
2028,1,p59,SolarCycle,401616,Montana Solar Facility,TX,215561.13669962448
2028,1,p60,SolarCycle,403962,"ANSON Solar Center, LLC",TX,4113.987627078057
2028,1,p60,OkonRecycling,403883,Azure Sky Solar,TX,3842.1954379127637
2028,1,p60,SolarCycle,403232,"ENGIE Long Draw Solar, LLC",TX,1202.948745138101
2028,1,p60,SolarCycle,406252,Highpeak Solar 1,TX,37369.613974212654
2028,1,p60,SolarCycle,402721,Holstein 1 Solar Farm,TX,1902.9752942113746
2028,1,p60,SolarCycle,405492,Juno Solar Project,TX,703.0805053018835
2028,1,p60,SolarCycle,402541,Lamesa II,TX,2474.6610573865587
2028,1,p60,SolarCycle,401660,Lamesa Solar,TX,1418.5043603461786
2028,1,p60,SolarCycle,405932,Lumina II Solar Project,TX,1256.6549099694475
2028,1,p60,SolarCycle,405933,Lumina Solar Project,TX,1197.3703040353387
2028,1,p60,SolarCycle,402909,Misae Solar,TX,1828.94776843512
2028,1,p60,OkonRecycling,400968,"OCI Alamo 7, LLC",TX,4036.496891685868
2028,1,p60,SolarCycle,405939,Texas Solar Nova 1,TX,1624.1417347427812
2028,1,p61,SolarCycle,400967,Alamo 6,TX,778.4812012134822
2028,1,p61,SolarCycle,403557,Aragorn Solar Project,TX,2317.2521389267267
2028,1,p61,SolarCycle,400691,Barilla Solar,TX,2394.0004818421767
2028,1,p61,SolarCycle,401946,Bluebell Solar,TX,4636.399820154759
2028,1,p61,SolarCycle,403574,Bluebell Solar II,TX,1132.42055378646
2028,1,p61,SolarCycle,401463,Buckthorn Westex,TX,763.878033775177
2028,1,p61,SolarCycle,401703,East Pecos Solar,TX,1769.848664412312
2028,1,p61,SolarCycle,405363,Galloway 1 Solar Farm,TX,683.2197502488233
2028,1,p61,SolarCycle,405494,Galloway 2 Solar Farm,TX,2299.968982562522
2028,1,p61,SolarCycle,403210,Greasewood,TX,555.2474262144189
2028,1,p61,SolarCycle,406370,Hayhurst Texas Solar,TX,11860.371981430473
2028,1,p61,SolarCycle,402304,Midway Solar-TX,TX,629.8086424317931
2028,1,p61,SolarCycle,401868,Pearl Solar,TX,2025.220056395237
2028,1,p61,SolarCycle,402290,RE Maplewood,TX,512.6984732187483
2028,1,p61,SolarCycle,401430,RE Roserock,TX,693.1384581363658
2028,1,p61,SolarCycle,402848,Rambler,TX,768.3605889478716
2028,1,p61,SolarCycle,402083,Solaire Holman Solar Project,TX,3676.3617888005633
2028,1,p61,SolarCycle,403023,"Taygete Energy Project, LLC",TX,544.494994474052
2028,1,p61,SolarCycle,404647,Taygete II Energy Project,TX,548.8024812468936
2028,1,p61,SolarCycle,403551,Titan Solar Project,TX,1067.9956048839176
2028,1,p61,SolarCycle,406103,Zier Solar,TX,2224.5769606256667
2028,1,p62,SolarCycle,403502,2W Permian Solar Project Hybrid,TX,447.1224711254716
2028,1,p62,SolarCycle,403697,CED Crane Solar,TX,1159.6456854834155
2028,1,p62,SolarCycle,401525,Castle Gap Solar Hybrid,TX,561.0633195998034
2028,1,p62,SolarCycle,404599,Emerald Grove,TX,739.6922318552325
2028,1,p62,SolarCycle,403004,Lapetus,TX,1054.498480001535
2028,1,p62,SolarCycle,403280,Oberon IA,TX,501.3206212888889
2028,1,p62,SolarCycle,403279,Oberon IB,TX,912.2974579156984
2028,1,p62,SolarCycle,403602,Oxy Renewable Energy-Goldsmith,TX,1458.418645800005
2028,1,p62,SolarCycle,402679,Phoebe Solar,TX,482.80385763264684
2028,1,p62,SolarCycle,403177,Prospero Solar,TX,500.74777881295086
2028,1,p62,SolarCycle,404128,Prospero Solar II,TX,880.1476444299365
2028,1,p62,SolarCycle,403070,"Roadrunner, LLC",TX,524.2585184014878
2028,1,p62,SolarCycle,401805,Upton County Solar,TX,650.0944943105
2028,1,p62,SolarCycle,402995,West of the Pecos Solar,TX,819.299715567131
2028,1,p63,OkonRecycling,405599,"BPL Crown Solar, LLC",TX,3548.0633134135924
2028,1,p63,OkonRecycling,404966,BPL Files Solar,TX,681.7326241737294
2028,1,p63,OkonRecycling,403825,Briar Creek Solar 1,TX,1640.4660840053882
2028,1,p63,OkonRecycling,402610,Chisum,TX,21205.583835130714
2028,1,p63,OkonRecycling,401697,CoServ Community Solar Station,TX,55052.69440888118
2028,1,p63,OkonRecycling,403188,Coniglio Solar,TX,1163.214709194662
2028,1,p63,OkonRecycling,406415,Dileo Solar,TX,3870.415351380779
2028,1,p63,OkonRecycling,402655,Eddy II,TX,65993.68352426698
2028,1,p63,OkonRecycling,406221,Eiffel Solar Project,TX,886.4953756749012
2028,1,p63,OkonRecycling,405540,"Ellis Solar, LLC",TX,1391.8261960808875
2028,1,p63,OkonRecycling,403823,Elm Branch Solar 1,TX,837.0746504969118
2028,1,p63,OkonRecycling,406206,Five Wells Solar Center - Hybrid,TX,1121.866524216775
2028,1,p63,OkonRecycling,404567,G.S.E. One LLC,TX,1326.5542482588212
2028,1,p63,OkonRecycling,403288,Griffin Solar,TX,114613.06479599561
2028,1,p63,OkonRecycling,406202,Grizzly Ridge Solar,TX,2088.0388396549524
2028,1,p63,OkonRecycling,405319,IKEA Grand Prairie Rooftop PV System,TX,12264.141786999118
2028,1,p63,OkonRecycling,403481,Impact Solar 1,TX,999.8065996674088
2028,1,p63,OkonRecycling,403190,Kellam Solar,TX,2711.9775967435744
2028,1,p63,OkonRecycling,402421,Leon Solar,TX,5628.199887601879
2028,1,p63,OkonRecycling,403874,Lily Solar Hybrid,TX,996.0124251406052
2028,1,p63,OkonRecycling,402404,Marlin Solar,TX,120864.07430158339
2028,1,p63,OkonRecycling,405794,Noble Solar,TX,942.6766742023661
2028,1,p63,OkonRecycling,402405,North Gainesville Solar,TX,9872.024740769355
2028,1,p63,OkonRecycling,401933,Phantom Solar,TX,26514.676256083858
2028,1,p63,OkonRecycling,404872,"Pisgah Ridge Solar, LLC",TX,936.0585421582875
2028,1,p63,OkonRecycling,406416,Pitts Dudik Solar,TX,4231.273634520452
2028,1,p63,OkonRecycling,403189,Rippey Solar,TX,6352.593680919554
2028,1,p63,OkonRecycling,404630,"Samson Solar Energy III, LLC",TX,1009.0205254797697
2028,1,p63,OkonRecycling,402652,Sterling Solar (TX),TX,7428.635148332261
2028,1,p63,OkonRecycling,404812,Sun Valley Solar Project,TX,1205.3954874134565
2028,1,p63,OkonRecycling,403457,"TPE Whitney Solar, LLC",TX,40885.2134400561
2028,1,p63,OkonRecycling,405361,Toyota HQ Plan,TX,2285.790315123785
2028,1,p63,OkonRecycling,405907,Verizon Hidden Ridge Solar Project,TX,2940.977536119597
2028,1,p63,OkonRecycling,405984,Waco Solar,TX,781.6536971135295
2028,1,p63,OkonRecycling,402306,Walnut Springs Solar,TX,30818.25363049193
2028,1,p63,OkonRecycling,402497,West Moore Solar II,TX,18631.16128826494
2028,1,p63,OkonRecycling,402330,Whitesboro Solar,TX,24322.92583084443
2028,1,p63,OkonRecycling,402331,Whitesboro Solar II,TX,36598.18080514927
2028,1,p63,OkonRecycling,402414,Whitewright Solar,TX,34894.74557409581
2028,1,p63,OkonRecycling,402654,Yellow Jacket,TX,47589.11894923079
2028,1,p64,OkonRecycling,405731,Austin TX GigaFactory,TX,324711.9814534451
2028,1,p64,OkonRecycling,404721,"Blue Jay Solar I, LLC",TX,878.3530459567572
2028,1,p64,OkonRecycling,402648,Bovine,TX,74843.51868202789
2028,1,p64,OkonRecycling,402389,"E-Volve Energy Holdings, LLC",TX,112427.00362864383
2028,1,p64,OkonRecycling,400227,East Blackland Solar Project 1,TX,1699.4117652714604
2028,1,p64,OkonRecycling,405101,IKEA Round Rock 027,TX,130029.00173074516
2028,1,p64,SolarCycle,402653,Lampwick,TX,27291.67651713829
2028,1,p64,OkonRecycling,405613,Niagara Bottling - Seguin,TX,53208.17895339591
2028,1,p65,OkonRecycling,405700,Aktina Solar,TX,18688.092772924712
2028,1,p65,OkonRecycling,405477,Brightside,TX,145415.76952000658
2028,1,p65,OkonRecycling,401728,CPS 1 Community Solar,TX,3002473.9469800536
2028,1,p65,OkonRecycling,402656,Cascade Solar (TX),TX,902860.5093705646
2028,1,p65,OkonRecycling,404361,FELPS 2-Calaveras,TX,9351396.690280339
2028,1,p65,OkonRecycling,404739,FELPS 6- Floresville West,TX,9518660.633569572
2028,1,p65,OkonRecycling,404740,FELPS 7- Floresville West,TX,9515586.622133192
2028,1,p65,OkonRecycling,406516,Ganado Solar,TX,121641.61984296613
2028,1,p65,SolarCycle,405801,Horizon Solar,TX,33845.32289400901
2028,1,p65,OkonRecycling,405380,IKEA Live Oak Rooftop PV System,TX,5065613.572332845
2028,1,p65,SolarCycle,403343,Mars Solar,TX,1337190.1496686295
2028,1,p65,OkonRecycling,404877,Nebula Solar,TX,248233.07457742697
2028,1,p65,OkonRecycling,400694,"OCI Alamo 2, LLC",TX,1003951.3414733569
2028,1,p65,OkonRecycling,400965,"OCI Alamo 3, LLC",TX,3193597.8960508164
2028,1,p65,SolarCycle,400966,"OCI Alamo 5, LLC",TX,182614.49795499092
2028,1,p65,SolarCycle,405809,Shakes Solar,TX,49740.194424386704
2028,1,p65,OkonRecycling,405545,Sparta Solar,TX,29066.512707930277
2028,1,p65,OkonRecycling,400364,"SunE CPS2, LLC",TX,955033.7102592725
2028,1,p65,OkonRecycling,400353,"SunE CPS3, LLC",TX,1825021.1518353634
2028,1,p65,OkonRecycling,406032,Tres Bahias,TX,34920.35630537073
2028,1,p67,OkonRecycling,404939,Brazoria County Solar Project (Danciger),TX,3222.8718006652757
2028,1,p67,OkonRecycling,404681,Brazoria West,TX,3266.7916419254543
2028,1,p67,OkonRecycling,402649,Bronson,TX,206069.4616885334
2028,1,p67,OkonRecycling,406178,"Cutlass Solar 1, LLC",TX,19884.051218145338
2028,1,p67,OkonRecycling,404587,Fighting Jays Solar Project,TX,5234.074009625351
2028,1,p67,OkonRecycling,405564,"Fort Bend Solar, LLC",TX,8948.722222548378
2028,1,p67,OkonRecycling,403514,Wagyu,TX,9879.808236741123
2028,2,p12,ComstockMetals,405025,Brady,NV,1163.429035771574
2028,2,p12,ComstockMetals,405553,Dodge Flat,NV,450.0117695161088
2028,2,p12,ComstockMetals,402609,"EGP Stillwater Solar PV II, LLC",NV,4408.346222170852
2028,2,p12,ComstockMetals,401086,Ft. Churchill PV,NV,1012.5977358723057
2028,2,p12,ComstockMetals,405028,Galena 2 Geothermal Power Plant,NV,2477.756601863814
2028,2,p12,ComstockMetals,400468,"Patua Acquisition Project, LLC",NV,1938.099990493345
2028,2,p12,ComstockMetals,405021,Steamboat Hills LP,NV,3534.182730065601
2028,2,p12,ComstockMetals,405023,Steamboat II,NV,1764.4398635399912
2028,2,p12,ComstockMetals,405024,Steamboat III,NV,1499.6303069598894
2028,2,p12,ComstockMetals,400029,Stillwater Facility,NV,1634.393897102487
2028,2,p12,ComstockMetals,401318,Sunshine Valley Solar,NV,3110.180418393555
2028,2,p12,ComstockMetals,405576,Tesla Reno GigaFactory,NV,985.9805190653228
2028,2,p12,ComstockMetals,403308,Turquoise Liberty Solar,NV,1813.9450527654303
2028,2,p12,ComstockMetals,403884,"Turquoise Nevada, LLC",NV,1195.6307785402612
2028,2,p12,ComstockMetals,400035,Western 102 Power Plant,NV,4372.233829885071
2028,2,p13,WeRecycleSolar,400555,Apex Solar PV Power Project,NV,60543.904518262214
2028,2,p13,WeRecycleSolar,405385,Arrow Canyon Solar Hybrid,NV,1269.7744580768797
2028,2,p13,WeRecycleSolar,401649,"Boulder Solar Power, LLC",NV,11150.139960740604
2028,2,p13,WeRecycleSolar,400363,Copper Mountain Solar 2,NV,1781.19671922905
2028,2,p13,WeRecycleSolar,403688,"Copper Mountain Solar 5, LLC",NV,4647.039963996294
2028,2,p13,WeRecycleSolar,405358,Dignity - San Martin,NV,347018.0593288154
2028,2,p13,WeRecycleSolar,405355,Dignity - Siena Campus,NV,406739.51581369765
2028,2,p13,WeRecycleSolar,405495,Gemini Solar,NV,829.2553989895731
2028,2,p13,WeRecycleSolar,406090,IGS LAS1,NV,1136300.4812461757
2028,2,p13,WeRecycleSolar,406089,IGS VGT,NV,237826.40283087717
2028,2,p13,WeRecycleSolar,405309,IKEA Las Vegas 462,NV,296093.59282528074
2028,2,p13,WeRecycleSolar,400545,Las Vegas WPCF Solar Plant,NV,70295.77485387135
2028,2,p13,WeRecycleSolar,400600,Mountain View Solar,NV,60371.323308915606
2028,2,p13,WeRecycleSolar,400036,Nellis Air Force Base Solar Array,NV,33330.64700026894
2028,2,p13,WeRecycleSolar,401274,River Mountains Solar,NV,26105.534309615858
2028,2,p13,WeRecycleSolar,400166,Silver State Solar Power North,NV,7475.613742534311
2028,2,p13,WeRecycleSolar,400658,Silver State Solar Power South,NV,2598.722184313718
2028,2,p13,WeRecycleSolar,405246,"Solar Las Vegas MB 2, LLC",NV,389517.80001231405
2028,2,p13,WeRecycleSolar,405188,Solar Las Vegas MB-1,NV,238786.7187327916
2028,2,p13,WeRecycleSolar,402485,"Techren Solar I, LLC",NV,11174.460240465021
2028,2,p13,WeRecycleSolar,402691,"Techren Solar III, LLC",NV,43429.14334563117
2028,2,p13,WeRecycleSolar,404971,Yellow Pine Solar,NV,7214.283480487672
2028,2,p27,WeRecycleSolar,400374,"Black Mountain Solar, LLC",AZ,10767.9160561017
2028,2,p27,WeRecycleSolar,402236,Gray Hawk Solar,AZ,1808.0029550760103
2028,2,p27,WeRecycleSolar,401819,Jacobson 5 MW Solar,AZ,22649.271364028875
2028,2,p27,WeRecycleSolar,406478,Mohave Energy - Hybrid,AZ,12034.425265980622
2028,2,p28,WeRecycleSolar,405418,AZ State University - Tempe Campus Solar,AZ,8319.292868205604
2028,2,p28,WeRecycleSolar,400148,Agua Caliente Solar Project,AZ,627.112404594176
2028,2,p28,WeRecycleSolar,400240,Arlington Valley Solar Energy II,AZ,1956.836827867135
2028,2,p28,FabTechSolar,401688,Bonnybrooke PV,AZ,3058.3374922990174
2028,2,p28,WeRecycleSolar,400371,Buckeye Union HS District 201,AZ,20058.35217784208
2028,2,p28,FabTechSolar,406171,Eleven Mile Solar Center,AZ,858.3778458859566
2028,2,p28,WeRecycleSolar,400349,Foothills Solar Plant Hybrid,AZ,18036.080278009566
2028,2,p28,FabTechSolar,400825,Fort Huachuca Solar PV Project,AZ,18889.571399944016
2028,2,p28,WeRecycleSolar,400845,Gila Bend Hybrid,AZ,3594.483037624589
2028,2,p28,FabTechSolar,400599,"Gilbert Solar Facility I, LLC",AZ,10023.310577538787
2028,2,p28,FabTechSolar,405282,Intel - Ocotillo Campus Solar,AZ,2735.6291857636957
2028,2,p28,WeRecycleSolar,405125,Jewish Community Center PV,AZ,28273.372751095925
2028,2,p28,WeRecycleSolar,402234,Kayenta Solar Project,AZ,7219.1036835297045
2028,2,p28,WeRecycleSolar,400595,Lake Pleasant WTP,AZ,20974.82976273033
2028,2,p28,WeRecycleSolar,400128,Luke Solar,AZ,7801.120517718732
2028,2,p28,WeRecycleSolar,405068,Macys Goodyear,AZ,14695.779728942012
2028,2,p28,FabTechSolar,404512,Mesa Solar Array,AZ,12727.229659151764
2028,2,p28,WeRecycleSolar,400250,Mesquite Solar 1,AZ,1697.6363042573107
2028,2,p28,WeRecycleSolar,401622,"Mesquite Solar 3, LLC",AZ,770.9893857996834
2028,2,p28,WeRecycleSolar,404922,"Mesquite Solar 5, LLC",AZ,4041.231466141914
2028,2,p28,WeRecycleSolar,403572,OE_AZ1,AZ,4693.852784037584
2028,2,p28,WeRecycleSolar,405126,Paradise Valley H.S. PV,AZ,12450.80155465318
2028,2,p28,WeRecycleSolar,405150,Phoenix Airport East Economy Lot,AZ,11255.833418833803
2028,2,p28,WeRecycleSolar,405151,Phoenix Airport Rental Car Center,AZ,1596.0461901168956
2028,2,p28,FabTechSolar,402528,Pinal Central Energy Center Hybrid,AZ,7334.3684787775655
2028,2,p28,WeRecycleSolar,400031,Prescott Airport,AZ,32830.620444081535
2028,2,p28,WeRecycleSolar,400401,Prescott Solar Plant,AZ,12991.787427615627
2028,2,p28,FabTechSolar,400323,Queen Creek Solar Farm,AZ,2635.0329319476887
2028,2,p28,WeRecycleSolar,400289,"RE Bagdad Solar I, LLC",AZ,30464.83932079937
2028,2,p28,FabTechSolar,400758,Red Horse 2,AZ,9971.476268658944
2028,2,p28,FabTechSolar,401609,Red Horse III,AZ,17903.084152902185
2028,2,p28,FabTechSolar,401726,Red Rock,AZ,2558.2673856925353
2028,2,p28,WeRecycleSolar,400416,Saddle Mountain Solar I,AZ,19538.844994951156
2028,2,p28,FabTechSolar,403674,Saint Solar,AZ,1149.7416235688393
2028,2,p28,FabTechSolar,401214,Sandstone Solar,AZ,2890.5383115612144
2028,2,p28,WeRecycleSolar,405029,Solana Generating Station,AZ,1410.890712542767
2028,2,p28,WeRecycleSolar,406275,Sonoran Solar Energy,AZ,677.2365079321424
2028,2,p28,WeRecycleSolar,401975,"Sun Streams, LLC",AZ,1657.5397504343111
2028,2,p28,WeRecycleSolar,405311,T0588 Phoenix - AZ,AZ,10518.978694636366
2028,2,p28,FabTechSolar,405134,Union HS at Casa Grande,AZ,67251.80754300802
2028,2,p28,FabTechSolar,400334,Walmart Casa Grande,AZ,32288.90423635302
2028,2,p29,FabTechSolar,400014,Springerville,AZ,43888.34122471897
2028,2,p30,FabTechSolar,405143,Actus Lend Lease DMAFB,AZ,26677.978510757104
2028,2,p30,FabTechSolar,400939,Avalon Solar,AZ,4802.037305625703
2028,2,p30,FabTechSolar,401479,Avalon Solar II,AZ,16239.63130195132
2028,2,p30,FabTechSolar,400226,Avra Valley Solar,AZ,2086.6961296389
2028,2,p30,FabTechSolar,404704,Broadway 2 - Tucson Phase II,AZ,22779.467886153863
2028,2,p30,FabTechSolar,404536,Iron Horse Battery Storage Hybrid,AZ,128149.1490501088
2028,2,p30,FabTechSolar,405374,Pima Community College,AZ,75092.86934453495
2028,2,p30,FabTechSolar,405303,Pima Community College - East Campus,AZ,181062.74295573006
2028,2,p30,FabTechSolar,405516,Pima Community College NW,AZ,39258.700528833
2028,2,p30,FabTechSolar,404926,Raptor Ridge,AZ,19929.374624769112
2028,2,p30,FabTechSolar,400156,UASTP I,AZ,107270.44157042124
2028,2,p30,FabTechSolar,401075,Valencia Solar,AZ,13947.647006509857
2028,2,p30,FabTechSolar,404187,"Wilmot Energy Center, LLC",AZ,1398.9807254223622
2028,2,p31,SolarCycle,400211,Alamogordo Solar Energy Center,NM,175017.84546906457
2028,2,p31,FabTechSolar,400206,Albuquerque Solar Energy Center,NM,619215.8144934141
2028,2,p31,SolarCycle,403675,Alcalde Solar Array,NM,1152511.9800285709
2028,2,p31,FabTechSolar,405469,Arroyo Solar Energy Storage Hybrid,NM,4251.522256798363
2028,2,p31,FabTechSolar,403321,Bluewater CDEC 1,NM,820532.3260828701
2028,2,p31,SolarCycle,404981,Buena Vista Energy Center,NM,15267.351871632722
2028,2,p31,SolarCycle,402876,CNMEC Solar Energy Center,NM,281914.6489878263
2028,2,p31,SolarCycle,402519,Carrizozo Solar,NM,295673.4971035279
2028,2,p31,FabTechSolar,401202,Cibola,NM,294987.57935891196
2028,2,p31,FabTechSolar,402988,City of Gallup Solar,NM,110939.52973653874
2028,2,p31,FabTechSolar,403868,Encino Solar Energy Center,NM,44289.77413640408
2028,2,p31,FabTechSolar,401038,Eubank Landfill Solar Array,NM,310451.3372070455
2028,2,p31,FabTechSolar,402443,Facebook 3 Solar Energy Center,NM,47410.0117706697
2028,2,p31,FabTechSolar,403322,Grants CDEC 2,NM,442985.43419726775
2028,2,p31,FabTechSolar,400216,"Hatch Solar Energy Center I, LLC",NM,203957.04116381804
2028,2,p31,SolarCycle,401617,Holloman Solar Facility,NM,350639.8082593479
2028,2,p31,FabTechSolar,406109,"Jicarilla Solar 1, LLC",NM,17094.84406214934
2028,2,p31,SolarCycle,400427,Kit Carson,NM,1163041.971637455
2028,2,p31,SolarCycle,400210,Las Vegas Solar Energy Center,NM,158194.71237286826
2028,2,p31,SolarCycle,400434,Los Alamos PV Site,NM,2748012.8789082193
2028,2,p31,FabTechSolar,400207,Los Lunas Solar Energy Center,NM,167721.63099779192
2028,2,p31,FabTechSolar,400582,Manzano Solar,NM,297499.5280699537
2028,2,p31,SolarCycle,401201,Meadow Lake Solar Energy Center,NM,265621.8551670799
2028,2,p31,SolarCycle,405693,NMSU Solar and Storage,NM,219428.5118138807
2028,2,p31,SolarCycle,400146,Questa Solar Facility,NM,588573.7024415847
2028,2,p31,FabTechSolar,403178,"RC Energy AA, LLC Solar Facility",NM,1247018.8687909886
2028,2,p31,FabTechSolar,401566,Rio Communities Solar Energy Center,NM,78419.43452906141
2028,2,p31,FabTechSolar,403084,Rio De Oro Solar Energy Center,NM,78886.3497893341
2028,2,p31,FabTechSolar,400624,Rio Rancho High School,NM,2469403.778922128
2028,2,p31,SolarCycle,400135,Roadrunner Solar,NM,96181.49419994587
2028,2,p31,FabTechSolar,404648,"Route 66 Energy Center, LLC",NM,10802.936973829028
2028,2,p31,SolarCycle,403387,San Miguel I Solar Energy Center,NM,78885.27349385907
2028,2,p31,SolarCycle,405458,San Miguel II Solar Energy Center,NM,118176.25113051171
2028,2,p31,FabTechSolar,401161,Sandoval Solar Energy Center,NM,99387.04850536771
2028,2,p31,SolarCycle,401564,Santa Fe Solar Energy Center,NM,54252.59047225169
2028,2,p31,FabTechSolar,401565,Santolina Solar Energy Center,NM,44960.480728551294
2028,2,p31,FabTechSolar,400596,Silver City WWTP PV Project,NM,797860.2201822717
2028,2,p31,FabTechSolar,401563,South Valley Solar Energy Center,NM,48143.629021904955
2028,2,p31,SolarCycle,401162,Springer Solar 1,NM,1444416.500795866
2028,2,p31,SolarCycle,400735,Storrie Lake Solar Project,NM,1578797.200732781
2028,2,p31,FabTechSolar,400623,Sue Cleveland High School,NM,1245276.9344617294
2028,2,p31,SolarCycle,400343,"SunE EPE1, LLC",NM,178979.67953916185
2028,2,p31,SolarCycle,402854,Syncarpha Eagle Nest,NM,931541.4847075798
2028,2,p31,SolarCycle,403412,Syncarpha El Rito,NM,1815909.2550544995
2028,2,p31,SolarCycle,403413,Syncarpha Questa,NM,1863188.5897262748
2028,2,p31,SolarCycle,403411,Syncarpha Taos,NM,451256.8280705448
2028,2,p31,SolarCycle,404618,Taos Mesa Energy Facility Hybrid,NM,63148.35697180594
2028,2,p31,FabTechSolar,403011,Vista Solar Energy Center,NM,237861.0159954087
2028,2,p31,SolarCycle,400354,WSMR I,NM,405659.6733843702
2028,2,p31,FabTechSolar,405245,Wal-Mart Truth or Consequences PV,NM,1003146.6501386485
2028,2,p47,SolarCycle,400979,"Caprock Solar 1, LLC",NM,62675.75924631033
2028,2,p47,SolarCycle,404980,Chaves County Solar II,NM,9627.2888146476
2028,2,p47,SolarCycle,400614,GSE NM1,NM,595549.1692320752
2028,2,p47,SolarCycle,400546,SEV NM Phase 2,NM,265464.9573370589
2028,2,p47,SolarCycle,400260,SPS1 Dollarhide,NM,6042.538319529478
2028,2,p47,SolarCycle,400261,SPS2 Jal,NM,5626.499741557778
2028,2,p47,SolarCycle,400262,SPS3 Lea,NM,27191.294029055345
2028,2,p47,SolarCycle,400264,SPS5 Hopi,NM,79197.79115917852
2028,2,p47,SolarCycle,404698,SoCore Clovis 1,NM,314255.42628394335
2028,2,p48,SolarCycle,406439,"BESSP1, LLC",TX,6302.228343910925
2028,2,p48,SolarCycle,405590,"Hecate Energy Frye Solar, LLC",TX,763.2887075790322
2028,2,p57,OkonRecycling,404918,"Hecate Energy Upshur Rural, LLC",TX,23662.220951284024
2028,2,p59,SolarCycle,402666,Fort Bliss (DEA EPIC),TX,110625.2194953648
2028,2,p59,SolarCycle,401616,Montana Solar Facility,TX,47463.37625815862
2028,2,p60,SolarCycle,403962,"ANSON Solar Center, LLC",TX,4092.7773697872167
2028,2,p60,OkonRecycling,403883,Azure Sky Solar,TX,3822.5373619538714
2028,2,p60,SolarCycle,403232,"ENGIE Long Draw Solar, LLC",TX,932.2421168964769
2028,2,p60,SolarCycle,406252,Highpeak Solar 1,TX,18779.241877166398
2028,2,p60,SolarCycle,402721,Holstein 1 Solar Farm,TX,1894.3919342508893
2028,2,p60,SolarCycle,405492,Juno Solar Project,TX,801.7995188576676
2028,2,p60,SolarCycle,402541,Lamesa II,TX,2462.812850220324
2028,2,p60,SolarCycle,401660,Lamesa Solar,TX,1919.0316570366406
2028,2,p60,SolarCycle,405932,Lumina II Solar Project,TX,825.8813144917614
2028,2,p60,SolarCycle,405933,Lumina Solar Project,TX,1192.8165922293651
2028,2,p60,SolarCycle,402909,Misae Solar,TX,1820.7871731755376
2028,2,p60,OkonRecycling,400968,"OCI Alamo 7, LLC",TX,4015.729177182017
2028,2,p60,SolarCycle,405939,Texas Solar Nova 1,TX,1617.1507687618912
2028,2,p61,SolarCycle,400967,Alamo 6,TX,792.3992968194289
2028,2,p61,SolarCycle,403557,Aragorn Solar Project,TX,1890.8172230119103
2028,2,p61,SolarCycle,400691,Barilla Solar,TX,1433.663474465586
2028,2,p61,SolarCycle,401946,Bluebell Solar,TX,3694.1404457041253
2028,2,p61,SolarCycle,403574,Bluebell Solar II,TX,969.5156906613344
2028,2,p61,SolarCycle,400554,"Bryan Solar, LLC",TX,42989.11735437708
2028,2,p61,SolarCycle,401463,Buckthorn Westex,TX,824.4165090341902
2028,2,p61,SolarCycle,401703,East Pecos Solar,TX,932.583571133464
2028,2,p61,SolarCycle,405363,Galloway 1 Solar Farm,TX,620.2260584277872
2028,2,p61,SolarCycle,405494,Galloway 2 Solar Farm,TX,1877.3781835383709
2028,2,p61,SolarCycle,403210,Greasewood,TX,520.7173183587051
2028,2,p61,SolarCycle,406370,Hayhurst Texas Solar,TX,9311.357867413311
2028,2,p61,SolarCycle,402304,Midway Solar-TX,TX,578.6946407195513
2028,2,p61,SolarCycle,400695,"OCI Alamo 4, LLC",TX,4280.531472392786
2028,2,p61,SolarCycle,401868,Pearl Solar,TX,2927.4777396933764
2028,2,p61,SolarCycle,402290,RE Maplewood,TX,487.63209672344385
2028,2,p61,SolarCycle,401430,RE Roserock,TX,684.9233111049563
2028,2,p61,SolarCycle,402848,Rambler,TX,781.9065137599937
2028,2,p61,SolarCycle,402083,Solaire Holman Solar Project,TX,2947.6339206466073
2028,2,p61,SolarCycle,403023,"Taygete Energy Project, LLC",TX,512.3564407764941
2028,2,p61,SolarCycle,404647,Taygete II Energy Project,TX,515.7058570261705
2028,2,p61,SolarCycle,403551,Titan Solar Project,TX,919.4201286507277
2028,2,p61,SolarCycle,406103,Zier Solar,TX,1345.836562089387
2028,2,p62,SolarCycle,403502,2W Permian Solar Project Hybrid,TX,446.70512785769074
2028,2,p62,SolarCycle,403697,CED Crane Solar,TX,1152.9178334594599
2028,2,p62,SolarCycle,401525,Castle Gap Solar Hybrid,TX,559.6368517063341
2028,2,p62,SolarCycle,404599,Emerald Grove,TX,669.3469801924218
2028,2,p62,SolarCycle,403004,Lapetus,TX,1048.701871125185
2028,2,p62,SolarCycle,403280,Oberon IA,TX,500.4232685361076
2028,2,p62,SolarCycle,403279,Oberon IB,TX,907.7602617531059
2028,2,p62,SolarCycle,403602,Oxy Renewable Energy-Goldsmith,TX,1449.0446913836033
2028,2,p62,SolarCycle,402679,Phoebe Solar,TX,482.0704998162187
2028,2,p62,SolarCycle,403177,Prospero Solar,TX,499.85549947727037
2028,2,p62,SolarCycle,404128,Prospero Solar II,TX,875.8951852070295
2028,2,p62,SolarCycle,403070,"Roadrunner, LLC",TX,476.97375915802274
2028,2,p62,SolarCycle,401805,Upton County Solar,TX,647.879515956932
2028,2,p62,SolarCycle,402995,West of the Pecos Solar,TX,815.5861600320566
2028,2,p63,OkonRecycling,405599,"BPL Crown Solar, LLC",TX,2865.8371269236045
2028,2,p63,OkonRecycling,404966,BPL Files Solar,TX,589.1521490398198
2028,2,p63,OkonRecycling,403825,Briar Creek Solar 1,TX,1371.6409805345475
2028,2,p63,OkonRecycling,401697,CoServ Community Solar Station,TX,21804.373029222475
2028,2,p63,OkonRecycling,403188,Coniglio Solar,TX,997.8161740672547
2028,2,p63,OkonRecycling,406415,Dileo Solar,TX,3118.3312936616494
2028,2,p63,OkonRecycling,402655,Eddy II,TX,51778.68080246096
2028,2,p63,OkonRecycling,406221,Eiffel Solar Project,TX,781.0655123435288
2028,2,p63,OkonRecycling,405540,"Ellis Solar, LLC",TX,917.9230560221686
2028,2,p63,OkonRecycling,403823,Elm Branch Solar 1,TX,742.3548998650168
2028,2,p63,OkonRecycling,406206,Five Wells Solar Center - Hybrid,TX,965.4286775340858
2028,2,p63,OkonRecycling,404567,G.S.E. One LLC,TX,1125.757914629725
2028,2,p63,OkonRecycling,403288,Griffin Solar,TX,30220.53700060559
2028,2,p63,OkonRecycling,406202,Grizzly Ridge Solar,TX,1722.2189098848542
2028,2,p63,OkonRecycling,405319,IKEA Grand Prairie Rooftop PV System,TX,6595.352165211181
2028,2,p63,OkonRecycling,405689,"IP Radian, LLC",TX,1014.4822511924896
2028,2,p63,OkonRecycling,403481,Impact Solar 1,TX,869.8207231511881
2028,2,p63,OkonRecycling,403190,Kellam Solar,TX,2210.9420386733245
2028,2,p63,OkonRecycling,402421,Leon Solar,TX,7225.301837109093
2028,2,p63,OkonRecycling,403874,Lily Solar Hybrid,TX,1333.6975909965724
2028,2,p63,OkonRecycling,402404,Marlin Solar,TX,47578.972800141746
2028,2,p63,OkonRecycling,405794,Noble Solar,TX,825.0715941645399
2028,2,p63,OkonRecycling,402405,North Gainesville Solar,TX,12270.902429901382
2028,2,p63,OkonRecycling,401933,Phantom Solar,TX,14036.857936425647
2028,2,p63,OkonRecycling,404872,"Pisgah Ridge Solar, LLC",TX,819.8876972474616
2028,2,p63,OkonRecycling,406416,Pitts Dudik Solar,TX,3400.986902375835
2028,2,p63,OkonRecycling,403189,Rippey Solar,TX,2731.2946784393116
2028,2,p63,OkonRecycling,404630,"Samson Solar Energy III, LLC",TX,877.0378716297565
2028,2,p63,OkonRecycling,402652,Sterling Solar (TX),TX,2846.861630981559
2028,2,p63,OkonRecycling,404812,Sun Valley Solar Project,TX,1030.8558300777468
2028,2,p63,OkonRecycling,404388,"TPE Erath Solar, LLC",TX,14897.293615465029
2028,2,p63,OkonRecycling,403457,"TPE Whitney Solar, LLC",TX,16255.771065110273
2028,2,p63,OkonRecycling,405361,Toyota HQ Plan,TX,1729.4035661641856
2028,2,p63,OkonRecycling,405907,Verizon Hidden Ridge Solar Project,TX,2191.283246588709
2028,2,p63,OkonRecycling,405984,Waco Solar,TX,848.4165797874579
2028,2,p63,OkonRecycling,402306,Walnut Springs Solar,TX,14695.733917164333
2028,2,p63,OkonRecycling,402497,West Moore Solar II,TX,57520.9278796736
2028,2,p63,OkonRecycling,402330,Whitesboro Solar,TX,28507.77587301932
2028,2,p63,OkonRecycling,402331,Whitesboro Solar II,TX,57107.130238523
2028,2,p63,OkonRecycling,402654,Yellow Jacket,TX,37362.62428904332
2028,2,p64,OkonRecycling,405731,Austin TX GigaFactory,TX,103356.57176034957
2028,2,p64,OkonRecycling,404721,"Blue Jay Solar I, LLC",TX,855.5760426929995
2028,2,p64,OkonRecycling,402648,Bovine,TX,71298.85583871981
2028,2,p64,OkonRecycling,402389,"E-Volve Energy Holdings, LLC",TX,427171.14252142183
2028,2,p64,OkonRecycling,400227,East Blackland Solar Project 1,TX,1637.5396683574402
2028,2,p64,OkonRecycling,405101,IKEA Round Rock 027,TX,370769.9691633751
2028,2,p64,SolarCycle,402653,Lampwick,TX,38816.82520664547
2028,2,p64,OkonRecycling,405613,Niagara Bottling - Seguin,TX,75840.53934461629
2028,2,p65,OkonRecycling,405700,Aktina Solar,TX,9288.825820111315
2028,2,p65,OkonRecycling,405477,Brightside,TX,106126.16284578815
2028,2,p65,OkonRecycling,401728,CPS 1 Community Solar,TX,4377824.055936514
2028,2,p65,OkonRecycling,402656,Cascade Solar (TX),TX,439035.9133741971
2028,2,p65,OkonRecycling,404359,FELPS 1-Calaveras,TX,13635713.317354841
2028,2,p65,OkonRecycling,404361,FELPS 2-Calaveras,TX,6817899.932037459
2028,2,p65,OkonRecycling,404739,FELPS 6- Floresville West,TX,6939846.4966418445
2028,2,p65,OkonRecycling,404740,FELPS 7- Floresville West,TX,4625203.558259129
2028,2,p65,OkonRecycling,406516,Ganado Solar,TX,29864.407642545226
2028,2,p65,SolarCycle,405801,Horizon Solar,TX,73551.60964409722
2028,2,p65,OkonRecycling,405380,IKEA Live Oak Rooftop PV System,TX,7386156.690733922
2028,2,p65,SolarCycle,403343,Mars Solar,TX,975009.1305953618
2028,2,p65,OkonRecycling,404877,Nebula Solar,TX,90743.41605769459
2028,2,p65,OkonRecycling,400694,"OCI Alamo 2, LLC",TX,732055.8254589222
2028,2,p65,OkonRecycling,400965,"OCI Alamo 3, LLC",TX,2328454.1273142034
2028,2,p65,SolarCycle,400966,"OCI Alamo 5, LLC",TX,26969.303114300394
2028,2,p65,OkonRecycling,400593,OCI Alamo Solar I Hybrid,TX,168370.36880052273
2028,2,p65,SolarCycle,405809,Shakes Solar,TX,72344.58158339631
2028,2,p65,OkonRecycling,405545,Sparta Solar,TX,12939.879217872332
2028,2,p65,OkonRecycling,400379,"SunE CPS1, LLC",TX,694496.307754599
2028,2,p65,OkonRecycling,400364,"SunE CPS2, LLC",TX,1392383.2228318634
2028,2,p65,OkonRecycling,400353,"SunE CPS3, LLC",TX,665535.225187358
2028,2,p65,OkonRecycling,406032,Tres Bahias,TX,25567.640900824485
2028,2,p66,OkonRecycling,406386,Umbriel Solar,TX,24332.141161079486
2028,2,p67,OkonRecycling,404939,Brazoria County Solar Project (Danciger),TX,2986.7283263196728
2028,2,p67,OkonRecycling,404681,Brazoria West,TX,3026.9741134108153
2028,2,p67,OkonRecycling,402649,Bronson,TX,23958.05806888162
2028,2,p67,OkonRecycling,406178,"Cutlass Solar 1, LLC",TX,13790.604698793424
2028,2,p67,OkonRecycling,404587,Fighting Jays Solar Project,TX,3722.2646267384475
2028,2,p67,OkonRecycling,405564,"Fort Bend Solar, LLC",TX,6275.192929862999
2028,3,p12,ComstockMetals,402144,Battle Mountain Solar Project,NV,3558.716359032985
2028,3,p12,ComstockMetals,405025,Brady,NV,1163.429035771574
2028,3,p12,ComstockMetals,405553,Dodge Flat,NV,450.0117695161088
2028,3,p12,ComstockMetals,402609,"EGP Stillwater Solar PV II, LLC",NV,4408.346222170852
2028,3,p12,ComstockMetals,401086,Ft. Churchill PV,NV,1216.7969811630749
2028,3,p12,ComstockMetals,405028,Galena 2 Geothermal Power Plant,NV,2477.756601863814
2028,3,p12,ComstockMetals,402130,Luning Energy,NV,3955.1090517307716
2028,3,p12,ComstockMetals,400468,"Patua Acquisition Project, LLC",NV,3476.19998098669
2028,3,p12,ComstockMetals,405021,Steamboat Hills LP,NV,3534.182730065601
2028,3,p12,ComstockMetals,405023,Steamboat II,NV,1764.4398635399912
2028,3,p12,ComstockMetals,405024,Steamboat III,NV,1499.6303069598894
2028,3,p12,ComstockMetals,400029,Stillwater Facility,NV,4103.18169130746
2028,3,p12,ComstockMetals,401318,Sunshine Valley Solar,NV,3110.180418393555
2028,3,p12,ComstockMetals,405576,Tesla Reno GigaFactory,NV,985.9805190653228
2028,3,p12,ComstockMetals,403308,Turquoise Liberty Solar,NV,4641.8351582962905
2028,3,p12,ComstockMetals,403884,"Turquoise Nevada, LLC",NV,1195.6307785402612
2028,3,p12,ComstockMetals,400035,Western 102 Power Plant,NV,4372.233829885071
2028,3,p13,WeRecycleSolar,400555,Apex Solar PV Power Project,NV,60543.904518262214
2028,3,p13,WeRecycleSolar,405385,Arrow Canyon Solar Hybrid,NV,1161.0526508172698
2028,3,p13,WeRecycleSolar,401649,"Boulder Solar Power, LLC",NV,5775.069980370303
2028,3,p13,WeRecycleSolar,400086,CM48,NV,7801.758420971952
2028,3,p13,WeRecycleSolar,400363,Copper Mountain Solar 2,NV,2701.994532048417
2028,3,p13,WeRecycleSolar,403688,"Copper Mountain Solar 5, LLC",NV,4647.039963996294
2028,3,p13,WeRecycleSolar,405358,Dignity - San Martin,NV,347018.0593288154
2028,3,p13,WeRecycleSolar,405556,Dry Lake Solar Energy Center,NV,2398.982378292069
2028,3,p13,WeRecycleSolar,405495,Gemini Solar,NV,972.3405319860974
2028,3,p13,WeRecycleSolar,403386,"Harry Allen Solar Energy, LLC",NV,12443.432638285678
2028,3,p13,WeRecycleSolar,406090,IGS LAS1,NV,379033.4937487253
2028,3,p13,WeRecycleSolar,405309,IKEA Las Vegas 462,NV,1183174.3713011232
2028,3,p13,WeRecycleSolar,400545,Las Vegas WPCF Solar Plant,NV,87769.7185673392
2028,3,p13,WeRecycleSolar,400600,Mountain View Solar,NV,60371.323308915606
2028,3,p13,WeRecycleSolar,400036,Nellis Air Force Base Solar Array,NV,49795.97050040341
2028,3,p13,WeRecycleSolar,401274,River Mountains Solar,NV,38958.30146442378
2028,3,p13,WeRecycleSolar,401042,Searchlight Solar,NV,28746.187439135687
2028,3,p13,WeRecycleSolar,400658,Silver State Solar Power South,NV,2598.722184313718
2028,3,p13,WeRecycleSolar,405246,"Solar Las Vegas MB 2, LLC",NV,389517.80001231405
2028,3,p13,WeRecycleSolar,405188,Solar Las Vegas MB-1,NV,79862.23957759718
2028,3,p13,WeRecycleSolar,402691,"Techren Solar III, LLC",NV,43429.14334563117
2028,3,p13,WeRecycleSolar,404971,Yellow Pine Solar,NV,7214.283480487672
2028,3,p27,WeRecycleSolar,400374,"Black Mountain Solar, LLC",AZ,7311.944037401132
2028,3,p27,WeRecycleSolar,402236,Gray Hawk Solar,AZ,1808.0029550760103
2028,3,p27,WeRecycleSolar,401819,Jacobson 5 MW Solar,AZ,22649.271364028875
2028,3,p28,WeRecycleSolar,405418,AZ State University - Tempe Campus Solar,AZ,16238.585736411209
2028,3,p28,WeRecycleSolar,400148,Agua Caliente Solar Project,AZ,1081.3372137825281
2028,3,p28,WeRecycleSolar,400274,Arizona Western College PV,AZ,117902.3001511486
2028,3,p28,WeRecycleSolar,400240,Arlington Valley Solar Energy II,AZ,1956.836827867135
2028,3,p28,FabTechSolar,401688,Bonnybrooke PV,AZ,3058.3374922990174
2028,3,p28,WeRecycleSolar,400371,Buckeye Union HS District 201,AZ,39716.70435568416
2028,3,p28,WeRecycleSolar,400202,Cotton Center Solar Hybrid,AZ,12053.544800147592
2028,3,p28,FabTechSolar,403257,East Line Solar,AZ,1864.191639499521
2028,3,p28,FabTechSolar,406171,Eleven Mile Solar Center,AZ,858.3778458859566
2028,3,p28,WeRecycleSolar,400349,Foothills Solar Plant Hybrid,AZ,18036.080278009566
2028,3,p28,FabTechSolar,400825,Fort Huachuca Solar PV Project,AZ,18889.571399944016
2028,3,p28,WeRecycleSolar,400845,Gila Bend Hybrid,AZ,2529.6553584163926
2028,3,p28,FabTechSolar,400599,"Gilbert Solar Facility I, LLC",AZ,10023.310577538787
2028,3,p28,FabTechSolar,405282,Intel - Ocotillo Campus Solar,AZ,2735.6291857636957
2028,3,p28,WeRecycleSolar,405125,Jewish Community Center PV,AZ,56146.74550219186
2028,3,p28,WeRecycleSolar,402234,Kayenta Solar Project,AZ,10628.65552529456
2028,3,p28,WeRecycleSolar,400128,Luke Solar,AZ,7801.120517718732
2028,3,p28,WeRecycleSolar,405068,Macys Goodyear,AZ,14695.779728942012
2028,3,p28,FabTechSolar,404512,Mesa Solar Array,AZ,6563.614829575882
2028,3,p28,WeRecycleSolar,400250,Mesquite Solar 1,AZ,1048.8181521286554
2028,3,p28,WeRecycleSolar,401621,"Mesquite Solar 2, LLC",AZ,2602.6535259871225
2028,3,p28,WeRecycleSolar,401622,"Mesquite Solar 3, LLC",AZ,1883.9575431987341
2028,3,p28,WeRecycleSolar,403572,OE_AZ1,AZ,6840.779176056375
2028,3,p28,WeRecycleSolar,405150,Phoenix Airport East Economy Lot,AZ,11255.833418833803
2028,3,p28,WeRecycleSolar,405151,Phoenix Airport Rental Car Center,AZ,3390.1154752922394
2028,3,p28,FabTechSolar,402528,Pinal Central Energy Center Hybrid,AZ,3867.184239388783
2028,3,p28,FabTechSolar,400125,"Poseidon Solar, LLC",AZ,4661.819162061176
2028,3,p28,WeRecycleSolar,400031,Prescott Airport,AZ,43640.82725877538
2028,3,p28,WeRecycleSolar,400401,Prescott Solar Plant,AZ,19287.68114142344
2028,3,p28,FabTechSolar,400323,Queen Creek Solar Farm,AZ,2635.0329319476887
2028,3,p28,WeRecycleSolar,400289,"RE Bagdad Solar I, LLC",AZ,15432.419660399682
2028,3,p28,FabTechSolar,400758,Red Horse 2,AZ,9971.476268658944
2028,3,p28,FabTechSolar,401609,Red Horse III,AZ,17903.084152902185
2028,3,p28,FabTechSolar,401726,Red Rock,AZ,2558.2673856925353
2028,3,p28,FabTechSolar,403674,Saint Solar,AZ,1899.4832471376785
2028,3,p28,FabTechSolar,401214,Sandstone Solar,AZ,2890.5383115612144
2028,3,p28,WeRecycleSolar,406275,Sonoran Solar Energy,AZ,677.2365079321424
2028,3,p28,WeRecycleSolar,403643,Sun Streams 2,AZ,1704.8886887445278
2028,3,p28,WeRecycleSolar,401975,"Sun Streams, LLC",AZ,819.179916811437
2028,3,p28,WeRecycleSolar,405311,T0588 Phoenix - AZ,AZ,6471.387216781818
2028,3,p28,FabTechSolar,405134,Union HS at Casa Grande,AZ,33825.90377150402
2028,3,p28,FabTechSolar,405135,Vista Grande HS at Casa Grande,AZ,43862.522221610714
2028,3,p28,FabTechSolar,400334,Walmart Casa Grande,AZ,64177.808472706034
2028,3,p29,FabTechSolar,400014,Springerville,AZ,14896.113741572986
2028,3,p30,FabTechSolar,405611,Amazon TUS2,AZ,48441.29169199861
2028,3,p30,FabTechSolar,400939,Avalon Solar,AZ,9204.074611251406
2028,3,p30,FabTechSolar,401479,Avalon Solar II,AZ,8319.815650975659
2028,3,p30,FabTechSolar,400226,Avra Valley Solar,AZ,3773.3922592778
2028,3,p30,FabTechSolar,404704,Broadway 2 - Tucson Phase II,AZ,67538.4036584616
2028,3,p30,FabTechSolar,400761,"Gato Montes Solar, LLC",AZ,17402.802474568925
2028,3,p30,FabTechSolar,404536,Iron Horse Battery Storage Hybrid,AZ,32337.287262527207
2028,3,p30,FabTechSolar,400552,"Picture Rocks Solar, LLC",AZ,9493.004838906858
2028,3,p30,FabTechSolar,405303,Pima Community College - East Campus,AZ,181062.74295573006
2028,3,p30,FabTechSolar,405516,Pima Community College NW,AZ,52211.60070511068
2028,3,p30,FabTechSolar,404926,Raptor Ridge,AZ,19929.374624769112
2028,3,p30,FabTechSolar,400857,Rio Rico Solar,AZ,28708.070547785617
2028,3,p30,FabTechSolar,401076,Tech Park Solar,AZ,17124.89758428485
2028,3,p30,FabTechSolar,400156,UASTP I,AZ,53835.22078521062
2028,3,p30,FabTechSolar,401075,Valencia Solar,AZ,13947.647006509857
2028,3,p30,FabTechSolar,404187,"Wilmot Energy Center, LLC",AZ,1398.9807254223622
2028,3,p31,SolarCycle,400211,Alamogordo Solar Energy Center,NM,70247.13818762585
2028,3,p31,FabTechSolar,400206,Albuquerque Solar Energy Center,NM,619215.8144934141
2028,3,p31,SolarCycle,403675,Alcalde Solar Array,NM,230822.39600571422
2028,3,p31,FabTechSolar,405469,Arroyo Solar Energy Storage Hybrid,NM,2325.76112839918
2028,3,p31,FabTechSolar,403321,Bluewater CDEC 1,NM,410466.1630414351
2028,3,p31,SolarCycle,402876,CNMEC Solar Energy Center,NM,375752.86531710176
2028,3,p31,SolarCycle,402519,Carrizozo Solar,NM,295673.4971035279
2028,3,p31,FabTechSolar,401202,Cibola,NM,98595.85978630398
2028,3,p31,FabTechSolar,402988,City of Gallup Solar,NM,221479.05947307748
2028,3,p31,FabTechSolar,403604,City of Rio Rancho WWTP,NM,1995320.7812762167
2028,3,p31,FabTechSolar,401225,City of Truth or Consequences PV,NM,523696.59657084517
2028,3,p31,FabTechSolar,400209,Deming Solar Energy Center,NM,105102.75416368661
2028,3,p31,FabTechSolar,403868,Encino Solar Energy Center,NM,11372.443534101021
2028,3,p31,FabTechSolar,401038,Eubank Landfill Solar Array,NM,620502.6744140912
2028,3,p31,FabTechSolar,402443,Facebook 3 Solar Energy Center,NM,235450.05885334854
2028,3,p31,FabTechSolar,403322,Grants CDEC 2,NM,221692.71709863393
2028,3,p31,SolarCycle,401617,Holloman Solar Facility,NM,175519.90412967396
2028,3,p31,FabTechSolar,406109,"Jicarilla Solar 1, LLC",NM,17094.84406214934
2028,3,p31,SolarCycle,400427,Kit Carson,NM,2325683.9432749096
2028,3,p31,SolarCycle,400210,Las Vegas Solar Energy Center,NM,473784.1371186048
2028,3,p31,SolarCycle,400434,Los Alamos PV Site,NM,2748012.8789082193
2028,3,p31,FabTechSolar,400838,Macho Springs,NM,19004.484118554607
2028,3,p31,FabTechSolar,400582,Manzano Solar,NM,297499.5280699537
2028,3,p31,SolarCycle,401201,Meadow Lake Solar Energy Center,NM,88807.28505569333
2028,3,p31,SolarCycle,405693,NMSU Solar and Storage,NM,657485.535441642
2028,3,p31,SolarCycle,400581,Otero Solar,NM,57670.18722617741
2028,3,p31,SolarCycle,400146,Questa Solar Facility,NM,1470834.2561039617
2028,3,p31,FabTechSolar,403178,"RC Energy AA, LLC Solar Facility",NM,831479.245860659
2028,3,p31,FabTechSolar,403084,Rio De Oro Solar Energy Center,NM,118129.52468400114
2028,3,p31,FabTechSolar,400624,Rio Rancho High School,NM,617650.944730532
2028,3,p31,SolarCycle,403387,San Miguel I Solar Energy Center,NM,118127.91024078861
2028,3,p31,SolarCycle,405458,San Miguel II Solar Energy Center,NM,59288.125565255854
2028,3,p31,SolarCycle,401564,Santa Fe Solar Energy Center,NM,269662.9523612585
2028,3,p31,FabTechSolar,401565,Santolina Solar Energy Center,NM,223202.4036427565
2028,3,p31,FabTechSolar,406343,Sky Ranch Solar,NM,12608.385298436937
2028,3,p31,FabTechSolar,401563,South Valley Solar Energy Center,NM,119759.07255476243
2028,3,p31,SolarCycle,401162,Springer Solar 1,NM,722408.2503979328
2028,3,p31,SolarCycle,400735,Storrie Lake Solar Project,NM,526532.4002442604
2028,3,p31,FabTechSolar,400623,Sue Cleveland High School,NM,1245276.9344617294
2028,3,p31,SolarCycle,400343,"SunE EPE1, LLC",NM,45044.91988479047
2028,3,p31,SolarCycle,402854,Syncarpha Eagle Nest,NM,2793824.4541227394
2028,3,p31,SolarCycle,403412,Syncarpha El Rito,NM,908154.6275272499
2028,3,p31,SolarCycle,403411,Syncarpha Taos,NM,300971.2187136965
2028,3,p31,SolarCycle,404618,Taos Mesa Energy Facility Hybrid,NM,188645.07091541775
2028,3,p31,FabTechSolar,403011,Vista Solar Energy Center,NM,119130.50799770436
2028,3,p31,SolarCycle,400354,WSMR I,NM,203029.83669218514
2028,3,p31,FabTechSolar,405245,Wal-Mart Truth or Consequences PV,NM,668897.766759099
2028,3,p47,SolarCycle,400979,"Caprock Solar 1, LLC",NM,31537.879623155164
2028,3,p47,SolarCycle,404980,Chaves County Solar II,NM,18854.5776292952
2028,3,p47,SolarCycle,401681,"Chaves Solar, LLC",NM,4372.084721652218
2028,3,p47,SolarCycle,400614,GSE NM1,NM,198783.05641069176
2028,3,p47,SolarCycle,400546,SEV NM Phase 2,NM,397997.43600558833
2028,3,p47,SolarCycle,400260,SPS1 Dollarhide,NM,6042.538319529478
2028,3,p47,SolarCycle,400261,SPS2 Jal,NM,7717.099638180887
2028,3,p47,SolarCycle,400262,SPS3 Lea,NM,27191.294029055345
2028,3,p47,SolarCycle,400264,SPS5 Hopi,NM,26665.930386392836
2028,3,p47,SolarCycle,404698,SoCore Clovis 1,NM,314255.42628394335
2028,3,p48,SolarCycle,406439,"BESSP1, LLC",TX,15155.570859777312
2028,3,p48,SolarCycle,405590,"Hecate Energy Frye Solar, LLC",TX,884.3849434387097
2028,3,p57,OkonRecycling,404918,"Hecate Energy Upshur Rural, LLC",TX,23662.220951284024
2028,3,p59,SolarCycle,402666,Fort Bliss (DEA EPIC),TX,55512.60974768241
2028,3,p59,SolarCycle,401616,Montana Solar Facility,TX,141590.12877447586
2028,3,p60,SolarCycle,403962,"ANSON Solar Center, LLC",TX,4092.7773697872167
2028,3,p60,OkonRecycling,403883,Azure Sky Solar,TX,3822.5373619538714
2028,3,p60,SolarCycle,403232,"ENGIE Long Draw Solar, LLC",TX,799.1815876723578
2028,3,p60,SolarCycle,406252,Highpeak Solar 1,TX,37158.483754332796
2028,3,p60,SolarCycle,402721,Holstein 1 Solar Farm,TX,1396.2612895005927
2028,3,p60,SolarCycle,405492,Juno Solar Project,TX,701.3496391432508
2028,3,p60,SolarCycle,402541,Lamesa II,TX,2462.812850220324
2028,3,p60,SolarCycle,401660,Lamesa Solar,TX,3438.063314073281
2028,3,p60,SolarCycle,405932,Lumina II Solar Project,TX,967.8417526556818
2028,3,p60,SolarCycle,405933,Lumina Solar Project,TX,1192.8165922293651
2028,3,p60,SolarCycle,402909,Misae Solar,TX,2531.1807597633065
2028,3,p60,OkonRecycling,400968,"OCI Alamo 7, LLC",TX,7631.458354364034
2028,3,p60,SolarCycle,405939,Texas Solar Nova 1,TX,1211.4338458412608
2028,3,p61,SolarCycle,400967,Alamo 6,TX,792.3992968194289
2028,3,p61,SolarCycle,403557,Aragorn Solar Project,TX,1890.8172230119103
2028,3,p61,SolarCycle,400691,Barilla Solar,TX,1640.3961693587034
2028,3,p61,SolarCycle,401946,Bluebell Solar,TX,3694.1404457041253
2028,3,p61,SolarCycle,403574,Bluebell Solar II,TX,969.5156906613344
2028,3,p61,SolarCycle,400554,"Bryan Solar, LLC",TX,21694.55867718854
2028,3,p61,SolarCycle,401463,Buckthorn Westex,TX,824.4165090341902
2028,3,p61,SolarCycle,401703,East Pecos Solar,TX,932.583571133464
2028,3,p61,SolarCycle,405363,Galloway 1 Solar Farm,TX,620.2260584277872
2028,3,p61,SolarCycle,405494,Galloway 2 Solar Farm,TX,1384.9187890255805
2028,3,p61,SolarCycle,403210,Greasewood,TX,520.7173183587051
2028,3,p61,SolarCycle,406370,Hayhurst Texas Solar,TX,9311.357867413311
2028,3,p61,SolarCycle,402304,Midway Solar-TX,TX,578.6946407195513
2028,3,p61,SolarCycle,400695,"OCI Alamo 4, LLC",TX,4280.531472392786
2028,3,p61,SolarCycle,401868,Pearl Solar,TX,2927.4777396933764
2028,3,p61,SolarCycle,402290,RE Maplewood,TX,505.15851606813254
2028,3,p61,SolarCycle,401430,RE Roserock,TX,684.9233111049563
2028,3,p61,SolarCycle,402848,Rambler,TX,781.9065137599937
2028,3,p61,SolarCycle,402083,Solaire Holman Solar Project,TX,2947.6339206466073
2028,3,p61,SolarCycle,403023,"Taygete Energy Project, LLC",TX,512.3564407764941
2028,3,p61,SolarCycle,404647,Taygete II Energy Project,TX,515.7058570261705
2028,3,p61,SolarCycle,403551,Titan Solar Project,TX,919.4201286507277
2028,3,p61,SolarCycle,406103,Zier Solar,TX,1109.3774215670398
2028,3,p62,SolarCycle,403502,2W Permian Solar Project Hybrid,TX,446.70512785769074
2028,3,p62,SolarCycle,403697,CED Crane Solar,TX,1152.9178334594599
2028,3,p62,SolarCycle,401525,Castle Gap Solar Hybrid,TX,559.6368517063341
2028,3,p62,SolarCycle,404599,Emerald Grove,TX,736.6837252405271
2028,3,p62,SolarCycle,403004,Lapetus,TX,832.4679140834567
2028,3,p62,SolarCycle,403280,Oberon IA,TX,500.4232685361076
2028,3,p62,SolarCycle,403279,Oberon IB,TX,907.7602617531059
2028,3,p62,SolarCycle,403602,Oxy Renewable Energy-Goldsmith,TX,1186.7835185377025
2028,3,p62,SolarCycle,402679,Phoebe Solar,TX,482.0704998162187
2028,3,p62,SolarCycle,403177,Prospero Solar,TX,499.85549947727037
2028,3,p62,SolarCycle,404128,Prospero Solar II,TX,875.8951852070295
2028,3,p62,SolarCycle,403070,"Roadrunner, LLC",TX,523.1580146528364
2028,3,p62,SolarCycle,401805,Upton County Solar,TX,771.8192739353979
2028,3,p62,SolarCycle,402995,West of the Pecos Solar,TX,815.5861600320566
2028,3,p63,OkonRecycling,405599,"BPL Crown Solar, LLC",TX,2865.8371269236045
2028,3,p63,OkonRecycling,404966,BPL Files Solar,TX,620.6775072131231
2028,3,p63,OkonRecycling,403825,Briar Creek Solar 1,TX,1371.6409805345475
2028,3,p63,OkonRecycling,401697,CoServ Community Solar Station,TX,43208.74605844494
2028,3,p63,OkonRecycling,403188,Coniglio Solar,TX,997.8161740672547
2028,3,p63,OkonRecycling,406415,Dileo Solar,TX,3118.3312936616494
2028,3,p63,OkonRecycling,402655,Eddy II,TX,51778.68080246096
2028,3,p63,OkonRecycling,406221,Eiffel Solar Project,TX,1035.1091872392146
2028,3,p63,OkonRecycling,405540,"Ellis Solar, LLC",TX,1176.8845840332526
2028,3,p63,OkonRecycling,403823,Elm Branch Solar 1,TX,742.3548998650168
2028,3,p63,OkonRecycling,406206,Five Wells Solar Center - Hybrid,TX,965.4286775340858
2028,3,p63,OkonRecycling,404567,G.S.E. One LLC,TX,1125.757914629725
2028,3,p63,OkonRecycling,403288,Griffin Solar,TX,22765.40275045419
2028,3,p63,OkonRecycling,406202,Grizzly Ridge Solar,TX,3044.4378197697083
2028,3,p63,OkonRecycling,402329,Highway 56 Solar,TX,9249.9388879612
2028,3,p63,OkonRecycling,405319,IKEA Grand Prairie Rooftop PV System,TX,5975.816948690063
2028,3,p63,OkonRecycling,405689,"IP Radian, LLC",TX,2857.9290047699596
2028,3,p63,OkonRecycling,403481,Impact Solar 1,TX,869.8207231511881
2028,3,p63,OkonRecycling,403190,Kellam Solar,TX,2210.9420386733245
2028,3,p63,OkonRecycling,402421,Leon Solar,TX,5518.976377831819
2028,3,p63,OkonRecycling,403874,Lily Solar Hybrid,TX,866.8487954982862
2028,3,p63,OkonRecycling,405794,Noble Solar,TX,825.0715941645399
2028,3,p63,OkonRecycling,402405,North Gainesville Solar,TX,6994.945794389657
2028,3,p63,OkonRecycling,404872,"Pisgah Ridge Solar, LLC",TX,819.8876972474616
2028,3,p63,OkonRecycling,406416,Pitts Dudik Solar,TX,3400.986902375835
2028,3,p63,OkonRecycling,403189,Rippey Solar,TX,5062.589356878622
2028,3,p63,OkonRecycling,404630,"Samson Solar Energy III, LLC",TX,877.0378716297565
2028,3,p63,OkonRecycling,402652,Sterling Solar (TX),TX,3152.7193348542532
2028,3,p63,OkonRecycling,404812,Sun Valley Solar Project,TX,1661.7116601554935
2028,3,p63,OkonRecycling,404388,"TPE Erath Solar, LLC",TX,14897.293615465029
2028,3,p63,OkonRecycling,405361,Toyota HQ Plan,TX,1877.1150735157617
2028,3,p63,OkonRecycling,405907,Verizon Hidden Ridge Solar Project,TX,2191.283246588709
2028,3,p63,OkonRecycling,405984,Waco Solar,TX,698.944386524972
2028,3,p63,OkonRecycling,402497,West Moore Solar II,TX,57520.9278796736
2028,3,p63,OkonRecycling,402330,Whitesboro Solar,TX,14453.887936509658
2028,3,p63,OkonRecycling,402331,Whitesboro Solar II,TX,19302.376746174334
2028,3,p63,OkonRecycling,402414,Whitewright Solar,TX,3402.1429350957674
2028,3,p63,OkonRecycling,402654,Yellow Jacket,TX,37362.62428904332
2028,3,p64,OkonRecycling,405731,Austin TX GigaFactory,TX,154834.85764052434
2028,3,p64,OkonRecycling,404721,"Blue Jay Solar I, LLC",TX,855.5760426929995
2028,3,p64,OkonRecycling,402389,"E-Volve Energy Holdings, LLC",TX,213785.5712607109
2028,3,p64,OkonRecycling,400227,East Blackland Solar Project 1,TX,1328.1547512680804
2028,3,p64,OkonRecycling,405101,IKEA Round Rock 027,TX,185584.98458168752
2028,3,p64,SolarCycle,402653,Lampwick,TX,77233.65041329096
2028,3,p64,OkonRecycling,405613,Niagara Bottling - Seguin,TX,151281.07868923259
2028,3,p65,OkonRecycling,405700,Aktina Solar,TX,27066.477460333954
2028,3,p65,OkonRecycling,405477,Brightside,TX,106126.16284578815
2028,3,p65,OkonRecycling,401728,CPS 1 Community Solar,TX,13132672.167809546
2028,3,p65,OkonRecycling,402656,Cascade Solar (TX),TX,329376.9350306478
2028,3,p65,OkonRecycling,404359,FELPS 1-Calaveras,TX,13635713.317354841
2028,3,p65,OkonRecycling,404361,FELPS 2-Calaveras,TX,6817899.932037459
2028,3,p65,OkonRecycling,404739,FELPS 6- Floresville West,TX,6939846.4966418445
2028,3,p65,OkonRecycling,404740,FELPS 7- Floresville West,TX,6937605.337388692
2028,3,p65,OkonRecycling,406516,Ganado Solar,TX,18078.644585527134
2028,3,p65,SolarCycle,405801,Horizon Solar,TX,36975.80482204861
2028,3,p65,OkonRecycling,405380,IKEA Live Oak Rooftop PV System,TX,3693278.345366961
2028,3,p65,SolarCycle,403343,Mars Solar,TX,1949618.2611907236
2028,3,p65,OkonRecycling,400694,"OCI Alamo 2, LLC",TX,975941.1006118963
2028,3,p65,OkonRecycling,400965,"OCI Alamo 3, LLC",TX,2328454.1273142034
2028,3,p65,SolarCycle,400966,"OCI Alamo 5, LLC",TX,44682.17185716733
2028,3,p65,OkonRecycling,400593,OCI Alamo Solar I Hybrid,TX,168370.36880052273
2028,3,p65,SolarCycle,405809,Shakes Solar,TX,14788.916316679264
2028,3,p65,OkonRecycling,405545,Sparta Solar,TX,21299.798696453894
2028,3,p65,OkonRecycling,400379,"SunE CPS1, LLC",TX,694496.307754599
2028,3,p65,OkonRecycling,400364,"SunE CPS2, LLC",TX,1392383.2228318634
2028,3,p65,OkonRecycling,400353,"SunE CPS3, LLC",TX,332967.612593679
2028,3,p65,OkonRecycling,406032,Tres Bahias,TX,25567.640900824485
2028,3,p66,OkonRecycling,406386,Umbriel Solar,TX,12366.070580539743
2028,3,p67,OkonRecycling,404939,Brazoria County Solar Project (Danciger),TX,2986.7283263196728
2028,3,p67,OkonRecycling,404681,Brazoria West,TX,4340.461170116225
2028,3,p67,OkonRecycling,402649,Bronson,TX,71074.17420664486
2028,3,p67,OkonRecycling,406178,"Cutlass Solar 1, LLC",TX,13790.604698793424
2028,3,p67,OkonRecycling,405564,"Fort Bend Solar, LLC",TX,6275.192929862999
2028,3,p67,OkonRecycling,403514,Wagyu,TX,13430.181793029547
2028,4,p12,ComstockMetals,402144,Battle Mountain Solar Project,NV,3558.716359032985
2028,4,p12,ComstockMetals,405025,Brady,NV,1163.429035771574
2028,4,p12,ComstockMetals,405553,Dodge Flat,NV,450.0117695161088
2028,4,p12,ComstockMetals,402609,"EGP Stillwater Solar PV II, LLC",NV,2404.1731110854257
2028,4,p12,ComstockMetals,401086,Ft. Churchill PV,NV,1216.7969811630749
2028,4,p12,ComstockMetals,405028,Galena 2 Geothermal Power Plant,NV,2477.756601863814
2028,4,p12,ComstockMetals,402130,Luning Energy,NV,2177.5545258653856
2028,4,p12,ComstockMetals,400468,"Patua Acquisition Project, LLC",NV,3476.19998098669
2028,4,p12,ComstockMetals,405021,Steamboat Hills LP,NV,3534.182730065601
2028,4,p12,ComstockMetals,405023,Steamboat II,NV,1612.8354342577697
2028,4,p12,ComstockMetals,405024,Steamboat III,NV,1499.6303069598894
2028,4,p12,ComstockMetals,400029,Stillwater Facility,NV,1634.393897102487
2028,4,p12,ComstockMetals,401318,Sunshine Valley Solar,NV,2206.786945595703
2028,4,p12,ComstockMetals,405026,TS Power Plant,NV,2273.19202138974
2028,4,p12,ComstockMetals,405576,Tesla Reno GigaFactory,NV,985.9805190653228
2028,4,p12,ComstockMetals,403308,Turquoise Liberty Solar,NV,2520.9175791481453
2028,4,p12,ComstockMetals,403884,"Turquoise Nevada, LLC",NV,797.8153892701305
2028,4,p12,ComstockMetals,400035,Western 102 Power Plant,NV,4813.593144316745
2028,4,p13,WeRecycleSolar,400555,Apex Solar PV Power Project,NV,60543.904518262214
2028,4,p13,WeRecycleSolar,405385,Arrow Canyon Solar Hybrid,NV,1161.0526508172698
2028,4,p13,WeRecycleSolar,401649,"Boulder Solar Power, LLC",NV,5775.069980370303
2028,4,p13,WeRecycleSolar,400086,CM48,NV,11502.637631457925
2028,4,p13,WeRecycleSolar,400363,Copper Mountain Solar 2,NV,2126.495899036313
2028,4,p13,WeRecycleSolar,403688,"Copper Mountain Solar 5, LLC",NV,4647.039963996294
2028,4,p13,WeRecycleSolar,405358,Dignity - San Martin,NV,173709.02966440763
2028,4,p13,WeRecycleSolar,405355,Dignity - Siena Campus,NV,406739.51581369765
2028,4,p13,WeRecycleSolar,405556,Dry Lake Solar Energy Center,NV,2398.982378292069
2028,4,p13,WeRecycleSolar,405495,Gemini Solar,NV,829.2553989895731
2028,4,p13,WeRecycleSolar,403386,"Harry Allen Solar Energy, LLC",NV,12443.432638285678
2028,4,p13,WeRecycleSolar,406090,IGS LAS1,NV,284375.12031154387
2028,4,p13,WeRecycleSolar,406089,IGS VGT,NV,593966.007077193
2028,4,p13,WeRecycleSolar,405309,IKEA Las Vegas 462,NV,1183174.3713011232
2028,4,p13,WeRecycleSolar,400545,Las Vegas WPCF Solar Plant,NV,116892.95808978556
2028,4,p13,WeRecycleSolar,400600,Mountain View Solar,NV,60371.323308915606
2028,4,p13,WeRecycleSolar,400036,Nellis Air Force Base Solar Array,NV,99191.94100080684
2028,4,p13,WeRecycleSolar,401274,River Mountains Solar,NV,38958.30146442378
2028,4,p13,WeRecycleSolar,401042,Searchlight Solar,NV,28746.187439135687
2028,4,p13,WeRecycleSolar,400658,Silver State Solar Power South,NV,4797.444368627435
2028,4,p13,WeRecycleSolar,405246,"Solar Las Vegas MB 2, LLC",NV,389517.80001231405
2028,4,p13,WeRecycleSolar,402691,"Techren Solar III, LLC",NV,43429.14334563117
2028,4,p13,WeRecycleSolar,401851,Townsite Solar Project Hybrid,NV,7168.338285150143
2028,4,p13,WeRecycleSolar,404971,Yellow Pine Solar,NV,7214.283480487672
2028,4,p27,WeRecycleSolar,400374,"Black Mountain Solar, LLC",AZ,21135.832112203396
2028,4,p27,WeRecycleSolar,402236,Gray Hawk Solar,AZ,1808.0029550760103
2028,4,p27,WeRecycleSolar,401819,Jacobson 5 MW Solar,AZ,15232.847576019247
2028,4,p27,WeRecycleSolar,401311,Mohave Electric at Fort Mohave,AZ,12032.886606428026
2028,4,p27,WeRecycleSolar,406478,Mohave Energy - Hybrid,AZ,12034.425265980622
2028,4,p28,WeRecycleSolar,405418,AZ State University - Tempe Campus Solar,AZ,4359.646434102801
2028,4,p28,WeRecycleSolar,400274,Arizona Western College PV,AZ,59151.1500755743
2028,4,p28,WeRecycleSolar,400240,Arlington Valley Solar Energy II,AZ,1178.4184139335675
2028,4,p28,FabTechSolar,401688,Bonnybrooke PV,AZ,1729.168746149509
2028,4,p28,WeRecycleSolar,400371,Buckeye Union HS District 201,AZ,39716.70435568416
2028,4,p28,FabTechSolar,406171,Eleven Mile Solar Center,AZ,858.3778458859566
2028,4,p28,WeRecycleSolar,400349,Foothills Solar Plant Hybrid,AZ,6278.693426003188
2028,4,p28,FabTechSolar,400825,Fort Huachuca Solar PV Project,AZ,12726.38093329601
2028,4,p28,FabTechSolar,400599,"Gilbert Solar Facility I, LLC",AZ,10023.310577538787
2028,4,p28,FabTechSolar,405282,Intel - Ocotillo Campus Solar,AZ,2735.6291857636957
2028,4,p28,WeRecycleSolar,405125,Jewish Community Center PV,AZ,28273.372751095925
2028,4,p28,WeRecycleSolar,400128,Luke Solar,AZ,7801.120517718732
2028,4,p28,WeRecycleSolar,405068,Macys Goodyear,AZ,14695.779728942012
2028,4,p28,FabTechSolar,404512,Mesa Solar Array,AZ,4509.076553050588
2028,4,p28,WeRecycleSolar,400250,Mesquite Solar 1,AZ,1697.6363042573107
2028,4,p28,WeRecycleSolar,401621,"Mesquite Solar 2, LLC",AZ,2602.6535259871225
2028,4,p28,WeRecycleSolar,403572,OE_AZ1,AZ,3620.389588028188
2028,4,p28,WeRecycleSolar,405126,Paradise Valley H.S. PV,AZ,16467.735406204236
2028,4,p28,WeRecycleSolar,405150,Phoenix Airport East Economy Lot,AZ,22111.666837667606
2028,4,p28,WeRecycleSolar,405151,Phoenix Airport Rental Car Center,AZ,1396.7051584307465
2028,4,p28,FabTechSolar,402528,Pinal Central Energy Center Hybrid,AZ,7334.3684787775655
2028,4,p28,FabTechSolar,400125,"Poseidon Solar, LLC",AZ,4661.819162061176
2028,4,p28,WeRecycleSolar,400031,Prescott Airport,AZ,43640.82725877538
2028,4,p28,WeRecycleSolar,400401,Prescott Solar Plant,AZ,9843.84057071172
2028,4,p28,FabTechSolar,400323,Queen Creek Solar Farm,AZ,1517.5164659738443
2028,4,p28,WeRecycleSolar,400289,"RE Bagdad Solar I, LLC",AZ,30464.83932079937
2028,4,p28,FabTechSolar,400758,Red Horse 2,AZ,9971.476268658944
2028,4,p28,FabTechSolar,401726,Red Rock,AZ,2558.2673856925353
2028,4,p28,WeRecycleSolar,400416,Saddle Mountain Solar I,AZ,4227.76899899023
2028,4,p28,FabTechSolar,401214,Sandstone Solar,AZ,2890.5383115612144
2028,4,p28,WeRecycleSolar,405029,Solana Generating Station,AZ,1410.890712542767
2028,4,p28,WeRecycleSolar,406275,Sonoran Solar Energy,AZ,677.2365079321424
2028,4,p28,WeRecycleSolar,401975,"Sun Streams, LLC",AZ,1657.5397504343111
2028,4,p28,WeRecycleSolar,405311,T0588 Phoenix - AZ,AZ,15578.468041954548
2028,4,p28,FabTechSolar,405135,Vista Grande HS at Casa Grande,AZ,29375.014814407146
2028,4,p28,FabTechSolar,400334,Walmart Casa Grande,AZ,32288.90423635302
2028,4,p29,FabTechSolar,400014,Springerville,AZ,11272.08530617974
2028,4,p30,FabTechSolar,405611,Amazon TUS2,AZ,48441.29169199861
2028,4,p30,FabTechSolar,400939,Avalon Solar,AZ,3334.6915370838024
2028,4,p30,FabTechSolar,401479,Avalon Solar II,AZ,8319.815650975659
2028,4,p30,FabTechSolar,400226,Avra Valley Solar,AZ,7146.7845185556
2028,4,p30,FabTechSolar,404704,Broadway 2 - Tucson Phase II,AZ,22779.467886153863
2028,4,p30,FabTechSolar,400761,"Gato Montes Solar, LLC",AZ,17402.802474568925
2028,4,p30,FabTechSolar,404536,Iron Horse Battery Storage Hybrid,AZ,64274.57452505439
2028,4,p30,FabTechSolar,400552,"Picture Rocks Solar, LLC",AZ,9493.004838906858
2028,4,p30,FabTechSolar,405374,Pima Community College,AZ,112439.30401680245
2028,4,p30,FabTechSolar,405303,Pima Community College - East Campus,AZ,181062.74295573006
2028,4,p30,FabTechSolar,405516,Pima Community College NW,AZ,155834.802115332
2028,4,p30,FabTechSolar,400857,Rio Rico Solar,AZ,28708.070547785617
2028,4,p30,FabTechSolar,401076,Tech Park Solar,AZ,12943.673188213636
2028,4,p30,FabTechSolar,400156,UASTP I,AZ,71646.9610469475
2028,4,p30,FabTechSolar,401075,Valencia Solar,AZ,9431.764671006571
2028,4,p30,FabTechSolar,404187,"Wilmot Energy Center, LLC",AZ,1398.9807254223622
2028,4,p31,SolarCycle,400211,Alamogordo Solar Energy Center,NM,116811.89697937638
2028,4,p31,FabTechSolar,400206,Albuquerque Solar Energy Center,NM,412943.87632894266
2028,4,p31,SolarCycle,403675,Alcalde Solar Array,NM,1152511.9800285709
2028,4,p31,FabTechSolar,405469,Arroyo Solar Energy Storage Hybrid,NM,2967.6815045322405
2028,4,p31,FabTechSolar,403321,Bluewater CDEC 1,NM,820532.3260828701
2028,4,p31,SolarCycle,402876,CNMEC Solar Energy Center,NM,375752.86531710176
2028,4,p31,SolarCycle,402519,Carrizozo Solar,NM,197248.9980690186
2028,4,p31,FabTechSolar,401202,Cibola,NM,74046.89483972799
2028,4,p31,FabTechSolar,402988,City of Gallup Solar,NM,74093.01982435916
2028,4,p31,FabTechSolar,403604,City of Rio Rancho WWTP,NM,997860.3906381081
2028,4,p31,FabTechSolar,401225,City of Truth or Consequences PV,NM,523696.59657084517
2028,4,p31,FabTechSolar,400209,Deming Solar Energy Center,NM,52751.377081843304
2028,4,p31,FabTechSolar,403868,Encino Solar Energy Center,NM,44289.77413640408
2028,4,p31,FabTechSolar,401038,Eubank Landfill Solar Array,NM,1240605.348828182
2028,4,p31,FabTechSolar,402443,Facebook 3 Solar Energy Center,NM,59162.51471333712
2028,4,p31,FabTechSolar,403322,Grants CDEC 2,NM,221692.71709863393
2028,4,p31,FabTechSolar,400216,"Hatch Solar Energy Center I, LLC",NM,407514.08232763613
2028,4,p31,SolarCycle,401617,Holloman Solar Facility,NM,350639.8082593479
2028,4,p31,FabTechSolar,406109,"Jicarilla Solar 1, LLC",NM,17094.84406214934
2028,4,p31,SolarCycle,400427,Kit Carson,NM,1163041.971637455
2028,4,p31,SolarCycle,400210,Las Vegas Solar Energy Center,NM,158194.71237286826
2028,4,p31,SolarCycle,400434,Los Alamos PV Site,NM,916270.959636073
2028,4,p31,FabTechSolar,400207,Los Lunas Solar Energy Center,NM,335043.26199558383
2028,4,p31,FabTechSolar,400838,Macho Springs,NM,19004.484118554607
2028,4,p31,FabTechSolar,400582,Manzano Solar,NM,74674.88201748843
2028,4,p31,SolarCycle,405693,NMSU Solar and Storage,NM,328942.767720821
2028,4,p31,FabTechSolar,406375,OE_ESCL,NM,10229.188083021703
2028,4,p31,SolarCycle,400581,Otero Solar,NM,76760.24963490323
2028,4,p31,SolarCycle,400146,Questa Solar Facility,NM,980689.504069308
2028,4,p31,FabTechSolar,403178,"RC Energy AA, LLC Solar Facility",NM,2493637.7375819776
2028,4,p31,FabTechSolar,401566,Rio Communities Solar Energy Center,NM,234458.3035871843
2028,4,p31,FabTechSolar,403084,Rio De Oro Solar Energy Center,NM,78886.3497893341
2028,4,p31,FabTechSolar,404648,"Route 66 Energy Center, LLC",NM,14270.582631772044
2028,4,p31,SolarCycle,403387,San Miguel I Solar Energy Center,NM,235855.82048157725
2028,4,p31,SolarCycle,405458,San Miguel II Solar Energy Center,NM,235952.5022610234
2028,4,p31,FabTechSolar,401161,Sandoval Solar Energy Center,NM,132382.73134049028
2028,4,p31,SolarCycle,401564,Santa Fe Solar Energy Center,NM,269662.9523612585
2028,4,p31,FabTechSolar,401565,Santolina Solar Energy Center,NM,223202.4036427565
2028,4,p31,FabTechSolar,400596,Silver City WWTP PV Project,NM,797860.2201822717
2028,4,p31,FabTechSolar,406343,Sky Ranch Solar,NM,12608.385298436937
2028,4,p31,FabTechSolar,401563,South Valley Solar Energy Center,NM,48143.629021904955
2028,4,p31,SolarCycle,401162,Springer Solar 1,NM,1444416.500795866
2028,4,p31,SolarCycle,400735,Storrie Lake Solar Project,NM,526532.4002442604
2028,4,p31,FabTechSolar,400623,Sue Cleveland High School,NM,622838.4672308647
2028,4,p31,SolarCycle,400343,"SunE EPE1, LLC",NM,45044.91988479047
2028,4,p31,SolarCycle,402854,Syncarpha Eagle Nest,NM,931541.4847075798
2028,4,p31,SolarCycle,403412,Syncarpha El Rito,NM,1815909.2550544995
2028,4,p31,SolarCycle,403411,Syncarpha Taos,NM,451256.8280705448
2028,4,p31,SolarCycle,404618,Taos Mesa Energy Facility Hybrid,NM,63148.35697180594
2028,4,p31,FabTechSolar,403011,Vista Solar Energy Center,NM,237861.0159954087
2028,4,p31,SolarCycle,400354,WSMR I,NM,101714.91834609256
2028,4,p31,FabTechSolar,405245,Wal-Mart Truth or Consequences PV,NM,401498.66005545936
2028,4,p47,SolarCycle,400979,"Caprock Solar 1, LLC",NM,12855.151849262065
2028,4,p47,SolarCycle,404980,Chaves County Solar II,NM,18854.5776292952
2028,4,p47,SolarCycle,401681,"Chaves Solar, LLC",NM,4372.084721652218
2028,4,p47,SolarCycle,400614,GSE NM1,NM,149187.2923080188
2028,4,p47,SolarCycle,400260,SPS1 Dollarhide,NM,3785.5229917176875
2028,4,p47,SolarCycle,400261,SPS2 Jal,NM,6497.583031817405
2028,4,p47,SolarCycle,400262,SPS3 Lea,NM,53982.58805811069
2028,4,p47,SolarCycle,400264,SPS5 Hopi,NM,39798.89557958927
2028,4,p47,SolarCycle,404698,SoCore Clovis 1,NM,314255.42628394335
2028,4,p48,SolarCycle,406439,"BESSP1, LLC",TX,15155.570859777312
2028,4,p48,SolarCycle,405590,"Hecate Energy Frye Solar, LLC",TX,884.3849434387097
2028,4,p57,OkonRecycling,404918,"Hecate Energy Upshur Rural, LLC",TX,15908.147300856013
2028,4,p59,SolarCycle,402666,Fort Bliss (DEA EPIC),TX,220850.43899072957
2028,4,p59,SolarCycle,401616,Montana Solar Facility,TX,28638.02575489517
2028,4,p60,SolarCycle,403962,"ANSON Solar Center, LLC",TX,4092.7773697872167
2028,4,p60,OkonRecycling,403883,Azure Sky Solar,TX,3822.5373619538714
2028,4,p60,SolarCycle,403232,"ENGIE Long Draw Solar, LLC",TX,719.3452701378862
2028,4,p60,SolarCycle,406252,Highpeak Solar 1,TX,12652.827918110932
2028,4,p60,SolarCycle,402721,Holstein 1 Solar Farm,TX,1396.2612895005927
2028,4,p60,SolarCycle,405492,Juno Solar Project,TX,701.3496391432508
2028,4,p60,SolarCycle,402541,Lamesa II,TX,2462.812850220324
2028,4,p60,SolarCycle,401660,Lamesa Solar,TX,1919.0316570366406
2028,4,p60,SolarCycle,405932,Lumina II Solar Project,TX,967.8417526556818
2028,4,p60,SolarCycle,405933,Lumina Solar Project,TX,1192.8165922293651
2028,4,p60,SolarCycle,402909,Misae Solar,TX,1820.7871731755376
2028,4,p60,OkonRecycling,400968,"OCI Alamo 7, LLC",TX,7631.458354364034
2028,4,p60,SolarCycle,405939,Texas Solar Nova 1,TX,1211.4338458412608
2028,4,p61,SolarCycle,400967,Alamo 6,TX,792.3992968194289
2028,4,p61,SolarCycle,403557,Aragorn Solar Project,TX,1890.8172230119103
2028,4,p61,SolarCycle,400691,Barilla Solar,TX,1640.3961693587034
2028,4,p61,SolarCycle,401946,Bluebell Solar,TX,6988.28089140825
2028,4,p61,SolarCycle,403574,Bluebell Solar II,TX,969.5156906613344
2028,4,p61,SolarCycle,400554,"Bryan Solar, LLC",TX,14596.372451459025
2028,4,p61,SolarCycle,401463,Buckthorn Westex,TX,612.2082545170952
2028,4,p61,SolarCycle,401703,East Pecos Solar,TX,932.583571133464
2028,4,p61,SolarCycle,405363,Galloway 1 Solar Farm,TX,620.2260584277872
2028,4,p61,SolarCycle,405494,Galloway 2 Solar Farm,TX,1877.3781835383709
2028,4,p61,SolarCycle,403210,Greasewood,TX,496.5738546869642
2028,4,p61,SolarCycle,402304,Midway Solar-TX,TX,578.6946407195513
2028,4,p61,SolarCycle,400695,"OCI Alamo 4, LLC",TX,12041.594417178356
2028,4,p61,SolarCycle,401868,Pearl Solar,TX,1242.4925798977922
2028,4,p61,SolarCycle,402290,RE Maplewood,TX,505.15851606813254
2028,4,p61,SolarCycle,401430,RE Roserock,TX,969.8466222099123
2028,4,p61,SolarCycle,402848,Rambler,TX,686.4298853199952
2028,4,p61,SolarCycle,402083,Solaire Holman Solar Project,TX,5495.267841293215
2028,4,p61,SolarCycle,403023,"Taygete Energy Project, LLC",TX,587.2607346274901
2028,4,p61,SolarCycle,404647,Taygete II Energy Project,TX,499.176448879575
2028,4,p61,SolarCycle,403551,Titan Solar Project,TX,919.4201286507277
2028,4,p61,SolarCycle,406103,Zier Solar,TX,1109.3774215670398
2028,4,p62,SolarCycle,403502,2W Permian Solar Project Hybrid,TX,446.70512785769074
2028,4,p62,SolarCycle,403697,CED Crane Solar,TX,1152.9178334594599
2028,4,p62,SolarCycle,401525,Castle Gap Solar Hybrid,TX,559.6368517063341
2028,4,p62,SolarCycle,404599,Emerald Grove,TX,848.9116336540363
2028,4,p62,SolarCycle,403004,Lapetus,TX,832.4679140834567
2028,4,p62,SolarCycle,403280,Oberon IA,TX,500.4232685361076
2028,4,p62,SolarCycle,403279,Oberon IB,TX,907.7602617531059
2028,4,p62,SolarCycle,403602,Oxy Renewable Energy-Goldsmith,TX,924.5223456918018
2028,4,p62,SolarCycle,402679,Phoebe Solar,TX,482.0704998162187
2028,4,p62,SolarCycle,403177,Prospero Solar,TX,499.85549947727037
2028,4,p62,SolarCycle,404128,Prospero Solar II,TX,875.8951852070295
2028,4,p62,SolarCycle,403070,"Roadrunner, LLC",TX,523.1580146528364
2028,4,p62,SolarCycle,401805,Upton County Solar,TX,771.8192739353979
2028,4,p62,SolarCycle,402995,West of the Pecos Solar,TX,815.5861600320566
2028,4,p63,OkonRecycling,405599,"BPL Crown Solar, LLC",TX,2865.8371269236045
2028,4,p63,OkonRecycling,404966,BPL Files Solar,TX,589.1521490398198
2028,4,p63,OkonRecycling,403825,Briar Creek Solar 1,TX,1371.6409805345475
2028,4,p63,OkonRecycling,402610,Chisum,TX,16696.74373110255
2028,4,p63,OkonRecycling,403188,Coniglio Solar,TX,997.8161740672547
2028,4,p63,OkonRecycling,406415,Dileo Solar,TX,3118.3312936616494
2028,4,p63,OkonRecycling,406221,Eiffel Solar Project,TX,1035.1091872392146
2028,4,p63,OkonRecycling,405540,"Ellis Solar, LLC",TX,1176.8845840332526
2028,4,p63,OkonRecycling,403823,Elm Branch Solar 1,TX,856.4731998200224
2028,4,p63,OkonRecycling,406206,Five Wells Solar Center - Hybrid,TX,1248.1430163011291
2028,4,p63,OkonRecycling,404567,G.S.E. One LLC,TX,1125.757914629725
2028,4,p63,OkonRecycling,403288,Griffin Solar,TX,45130.805500908384
2028,4,p63,OkonRecycling,406202,Grizzly Ridge Solar,TX,2162.9585465131386
2028,4,p63,OkonRecycling,402329,Highway 56 Solar,TX,53499.63332776721
2028,4,p63,OkonRecycling,405319,IKEA Grand Prairie Rooftop PV System,TX,6595.352165211181
2028,4,p63,OkonRecycling,403481,Impact Solar 1,TX,869.8207231511881
2028,4,p63,OkonRecycling,403190,Kellam Solar,TX,2210.9420386733245
2028,4,p63,OkonRecycling,402421,Leon Solar,TX,4495.1811022654565
2028,4,p63,OkonRecycling,403874,Lily Solar Hybrid,TX,866.8487954982862
2028,4,p63,OkonRecycling,402404,Marlin Solar,TX,94757.9456002835
2028,4,p63,OkonRecycling,405794,Noble Solar,TX,612.5357970822699
2028,4,p63,OkonRecycling,402405,North Gainesville Solar,TX,6994.945794389657
2028,4,p63,OkonRecycling,401933,Phantom Solar,TX,20855.28690463848
2028,4,p63,OkonRecycling,404872,"Pisgah Ridge Solar, LLC",TX,819.8876972474616
2028,4,p63,OkonRecycling,406416,Pitts Dudik Solar,TX,3400.986902375835
2028,4,p63,OkonRecycling,403189,Rippey Solar,TX,5062.589356878622
2028,4,p63,OkonRecycling,404630,"Samson Solar Energy III, LLC",TX,781.6302973038052
2028,4,p63,OkonRecycling,402652,Sterling Solar (TX),TX,22421.754678834026
2028,4,p63,OkonRecycling,404812,Sun Valley Solar Project,TX,1030.8558300777468
2028,4,p63,OkonRecycling,404388,"TPE Erath Solar, LLC",TX,22145.94042319755
2028,4,p63,OkonRecycling,403457,"TPE Whitney Solar, LLC",TX,16255.771065110273
2028,4,p63,OkonRecycling,405361,Toyota HQ Plan,TX,1877.1150735157617
2028,4,p63,OkonRecycling,405907,Verizon Hidden Ridge Solar Project,TX,2191.283246588709
2028,4,p63,OkonRecycling,405984,Waco Solar,TX,698.944386524972
2028,4,p63,OkonRecycling,402306,Walnut Springs Solar,TX,18269.66739645541
2028,4,p63,OkonRecycling,402497,West Moore Solar II,TX,11824.185575934722
2028,4,p63,OkonRecycling,402330,Whitesboro Solar,TX,56615.55174603864
2028,4,p63,OkonRecycling,402331,Whitesboro Solar II,TX,19302.376746174334
2028,4,p63,OkonRecycling,402414,Whitewright Solar,TX,9406.428805287302
2028,4,p63,OkonRecycling,402654,Yellow Jacket,TX,37362.62428904332
2028,4,p64,OkonRecycling,404721,"Blue Jay Solar I, LLC",TX,969.4700533662494
2028,4,p64,OkonRecycling,402389,"E-Volve Energy Holdings, LLC",TX,427171.14252142183
2028,4,p64,OkonRecycling,400227,East Blackland Solar Project 1,TX,1328.1547512680804
2028,4,p64,OkonRecycling,405101,IKEA Round Rock 027,TX,92992.49229084376
2028,4,p64,OkonRecycling,405613,Niagara Bottling - Seguin,TX,50693.69289641086
2028,4,p65,OkonRecycling,405700,Aktina Solar,TX,7066.6193650834875
2028,4,p65,OkonRecycling,405477,Brightside,TX,106126.16284578815
2028,4,p65,OkonRecycling,401728,CPS 1 Community Solar,TX,13132672.167809546
2028,4,p65,OkonRecycling,402656,Cascade Solar (TX),TX,263581.5480245183
2028,4,p65,OkonRecycling,404359,FELPS 1-Calaveras,TX,6818056.658677423
2028,4,p65,OkonRecycling,404361,FELPS 2-Calaveras,TX,4545399.954691637
2028,4,p65,OkonRecycling,404739,FELPS 6- Floresville West,TX,3470123.248320921
2028,4,p65,OkonRecycling,404740,FELPS 7- Floresville West,TX,2775282.134955478
2028,4,p65,OkonRecycling,406516,Ganado Solar,TX,29864.407642545226
2028,4,p65,SolarCycle,405801,Horizon Solar,TX,36975.80482204861
2028,4,p65,OkonRecycling,405380,IKEA Live Oak Rooftop PV System,TX,7386156.690733922
2028,4,p65,SolarCycle,403343,Mars Solar,TX,1949618.2611907236
2028,4,p65,OkonRecycling,404877,Nebula Solar,TX,45571.708028847286
2028,4,p65,OkonRecycling,400694,"OCI Alamo 2, LLC",TX,488170.5503059481
2028,4,p65,OkonRecycling,400965,"OCI Alamo 3, LLC",TX,582413.5318285509
2028,4,p65,SolarCycle,400966,"OCI Alamo 5, LLC",TX,44682.17185716733
2028,4,p65,SolarCycle,405809,Shakes Solar,TX,24381.52719446544
2028,4,p65,OkonRecycling,405545,Sparta Solar,TX,31749.698044680837
2028,4,p65,OkonRecycling,400379,"SunE CPS1, LLC",TX,347448.15387729945
2028,4,p65,OkonRecycling,400364,"SunE CPS2, LLC",TX,696391.6114159317
2028,4,p65,OkonRecycling,400353,"SunE CPS3, LLC",TX,665535.225187358
2028,4,p65,OkonRecycling,406032,Tres Bahias,TX,25567.640900824485
2028,4,p66,OkonRecycling,406386,Umbriel Solar,TX,12366.070580539743
2028,4,p67,OkonRecycling,404939,Brazoria County Solar Project (Danciger),TX,2986.7283263196728
2028,4,p67,OkonRecycling,404681,Brazoria West,TX,8280.922340232448
2028,4,p67,OkonRecycling,402649,Bronson,TX,71074.17420664486
2028,4,p67,OkonRecycling,406178,"Cutlass Solar 1, LLC",TX,13790.604698793424
2028,4,p67,OkonRecycling,404587,Fighting Jays Solar Project,TX,7044.529253476894
2028,4,p67,OkonRecycling,405564,"Fort Bend Solar, LLC",TX,6275.192929862999
2028,4,p67,OkonRecycling,403514,Wagyu,TX,13430.181793029547
2029,1,p12,ComstockMetals,402144,Battle Mountain Solar Project,NV,1979.3581795164923
2029,1,p12,ComstockMetals,405025,Brady,NV,1163.429035771574
2029,1,p12,ComstockMetals,405553,Dodge Flat,NV,450.0117695161088
2029,1,p12,ComstockMetals,402609,"EGP Stillwater Solar PV II, LLC",NV,2404.1731110854257
2029,1,p12,ComstockMetals,401086,Ft. Churchill PV,NV,1216.7969811630749
2029,1,p12,ComstockMetals,405028,Galena 2 Geothermal Power Plant,NV,2477.756601863814
2029,1,p12,ComstockMetals,402130,Luning Energy,NV,2177.5545258653856
2029,1,p12,ComstockMetals,400468,"Patua Acquisition Project, LLC",NV,1169.0499952466726
2029,1,p12,ComstockMetals,405021,Steamboat Hills LP,NV,3534.182730065601
2029,1,p12,ComstockMetals,405023,Steamboat II,NV,1764.4398635399912
2029,1,p12,ComstockMetals,405024,Steamboat III,NV,1499.6303069598894
2029,1,p12,ComstockMetals,400029,Stillwater Facility,NV,1634.393897102487
2029,1,p12,ComstockMetals,401318,Sunshine Valley Solar,NV,2206.786945595703
2029,1,p12,ComstockMetals,405026,TS Power Plant,NV,4146.384042779479
2029,1,p12,ComstockMetals,405576,Tesla Reno GigaFactory,NV,920.8715725025089
2029,1,p12,ComstockMetals,403308,Turquoise Liberty Solar,NV,1460.4587895740724
2029,1,p12,ComstockMetals,403884,"Turquoise Nevada, LLC",NV,1195.6307785402612
2029,1,p12,ComstockMetals,400035,Western 102 Power Plant,NV,4813.593144316745
2029,1,p13,WeRecycleSolar,400555,Apex Solar PV Power Project,NV,20447.968172754077
2029,1,p13,WeRecycleSolar,405385,Arrow Canyon Solar Hybrid,NV,1161.0526508172698
2029,1,p13,WeRecycleSolar,401649,"Boulder Solar Power, LLC",NV,3983.379986913534
2029,1,p13,WeRecycleSolar,400086,CM48,NV,5951.318815728962
2029,1,p13,WeRecycleSolar,400363,Copper Mountain Solar 2,NV,2701.994532048417
2029,1,p13,WeRecycleSolar,400802,Copper Mountain Solar 3,NV,4648.978746296256
2029,1,p13,WeRecycleSolar,403688,"Copper Mountain Solar 5, LLC",NV,4647.039963996294
2029,1,p13,WeRecycleSolar,405358,Dignity - San Martin,NV,693636.1186576306
2029,1,p13,WeRecycleSolar,405355,Dignity - Siena Campus,NV,406739.51581369765
2029,1,p13,WeRecycleSolar,405556,Dry Lake Solar Energy Center,NV,2398.982378292069
2029,1,p13,WeRecycleSolar,405495,Gemini Solar,NV,890.5775988452264
2029,1,p13,WeRecycleSolar,403386,"Harry Allen Solar Energy, LLC",NV,12443.432638285678
2029,1,p13,WeRecycleSolar,406090,IGS LAS1,NV,1136300.4812461757
2029,1,p13,WeRecycleSolar,406089,IGS VGT,NV,593966.007077193
2029,1,p13,WeRecycleSolar,405309,IKEA Las Vegas 462,NV,1183174.3713011232
2029,1,p13,WeRecycleSolar,400545,Las Vegas WPCF Solar Plant,NV,349878.8742693567
2029,1,p13,WeRecycleSolar,400313,Moapa Southern Paiute,NV,5218.114077876203
2029,1,p13,WeRecycleSolar,400600,Mountain View Solar,NV,60371.323308915606
2029,1,p13,WeRecycleSolar,400036,Nellis Air Force Base Solar Array,NV,49795.97050040341
2029,1,p13,WeRecycleSolar,401319,"Playa Solar 1, LLC",NV,15521.695972333016
2029,1,p13,WeRecycleSolar,401274,River Mountains Solar,NV,26105.534309615858
2029,1,p13,WeRecycleSolar,401042,Searchlight Solar,NV,28746.187439135687
2029,1,p13,WeRecycleSolar,400166,Silver State Solar Power North,NV,5706.710306900734
2029,1,p13,WeRecycleSolar,400658,Silver State Solar Power South,NV,2598.722184313718
2029,1,p13,WeRecycleSolar,405246,"Solar Las Vegas MB 2, LLC",NV,778635.600024628
2029,1,p13,WeRecycleSolar,405188,Solar Las Vegas MB-1,NV,79862.23957759718
2029,1,p13,WeRecycleSolar,402485,"Techren Solar I, LLC",NV,11174.460240465021
2029,1,p13,WeRecycleSolar,402691,"Techren Solar III, LLC",NV,43429.14334563117
2029,1,p13,WeRecycleSolar,401851,Townsite Solar Project Hybrid,NV,7168.338285150143
2029,1,p13,WeRecycleSolar,404971,Yellow Pine Solar,NV,4942.855653658447
2029,1,p27,WeRecycleSolar,400374,"Black Mountain Solar, LLC",AZ,7311.944037401132
2029,1,p27,WeRecycleSolar,402236,Gray Hawk Solar,AZ,1808.0029550760103
2029,1,p27,WeRecycleSolar,401819,Jacobson 5 MW Solar,AZ,11524.635682014436
2029,1,p27,WeRecycleSolar,401311,Mohave Electric at Fort Mohave,AZ,12032.886606428026
2029,1,p27,WeRecycleSolar,406478,Mohave Energy - Hybrid,AZ,12034.425265980622
2029,1,p28,WeRecycleSolar,405418,AZ State University - Tempe Campus Solar,AZ,4359.646434102801
2029,1,p28,WeRecycleSolar,400148,Agua Caliente Solar Project,AZ,740.6686068912641
2029,1,p28,WeRecycleSolar,400274,Arizona Western College PV,AZ,29775.575037787148
2029,1,p28,WeRecycleSolar,400240,Arlington Valley Solar Energy II,AZ,918.945609289045
2029,1,p28,FabTechSolar,401688,Bonnybrooke PV,AZ,1729.168746149509
2029,1,p28,WeRecycleSolar,400371,Buckeye Union HS District 201,AZ,13505.568118561385
2029,1,p28,FabTechSolar,406171,Eleven Mile Solar Center,AZ,858.3778458859566
2029,1,p28,WeRecycleSolar,400349,Foothills Solar Plant Hybrid,AZ,6278.693426003188
2029,1,p28,FabTechSolar,400825,Fort Huachuca Solar PV Project,AZ,12726.38093329601
2029,1,p28,WeRecycleSolar,400845,Gila Bend Hybrid,AZ,6788.966075249179
2029,1,p28,FabTechSolar,400599,"Gilbert Solar Facility I, LLC",AZ,5211.655288769393
2029,1,p28,FabTechSolar,405282,Intel - Ocotillo Campus Solar,AZ,3903.4437786455437
2029,1,p28,WeRecycleSolar,402234,Kayenta Solar Project,AZ,7219.1036835297045
2029,1,p28,WeRecycleSolar,400128,Luke Solar,AZ,4100.560258859366
2029,1,p28,WeRecycleSolar,405068,Macys Goodyear,AZ,9930.519819294674
2029,1,p28,FabTechSolar,404512,Mesa Solar Array,AZ,6563.614829575882
2029,1,p28,WeRecycleSolar,400250,Mesquite Solar 1,AZ,1697.6363042573107
2029,1,p28,WeRecycleSolar,403572,OE_AZ1,AZ,6840.779176056375
2029,1,p28,WeRecycleSolar,405126,Paradise Valley H.S. PV,AZ,24501.603109306358
2029,1,p28,WeRecycleSolar,405150,Phoenix Airport East Economy Lot,AZ,22111.666837667606
2029,1,p28,WeRecycleSolar,405151,Phoenix Airport Rental Car Center,AZ,1596.0461901168956
2029,1,p28,FabTechSolar,402528,Pinal Central Energy Center Hybrid,AZ,7334.3684787775655
2029,1,p28,FabTechSolar,400125,"Poseidon Solar, LLC",AZ,4661.819162061176
2029,1,p28,WeRecycleSolar,400031,Prescott Airport,AZ,65261.24088816306
2029,1,p28,WeRecycleSolar,400401,Prescott Solar Plant,AZ,19287.68114142344
2029,1,p28,FabTechSolar,400323,Queen Creek Solar Farm,AZ,2635.0329319476887
2029,1,p28,WeRecycleSolar,400289,"RE Bagdad Solar I, LLC",AZ,30464.83932079937
2029,1,p28,FabTechSolar,400758,Red Horse 2,AZ,9971.476268658944
2029,1,p28,FabTechSolar,401609,Red Horse III,AZ,17903.084152902185
2029,1,p28,FabTechSolar,401726,Red Rock,AZ,2558.2673856925353
2029,1,p28,WeRecycleSolar,400416,Saddle Mountain Solar I,AZ,4227.76899899023
2029,1,p28,FabTechSolar,401214,Sandstone Solar,AZ,2890.5383115612144
2029,1,p28,WeRecycleSolar,405029,Solana Generating Station,AZ,905.4453562713834
2029,1,p28,WeRecycleSolar,406275,Sonoran Solar Energy,AZ,677.2365079321424
2029,1,p28,WeRecycleSolar,401975,"Sun Streams, LLC",AZ,1028.7698752171555
2029,1,p28,WeRecycleSolar,405311,T0588 Phoenix - AZ,AZ,30756.93608390909
2029,1,p28,FabTechSolar,405134,Union HS at Casa Grande,AZ,17112.95188575201
2029,1,p28,FabTechSolar,405135,Vista Grande HS at Casa Grande,AZ,29375.014814407146
2029,1,p30,FabTechSolar,405611,Amazon TUS2,AZ,16413.763897332872
2029,1,p30,FabTechSolar,400939,Avalon Solar,AZ,3334.6915370838024
2029,1,p30,FabTechSolar,401479,Avalon Solar II,AZ,16239.63130195132
2029,1,p30,FabTechSolar,400226,Avra Valley Solar,AZ,3773.3922592778
2029,1,p30,FabTechSolar,404704,Broadway 2 - Tucson Phase II,AZ,17184.6009146154
2029,1,p30,FabTechSolar,400761,"Gato Montes Solar, LLC",AZ,17402.802474568925
2029,1,p30,FabTechSolar,404536,Iron Horse Battery Storage Hybrid,AZ,32337.287262527207
2029,1,p30,FabTechSolar,400552,"Picture Rocks Solar, LLC",AZ,4946.502419453429
2029,1,p30,FabTechSolar,405374,Pima Community College,AZ,56419.65200840121
2029,1,p30,FabTechSolar,405303,Pima Community College - East Campus,AZ,181062.74295573006
2029,1,p30,FabTechSolar,405516,Pima Community College NW,AZ,78117.40105766601
2029,1,p30,FabTechSolar,404926,Raptor Ridge,AZ,6909.791541589705
2029,1,p30,FabTechSolar,400857,Rio Rico Solar,AZ,14554.03527389281
2029,1,p30,FabTechSolar,401076,Tech Park Solar,AZ,50574.69275285455
2029,1,p30,FabTechSolar,401075,Valencia Solar,AZ,27495.29401301971
2029,1,p30,FabTechSolar,404187,"Wilmot Energy Center, LLC",AZ,1398.9807254223622
2029,1,p31,SolarCycle,400211,Alamogordo Solar Energy Center,NM,116811.89697937638
2029,1,p31,FabTechSolar,400206,Albuquerque Solar Energy Center,NM,619215.8144934141
2029,1,p31,SolarCycle,403675,Alcalde Solar Array,NM,1152511.9800285709
2029,1,p31,FabTechSolar,405469,Arroyo Solar Energy Storage Hybrid,NM,2325.76112839918
2029,1,p31,FabTechSolar,403321,Bluewater CDEC 1,NM,820532.3260828701
2029,1,p31,SolarCycle,402876,CNMEC Solar Energy Center,NM,563429.2979756527
2029,1,p31,SolarCycle,402519,Carrizozo Solar,NM,295673.4971035279
2029,1,p31,FabTechSolar,402988,City of Gallup Solar,NM,221479.05947307748
2029,1,p31,FabTechSolar,403604,City of Rio Rancho WWTP,NM,997860.3906381081
2029,1,p31,FabTechSolar,401225,City of Truth or Consequences PV,NM,1046993.1931416905
2029,1,p31,FabTechSolar,400209,Deming Solar Energy Center,NM,209805.50832737325
2029,1,p31,FabTechSolar,403868,Encino Solar Energy Center,NM,11372.443534101021
2029,1,p31,FabTechSolar,401038,Eubank Landfill Solar Array,NM,620502.6744140912
2029,1,p31,FabTechSolar,402443,Facebook 3 Solar Energy Center,NM,235450.05885334854
2029,1,p31,FabTechSolar,403322,Grants CDEC 2,NM,442985.43419726775
2029,1,p31,SolarCycle,401617,Holloman Solar Facility,NM,350639.8082593479
2029,1,p31,FabTechSolar,406109,"Jicarilla Solar 1, LLC",NM,25442.26609322401
2029,1,p31,SolarCycle,400427,Kit Carson,NM,2325683.9432749096
2029,1,p31,SolarCycle,400210,Las Vegas Solar Energy Center,NM,237092.0685593024
2029,1,p31,FabTechSolar,400207,Los Lunas Solar Energy Center,NM,111947.75399852794
2029,1,p31,FabTechSolar,400838,Macho Springs,NM,19004.484118554607
2029,1,p31,FabTechSolar,400582,Manzano Solar,NM,99433.1760233179
2029,1,p31,SolarCycle,401201,Meadow Lake Solar Energy Center,NM,133010.92758354
2029,1,p31,SolarCycle,405693,NMSU Solar and Storage,NM,657485.535441642
2029,1,p31,FabTechSolar,406375,OE_ESCL,NM,10229.188083021703
2029,1,p31,SolarCycle,400581,Otero Solar,NM,229480.74890470962
2029,1,p31,SolarCycle,400146,Questa Solar Facility,NM,1470834.2561039617
2029,1,p31,FabTechSolar,403178,"RC Energy AA, LLC Solar Facility",NM,2493637.7375819776
2029,1,p31,FabTechSolar,401566,Rio Communities Solar Energy Center,NM,117429.15179359211
2029,1,p31,FabTechSolar,403084,Rio De Oro Solar Energy Center,NM,118129.52468400114
2029,1,p31,FabTechSolar,400624,Rio Rancho High School,NM,2469403.778922128
2029,1,p31,FabTechSolar,404648,"Route 66 Energy Center, LLC",NM,42011.74789531612
2029,1,p31,SolarCycle,403387,San Miguel I Solar Energy Center,NM,118127.91024078861
2029,1,p31,SolarCycle,405458,San Miguel II Solar Energy Center,NM,59288.125565255854
2029,1,p31,FabTechSolar,401161,Sandoval Solar Energy Center,NM,198374.0970107355
2029,1,p31,SolarCycle,401564,Santa Fe Solar Energy Center,NM,90154.31745375284
2029,1,p31,FabTechSolar,401565,Santolina Solar Energy Center,NM,111801.20182137823
2029,1,p31,FabTechSolar,400596,Silver City WWTP PV Project,NM,1595320.440364543
2029,1,p31,FabTechSolar,406343,Sky Ranch Solar,NM,6504.19264921847
2029,1,p31,FabTechSolar,401563,South Valley Solar Energy Center,NM,79972.71503650826
2029,1,p31,SolarCycle,401162,Springer Solar 1,NM,963077.6671972441
2029,1,p31,SolarCycle,400735,Storrie Lake Solar Project,NM,789598.6003663905
2029,1,p31,FabTechSolar,400623,Sue Cleveland High School,NM,830317.9563078195
2029,1,p31,SolarCycle,400343,"SunE EPE1, LLC",NM,178979.67953916185
2029,1,p31,SolarCycle,402854,Syncarpha Eagle Nest,NM,931541.4847075798
2029,1,p31,SolarCycle,403412,Syncarpha El Rito,NM,1815909.2550544995
2029,1,p31,SolarCycle,403413,Syncarpha Questa,NM,1863188.5897262748
2029,1,p31,SolarCycle,403411,Syncarpha Taos,NM,902113.6561410896
2029,1,p31,SolarCycle,404618,Taos Mesa Energy Facility Hybrid,NM,188645.07091541775
2029,1,p31,FabTechSolar,403011,Vista Solar Energy Center,NM,237861.0159954087
2029,1,p31,SolarCycle,400354,WSMR I,NM,203029.83669218514
2029,1,p31,FabTechSolar,405245,Wal-Mart Truth or Consequences PV,NM,2005893.3002772974
2029,1,p47,SolarCycle,400979,"Caprock Solar 1, LLC",NM,31537.879623155164
2029,1,p47,SolarCycle,404980,Chaves County Solar II,NM,18854.5776292952
2029,1,p47,SolarCycle,401681,"Chaves Solar, LLC",NM,3048.0564811014788
2029,1,p47,SolarCycle,400614,GSE NM1,NM,297974.5846160376
2029,1,p47,SolarCycle,401682,"Roswell Solar, LLC",NM,16427.727580720602
2029,1,p47,SolarCycle,400546,SEV NM Phase 2,NM,199198.71800279416
2029,1,p47,SolarCycle,400260,SPS1 Dollarhide,NM,4161.692213019652
2029,1,p47,SolarCycle,400261,SPS2 Jal,NM,9546.374547726109
2029,1,p47,SolarCycle,400262,SPS3 Lea,NM,13795.647014527674
2029,1,p47,SolarCycle,400264,SPS5 Hopi,NM,39798.89557958927
2029,1,p47,SolarCycle,404698,SoCore Clovis 1,NM,628110.8525678867
2029,1,p48,SolarCycle,406439,"BESSP1, LLC",TX,15155.570859777312
2029,1,p48,SolarCycle,405590,"Hecate Energy Frye Solar, LLC",TX,884.3849434387097
2029,1,p57,OkonRecycling,404918,"Hecate Energy Upshur Rural, LLC",TX,23662.220951284024
2029,1,p59,SolarCycle,402666,Fort Bliss (DEA EPIC),TX,73883.47966357654
2029,1,p59,SolarCycle,401616,Montana Solar Facility,TX,35697.53219361897
2029,1,p59,SolarCycle,401045,Newman Solar,TX,43366.218898584586
2029,1,p60,SolarCycle,403962,"ANSON Solar Center, LLC",TX,4092.7773697872167
2029,1,p60,OkonRecycling,403883,Azure Sky Solar,TX,3822.5373619538714
2029,1,p60,SolarCycle,403232,"ENGIE Long Draw Solar, LLC",TX,932.2421168964769
2029,1,p60,SolarCycle,406252,Highpeak Solar 1,TX,37158.483754332796
2029,1,p60,SolarCycle,402721,Holstein 1 Solar Farm,TX,1396.2612895005927
2029,1,p60,SolarCycle,405492,Juno Solar Project,TX,801.7995188576676
2029,1,p60,SolarCycle,402541,Lamesa II,TX,2462.812850220324
2029,1,p60,SolarCycle,401660,Lamesa Solar,TX,1412.6877713577603
2029,1,p60,SolarCycle,405932,Lumina II Solar Project,TX,967.8417526556818
2029,1,p60,SolarCycle,405933,Lumina Solar Project,TX,1192.8165922293651
2029,1,p60,SolarCycle,402909,Misae Solar,TX,1820.7871731755376
2029,1,p60,OkonRecycling,400968,"OCI Alamo 7, LLC",TX,7631.458354364034
2029,1,p60,SolarCycle,405939,Texas Solar Nova 1,TX,1211.4338458412608
2029,1,p61,SolarCycle,400967,Alamo 6,TX,792.3992968194289
2029,1,p61,SolarCycle,403557,Aragorn Solar Project,TX,1890.8172230119103
2029,1,p61,SolarCycle,400691,Barilla Solar,TX,1640.3961693587034
2029,1,p61,SolarCycle,401946,Bluebell Solar,TX,3694.1404457041253
2029,1,p61,SolarCycle,403574,Bluebell Solar II,TX,969.5156906613344
2029,1,p61,SolarCycle,400554,"Bryan Solar, LLC",TX,21694.55867718854
2029,1,p61,SolarCycle,401463,Buckthorn Westex,TX,824.4165090341902
2029,1,p61,SolarCycle,401703,East Pecos Solar,TX,1465.1671422669283
2029,1,p61,SolarCycle,405363,Galloway 1 Solar Farm,TX,620.2260584277872
2029,1,p61,SolarCycle,405494,Galloway 2 Solar Farm,TX,1877.3781835383709
2029,1,p61,SolarCycle,403210,Greasewood,TX,520.7173183587051
2029,1,p61,SolarCycle,406370,Hayhurst Texas Solar,TX,4855.678933706656
2029,1,p61,SolarCycle,402304,Midway Solar-TX,TX,638.2595209594017
2029,1,p61,SolarCycle,400695,"OCI Alamo 4, LLC",TX,3310.3986042945894
2029,1,p61,SolarCycle,401868,Pearl Solar,TX,1663.7388698466884
2029,1,p61,SolarCycle,402290,RE Maplewood,TX,487.63209672344385
2029,1,p61,SolarCycle,401430,RE Roserock,TX,684.9233111049563
2029,1,p61,SolarCycle,402848,Rambler,TX,781.9065137599937
2029,1,p61,SolarCycle,402083,Solaire Holman Solar Project,TX,2947.6339206466073
2029,1,p61,SolarCycle,403023,"Taygete Energy Project, LLC",TX,512.3564407764941
2029,1,p61,SolarCycle,404647,Taygete II Energy Project,TX,499.176448879575
2029,1,p61,SolarCycle,403551,Titan Solar Project,TX,919.4201286507277
2029,1,p61,SolarCycle,406103,Zier Solar,TX,1109.3774215670398
2029,1,p62,SolarCycle,403502,2W Permian Solar Project Hybrid,TX,446.70512785769074
2029,1,p62,SolarCycle,403697,CED Crane Solar,TX,1152.9178334594599
2029,1,p62,SolarCycle,401525,Castle Gap Solar Hybrid,TX,559.6368517063341
2029,1,p62,SolarCycle,404599,Emerald Grove,TX,669.3469801924218
2029,1,p62,SolarCycle,403004,Lapetus,TX,832.4679140834567
2029,1,p62,SolarCycle,403280,Oberon IA,TX,500.4232685361076
2029,1,p62,SolarCycle,403279,Oberon IB,TX,907.7602617531059
2029,1,p62,SolarCycle,403602,Oxy Renewable Energy-Goldsmith,TX,1186.7835185377025
2029,1,p62,SolarCycle,402679,Phoebe Solar,TX,482.0704998162187
2029,1,p62,SolarCycle,403177,Prospero Solar,TX,499.85549947727037
2029,1,p62,SolarCycle,404128,Prospero Solar II,TX,875.8951852070295
2029,1,p62,SolarCycle,403070,"Roadrunner, LLC",TX,502.6316788773637
2029,1,p62,SolarCycle,401805,Upton County Solar,TX,647.879515956932
2029,1,p62,SolarCycle,402995,West of the Pecos Solar,TX,815.5861600320566
2029,1,p63,OkonRecycling,405599,"BPL Crown Solar, LLC",TX,2865.8371269236045
2029,1,p63,OkonRecycling,404966,BPL Files Solar,TX,589.1521490398198
2029,1,p63,OkonRecycling,403825,Briar Creek Solar 1,TX,1371.6409805345475
2029,1,p63,OkonRecycling,402610,Chisum,TX,8548.371865551275
2029,1,p63,OkonRecycling,401697,CoServ Community Solar Station,TX,28939.164038963303
2029,1,p63,OkonRecycling,403188,Coniglio Solar,TX,997.8161740672547
2029,1,p63,OkonRecycling,406415,Dileo Solar,TX,3118.3312936616494
2029,1,p63,OkonRecycling,402655,Eddy II,TX,26089.340401230478
2029,1,p63,OkonRecycling,406221,Eiffel Solar Project,TX,1352.663780858822
2029,1,p63,OkonRecycling,405540,"Ellis Solar, LLC",TX,1176.8845840332526
2029,1,p63,OkonRecycling,403823,Elm Branch Solar 1,TX,856.4731998200224
2029,1,p63,OkonRecycling,406206,Five Wells Solar Center - Hybrid,TX,1248.1430163011291
2029,1,p63,OkonRecycling,404567,G.S.E. One LLC,TX,1125.757914629725
2029,1,p63,OkonRecycling,406202,Grizzly Ridge Solar,TX,5688.875639539417
2029,1,p63,OkonRecycling,402329,Highway 56 Solar,TX,7037.4541659709
2029,1,p63,OkonRecycling,405319,IKEA Grand Prairie Rooftop PV System,TX,9693.028247816772
2029,1,p63,OkonRecycling,405689,"IP Radian, LLC",TX,1219.3096682566531
2029,1,p63,OkonRecycling,403481,Impact Solar 1,TX,869.8207231511881
2029,1,p63,OkonRecycling,403190,Kellam Solar,TX,2210.9420386733245
2029,1,p63,OkonRecycling,402421,Leon Solar,TX,10637.952755663639
2029,1,p63,OkonRecycling,403874,Lily Solar Hybrid,TX,866.8487954982862
2029,1,p63,OkonRecycling,402404,Marlin Solar,TX,31852.648533427837
2029,1,p63,OkonRecycling,405794,Noble Solar,TX,825.0715941645399
2029,1,p63,OkonRecycling,402405,North Gainesville Solar,TX,7819.314018688362
2029,1,p63,OkonRecycling,401933,Phantom Solar,TX,41310.57380927696
2029,1,p63,OkonRecycling,404872,"Pisgah Ridge Solar, LLC",TX,1029.8315458711927
2029,1,p63,OkonRecycling,406416,Pitts Dudik Solar,TX,3400.986902375835
2029,1,p63,OkonRecycling,403189,Rippey Solar,TX,5062.589356878622
2029,1,p63,OkonRecycling,404630,"Samson Solar Energy III, LLC",TX,781.6302973038052
2029,1,p63,OkonRecycling,402652,Sterling Solar (TX),TX,2846.861630981559
2029,1,p63,OkonRecycling,404812,Sun Valley Solar Project,TX,1030.8558300777468
2029,1,p63,OkonRecycling,404388,"TPE Erath Solar, LLC",TX,22145.94042319755
2029,1,p63,OkonRecycling,403457,"TPE Whitney Solar, LLC",TX,16255.771065110273
2029,1,p63,OkonRecycling,405361,Toyota HQ Plan,TX,1877.1150735157617
2029,1,p63,OkonRecycling,405907,Verizon Hidden Ridge Solar Project,TX,2191.283246588709
2029,1,p63,OkonRecycling,405984,Waco Solar,TX,624.208289893729
2029,1,p63,OkonRecycling,402306,Walnut Springs Solar,TX,24226.22319527388
2029,1,p63,OkonRecycling,402497,West Moore Solar II,TX,28960.463939836798
2029,1,p63,OkonRecycling,402330,Whitesboro Solar,TX,56615.55174603864
2029,1,p63,OkonRecycling,402331,Whitesboro Solar II,TX,14576.782559630748
2029,1,p63,OkonRecycling,402414,Whitewright Solar,TX,27419.28641586191
2029,1,p63,OkonRecycling,402654,Yellow Jacket,TX,37362.62428904332
2029,1,p64,OkonRecycling,405731,Austin TX GigaFactory,TX,309269.71528104873
2029,1,p64,OkonRecycling,404721,"Blue Jay Solar I, LLC",TX,855.5760426929995
2029,1,p64,OkonRecycling,402648,Bovine,TX,35849.427919359914
2029,1,p64,OkonRecycling,402389,"E-Volve Energy Holdings, LLC",TX,107092.78563035544
2029,1,p64,OkonRecycling,400227,East Blackland Solar Project 1,TX,2256.3095025361604
2029,1,p64,OkonRecycling,405101,IKEA Round Rock 027,TX,185584.98458168752
2029,1,p64,SolarCycle,402653,Lampwick,TX,38816.82520664547
2029,1,p64,OkonRecycling,405613,Niagara Bottling - Seguin,TX,75840.53934461629
2029,1,p65,OkonRecycling,405700,Aktina Solar,TX,13733.238730166975
2029,1,p65,OkonRecycling,405477,Brightside,TX,106126.16284578815
2029,1,p65,OkonRecycling,401728,CPS 1 Community Solar,TX,4377824.055936514
2029,1,p65,OkonRecycling,402656,Cascade Solar (TX),TX,439035.9133741971
2029,1,p65,OkonRecycling,404359,FELPS 1-Calaveras,TX,13635713.317354841
2029,1,p65,OkonRecycling,404361,FELPS 2-Calaveras,TX,4545399.954691637
2029,1,p65,OkonRecycling,404739,FELPS 6- Floresville West,TX,13879292.99328369
2029,1,p65,OkonRecycling,404740,FELPS 7- Floresville West,TX,13874810.674777389
2029,1,p65,OkonRecycling,406516,Ganado Solar,TX,44596.61146381783
2029,1,p65,SolarCycle,405801,Horizon Solar,TX,73551.60964409722
2029,1,p65,OkonRecycling,405380,IKEA Live Oak Rooftop PV System,TX,3693278.345366961
2029,1,p65,SolarCycle,403343,Mars Solar,TX,975009.1305953618
2029,1,p65,OkonRecycling,404877,Nebula Solar,TX,181086.83211538914
2029,1,p65,OkonRecycling,400694,"OCI Alamo 2, LLC",TX,1463711.6509178446
2029,1,p65,OkonRecycling,400965,"OCI Alamo 3, LLC",TX,2328454.1273142034
2029,1,p65,SolarCycle,400966,"OCI Alamo 5, LLC",TX,66823.25778575099
2029,1,p65,OkonRecycling,400593,OCI Alamo Solar I Hybrid,TX,112380.24586701515
2029,1,p65,SolarCycle,405809,Shakes Solar,TX,72344.58158339631
2029,1,p65,OkonRecycling,405545,Sparta Solar,TX,21299.798696453894
2029,1,p65,OkonRecycling,400379,"SunE CPS1, LLC",TX,694496.307754599
2029,1,p65,OkonRecycling,400364,"SunE CPS2, LLC",TX,1392383.2228318634
2029,1,p65,OkonRecycling,400353,"SunE CPS3, LLC",TX,443823.48345823865
2029,1,p65,OkonRecycling,406032,Tres Bahias,TX,25567.640900824485
2029,1,p66,OkonRecycling,406386,Umbriel Solar,TX,12366.070580539743
2029,1,p67,OkonRecycling,404939,Brazoria County Solar Project (Danciger),TX,2986.7283263196728
2029,1,p67,OkonRecycling,402649,Bronson,TX,47516.11613776324
2029,1,p67,OkonRecycling,406178,"Cutlass Solar 1, LLC",TX,13790.604698793424
2029,1,p67,OkonRecycling,404587,Fighting Jays Solar Project,TX,3722.2646267384475
2029,1,p67,OkonRecycling,405564,"Fort Bend Solar, LLC",TX,6275.192929862999
2029,1,p67,OkonRecycling,403514,Wagyu,TX,13430.181793029547
2029,2,p12,ComstockMetals,402144,Battle Mountain Solar Project,NV,1587.682127769001
2029,2,p12,ComstockMetals,405025,Brady,NV,974.1009438931712
2029,2,p12,ComstockMetals,405553,Dodge Flat,NV,437.6090019368306
2029,2,p12,ComstockMetals,402609,"EGP Stillwater Solar PV II, LLC",NV,1907.1442411626174
2029,2,p12,ComstockMetals,401086,Ft. Churchill PV,NV,1321.3507003585878
2029,2,p12,ComstockMetals,405028,Galena 2 Geothermal Power Plant,NV,1962.4792487814088
2029,2,p12,ComstockMetals,400468,"Patua Acquisition Project, LLC",NV,1171.103896558735
2029,2,p12,ComstockMetals,405021,Steamboat Hills LP,NV,2756.914892352509
2029,2,p12,ComstockMetals,405023,Steamboat II,NV,1426.0629041337104
2029,2,p12,ComstockMetals,405024,Steamboat III,NV,1226.9253166683352
2029,2,p12,ComstockMetals,400029,Stillwater Facility,NV,3184.8038321451095
2029,2,p12,ComstockMetals,401318,Sunshine Valley Solar,NV,1758.7092477194149
2029,2,p12,ComstockMetals,405576,Tesla Reno GigaFactory,NV,903.6104258704078
2029,2,p12,ComstockMetals,403308,Turquoise Liberty Solar,NV,1994.9364342397057
2029,2,p12,ComstockMetals,403884,"Turquoise Nevada, LLC",NV,998.3167518494726
2029,2,p12,ComstockMetals,400035,Western 102 Power Plant,NV,3719.035393449233
2029,2,p13,WeRecycleSolar,400555,Apex Solar PV Power Project,NV,20440.641304929683
2029,2,p13,WeRecycleSolar,405385,Arrow Canyon Solar Hybrid,NV,979.6377228956134
2029,2,p13,WeRecycleSolar,401649,"Boulder Solar Power, LLC",NV,1832.8281521235574
2029,2,p13,WeRecycleSolar,400086,CM48,NV,15198.106647239758
2029,2,p13,WeRecycleSolar,400802,Copper Mountain Solar 3,NV,3231.6172569387218
2029,2,p13,WeRecycleSolar,403688,"Copper Mountain Solar 5, LLC",NV,3230.3252077791913
2029,2,p13,WeRecycleSolar,405358,Dignity - San Martin,NV,154396.16974119993
2029,2,p13,WeRecycleSolar,405556,Dry Lake Solar Energy Center,NV,2176.223836883861
2029,2,p13,WeRecycleSolar,405495,Gemini Solar,NV,890.3983089943362
2029,2,p13,WeRecycleSolar,403386,"Harry Allen Solar Energy, LLC",NV,8426.020775245137
2029,2,p13,WeRecycleSolar,406090,IGS LAS1,NV,189647.5578787826
2029,2,p13,WeRecycleSolar,406089,IGS VGT,NV,264110.7015008515
2029,2,p13,WeRecycleSolar,405309,IKEA Las Vegas 462,NV,263142.69032768585
2029,2,p13,WeRecycleSolar,400545,Las Vegas WPCF Solar Plant,NV,116850.38377506992
2029,2,p13,WeRecycleSolar,400313,Moapa Southern Paiute,NV,3610.902144593219
2029,2,p13,WeRecycleSolar,400600,Mountain View Solar,NV,13722.090172923065
2029,2,p13,WeRecycleSolar,400036,Nellis Air Force Base Solar Array,NV,33318.61194036344
2029,2,p13,WeRecycleSolar,401274,River Mountains Solar,NV,26096.139788903387
2029,2,p13,WeRecycleSolar,401042,Searchlight Solar,NV,12993.701265438127
2029,2,p13,WeRecycleSolar,400166,Silver State Solar Power North,NV,3229.2111361005136
2029,2,p13,WeRecycleSolar,400658,Silver State Solar Power South,NV,3330.55816565039
2029,2,p13,WeRecycleSolar,405246,"Solar Las Vegas MB 2, LLC",NV,519034.12047299277
2029,2,p13,WeRecycleSolar,405188,Solar Las Vegas MB-1,NV,79833.19876301696
2029,2,p13,WeRecycleSolar,402485,"Techren Solar I, LLC",NV,7580.348354930013
2029,2,p13,WeRecycleSolar,402691,"Techren Solar III, LLC",NV,29075.611746701816
2029,2,p13,WeRecycleSolar,401851,Townsite Solar Project Hybrid,NV,4910.576454574223
2029,2,p13,WeRecycleSolar,406448,Yellow Pine II,NV,14670.68207775734
2029,2,p13,WeRecycleSolar,404971,Yellow Pine Solar,NV,3427.463593667972
2029,2,p27,WeRecycleSolar,400374,"Black Mountain Solar, LLC",AZ,3628.724511937232
2029,2,p27,WeRecycleSolar,402236,Gray Hawk Solar,AZ,1715.4196936013598
2029,2,p27,WeRecycleSolar,401311,Mohave Electric at Fort Mohave,AZ,29381.242461858958
2029,2,p27,WeRecycleSolar,406478,Mohave Energy - Hybrid,AZ,7646.268938774097
2029,2,p28,WeRecycleSolar,405418,AZ State University - Tempe Campus Solar,AZ,5634.317824580351
2029,2,p28,WeRecycleSolar,400274,Arizona Western College PV,AZ,78064.05338785097
2029,2,p28,WeRecycleSolar,400240,Arlington Valley Solar Energy II,AZ,743.0011110707715
2029,2,p28,WeRecycleSolar,400437,Badger 1,AZ,8933.996368158678
2029,2,p28,FabTechSolar,401688,Bonnybrooke PV,AZ,2157.048710189174
2029,2,p28,FabTechSolar,403257,East Line Solar,AZ,1367.7687799631071
2029,2,p28,FabTechSolar,406171,Eleven Mile Solar Center,AZ,702.9683797585394
2029,2,p28,WeRecycleSolar,400349,Foothills Solar Plant Hybrid,AZ,12056.703558158999
2029,2,p28,FabTechSolar,400825,Fort Huachuca Solar PV Project,AZ,12620.825111309088
2029,2,p28,WeRecycleSolar,400845,Gila Bend Hybrid,AZ,2511.418251911006
2029,2,p28,FabTechSolar,400599,"Gilbert Solar Facility I, LLC",AZ,6760.6014988680845
2029,2,p28,FabTechSolar,405282,Intel - Ocotillo Campus Solar,AZ,1943.7521609707949
2029,2,p28,WeRecycleSolar,405125,Jewish Community Center PV,AZ,12682.080757318261
2029,2,p28,WeRecycleSolar,402234,Kayenta Solar Project,AZ,13921.417840851489
2029,2,p28,WeRecycleSolar,400595,Lake Pleasant WTP,AZ,13999.092741871009
2029,2,p28,WeRecycleSolar,400128,Luke Solar,AZ,2845.9139024454585
2029,2,p28,WeRecycleSolar,405068,Macys Goodyear,AZ,9848.90609512598
2029,2,p28,FabTechSolar,404512,Mesa Solar Array,AZ,4473.888856393184
2029,2,p28,WeRecycleSolar,400250,Mesquite Solar 1,AZ,1257.682743931105
2029,2,p28,WeRecycleSolar,401622,"Mesquite Solar 3, LLC",AZ,1380.8332067716044
2029,2,p28,WeRecycleSolar,403572,OE_AZ1,AZ,3238.055182154728
2029,2,p28,WeRecycleSolar,405126,Paradise Valley H.S. PV,AZ,11020.093894367148
2029,2,p28,WeRecycleSolar,405150,Phoenix Airport East Economy Lot,AZ,5183.497997488257
2029,2,p28,WeRecycleSolar,405151,Phoenix Airport Rental Car Center,AZ,1190.5359728625392
2029,2,p28,FabTechSolar,402528,Pinal Central Energy Center Hybrid,AZ,4983.324437513553
2029,2,p28,FabTechSolar,400125,"Poseidon Solar, LLC",AZ,3216.882312141275
2029,2,p28,WeRecycleSolar,400031,Prescott Airport,AZ,43270.53843763687
2029,2,p28,WeRecycleSolar,400401,Prescott Solar Plant,AZ,8722.639214456698
2029,2,p28,FabTechSolar,400323,Queen Creek Solar Farm,AZ,1877.262289564581
2029,2,p28,WeRecycleSolar,400289,"RE Bagdad Solar I, LLC",AZ,10335.79395085952
2029,2,p28,FabTechSolar,400758,Red Horse 2,AZ,6726.341211818488
2029,2,p28,FabTechSolar,401726,Red Rock,AZ,2539.785262740375
2029,2,p28,FabTechSolar,403674,Saint Solar,AZ,895.5475203893293
2029,2,p28,FabTechSolar,401214,Sandstone Solar,AZ,1223.070272431972
2029,2,p28,WeRecycleSolar,405029,Solana Generating Station,AZ,1068.156029007205
2029,2,p28,WeRecycleSolar,406275,Sonoran Solar Energy,AZ,583.2416125080662
2029,2,p28,WeRecycleSolar,403643,Sun Streams 2,AZ,1262.4762635071468
2029,2,p28,WeRecycleSolar,401975,"Sun Streams, LLC",AZ,1231.1806168002101
2029,2,p28,WeRecycleSolar,405311,T0588 Phoenix - AZ,AZ,7088.217171577497
2029,2,p28,FabTechSolar,405134,Union HS at Casa Grande,AZ,44586.218852021004
2029,2,p28,FabTechSolar,405135,Vista Grande HS at Casa Grande,AZ,57853.77991490898
2029,2,p29,FabTechSolar,400014,Springerville,AZ,14423.740666338083
2029,2,p30,FabTechSolar,405143,Actus Lend Lease DMAFB,AZ,25712.55328828296
2029,2,p30,FabTechSolar,405611,Amazon TUS2,AZ,20967.246795958166
2029,2,p30,FabTechSolar,400939,Avalon Solar,AZ,1813.4370322035572
2029,2,p30,FabTechSolar,401479,Avalon Solar II,AZ,5485.899983177536
2029,2,p30,FabTechSolar,400226,Avra Valley Solar,AZ,2566.3049230948473
2029,2,p30,FabTechSolar,404704,Broadway 2 - Tucson Phase II,AZ,14771.513222241532
2029,2,p30,FabTechSolar,401295,Davis Monthan AFB (AZ) West Airfield,AZ,12566.50587371555
2029,2,p30,FabTechSolar,400761,"Gato Montes Solar, LLC",AZ,16778.137439738526
2029,2,p30,FabTechSolar,404536,Iron Horse Battery Storage Hybrid,AZ,41418.5933383975
2029,2,p30,FabTechSolar,405374,Pima Community College,AZ,48365.821388286204
2029,2,p30,FabTechSolar,405516,Pima Community College NW,AZ,50308.09712636327
2029,2,p30,FabTechSolar,400408,Prairie Fire,AZ,18463.613433864022
2029,2,p30,FabTechSolar,400857,Rio Rico Solar,AZ,7671.483169183874
2029,2,p30,FabTechSolar,401076,Tech Park Solar,AZ,16510.44248209517
2029,2,p30,FabTechSolar,400156,UASTP I,AZ,137658.8456445251
2029,2,p30,FabTechSolar,401075,Valencia Solar,AZ,6199.9647735079525
2029,2,p30,FabTechSolar,404187,"Wilmot Energy Center, LLC",AZ,1041.51948461002
2029,2,p31,FabTechSolar,400206,Albuquerque Solar Energy Center,NM,178357.44897010288
2029,2,p31,FabTechSolar,405469,Arroyo Solar Energy Storage Hybrid,NM,1876.8143916565546
2029,2,p31,SolarCycle,402519,Carrizozo Solar,NM,68331.18994354224
2029,2,p31,FabTechSolar,401202,Cibola,NM,56877.821987474585
2029,2,p31,FabTechSolar,402988,City of Gallup Solar,NM,32188.671623353635
2029,2,p31,FabTechSolar,401225,City of Truth or Consequences PV,NM,150888.27971004578
2029,2,p31,FabTechSolar,400209,Deming Solar Energy Center,NM,120840.58729408438
2029,2,p31,FabTechSolar,403868,Encino Solar Energy Center,NM,13021.707555393446
2029,2,p31,FabTechSolar,401038,Eubank Landfill Solar Array,NM,238170.02775019713
2029,2,p31,FabTechSolar,403322,Grants CDEC 2,NM,85251.71513761667
2029,2,p31,FabTechSolar,400216,"Hatch Solar Energy Center I, LLC",NM,58938.40660984081
2029,2,p31,SolarCycle,401617,Holloman Solar Facility,NM,67547.37120569058
2029,2,p31,FabTechSolar,406109,"Jicarilla Solar 1, LLC",NM,29206.360057419497
2029,2,p31,SolarCycle,400427,Kit Carson,NM,669099.1330612613
2029,2,p31,SolarCycle,400434,Los Alamos PV Site,NM,1580702.7887649783
2029,2,p31,FabTechSolar,400207,Los Lunas Solar Energy Center,NM,64557.22828988527
2029,2,p31,FabTechSolar,400838,Macho Springs,NM,11100.458700633306
2029,2,p31,FabTechSolar,400582,Manzano Solar,NM,171278.2253693135
2029,2,p31,SolarCycle,401201,Meadow Lake Solar Energy Center,NM,51247.876057476955
2029,2,p31,SolarCycle,405693,NMSU Solar and Storage,NM,189362.95618765766
2029,2,p31,FabTechSolar,406375,OE_ESCL,NM,6053.304895363155
2029,2,p31,SolarCycle,400581,Otero Solar,NM,44318.9655774133
2029,2,p31,SolarCycle,400146,Questa Solar Facility,NM,1691854.6976064523
2029,2,p31,FabTechSolar,403178,"RC Energy AA, LLC Solar Facility",NM,358899.42508281
2029,2,p31,FabTechSolar,401566,Rio Communities Solar Energy Center,NM,135019.76129599544
2029,2,p31,FabTechSolar,403084,Rio De Oro Solar Energy Center,NM,45541.8023274637
2029,2,p31,FabTechSolar,400624,Rio Rancho High School,NM,710429.7111091397
2029,2,p31,SolarCycle,405458,San Miguel II Solar Energy Center,NM,135879.15686418596
2029,2,p31,FabTechSolar,401161,Sandoval Solar Energy Center,NM,76310.50398958435
2029,2,p31,SolarCycle,401564,Santa Fe Solar Energy Center,NM,52022.628232920266
2029,2,p31,FabTechSolar,401565,Santolina Solar Energy Center,NM,43115.292065949696
2029,2,p31,FabTechSolar,400596,Silver City WWTP PV Project,NM,183865.23552239823
2029,2,p31,FabTechSolar,406343,Sky Ranch Solar,NM,7421.711639779264
2029,2,p31,SolarCycle,400735,Storrie Lake Solar Project,NM,303007.58556933154
2029,2,p31,FabTechSolar,400623,Sue Cleveland High School,NM,716396.9682413121
2029,2,p31,SolarCycle,400343,"SunE EPE1, LLC",NM,103110.96330886015
2029,2,p31,SolarCycle,402854,Syncarpha Eagle Nest,NM,1607051.5370275031
2029,2,p31,SolarCycle,403413,Syncarpha Questa,NM,357530.6115478852
2029,2,p31,SolarCycle,403411,Syncarpha Taos,NM,259712.4774610631
2029,2,p31,SolarCycle,404618,Taos Mesa Energy Facility Hybrid,NM,54535.02986947403
2029,2,p31,FabTechSolar,403011,Vista Solar Energy Center,NM,27715.36954722833
2029,2,p31,SolarCycle,400354,WSMR I,NM,116943.52709938248
2029,2,p47,SolarCycle,400979,"Caprock Solar 1, LLC",NM,36214.257649789426
2029,2,p47,SolarCycle,404980,Chaves County Solar II,NM,7475.380062618048
2029,2,p47,SolarCycle,401681,"Chaves Solar, LLC",NM,4968.624047292466
2029,2,p47,SolarCycle,400614,GSE NM1,NM,114488.40264064985
2029,2,p47,SolarCycle,400546,SEV NM Phase 2,NM,457709.7842992085
2029,2,p47,SolarCycle,400260,SPS1 Dollarhide,NM,2346.9853787747593
2029,2,p47,SolarCycle,400261,SPS2 Jal,NM,4608.0015540961485
2029,2,p47,SolarCycle,400262,SPS3 Lea,NM,15807.444545683351
2029,2,p47,SolarCycle,400264,SPS5 Hopi,NM,23057.96859775998
2029,2,p47,SolarCycle,404698,SoCore Clovis 1,NM,180895.57705526668
2029,2,p48,SolarCycle,406439,"BESSP1, LLC",TX,4888.7871899096335
2029,2,p48,SolarCycle,405590,"Hecate Energy Frye Solar, LLC",TX,694.7091576131128
2029,2,p57,OkonRecycling,404918,"Hecate Energy Upshur Rural, LLC",TX,7923.843238100193
2029,2,p59,SolarCycle,402666,Fort Bliss (DEA EPIC),TX,66779.6139707722
2029,2,p59,SolarCycle,401616,Montana Solar Facility,TX,42913.62023791408
2029,2,p60,SolarCycle,403962,"ANSON Solar Center, LLC",TX,3044.8348259984427
2029,2,p60,OkonRecycling,403883,Azure Sky Solar,TX,1625.641989987881
2029,2,p60,SolarCycle,403232,"ENGIE Long Draw Solar, LLC",TX,781.201557978582
2029,2,p60,SolarCycle,406252,Highpeak Solar 1,TX,26727.09970001775
2029,2,p60,SolarCycle,402721,Holstein 1 Solar Farm,TX,1470.3108895041978
2029,2,p60,SolarCycle,405492,Juno Solar Project,TX,615.8321340812535
2029,2,p60,SolarCycle,402541,Lamesa II,TX,1877.4243663907073
2029,2,p60,SolarCycle,401660,Lamesa Solar,TX,1487.9583105103702
2029,2,p60,SolarCycle,405932,Lumina II Solar Project,TX,806.6986695074664
2029,2,p60,SolarCycle,405933,Lumina Solar Project,TX,778.5531816627325
2029,2,p60,SolarCycle,402909,Misae Solar,TX,1926.390716114198
2029,2,p60,OkonRecycling,400968,"OCI Alamo 7, LLC",TX,2989.6514984711152
2029,2,p60,SolarCycle,405939,Texas Solar Nova 1,TX,981.1637907103185
2029,2,p61,SolarCycle,400967,Alamo 6,TX,793.207817206601
2029,2,p61,SolarCycle,403557,Aragorn Solar Project,TX,897.9629940436862
2029,2,p61,SolarCycle,400691,Barilla Solar,TX,1435.7932896802272
2029,2,p61,SolarCycle,401946,Bluebell Solar,TX,2600.618578619847
2029,2,p61,SolarCycle,403574,Bluebell Solar II,TX,780.4594340594228
2029,2,p61,SolarCycle,400554,"Bryan Solar, LLC",TX,28851.246825036294
2029,2,p61,SolarCycle,401463,Buckthorn Westex,TX,541.7636664629183
2029,2,p61,SolarCycle,401703,East Pecos Solar,TX,1111.5745795431544
2029,2,p61,SolarCycle,405363,Galloway 1 Solar Farm,TX,694.2397652197357
2029,2,p61,SolarCycle,405494,Galloway 2 Solar Farm,TX,1386.9481680970791
2029,2,p61,SolarCycle,403210,Greasewood,TX,561.2880676582992
2029,2,p61,SolarCycle,406370,Hayhurst Texas Solar,TX,6353.146202170537
2029,2,p61,SolarCycle,402304,Midway Solar-TX,TX,519.3752217760067
2029,2,p61,SolarCycle,400695,"OCI Alamo 4, LLC",TX,2992.3514172575756
2029,2,p61,SolarCycle,401868,Pearl Solar,TX,2088.4569928615956
2029,2,p61,SolarCycle,402290,RE Maplewood,TX,517.0835447435218
2029,2,p61,SolarCycle,401430,RE Roserock,TX,780.6805096711203
2029,2,p61,SolarCycle,402848,Rambler,TX,655.1289428391495
2029,2,p61,SolarCycle,402083,Solaire Holman Solar Project,TX,3803.8442681509164
2029,2,p61,SolarCycle,403023,"Taygete Energy Project, LLC",TX,550.1172612860487
2029,2,p61,SolarCycle,404647,Taygete II Energy Project,TX,554.5923513728615
2029,2,p61,SolarCycle,403551,Titan Solar Project,TX,631.3290531188582
2029,2,p61,SolarCycle,406103,Zier Solar,TX,1347.7854140612953
2029,2,p62,SolarCycle,403502,2W Permian Solar Project Hybrid,TX,436.99716954813124
2029,2,p62,SolarCycle,403697,CED Crane Solar,TX,996.419066128826
2029,2,p62,SolarCycle,401525,Castle Gap Solar Hybrid,TX,501.16425222866155
2029,2,p62,SolarCycle,404599,Emerald Grove,TX,755.6024912945857
2029,2,p62,SolarCycle,403004,Lapetus,TX,913.8650553604359
2029,2,p62,SolarCycle,403280,Oberon IA,TX,479.5496525334124
2029,2,p62,SolarCycle,403279,Oberon IB,TX,802.2190572119335
2029,2,p62,SolarCycle,403602,Oxy Renewable Energy-Goldsmith,TX,1230.994070478608
2029,2,p62,SolarCycle,402679,Phoebe Solar,TX,465.0116236883513
2029,2,p62,SolarCycle,403177,Prospero Solar,TX,479.09989788981113
2029,2,p62,SolarCycle,404128,Prospero Solar II,TX,776.9773397878533
2029,2,p62,SolarCycle,403070,"Roadrunner, LLC",TX,481.2990307189566
2029,2,p62,SolarCycle,401805,Upton County Solar,TX,596.3561797177952
2029,2,p62,SolarCycle,402995,West of the Pecos Solar,TX,729.2039296287035
2029,2,p63,OkonRecycling,405599,"BPL Crown Solar, LLC",TX,1982.735747321809
2029,2,p63,OkonRecycling,404966,BPL Files Solar,TX,541.6452755465781
2029,2,p63,OkonRecycling,403825,Briar Creek Solar 1,TX,815.7752071736861
2029,2,p63,OkonRecycling,402610,Chisum,TX,31780.95203433653
2029,2,p63,OkonRecycling,401697,CoServ Community Solar Station,TX,27877.45661906467
2029,2,p63,OkonRecycling,403188,Coniglio Solar,TX,783.7175694583964
2029,2,p63,OkonRecycling,406415,Dileo Solar,TX,2144.8030385159846
2029,2,p63,OkonRecycling,402655,Eddy II,TX,33378.201953567695
2029,2,p63,OkonRecycling,406221,Eiffel Solar Project,TX,807.6546675043832
2029,2,p63,OkonRecycling,405540,"Ellis Solar, LLC",TX,898.6554015539238
2029,2,p63,OkonRecycling,403823,Elm Branch Solar 1,TX,619.7457943879552
2029,2,p63,OkonRecycling,406206,Five Wells Solar Center - Hybrid,TX,944.3937298551064
2029,2,p63,OkonRecycling,404567,G.S.E. One LLC,TX,982.2986962744477
2029,2,p63,OkonRecycling,403288,Griffin Solar,TX,29111.160238354278
2029,2,p63,OkonRecycling,406202,Grizzly Ridge Solar,TX,1531.5822452937261
2029,2,p63,OkonRecycling,402329,Highway 56 Solar,TX,4660.352747952471
2029,2,p63,OkonRecycling,405319,IKEA Grand Prairie Rooftop PV System,TX,4376.582732112907
2029,2,p63,OkonRecycling,405689,"IP Radian, LLC",TX,1188.8298983238278
2029,2,p63,OkonRecycling,403481,Impact Solar 1,TX,701.561707074989
2029,2,p63,OkonRecycling,403190,Kellam Solar,TX,1562.381192837359
2029,2,p63,OkonRecycling,402421,Leon Solar,TX,6971.388527188274
2029,2,p63,OkonRecycling,403874,Lily Solar Hybrid,TX,699.6541292859521
2029,2,p63,OkonRecycling,402404,Marlin Solar,TX,15541.277166563868
2029,2,p63,OkonRecycling,405794,Noble Solar,TX,581.8925237490296
2029,2,p63,OkonRecycling,402405,North Gainesville Solar,TX,5162.201602761296
2029,2,p63,OkonRecycling,401933,Phantom Solar,TX,26659.0853647229
2029,2,p63,OkonRecycling,404872,"Pisgah Ridge Solar, LLC",TX,804.2671316596558
2029,2,p63,OkonRecycling,406416,Pitts Dudik Solar,TX,2326.229918340399
2029,2,p63,OkonRecycling,403189,Rippey Solar,TX,3392.755186317151
2029,2,p63,OkonRecycling,404630,"Samson Solar Energy III, LLC",TX,644.9553164759757
2029,2,p63,OkonRecycling,402652,Sterling Solar (TX),TX,7467.502141235661
2029,2,p63,OkonRecycling,404812,Sun Valley Solar Project,TX,804.924584340301
2029,2,p63,OkonRecycling,404388,"TPE Erath Solar, LLC",TX,5052.656210356353
2029,2,p63,OkonRecycling,403457,"TPE Whitney Solar, LLC",TX,10577.272209949304
2029,2,p63,OkonRecycling,405361,Toyota HQ Plan,TX,1348.1091854100025
2029,2,p63,OkonRecycling,405907,Verizon Hidden Ridge Solar Project,TX,1677.5143252113523
2029,2,p63,OkonRecycling,405984,Waco Solar,TX,591.8820841198731
2029,2,p63,OkonRecycling,402306,Walnut Springs Solar,TX,23339.84551721553
2029,2,p63,OkonRecycling,402497,West Moore Solar II,TX,12621.317389298838
2029,2,p63,OkonRecycling,402331,Whitesboro Solar II,TX,36798.34974361004
2029,2,p63,OkonRecycling,402414,Whitewright Solar,TX,17742.74742260222
2029,2,p63,OkonRecycling,402654,Yellow Jacket,TX,47850.06564977942
2029,2,p64,OkonRecycling,405731,Austin TX GigaFactory,TX,100040.23801795891
2029,2,p64,OkonRecycling,404721,"Blue Jay Solar I, LLC",TX,767.4179037584289
2029,2,p64,OkonRecycling,402389,"E-Volve Energy Holdings, LLC",TX,69237.40314478129
2029,2,p64,OkonRecycling,400227,East Blackland Solar Project 1,TX,1597.6772827947805
2029,2,p64,OkonRecycling,405101,IKEA Round Rock 027,TX,119879.99449723678
2029,2,p64,OkonRecycling,405613,Niagara Bottling - Seguin,TX,97747.36589064322
2029,2,p65,OkonRecycling,405700,Aktina Solar,TX,5618.308110307897
2029,2,p65,OkonRecycling,405477,Brightside,TX,21089.335285118705
2029,2,p65,OkonRecycling,401728,CPS 1 Community Solar,TX,2570227.3220370444
2029,2,p65,OkonRecycling,402656,Cascade Solar (TX),TX,86235.7594338304
2029,2,p65,OkonRecycling,404359,FELPS 1-Calaveras,TX,889822.1365430516
2029,2,p65,OkonRecycling,404361,FELPS 2-Calaveras,TX,2668605.070601708
2029,2,p65,OkonRecycling,404739,FELPS 6- Floresville West,TX,1358366.0076340793
2029,2,p65,OkonRecycling,404740,FELPS 7- Floresville West,TX,905418.2931938774
2029,2,p65,OkonRecycling,406516,Ganado Solar,TX,6165.829311172403
2029,2,p65,SolarCycle,405801,Horizon Solar,TX,14714.887988324848
2029,2,p65,OkonRecycling,405380,IKEA Live Oak Rooftop PV System,TX,1445703.5312724425
2029,2,p65,SolarCycle,403343,Mars Solar,TX,191119.2555946313
2029,2,p65,OkonRecycling,404877,Nebula Solar,TX,35758.23442957916
2029,2,p65,OkonRecycling,400694,"OCI Alamo 2, LLC",TX,286752.4463345823
2029,2,p65,OkonRecycling,400965,"OCI Alamo 3, LLC",TX,114293.03060246921
2029,2,p65,SolarCycle,400966,"OCI Alamo 5, LLC",TX,13398.230656150405
2029,2,p65,OkonRecycling,400593,OCI Alamo Solar I Hybrid,TX,66139.55177296967
2029,2,p65,SolarCycle,405809,Shakes Solar,TX,3215.737430095828
2029,2,p65,OkonRecycling,405545,Sparta Solar,TX,3467.378955574527
2029,2,p65,OkonRecycling,400379,"SunE CPS1, LLC",TX,68313.13921154906
2029,2,p65,OkonRecycling,400364,"SunE CPS2, LLC",TX,272794.3329943314
2029,2,p65,OkonRecycling,406032,Tres Bahias,TX,5325.0038677003595
2029,2,p66,OkonRecycling,406386,Umbriel Solar,TX,10271.931127002325
2029,2,p67,OkonRecycling,404939,Brazoria County Solar Project (Danciger),TX,1859.5297094626546
2029,2,p67,OkonRecycling,404681,Brazoria West,TX,4846.713702595346
2029,2,p67,OkonRecycling,402649,Bronson,TX,80154.07072848502
2029,2,p67,OkonRecycling,406178,"Cutlass Solar 1, LLC",TX,4177.742174680919
2029,2,p67,OkonRecycling,404587,Fighting Jays Solar Project,TX,2274.547039240324
2029,2,p67,OkonRecycling,405564,"Fort Bend Solar, LLC",TX,3715.005500465637
2029,2,p67,OkonRecycling,403514,Wagyu,TX,2850.7067161660784
2029,3,p12,ComstockMetals,402144,Battle Mountain Solar Project,NV,2775.364255538002
2029,3,p12,ComstockMetals,405025,Brady,NV,974.1009438931712
2029,3,p12,ComstockMetals,405553,Dodge Flat,NV,437.6090019368306
2029,3,p12,ComstockMetals,402609,"EGP Stillwater Solar PV II, LLC",NV,1907.1442411626174
2029,3,p12,ComstockMetals,404659,Fish Springs,NV,1397.9558991303225
2029,3,p12,ComstockMetals,401086,Ft. Churchill PV,NV,1321.3507003585878
2029,3,p12,ComstockMetals,405028,Galena 2 Geothermal Power Plant,NV,1962.4792487814088
2029,3,p12,ComstockMetals,402130,Luning Energy,NV,1736.7263796686927
2029,3,p12,ComstockMetals,400468,"Patua Acquisition Project, LLC",NV,1171.103896558735
2029,3,p12,ComstockMetals,405021,Steamboat Hills LP,NV,2756.914892352509
2029,3,p12,ComstockMetals,405023,Steamboat II,NV,1312.05591478552
2029,3,p12,ComstockMetals,405024,Steamboat III,NV,1318.8059074092612
2029,3,p12,ComstockMetals,400029,Stillwater Facility,NV,1792.4019160725547
2029,3,p12,ComstockMetals,401318,Sunshine Valley Solar,NV,1758.7092477194149
2029,3,p12,ComstockMetals,405576,Tesla Reno GigaFactory,NV,903.6104258704078
2029,3,p12,ComstockMetals,403308,Turquoise Liberty Solar,NV,1463.290956159804
2029,3,p12,ComstockMetals,403884,"Turquoise Nevada, LLC",NV,998.3167518494726
2029,3,p12,ComstockMetals,400035,Western 102 Power Plant,NV,3719.035393449233
2029,3,p13,WeRecycleSolar,400555,Apex Solar PV Power Project,NV,20440.641304929683
2029,3,p13,WeRecycleSolar,405385,Arrow Canyon Solar Hybrid,NV,979.6377228956134
2029,3,p13,WeRecycleSolar,401649,"Boulder Solar Power, LLC",NV,3982.070380308894
2029,3,p13,WeRecycleSolar,400086,CM48,NV,5332.702215746585
2029,3,p13,WeRecycleSolar,400363,Copper Mountain Solar 2,NV,2701.1532293526293
2029,3,p13,WeRecycleSolar,400802,Copper Mountain Solar 3,NV,3231.6172569387218
2029,3,p13,WeRecycleSolar,403688,"Copper Mountain Solar 5, LLC",NV,3230.3252077791913
2029,3,p13,WeRecycleSolar,405355,Dignity - Siena Campus,NV,180929.3387510498
2029,3,p13,WeRecycleSolar,405556,Dry Lake Solar Energy Center,NV,1732.1678776628958
2029,3,p13,WeRecycleSolar,405495,Gemini Solar,NV,781.4209069955946
2029,3,p13,WeRecycleSolar,403386,"Harry Allen Solar Energy, LLC",NV,4413.0103876225685
2029,3,p13,WeRecycleSolar,406090,IGS LAS1,NV,252730.07717171003
2029,3,p13,WeRecycleSolar,406089,IGS VGT,NV,264110.7015008515
2029,3,p13,WeRecycleSolar,405309,IKEA Las Vegas 462,NV,263142.69032768585
2029,3,p13,WeRecycleSolar,400545,Las Vegas WPCF Solar Plant,NV,46980.15351002796
2029,3,p13,WeRecycleSolar,400600,Mountain View Solar,NV,20383.1352593846
2029,3,p13,WeRecycleSolar,400036,Nellis Air Force Base Solar Array,NV,33318.61194036344
2029,3,p13,WeRecycleSolar,401274,River Mountains Solar,NV,51792.27957780678
2029,3,p13,WeRecycleSolar,401042,Searchlight Solar,NV,38181.103796314375
2029,3,p13,WeRecycleSolar,400166,Silver State Solar Power North,NV,14546.05568050257
2029,3,p13,WeRecycleSolar,400658,Silver State Solar Power South,NV,3330.55816565039
2029,3,p13,WeRecycleSolar,405246,"Solar Las Vegas MB 2, LLC",NV,259717.0602364963
2029,3,p13,WeRecycleSolar,405188,Solar Las Vegas MB-1,NV,79833.19876301696
2029,3,p13,WeRecycleSolar,402485,"Techren Solar I, LLC",NV,7580.348354930013
2029,3,p13,WeRecycleSolar,402691,"Techren Solar III, LLC",NV,9958.537248900606
2029,3,p13,WeRecycleSolar,401851,Townsite Solar Project Hybrid,NV,4910.576454574223
2029,3,p13,WeRecycleSolar,406448,Yellow Pine II,NV,14670.68207775734
2029,3,p13,WeRecycleSolar,404971,Yellow Pine Solar,NV,4941.19539050196
2029,3,p27,WeRecycleSolar,400374,"Black Mountain Solar, LLC",AZ,3628.724511937232
2029,3,p27,WeRecycleSolar,402236,Gray Hawk Solar,AZ,1715.4196936013598
2029,3,p27,WeRecycleSolar,401819,Jacobson 5 MW Solar,AZ,14257.513397498227
2029,3,p27,WeRecycleSolar,401311,Mohave Electric at Fort Mohave,AZ,14890.62123092948
2029,3,p28,WeRecycleSolar,405418,AZ State University - Tempe Campus Solar,AZ,10868.635649160702
2029,3,p28,WeRecycleSolar,400274,Arizona Western College PV,AZ,39232.02669392549
2029,3,p28,WeRecycleSolar,400240,Arlington Valley Solar Energy II,AZ,914.5016666061572
2029,3,p28,WeRecycleSolar,400437,Badger 1,AZ,8933.996368158678
2029,3,p28,FabTechSolar,401688,Bonnybrooke PV,AZ,2157.048710189174
2029,3,p28,WeRecycleSolar,400371,Buckeye Union HS District 201,AZ,26386.679598496015
2029,3,p28,FabTechSolar,403257,East Line Solar,AZ,1367.7687799631071
2029,3,p28,FabTechSolar,406171,Eleven Mile Solar Center,AZ,702.9683797585394
2029,3,p28,WeRecycleSolar,400349,Foothills Solar Plant Hybrid,AZ,12056.703558158999
2029,3,p28,FabTechSolar,400825,Fort Huachuca Solar PV Project,AZ,5288.330044523636
2029,3,p28,WeRecycleSolar,400845,Gila Bend Hybrid,AZ,1807.6121679406704
2029,3,p28,FabTechSolar,400599,"Gilbert Solar Facility I, LLC",AZ,3580.3007494340436
2029,3,p28,FabTechSolar,405282,Intel - Ocotillo Campus Solar,AZ,2715.628241456192
2029,3,p28,WeRecycleSolar,405125,Jewish Community Center PV,AZ,12682.080757318261
2029,3,p28,WeRecycleSolar,402234,Kayenta Solar Project,AZ,4907.139280283828
2029,3,p28,WeRecycleSolar,400595,Lake Pleasant WTP,AZ,13999.092741871009
2029,3,p28,WeRecycleSolar,400128,Luke Solar,AZ,2845.9139024454585
2029,3,p28,WeRecycleSolar,405068,Macys Goodyear,AZ,19297.812190251956
2029,3,p28,FabTechSolar,404512,Mesa Solar Array,AZ,2436.944428196592
2029,3,p28,WeRecycleSolar,400250,Mesquite Solar 1,AZ,614.4206859827764
2029,3,p28,WeRecycleSolar,401622,"Mesquite Solar 3, LLC",AZ,645.208301692901
2029,3,p28,WeRecycleSolar,403572,OE_AZ1,AZ,4657.08277323209
2029,3,p28,WeRecycleSolar,405126,Paradise Valley H.S. PV,AZ,32260.281683101446
2029,3,p28,WeRecycleSolar,405150,Phoenix Airport East Economy Lot,AZ,5183.497997488257
2029,3,p28,WeRecycleSolar,405151,Phoenix Airport Rental Car Center,AZ,1717.5599547708985
2029,3,p28,FabTechSolar,402528,Pinal Central Energy Center Hybrid,AZ,4983.324437513553
2029,3,p28,FabTechSolar,400125,"Poseidon Solar, LLC",AZ,3216.882312141275
2029,3,p28,WeRecycleSolar,400031,Prescott Airport,AZ,43270.53843763687
2029,3,p28,WeRecycleSolar,400401,Prescott Solar Plant,AZ,8722.639214456698
2029,3,p28,FabTechSolar,400323,Queen Creek Solar Farm,AZ,1877.262289564581
2029,3,p28,FabTechSolar,400758,Red Horse 2,AZ,6726.341211818488
2029,3,p28,FabTechSolar,401609,Red Horse III,AZ,11968.79874142409
2029,3,p28,FabTechSolar,401726,Red Rock,AZ,2539.785262740375
2029,3,p28,WeRecycleSolar,400416,Saddle Mountain Solar I,AZ,6724.983755882506
2029,3,p28,FabTechSolar,403674,Saint Solar,AZ,895.5475203893293
2029,3,p28,FabTechSolar,401214,Sandstone Solar,AZ,1223.070272431972
2029,3,p28,WeRecycleSolar,405029,Solana Generating Station,AZ,1068.156029007205
2029,3,p28,WeRecycleSolar,406275,Sonoran Solar Energy,AZ,583.2416125080662
2029,3,p28,WeRecycleSolar,403643,Sun Streams 2,AZ,831.2381317535732
2029,3,p28,WeRecycleSolar,401975,"Sun Streams, LLC",AZ,815.590308400105
2029,3,p28,FabTechSolar,405134,Union HS at Casa Grande,AZ,15128.739617340336
2029,3,p28,FabTechSolar,405135,Vista Grande HS at Casa Grande,AZ,19551.259971636326
2029,3,p28,FabTechSolar,400334,Walmart Casa Grande,AZ,42554.43540945832
2029,3,p29,FabTechSolar,400014,Springerville,AZ,5074.580222112693
2029,3,p30,FabTechSolar,405143,Actus Lend Lease DMAFB,AZ,25712.55328828296
2029,3,p30,FabTechSolar,400939,Avalon Solar,AZ,2284.5827096047437
2029,3,p30,FabTechSolar,401479,Avalon Solar II,AZ,5485.899983177536
2029,3,p30,FabTechSolar,400226,Avra Valley Solar,AZ,4732.609846189694
2029,3,p30,FabTechSolar,404704,Broadway 2 - Tucson Phase II,AZ,21957.2698333623
2029,3,p30,FabTechSolar,401295,Davis Monthan AFB (AZ) West Airfield,AZ,12566.50587371555
2029,3,p30,FabTechSolar,400761,"Gato Montes Solar, LLC",AZ,33156.274879477045
2029,3,p30,FabTechSolar,400552,"Picture Rocks Solar, LLC",AZ,3319.645809655461
2029,3,p30,FabTechSolar,405374,Pima Community College,AZ,144297.4641648586
2029,3,p30,FabTechSolar,405303,Pima Community College - East Campus,AZ,116416.92284922842
2029,3,p30,FabTechSolar,405516,Pima Community College NW,AZ,33672.064750908845
2029,3,p30,FabTechSolar,404926,Raptor Ridge,AZ,6670.628664402374
2029,3,p30,FabTechSolar,400857,Rio Rico Solar,AZ,36757.41584591937
2029,3,p30,FabTechSolar,401076,Tech Park Solar,AZ,11140.294988063446
2029,3,p30,FabTechSolar,401075,Valencia Solar,AZ,17799.894320523857
2029,3,p30,FabTechSolar,404187,"Wilmot Energy Center, LLC",AZ,1041.51948461002
2029,3,p31,SolarCycle,400211,Alamogordo Solar Energy Center,NM,67354.86356689008
2029,3,p31,SolarCycle,403675,Alcalde Solar Array,NM,166060.6894101611
2029,3,p31,FabTechSolar,405469,Arroyo Solar Energy Storage Hybrid,NM,1507.610793742416
2029,3,p31,FabTechSolar,403321,Bluewater CDEC 1,NM,236251.5298887493
2029,3,p31,SolarCycle,402876,CNMEC Solar Energy Center,NM,216286.00941019077
2029,3,p31,SolarCycle,402519,Carrizozo Solar,NM,113618.64990590372
2029,3,p31,FabTechSolar,401202,Cibola,NM,169833.46596242377
2029,3,p31,FabTechSolar,402988,City of Gallup Solar,NM,127554.68649341459
2029,3,p31,FabTechSolar,403604,City of Rio Rancho WWTP,NM,382862.76713099796
2029,3,p31,FabTechSolar,401225,City of Truth or Consequences PV,NM,301376.5594200916
2029,3,p31,FabTechSolar,400209,Deming Solar Energy Center,NM,120840.58729408438
2029,3,p31,FabTechSolar,403868,Encino Solar Energy Center,NM,25643.415110786886
2029,3,p31,FabTechSolar,401038,Eubank Landfill Solar Array,NM,357055.0416252958
2029,3,p31,FabTechSolar,402442,Facebook 2 Solar Energy Center,NM,45475.88021260651
2029,3,p31,FabTechSolar,402443,Facebook 3 Solar Energy Center,NM,67995.08705842815
2029,3,p31,FabTechSolar,403322,Grants CDEC 2,NM,254955.14541285002
2029,3,p31,FabTechSolar,400216,"Hatch Solar Energy Center I, LLC",NM,234553.6264393632
2029,3,p31,SolarCycle,401617,Holloman Solar Facility,NM,50760.52840426791
2029,3,p31,SolarCycle,400427,Kit Carson,NM,1337798.2661225228
2029,3,p31,SolarCycle,400210,Las Vegas Solar Energy Center,NM,91156.38927500499
2029,3,p31,SolarCycle,400434,Los Alamos PV Site,NM,1580702.7887649783
2029,3,p31,FabTechSolar,400838,Macho Springs,NM,11100.458700633306
2029,3,p31,FabTechSolar,400582,Manzano Solar,NM,85839.11268465673
2029,3,p31,SolarCycle,401201,Meadow Lake Solar Energy Center,NM,76671.81408621543
2029,3,p31,SolarCycle,405693,NMSU Solar and Storage,NM,189362.95618765766
2029,3,p31,SolarCycle,400581,Otero Solar,NM,33339.22418305997
2029,3,p31,SolarCycle,400146,Questa Solar Facility,NM,846127.3488032261
2029,3,p31,FabTechSolar,403178,"RC Energy AA, LLC Solar Facility",NM,1434397.70033124
2029,3,p31,FabTechSolar,401566,Rio Communities Solar Energy Center,NM,45273.25376533182
2029,3,p31,FabTechSolar,403084,Rio De Oro Solar Energy Center,NM,68112.70349119553
2029,3,p31,FabTechSolar,400624,Rio Rancho High School,NM,1420459.422218279
2029,3,p31,FabTechSolar,404648,"Route 66 Energy Center, LLC",NM,5186.639467964868
2029,3,p31,SolarCycle,403387,San Miguel I Solar Energy Center,NM,68111.77493640143
2029,3,p31,SolarCycle,405458,San Miguel II Solar Energy Center,NM,135879.15686418596
2029,3,p31,FabTechSolar,401161,Sandoval Solar Energy Center,NM,114265.75598437655
2029,3,p31,SolarCycle,401564,Santa Fe Solar Energy Center,NM,155267.88469876084
2029,3,p31,FabTechSolar,401565,Santolina Solar Energy Center,NM,128545.87619784911
2029,3,p31,FabTechSolar,400596,Silver City WWTP PV Project,NM,459063.0888059956
2029,3,p31,FabTechSolar,406343,Sky Ranch Solar,NM,7421.711639779264
2029,3,p31,FabTechSolar,401563,South Valley Solar Energy Center,NM,69049.9458022788
2029,3,p31,SolarCycle,401162,Springer Solar 1,NM,554088.699682495
2029,3,p31,SolarCycle,400735,Storrie Lake Solar Project,NM,303007.58556933154
2029,3,p31,FabTechSolar,400623,Sue Cleveland High School,NM,716396.9682413121
2029,3,p31,SolarCycle,400343,"SunE EPE1, LLC",NM,34636.98776962006
2029,3,p31,SolarCycle,402854,Syncarpha Eagle Nest,NM,1607051.5370275031
2029,3,p31,SolarCycle,403412,Syncarpha El Rito,NM,348466.2991519255
2029,3,p31,SolarCycle,403413,Syncarpha Questa,NM,536095.9173218277
2029,3,p31,FabTechSolar,403011,Vista Solar Energy Center,NM,68688.42386807081
2029,3,p31,FabTechSolar,405245,Wal-Mart Truth or Consequences PV,NM,1153869.1366481832
2029,3,p47,SolarCycle,400979,"Caprock Solar 1, LLC",NM,36214.257649789426
2029,3,p47,SolarCycle,404980,Chaves County Solar II,NM,21626.140187854144
2029,3,p47,SolarCycle,401681,"Chaves Solar, LLC",NM,9537.248094584927
2029,3,p47,SolarCycle,400614,GSE NM1,NM,171532.60396097478
2029,3,p47,SolarCycle,400546,SEV NM Phase 2,NM,152836.59476640285
2029,3,p47,SolarCycle,400260,SPS1 Dollarhide,NM,2346.9853787747593
2029,3,p47,SolarCycle,400261,SPS2 Jal,NM,21440.007770480745
2029,3,p47,SolarCycle,400262,SPS3 Lea,NM,8103.722272841674
2029,3,p47,SolarCycle,400264,SPS5 Hopi,NM,15505.312398506656
2029,3,p47,SolarCycle,404698,SoCore Clovis 1,NM,361391.15411053336
2029,3,p48,SolarCycle,406439,"BESSP1, LLC",TX,9377.574379819269
2029,3,p48,SolarCycle,405590,"Hecate Energy Frye Solar, LLC",TX,694.7091576131128
2029,3,p57,OkonRecycling,404918,"Hecate Energy Upshur Rural, LLC",TX,10431.790984133591
2029,3,p59,SolarCycle,401616,Montana Solar Facility,TX,17405.44809516563
2029,3,p59,SolarCycle,401045,Newman Solar,TX,13337.515739724511
2029,3,p60,SolarCycle,403962,"ANSON Solar Center, LLC",TX,3044.8348259984427
2029,3,p60,OkonRecycling,403883,Azure Sky Solar,TX,2851.283979975762
2029,3,p60,SolarCycle,403232,"ENGIE Long Draw Solar, LLC",TX,685.9011684839363
2029,3,p60,SolarCycle,406252,Highpeak Solar 1,TX,9175.699900005915
2029,3,p60,SolarCycle,402721,Holstein 1 Solar Farm,TX,1113.5405930027985
2029,3,p60,SolarCycle,405492,Juno Solar Project,TX,615.8321340812535
2029,3,p60,SolarCycle,402541,Lamesa II,TX,1877.4243663907073
2029,3,p60,SolarCycle,401660,Lamesa Solar,TX,1487.9583105103702
2029,3,p60,SolarCycle,405932,Lumina II Solar Project,TX,1010.0480042611995
2029,3,p60,SolarCycle,405933,Lumina Solar Project,TX,967.8297724940987
2029,3,p60,SolarCycle,402909,Misae Solar,TX,1926.390716114198
2029,3,p60,OkonRecycling,400968,"OCI Alamo 7, LLC",TX,5579.302996942231
2029,3,p60,SolarCycle,405939,Texas Solar Nova 1,TX,981.1637907103185
2029,3,p61,SolarCycle,400967,Alamo 6,TX,793.207817206601
2029,3,p61,SolarCycle,403557,Aragorn Solar Project,TX,897.9629940436862
2029,3,p61,SolarCycle,400691,Barilla Solar,TX,1435.7932896802272
2029,3,p61,SolarCycle,401946,Bluebell Solar,TX,2600.618578619847
2029,3,p61,SolarCycle,403574,Bluebell Solar II,TX,780.4594340594228
2029,3,p61,SolarCycle,400554,"Bryan Solar, LLC",TX,14625.623412518149
2029,3,p61,SolarCycle,401463,Buckthorn Westex,TX,967.054665851673
2029,3,p61,SolarCycle,401703,East Pecos Solar,TX,1111.5745795431544
2029,3,p61,SolarCycle,405363,Galloway 1 Solar Farm,TX,694.2397652197357
2029,3,p61,SolarCycle,405494,Galloway 2 Solar Farm,TX,1386.9481680970791
2029,3,p61,SolarCycle,403210,Greasewood,TX,561.2880676582992
2029,3,p61,SolarCycle,406370,Hayhurst Texas Solar,TX,6353.146202170537
2029,3,p61,SolarCycle,402304,Midway Solar-TX,TX,519.3752217760067
2029,3,p61,SolarCycle,400695,"OCI Alamo 4, LLC",TX,4288.527125886364
2029,3,p61,SolarCycle,401868,Pearl Solar,TX,2088.4569928615956
2029,3,p61,SolarCycle,402290,RE Maplewood,TX,540.5002536922261
2029,3,p61,SolarCycle,401430,RE Roserock,TX,653.7870064474138
2029,3,p61,SolarCycle,402848,Rambler,TX,655.1289428391495
2029,3,p61,SolarCycle,402083,Solaire Holman Solar Project,TX,2101.9221340754584
2029,3,p61,SolarCycle,403023,"Taygete Energy Project, LLC",TX,550.1172612860487
2029,3,p61,SolarCycle,404647,Taygete II Energy Project,TX,554.5923513728615
2029,3,p61,SolarCycle,403551,Titan Solar Project,TX,746.9935796782871
2029,3,p61,SolarCycle,406103,Zier Solar,TX,1347.7854140612953
2029,3,p62,SolarCycle,403502,2W Permian Solar Project Hybrid,TX,436.99716954813124
2029,3,p62,SolarCycle,403697,CED Crane Solar,TX,996.419066128826
2029,3,p62,SolarCycle,401525,Castle Gap Solar Hybrid,TX,526.4553152858269
2029,3,p62,SolarCycle,404599,Emerald Grove,TX,755.6024912945857
2029,3,p62,SolarCycle,403004,Lapetus,TX,656.932527680218
2029,3,p62,SolarCycle,403280,Oberon IA,TX,479.5496525334124
2029,3,p62,SolarCycle,403279,Oberon IB,TX,802.2190572119335
2029,3,p62,SolarCycle,403602,Oxy Renewable Energy-Goldsmith,TX,1230.994070478608
2029,3,p62,SolarCycle,402679,Phoebe Solar,TX,465.0116236883513
2029,3,p62,SolarCycle,403177,Prospero Solar,TX,479.09989788981113
2029,3,p62,SolarCycle,404128,Prospero Solar II,TX,776.9773397878533
2029,3,p62,SolarCycle,403070,"Roadrunner, LLC",TX,497.5588368627478
2029,3,p62,SolarCycle,401805,Upton County Solar,TX,694.5342695766929
2029,3,p62,SolarCycle,402995,West of the Pecos Solar,TX,729.2039296287035
2029,3,p63,OkonRecycling,405599,"BPL Crown Solar, LLC",TX,1982.735747321809
2029,3,p63,OkonRecycling,404966,BPL Files Solar,TX,521.4102361827812
2029,3,p63,OkonRecycling,403825,Briar Creek Solar 1,TX,815.7752071736861
2029,3,p63,OkonRecycling,402610,Chisum,TX,31780.95203433653
2029,3,p63,OkonRecycling,401697,CoServ Community Solar Station,TX,27877.45661906467
2029,3,p63,OkonRecycling,403188,Coniglio Solar,TX,783.7175694583964
2029,3,p63,OkonRecycling,406415,Dileo Solar,TX,2144.8030385159846
2029,3,p63,OkonRecycling,402655,Eddy II,TX,33378.201953567695
2029,3,p63,OkonRecycling,406221,Eiffel Solar Project,TX,807.6546675043832
2029,3,p63,OkonRecycling,405540,"Ellis Solar, LLC",TX,898.6554015539238
2029,3,p63,OkonRecycling,403823,Elm Branch Solar 1,TX,619.7457943879552
2029,3,p63,OkonRecycling,406206,Five Wells Solar Center - Hybrid,TX,944.3937298551064
2029,3,p63,OkonRecycling,404567,G.S.E. One LLC,TX,982.2986962744477
2029,3,p63,OkonRecycling,403288,Griffin Solar,TX,57822.320476708555
2029,3,p63,OkonRecycling,406202,Grizzly Ridge Solar,TX,1531.5822452937261
2029,3,p63,OkonRecycling,402329,Highway 56 Solar,TX,7216.564396723954
2029,3,p63,OkonRecycling,405319,IKEA Grand Prairie Rooftop PV System,TX,3978.9244589016166
2029,3,p63,OkonRecycling,405689,"IP Radian, LLC",TX,1977.6597966476559
2029,3,p63,OkonRecycling,403481,Impact Solar 1,TX,701.561707074989
2029,3,p63,OkonRecycling,403190,Kellam Solar,TX,1562.381192837359
2029,3,p63,OkonRecycling,402421,Leon Solar,TX,13542.777054376551
2029,3,p63,OkonRecycling,403874,Lily Solar Hybrid,TX,699.6541292859521
2029,3,p63,OkonRecycling,402404,Marlin Solar,TX,60965.108666255466
2029,3,p63,OkonRecycling,405794,Noble Solar,TX,581.8925237490296
2029,3,p63,OkonRecycling,402405,North Gainesville Solar,TX,5162.201602761296
2029,3,p63,OkonRecycling,401933,Phantom Solar,TX,9153.028454907635
2029,3,p63,OkonRecycling,404872,"Pisgah Ridge Solar, LLC",TX,804.2671316596558
2029,3,p63,OkonRecycling,406416,Pitts Dudik Solar,TX,2326.229918340399
2029,3,p63,OkonRecycling,403189,Rippey Solar,TX,3392.755186317151
2029,3,p63,OkonRecycling,404630,"Samson Solar Energy III, LLC",TX,644.9553164759757
2029,3,p63,OkonRecycling,402652,Sterling Solar (TX),TX,7467.502141235661
2029,3,p63,OkonRecycling,404812,Sun Valley Solar Project,TX,669.9497228935338
2029,3,p63,OkonRecycling,404388,"TPE Erath Solar, LLC",TX,9705.312420712706
2029,3,p63,OkonRecycling,403457,"TPE Whitney Solar, LLC",TX,20754.5444198986
2029,3,p63,OkonRecycling,405361,Toyota HQ Plan,TX,1466.6228335862522
2029,3,p63,OkonRecycling,405907,Verizon Hidden Ridge Solar Project,TX,1677.5143252113523
2029,3,p63,OkonRecycling,405984,Waco Solar,TX,591.8820841198731
2029,3,p63,OkonRecycling,402306,Walnut Springs Solar,TX,46279.69103443106
2029,3,p63,OkonRecycling,402497,West Moore Solar II,TX,37063.95216789651
2029,3,p63,OkonRecycling,402330,Whitesboro Solar,TX,12427.607491778308
2029,3,p63,OkonRecycling,402331,Whitesboro Solar II,TX,36798.34974361004
2029,3,p63,OkonRecycling,402414,Whitewright Solar,TX,6180.915807534074
2029,3,p63,OkonRecycling,402654,Yellow Jacket,TX,24125.03282488971
2029,3,p64,OkonRecycling,405731,Austin TX GigaFactory,TX,199680.4760359178
2029,3,p64,OkonRecycling,404721,"Blue Jay Solar I, LLC",TX,693.9343230067433
2029,3,p64,OkonRecycling,402389,"E-Volve Energy Holdings, LLC",TX,69237.40314478129
2029,3,p64,OkonRecycling,400227,East Blackland Solar Project 1,TX,2795.354565589561
2029,3,p64,OkonRecycling,405101,IKEA Round Rock 027,TX,119879.99449723678
2029,3,p64,SolarCycle,402653,Lampwick,TX,25186.253997102987
2029,3,p64,OkonRecycling,400249,Webberville Solar Project,TX,12808.57551669238
2029,3,p65,OkonRecycling,405700,Aktina Solar,TX,5618.308110307897
2029,3,p65,OkonRecycling,405727,Bernard Creek Solar,TX,5621.2218864950855
2029,3,p65,OkonRecycling,405477,Brightside,TX,21089.335285118705
2029,3,p65,OkonRecycling,401728,CPS 1 Community Solar,TX,1285313.6610185225
2029,3,p65,OkonRecycling,402656,Cascade Solar (TX),TX,64776.819575372785
2029,3,p65,SolarCycle,404062,Elara Solar,TX,22380.41652912572
2029,3,p65,OkonRecycling,404359,FELPS 1-Calaveras,TX,534053.2819258309
2029,3,p65,OkonRecycling,404361,FELPS 2-Calaveras,TX,2668605.070601708
2029,3,p65,OkonRecycling,404740,FELPS 7- Floresville West,TX,2715454.8795816316
2029,3,p65,OkonRecycling,406516,Ganado Solar,TX,9048.743966758604
2029,3,p65,SolarCycle,405801,Horizon Solar,TX,14714.887988324848
2029,3,p65,SolarCycle,403343,Mars Solar,TX,127546.1703964209
2029,3,p65,OkonRecycling,404877,Nebula Solar,TX,12186.078143193054
2029,3,p65,OkonRecycling,400694,"OCI Alamo 2, LLC",TX,286752.4463345823
2029,3,p65,OkonRecycling,400965,"OCI Alamo 3, LLC",TX,152257.37413662564
2029,3,p65,SolarCycle,400966,"OCI Alamo 5, LLC",TX,26396.461312300817
2029,3,p65,OkonRecycling,400593,OCI Alamo Solar I Hybrid,TX,16834.88794324242
2029,3,p65,SolarCycle,405809,Shakes Solar,TX,5092.89571682638
2029,3,p65,OkonRecycling,405545,Sparta Solar,TX,6534.757911149054
2029,3,p65,OkonRecycling,400379,"SunE CPS1, LLC",TX,136226.27842309815
2029,3,p65,OkonRecycling,400364,"SunE CPS2, LLC",TX,136597.16649716572
2029,3,p65,OkonRecycling,400353,"SunE CPS3, LLC",TX,87172.62917357696
2029,3,p65,OkonRecycling,406032,Tres Bahias,TX,5325.0038677003595
2029,3,p66,OkonRecycling,406386,Umbriel Solar,TX,5335.965563501161
2029,3,p67,OkonRecycling,404939,Brazoria County Solar Project (Danciger),TX,1494.6472820969907
2029,3,p67,OkonRecycling,404681,Brazoria West,TX,1882.2379008651144
2029,3,p67,OkonRecycling,402649,Bronson,TX,26984.690242828347
2029,3,p67,OkonRecycling,406178,"Cutlass Solar 1, LLC",TX,7955.4843493618355
2029,3,p67,OkonRecycling,404587,Fighting Jays Solar Project,TX,2274.547039240324
2029,3,p67,OkonRecycling,405564,"Fort Bend Solar, LLC",TX,3715.005500465637
2029,3,p67,OkonRecycling,403514,Wagyu,TX,2850.7067161660784
2029,4,p12,ComstockMetals,402144,Battle Mountain Solar Project,NV,2775.364255538002
2029,4,p12,ComstockMetals,405025,Brady,NV,1037.8899376590796
2029,4,p12,ComstockMetals,405553,Dodge Flat,NV,442.981716499235
2029,4,p12,ComstockMetals,402609,"EGP Stillwater Solar PV II, LLC",NV,1907.1442411626174
2029,4,p12,ComstockMetals,404659,Fish Springs,NV,1397.9558991303225
2029,4,p12,ComstockMetals,401086,Ft. Churchill PV,NV,1014.2338002390587
2029,4,p12,ComstockMetals,405028,Galena 2 Geothermal Power Plant,NV,1962.4792487814088
2029,4,p12,ComstockMetals,402130,Luning Energy,NV,3073.4527593373855
2029,4,p12,ComstockMetals,400468,"Patua Acquisition Project, LLC",NV,2713.311689676205
2029,4,p12,ComstockMetals,405021,Steamboat Hills LP,NV,2756.914892352509
2029,4,p12,ComstockMetals,405023,Steamboat II,NV,1426.0629041337104
2029,4,p12,ComstockMetals,405024,Steamboat III,NV,1318.8059074092612
2029,4,p12,ComstockMetals,400029,Stillwater Facility,NV,1792.4019160725547
2029,4,p12,ComstockMetals,401318,Sunshine Valley Solar,NV,1758.7092477194149
2029,4,p12,ComstockMetals,405576,Tesla Reno GigaFactory,NV,903.6104258704078
2029,4,p12,ComstockMetals,403308,Turquoise Liberty Solar,NV,3589.872868479413
2029,4,p12,ComstockMetals,403884,"Turquoise Nevada, LLC",NV,998.3167518494726
2029,4,p12,ComstockMetals,400035,Western 102 Power Plant,NV,3387.1318541043092
2029,4,p13,WeRecycleSolar,400555,Apex Solar PV Power Project,NV,40481.282609859365
2029,4,p13,WeRecycleSolar,405385,Arrow Canyon Solar Hybrid,NV,979.6377228956134
2029,4,p13,WeRecycleSolar,401649,"Boulder Solar Power, LLC",NV,3982.070380308894
2029,4,p13,WeRecycleSolar,400086,CM48,NV,5332.702215746585
2029,4,p13,WeRecycleSolar,400363,Copper Mountain Solar 2,NV,1934.102152901753
2029,4,p13,WeRecycleSolar,400802,Copper Mountain Solar 3,NV,3231.6172569387218
2029,4,p13,WeRecycleSolar,403688,"Copper Mountain Solar 5, LLC",NV,3230.3252077791913
2029,4,p13,WeRecycleSolar,405358,Dignity - San Martin,NV,231394.25461179984
2029,4,p13,WeRecycleSolar,405355,Dignity - Siena Campus,NV,541988.0162531494
2029,4,p13,WeRecycleSolar,405556,Dry Lake Solar Energy Center,NV,3064.335755325791
2029,4,p13,WeRecycleSolar,405495,Gemini Solar,NV,890.3983089943362
2029,4,p13,WeRecycleSolar,403386,"Harry Allen Solar Energy, LLC",NV,4413.0103876225685
2029,4,p13,WeRecycleSolar,406090,IGS LAS1,NV,378895.11575756513
2029,4,p13,WeRecycleSolar,406089,IGS VGT,NV,264110.7015008515
2029,4,p13,WeRecycleSolar,405309,IKEA Las Vegas 462,NV,197457.01774576443
2029,4,p13,WeRecycleSolar,400545,Las Vegas WPCF Solar Plant,NV,116850.38377506992
2029,4,p13,WeRecycleSolar,400313,Moapa Southern Paiute,NV,3610.902144593219
2029,4,p13,WeRecycleSolar,400600,Mountain View Solar,NV,20383.1352593846
2029,4,p13,WeRecycleSolar,400036,Nellis Air Force Base Solar Array,NV,66237.22388072689
2029,4,p13,WeRecycleSolar,401274,River Mountains Solar,NV,26096.139788903387
2029,4,p13,WeRecycleSolar,401042,Searchlight Solar,NV,12993.701265438127
2029,4,p13,WeRecycleSolar,400166,Silver State Solar Power North,NV,5115.351893500856
2029,4,p13,WeRecycleSolar,400658,Silver State Solar Power South,NV,3330.55816565039
2029,4,p13,WeRecycleSolar,405246,"Solar Las Vegas MB 2, LLC",NV,259717.0602364963
2029,4,p13,WeRecycleSolar,402691,"Techren Solar III, LLC",NV,29075.611746701816
2029,4,p13,WeRecycleSolar,401851,Townsite Solar Project Hybrid,NV,4910.576454574223
2029,4,p13,WeRecycleSolar,406448,Yellow Pine II,NV,14670.68207775734
2029,4,p13,WeRecycleSolar,404971,Yellow Pine Solar,NV,4941.19539050196
2029,4,p27,WeRecycleSolar,400374,"Black Mountain Solar, LLC",AZ,13314.898047748928
2029,4,p27,WeRecycleSolar,402236,Gray Hawk Solar,AZ,1715.4196936013598
2029,4,p27,WeRecycleSolar,401819,Jacobson 5 MW Solar,AZ,14257.513397498227
2029,4,p27,WeRecycleSolar,406478,Mohave Energy - Hybrid,AZ,7646.268938774097
2029,4,p28,WeRecycleSolar,405418,AZ State University - Tempe Campus Solar,AZ,5634.317824580351
2029,4,p28,WeRecycleSolar,400148,Agua Caliente Solar Project,AZ,850.3350970854901
2029,4,p28,WeRecycleSolar,400274,Arizona Western College PV,AZ,39232.02669392549
2029,4,p28,WeRecycleSolar,400240,Arlington Valley Solar Energy II,AZ,1429.0033332123144
2029,4,p28,FabTechSolar,401688,Bonnybrooke PV,AZ,2157.048710189174
2029,4,p28,WeRecycleSolar,400371,Buckeye Union HS District 201,AZ,26386.679598496015
2029,4,p28,WeRecycleSolar,401069,Desert Star Hybrid,AZ,10947.642078715293
2029,4,p28,FabTechSolar,403257,East Line Solar,AZ,1367.7687799631071
2029,4,p28,FabTechSolar,406171,Eleven Mile Solar Center,AZ,702.9683797585394
2029,4,p28,WeRecycleSolar,400349,Foothills Solar Plant Hybrid,AZ,6228.3517790794995
2029,4,p28,WeRecycleSolar,400845,Gila Bend Hybrid,AZ,2511.418251911006
2029,4,p28,FabTechSolar,400599,"Gilbert Solar Facility I, LLC",AZ,6760.6014988680845
2029,4,p28,FabTechSolar,405282,Intel - Ocotillo Campus Solar,AZ,2715.628241456192
2029,4,p28,WeRecycleSolar,405125,Jewish Community Center PV,AZ,18823.12113597739
2029,4,p28,WeRecycleSolar,402234,Kayenta Solar Project,AZ,4907.139280283828
2029,4,p28,WeRecycleSolar,400595,Lake Pleasant WTP,AZ,13999.092741871009
2029,4,p28,WeRecycleSolar,400128,Luke Solar,AZ,2030.6092682969722
2029,4,p28,WeRecycleSolar,405068,Macys Goodyear,AZ,9848.90609512598
2029,4,p28,FabTechSolar,404512,Mesa Solar Array,AZ,3115.925904262123
2029,4,p28,WeRecycleSolar,400250,Mesquite Solar 1,AZ,1257.682743931105
2029,4,p28,WeRecycleSolar,401622,"Mesquite Solar 3, LLC",AZ,1380.8332067716044
2029,4,p28,WeRecycleSolar,403572,OE_AZ1,AZ,4657.08277323209
2029,4,p28,WeRecycleSolar,405126,Paradise Valley H.S. PV,AZ,11020.093894367148
2029,4,p28,WeRecycleSolar,405151,Phoenix Airport Rental Car Center,AZ,2376.3399321563475
2029,4,p28,FabTechSolar,402528,Pinal Central Energy Center Hybrid,AZ,4983.324437513553
2029,4,p28,FabTechSolar,400125,"Poseidon Solar, LLC",AZ,3216.882312141275
2029,4,p28,WeRecycleSolar,400031,Prescott Airport,AZ,28980.358958424567
2029,4,p28,FabTechSolar,400323,Queen Creek Solar Farm,AZ,1877.262289564581
2029,4,p28,WeRecycleSolar,400289,"RE Bagdad Solar I, LLC",AZ,20271.58790171904
2029,4,p28,FabTechSolar,400758,Red Horse 2,AZ,6726.341211818488
2029,4,p28,FabTechSolar,401609,Red Horse III,AZ,11968.79874142409
2029,4,p28,FabTechSolar,401726,Red Rock,AZ,2539.785262740375
2029,4,p28,WeRecycleSolar,400416,Saddle Mountain Solar I,AZ,13049.967511765011
2029,4,p28,FabTechSolar,401214,Sandstone Solar,AZ,1223.070272431972
2029,4,p28,WeRecycleSolar,405029,Solana Generating Station,AZ,1068.156029007205
2029,4,p28,WeRecycleSolar,406275,Sonoran Solar Energy,AZ,583.2416125080662
2029,4,p28,WeRecycleSolar,401975,"Sun Streams, LLC",AZ,815.590308400105
2029,4,p28,WeRecycleSolar,405311,T0588 Phoenix - AZ,AZ,7088.217171577497
2029,4,p28,FabTechSolar,405134,Union HS at Casa Grande,AZ,22493.109426010502
2029,4,p28,FabTechSolar,405135,Vista Grande HS at Casa Grande,AZ,29126.88995745449
2029,4,p28,FabTechSolar,400334,Walmart Casa Grande,AZ,14451.47846981944
2029,4,p29,FabTechSolar,400014,Springerville,AZ,5074.580222112693
2029,4,p30,FabTechSolar,405143,Actus Lend Lease DMAFB,AZ,25712.55328828296
2029,4,p30,FabTechSolar,405611,Amazon TUS2,AZ,31250.87019393725
2029,4,p30,FabTechSolar,405268,Amphitheater High School Solar,AZ,20351.387199812252
2029,4,p30,FabTechSolar,400939,Avalon Solar,AZ,6053.748128814231
2029,4,p30,FabTechSolar,401479,Avalon Solar II,AZ,5485.899983177536
2029,4,p30,FabTechSolar,400226,Avra Valley Solar,AZ,2566.3049230948473
2029,4,p30,FabTechSolar,404704,Broadway 2 - Tucson Phase II,AZ,21957.2698333623
2029,4,p30,FabTechSolar,401295,Davis Monthan AFB (AZ) West Airfield,AZ,12566.50587371555
2029,4,p30,FabTechSolar,400330,FRB Solar Farm,AZ,86340.78212813185
2029,4,p30,FabTechSolar,400761,"Gato Montes Solar, LLC",AZ,16778.137439738526
2029,4,p30,FabTechSolar,404536,Iron Horse Battery Storage Hybrid,AZ,20909.296669198753
2029,4,p30,FabTechSolar,400552,"Picture Rocks Solar, LLC",AZ,3319.645809655461
2029,4,p30,FabTechSolar,405374,Pima Community College,AZ,144297.4641648586
2029,4,p30,FabTechSolar,405303,Pima Community College - East Campus,AZ,39072.30761640947
2029,4,p30,FabTechSolar,405516,Pima Community College NW,AZ,33672.064750908845
2029,4,p30,FabTechSolar,404926,Raptor Ridge,AZ,6670.628664402374
2029,4,p30,FabTechSolar,400857,Rio Rico Solar,AZ,12519.138615306456
2029,4,p30,FabTechSolar,400156,UASTP I,AZ,23276.474274087523
2029,4,p30,FabTechSolar,401075,Valencia Solar,AZ,9099.947160261929
2029,4,p30,FabTechSolar,404187,"Wilmot Energy Center, LLC",AZ,1041.51948461002
2029,4,p31,SolarCycle,400211,Alamogordo Solar Energy Center,NM,100832.29535033515
2029,4,p31,FabTechSolar,400206,Albuquerque Solar Energy Center,NM,237676.59862680378
2029,4,p31,FabTechSolar,405469,Arroyo Solar Energy Storage Hybrid,NM,1876.8143916565546
2029,4,p31,FabTechSolar,403321,Bluewater CDEC 1,NM,472103.05977749865
2029,4,p31,SolarCycle,404981,Buena Vista Energy Center,NM,8951.029078604139
2029,4,p31,SolarCycle,402876,CNMEC Solar Energy Center,NM,324229.01411528623
2029,4,p31,SolarCycle,402519,Carrizozo Solar,NM,113618.64990590372
2029,4,p31,FabTechSolar,401202,Cibola,NM,34286.69319248475
2029,4,p31,FabTechSolar,402988,City of Gallup Solar,NM,63977.3432467073
2029,4,p31,FabTechSolar,403604,City of Rio Rancho WWTP,NM,1147788.3013929937
2029,4,p31,FabTechSolar,401225,City of Truth or Consequences PV,NM,602353.1188401831
2029,4,p31,FabTechSolar,400209,Deming Solar Energy Center,NM,40546.86243136146
2029,4,p31,FabTechSolar,403868,Encino Solar Energy Center,NM,13021.707555393446
2029,4,p31,FabTechSolar,401038,Eubank Landfill Solar Array,NM,178727.52081264782
2029,4,p31,FabTechSolar,402442,Facebook 2 Solar Energy Center,NM,68013.82031890975
2029,4,p31,FabTechSolar,402443,Facebook 3 Solar Energy Center,NM,45463.39137228545
2029,4,p31,FabTechSolar,403322,Grants CDEC 2,NM,85251.71513761667
2029,4,p31,FabTechSolar,400216,"Hatch Solar Energy Center I, LLC",NM,117476.8132196816
2029,4,p31,SolarCycle,401617,Holloman Solar Facility,NM,101121.05680853584
2029,4,p31,FabTechSolar,406109,"Jicarilla Solar 1, LLC",NM,14803.18002870975
2029,4,p31,SolarCycle,400427,Kit Carson,NM,669099.1330612613
2029,4,p31,SolarCycle,400210,Las Vegas Solar Energy Center,NM,136534.58391250743
2029,4,p31,SolarCycle,400434,Los Alamos PV Site,NM,395475.6971912446
2029,4,p31,FabTechSolar,400207,Los Lunas Solar Energy Center,NM,96635.84243482791
2029,4,p31,FabTechSolar,400838,Macho Springs,NM,11100.458700633306
2029,4,p31,FabTechSolar,400582,Manzano Solar,NM,171278.2253693135
2029,4,p31,FabTechSolar,406375,OE_ESCL,NM,3226.652447681578
2029,4,p31,SolarCycle,400581,Otero Solar,NM,132156.8967322399
2029,4,p31,SolarCycle,400146,Questa Solar Facility,NM,564218.2325354839
2029,4,p31,FabTechSolar,403178,"RC Energy AA, LLC Solar Facility",NM,717398.8501656201
2029,4,p31,FabTechSolar,401566,Rio Communities Solar Energy Center,NM,45273.25376533182
2029,4,p31,FabTechSolar,403084,Rio De Oro Solar Energy Center,NM,27485.081396478214
2029,4,p31,FabTechSolar,400624,Rio Rancho High School,NM,355414.8555545699
2029,4,p31,FabTechSolar,404648,"Route 66 Energy Center, LLC",NM,12366.598669912171
2029,4,p31,SolarCycle,403387,San Miguel I Solar Energy Center,NM,34255.887468200715
2029,4,p31,SolarCycle,405458,San Miguel II Solar Energy Center,NM,135879.15686418596
2029,4,p31,FabTechSolar,401161,Sandoval Solar Energy Center,NM,114265.75598437655
2029,4,p31,SolarCycle,401564,Santa Fe Solar Energy Center,NM,155267.88469876084
2029,4,p31,FabTechSolar,401565,Santolina Solar Energy Center,NM,32436.469049462266
2029,4,p31,FabTechSolar,400596,Silver City WWTP PV Project,NM,459063.0888059956
2029,4,p31,FabTechSolar,406343,Sky Ranch Solar,NM,7421.711639779264
2029,4,p31,FabTechSolar,401563,South Valley Solar Energy Center,NM,137699.89160455763
2029,4,p31,SolarCycle,401162,Springer Solar 1,NM,830933.0495237424
2029,4,p31,SolarCycle,400735,Storrie Lake Solar Project,NM,303007.58556933154
2029,4,p31,FabTechSolar,400623,Sue Cleveland High School,NM,716396.9682413121
2029,4,p31,SolarCycle,400343,"SunE EPE1, LLC",NM,26077.740827215035
2029,4,p31,SolarCycle,402854,Syncarpha Eagle Nest,NM,803725.7685137514
2029,4,p31,SolarCycle,403412,Syncarpha El Rito,NM,1044598.8974557766
2029,4,p31,SolarCycle,403413,Syncarpha Questa,NM,1071791.8346436557
2029,4,p31,SolarCycle,403411,Syncarpha Taos,NM,173274.98497404205
2029,4,p31,SolarCycle,404618,Taos Mesa Energy Facility Hybrid,NM,108670.05973894804
2029,4,p31,FabTechSolar,403011,Vista Solar Energy Center,NM,68688.42386807081
2029,4,p31,FabTechSolar,405245,Wal-Mart Truth or Consequences PV,NM,577134.5683240917
2029,4,p47,SolarCycle,400979,"Caprock Solar 1, LLC",NM,18307.128824894713
2029,4,p47,SolarCycle,404980,Chaves County Solar II,NM,21626.140187854144
2029,4,p47,SolarCycle,401681,"Chaves Solar, LLC",NM,2684.3120236462323
2029,4,p47,SolarCycle,400614,GSE NM1,NM,171532.60396097478
2029,4,p47,SolarCycle,401682,"Roswell Solar, LLC",NM,9617.409342955112
2029,4,p47,SolarCycle,400546,SEV NM Phase 2,NM,114727.44607480211
2029,4,p47,SolarCycle,400260,SPS1 Dollarhide,NM,3644.9756312912646
2029,4,p47,SolarCycle,400261,SPS2 Jal,NM,7413.335923493581
2029,4,p47,SolarCycle,400262,SPS3 Lea,NM,8103.722272841674
2029,4,p47,SolarCycle,400264,SPS5 Hopi,NM,9463.187439103993
2029,4,p47,SolarCycle,404698,SoCore Clovis 1,NM,90647.78852763334
2029,4,p48,SolarCycle,406439,"BESSP1, LLC",TX,9377.574379819269
2029,4,p48,SolarCycle,405590,"Hecate Energy Frye Solar, LLC",TX,731.547802314752
2029,4,p57,OkonRecycling,404918,"Hecate Energy Upshur Rural, LLC",TX,7923.843238100193
2029,4,p59,SolarCycle,402666,Fort Bliss (DEA EPIC),TX,44653.075980514805
2029,4,p59,SolarCycle,401616,Montana Solar Facility,TX,42913.62023791408
2029,4,p60,SolarCycle,403962,"ANSON Solar Center, LLC",TX,1722.4174129992216
2029,4,p60,OkonRecycling,403883,Azure Sky Solar,TX,2851.283979975762
2029,4,p60,SolarCycle,403232,"ENGIE Long Draw Solar, LLC",TX,628.7209347871491
2029,4,p60,SolarCycle,406252,Highpeak Solar 1,TX,26727.09970001775
2029,4,p60,SolarCycle,402721,Holstein 1 Solar Farm,TX,1470.3108895041978
2029,4,p60,SolarCycle,405492,Juno Solar Project,TX,615.8321340812535
2029,4,p60,SolarCycle,402541,Lamesa II,TX,1877.4243663907073
2029,4,p60,SolarCycle,401660,Lamesa Solar,TX,1487.9583105103702
2029,4,p60,SolarCycle,405932,Lumina II Solar Project,TX,806.6986695074664
2029,4,p60,SolarCycle,405933,Lumina Solar Project,TX,967.8297724940987
2029,4,p60,SolarCycle,402909,Misae Solar,TX,1417.5938107427985
2029,4,p60,OkonRecycling,400968,"OCI Alamo 7, LLC",TX,2989.6514984711152
2029,4,p60,SolarCycle,405939,Texas Solar Nova 1,TX,981.1637907103185
2029,4,p61,SolarCycle,400967,Alamo 6,TX,662.1385448044007
2029,4,p61,SolarCycle,403557,Aragorn Solar Project,TX,1395.9259880873722
2029,4,p61,SolarCycle,400691,Barilla Solar,TX,1228.634631744182
2029,4,p61,SolarCycle,401946,Bluebell Solar,TX,2600.618578619847
2029,4,p61,SolarCycle,403574,Bluebell Solar II,TX,780.4594340594228
2029,4,p61,SolarCycle,400554,"Bryan Solar, LLC",TX,28851.246825036294
2029,4,p61,SolarCycle,401463,Buckthorn Westex,TX,967.054665851673
2029,4,p61,SolarCycle,401703,East Pecos Solar,TX,755.7872897715772
2029,4,p61,SolarCycle,405363,Galloway 1 Solar Farm,TX,694.2397652197357
2029,4,p61,SolarCycle,405494,Galloway 2 Solar Farm,TX,1386.9481680970791
2029,4,p61,SolarCycle,403210,Greasewood,TX,561.2880676582992
2029,4,p61,SolarCycle,406370,Hayhurst Texas Solar,TX,3376.5731010852687
2029,4,p61,SolarCycle,402304,Midway Solar-TX,TX,495.50017742080536
2029,4,p61,SolarCycle,400695,"OCI Alamo 4, LLC",TX,2992.3514172575756
2029,4,p61,SolarCycle,401868,Pearl Solar,TX,2088.4569928615956
2029,4,p61,SolarCycle,402290,RE Maplewood,TX,517.0835447435218
2029,4,p61,SolarCycle,401430,RE Roserock,TX,653.7870064474138
2029,4,p61,SolarCycle,402848,Rambler,TX,591.346707129362
2029,4,p61,SolarCycle,402083,Solaire Holman Solar Project,TX,3803.8442681509164
2029,4,p61,SolarCycle,403023,"Taygete Energy Project, LLC",TX,550.1172612860487
2029,4,p61,SolarCycle,404647,Taygete II Energy Project,TX,554.5923513728615
2029,4,p61,SolarCycle,403551,Titan Solar Project,TX,746.9935796782871
2029,4,p61,SolarCycle,406103,Zier Solar,TX,1347.7854140612953
2029,4,p62,SolarCycle,403502,2W Permian Solar Project Hybrid,TX,436.99716954813124
2029,4,p62,SolarCycle,403697,CED Crane Solar,TX,996.419066128826
2029,4,p62,SolarCycle,401525,Castle Gap Solar Hybrid,TX,501.16425222866155
2029,4,p62,SolarCycle,404599,Emerald Grove,TX,755.6024912945857
2029,4,p62,SolarCycle,403004,Lapetus,TX,742.5767035736241
2029,4,p62,SolarCycle,403280,Oberon IA,TX,479.5496525334124
2029,4,p62,SolarCycle,403279,Oberon IB,TX,802.2190572119335
2029,4,p62,SolarCycle,403602,Oxy Renewable Energy-Goldsmith,TX,1230.994070478608
2029,4,p62,SolarCycle,402679,Phoebe Solar,TX,465.0116236883513
2029,4,p62,SolarCycle,403177,Prospero Solar,TX,479.09989788981113
2029,4,p62,SolarCycle,404128,Prospero Solar II,TX,776.9773397878533
2029,4,p62,SolarCycle,403070,"Roadrunner, LLC",TX,497.5588368627478
2029,4,p62,SolarCycle,401805,Upton County Solar,TX,694.5342695766929
2029,4,p62,SolarCycle,402995,West of the Pecos Solar,TX,729.2039296287035
2029,4,p63,OkonRecycling,405599,"BPL Crown Solar, LLC",TX,1982.735747321809
2029,4,p63,OkonRecycling,404966,BPL Files Solar,TX,541.6452755465781
2029,4,p63,OkonRecycling,403825,Briar Creek Solar 1,TX,1023.662810760529
2029,4,p63,OkonRecycling,401697,CoServ Community Solar Station,TX,27877.45661906467
2029,4,p63,OkonRecycling,403188,Coniglio Solar,TX,783.7175694583964
2029,4,p63,OkonRecycling,406415,Dileo Solar,TX,2144.8030385159846
2029,4,p63,OkonRecycling,402655,Eddy II,TX,33378.201953567695
2029,4,p63,OkonRecycling,406221,Eiffel Solar Project,TX,807.6546675043832
2029,4,p63,OkonRecycling,405540,"Ellis Solar, LLC",TX,898.6554015539238
2029,4,p63,OkonRecycling,403823,Elm Branch Solar 1,TX,619.7457943879552
2029,4,p63,OkonRecycling,406206,Five Wells Solar Center - Hybrid,TX,944.3937298551064
2029,4,p63,OkonRecycling,404567,G.S.E. One LLC,TX,982.2986962744477
2029,4,p63,OkonRecycling,403288,Griffin Solar,TX,57822.320476708555
2029,4,p63,OkonRecycling,406202,Grizzly Ridge Solar,TX,1531.5822452937261
2029,4,p63,OkonRecycling,402329,Highway 56 Solar,TX,7216.564396723954
2029,4,p63,OkonRecycling,405319,IKEA Grand Prairie Rooftop PV System,TX,3978.9244589016166
2029,4,p63,OkonRecycling,405689,"IP Radian, LLC",TX,1188.8298983238278
2029,4,p63,OkonRecycling,403481,Impact Solar 1,TX,701.561707074989
2029,4,p63,OkonRecycling,403190,Kellam Solar,TX,1562.381192837359
2029,4,p63,OkonRecycling,402421,Leon Solar,TX,4780.925684792182
2029,4,p63,OkonRecycling,403874,Lily Solar Hybrid,TX,699.6541292859521
2029,4,p63,OkonRecycling,402404,Marlin Solar,TX,15541.277166563868
2029,4,p63,OkonRecycling,405794,Noble Solar,TX,536.4193928117722
2029,4,p63,OkonRecycling,402405,North Gainesville Solar,TX,38497.61282209038
2029,4,p63,OkonRecycling,401933,Phantom Solar,TX,6964.771341180726
2029,4,p63,OkonRecycling,404872,"Pisgah Ridge Solar, LLC",TX,669.5114211064372
2029,4,p63,OkonRecycling,406416,Pitts Dudik Solar,TX,2326.229918340399
2029,4,p63,OkonRecycling,403189,Rippey Solar,TX,3392.755186317151
2029,4,p63,OkonRecycling,404630,"Samson Solar Energy III, LLC",TX,706.1941455949697
2029,4,p63,OkonRecycling,402652,Sterling Solar (TX),TX,14535.004282471322
2029,4,p63,OkonRecycling,404812,Sun Valley Solar Project,TX,804.924584340301
2029,4,p63,OkonRecycling,404388,"TPE Erath Solar, LLC",TX,14357.968631069056
2029,4,p63,OkonRecycling,403457,"TPE Whitney Solar, LLC",TX,7184.848139966201
2029,4,p63,OkonRecycling,405361,Toyota HQ Plan,TX,1348.1091854100025
2029,4,p63,OkonRecycling,405907,Verizon Hidden Ridge Solar Project,TX,1677.5143252113523
2029,4,p63,OkonRecycling,405984,Waco Solar,TX,591.8820841198731
2029,4,p63,OkonRecycling,402306,Walnut Springs Solar,TX,23339.84551721553
2029,4,p63,OkonRecycling,402330,Whitesboro Solar,TX,9420.70561883373
2029,4,p63,OkonRecycling,402331,Whitesboro Solar II,TX,7679.669948722008
2029,4,p63,OkonRecycling,402414,Whitewright Solar,TX,6180.915807534074
2029,4,p63,OkonRecycling,402654,Yellow Jacket,TX,24125.03282488971
2029,4,p64,OkonRecycling,405731,Austin TX GigaFactory,TX,40256.095207183556
2029,4,p64,OkonRecycling,404721,"Blue Jay Solar I, LLC",TX,767.4179037584289
2029,4,p64,OkonRecycling,402389,"E-Volve Energy Holdings, LLC",TX,275749.61257912515
2029,4,p64,OkonRecycling,400227,East Blackland Solar Project 1,TX,2795.354565589561
2029,4,p64,SolarCycle,402653,Lampwick,TX,25186.253997102987
2029,4,p64,OkonRecycling,405613,Niagara Bottling - Seguin,TX,49073.682945321605
2029,4,p65,OkonRecycling,405700,Aktina Solar,TX,3009.1540551539492
2029,4,p65,OkonRecycling,405727,Bernard Creek Solar,TX,5621.2218864950855
2029,4,p65,OkonRecycling,405477,Brightside,TX,21089.335285118705
2029,4,p65,OkonRecycling,401728,CPS 1 Community Solar,TX,2570227.3220370444
2029,4,p65,OkonRecycling,402656,Cascade Solar (TX),TX,129153.63915074556
2029,4,p65,SolarCycle,404062,Elara Solar,TX,22380.41652912572
2029,4,p65,OkonRecycling,404359,FELPS 1-Calaveras,TX,1334533.2048145775
2029,4,p65,OkonRecycling,404361,FELPS 2-Calaveras,TX,1334502.5353008541
2029,4,p65,OkonRecycling,404739,FELPS 6- Floresville West,TX,2716332.015268158
2029,4,p65,OkonRecycling,404740,FELPS 7- Floresville West,TX,905418.2931938774
2029,4,p65,OkonRecycling,406516,Ganado Solar,TX,17697.487933517208
2029,4,p65,SolarCycle,405801,Horizon Solar,TX,14714.887988324848
2029,4,p65,OkonRecycling,405380,IKEA Live Oak Rooftop PV System,TX,1445703.5312724425
2029,4,p65,SolarCycle,403343,Mars Solar,TX,95759.62779731565
2029,4,p65,OkonRecycling,404877,Nebula Solar,TX,9239.558607394789
2029,4,p65,OkonRecycling,400694,"OCI Alamo 2, LLC",TX,573104.8926691647
2029,4,p65,OkonRecycling,400965,"OCI Alamo 3, LLC",TX,228186.0612049384
2029,4,p65,SolarCycle,400966,"OCI Alamo 5, LLC",TX,13398.230656150405
2029,4,p65,OkonRecycling,400593,OCI Alamo Solar I Hybrid,TX,66139.55177296967
2029,4,p65,SolarCycle,405809,Shakes Solar,TX,7439.343575239569
2029,4,p65,OkonRecycling,405545,Sparta Solar,TX,4489.838607432703
2029,4,p65,OkonRecycling,400379,"SunE CPS1, LLC",TX,136226.27842309815
2029,4,p65,OkonRecycling,400364,"SunE CPS2, LLC",TX,136597.16649716572
2029,4,p65,OkonRecycling,400353,"SunE CPS3, LLC",TX,130558.94376036542
2029,4,p65,OkonRecycling,406032,Tres Bahias,TX,5325.0038677003595
2029,4,p65,OkonRecycling,404878,Vancourt Solar Interconnections,TX,53301.005773626595
2029,4,p66,OkonRecycling,406386,Umbriel Solar,TX,5335.965563501161
2029,4,p67,OkonRecycling,404939,Brazoria County Solar Project (Danciger),TX,1275.7178256775928
2029,4,p67,OkonRecycling,404681,Brazoria West,TX,2623.356851297672
2029,4,p67,OkonRecycling,402649,Bronson,TX,40277.03536424252
2029,4,p67,OkonRecycling,406178,"Cutlass Solar 1, LLC",TX,7955.4843493618355
2029,4,p67,OkonRecycling,404587,Fighting Jays Solar Project,TX,2274.547039240324
2029,4,p67,OkonRecycling,405564,"Fort Bend Solar, LLC",TX,3715.005500465637
2029,4,p67,OkonRecycling,403514,Wagyu,TX,2850.7067161660784
2030,1,p12,ComstockMetals,402144,Battle Mountain Solar Project,NV,2775.364255538002
2030,1,p12,ComstockMetals,405025,Brady,NV,1037.8899376590796
2030,1,p12,ComstockMetals,405553,Dodge Flat,NV,442.981716499235
2030,1,p12,ComstockMetals,402609,"EGP Stillwater Solar PV II, LLC",NV,1907.1442411626174
2030,1,p12,ComstockMetals,404659,Fish Springs,NV,1397.9558991303225
2030,1,p12,ComstockMetals,401086,Ft. Churchill PV,NV,1321.3507003585878
2030,1,p12,ComstockMetals,405028,Galena 2 Geothermal Power Plant,NV,1962.4792487814088
2030,1,p12,ComstockMetals,402130,Luning Energy,NV,3073.4527593373855
2030,1,p12,ComstockMetals,400468,"Patua Acquisition Project, LLC",NV,2713.311689676205
2030,1,p12,ComstockMetals,405021,Steamboat Hills LP,NV,2756.914892352509
2030,1,p12,ComstockMetals,405023,Steamboat II,NV,1572.6433190099547
2030,1,p12,ComstockMetals,405024,Steamboat III,NV,1318.8059074092612
2030,1,p12,ComstockMetals,400029,Stillwater Facility,NV,1328.2679440483696
2030,1,p12,ComstockMetals,401318,Sunshine Valley Solar,NV,1758.7092477194149
2030,1,p12,ComstockMetals,405576,Tesla Reno GigaFactory,NV,987.5454968488091
2030,1,p12,ComstockMetals,403308,Turquoise Liberty Solar,NV,1994.9364342397057
2030,1,p12,ComstockMetals,403884,"Turquoise Nevada, LLC",NV,998.3167518494726
2030,1,p12,ComstockMetals,400035,Western 102 Power Plant,NV,3387.1318541043092
2030,1,p13,WeRecycleSolar,400555,Apex Solar PV Power Project,NV,13760.427536619785
2030,1,p13,WeRecycleSolar,405385,Arrow Canyon Solar Hybrid,NV,979.6377228956134
2030,1,p13,WeRecycleSolar,400086,CM48,NV,15198.106647239758
2030,1,p13,WeRecycleSolar,400363,Copper Mountain Solar 2,NV,5002.30645870526
2030,1,p13,WeRecycleSolar,400802,Copper Mountain Solar 3,NV,3231.6172569387218
2030,1,p13,WeRecycleSolar,403688,"Copper Mountain Solar 5, LLC",NV,3230.3252077791913
2030,1,p13,WeRecycleSolar,405358,Dignity - San Martin,NV,231394.25461179984
2030,1,p13,WeRecycleSolar,405355,Dignity - Siena Campus,NV,541988.0162531494
2030,1,p13,WeRecycleSolar,405556,Dry Lake Solar Energy Center,NV,2176.223836883861
2030,1,p13,WeRecycleSolar,405495,Gemini Solar,NV,972.1313604933921
2030,1,p13,WeRecycleSolar,403386,"Harry Allen Solar Energy, LLC",NV,4413.0103876225685
2030,1,p13,WeRecycleSolar,406089,IGS VGT,NV,395966.0522512773
2030,1,p13,WeRecycleSolar,405309,IKEA Las Vegas 462,NV,394514.0354915288
2030,1,p13,WeRecycleSolar,400545,Las Vegas WPCF Solar Plant,NV,116850.38377506992
2030,1,p13,WeRecycleSolar,400600,Mountain View Solar,NV,13722.090172923065
2030,1,p13,WeRecycleSolar,400036,Nellis Air Force Base Solar Array,NV,33318.61194036344
2030,1,p13,WeRecycleSolar,401319,"Playa Solar 1, LLC",NV,10477.446329135735
2030,1,p13,WeRecycleSolar,401274,River Mountains Solar,NV,51792.27957780678
2030,1,p13,WeRecycleSolar,401042,Searchlight Solar,NV,19290.55189815719
2030,1,p13,WeRecycleSolar,400166,Silver State Solar Power North,NV,7473.027840251285
2030,1,p13,WeRecycleSolar,400658,Silver State Solar Power South,NV,1865.2790828251957
2030,1,p13,WeRecycleSolar,405246,"Solar Las Vegas MB 2, LLC",NV,259717.0602364963
2030,1,p13,WeRecycleSolar,405188,Solar Las Vegas MB-1,NV,159266.3975260339
2030,1,p13,WeRecycleSolar,402691,"Techren Solar III, LLC",NV,29075.611746701816
2030,1,p13,WeRecycleSolar,401851,Townsite Solar Project Hybrid,NV,4910.576454574223
2030,1,p13,WeRecycleSolar,406448,Yellow Pine II,NV,14670.68207775734
2030,1,p13,WeRecycleSolar,404971,Yellow Pine Solar,NV,9482.39078100392
2030,1,p27,WeRecycleSolar,400374,"Black Mountain Solar, LLC",AZ,6857.449023874463
2030,1,p27,WeRecycleSolar,402236,Gray Hawk Solar,AZ,1276.9464624009063
2030,1,p27,WeRecycleSolar,401819,Jacobson 5 MW Solar,AZ,28115.02679499645
2030,1,p27,WeRecycleSolar,401311,Mohave Electric at Fort Mohave,AZ,14890.62123092948
2030,1,p27,WeRecycleSolar,406478,Mohave Energy - Hybrid,AZ,7646.268938774097
2030,1,p28,WeRecycleSolar,405418,AZ State University - Tempe Campus Solar,AZ,5634.317824580351
2030,1,p28,WeRecycleSolar,400148,Agua Caliente Solar Project,AZ,850.3350970854901
2030,1,p28,WeRecycleSolar,400274,Arizona Western College PV,AZ,78064.05338785097
2030,1,p28,WeRecycleSolar,400240,Arlington Valley Solar Energy II,AZ,914.5016666061572
2030,1,p28,FabTechSolar,401688,Bonnybrooke PV,AZ,2157.048710189174
2030,1,p28,WeRecycleSolar,400202,Cotton Center Solar Hybrid,AZ,8102.500498731974
2030,1,p28,FabTechSolar,403257,East Line Solar,AZ,1367.7687799631071
2030,1,p28,FabTechSolar,406171,Eleven Mile Solar Center,AZ,702.9683797585394
2030,1,p28,WeRecycleSolar,400349,Foothills Solar Plant Hybrid,AZ,6228.3517790794995
2030,1,p28,FabTechSolar,400825,Fort Huachuca Solar PV Project,AZ,12620.825111309088
2030,1,p28,WeRecycleSolar,400845,Gila Bend Hybrid,AZ,2511.418251911006
2030,1,p28,FabTechSolar,400599,"Gilbert Solar Facility I, LLC",AZ,6760.6014988680845
2030,1,p28,FabTechSolar,405282,Intel - Ocotillo Campus Solar,AZ,1943.7521609707949
2030,1,p28,WeRecycleSolar,405125,Jewish Community Center PV,AZ,37246.242271954776
2030,1,p28,WeRecycleSolar,400595,Lake Pleasant WTP,AZ,13999.092741871009
2030,1,p28,WeRecycleSolar,400128,Luke Solar,AZ,1622.956951222729
2030,1,p28,WeRecycleSolar,405068,Macys Goodyear,AZ,9848.90609512598
2030,1,p28,FabTechSolar,404512,Mesa Solar Array,AZ,3115.925904262123
2030,1,p28,WeRecycleSolar,400250,Mesquite Solar 1,AZ,828.8413719655525
2030,1,p28,WeRecycleSolar,401622,"Mesquite Solar 3, LLC",AZ,645.208301692901
2030,1,p28,WeRecycleSolar,403572,OE_AZ1,AZ,2528.5413866160466
2030,1,p28,WeRecycleSolar,405126,Paradise Valley H.S. PV,AZ,16330.140841550727
2030,1,p28,WeRecycleSolar,405150,Phoenix Airport East Economy Lot,AZ,14750.493992464775
2030,1,p28,WeRecycleSolar,405151,Phoenix Airport Rental Car Center,AZ,1717.5599547708985
2030,1,p28,FabTechSolar,402528,Pinal Central Energy Center Hybrid,AZ,2691.6622187567764
2030,1,p28,FabTechSolar,400125,"Poseidon Solar, LLC",AZ,3216.882312141275
2030,1,p28,WeRecycleSolar,400031,Prescott Airport,AZ,28980.358958424567
2030,1,p28,WeRecycleSolar,400401,Prescott Solar Plant,AZ,8722.639214456698
2030,1,p28,FabTechSolar,400323,Queen Creek Solar Farm,AZ,1877.262289564581
2030,1,p28,WeRecycleSolar,400289,"RE Bagdad Solar I, LLC",AZ,7023.862633906346
2030,1,p28,FabTechSolar,400758,Red Horse 2,AZ,6726.341211818488
2030,1,p28,FabTechSolar,401726,Red Rock,AZ,2539.785262740375
2030,1,p28,WeRecycleSolar,400416,Saddle Mountain Solar I,AZ,6724.983755882506
2030,1,p28,FabTechSolar,403674,Saint Solar,AZ,1391.0950407786588
2030,1,p28,FabTechSolar,401214,Sandstone Solar,AZ,1223.070272431972
2030,1,p28,WeRecycleSolar,405029,Solana Generating Station,AZ,734.0780145036025
2030,1,p28,WeRecycleSolar,406275,Sonoran Solar Energy,AZ,583.2416125080662
2030,1,p28,WeRecycleSolar,401975,"Sun Streams, LLC",AZ,815.590308400105
2030,1,p28,WeRecycleSolar,405311,T0588 Phoenix - AZ,AZ,10432.325757366247
2030,1,p28,FabTechSolar,405134,Union HS at Casa Grande,AZ,22493.109426010502
2030,1,p28,FabTechSolar,405135,Vista Grande HS at Casa Grande,AZ,19551.259971636326
2030,1,p29,FabTechSolar,400014,Springerville,AZ,3905.93516658452
2030,1,p30,FabTechSolar,405143,Actus Lend Lease DMAFB,AZ,51025.106576565915
2030,1,p30,FabTechSolar,405611,Amazon TUS2,AZ,31250.87019393725
2030,1,p30,FabTechSolar,400939,Avalon Solar,AZ,3226.8740644071154
2030,1,p30,FabTechSolar,400226,Avra Valley Solar,AZ,4732.609846189694
2030,1,p30,FabTechSolar,404704,Broadway 2 - Tucson Phase II,AZ,43514.539666724595
2030,1,p30,FabTechSolar,401295,Davis Monthan AFB (AZ) West Airfield,AZ,12566.50587371555
2030,1,p30,FabTechSolar,400761,"Gato Montes Solar, LLC",AZ,11318.758293159015
2030,1,p30,FabTechSolar,404536,Iron Horse Battery Storage Hybrid,AZ,82437.18667679501
2030,1,p30,FabTechSolar,400552,"Picture Rocks Solar, LLC",AZ,3319.645809655461
2030,1,p30,FabTechSolar,405374,Pima Community College,AZ,144297.4641648586
2030,1,p30,FabTechSolar,405303,Pima Community College - East Campus,AZ,58408.461424614194
2030,1,p30,FabTechSolar,405516,Pima Community College NW,AZ,33672.064750908845
2030,1,p30,FabTechSolar,400408,Prairie Fire,AZ,36527.22686772805
2030,1,p30,FabTechSolar,404926,Raptor Ridge,AZ,3535.314332201187
2030,1,p30,FabTechSolar,400857,Rio Rico Solar,AZ,36757.41584591937
2030,1,p30,FabTechSolar,401076,Tech Park Solar,AZ,32620.88496419034
2030,1,p30,FabTechSolar,400156,UASTP I,AZ,69029.42282226257
2030,1,p30,FabTechSolar,401075,Valencia Solar,AZ,6199.9647735079525
2030,1,p30,FabTechSolar,404187,"Wilmot Energy Center, LLC",AZ,1041.51948461002
2030,1,p31,SolarCycle,400211,Alamogordo Solar Energy Center,NM,201264.59070067032
2030,1,p31,FabTechSolar,400206,Albuquerque Solar Energy Center,NM,356314.89794020576
2030,1,p31,SolarCycle,403675,Alcalde Solar Array,NM,221280.9192135482
2030,1,p31,FabTechSolar,405469,Arroyo Solar Energy Storage Hybrid,NM,2615.221587484832
2030,1,p31,FabTechSolar,403321,Bluewater CDEC 1,NM,118325.76494437463
2030,1,p31,SolarCycle,403736,Britton Solar Energy Center,NM,27461.78346819401
2030,1,p31,SolarCycle,402876,CNMEC Solar Energy Center,NM,216286.00941019077
2030,1,p31,SolarCycle,402519,Carrizozo Solar,NM,340055.94971771113
2030,1,p31,FabTechSolar,401202,Cibola,NM,169833.46596242377
2030,1,p31,FabTechSolar,402988,City of Gallup Solar,NM,63977.3432467073
2030,1,p31,FabTechSolar,403604,City of Rio Rancho WWTP,NM,382862.76713099796
2030,1,p31,FabTechSolar,401225,City of Truth or Consequences PV,NM,201051.03961339442
2030,1,p31,FabTechSolar,400209,Deming Solar Energy Center,NM,40546.86243136146
2030,1,p31,FabTechSolar,403868,Encino Solar Energy Center,NM,25643.415110786886
2030,1,p31,FabTechSolar,401038,Eubank Landfill Solar Array,NM,713710.0832505914
2030,1,p31,FabTechSolar,402441,Facebook 1 Solar Energy Center,NM,67655.20484769672
2030,1,p31,FabTechSolar,402443,Facebook 3 Solar Energy Center,NM,135590.17411685633
2030,1,p31,FabTechSolar,403322,Grants CDEC 2,NM,254955.14541285002
2030,1,p31,SolarCycle,401617,Holloman Solar Facility,NM,201842.11361707168
2030,1,p31,FabTechSolar,406109,"Jicarilla Solar 1, LLC",NM,14803.18002870975
2030,1,p31,SolarCycle,400427,Kit Carson,NM,334749.56653063063
2030,1,p31,FabTechSolar,400207,Los Lunas Solar Energy Center,NM,192871.68486965582
2030,1,p31,FabTechSolar,400838,Macho Springs,NM,11100.458700633306
2030,1,p31,FabTechSolar,400582,Manzano Solar,NM,85839.11268465673
2030,1,p31,SolarCycle,401201,Meadow Lake Solar Energy Center,NM,51247.876057476955
2030,1,p31,SolarCycle,405693,NMSU Solar and Storage,NM,94881.47809382887
2030,1,p31,FabTechSolar,406375,OE_ESCL,NM,6053.304895363155
2030,1,p31,SolarCycle,400581,Otero Solar,NM,132156.8967322399
2030,1,p31,SolarCycle,400146,Questa Solar Facility,NM,846127.3488032261
2030,1,p31,FabTechSolar,403178,"RC Energy AA, LLC Solar Facility",NM,717398.8501656201
2030,1,p31,FabTechSolar,401566,Rio Communities Solar Energy Center,NM,67709.88064799772
2030,1,p31,FabTechSolar,403084,Rio De Oro Solar Energy Center,NM,34256.35174559777
2030,1,p31,FabTechSolar,400624,Rio Rancho High School,NM,1420459.422218279
2030,1,p31,FabTechSolar,404648,"Route 66 Energy Center, LLC",NM,6383.299334956087
2030,1,p31,SolarCycle,403387,San Miguel I Solar Energy Center,NM,45541.1832909343
2030,1,p31,SolarCycle,405458,San Miguel II Solar Energy Center,NM,68139.57843209298
2030,1,p31,FabTechSolar,401161,Sandoval Solar Energy Center,NM,114265.75598437655
2030,1,p31,FabTechSolar,401565,Santolina Solar Energy Center,NM,43115.292065949696
2030,1,p31,FabTechSolar,406343,Sky Ranch Solar,NM,7421.711639779264
2030,1,p31,FabTechSolar,401563,South Valley Solar Energy Center,NM,137699.89160455763
2030,1,p31,SolarCycle,401162,Springer Solar 1,NM,830933.0495237424
2030,1,p31,SolarCycle,400735,Storrie Lake Solar Project,NM,151703.79278466577
2030,1,p31,FabTechSolar,400623,Sue Cleveland High School,NM,1432393.936482624
2030,1,p31,SolarCycle,400343,"SunE EPE1, LLC",NM,103110.96330886015
2030,1,p31,SolarCycle,402854,Syncarpha Eagle Nest,NM,402062.8842568757
2030,1,p31,SolarCycle,403412,Syncarpha El Rito,NM,522499.4487278882
2030,1,p31,SolarCycle,403413,Syncarpha Questa,NM,536095.9173218277
2030,1,p31,SolarCycle,403411,Syncarpha Taos,NM,519024.9549221262
2030,1,p31,SolarCycle,404618,Taos Mesa Energy Facility Hybrid,NM,108670.05973894804
2030,1,p31,FabTechSolar,403011,Vista Solar Energy Center,NM,136976.84773614162
2030,1,p31,FabTechSolar,405245,Wal-Mart Truth or Consequences PV,NM,288767.28416204586
2030,1,p47,SolarCycle,400979,"Caprock Solar 1, LLC",NM,36214.257649789426
2030,1,p47,SolarCycle,404980,Chaves County Solar II,NM,21626.140187854144
2030,1,p47,SolarCycle,401681,"Chaves Solar, LLC",NM,9537.248094584927
2030,1,p47,SolarCycle,400614,GSE NM1,NM,171532.60396097478
2030,1,p47,SolarCycle,401682,"Roswell Solar, LLC",NM,9617.409342955112
2030,1,p47,SolarCycle,400546,SEV NM Phase 2,NM,457709.7842992085
2030,1,p47,SolarCycle,400260,SPS1 Dollarhide,NM,5267.4634469368975
2030,1,p47,SolarCycle,400261,SPS2 Jal,NM,7413.335923493581
2030,1,p47,SolarCycle,400262,SPS3 Lea,NM,6562.97781827334
2030,1,p47,SolarCycle,400264,SPS5 Hopi,NM,15505.312398506656
2030,1,p47,SolarCycle,404698,SoCore Clovis 1,NM,361391.15411053336
2030,1,p48,SolarCycle,406439,"BESSP1, LLC",TX,9377.574379819269
2030,1,p48,SolarCycle,405590,"Hecate Energy Frye Solar, LLC",TX,694.7091576131128
2030,1,p57,OkonRecycling,404918,"Hecate Energy Upshur Rural, LLC",TX,15447.686476200384
2030,1,p59,SolarCycle,402666,Fort Bliss (DEA EPIC),TX,66779.6139707722
2030,1,p59,SolarCycle,401616,Montana Solar Facility,TX,42913.62023791408
2030,1,p60,SolarCycle,403962,"ANSON Solar Center, LLC",TX,3044.8348259984427
2030,1,p60,OkonRecycling,403883,Azure Sky Solar,TX,2851.283979975762
2030,1,p60,SolarCycle,403232,"ENGIE Long Draw Solar, LLC",TX,685.9011684839363
2030,1,p60,SolarCycle,406252,Highpeak Solar 1,TX,26727.09970001775
2030,1,p60,SolarCycle,402721,Holstein 1 Solar Farm,TX,1470.3108895041978
2030,1,p60,SolarCycle,405492,Juno Solar Project,TX,615.8321340812535
2030,1,p60,SolarCycle,402541,Lamesa II,TX,2616.1365495860605
2030,1,p60,SolarCycle,401660,Lamesa Solar,TX,1487.9583105103702
2030,1,p60,SolarCycle,405932,Lumina II Solar Project,TX,806.6986695074664
2030,1,p60,SolarCycle,405933,Lumina Solar Project,TX,967.8297724940987
2030,1,p60,SolarCycle,402909,Misae Solar,TX,1417.5938107427985
2030,1,p60,OkonRecycling,400968,"OCI Alamo 7, LLC",TX,2126.434332314077
2030,1,p60,SolarCycle,405939,Texas Solar Nova 1,TX,981.1637907103185
2030,1,p61,SolarCycle,400967,Alamo 6,TX,596.6039086033006
2030,1,p61,SolarCycle,403557,Aragorn Solar Project,TX,1395.9259880873722
2030,1,p61,SolarCycle,400691,Barilla Solar,TX,1435.7932896802272
2030,1,p61,SolarCycle,401946,Bluebell Solar,TX,4801.237157239694
2030,1,p61,SolarCycle,403574,Bluebell Solar II,TX,780.4594340594228
2030,1,p61,SolarCycle,400554,"Bryan Solar, LLC",TX,14625.623412518149
2030,1,p61,SolarCycle,401463,Buckthorn Westex,TX,683.5273329258366
2030,1,p61,SolarCycle,401703,East Pecos Solar,TX,637.1915265143848
2030,1,p61,SolarCycle,405363,Galloway 1 Solar Farm,TX,694.2397652197357
2030,1,p61,SolarCycle,405494,Galloway 2 Solar Farm,TX,1057.9654453980527
2030,1,p61,SolarCycle,403210,Greasewood,TX,561.2880676582992
2030,1,p61,SolarCycle,406370,Hayhurst Texas Solar,TX,6353.146202170537
2030,1,p61,SolarCycle,402304,Midway Solar-TX,TX,559.1669623680089
2030,1,p61,SolarCycle,400695,"OCI Alamo 4, LLC",TX,8177.054251772727
2030,1,p61,SolarCycle,401868,Pearl Solar,TX,2088.4569928615956
2030,1,p61,SolarCycle,402290,RE Maplewood,TX,517.0835447435218
2030,1,p61,SolarCycle,401430,RE Roserock,TX,552.2722038684481
2030,1,p61,SolarCycle,402848,Rambler,TX,655.1289428391495
2030,1,p61,SolarCycle,402083,Solaire Holman Solar Project,TX,3803.8442681509164
2030,1,p61,SolarCycle,403023,"Taygete Energy Project, LLC",TX,550.1172612860487
2030,1,p61,SolarCycle,404647,Taygete II Energy Project,TX,554.5923513728615
2030,1,p61,SolarCycle,403551,Titan Solar Project,TX,746.9935796782871
2030,1,p61,SolarCycle,406103,Zier Solar,TX,1347.7854140612953
2030,1,p62,SolarCycle,403502,2W Permian Solar Project Hybrid,TX,436.99716954813124
2030,1,p62,SolarCycle,403697,CED Crane Solar,TX,996.419066128826
2030,1,p62,SolarCycle,401525,Castle Gap Solar Hybrid,TX,526.4553152858269
2030,1,p62,SolarCycle,404599,Emerald Grove,TX,666.7018684709394
2030,1,p62,SolarCycle,403004,Lapetus,TX,913.8650553604359
2030,1,p62,SolarCycle,403280,Oberon IA,TX,479.5496525334124
2030,1,p62,SolarCycle,403279,Oberon IB,TX,802.2190572119335
2030,1,p62,SolarCycle,403602,Oxy Renewable Energy-Goldsmith,TX,1230.994070478608
2030,1,p62,SolarCycle,402679,Phoebe Solar,TX,465.0116236883513
2030,1,p62,SolarCycle,403177,Prospero Solar,TX,479.09989788981113
2030,1,p62,SolarCycle,404128,Prospero Solar II,TX,776.9773397878533
2030,1,p62,SolarCycle,403070,"Roadrunner, LLC",TX,521.9485460784349
2030,1,p62,SolarCycle,401805,Upton County Solar,TX,989.0685391533857
2030,1,p62,SolarCycle,402995,West of the Pecos Solar,TX,729.2039296287035
2030,1,p63,OkonRecycling,405599,"BPL Crown Solar, LLC",TX,1982.735747321809
2030,1,p63,OkonRecycling,404966,BPL Files Solar,TX,521.4102361827812
2030,1,p63,OkonRecycling,403825,Briar Creek Solar 1,TX,1023.662810760529
2030,1,p63,OkonRecycling,401697,CoServ Community Solar Station,TX,14138.728309532336
2030,1,p63,OkonRecycling,403188,Coniglio Solar,TX,783.7175694583964
2030,1,p63,OkonRecycling,406415,Dileo Solar,TX,2144.8030385159846
2030,1,p63,OkonRecycling,402655,Eddy II,TX,33378.201953567695
2030,1,p63,OkonRecycling,406221,Eiffel Solar Project,TX,1011.4820012565748
2030,1,p63,OkonRecycling,405540,"Ellis Solar, LLC",TX,732.4369343692824
2030,1,p63,OkonRecycling,403823,Elm Branch Solar 1,TX,619.7457943879552
2030,1,p63,OkonRecycling,406206,Five Wells Solar Center - Hybrid,TX,944.3937298551064
2030,1,p63,OkonRecycling,404567,G.S.E. One LLC,TX,865.8389570195579
2030,1,p63,OkonRecycling,403288,Griffin Solar,TX,57822.320476708555
2030,1,p63,OkonRecycling,406202,Grizzly Ridge Solar,TX,1531.5822452937261
2030,1,p63,OkonRecycling,402329,Highway 56 Solar,TX,17441.41099180988
2030,1,p63,OkonRecycling,405319,IKEA Grand Prairie Rooftop PV System,TX,3978.9244589016166
2030,1,p63,OkonRecycling,405689,"IP Radian, LLC",TX,794.414949161914
2030,1,p63,OkonRecycling,403481,Impact Solar 1,TX,701.561707074989
2030,1,p63,OkonRecycling,403190,Kellam Solar,TX,1562.381192837359
2030,1,p63,OkonRecycling,402421,Leon Solar,TX,3028.5554108753095
2030,1,p63,OkonRecycling,403874,Lily Solar Hybrid,TX,699.6541292859521
2030,1,p63,OkonRecycling,402404,Marlin Solar,TX,20588.369555418496
2030,1,p63,OkonRecycling,405794,Noble Solar,TX,672.8387856235443
2030,1,p63,OkonRecycling,402405,North Gainesville Solar,TX,5162.201602761296
2030,1,p63,OkonRecycling,401933,Phantom Solar,TX,13529.542682361453
2030,1,p63,OkonRecycling,404872,"Pisgah Ridge Solar, LLC",TX,669.5114211064372
2030,1,p63,OkonRecycling,406416,Pitts Dudik Solar,TX,4252.459836680798
2030,1,p63,OkonRecycling,403189,Rippey Solar,TX,3392.755186317151
2030,1,p63,OkonRecycling,404630,"Samson Solar Energy III, LLC",TX,706.1941455949697
2030,1,p63,OkonRecycling,402652,Sterling Solar (TX),TX,7467.502141235661
2030,1,p63,OkonRecycling,404812,Sun Valley Solar Project,TX,602.4622921701505
2030,1,p63,OkonRecycling,404388,"TPE Erath Solar, LLC",TX,28315.93726213811
2030,1,p63,OkonRecycling,403457,"TPE Whitney Solar, LLC",TX,7184.848139966201
2030,1,p63,OkonRecycling,405361,Toyota HQ Plan,TX,1348.1091854100025
2030,1,p63,OkonRecycling,405907,Verizon Hidden Ridge Solar Project,TX,1677.5143252113523
2030,1,p63,OkonRecycling,405984,Waco Solar,TX,687.8231261798097
2030,1,p63,OkonRecycling,402306,Walnut Springs Solar,TX,46279.69103443106
2030,1,p63,OkonRecycling,402497,West Moore Solar II,TX,18731.976083948255
2030,1,p63,OkonRecycling,402330,Whitesboro Solar,TX,18441.41123766746
2030,1,p63,OkonRecycling,402331,Whitesboro Solar II,TX,18599.17487180502
2030,1,p63,OkonRecycling,402414,Whitewright Solar,TX,6180.915807534074
2030,1,p63,OkonRecycling,402654,Yellow Jacket,TX,24125.03282488971
2030,1,p64,OkonRecycling,404721,"Blue Jay Solar I, LLC",TX,767.4179037584289
2030,1,p64,OkonRecycling,402389,"E-Volve Energy Holdings, LLC",TX,275749.61257912515
2030,1,p64,OkonRecycling,400227,East Blackland Solar Project 1,TX,1597.6772827947805
2030,1,p64,OkonRecycling,405101,IKEA Round Rock 027,TX,119879.99449723678
2030,1,p64,SolarCycle,402653,Lampwick,TX,49972.507994205975
2030,1,p64,OkonRecycling,405613,Niagara Bottling - Seguin,TX,49073.682945321605
2030,1,p65,OkonRecycling,405700,Aktina Solar,TX,3009.1540551539492
2030,1,p65,OkonRecycling,405727,Bernard Creek Solar,TX,5621.2218864950855
2030,1,p65,OkonRecycling,405477,Brightside,TX,21089.335285118705
2030,1,p65,OkonRecycling,401728,CPS 1 Community Solar,TX,857009.1073456816
2030,1,p65,OkonRecycling,402656,Cascade Solar (TX),TX,257907.27830149114
2030,1,p65,SolarCycle,404247,"Corazon Energy, LLC",TX,18091.0500606898
2030,1,p65,SolarCycle,404062,Elara Solar,TX,22380.41652912572
2030,1,p65,OkonRecycling,404361,FELPS 2-Calaveras,TX,2668605.070601708
2030,1,p65,OkonRecycling,404739,FELPS 6- Floresville West,TX,905710.6717560528
2030,1,p65,OkonRecycling,404740,FELPS 7- Floresville West,TX,1357927.439790816
2030,1,p65,OkonRecycling,406516,Ganado Solar,TX,6165.829311172403
2030,1,p65,SolarCycle,405801,Horizon Solar,TX,3262.9775976649707
2030,1,p65,OkonRecycling,405380,IKEA Live Oak Rooftop PV System,TX,361725.88281811064
2030,1,p65,SolarCycle,403343,Mars Solar,TX,381838.5111892627
2030,1,p65,OkonRecycling,404877,Nebula Solar,TX,12186.078143193054
2030,1,p65,OkonRecycling,400694,"OCI Alamo 2, LLC",TX,191301.63088972153
2030,1,p65,OkonRecycling,400965,"OCI Alamo 3, LLC",TX,152257.37413662564
2030,1,p65,SolarCycle,400966,"OCI Alamo 5, LLC",TX,5599.292262460162
2030,1,p65,OkonRecycling,400593,OCI Alamo Solar I Hybrid,TX,33269.775886484844
2030,1,p65,SolarCycle,405809,Shakes Solar,TX,7439.343575239569
2030,1,p65,OkonRecycling,405545,Sparta Solar,TX,6534.757911149054
2030,1,p65,OkonRecycling,400379,"SunE CPS1, LLC",TX,90950.85228206542
2030,1,p65,OkonRecycling,400353,"SunE CPS3, LLC",TX,65479.47188018271
2030,1,p65,OkonRecycling,406032,Tres Bahias,TX,5325.0038677003595
2030,1,p65,OkonRecycling,404878,Vancourt Solar Interconnections,TX,106202.01154725319
2030,1,p66,OkonRecycling,406386,Umbriel Solar,TX,5335.965563501161
2030,1,p67,OkonRecycling,404939,Brazoria County Solar Project (Danciger),TX,1494.6472820969907
2030,1,p67,OkonRecycling,404681,Brazoria West,TX,1882.2379008651144
2030,1,p67,OkonRecycling,402649,Bronson,TX,80154.07072848502
2030,1,p67,OkonRecycling,406178,"Cutlass Solar 1, LLC",TX,7955.4843493618355
2030,1,p67,OkonRecycling,404587,Fighting Jays Solar Project,TX,1337.273519620162
2030,1,p67,OkonRecycling,405564,"Fort Bend Solar, LLC",TX,3715.005500465637
2030,1,p67,OkonRecycling,403514,Wagyu,TX,2850.7067161660784
2030,2,p12,ComstockMetals,402144,Battle Mountain Solar Project,NV,1863.3392976617956
2030,2,p12,ComstockMetals,405025,Brady,NV,792.9710616732948
2030,2,p12,ComstockMetals,405553,Dodge Flat,NV,430.891952873722
2030,2,p12,ComstockMetals,402609,"EGP Stillwater Solar PV II, LLC",NV,1328.4737657376274
2030,2,p12,ComstockMetals,404659,Fish Springs,NV,1014.7891133438203
2030,2,p12,ComstockMetals,401086,Ft. Churchill PV,NV,967.5966048657964
2030,2,p12,ComstockMetals,405028,Galena 2 Geothermal Power Plant,NV,1362.5628074482652
2030,2,p12,ComstockMetals,402130,Luning Energy,NV,2046.9762370380881
2030,2,p12,ComstockMetals,400468,"Patua Acquisition Project, LLC",NV,1825.1119150889494
2030,2,p12,ComstockMetals,405021,Steamboat Hills LP,NV,1851.9735973894167
2030,2,p12,ComstockMetals,405023,Steamboat II,NV,1242.8058509293191
2030,2,p12,ComstockMetals,405024,Steamboat III,NV,966.0288892960766
2030,2,p12,ComstockMetals,400029,Stillwater Facility,NV,2115.5738848710253
2030,2,p12,ComstockMetals,401318,Sunshine Valley Solar,NV,1237.0306287336093
2030,2,p12,ComstockMetals,405576,Tesla Reno GigaFactory,NV,671.4673379141447
2030,2,p12,ComstockMetals,403308,Turquoise Liberty Solar,NV,2365.1160078325934
2030,2,p12,ComstockMetals,403884,"Turquoise Nevada, LLC",NV,768.5920647283592
2030,2,p12,ComstockMetals,400035,Western 102 Power Plant,NV,2444.686371886402
2030,2,p13,WeRecycleSolar,400555,Apex Solar PV Power Project,NV,13095.771659346427
2030,2,p13,WeRecycleSolar,405385,Arrow Canyon Solar Hybrid,NV,1134.402463779045
2030,2,p13,WeRecycleSolar,401649,"Boulder Solar Power, LLC",NV,1534.623062309969
2030,2,p13,WeRecycleSolar,400086,CM48,NV,5087.309655549762
2030,2,p13,WeRecycleSolar,400363,Copper Mountain Solar 2,NV,3315.566972983267
2030,2,p13,WeRecycleSolar,400802,Copper Mountain Solar 3,NV,2193.833120096605
2030,2,p13,WeRecycleSolar,403688,"Copper Mountain Solar 5, LLC",NV,2193.0146053169406
2030,2,p13,WeRecycleSolar,405358,Dignity - San Martin,NV,146735.15297990773
2030,2,p13,WeRecycleSolar,405355,Dignity - Siena Campus,NV,171948.34726015056
2030,2,p13,WeRecycleSolar,405556,Dry Lake Solar Energy Center,NV,2087.860076869293
2030,2,p13,WeRecycleSolar,405495,Gemini Solar,NV,834.9351301560541
2030,2,p13,WeRecycleSolar,403386,"Harry Allen Solar Energy, LLC",NV,2942.2471652795343
2030,2,p13,WeRecycleSolar,406090,IGS LAS1,NV,96310.85416321318
2030,2,p13,WeRecycleSolar,405309,IKEA Las Vegas 462,NV,499743.4816991812
2030,2,p13,WeRecycleSolar,400545,Las Vegas WPCF Solar Plant,NV,74171.46567100513
2030,2,p13,WeRecycleSolar,400313,Moapa Southern Paiute,NV,2434.1105770020317
2030,2,p13,WeRecycleSolar,400600,Mountain View Solar,NV,25718.68301326014
2030,2,p13,WeRecycleSolar,401274,River Mountains Solar,NV,16678.537114793617
2030,2,p13,WeRecycleSolar,400166,Silver State Solar Power North,NV,3387.1813991615054
2030,2,p13,WeRecycleSolar,400658,Silver State Solar Power South,NV,1328.2561555647048
2030,2,p13,WeRecycleSolar,405246,"Solar Las Vegas MB 2, LLC",NV,109918.45748654444
2030,2,p13,WeRecycleSolar,405188,Solar Las Vegas MB-1,NV,25560.51603145743
2030,2,p13,WeRecycleSolar,402691,"Techren Solar III, LLC",NV,18566.036375225467
2030,2,p13,WeRecycleSolar,401851,Townsite Solar Project Hybrid,NV,3257.455899138934
2030,2,p13,WeRecycleSolar,406448,Yellow Pine II,NV,9440.495178054402
2030,2,p13,WeRecycleSolar,404971,Yellow Pine Solar,NV,3276.853033845153
2030,2,p27,WeRecycleSolar,400374,"Black Mountain Solar, LLC",AZ,4740.810546533974
2030,2,p27,WeRecycleSolar,402236,Gray Hawk Solar,AZ,1284.2482004878896
2030,2,p27,WeRecycleSolar,401819,Jacobson 5 MW Solar,AZ,19030.52734359938
2030,2,p27,WeRecycleSolar,401311,Mohave Electric at Fort Mohave,AZ,6893.899911300397
2030,2,p27,WeRecycleSolar,406478,Mohave Energy - Hybrid,AZ,5271.069135220115
2030,2,p28,WeRecycleSolar,405418,AZ State University - Tempe Campus Solar,AZ,3758.50395549105
2030,2,p28,WeRecycleSolar,400148,Agua Caliente Solar Project,AZ,592.6328327199379
2030,2,p28,WeRecycleSolar,400274,Arizona Western College PV,AZ,50231.71432152718
2030,2,p28,WeRecycleSolar,400240,Arlington Valley Solar Energy II,AZ,730.120550626299
2030,2,p28,WeRecycleSolar,400437,Badger 1,AZ,5875.682126907347
2030,2,p28,FabTechSolar,401688,Bonnybrooke PV,AZ,1527.3780540129683
2030,2,p28,WeRecycleSolar,400371,Buckeye Union HS District 201,AZ,17073.875975161027
2030,2,p28,WeRecycleSolar,401069,Desert Star Hybrid,AZ,7167.70093633151
2030,2,p28,FabTechSolar,406171,Eleven Mile Solar Center,AZ,594.394099844204
2030,2,p28,WeRecycleSolar,400349,Foothills Solar Plant Hybrid,AZ,7879.309877634777
2030,2,p28,FabTechSolar,400825,Fort Huachuca Solar PV Project,AZ,5627.512078454593
2030,2,p28,WeRecycleSolar,400845,Gila Bend Hybrid,AZ,3109.505531910505
2030,2,p28,FabTechSolar,400599,"Gilbert Solar Facility I, LLC",AZ,4481.1632020001425
2030,2,p28,WeRecycleSolar,400507,Hyder II Hybrid,AZ,11210.832952982943
2030,2,p28,FabTechSolar,405282,Intel - Ocotillo Campus Solar,AZ,1885.78035744341
2030,2,p28,WeRecycleSolar,405125,Jewish Community Center PV,AZ,12220.857517881323
2030,2,p28,WeRecycleSolar,402234,Kayenta Solar Project,AZ,2568.942392506886
2030,2,p28,WeRecycleSolar,400595,Lake Pleasant WTP,AZ,9125.608244532821
2030,2,p28,WeRecycleSolar,400128,Luke Solar,AZ,1969.3757604052653
2030,2,p28,WeRecycleSolar,405068,Macys Goodyear,AZ,6462.717159917265
2030,2,p28,FabTechSolar,404512,Mesa Solar Array,AZ,2142.6240052620874
2030,2,p28,WeRecycleSolar,400250,Mesquite Solar 1,AZ,950.3163897541842
2030,2,p28,WeRecycleSolar,401621,"Mesquite Solar 2, LLC",AZ,1334.1264053137927
2030,2,p28,WeRecycleSolar,401622,"Mesquite Solar 3, LLC",AZ,609.7778745971546
2030,2,p28,WeRecycleSolar,405150,Phoenix Airport East Economy Lot,AZ,5003.865532449541
2030,2,p28,WeRecycleSolar,405151,Phoenix Airport Rental Car Center,AZ,1668.0822414665197
2030,2,p28,FabTechSolar,402528,Pinal Central Energy Center Hybrid,AZ,3340.8059977561957
2030,2,p28,FabTechSolar,400125,"Poseidon Solar, LLC",AZ,2207.400831308466
2030,2,p28,WeRecycleSolar,400031,Prescott Airport,AZ,55414.188187312764
2030,2,p28,WeRecycleSolar,400401,Prescott Solar Plant,AZ,5740.068688725203
2030,2,p28,FabTechSolar,400323,Queen Creek Solar Farm,AZ,1347.8582327388917
2030,2,p28,FabTechSolar,400758,Red Horse 2,AZ,4459.180717667228
2030,2,p28,FabTechSolar,401726,Red Rock,AZ,1772.953937773384
2030,2,p28,WeRecycleSolar,400416,Saddle Mountain Solar I,AZ,8516.619461964407
2030,2,p28,FabTechSolar,403674,Saint Solar,AZ,558.9794853061655
2030,2,p28,FabTechSolar,401214,Sandstone Solar,AZ,928.107932733621
2030,2,p28,WeRecycleSolar,405029,Solana Generating Station,AZ,542.9033506377245
2030,2,p28,WeRecycleSolar,406275,Sonoran Solar Energy,AZ,517.5736172398433
2030,2,p28,WeRecycleSolar,406517,Sun Streams 3,AZ,779.3624312701235
2030,2,p28,WeRecycleSolar,401975,"Sun Streams, LLC",AZ,933.3117863309727
2030,2,p28,WeRecycleSolar,405311,T0588 Phoenix - AZ,AZ,4691.371784961694
2030,2,p28,FabTechSolar,405134,Union HS at Casa Grande,AZ,9850.425427348047
2030,2,p28,FabTechSolar,405135,Vista Grande HS at Casa Grande,AZ,37264.16331006879
2030,2,p29,FabTechSolar,400014,Springerville,AZ,5260.86410410988
2030,2,p30,FabTechSolar,405143,Actus Lend Lease DMAFB,AZ,17367.292200076266
2030,2,p30,FabTechSolar,405611,Amazon TUS2,AZ,21079.688976673147
2030,2,p30,FabTechSolar,400939,Avalon Solar,AZ,4189.771637602057
2030,2,p30,FabTechSolar,401479,Avalon Solar II,AZ,2104.5682853906555
2030,2,p30,FabTechSolar,400226,Avra Valley Solar,AZ,1368.0658764052407
2030,2,p30,FabTechSolar,404704,Broadway 2 - Tucson Phase II,AZ,6180.033205387615
2030,2,p30,FabTechSolar,401295,Davis Monthan AFB (AZ) West Airfield,AZ,8555.347185336392
2030,2,p30,FabTechSolar,400761,"Gato Montes Solar, LLC",AZ,7718.967798787473
2030,2,p30,FabTechSolar,404536,Iron Horse Battery Storage Hybrid,AZ,55390.45875635586
2030,2,p30,FabTechSolar,400552,"Picture Rocks Solar, LLC",AZ,2357.071774188957
2030,2,p30,FabTechSolar,405374,Pima Community College,AZ,32552.035310023286
2030,2,p30,FabTechSolar,405303,Pima Community College - East Campus,AZ,39283.73108231177
2030,2,p30,FabTechSolar,405516,Pima Community College NW,AZ,67307.92963069226
2030,2,p30,FabTechSolar,404926,Raptor Ridge,AZ,3202.182448509688
2030,2,p30,FabTechSolar,400857,Rio Rico Solar,AZ,12585.394560392895
2030,2,p30,FabTechSolar,401076,Tech Park Solar,AZ,7599.341816767339
2030,2,p30,FabTechSolar,400156,UASTP I,AZ,23401.541118472065
2030,2,p30,FabTechSolar,401075,Valencia Solar,AZ,12063.346949809114
2030,2,p30,FabTechSolar,404187,"Wilmot Energy Center, LLC",AZ,830.0178027658344
2030,2,p31,SolarCycle,400211,Alamogordo Solar Energy Center,NM,108540.12046026484
2030,2,p31,FabTechSolar,400206,Albuquerque Solar Energy Center,NM,128143.37113574124
2030,2,p31,SolarCycle,403675,Alcalde Solar Array,NM,119316.37609100714
2030,2,p31,FabTechSolar,405469,Arroyo Solar Energy Storage Hybrid,NM,2785.232045938592
2030,2,p31,FabTechSolar,403321,Bluewater CDEC 1,NM,85050.76817484749
2030,2,p31,SolarCycle,404981,Buena Vista Energy Center,NM,5003.64522882725
2030,2,p31,SolarCycle,402876,CNMEC Solar Energy Center,NM,174740.87547636143
2030,2,p31,SolarCycle,402519,Carrizozo Solar,NM,46115.418518258004
2030,2,p31,FabTechSolar,401202,Cibola,NM,18643.688800761392
2030,2,p31,FabTechSolar,402988,City of Gallup Solar,NM,23218.89350850658
2030,2,p31,FabTechSolar,403604,City of Rio Rancho WWTP,NM,309261.5785751902
2030,2,p31,FabTechSolar,401225,City of Truth or Consequences PV,NM,162437.7254043122
2030,2,p31,FabTechSolar,403868,Encino Solar Energy Center,NM,4930.126392422859
2030,2,p31,FabTechSolar,401038,Eubank Landfill Solar Array,NM,192413.53025728473
2030,2,p31,FabTechSolar,402442,Facebook 2 Solar Energy Center,NM,73202.94300314631
2030,2,p31,FabTechSolar,403322,Grants CDEC 2,NM,137445.67834829428
2030,2,p31,FabTechSolar,400216,"Hatch Solar Energy Center I, LLC",NM,63431.02324066345
2030,2,p31,SolarCycle,401617,Holloman Solar Facility,NM,54625.52167191855
2030,2,p31,FabTechSolar,406109,"Jicarilla Solar 1, LLC",NM,15908.57339148085
2030,2,p31,SolarCycle,400427,Kit Carson,NM,360409.7187297741
2030,2,p31,SolarCycle,400210,Las Vegas Solar Energy Center,NM,73691.21699227131
2030,2,p31,SolarCycle,400434,Los Alamos PV Site,NM,851192.7322810459
2030,2,p31,FabTechSolar,400207,Los Lunas Solar Energy Center,NM,104021.60455653306
2030,2,p31,FabTechSolar,400838,Macho Springs,NM,11921.681236400354
2030,2,p31,SolarCycle,401201,Meadow Lake Solar Energy Center,NM,82525.40731280559
2030,2,p31,SolarCycle,405693,NMSU Solar and Storage,NM,203865.19785672572
2030,2,p31,FabTechSolar,406375,OE_ESCL,NM,1414.5293573988079
2030,2,p31,SolarCycle,400581,Otero Solar,NM,71334.38736212031
2030,2,p31,SolarCycle,400146,Questa Solar Facility,NM,911033.9455560008
2030,2,p31,FabTechSolar,403178,"RC Energy AA, LLC Solar Facility",NM,257741.99593969824
2030,2,p31,FabTechSolar,401566,Rio Communities Solar Energy Center,NM,24558.55901082332
2030,2,p31,FabTechSolar,403084,Rio De Oro Solar Energy Center,NM,36854.70755540014
2030,2,p31,FabTechSolar,400624,Rio Rancho High School,NM,382660.9959369668
2030,2,p31,SolarCycle,400135,Roadrunner Solar,NM,30058.54461444865
2030,2,p31,FabTechSolar,404648,"Route 66 Energy Center, LLC",NM,4694.997663682722
2030,2,p31,SolarCycle,403387,San Miguel I Solar Energy Center,NM,24702.80509756486
2030,2,p31,FabTechSolar,401161,Sandoval Solar Energy Center,NM,123004.55190730155
2030,2,p31,SolarCycle,401564,Santa Fe Solar Energy Center,NM,28192.241609684756
2030,2,p31,FabTechSolar,401565,Santolina Solar Energy Center,NM,17647.57763449263
2030,2,p31,FabTechSolar,400596,Silver City WWTP PV Project,NM,165021.28873698664
2030,2,p31,FabTechSolar,406343,Sky Ranch Solar,NM,4180.301644576719
2030,2,p31,FabTechSolar,401563,South Valley Solar Energy Center,NM,37359.29373491268
2030,2,p31,SolarCycle,401162,Springer Solar 1,NM,447536.76864813844
2030,2,p31,SolarCycle,400735,Storrie Lake Solar Project,NM,244773.73935475986
2030,2,p31,FabTechSolar,400623,Sue Cleveland High School,NM,771347.2149840846
2030,2,p31,SolarCycle,400343,"SunE EPE1, LLC",NM,9616.139013572221
2030,2,p31,SolarCycle,403412,Syncarpha El Rito,NM,112833.7486875596
2030,2,p31,SolarCycle,403413,Syncarpha Questa,NM,192669.56437726924
2030,2,p31,SolarCycle,403411,Syncarpha Taos,NM,279613.7972319629
2030,2,p31,SolarCycle,404618,Taos Mesa Energy Facility Hybrid,NM,58689.70283696121
2030,2,p31,FabTechSolar,403011,Vista Solar Energy Center,NM,37164.659999927804
2030,2,p31,SolarCycle,400354,WSMR I,NM,42229.277509551976
2030,2,p47,SolarCycle,400979,"Caprock Solar 1, LLC",NM,6754.413594585367
2030,2,p47,SolarCycle,404980,Chaves County Solar II,NM,11698.266329225578
2030,2,p47,SolarCycle,401681,"Chaves Solar, LLC",NM,2831.7907442235273
2030,2,p47,SolarCycle,400614,GSE NM1,NM,182581.1898021243
2030,2,p47,SolarCycle,401682,"Roswell Solar, LLC",NM,5306.249779778126
2030,2,p47,SolarCycle,400546,SEV NM Phase 2,NM,61254.30149153623
2030,2,p47,SolarCycle,400260,SPS1 Dollarhide,NM,2990.8572111820686
2030,2,p47,SolarCycle,400261,SPS2 Jal,NM,11599.191622030783
2030,2,p47,SolarCycle,400262,SPS3 Lea,NM,16802.173017731573
2030,2,p47,SolarCycle,400264,SPS5 Hopi,NM,24520.802127106082
2030,2,p47,SolarCycle,404698,SoCore Clovis 1,NM,192548.65093415006
2030,2,p48,SolarCycle,406439,"BESSP1, LLC",TX,3912.637846496925
2030,2,p48,SolarCycle,405590,"Hecate Energy Frye Solar, LLC",TX,688.2756791935062
2030,2,p57,OkonRecycling,404918,"Hecate Energy Upshur Rural, LLC",TX,5510.891618775392
2030,2,p59,SolarCycle,402666,Fort Bliss (DEA EPIC),TX,81895.06100871837
2030,2,p59,SolarCycle,401616,Montana Solar Facility,TX,52594.489659367726
2030,2,p60,SolarCycle,403962,"ANSON Solar Center, LLC",TX,1814.9196089938873
2030,2,p60,OkonRecycling,403883,Azure Sky Solar,TX,1711.3748111551552
2030,2,p60,SolarCycle,403232,"ENGIE Long Draw Solar, LLC",TX,552.9498801005371
2030,2,p60,SolarCycle,406252,Highpeak Solar 1,TX,3921.0827957309016
2030,2,p60,SolarCycle,402721,Holstein 1 Solar Farm,TX,972.5892030733836
2030,2,p60,SolarCycle,405492,Juno Solar Project,TX,515.4647223186342
2030,2,p60,SolarCycle,402541,Lamesa II,TX,2771.1537895631277
2030,2,p60,SolarCycle,401660,Lamesa Solar,TX,982.0301261073494
2030,2,p60,SolarCycle,405932,Lumina II Solar Project,TX,617.5734820115293
2030,2,p60,SolarCycle,405933,Lumina Solar Project,TX,1007.5490777531915
2030,2,p60,SolarCycle,402909,Misae Solar,TX,944.3869018426362
2030,2,p60,OkonRecycling,400968,"OCI Alamo 7, LLC",TX,3170.795854341449
2030,2,p60,SolarCycle,405939,Texas Solar Nova 1,TX,710.9079007241314
2030,2,p61,SolarCycle,400967,Alamo 6,TX,562.1328363076207
2030,2,p61,SolarCycle,403557,Aragorn Solar Project,TX,1015.9807796352904
2030,2,p61,SolarCycle,400691,Barilla Solar,TX,912.5109823419966
2030,2,p61,SolarCycle,401946,Bluebell Solar,TX,3122.167638865222
2030,2,p61,SolarCycle,403574,Bluebell Solar II,TX,635.3143723677634
2030,2,p61,SolarCycle,400554,"Bryan Solar, LLC",TX,3919.4224089962077
2030,2,p61,SolarCycle,401463,Buckthorn Westex,TX,575.3618137016117
2030,2,p61,SolarCycle,401703,East Pecos Solar,TX,620.0546373518234
2030,2,p61,SolarCycle,405363,Galloway 1 Solar Farm,TX,672.9811885838502
2030,2,p61,SolarCycle,405494,Galloway 2 Solar Farm,TX,1010.4279929591775
2030,2,p61,SolarCycle,403210,Greasewood,TX,499.75675989018646
2030,2,p61,SolarCycle,406370,Hayhurst Texas Solar,TX,4082.0242495511316
2030,2,p61,SolarCycle,402304,Midway Solar-TX,TX,518.1338261007713
2030,2,p61,SolarCycle,401868,Pearl Solar,TX,1444.3115927127503
2030,2,p61,SolarCycle,402290,RE Maplewood,TX,508.624356683497
2030,2,p61,SolarCycle,401430,RE Roserock,TX,635.45110775702
2030,2,p61,SolarCycle,402848,Rambler,TX,636.6960903682126
2030,2,p61,SolarCycle,402083,Solaire Holman Solar Project,TX,2505.2795801416246
2030,2,p61,SolarCycle,403023,"Taygete Energy Project, LLC",TX,539.2714148688062
2030,2,p61,SolarCycle,404647,Taygete II Energy Project,TX,495.61545562957417
2030,2,p61,SolarCycle,403551,Titan Solar Project,TX,614.6157227497916
2030,2,p61,SolarCycle,406103,Zier Solar,TX,790.8038718162359
2030,2,p62,SolarCycle,403502,2W Permian Solar Project Hybrid,TX,446.85501091020495
2030,2,p62,SolarCycle,403697,CED Crane Solar,TX,777.6670241512018
2030,2,p62,SolarCycle,401525,Castle Gap Solar Hybrid,TX,480.0745739435911
2030,2,p62,SolarCycle,404599,Emerald Grove,TX,625.176125806433
2030,2,p62,SolarCycle,403004,Lapetus,TX,725.3918214468172
2030,2,p62,SolarCycle,403280,Oberon IA,TX,450.3727701724187
2030,2,p62,SolarCycle,403279,Oberon IB,TX,654.6948664470119
2030,2,p62,SolarCycle,403602,Oxy Renewable Energy-Goldsmith,TX,794.6542064650739
2030,2,p62,SolarCycle,402679,Phoebe Solar,TX,482.3338751156356
2030,2,p62,SolarCycle,403177,Prospero Solar,TX,500.17594923853835
2030,2,p62,SolarCycle,404128,Prospero Solar II,TX,638.7111985104829
2030,2,p62,SolarCycle,403070,"Roadrunner, LLC",TX,477.22077832947775
2030,2,p62,SolarCycle,401805,Upton County Solar,TX,773.012492117583
2030,2,p62,SolarCycle,402995,West of the Pecos Solar,TX,608.4599160263919
2030,2,p63,OkonRecycling,405599,"BPL Crown Solar, LLC",TX,1263.5360100263404
2030,2,p63,OkonRecycling,404966,BPL Files Solar,TX,477.2812494388577
2030,2,p63,OkonRecycling,403825,Briar Creek Solar 1,TX,740.268611558982
2030,2,p63,OkonRecycling,402610,Chisum,TX,4680.338988427661
2030,2,p63,OkonRecycling,401697,CoServ Community Solar Station,TX,6396.648093568213
2030,2,p63,OkonRecycling,403188,Coniglio Solar,TX,609.3551873506375
2030,2,p63,OkonRecycling,406415,Dileo Solar,TX,2303.918903343729
2030,2,p63,OkonRecycling,402655,Eddy II,TX,9396.405426810785
2030,2,p63,OkonRecycling,406221,Eiffel Solar Project,TX,622.4151982673167
2030,2,p63,OkonRecycling,405540,"Ellis Solar, LLC",TX,672.0649334954365
2030,2,p63,OkonRecycling,403823,Elm Branch Solar 1,TX,519.8926648538386
2030,2,p63,OkonRecycling,406206,Five Wells Solar Center - Hybrid,TX,994.0392641764887
2030,2,p63,OkonRecycling,404567,G.S.E. One LLC,TX,654.1603770182047
2030,2,p63,OkonRecycling,403288,Griffin Solar,TX,31729.450664658936
2030,2,p63,OkonRecycling,406202,Grizzly Ridge Solar,TX,1326.0819616645497
2030,2,p63,OkonRecycling,402329,Highway 56 Solar,TX,5048.8720805060675
2030,2,p63,OkonRecycling,405319,IKEA Grand Prairie Rooftop PV System,TX,2352.650752126596
2030,2,p63,OkonRecycling,405689,"IP Radian, LLC",TX,830.3832930675195
2030,2,p63,OkonRecycling,403481,Impact Solar 1,TX,564.531188320548
2030,2,p63,OkonRecycling,403190,Kellam Solar,TX,1034.1917904431727
2030,2,p63,OkonRecycling,402421,Leon Solar,TX,2192.6652123398453
2030,2,p63,OkonRecycling,403874,Lily Solar Hybrid,TX,563.4904194394843
2030,2,p63,OkonRecycling,402404,Marlin Solar,TX,16922.07336978662
2030,2,p63,OkonRecycling,405794,Noble Solar,TX,548.8600461046407
2030,2,p63,OkonRecycling,402405,North Gainesville Solar,TX,4557.189300056562
2030,2,p63,OkonRecycling,401933,Phantom Solar,TX,7563.440214566458
2030,2,p63,OkonRecycling,404872,"Pisgah Ridge Solar, LLC",TX,547.044645723454
2030,2,p63,OkonRecycling,406416,Pitts Dudik Solar,TX,2501.8908568807697
2030,2,p63,OkonRecycling,403189,Rippey Solar,TX,2032.8385057019173
2030,2,p63,OkonRecycling,404630,"Samson Solar Energy III, LLC",TX,667.2938132374095
2030,2,p63,OkonRecycling,402652,Sterling Solar (TX),TX,2970.6723775472883
2030,2,p63,OkonRecycling,404812,Sun Valley Solar Project,TX,547.2837819008338
2030,2,p63,OkonRecycling,404388,"TPE Erath Solar, LLC",TX,15630.85399459987
2030,2,p63,OkonRecycling,403457,"TPE Whitney Solar, LLC",TX,11505.380101514407
2030,2,p63,OkonRecycling,405361,Toyota HQ Plan,TX,981.946308773669
2030,2,p63,OkonRecycling,405907,Verizon Hidden Ridge Solar Project,TX,1097.0080918505976
2030,2,p63,OkonRecycling,405984,Waco Solar,TX,609.3806115099054
2030,2,p63,OkonRecycling,402306,Walnut Springs Solar,TX,25431.825687992357
2030,2,p63,OkonRecycling,402497,West Moore Solar II,TX,5400.936356627407
2030,2,p63,OkonRecycling,402330,Whitesboro Solar,TX,10243.341380127466
2030,2,p63,OkonRecycling,402331,Whitesboro Solar II,TX,10329.416759028161
2030,2,p63,OkonRecycling,402414,Whitewright Solar,TX,3554.050813083184
2030,2,p63,OkonRecycling,402654,Yellow Jacket,TX,13344.308750223488
2030,2,p64,OkonRecycling,405731,Austin TX GigaFactory,TX,48518.4718138654
2030,2,p64,OkonRecycling,404721,"Blue Jay Solar I, LLC",TX,683.8947541289167
2030,2,p64,OkonRecycling,402648,Bovine,TX,11445.254447191404
2030,2,p64,OkonRecycling,402389,"E-Volve Energy Holdings, LLC",TX,44724.13663196105
2030,2,p64,OkonRecycling,400227,East Blackland Solar Project 1,TX,785.5898762765592
2030,2,p64,OkonRecycling,405101,IKEA Round Rock 027,TX,38866.35229500931
2030,2,p64,SolarCycle,402653,Lampwick,TX,8379.88635953776
2030,2,p64,OkonRecycling,405613,Niagara Bottling - Seguin,TX,47411.193218132306
2030,2,p64,OkonRecycling,400249,Webberville Solar Project,TX,6392.375200293742
2030,2,p65,OkonRecycling,405700,Aktina Solar,TX,896.9441197604656
2030,2,p65,OkonRecycling,405727,Bernard Creek Solar,TX,1891.6648037702503
2030,2,p65,OkonRecycling,405477,Brightside,TX,6310.791368211766
2030,2,p65,OkonRecycling,401728,CPS 1 Community Solar,TX,734580.8203870564
2030,2,p65,OkonRecycling,402656,Cascade Solar (TX),TX,73967.9410121477
2030,2,p65,SolarCycle,404062,Elara Solar,TX,6679.643811635882
2030,2,p65,OkonRecycling,404359,FELPS 1-Calaveras,TX,381552.07291046914
2030,2,p65,OkonRecycling,404361,FELPS 2-Calaveras,TX,381543.31085530954
2030,2,p65,OkonRecycling,404739,FELPS 6- Floresville West,TX,776321.8598020276
2030,2,p65,OkonRecycling,404740,FELPS 7- Floresville West,TX,776071.268568756
2030,2,p65,OkonRecycling,406516,Ganado Solar,TX,1635.4413633907388
2030,2,p65,SolarCycle,405801,Horizon Solar,TX,1763.219507252902
2030,2,p65,SolarCycle,403343,Mars Solar,TX,54887.09270671249
2030,2,p65,OkonRecycling,404877,Nebula Solar,TX,5450.7941405901365
2030,2,p65,OkonRecycling,400694,"OCI Alamo 2, LLC",TX,164017.58797327752
2030,2,p65,OkonRecycling,400965,"OCI Alamo 3, LLC",TX,43784.53816308393
2030,2,p65,SolarCycle,400966,"OCI Alamo 5, LLC",TX,4113.499177504318
2030,2,p65,OkonRecycling,400593,OCI Alamo Solar I Hybrid,TX,6660.435949486013
2030,2,p65,SolarCycle,405809,Shakes Solar,TX,4422.177674536562
2030,2,p65,OkonRecycling,405545,Sparta Solar,TX,1568.4368978050395
2030,2,p65,OkonRecycling,400379,"SunE CPS1, LLC",TX,26269.714453224882
2030,2,p65,OkonRecycling,400364,"SunE CPS2, LLC",TX,78221.0633654709
2030,2,p65,OkonRecycling,400353,"SunE CPS3, LLC",TX,74770.91145482055
2030,2,p65,OkonRecycling,406032,Tres Bahias,TX,1807.0374880797356
2030,2,p66,OkonRecycling,406386,Umbriel Solar,TX,2332.9474310139426
2030,2,p67,OkonRecycling,404939,Brazoria County Solar Project (Danciger),TX,951.1413084729257
2030,2,p67,OkonRecycling,402649,Bronson,TX,10438.795970226694
2030,2,p67,OkonRecycling,406178,"Cutlass Solar 1, LLC",TX,2302.046256615578
2030,2,p67,OkonRecycling,404587,Fighting Jays Solar Project,TX,1343.811148027333
2030,2,p67,OkonRecycling,405564,"Fort Bend Solar, LLC",TX,1234.5320447064762
2030,2,p67,OkonRecycling,403514,Wagyu,TX,1633.9003881174233
2030,3,p12,ComstockMetals,402144,Battle Mountain Solar Project,NV,1863.3392976617956
2030,3,p12,ComstockMetals,405025,Brady,NV,842.0924443824565
2030,3,p12,ComstockMetals,405553,Dodge Flat,NV,430.891952873722
2030,3,p12,ComstockMetals,402609,"EGP Stillwater Solar PV II, LLC",NV,1328.4737657376274
2030,3,p12,ComstockMetals,404659,Fish Springs,NV,1014.7891133438203
2030,3,p12,ComstockMetals,401086,Ft. Churchill PV,NV,778.3977365771975
2030,3,p12,ComstockMetals,405028,Galena 2 Geothermal Power Plant,NV,1362.5628074482652
2030,3,p12,ComstockMetals,402130,Luning Energy,NV,2046.9762370380881
2030,3,p12,ComstockMetals,400468,"Patua Acquisition Project, LLC",NV,1825.1119150889494
2030,3,p12,ComstockMetals,405021,Steamboat Hills LP,NV,2013.303997099352
2030,3,p12,ComstockMetals,405023,Steamboat II,NV,1242.8058509293191
2030,3,p12,ComstockMetals,405024,Steamboat III,NV,1036.7825004580861
2030,3,p12,ComstockMetals,400029,Stillwater Facility,NV,1257.7869424355126
2030,3,p12,ComstockMetals,401318,Sunshine Valley Solar,NV,1237.0306287336093
2030,3,p12,ComstockMetals,405026,TS Power Plant,NV,2135.5882487690733
2030,3,p12,ComstockMetals,405576,Tesla Reno GigaFactory,NV,710.248386187594
2030,3,p12,ComstockMetals,403308,Turquoise Liberty Solar,NV,1382.5580039162967
2030,3,p12,ComstockMetals,403884,"Turquoise Nevada, LLC",NV,768.5920647283592
2030,3,p12,ComstockMetals,400035,Western 102 Power Plant,NV,2444.686371886402
2030,3,p13,WeRecycleSolar,400555,Apex Solar PV Power Project,NV,13095.771659346427
2030,3,p13,WeRecycleSolar,405385,Arrow Canyon Solar Hybrid,NV,1134.402463779045
2030,3,p13,WeRecycleSolar,401649,"Boulder Solar Power, LLC",NV,4938.4922492398755
2030,3,p13,WeRecycleSolar,400086,CM48,NV,3524.873103699841
2030,3,p13,WeRecycleSolar,400363,Copper Mountain Solar 2,NV,1857.7834864916338
2030,3,p13,WeRecycleSolar,400802,Copper Mountain Solar 3,NV,2193.833120096605
2030,3,p13,WeRecycleSolar,403688,"Copper Mountain Solar 5, LLC",NV,2193.0146053169406
2030,3,p13,WeRecycleSolar,405556,Dry Lake Solar Energy Center,NV,2087.860076869293
2030,3,p13,WeRecycleSolar,405495,Gemini Solar,NV,883.261255728949
2030,3,p13,WeRecycleSolar,403386,"Harry Allen Solar Energy, LLC",NV,5484.494330559069
2030,3,p13,WeRecycleSolar,406090,IGS LAS1,NV,160251.4236053553
2030,3,p13,WeRecycleSolar,406089,IGS VGT,NV,501583.19061336416
2030,3,p13,WeRecycleSolar,405309,IKEA Las Vegas 462,NV,125235.8704247953
2030,3,p13,WeRecycleSolar,400545,Las Vegas WPCF Solar Plant,NV,147942.93134201027
2030,3,p13,WeRecycleSolar,400313,Moapa Southern Paiute,NV,2434.1105770020317
2030,3,p13,WeRecycleSolar,400600,Mountain View Solar,NV,13059.341506630073
2030,3,p13,WeRecycleSolar,400036,Nellis Air Force Base Solar Array,NV,21253.982374041374
2030,3,p13,WeRecycleSolar,401274,River Mountains Solar,NV,16678.537114793617
2030,3,p13,WeRecycleSolar,401042,Searchlight Solar,NV,12367.188562925005
2030,3,p13,WeRecycleSolar,400166,Silver State Solar Power North,NV,9361.544197484514
2030,3,p13,WeRecycleSolar,400658,Silver State Solar Power South,NV,2256.512311129409
2030,3,p13,WeRecycleSolar,405246,"Solar Las Vegas MB 2, LLC",NV,109918.45748654444
2030,3,p13,WeRecycleSolar,405188,Solar Las Vegas MB-1,NV,50721.03206291488
2030,3,p13,WeRecycleSolar,402691,"Techren Solar III, LLC",NV,6455.345458408489
2030,3,p13,WeRecycleSolar,401851,Townsite Solar Project Hybrid,NV,3257.455899138934
2030,3,p13,WeRecycleSolar,406448,Yellow Pine II,NV,4920.247589027202
2030,3,p13,WeRecycleSolar,404971,Yellow Pine Solar,NV,2317.902022563435
2030,3,p27,WeRecycleSolar,400374,"Black Mountain Solar, LLC",AZ,4740.810546533974
2030,3,p27,WeRecycleSolar,402236,Gray Hawk Solar,AZ,989.4988003252596
2030,3,p27,WeRecycleSolar,401819,Jacobson 5 MW Solar,AZ,5057.631835899846
2030,3,p27,WeRecycleSolar,401311,Mohave Electric at Fort Mohave,AZ,4296.339946780239
2030,3,p27,WeRecycleSolar,406478,Mohave Energy - Hybrid,AZ,5271.069135220115
2030,3,p28,WeRecycleSolar,405418,AZ State University - Tempe Campus Solar,AZ,7117.007910982101
2030,3,p28,WeRecycleSolar,400148,Agua Caliente Solar Project,AZ,688.949249079907
2030,3,p28,FabTechSolar,402067,Apache Solar 1,AZ,13499.359087950124
2030,3,p28,WeRecycleSolar,400274,Arizona Western College PV,AZ,25315.857160763593
2030,3,p28,WeRecycleSolar,400240,Arlington Valley Solar Energy II,AZ,730.120550626299
2030,3,p28,WeRecycleSolar,400437,Badger 1,AZ,5875.682126907347
2030,3,p28,FabTechSolar,401688,Bonnybrooke PV,AZ,1527.3780540129683
2030,3,p28,WeRecycleSolar,400371,Buckeye Union HS District 201,AZ,17073.875975161027
2030,3,p28,WeRecycleSolar,401069,Desert Star Hybrid,AZ,7167.70093633151
2030,3,p28,FabTechSolar,403257,East Line Solar,AZ,1020.951074129211
2030,3,p28,FabTechSolar,406171,Eleven Mile Solar Center,AZ,594.394099844204
2030,3,p28,FabTechSolar,400825,Fort Huachuca Solar PV Project,AZ,8241.268117681891
2030,3,p28,WeRecycleSolar,400845,Gila Bend Hybrid,AZ,1077.3763829776265
2030,3,p28,FabTechSolar,400599,"Gilbert Solar Facility I, LLC",AZ,4481.1632020001425
2030,3,p28,FabTechSolar,405282,Intel - Ocotillo Campus Solar,AZ,1390.5202382956065
2030,3,p28,WeRecycleSolar,405125,Jewish Community Center PV,AZ,12220.857517881323
2030,3,p28,WeRecycleSolar,402234,Kayenta Solar Project,AZ,9075.769570027544
2030,3,p28,WeRecycleSolar,400595,Lake Pleasant WTP,AZ,9125.608244532821
2030,3,p28,WeRecycleSolar,400128,Luke Solar,AZ,1027.7503041621057
2030,3,p28,WeRecycleSolar,405068,Macys Goodyear,AZ,4441.811439944842
2030,3,p28,FabTechSolar,405617,Mesa Carport PV,AZ,4973.837106485059
2030,3,p28,WeRecycleSolar,400250,Mesquite Solar 1,AZ,950.3163897541842
2030,3,p28,WeRecycleSolar,401622,"Mesquite Solar 3, LLC",AZ,557.3334059478659
2030,3,p28,WeRecycleSolar,403572,OE_AZ1,AZ,2220.986014721546
2030,3,p28,WeRecycleSolar,405126,Paradise Valley H.S. PV,AZ,10621.282470971657
2030,3,p28,WeRecycleSolar,405150,Phoenix Airport East Economy Lot,AZ,5003.865532449541
2030,3,p28,WeRecycleSolar,405151,Phoenix Airport Rental Car Center,AZ,1668.0822414665197
2030,3,p28,FabTechSolar,402528,Pinal Central Energy Center Hybrid,AZ,1870.4029988780978
2030,3,p28,FabTechSolar,400125,"Poseidon Solar, LLC",AZ,2207.400831308466
2030,3,p28,WeRecycleSolar,400031,Prescott Airport,AZ,27907.094093656382
2030,3,p28,WeRecycleSolar,400401,Prescott Solar Plant,AZ,3070.0343443626016
2030,3,p28,FabTechSolar,400323,Queen Creek Solar Farm,AZ,1347.8582327388917
2030,3,p28,WeRecycleSolar,400289,"RE Bagdad Solar I, LLC",AZ,13150.239631305178
2030,3,p28,FabTechSolar,400758,Red Horse 2,AZ,4459.180717667228
2030,3,p28,FabTechSolar,401609,Red Horse III,AZ,7822.907365482284
2030,3,p28,FabTechSolar,401726,Red Rock,AZ,1772.953937773384
2030,3,p28,FabTechSolar,403674,Saint Solar,AZ,1035.9179412246622
2030,3,p28,FabTechSolar,401214,Sandstone Solar,AZ,928.107932733621
2030,3,p28,WeRecycleSolar,405029,Solana Generating Station,AZ,571.4840207652695
2030,3,p28,WeRecycleSolar,406275,Sonoran Solar Energy,AZ,517.5736172398433
2030,3,p28,FabTechSolar,401664,Sulphur Springs,AZ,13047.359348781443
2030,3,p28,WeRecycleSolar,401975,"Sun Streams, LLC",AZ,933.3117863309727
2030,3,p28,WeRecycleSolar,405311,T0588 Phoenix - AZ,AZ,6837.05767744254
2030,3,p28,FabTechSolar,405134,Union HS at Casa Grande,AZ,14575.638141022071
2030,3,p28,FabTechSolar,405135,Vista Grande HS at Casa Grande,AZ,18832.0816550344
2030,3,p28,FabTechSolar,400334,Walmart Casa Grande,AZ,13923.809864899466
2030,3,p29,FabTechSolar,400014,Springerville,AZ,2830.43205205494
2030,3,p30,FabTechSolar,405143,Actus Lend Lease DMAFB,AZ,6055.764066692087
2030,3,p30,FabTechSolar,405611,Amazon TUS2,AZ,21079.688976673147
2030,3,p30,FabTechSolar,405268,Amphitheater High School Solar,AZ,47207.74570476513
2030,3,p30,FabTechSolar,400939,Avalon Solar,AZ,4189.771637602057
2030,3,p30,FabTechSolar,400226,Avra Valley Solar,AZ,3304.1976292157224
2030,3,p30,FabTechSolar,401295,Davis Monthan AFB (AZ) West Airfield,AZ,8555.347185336392
2030,3,p30,FabTechSolar,400761,"Gato Montes Solar, LLC",AZ,4791.380679272484
2030,3,p30,FabTechSolar,404536,Iron Horse Battery Storage Hybrid,AZ,27895.22937817794
2030,3,p30,FabTechSolar,400552,"Picture Rocks Solar, LLC",AZ,2357.071774188957
2030,3,p30,FabTechSolar,405374,Pima Community College,AZ,48628.05296503493
2030,3,p30,FabTechSolar,405303,Pima Community College - East Campus,AZ,78167.46216462356
2030,3,p30,FabTechSolar,405516,Pima Community College NW,AZ,67307.92963069226
2030,3,p30,FabTechSolar,400408,Prairie Fire,AZ,24616.49083211742
2030,3,p30,FabTechSolar,404926,Raptor Ridge,AZ,2501.6368363822658
2030,3,p30,FabTechSolar,400857,Rio Rico Solar,AZ,6492.6972801964475
2030,3,p30,FabTechSolar,401076,Tech Park Solar,AZ,4719.605090060403
2030,3,p30,FabTechSolar,400156,UASTP I,AZ,46403.08223694413
2030,3,p30,FabTechSolar,401075,Valencia Solar,AZ,4287.7823166030375
2030,3,p30,FabTechSolar,404187,"Wilmot Energy Center, LLC",AZ,830.0178027658344
2030,3,p31,SolarCycle,400211,Alamogordo Solar Energy Center,NM,54470.06023013242
2030,3,p31,SolarCycle,403675,Alcalde Solar Array,NM,357149.12827302143
2030,3,p31,FabTechSolar,405469,Arroyo Solar Energy Storage Hybrid,NM,996.3080114846521
2030,3,p31,SolarCycle,404981,Buena Vista Energy Center,NM,5003.64522882725
2030,3,p31,SolarCycle,402876,CNMEC Solar Energy Center,NM,116627.25031757427
2030,3,p31,FabTechSolar,401202,Cibola,NM,91618.44400380694
2030,3,p31,FabTechSolar,402988,City of Gallup Solar,NM,23218.89350850658
2030,3,p31,FabTechSolar,403604,City of Rio Rancho WWTP,NM,206307.71905012685
2030,3,p31,FabTechSolar,401225,City of Truth or Consequences PV,NM,162437.7254043122
2030,3,p31,FabTechSolar,400209,Deming Solar Energy Center,NM,65241.989187115934
2030,3,p31,FabTechSolar,401038,Eubank Landfill Solar Array,NM,96406.76512864235
2030,3,p31,FabTechSolar,402443,Facebook 3 Solar Energy Center,NM,24660.92401029021
2030,3,p31,FabTechSolar,403322,Grants CDEC 2,NM,46081.892782764764
2030,3,p31,FabTechSolar,400216,"Hatch Solar Energy Center I, LLC",NM,63431.02324066345
2030,3,p31,SolarCycle,401617,Holloman Solar Facility,NM,36550.34778127903
2030,3,p31,FabTechSolar,406109,"Jicarilla Solar 1, LLC",NM,5569.524463826949
2030,3,p31,SolarCycle,400427,Kit Carson,NM,240406.4791531827
2030,3,p31,SolarCycle,400210,Las Vegas Solar Energy Center,NM,146982.43398454261
2030,3,p31,SolarCycle,400434,Los Alamos PV Site,NM,425796.366140523
2030,3,p31,FabTechSolar,400207,Los Lunas Solar Energy Center,NM,52210.802278266514
2030,3,p31,FabTechSolar,400838,Macho Springs,NM,4240.560412133451
2030,3,p31,FabTechSolar,400582,Manzano Solar,NM,46398.131903225934
2030,3,p31,FabTechSolar,406375,OE_ESCL,NM,1921.794036098212
2030,3,p31,SolarCycle,400581,Otero Solar,NM,71334.38736212031
2030,3,p31,SolarCycle,400146,Questa Solar Facility,NM,303944.6485186671
2030,3,p31,FabTechSolar,403178,"RC Energy AA, LLC Solar Facility",NM,386412.99390954734
2030,3,p31,FabTechSolar,401566,Rio Communities Solar Energy Center,NM,24558.55901082332
2030,3,p31,FabTechSolar,403084,Rio De Oro Solar Energy Center,NM,73309.41511080027
2030,3,p31,FabTechSolar,400624,Rio Rancho High School,NM,255240.6639579779
2030,3,p31,SolarCycle,400135,Roadrunner Solar,NM,15229.272307224323
2030,3,p31,FabTechSolar,404648,"Route 66 Energy Center, LLC",NM,6842.496495524081
2030,3,p31,SolarCycle,405458,San Miguel II Solar Energy Center,NM,36869.176304401015
2030,3,p31,FabTechSolar,401161,Sandoval Solar Energy Center,NM,123004.55190730155
2030,3,p31,SolarCycle,401564,Santa Fe Solar Energy Center,NM,83776.72482905429
2030,3,p31,FabTechSolar,401565,Santolina Solar Energy Center,NM,69390.31053797052
2030,3,p31,FabTechSolar,406343,Sky Ranch Solar,NM,4180.301644576719
2030,3,p31,FabTechSolar,401563,South Valley Solar Energy Center,NM,74318.58746982535
2030,3,p31,SolarCycle,401162,Springer Solar 1,NM,447536.76864813844
2030,3,p31,SolarCycle,400735,Storrie Lake Solar Project,NM,163315.82623650657
2030,3,p31,FabTechSolar,400623,Sue Cleveland High School,NM,257382.40499469492
2030,3,p31,SolarCycle,400343,"SunE EPE1, LLC",NM,18832.27802714444
2030,3,p31,SolarCycle,402854,Syncarpha Eagle Nest,NM,216644.5483120735
2030,3,p31,SolarCycle,403412,Syncarpha El Rito,NM,562568.743437798
2030,3,p31,SolarCycle,403413,Syncarpha Questa,NM,577208.6931318076
2030,3,p31,SolarCycle,403411,Syncarpha Taos,NM,93471.26574398762
2030,3,p31,SolarCycle,404618,Taos Mesa Energy Facility Hybrid,NM,19829.900945653735
2030,3,p31,FabTechSolar,403011,Vista Solar Energy Center,NM,37164.659999927804
2030,3,p31,SolarCycle,400354,WSMR I,NM,42229.277509551976
2030,3,p31,FabTechSolar,405245,Wal-Mart Truth or Consequences PV,NM,155649.22903187937
2030,3,p47,SolarCycle,400979,"Caprock Solar 1, LLC",NM,9931.620391878052
2030,3,p47,SolarCycle,404980,Chaves County Solar II,NM,11698.266329225578
2030,3,p47,SolarCycle,400614,GSE NM1,NM,30763.531633687384
2030,3,p47,SolarCycle,402530,Middle Daisy,NM,41127.80691423702
2030,3,p47,SolarCycle,400260,SPS1 Dollarhide,NM,3854.4762815760905
2030,3,p47,SolarCycle,400261,SPS2 Jal,NM,5999.5958110153915
2030,3,p47,SolarCycle,400262,SPS3 Lea,NM,8601.086508865787
2030,3,p47,SolarCycle,400264,SPS5 Hopi,NM,8440.267375702026
2030,3,p47,SolarCycle,404698,SoCore Clovis 1,NM,64449.55031138335
2030,3,p48,SolarCycle,406439,"BESSP1, LLC",TX,7425.275692993849
2030,3,p48,SolarCycle,405590,"Hecate Energy Frye Solar, LLC",TX,688.2756791935062
2030,3,p57,OkonRecycling,404918,"Hecate Energy Upshur Rural, LLC",TX,7214.522158367189
2030,3,p59,SolarCycle,402666,Fort Bliss (DEA EPIC),TX,27565.02033623946
2030,3,p59,SolarCycle,401616,Montana Solar Facility,TX,26497.244829683867
2030,3,p59,SolarCycle,401045,Newman Solar,TX,5694.515245671381
2030,3,p60,SolarCycle,403962,"ANSON Solar Center, LLC",TX,1107.4598044969437
2030,3,p60,OkonRecycling,403883,Azure Sky Solar,TX,1711.3748111551552
2030,3,p60,SolarCycle,403232,"ENGIE Long Draw Solar, LLC",TX,522.3599040804296
2030,3,p60,SolarCycle,406252,Highpeak Solar 1,TX,3921.0827957309016
2030,3,p60,SolarCycle,402721,Holstein 1 Solar Farm,TX,972.5892030733836
2030,3,p60,SolarCycle,405492,Juno Solar Project,TX,515.4647223186342
2030,3,p60,SolarCycle,402541,Lamesa II,TX,2771.1537895631277
2030,3,p60,SolarCycle,401660,Lamesa Solar,TX,982.0301261073494
2030,3,p60,SolarCycle,405932,Lumina II Solar Project,TX,617.5734820115293
2030,3,p60,SolarCycle,405933,Lumina Solar Project,TX,1007.5490777531915
2030,3,p60,SolarCycle,402909,Misae Solar,TX,944.3869018426362
2030,3,p60,OkonRecycling,400968,"OCI Alamo 7, LLC",TX,1785.3979271707246
2030,3,p60,SolarCycle,405939,Texas Solar Nova 1,TX,710.9079007241314
2030,3,p61,SolarCycle,400967,Alamo 6,TX,562.1328363076207
2030,3,p61,SolarCycle,403557,Aragorn Solar Project,TX,1015.9807796352904
2030,3,p61,SolarCycle,400691,Barilla Solar,TX,1040.6387279274961
2030,3,p61,SolarCycle,401946,Bluebell Solar,TX,3122.167638865222
2030,3,p61,SolarCycle,403574,Bluebell Solar II,TX,635.3143723677634
2030,3,p61,SolarCycle,400554,"Bryan Solar, LLC",TX,17997.112044981037
2030,3,p61,SolarCycle,401463,Buckthorn Westex,TX,575.3618137016117
2030,3,p61,SolarCycle,401703,East Pecos Solar,TX,840.1092747036469
2030,3,p61,SolarCycle,405363,Galloway 1 Solar Farm,TX,672.9811885838502
2030,3,p61,SolarCycle,405494,Galloway 2 Solar Farm,TX,806.9519953061185
2030,3,p61,SolarCycle,403210,Greasewood,TX,499.75675989018646
2030,3,p61,SolarCycle,406370,Hayhurst Texas Solar,TX,4082.0242495511316
2030,3,p61,SolarCycle,402304,Midway Solar-TX,TX,498.444855083976
2030,3,p61,SolarCycle,400695,"OCI Alamo 4, LLC",TX,5210.112396477242
2030,3,p61,SolarCycle,401868,Pearl Solar,TX,922.1557963563753
2030,3,p61,SolarCycle,402290,RE Maplewood,TX,530.3492280201965
2030,3,p61,SolarCycle,401430,RE Roserock,TX,556.9674051713467
2030,3,p61,SolarCycle,402848,Rambler,TX,636.6960903682126
2030,3,p61,SolarCycle,402083,Solaire Holman Solar Project,TX,1452.6397900708123
2030,3,p61,SolarCycle,403023,"Taygete Energy Project, LLC",TX,516.0595123906719
2030,3,p61,SolarCycle,404647,Taygete II Energy Project,TX,495.61545562957417
2030,3,p61,SolarCycle,403551,Titan Solar Project,TX,686.1542969997221
2030,3,p61,SolarCycle,406103,Zier Solar,TX,790.8038718162359
2030,3,p62,SolarCycle,403502,2W Permian Solar Project Hybrid,TX,446.85501091020495
2030,3,p62,SolarCycle,403697,CED Crane Solar,TX,777.6670241512018
2030,3,p62,SolarCycle,401525,Castle Gap Solar Hybrid,TX,480.0745739435911
2030,3,p62,SolarCycle,404599,Emerald Grove,TX,568.8820943548247
2030,3,p62,SolarCycle,403004,Lapetus,TX,616.9278809645448
2030,3,p62,SolarCycle,403280,Oberon IA,TX,450.3727701724187
2030,3,p62,SolarCycle,403279,Oberon IB,TX,739.5931552626826
2030,3,p62,SolarCycle,403602,Oxy Renewable Energy-Goldsmith,TX,926.2056086200986
2030,3,p62,SolarCycle,402679,Phoebe Solar,TX,482.3338751156356
2030,3,p62,SolarCycle,403177,Prospero Solar,TX,480.1407593908307
2030,3,p62,SolarCycle,404128,Prospero Solar II,TX,638.7111985104829
2030,3,p62,SolarCycle,403070,"Roadrunner, LLC",TX,492.66493399537325
2030,3,p62,SolarCycle,401805,Upton County Solar,TX,524.3374973725277
2030,3,p62,SolarCycle,402995,West of the Pecos Solar,TX,538.9732773509279
2030,3,p63,OkonRecycling,405599,"BPL Crown Solar, LLC",TX,1263.5360100263404
2030,3,p63,OkonRecycling,404966,BPL Files Solar,TX,466.2410709475924
2030,3,p63,OkonRecycling,403825,Briar Creek Solar 1,TX,740.268611558982
2030,3,p63,OkonRecycling,402610,Chisum,TX,8960.677976855324
2030,3,p63,OkonRecycling,401697,CoServ Community Solar Station,TX,15391.620233920528
2030,3,p63,OkonRecycling,403188,Coniglio Solar,TX,609.3551873506375
2030,3,p63,OkonRecycling,406415,Dileo Solar,TX,2303.918903343729
2030,3,p63,OkonRecycling,402655,Eddy II,TX,18392.810853621573
2030,3,p63,OkonRecycling,406221,Eiffel Solar Project,TX,622.4151982673167
2030,3,p63,OkonRecycling,405540,"Ellis Solar, LLC",TX,581.3766223302908
2030,3,p63,OkonRecycling,403823,Elm Branch Solar 1,TX,519.8926648538386
2030,3,p63,OkonRecycling,406206,Five Wells Solar Center - Hybrid,TX,994.0392641764887
2030,3,p63,OkonRecycling,404567,G.S.E. One LLC,TX,717.700471272756
2030,3,p63,OkonRecycling,403288,Griffin Solar,TX,6665.890132931788
2030,3,p63,OkonRecycling,406202,Grizzly Ridge Solar,TX,1326.0819616645497
2030,3,p63,OkonRecycling,402329,Highway 56 Solar,TX,6598.496107341422
2030,3,p63,OkonRecycling,405319,IKEA Grand Prairie Rooftop PV System,TX,2352.650752126596
2030,3,p63,OkonRecycling,405689,"IP Radian, LLC",TX,830.3832930675198
2030,3,p63,OkonRecycling,403481,Impact Solar 1,TX,564.531188320548
2030,3,p63,OkonRecycling,403190,Kellam Solar,TX,1034.1917904431727
2030,3,p63,OkonRecycling,402421,Leon Solar,TX,2790.2202831197937
2030,3,p63,OkonRecycling,403874,Lily Solar Hybrid,TX,563.4904194394843
2030,3,p63,OkonRecycling,402404,Marlin Solar,TX,16922.07336978662
2030,3,p63,OkonRecycling,405794,Noble Solar,TX,548.8600461046407
2030,3,p63,OkonRecycling,402405,North Gainesville Solar,TX,4557.189300056562
2030,3,p63,OkonRecycling,401933,Phantom Solar,TX,14726.880429132916
2030,3,p63,OkonRecycling,404872,"Pisgah Ridge Solar, LLC",TX,547.044645723454
2030,3,p63,OkonRecycling,406416,Pitts Dudik Solar,TX,2501.8908568807697
2030,3,p63,OkonRecycling,403189,Rippey Solar,TX,2032.8385057019173
2030,3,p63,OkonRecycling,404630,"Samson Solar Energy III, LLC",TX,667.2938132374095
2030,3,p63,OkonRecycling,402652,Sterling Solar (TX),TX,2970.6723775472883
2030,3,p63,OkonRecycling,404812,Sun Valley Solar Project,TX,620.9256728512507
2030,3,p63,OkonRecycling,404388,"TPE Erath Solar, LLC",TX,8015.426997299933
2030,3,p63,OkonRecycling,403457,"TPE Whitney Solar, LLC",TX,4101.793367171468
2030,3,p63,OkonRecycling,405361,Toyota HQ Plan,TX,1065.081495741336
2030,3,p63,OkonRecycling,405907,Verizon Hidden Ridge Solar Project,TX,1296.153260950768
2030,3,p63,OkonRecycling,405984,Waco Solar,TX,609.3806115099054
2030,3,p63,OkonRecycling,402306,Walnut Springs Solar,TX,6657.956421998089
2030,3,p63,OkonRecycling,402497,West Moore Solar II,TX,10401.872713254812
2030,3,p63,OkonRecycling,402330,Whitesboro Solar,TX,20086.682760254935
2030,3,p63,OkonRecycling,402331,Whitesboro Solar II,TX,10329.416759028161
2030,3,p63,OkonRecycling,402414,Whitewright Solar,TX,5131.076219624775
2030,3,p63,OkonRecycling,402654,Yellow Jacket,TX,26288.617500446977
2030,3,p64,OkonRecycling,405731,Austin TX GigaFactory,TX,24459.235906932696
2030,3,p64,OkonRecycling,404721,"Blue Jay Solar I, LLC",TX,683.8947541289167
2030,3,p64,OkonRecycling,402648,Bovine,TX,22490.50889438281
2030,3,p64,OkonRecycling,402389,"E-Volve Energy Holdings, LLC",TX,133372.40989588315
2030,3,p64,OkonRecycling,400227,East Blackland Solar Project 1,TX,1556.769628829678
2030,3,p64,OkonRecycling,405101,IKEA Round Rock 027,TX,115799.05688502792
2030,3,p64,SolarCycle,402653,Lampwick,TX,8379.88635953776
2030,3,p64,OkonRecycling,405613,Niagara Bottling - Seguin,TX,47411.193218132306
2030,3,p65,OkonRecycling,405727,Bernard Creek Solar,TX,1891.6648037702503
2030,3,p65,OkonRecycling,405477,Brightside,TX,6310.791368211766
2030,3,p65,OkonRecycling,401728,CPS 1 Community Solar,TX,367490.4101935282
2030,3,p65,OkonRecycling,402656,Cascade Solar (TX),TX,73967.9410121477
2030,3,p65,SolarCycle,404247,"Corazon Energy, LLC",TX,5454.20326715574
2030,3,p65,OkonRecycling,404359,FELPS 1-Calaveras,TX,190976.0364552345
2030,3,p65,OkonRecycling,404361,FELPS 2-Calaveras,TX,762686.6217106191
2030,3,p65,OkonRecycling,404739,FELPS 6- Floresville West,TX,388360.92990101385
2030,3,p65,OkonRecycling,404740,FELPS 7- Floresville West,TX,776071.268568756
2030,3,p65,OkonRecycling,406516,Ganado Solar,TX,5341.765453562955
2030,3,p65,SolarCycle,405801,Horizon Solar,TX,2444.8292608793536
2030,3,p65,OkonRecycling,405380,IKEA Live Oak Rooftop PV System,TX,206856.30996264564
2030,3,p65,SolarCycle,403343,Mars Solar,TX,36724.728471141665
2030,3,p65,OkonRecycling,404877,Nebula Solar,TX,5450.7941405901365
2030,3,p65,OkonRecycling,400694,"OCI Alamo 2, LLC",TX,82208.79398663878
2030,3,p65,OkonRecycling,400965,"OCI Alamo 3, LLC",TX,43784.53816308393
2030,3,p65,SolarCycle,400966,"OCI Alamo 5, LLC",TX,7826.9983550086345
2030,3,p65,OkonRecycling,400593,OCI Alamo Solar I Hybrid,TX,5095.32696211451
2030,3,p65,OkonRecycling,405545,Sparta Solar,TX,3905.310693415119
2030,3,p65,OkonRecycling,400379,"SunE CPS1, LLC",TX,39204.57167983733
2030,3,p65,OkonRecycling,400364,"SunE CPS2, LLC",TX,26340.354455156958
2030,3,p65,OkonRecycling,406032,Tres Bahias,TX,1807.0374880797356
2030,3,p65,OkonRecycling,404878,Vancourt Solar Interconnections,TX,15513.429406375384
2030,3,p66,OkonRecycling,406386,Umbriel Solar,TX,2332.9474310139426
2030,3,p67,OkonRecycling,404939,Brazoria County Solar Project (Danciger),TX,1134.855077963901
2030,3,p67,OkonRecycling,404681,Brazoria West,TX,1519.4325553698022
2030,3,p67,OkonRecycling,402649,Bronson,TX,20477.591940453385
2030,3,p67,OkonRecycling,406178,"Cutlass Solar 1, LLC",TX,2302.046256615578
2030,3,p67,OkonRecycling,404587,Fighting Jays Solar Project,TX,1343.811148027333
2030,3,p67,OkonRecycling,405564,"Fort Bend Solar, LLC",TX,2069.064089412953
2030,3,p67,OkonRecycling,404853,"Longbow Solar, LLC",TX,8301.270989534583
2030,3,p67,OkonRecycling,403514,Wagyu,TX,1633.9003881174233
2030,4,p12,ComstockMetals,402144,Battle Mountain Solar Project,NV,1863.3392976617956
2030,4,p12,ComstockMetals,405025,Brady,NV,842.0924443824565
2030,4,p12,ComstockMetals,405553,Dodge Flat,NV,430.891952873722
2030,4,p12,ComstockMetals,402609,"EGP Stillwater Solar PV II, LLC",NV,2256.947531475255
2030,4,p12,ComstockMetals,404659,Fish Springs,NV,707.3945566719101
2030,4,p12,ComstockMetals,401086,Ft. Churchill PV,NV,683.7983024328981
2030,4,p12,ComstockMetals,405028,Galena 2 Geothermal Power Plant,NV,1362.5628074482652
2030,4,p12,ComstockMetals,402130,Luning Energy,NV,2046.9762370380881
2030,4,p12,ComstockMetals,400468,"Patua Acquisition Project, LLC",NV,1825.1119150889494
2030,4,p12,ComstockMetals,405021,Steamboat Hills LP,NV,2214.9669967367713
2030,4,p12,ComstockMetals,405023,Steamboat II,NV,1122.4050150822736
2030,4,p12,ComstockMetals,405024,Steamboat III,NV,1036.7825004580861
2030,4,p12,ComstockMetals,400029,Stillwater Facility,NV,971.8579616236752
2030,4,p12,ComstockMetals,401318,Sunshine Valley Solar,NV,1237.0306287336093
2030,4,p12,ComstockMetals,405576,Tesla Reno GigaFactory,NV,834.3477406626314
2030,4,p12,ComstockMetals,403308,Turquoise Liberty Solar,NV,2365.1160078325934
2030,4,p12,ComstockMetals,403884,"Turquoise Nevada, LLC",NV,768.5920647283592
2030,4,p12,ComstockMetals,400035,Western 102 Power Plant,NV,2240.2177346977614
2030,4,p13,WeRecycleSolar,400555,Apex Solar PV Power Project,NV,13095.771659346427
2030,4,p13,WeRecycleSolar,405385,Arrow Canyon Solar Hybrid,NV,1042.6021558066643
2030,4,p13,WeRecycleSolar,401649,"Boulder Solar Power, LLC",NV,1534.623062309969
2030,4,p13,WeRecycleSolar,400363,Copper Mountain Solar 2,NV,1128.891743245817
2030,4,p13,WeRecycleSolar,400802,Copper Mountain Solar 3,NV,1296.9165600483025
2030,4,p13,WeRecycleSolar,403688,"Copper Mountain Solar 5, LLC",NV,2193.0146053169406
2030,4,p13,WeRecycleSolar,405358,Dignity - San Martin,NV,97956.7686532718
2030,4,p13,WeRecycleSolar,405355,Dignity - Siena Campus,NV,171948.34726015056
2030,4,p13,WeRecycleSolar,405556,Dry Lake Solar Energy Center,NV,2087.860076869293
2030,4,p13,WeRecycleSolar,405495,Gemini Solar,NV,883.261255728949
2030,4,p13,WeRecycleSolar,403386,"Harry Allen Solar Energy, LLC",NV,2942.2471652795343
2030,4,p13,WeRecycleSolar,406090,IGS LAS1,NV,120288.56770401646
2030,4,p13,WeRecycleSolar,406089,IGS VGT,NV,250991.59530668205
2030,4,p13,WeRecycleSolar,405309,IKEA Las Vegas 462,NV,125235.8704247953
2030,4,p13,WeRecycleSolar,400545,Las Vegas WPCF Solar Plant,NV,147942.93134201027
2030,4,p13,WeRecycleSolar,400313,Moapa Southern Paiute,NV,2434.1105770020317
2030,4,p13,WeRecycleSolar,400600,Mountain View Solar,NV,8839.561004420042
2030,4,p13,WeRecycleSolar,400036,Nellis Air Force Base Solar Array,NV,42107.964748082755
2030,4,p13,WeRecycleSolar,401319,"Playa Solar 1, LLC",NV,6784.0750182258225
2030,4,p13,WeRecycleSolar,401274,River Mountains Solar,NV,32957.074229587226
2030,4,p13,WeRecycleSolar,401042,Searchlight Solar,NV,5186.875425170002
2030,4,p13,WeRecycleSolar,400658,Silver State Solar Power South,NV,1328.2561555647048
2030,4,p13,WeRecycleSolar,405246,"Solar Las Vegas MB 2, LLC",NV,164677.68622981667
2030,4,p13,WeRecycleSolar,405188,Solar Las Vegas MB-1,NV,101042.06412582973
2030,4,p13,WeRecycleSolar,402691,"Techren Solar III, LLC",NV,18566.036375225467
2030,4,p13,WeRecycleSolar,406448,Yellow Pine II,NV,4920.247589027202
2030,4,p13,WeRecycleSolar,404971,Yellow Pine Solar,NV,2317.902022563435
2030,4,p27,WeRecycleSolar,402236,Gray Hawk Solar,AZ,1284.2482004878896
2030,4,p27,WeRecycleSolar,401819,Jacobson 5 MW Solar,AZ,19030.52734359938
2030,4,p27,WeRecycleSolar,401311,Mohave Electric at Fort Mohave,AZ,10140.849866950595
2030,4,p27,WeRecycleSolar,406478,Mohave Energy - Hybrid,AZ,5271.069135220115
2030,4,p28,WeRecycleSolar,400148,Agua Caliente Solar Project,AZ,688.949249079907
2030,4,p28,FabTechSolar,402067,Apache Solar 1,AZ,13499.359087950124
2030,4,p28,WeRecycleSolar,400240,Arlington Valley Solar Energy II,AZ,620.0803670841992
2030,4,p28,WeRecycleSolar,400437,Badger 1,AZ,5875.682126907347
2030,4,p28,FabTechSolar,401688,Bonnybrooke PV,AZ,963.6890270064843
2030,4,p28,WeRecycleSolar,400371,Buckeye Union HS District 201,AZ,17073.875975161027
2030,4,p28,FabTechSolar,403257,East Line Solar,AZ,1020.951074129211
2030,4,p28,FabTechSolar,406171,Eleven Mile Solar Center,AZ,594.394099844204
2030,4,p28,WeRecycleSolar,400349,Foothills Solar Plant Hybrid,AZ,4139.654938817388
2030,4,p28,FabTechSolar,400825,Fort Huachuca Solar PV Project,AZ,3536.507247072756
2030,4,p28,FabTechSolar,400599,"Gilbert Solar Facility I, LLC",AZ,2440.5816010000713
2030,4,p28,FabTechSolar,405282,Intel - Ocotillo Campus Solar,AZ,1885.78035744341
2030,4,p28,WeRecycleSolar,405125,Jewish Community Center PV,AZ,12220.857517881323
2030,4,p28,WeRecycleSolar,402234,Kayenta Solar Project,AZ,4737.884785013772
2030,4,p28,WeRecycleSolar,400595,Lake Pleasant WTP,AZ,4762.80412226641
2030,4,p28,WeRecycleSolar,400128,Luke Solar,AZ,1969.3757604052653
2030,4,p28,WeRecycleSolar,405068,Macys Goodyear,AZ,6462.717159917265
2030,4,p28,FabTechSolar,404512,Mesa Solar Array,AZ,5627.872015786261
2030,4,p28,WeRecycleSolar,401621,"Mesquite Solar 2, LLC",AZ,1334.1264053137927
2030,4,p28,WeRecycleSolar,401622,"Mesquite Solar 3, LLC",AZ,714.666811895732
2030,4,p28,WeRecycleSolar,403572,OE_AZ1,AZ,2220.986014721546
2030,4,p28,WeRecycleSolar,405150,Phoenix Airport East Economy Lot,AZ,2701.9327662247715
2030,4,p28,WeRecycleSolar,405151,Phoenix Airport Rental Car Center,AZ,1245.3881609776802
2030,4,p28,FabTechSolar,402528,Pinal Central Energy Center Hybrid,AZ,1870.4029988780978
2030,4,p28,FabTechSolar,400125,"Poseidon Solar, LLC",AZ,1303.700415654233
2030,4,p28,WeRecycleSolar,400031,Prescott Airport,AZ,27907.094093656382
2030,4,p28,FabTechSolar,400323,Queen Creek Solar Farm,AZ,873.9291163694459
2030,4,p28,WeRecycleSolar,400289,"RE Bagdad Solar I, LLC",AZ,13150.239631305178
2030,4,p28,FabTechSolar,400758,Red Horse 2,AZ,4459.180717667228
2030,4,p28,FabTechSolar,401609,Red Horse III,AZ,7822.907365482284
2030,4,p28,FabTechSolar,401726,Red Rock,AZ,1772.953937773384
2030,4,p28,WeRecycleSolar,400416,Saddle Mountain Solar I,AZ,4458.309730982203
2030,4,p28,FabTechSolar,403674,Saint Solar,AZ,717.9589706123312
2030,4,p28,FabTechSolar,401214,Sandstone Solar,AZ,928.107932733621
2030,4,p28,WeRecycleSolar,405029,Solana Generating Station,AZ,542.9033506377245
2030,4,p28,WeRecycleSolar,406275,Sonoran Solar Energy,AZ,517.5736172398433
2030,4,p28,FabTechSolar,401664,Sulphur Springs,AZ,6723.6796743907225
2030,4,p28,WeRecycleSolar,401975,"Sun Streams, LLC",AZ,933.3117863309727
2030,4,p28,WeRecycleSolar,405311,T0588 Phoenix - AZ,AZ,6837.05767744254
2030,4,p28,FabTechSolar,405134,Union HS at Casa Grande,AZ,7487.819070511036
2030,4,p28,FabTechSolar,405135,Vista Grande HS at Casa Grande,AZ,37264.16331006879
2030,4,p29,FabTechSolar,400014,Springerville,AZ,1615.2160260274698
2030,4,p30,FabTechSolar,405143,Actus Lend Lease DMAFB,AZ,11711.528133384176
2030,4,p30,FabTechSolar,405611,Amazon TUS2,AZ,41759.377953346295
2030,4,p30,FabTechSolar,400939,Avalon Solar,AZ,2294.8858188010286
2030,4,p30,FabTechSolar,401479,Avalon Solar II,AZ,3809.1365707813125
2030,4,p30,FabTechSolar,400226,Avra Valley Solar,AZ,1368.0658764052407
2030,4,p30,FabTechSolar,404704,Broadway 2 - Tucson Phase II,AZ,14850.08301346904
2030,4,p30,FabTechSolar,405269,Canyon Del Oro High School Solar,AZ,20150.47036719119
2030,4,p30,FabTechSolar,401295,Davis Monthan AFB (AZ) West Airfield,AZ,8555.347185336392
2030,4,p30,FabTechSolar,404536,Iron Horse Battery Storage Hybrid,AZ,55390.45875635586
2030,4,p30,FabTechSolar,400552,"Picture Rocks Solar, LLC",AZ,2357.071774188957
2030,4,p30,FabTechSolar,405374,Pima Community College,AZ,24514.026482517467
2030,4,p30,FabTechSolar,405303,Pima Community College - East Campus,AZ,39283.73108231177
2030,4,p30,FabTechSolar,405516,Pima Community College NW,AZ,67307.92963069226
2030,4,p30,FabTechSolar,400408,Prairie Fire,AZ,24616.49083211742
2030,4,p30,WeRecycleSolar,400290,"RE Ajo 1, LLC",AZ,21877.44582839428
2030,4,p30,FabTechSolar,404926,Raptor Ridge,AZ,4603.273672764532
2030,4,p30,FabTechSolar,400857,Rio Rico Solar,AZ,8523.596373595263
2030,4,p30,FabTechSolar,401076,Tech Park Solar,AZ,7599.341816767339
2030,4,p30,FabTechSolar,400156,UASTP I,AZ,92406.16447388826
2030,4,p30,FabTechSolar,401075,Valencia Solar,AZ,6231.673474904556
2030,4,p30,FabTechSolar,404187,"Wilmot Energy Center, LLC",AZ,830.0178027658344
2030,4,p31,SolarCycle,400211,Alamogordo Solar Energy Center,NM,18423.353410044143
2030,4,p31,FabTechSolar,400206,Albuquerque Solar Energy Center,NM,128143.37113574124
2030,4,p31,SolarCycle,403675,Alcalde Solar Array,NM,119316.37609100714
2030,4,p31,FabTechSolar,405469,Arroyo Solar Energy Storage Hybrid,NM,996.3080114846521
2030,4,p31,FabTechSolar,403321,Bluewater CDEC 1,NM,127376.15226227124
2030,4,p31,SolarCycle,403736,Britton Solar Energy Center,NM,7684.670020514321
2030,4,p31,SolarCycle,404981,Buena Vista Energy Center,NM,5003.64522882725
2030,4,p31,SolarCycle,402876,CNMEC Solar Energy Center,NM,349081.75095272285
2030,4,p31,SolarCycle,402519,Carrizozo Solar,NM,183261.674073032
2030,4,p31,FabTechSolar,402988,City of Gallup Solar,NM,34628.34026275986
2030,4,p31,FabTechSolar,403604,City of Rio Rancho WWTP,NM,309261.5785751902
2030,4,p31,FabTechSolar,401225,City of Truth or Consequences PV,NM,162437.7254043122
2030,4,p31,FabTechSolar,400209,Deming Solar Energy Center,NM,16610.497296778984
2030,4,p31,FabTechSolar,403868,Encino Solar Energy Center,NM,7195.18958863429
2030,4,p31,FabTechSolar,401038,Eubank Landfill Solar Array,NM,192413.53025728473
2030,4,p31,FabTechSolar,403322,Grants CDEC 2,NM,137445.67834829428
2030,4,p31,FabTechSolar,400216,"Hatch Solar Energy Center I, LLC",NM,126462.0464813269
2030,4,p31,SolarCycle,401617,Holloman Solar Facility,NM,108851.0433438371
2030,4,p31,FabTechSolar,406109,"Jicarilla Solar 1, LLC",NM,5569.524463826949
2030,4,p31,SolarCycle,400210,Las Vegas Solar Energy Center,NM,49260.81132818086
2030,4,p31,FabTechSolar,400207,Los Lunas Solar Energy Center,NM,104021.60455653306
2030,4,p31,FabTechSolar,400838,Macho Springs,NM,3280.420309100089
2030,4,p31,FabTechSolar,400582,Manzano Solar,NM,46398.131903225934
2030,4,p31,SolarCycle,401201,Meadow Lake Solar Energy Center,NM,27775.135770935187
2030,4,p31,SolarCycle,405693,NMSU Solar and Storage,NM,203865.19785672572
2030,4,p31,FabTechSolar,406375,OE_ESCL,NM,1921.794036098212
2030,4,p31,SolarCycle,400581,Otero Solar,NM,71334.38736212031
2030,4,p31,SolarCycle,400146,Questa Solar Facility,NM,911033.9455560008
2030,4,p31,FabTechSolar,401566,Rio Communities Solar Energy Center,NM,18518.919258117494
2030,4,p31,FabTechSolar,400624,Rio Rancho High School,NM,382660.9959369668
2030,4,p31,SolarCycle,400135,Roadrunner Solar,NM,30058.54461444865
2030,4,p31,FabTechSolar,404648,"Route 66 Energy Center, LLC",NM,4694.997663682722
2030,4,p31,SolarCycle,403387,San Miguel I Solar Energy Center,NM,14981.683058538918
2030,4,p31,SolarCycle,405458,San Miguel II Solar Energy Center,NM,18634.58815220051
2030,4,p31,SolarCycle,401564,Santa Fe Solar Energy Center,NM,42088.362414527146
2030,4,p31,FabTechSolar,406343,Sky Ranch Solar,NM,2290.15082228836
2030,4,p31,FabTechSolar,401563,South Valley Solar Energy Center,NM,18879.646867456337
2030,4,p31,SolarCycle,401162,Springer Solar 1,NM,447536.76864813844
2030,4,p31,SolarCycle,400735,Storrie Lake Solar Project,NM,122586.86967737995
2030,4,p31,SolarCycle,400343,"SunE EPE1, LLC",NM,28048.41704071666
2030,4,p31,SolarCycle,403412,Syncarpha El Rito,NM,281484.371718899
2030,4,p31,SolarCycle,403413,Syncarpha Questa,NM,577208.6931318076
2030,4,p31,SolarCycle,403411,Syncarpha Taos,NM,70203.44930799073
2030,4,p31,SolarCycle,404618,Taos Mesa Energy Facility Hybrid,NM,29544.851418480604
2030,4,p31,SolarCycle,400354,WSMR I,NM,42229.277509551976
2030,4,p31,FabTechSolar,405245,Wal-Mart Truth or Consequences PV,NM,310898.4580637587
2030,4,p47,SolarCycle,400979,"Caprock Solar 1, LLC",NM,6754.413594585367
2030,4,p47,SolarCycle,404980,Chaves County Solar II,NM,11698.266329225578
2030,4,p47,SolarCycle,401681,"Chaves Solar, LLC",NM,1615.8953721117637
2030,4,p47,SolarCycle,400614,GSE NM1,NM,182581.1898021243
2030,4,p47,SolarCycle,404982,Hayhurst New Mexico Solar,NM,11481.48488206068
2030,4,p47,SolarCycle,402530,Middle Daisy,NM,4472.780691423702
2030,4,p47,SolarCycle,400546,SEV NM Phase 2,NM,122108.60298307244
2030,4,p47,SolarCycle,400260,SPS1 Dollarhide,NM,5581.714422364137
2030,4,p47,SolarCycle,400261,SPS2 Jal,NM,11599.191622030783
2030,4,p47,SolarCycle,400262,SPS3 Lea,NM,8601.086508865787
2030,4,p47,SolarCycle,400264,SPS5 Hopi,NM,24520.802127106082
2030,4,p48,SolarCycle,406439,"BESSP1, LLC",TX,2741.7585643312837
2030,4,p48,SolarCycle,405590,"Hecate Energy Frye Solar, LLC",TX,688.2756791935062
2030,4,p57,OkonRecycling,404918,"Hecate Energy Upshur Rural, LLC",TX,5510.891618775392
2030,4,p59,SolarCycle,402666,Fort Bliss (DEA EPIC),TX,41147.530504359194
2030,4,p59,SolarCycle,401616,Montana Solar Facility,TX,13448.622414841931
2030,4,p59,SolarCycle,401045,Newman Solar,TX,16283.545737014141
2030,4,p60,SolarCycle,403962,"ANSON Solar Center, LLC",TX,1107.4598044969437
2030,4,p60,OkonRecycling,403883,Azure Sky Solar,TX,1711.3748111551552
2030,4,p60,SolarCycle,403232,"ENGIE Long Draw Solar, LLC",TX,522.3599040804296
2030,4,p60,SolarCycle,406252,Highpeak Solar 1,TX,3921.0827957309016
2030,4,p60,SolarCycle,402721,Holstein 1 Solar Farm,TX,972.5892030733836
2030,4,p60,SolarCycle,405492,Juno Solar Project,TX,515.4647223186342
2030,4,p60,SolarCycle,402541,Lamesa II,TX,1190.3845965210426
2030,4,p60,SolarCycle,401660,Lamesa Solar,TX,982.0301261073494
2030,4,p60,SolarCycle,405932,Lumina II Solar Project,TX,617.5734820115293
2030,4,p60,SolarCycle,405933,Lumina Solar Project,TX,1007.5490777531915
2030,4,p60,SolarCycle,402909,Misae Solar,TX,944.3869018426362
2030,4,p60,OkonRecycling,400968,"OCI Alamo 7, LLC",TX,1785.3979271707246
2030,4,p60,SolarCycle,405939,Texas Solar Nova 1,TX,710.9079007241314
2030,4,p61,SolarCycle,400967,Alamo 6,TX,562.1328363076207
2030,4,p61,SolarCycle,403557,Aragorn Solar Project,TX,1015.9807796352904
2030,4,p61,SolarCycle,400691,Barilla Solar,TX,1040.6387279274961
2030,4,p61,SolarCycle,401946,Bluebell Solar,TX,3122.167638865222
2030,4,p61,SolarCycle,403574,Bluebell Solar II,TX,635.3143723677634
2030,4,p61,SolarCycle,400554,"Bryan Solar, LLC",TX,9198.556022490518
2030,4,p61,SolarCycle,401463,Buckthorn Westex,TX,575.3618137016117
2030,4,p61,SolarCycle,401703,East Pecos Solar,TX,840.1092747036469
2030,4,p61,SolarCycle,405363,Galloway 1 Solar Farm,TX,672.9811885838502
2030,4,p61,SolarCycle,405494,Galloway 2 Solar Farm,TX,1010.4279929591775
2030,4,p61,SolarCycle,403210,Greasewood,TX,499.75675989018646
2030,4,p61,SolarCycle,406370,Hayhurst Texas Solar,TX,4082.0242495511316
2030,4,p61,SolarCycle,402304,Midway Solar-TX,TX,498.444855083976
2030,4,p61,SolarCycle,400695,"OCI Alamo 4, LLC",TX,5210.112396477242
2030,4,p61,SolarCycle,401868,Pearl Solar,TX,922.1557963563753
2030,4,p61,SolarCycle,402290,RE Maplewood,TX,508.624356683497
2030,4,p61,SolarCycle,401430,RE Roserock,TX,635.4511077570199
2030,4,p61,SolarCycle,402848,Rambler,TX,636.6960903682126
2030,4,p61,SolarCycle,402083,Solaire Holman Solar Project,TX,1452.6397900708123
2030,4,p61,SolarCycle,403023,"Taygete Energy Project, LLC",TX,516.0595123906719
2030,4,p61,SolarCycle,404647,Taygete II Energy Project,TX,495.61545562957417
2030,4,p61,SolarCycle,403551,Titan Solar Project,TX,614.6157227497916
2030,4,p61,SolarCycle,406103,Zier Solar,TX,790.8038718162359
2030,4,p62,SolarCycle,403502,2W Permian Solar Project Hybrid,TX,446.85501091020495
2030,4,p62,SolarCycle,403697,CED Crane Solar,TX,777.6670241512018
2030,4,p62,SolarCycle,401525,Castle Gap Solar Hybrid,TX,464.0596591548728
2030,4,p62,SolarCycle,404599,Emerald Grove,TX,625.176125806433
2030,4,p62,SolarCycle,403004,Lapetus,TX,616.9278809645448
2030,4,p62,SolarCycle,403280,Oberon IA,TX,450.3727701724187
2030,4,p62,SolarCycle,403279,Oberon IB,TX,654.6948664470119
2030,4,p62,SolarCycle,403602,Oxy Renewable Energy-Goldsmith,TX,926.2056086200986
2030,4,p62,SolarCycle,402679,Phoebe Solar,TX,482.3338751156356
2030,4,p62,SolarCycle,403177,Prospero Solar,TX,500.17594923853835
2030,4,p62,SolarCycle,404128,Prospero Solar II,TX,638.7111985104829
2030,4,p62,SolarCycle,403070,"Roadrunner, LLC",TX,477.22077832947775
2030,4,p62,SolarCycle,401805,Upton County Solar,TX,586.5062460587915
2030,4,p62,SolarCycle,402995,West of the Pecos Solar,TX,538.9732773509279
2030,4,p63,OkonRecycling,405599,"BPL Crown Solar, LLC",TX,1263.5360100263404
2030,4,p63,OkonRecycling,404966,BPL Files Solar,TX,477.2812494388577
2030,4,p63,OkonRecycling,403825,Briar Creek Solar 1,TX,740.268611558982
2030,4,p63,OkonRecycling,402610,Chisum,TX,8960.677976855324
2030,4,p63,OkonRecycling,401697,CoServ Community Solar Station,TX,30383.24046784106
2030,4,p63,OkonRecycling,403188,Coniglio Solar,TX,609.3551873506375
2030,4,p63,OkonRecycling,406415,Dileo Solar,TX,2303.918903343729
2030,4,p63,OkonRecycling,402655,Eddy II,TX,18392.810853621573
2030,4,p63,OkonRecycling,406221,Eiffel Solar Project,TX,622.4151982673167
2030,4,p63,OkonRecycling,405540,"Ellis Solar, LLC",TX,672.0649334954365
2030,4,p63,OkonRecycling,403823,Elm Branch Solar 1,TX,519.8926648538386
2030,4,p63,OkonRecycling,406206,Five Wells Solar Center - Hybrid,TX,994.0392641764887
2030,4,p63,OkonRecycling,404567,G.S.E. One LLC,TX,654.1603770182047
2030,4,p63,OkonRecycling,403288,Griffin Solar,TX,31729.450664658936
2030,4,p63,OkonRecycling,406202,Grizzly Ridge Solar,TX,1326.0819616645497
2030,4,p63,OkonRecycling,402329,Highway 56 Solar,TX,5048.8720805060675
2030,4,p63,OkonRecycling,405319,IKEA Grand Prairie Rooftop PV System,TX,2352.650752126596
2030,4,p63,OkonRecycling,405689,"IP Radian, LLC",TX,1260.7665861350392
2030,4,p63,OkonRecycling,403481,Impact Solar 1,TX,564.531188320548
2030,4,p63,OkonRecycling,403190,Kellam Solar,TX,1034.1917904431727
2030,4,p63,OkonRecycling,402421,Leon Solar,TX,3985.3304246796906
2030,4,p63,OkonRecycling,403874,Lily Solar Hybrid,TX,563.4904194394843
2030,4,p63,OkonRecycling,405794,Noble Solar,TX,499.2400307364272
2030,4,p63,OkonRecycling,402405,North Gainesville Solar,TX,10792.973250141406
2030,4,p63,OkonRecycling,401933,Phantom Solar,TX,7563.440214566458
2030,4,p63,OkonRecycling,404872,"Pisgah Ridge Solar, LLC",TX,547.044645723454
2030,4,p63,OkonRecycling,406416,Pitts Dudik Solar,TX,2501.8908568807697
2030,4,p63,OkonRecycling,403189,Rippey Solar,TX,2032.8385057019173
2030,4,p63,OkonRecycling,404630,"Samson Solar Energy III, LLC",TX,667.2938132374095
2030,4,p63,OkonRecycling,402652,Sterling Solar (TX),TX,4256.008566320931
2030,4,p63,OkonRecycling,404812,Sun Valley Solar Project,TX,620.9256728512507
2030,4,p63,OkonRecycling,404388,"TPE Erath Solar, LLC",TX,8015.426997299933
2030,4,p63,OkonRecycling,403457,"TPE Whitney Solar, LLC",TX,5952.690050757203
2030,4,p63,OkonRecycling,405361,Toyota HQ Plan,TX,1065.081495741336
2030,4,p63,OkonRecycling,405907,Verizon Hidden Ridge Solar Project,TX,1296.153260950768
2030,4,p63,OkonRecycling,405984,Waco Solar,TX,609.3806115099054
2030,4,p63,OkonRecycling,402306,Walnut Springs Solar,TX,12915.912843996179
2030,4,p63,OkonRecycling,402497,West Moore Solar II,TX,10401.872713254812
2030,4,p63,OkonRecycling,402330,Whitesboro Solar,TX,20086.682760254935
2030,4,p63,OkonRecycling,402331,Whitesboro Solar II,TX,20258.833518056326
2030,4,p63,OkonRecycling,402414,Whitewright Solar,TX,3554.050813083184
2030,4,p63,OkonRecycling,402654,Yellow Jacket,TX,9029.539166815659
2030,4,p64,OkonRecycling,405731,Austin TX GigaFactory,TX,32478.981209243593
2030,4,p64,OkonRecycling,404721,"Blue Jay Solar I, LLC",TX,754.8684426611457
2030,4,p64,OkonRecycling,402648,Bovine,TX,22490.50889438281
2030,4,p64,OkonRecycling,402389,"E-Volve Energy Holdings, LLC",TX,133372.40989588315
2030,4,p64,OkonRecycling,400227,East Blackland Solar Project 1,TX,785.5898762765592
2030,4,p64,OkonRecycling,405101,IKEA Round Rock 027,TX,38866.35229500931
2030,4,p64,SolarCycle,402653,Lampwick,TX,24339.659078613277
2030,4,p64,OkonRecycling,405613,Niagara Bottling - Seguin,TX,12152.798304533077
2030,4,p64,OkonRecycling,400249,Webberville Solar Project,TX,6392.375200293742
2030,4,p65,OkonRecycling,405700,Aktina Solar,TX,1145.4161796406984
2030,4,p65,OkonRecycling,405727,Bernard Creek Solar,TX,1891.6648037702503
2030,4,p65,OkonRecycling,405477,Brightside,TX,6310.791368211766
2030,4,p65,OkonRecycling,402656,Cascade Solar (TX),TX,37183.97050607385
2030,4,p65,SolarCycle,404247,"Corazon Energy, LLC",TX,5454.20326715574
2030,4,p65,SolarCycle,404062,Elara Solar,TX,6679.643811635882
2030,4,p65,OkonRecycling,404359,FELPS 1-Calaveras,TX,381552.07291046914
2030,4,p65,OkonRecycling,404361,FELPS 2-Calaveras,TX,762686.6217106191
2030,4,p65,OkonRecycling,404739,FELPS 6- Floresville West,TX,776321.8598020276
2030,4,p65,OkonRecycling,404740,FELPS 7- Floresville West,TX,776071.268568756
2030,4,p65,SolarCycle,405801,Horizon Solar,TX,1763.219507252902
2030,4,p65,OkonRecycling,405380,IKEA Live Oak Rooftop PV System,TX,103628.1549813228
2030,4,p65,SolarCycle,403343,Mars Solar,TX,109374.18541342496
2030,4,p65,OkonRecycling,404877,Nebula Solar,TX,5450.7941405901365
2030,4,p65,OkonRecycling,400694,"OCI Alamo 2, LLC",TX,164017.58797327752
2030,4,p65,OkonRecycling,400965,"OCI Alamo 3, LLC",TX,130553.61448925184
2030,4,p65,SolarCycle,400966,"OCI Alamo 5, LLC",TX,2875.6661183362116
2030,4,p65,SolarCycle,405809,Shakes Solar,TX,2411.088837268281
2030,4,p65,OkonRecycling,405545,Sparta Solar,TX,2152.6553467075596
2030,4,p65,OkonRecycling,400379,"SunE CPS1, LLC",TX,39204.57167983733
2030,4,p65,OkonRecycling,400364,"SunE CPS2, LLC",TX,26340.354455156958
2030,4,p65,OkonRecycling,400353,"SunE CPS3, LLC",TX,74770.91145482055
2030,4,p65,OkonRecycling,406032,Tres Bahias,TX,1807.0374880797356
2030,4,p65,OkonRecycling,404878,Vancourt Solar Interconnections,TX,30626.858812750772
2030,4,p66,OkonRecycling,406386,Umbriel Solar,TX,2332.9474310139426
2030,4,p67,OkonRecycling,404939,Brazoria County Solar Project (Danciger),TX,1134.855077963901
2030,4,p67,OkonRecycling,404681,Brazoria West,TX,1146.288370246535
2030,4,p67,OkonRecycling,402649,Bronson,TX,20477.591940453385
2030,4,p67,OkonRecycling,406178,"Cutlass Solar 1, LLC",TX,2302.046256615578
2030,4,p67,OkonRecycling,404587,Fighting Jays Solar Project,TX,1029.207432018222
2030,4,p67,OkonRecycling,405564,"Fort Bend Solar, LLC",TX,2069.064089412953
2030,4,p67,OkonRecycling,404853,"Longbow Solar, LLC",TX,8301.270989534583
2030,4,p67,OkonRecycling,403514,Wagyu,TX,1633.9003881174233
