Year,Quarter,PCA,Recycler Name,case_id,Site,State,Cost
2026,1,p12,ComstockMetals,402144,Battle Mountain Solar Project,NV,10455.022126517504
2026,1,p12,ComstockMetals,405025,Brady,NV,8778.576492169177
2026,1,p12,ComstockMetals,405553,Dodge Flat,NV,7268.717992724921
2026,1,p12,ComstockMetals,404659,Fish Springs,NV,7891.661552836895
2026,1,p12,ComstockMetals,401086,Ft. Churchill PV,NV,7929.240885621286
2026,1,p12,ComstockMetals,405028,Galena 2 Geothermal Power Plant,NV,11479.054502019308
2026,1,p12,ComstockMetals,400468,"Patua Acquisition Project, LLC",NV,8112.928899795282
2026,1,p12,ComstockMetals,405021,Steamboat Hills LP,NV,39408.18163959971
2026,1,p12,ComstockMetals,405023,Steamboat II,NV,10413.93262450467
2026,1,p12,ComstockMetals,405024,Steamboat III,NV,9469.351123357266
2026,1,p12,ComstockMetals,400029,Stillwater Facility,NV,8731.745565085952
2026,1,p12,ComstockMetals,401318,Sunshine Valley Solar,NV,18346.923262377306
2026,1,p12,ComstockMetals,405026,TS Power Plant,NV,14907.493368460158
2026,1,p12,ComstockMetals,405576,Tesla Reno GigaFactory,NV,8173.186071272226
2026,1,p12,ComstockMetals,403308,Turquoise Liberty Solar,NV,8662.578345245423
2026,1,p12,ComstockMetals,403884,"Turquoise Nevada, LLC",NV,7536.947935482489
2026,1,p12,ComstockMetals,400035,Western 102 Power Plant,NV,20812.557921793035
2026,1,p13,WeRecycleSolar,400555,Apex Solar PV Power Project,NV,136090.9362993779
2026,1,p13,WeRecycleSolar,405385,Arrow Canyon Solar Hybrid,NV,9073.81890939912
2026,1,p13,WeRecycleSolar,401649,"Boulder Solar Power, LLC",NV,18728.109063478863
2026,1,p13,WeRecycleSolar,400059,CM10,NV,121586.12622983671
2026,1,p13,WeRecycleSolar,400086,CM48,NV,54793.15393043756
2026,1,p13,WeRecycleSolar,400363,Copper Mountain Solar 2,NV,22008.66728088943
2026,1,p13,WeRecycleSolar,403688,"Copper Mountain Solar 5, LLC",NV,16310.880487307173
2026,1,p13,WeRecycleSolar,405358,Dignity - San Martin,NV,378589.77973317826
2026,1,p13,WeRecycleSolar,405355,Dignity - Siena Campus,NV,877945.241966269
2026,1,p13,WeRecycleSolar,405556,Dry Lake Solar Energy Center,NV,15777.14317514958
2026,1,p13,WeRecycleSolar,405495,Gemini Solar,NV,8436.454854158237
2026,1,p13,WeRecycleSolar,403386,"Harry Allen Solar Energy, LLC",NV,15812.528037342181
2026,1,p13,WeRecycleSolar,406090,IGS LAS1,NV,1224257.0036699153
2026,1,p13,WeRecycleSolar,406089,IGS VGT,NV,855168.9451370294
2026,1,p13,WeRecycleSolar,405309,IKEA Las Vegas 462,NV,2541748.9466344086
2026,1,p13,WeRecycleSolar,400545,Las Vegas WPCF Solar Plant,NV,756099.9314644742
2026,1,p13,WeRecycleSolar,400600,Mountain View Solar,NV,39337.779037104476
2026,1,p13,WeRecycleSolar,400036,Nellis Air Force Base Solar Array,NV,60134.722617363455
2026,1,p13,WeRecycleSolar,401042,Searchlight Solar,NV,128694.7358825592
2026,1,p13,WeRecycleSolar,400658,Silver State Solar Power South,NV,10351.05949773094
2026,1,p13,WeRecycleSolar,405246,"Solar Las Vegas MB 2, LLC",NV,1674872.4771214675
2026,1,p13,WeRecycleSolar,402691,"Techren Solar III, LLC",NV,37945.37447096963
2026,1,p13,WeRecycleSolar,402692,"Techren Solar IV, LLC",NV,53494.094058037
2026,1,p13,WeRecycleSolar,401851,Townsite Solar Project Hybrid,NV,21713.71043197248
2026,1,p13,WeRecycleSolar,404971,Yellow Pine Solar,NV,14511.082646770687
2026,1,p27,WeRecycleSolar,400374,"Black Mountain Solar, LLC",AZ,19514.011929230015
2026,1,p27,WeRecycleSolar,402236,Gray Hawk Solar,AZ,12222.796707237274
2026,1,p27,WeRecycleSolar,401819,Jacobson 5 MW Solar,AZ,17771.632590324734
2026,1,p27,WeRecycleSolar,403718,Mohave Electric Cooperative at Joy Lane,AZ,19384.75115578436
2026,1,p27,WeRecycleSolar,401311,Mohave Electric at Fort Mohave,AZ,34820.40401993519
2026,1,p27,WeRecycleSolar,406478,Mohave Energy - Hybrid,AZ,21017.02799750335
2026,1,p28,WeRecycleSolar,400148,Agua Caliente Solar Project,AZ,9754.908223614239
2026,1,p28,FabTechSolar,402067,Apache Solar 1,AZ,36053.01202819632
2026,1,p28,WeRecycleSolar,400274,Arizona Western College PV,AZ,116932.67619440981
2026,1,p28,WeRecycleSolar,400240,Arlington Valley Solar Energy II,AZ,10117.522711161631
2026,1,p28,WeRecycleSolar,400437,Badger 1,AZ,31323.41873882213
2026,1,p28,FabTechSolar,401688,Bonnybrooke PV,AZ,8864.889044769243
2026,1,p28,WeRecycleSolar,400371,Buckeye Union HS District 201,AZ,31685.742264908084
2026,1,p28,FabTechSolar,405635,"Central Line Solar, LLC",AZ,8119.130678304259
2026,1,p28,FabTechSolar,403257,East Line Solar,AZ,9944.500089627352
2026,1,p28,FabTechSolar,406171,Eleven Mile Solar Center,AZ,8066.058883854016
2026,1,p28,WeRecycleSolar,400349,Foothills Solar Plant Hybrid,AZ,40146.85184364018
2026,1,p28,FabTechSolar,400825,Fort Huachuca Solar PV Project,AZ,76271.63549410811
2026,1,p28,WeRecycleSolar,400845,Gila Bend Hybrid,AZ,11187.3091249555
2026,1,p28,FabTechSolar,400599,"Gilbert Solar Facility I, LLC",AZ,25182.335674438385
2026,1,p28,WeRecycleSolar,400204,Hyder Solar Hybrid,AZ,48543.76109359357
2026,1,p28,FabTechSolar,405282,Intel - Ocotillo Campus Solar,AZ,13752.973657454602
2026,1,p28,WeRecycleSolar,405125,Jewish Community Center PV,AZ,59265.84995154137
2026,1,p28,WeRecycleSolar,402234,Kayenta Solar Project,AZ,45415.73577410381
2026,1,p28,WeRecycleSolar,400128,Luke Solar,AZ,14121.105135787562
2026,1,p28,WeRecycleSolar,405068,Macys Goodyear,AZ,33908.561783515484
2026,1,p28,WeRecycleSolar,406279,McFarland A Solar and Storage,AZ,10887.677575155927
2026,1,p28,FabTechSolar,405617,Mesa Carport PV,AZ,17280.968952879004
2026,1,p28,FabTechSolar,404512,Mesa Solar Array,AZ,18721.06511553691
2026,1,p28,WeRecycleSolar,400250,Mesquite Solar 1,AZ,7694.688820038367
2026,1,p28,WeRecycleSolar,401622,"Mesquite Solar 3, LLC",AZ,8595.707282233616
2026,1,p28,WeRecycleSolar,406038,"Mesquite Solar 4, LLC",AZ,11142.106314196024
2026,1,p28,WeRecycleSolar,404922,"Mesquite Solar 5, LLC",AZ,14010.303663748831
2026,1,p28,WeRecycleSolar,403572,OE_AZ1,AZ,19238.692664995844
2026,1,p28,WeRecycleSolar,400203,Paloma Solar Hybrid,AZ,14327.91137027365
2026,1,p28,WeRecycleSolar,405126,Paradise Valley H.S. PV,AZ,97233.51069985422
2026,1,p28,WeRecycleSolar,405150,Phoenix Airport East Economy Lot,AZ,20726.11663207668
2026,1,p28,WeRecycleSolar,405151,Phoenix Airport Rental Car Center,AZ,8805.511488017584
2026,1,p28,FabTechSolar,400125,"Poseidon Solar, LLC",AZ,15169.3029807323
2026,1,p28,WeRecycleSolar,400031,Prescott Airport,AZ,128343.78074105663
2026,1,p28,WeRecycleSolar,400401,Prescott Solar Plant,AZ,42484.32091589411
2026,1,p28,WeRecycleSolar,400289,"RE Bagdad Solar I, LLC",AZ,35284.298336199696
2026,1,p28,WeRecycleSolar,400416,Saddle Mountain Solar I,AZ,16145.847593684312
2026,1,p28,FabTechSolar,403674,Saint Solar,AZ,7910.102528090901
2026,1,p28,FabTechSolar,401214,Sandstone Solar,AZ,9535.644079798314
2026,1,p28,WeRecycleSolar,405029,Solana Generating Station,AZ,7839.307591866076
2026,1,p28,WeRecycleSolar,406275,Sonoran Solar Energy,AZ,7468.881158496283
2026,1,p28,FabTechSolar,406034,Storey Solar and Storage,AZ,9358.736428145356
2026,1,p28,WeRecycleSolar,403643,Sun Streams 2,AZ,9646.988533512793
2026,1,p28,WeRecycleSolar,406517,Sun Streams 3,AZ,8880.609240452884
2026,1,p28,WeRecycleSolar,401975,"Sun Streams, LLC",AZ,7679.71208788598
2026,1,p28,WeRecycleSolar,405311,T0588 Phoenix - AZ,AZ,35557.055878093735
2026,1,p28,FabTechSolar,405134,Union HS at Casa Grande,AZ,48827.11003453787
2026,1,p28,FabTechSolar,405135,Vista Grande HS at Casa Grande,AZ,47794.94383667191
2026,1,p28,FabTechSolar,400334,Walmart Casa Grande,AZ,66765.19014043239
2026,1,p28,FabTechSolar,406098,"West Line Solar, LLC",AZ,9938.637984043198
2026,1,p29,FabTechSolar,400014,Springerville,AZ,22905.90840283556
2026,1,p30,FabTechSolar,405143,Actus Lend Lease DMAFB,AZ,34565.708958492854
2026,1,p30,FabTechSolar,405611,Amazon TUS2,AZ,73892.12538892694
2026,1,p30,FabTechSolar,400939,Avalon Solar,AZ,13320.102231688257
2026,1,p30,FabTechSolar,401479,Avalon Solar II,AZ,29195.676142155145
2026,1,p30,FabTechSolar,400226,Avra Valley Solar,AZ,11892.325509925098
2026,1,p30,FabTechSolar,404704,Broadway 2 - Tucson Phase II,AZ,53804.61989353183
2026,1,p30,FabTechSolar,405269,Canyon Del Oro High School Solar,AZ,39052.91947042624
2026,1,p30,FabTechSolar,401295,Davis Monthan AFB (AZ) West Airfield,AZ,13784.275418458446
2026,1,p30,FabTechSolar,400761,"Gato Montes Solar, LLC",AZ,42610.26610362342
2026,1,p30,FabTechSolar,404536,Iron Horse Battery Storage Hybrid,AZ,51539.49487444186
2026,1,p30,FabTechSolar,400552,"Picture Rocks Solar, LLC",AZ,9013.034929432513
2026,1,p30,FabTechSolar,405374,Pima Community College,AZ,162722.44889156136
2026,1,p30,FabTechSolar,405303,Pima Community College - East Campus,AZ,132591.47138212685
2026,1,p30,FabTechSolar,405516,Pima Community College NW,AZ,79125.37806621107
2026,1,p30,FabTechSolar,404926,Raptor Ridge,AZ,34317.10227870658
2026,1,p30,FabTechSolar,400857,Rio Rico Solar,AZ,85794.16138716858
2026,1,p30,FabTechSolar,401076,Tech Park Solar,AZ,76853.32214352128
2026,1,p30,FabTechSolar,400156,UASTP I,AZ,155547.98039522173
2026,1,p30,FabTechSolar,401075,Valencia Solar,AZ,19746.242117229503
2026,1,p30,FabTechSolar,404187,"Wilmot Energy Center, LLC",AZ,8134.401428404695
2026,1,p31,SolarCycle,400211,Alamogordo Solar Energy Center,NM,289892.46910254145
2026,1,p31,FabTechSolar,400206,Albuquerque Solar Energy Center,NM,2010766.760087146
2026,1,p31,SolarCycle,403675,Alcalde Solar Array,NM,628914.0385577169
2026,1,p31,FabTechSolar,405469,Arroyo Solar Energy Storage Hybrid,NM,11366.726052943384
2026,1,p31,SolarCycle,404981,Buena Vista Energy Center,NM,31278.214361481092
2026,1,p31,SolarCycle,402876,CNMEC Solar Energy Center,NM,918677.6206277247
2026,1,p31,SolarCycle,402519,Carrizozo Solar,NM,325881.67221674265
2026,1,p31,FabTechSolar,401202,Cibola,NM,166175.70035825478
2026,1,p31,FabTechSolar,402988,City of Gallup Solar,NM,365106.8359782496
2026,1,p31,FabTechSolar,403604,City of Rio Rancho WWTP,NM,1621962.2912113753
2026,1,p31,FabTechSolar,401225,City of Truth or Consequences PV,NM,854355.7976945993
2026,1,p31,FabTechSolar,400209,Deming Solar Energy Center,NM,120209.64975638135
2026,1,p31,FabTechSolar,403868,Encino Solar Energy Center,NM,42735.778272844334
2026,1,p31,FabTechSolar,401038,Eubank Landfill Solar Array,NM,2014933.2613836078
2026,1,p31,FabTechSolar,402443,Facebook 3 Solar Energy Center,NM,134047.99264784312
2026,1,p31,FabTechSolar,403322,Grants CDEC 2,NM,365452.7185252061
2026,1,p31,SolarCycle,401617,Holloman Solar Facility,NM,148957.61678967864
2026,1,p31,FabTechSolar,406109,"Jicarilla Solar 1, LLC",NM,27480.006173021815
2026,1,p31,SolarCycle,400427,Kit Carson,NM,1889368.7355053467
2026,1,p31,SolarCycle,400210,Las Vegas Solar Energy Center,NM,773554.3352837063
2026,1,p31,SolarCycle,400434,Los Alamos PV Site,NM,1119212.6001084156
2026,1,p31,FabTechSolar,400838,Macho Springs,NM,67446.2432417453
2026,1,p31,FabTechSolar,400582,Manzano Solar,NM,247691.80166927195
2026,1,p31,SolarCycle,401201,Meadow Lake Solar Energy Center,NM,436567.9999065396
2026,1,p31,SolarCycle,405693,NMSU Solar and Storage,NM,1070941.8372085616
2026,1,p31,FabTechSolar,406375,OE_ESCL,NM,23122.11453284194
2026,1,p31,SolarCycle,400581,Otero Solar,NM,378060.4795159384
2026,1,p31,SolarCycle,400146,Questa Solar Facility,NM,2387642.4526616973
2026,1,p31,FabTechSolar,403178,"RC Energy AA, LLC Solar Facility",NM,4043421.7504431657
2026,1,p31,FabTechSolar,401566,Rio Communities Solar Energy Center,NM,101937.11536762601
2026,1,p31,FabTechSolar,403084,Rio De Oro Solar Energy Center,NM,197798.0388945582
2026,1,p31,FabTechSolar,404648,"Route 66 Energy Center, LLC",NM,74573.74284725878
2026,1,p31,SolarCycle,403387,San Miguel I Solar Energy Center,NM,388380.8506625039
2026,1,p31,SolarCycle,405458,San Miguel II Solar Energy Center,NM,388537.36527335393
2026,1,p31,FabTechSolar,401161,Sandoval Solar Energy Center,NM,220872.03593914406
2026,1,p31,SolarCycle,401564,Santa Fe Solar Energy Center,NM,443109.9849462997
2026,1,p31,FabTechSolar,401565,Santolina Solar Energy Center,NM,79347.33901541404
2026,1,p31,FabTechSolar,400596,Silver City WWTP PV Project,NM,867862.8672050601
2026,1,p31,FabTechSolar,401563,South Valley Solar Energy Center,NM,84500.42183273795
2026,1,p31,SolarCycle,401162,Springer Solar 1,NM,1176042.8554658066
2026,1,p31,FabTechSolar,400623,Sue Cleveland High School,NM,1350733.9474604093
2026,1,p31,SolarCycle,400343,"SunE EPE1, LLC",NM,103575.37931936671
2026,1,p31,SolarCycle,402854,Syncarpha Eagle Nest,NM,1514601.0302459702
2026,1,p31,SolarCycle,403412,Syncarpha El Rito,NM,986897.2660575097
2026,1,p31,SolarCycle,403413,Syncarpha Questa,NM,3022810.5907950182
2026,1,p31,SolarCycle,403411,Syncarpha Taos,NM,737085.6952839657
2026,1,p31,SolarCycle,404618,Taos Mesa Energy Facility Hybrid,NM,159581.54398454836
2026,1,p31,FabTechSolar,403011,Vista Solar Energy Center,NM,391626.98863517545
2026,1,p31,SolarCycle,400354,WSMR I,NM,663270.1225622084
2026,1,p31,FabTechSolar,405245,Wal-Mart Truth or Consequences PV,NM,1630520.0241504996
2026,1,p47,SolarCycle,400614,GSE NM1,NM,1169692.6624261518
2026,1,p47,SolarCycle,404982,Hayhurst New Mexico Solar,NM,77920.01162812057
2026,1,p47,SolarCycle,402530,Middle Daisy,NM,137150.33431185887
2026,1,p47,SolarCycle,401682,"Roswell Solar, LLC",NM,38516.36215911733
2026,1,p47,SolarCycle,400546,SEV NM Phase 2,NM,783822.234169742
2026,1,p47,SolarCycle,400260,SPS1 Dollarhide,NM,73338.1571844429
2026,1,p47,SolarCycle,400261,SPS2 Jal,NM,42940.54415754835
2026,1,p47,SolarCycle,400262,SPS3 Lea,NM,42096.95655121663
2026,1,p47,SolarCycle,400264,SPS5 Hopi,NM,84166.39244377604
2026,1,p47,SolarCycle,404698,SoCore Clovis 1,NM,313731.04583647783
2026,1,p48,SolarCycle,406439,"BESSP1, LLC",TX,156989.30379843744
2026,1,p48,SolarCycle,405590,"Hecate Energy Frye Solar, LLC",TX,12126.843969518259
2026,1,p57,OkonRecycling,404918,"Hecate Energy Upshur Rural, LLC",TX,46236.45870541003
2026,1,p59,SolarCycle,402666,Fort Bliss (DEA EPIC),TX,162314.82383129696
2026,1,p59,SolarCycle,401616,Montana Solar Facility,TX,205887.49096389068
2026,1,p59,SolarCycle,401045,Newman Solar,TX,27363.48769084601
2026,1,p60,SolarCycle,403962,"ANSON Solar Center, LLC",TX,9587.055697959777
2026,1,p60,OkonRecycling,403883,Azure Sky Solar,TX,9413.101114157187
2026,1,p60,SolarCycle,403232,"ENGIE Long Draw Solar, LLC",TX,8751.728795124007
2026,1,p60,SolarCycle,406252,Highpeak Solar 1,TX,42702.37653946361
2026,1,p60,SolarCycle,402721,Holstein 1 Solar Farm,TX,8364.335343806843
2026,1,p60,SolarCycle,405492,Juno Solar Project,TX,8373.87987426092
2026,1,p60,SolarCycle,402541,Lamesa II,TX,11193.522873237882
2026,1,p60,SolarCycle,401660,Lamesa Solar,TX,9165.613617697343
2026,1,p60,SolarCycle,405932,Lumina II Solar Project,TX,10499.698253297869
2026,1,p60,SolarCycle,405933,Lumina Solar Project,TX,10272.035442615037
2026,1,p60,SolarCycle,402909,Misae Solar,TX,11325.548971209319
2026,1,p60,OkonRecycling,400968,"OCI Alamo 7, LLC",TX,14192.378396178676
2026,1,p60,SolarCycle,405939,Texas Solar Nova 1,TX,8776.969725189954
2026,1,p61,SolarCycle,400967,Alamo 6,TX,9235.98870598275
2026,1,p61,SolarCycle,403557,Aragorn Solar Project,TX,8492.867936218801
2026,1,p61,SolarCycle,400691,Barilla Solar,TX,12546.886538861088
2026,1,p61,SolarCycle,401946,Bluebell Solar,TX,10044.651418003888
2026,1,p61,SolarCycle,403574,Bluebell Solar II,TX,7945.113675350692
2026,1,p61,SolarCycle,400554,"Bryan Solar, LLC",TX,43858.498717641625
2026,1,p61,SolarCycle,401463,Buckthorn Westex,TX,7575.2160188637245
2026,1,p61,SolarCycle,401703,East Pecos Solar,TX,7668.295206292079
2026,1,p61,SolarCycle,405363,Galloway 1 Solar Farm,TX,7968.029742924695
2026,1,p61,SolarCycle,403210,Greasewood,TX,7487.010263772559
2026,1,p61,SolarCycle,406370,Hayhurst Texas Solar,TX,12322.227530785356
2026,1,p61,SolarCycle,402304,Midway Solar-TX,TX,7825.076406187774
2026,1,p61,SolarCycle,400695,"OCI Alamo 4, LLC",TX,12218.872977094188
2026,1,p61,SolarCycle,401868,Pearl Solar,TX,8297.464010245572
2026,1,p61,SolarCycle,402290,RE Maplewood,TX,8114.902937810232
2026,1,p61,SolarCycle,401430,RE Roserock,TX,7602.288443632953
2026,1,p61,SolarCycle,402848,Rambler,TX,7604.362726890942
2026,1,p61,SolarCycle,402083,Solaire Holman Solar Project,TX,10133.030241018188
2026,1,p61,SolarCycle,403023,"Taygete Energy Project, LLC",TX,7532.2806772798685
2026,1,p61,SolarCycle,404647,Taygete II Energy Project,TX,7608.265680649184
2026,1,p61,SolarCycle,403551,Titan Solar Project,TX,8103.935779902564
2026,1,p61,SolarCycle,406103,Zier Solar,TX,12093.429221282362
2026,1,p62,SolarCycle,403502,2W Permian Solar Project Hybrid,TX,7259.313181907154
2026,1,p62,SolarCycle,403697,CED Crane Solar,TX,7541.233918929069
2026,1,p62,SolarCycle,401525,Castle Gap Solar Hybrid,TX,7490.918515388226
2026,1,p62,SolarCycle,404599,Emerald Grove,TX,9579.896204766947
2026,1,p62,SolarCycle,403004,Lapetus,TX,7971.028816835199
2026,1,p62,SolarCycle,403280,Oberon IA,TX,7386.718315389308
2026,1,p62,SolarCycle,403279,Oberon IB,TX,8997.046754933714
2026,1,p62,SolarCycle,403602,Oxy Renewable Energy-Goldsmith,TX,9056.040398124991
2026,1,p62,SolarCycle,402679,Phoebe Solar,TX,7402.563080676417
2026,1,p62,SolarCycle,403177,Prospero Solar,TX,7385.719192446287
2026,1,p62,SolarCycle,404128,Prospero Solar II,TX,8047.44929494534
2026,1,p62,SolarCycle,403070,"Roadrunner, LLC",TX,7390.604531809908
2026,1,p62,SolarCycle,401805,Upton County Solar,TX,7471.721318881447
2026,1,p62,SolarCycle,402995,West of the Pecos Solar,TX,7697.547605055768
2026,1,p63,OkonRecycling,404966,BPL Files Solar,TX,8077.858556404266
2026,1,p63,OkonRecycling,403825,Briar Creek Solar 1,TX,8483.724343060723
2026,1,p63,OkonRecycling,402610,Chisum,TX,71300.21321283029
2026,1,p63,OkonRecycling,401697,CoServ Community Solar Station,TX,52104.394569935364
2026,1,p63,OkonRecycling,403188,Coniglio Solar,TX,8463.883734983638
2026,1,p63,OkonRecycling,406415,Dileo Solar,TX,14336.922002272377
2026,1,p63,OkonRecycling,406221,Eiffel Solar Project,TX,8875.129504609928
2026,1,p63,OkonRecycling,405540,"Ellis Solar, LLC",TX,8024.73451717721
2026,1,p63,OkonRecycling,403823,Elm Branch Solar 1,TX,9005.172408987057
2026,1,p63,OkonRecycling,406206,Five Wells Solar Center - Hybrid,TX,8321.830838655416
2026,1,p63,OkonRecycling,404567,G.S.E. One LLC,TX,11966.980929953674
2026,1,p63,OkonRecycling,403288,Griffin Solar,TX,65847.62129493231
2026,1,p63,OkonRecycling,406202,Grizzly Ridge Solar,TX,10676.5940323946
2026,1,p63,OkonRecycling,405319,IKEA Grand Prairie Rooftop PV System,TX,36447.357922428935
2026,1,p63,OkonRecycling,405689,"IP Radian, LLC",TX,9358.06639462527
2026,1,p63,OkonRecycling,403481,Impact Solar 1,TX,9262.960246087463
2026,1,p63,OkonRecycling,403190,Kellam Solar,TX,21453.785542647012
2026,1,p63,OkonRecycling,403874,Lily Solar Hybrid,TX,8025.989564413809
2026,1,p63,OkonRecycling,402404,Marlin Solar,TX,254597.6970610281
2026,1,p63,OkonRecycling,405794,Noble Solar,TX,7952.968576360566
2026,1,p63,OkonRecycling,402405,North Gainesville Solar,TX,162825.68214985818
2026,1,p63,OkonRecycling,404872,"Pisgah Ridge Solar, LLC",TX,8310.861721665075
2026,1,p63,OkonRecycling,406416,Pitts Dudik Solar,TX,10357.19543316058
2026,1,p63,OkonRecycling,403189,Rippey Solar,TX,19434.378519491605
2026,1,p63,OkonRecycling,404630,"Samson Solar Energy III, LLC",TX,8877.597426976696
2026,1,p63,OkonRecycling,402652,Sterling Solar (TX),TX,36078.322326123765
2026,1,p63,OkonRecycling,404812,Sun Valley Solar Project,TX,8863.9780512134
2026,1,p63,OkonRecycling,403457,"TPE Whitney Solar, LLC",TX,34923.777671965545
2026,1,p63,OkonRecycling,405361,Toyota HQ Plan,TX,12189.186809877909
2026,1,p63,OkonRecycling,405907,Verizon Hidden Ridge Solar Project,TX,11906.387085776601
2026,1,p63,OkonRecycling,405984,Waco Solar,TX,8385.658756577133
2026,1,p63,OkonRecycling,402306,Walnut Springs Solar,TX,38443.800441725325
2026,1,p63,OkonRecycling,402497,West Moore Solar II,TX,22185.967007593557
2026,1,p63,OkonRecycling,402330,Whitesboro Solar,TX,31774.32576503265
2026,1,p63,OkonRecycling,402331,Whitesboro Solar II,TX,23729.419473958074
2026,1,p63,OkonRecycling,402414,Whitewright Solar,TX,17329.882175609986
2026,1,p63,OkonRecycling,402654,Yellow Jacket,TX,55664.31109179945
2026,1,p64,OkonRecycling,405731,Austin TX GigaFactory,TX,703110.35810426
2026,1,p64,OkonRecycling,404721,"Blue Jay Solar I, LLC",TX,8920.729559901447
2026,1,p64,OkonRecycling,402389,"E-Volve Energy Holdings, LLC",TX,487979.3603741345
2026,1,p64,OkonRecycling,400227,East Blackland Solar Project 1,TX,9998.244543802353
2026,1,p64,OkonRecycling,405101,IKEA Round Rock 027,TX,424441.8965252574
2026,1,p64,SolarCycle,402653,Lampwick,TX,93765.20789471743
2026,1,p64,OkonRecycling,405613,Niagara Bottling - Seguin,TX,347153.32074756303
2026,1,p64,OkonRecycling,400249,Webberville Solar Project,TX,28875.775587754033
2026,1,p65,OkonRecycling,405700,Aktina Solar,TX,30818.482090681788
2026,1,p65,OkonRecycling,405727,Bernard Creek Solar,TX,42642.4967383505
2026,1,p65,OkonRecycling,405477,Brightside,TX,217814.38177452423
2026,1,p65,OkonRecycling,401728,CPS 1 Community Solar,TX,34886171.35642896
2026,1,p65,OkonRecycling,402656,Cascade Solar (TX),TX,1754717.766739246
2026,1,p65,OkonRecycling,404359,FELPS 1-Calaveras,TX,36222235.10773412
2026,1,p65,OkonRecycling,404361,FELPS 2-Calaveras,TX,18114306.292130407
2026,1,p65,OkonRecycling,404739,FELPS 6- Floresville West,TX,12294532.056608956
2026,1,p65,OkonRecycling,404740,FELPS 7- Floresville West,TX,12290563.750846108
2026,1,p65,SolarCycle,405801,Horizon Solar,TX,55782.17649264239
2026,1,p65,OkonRecycling,405380,IKEA Live Oak Rooftop PV System,TX,3930484.1891468726
2026,1,p65,SolarCycle,403343,Mars Solar,TX,2595745.6143459007
2026,1,p65,OkonRecycling,404877,Nebula Solar,TX,167176.45400066164
2026,1,p65,OkonRecycling,400694,"OCI Alamo 2, LLC",TX,3893726.3524317206
2026,1,p65,SolarCycle,400966,"OCI Alamo 5, LLC",TX,183628.38456229345
2026,1,p65,OkonRecycling,400593,OCI Alamo Solar I Hybrid,TX,185659.9111061531
2026,1,p65,SolarCycle,405809,Shakes Solar,TX,54980.71798364748
2026,1,p65,OkonRecycling,405545,Sparta Solar,TX,62719.30271439464
2026,1,p65,OkonRecycling,400379,"SunE CPS1, LLC",TX,3694212.2165936865
2026,1,p65,OkonRecycling,400364,"SunE CPS2, LLC",TX,3704279.967599391
2026,1,p65,OkonRecycling,400353,"SunE CPS3, LLC",TX,1184930.835087807
2026,1,p65,OkonRecycling,406032,Tres Bahias,TX,207743.7301561787
2026,1,p67,OkonRecycling,404939,Brazoria County Solar Project (Danciger),TX,27775.446223137304
2026,1,p67,OkonRecycling,404681,Brazoria West,TX,28095.415104951946
2026,1,p67,OkonRecycling,404587,Fighting Jays Solar Project,TX,16014.410552773463
2026,1,p67,OkonRecycling,403514,Wagyu,TX,41741.58702644725
2026,2,p12,ComstockMetals,402144,Battle Mountain Solar Project,NV,9017.079126945408
2026,2,p12,ComstockMetals,405025,Brady,NV,8083.50462570132
2026,2,p12,ComstockMetals,405553,Dodge Flat,NV,7242.698716647338
2026,2,p12,ComstockMetals,404659,Fish Springs,NV,7513.681470448328
2026,2,p12,ComstockMetals,401086,Ft. Churchill PV,NV,7610.528915051435
2026,2,p12,ComstockMetals,405028,Galena 2 Geothermal Power Plant,NV,9851.488334239802
2026,2,p12,ComstockMetals,400468,"Patua Acquisition Project, LLC",NV,7649.9680237237835
2026,2,p12,ComstockMetals,405021,Steamboat Hills LP,NV,25140.43612585787
2026,2,p12,ComstockMetals,405023,Steamboat II,NV,8994.197316427939
2026,2,p12,ComstockMetals,405024,Steamboat III,NV,8468.181330135087
2026,2,p12,ComstockMetals,400029,Stillwater Facility,NV,8269.28193243929
2026,2,p12,ComstockMetals,401318,Sunshine Valley Solar,NV,13411.899642340159
2026,2,p12,ComstockMetals,405026,TS Power Plant,NV,9353.279622390895
2026,2,p12,ComstockMetals,405576,Tesla Reno GigaFactory,NV,7746.376448880652
2026,2,p12,ComstockMetals,403308,Turquoise Liberty Solar,NV,8018.90789202813
2026,2,p12,ComstockMetals,403884,"Turquoise Nevada, LLC",NV,7392.069880195966
2026,2,p12,ComstockMetals,400035,Western 102 Power Plant,NV,12259.970392634968
2026,2,p13,WeRecycleSolar,400555,Apex Solar PV Power Project,NV,37581.860803796735
2026,2,p13,WeRecycleSolar,405385,Arrow Canyon Solar Hybrid,NV,8527.673119977815
2026,2,p13,WeRecycleSolar,401649,"Boulder Solar Power, LLC",NV,23496.02717719168
2026,2,p13,WeRecycleSolar,400059,CM10,NV,30313.156081499787
2026,2,p13,WeRecycleSolar,400086,CM48,NV,40850.0937782726
2026,2,p13,WeRecycleSolar,400363,Copper Mountain Solar 2,NV,17672.285788166897
2026,2,p13,WeRecycleSolar,403688,"Copper Mountain Solar 5, LLC",NV,13644.093744719736
2026,2,p13,WeRecycleSolar,405358,Dignity - San Martin,NV,357284.8923548975
2026,2,p13,WeRecycleSolar,405355,Dignity - Siena Campus,NV,315003.96463099064
2026,2,p13,WeRecycleSolar,405556,Dry Lake Solar Energy Center,NV,13266.754881049763
2026,2,p13,WeRecycleSolar,405495,Gemini Solar,NV,8510.609130565928
2026,2,p13,WeRecycleSolar,403386,"Harry Allen Solar Energy, LLC",NV,13291.771089185746
2026,2,p13,WeRecycleSolar,406090,IGS LAS1,NV,1728053.2797823641
2026,2,p13,WeRecycleSolar,406089,IGS VGT,NV,906438.4898633392
2026,2,p13,WeRecycleSolar,405309,IKEA Las Vegas 462,NV,903137.6635394071
2026,2,p13,WeRecycleSolar,400545,Las Vegas WPCF Solar Plant,NV,271933.1787209674
2026,2,p13,WeRecycleSolar,400600,Mountain View Solar,NV,37494.709620154594
2026,2,p13,WeRecycleSolar,400036,Nellis Air Force Base Solar Array,NV,156875.79429685988
2026,2,p13,WeRecycleSolar,401274,River Mountains Solar,NV,124038.53392593295
2026,2,p13,WeRecycleSolar,401042,Searchlight Solar,NV,35838.88487588455
2026,2,p13,WeRecycleSolar,400166,Silver State Solar Power North,NV,39367.80579426596
2026,2,p13,WeRecycleSolar,400658,Silver State Solar Power South,NV,10540.975166797782
2026,2,p13,WeRecycleSolar,405246,"Solar Las Vegas MB 2, LLC",NV,596707.7264735999
2026,2,p13,WeRecycleSolar,405188,Solar Las Vegas MB-1,NV,127592.07856338537
2026,2,p13,WeRecycleSolar,402691,"Techren Solar III, LLC",NV,28939.137186351192
2026,2,p13,WeRecycleSolar,402692,"Techren Solar IV, LLC",NV,20298.67644066599
2026,2,p13,WeRecycleSolar,401851,Townsite Solar Project Hybrid,NV,17463.758710020385
2026,2,p13,WeRecycleSolar,404971,Yellow Pine Solar,NV,12371.681911193691
2026,2,p27,WeRecycleSolar,400374,"Black Mountain Solar, LLC",AZ,20646.197532910133
2026,2,p27,WeRecycleSolar,402236,Gray Hawk Solar,AZ,12684.062211428334
2026,2,p27,WeRecycleSolar,401819,Jacobson 5 MW Solar,AZ,26432.481058732348
2026,2,p27,WeRecycleSolar,401311,Mohave Electric at Fort Mohave,AZ,37361.04703320303
2026,2,p27,WeRecycleSolar,406478,Mohave Energy - Hybrid,AZ,22287.51752712135
2026,2,p28,WeRecycleSolar,400148,Agua Caliente Solar Project,AZ,8201.784165051693
2026,2,p28,FabTechSolar,402067,Apache Solar 1,AZ,22197.334231558136
2026,2,p28,WeRecycleSolar,400274,Arizona Western College PV,AZ,49970.36824705757
2026,2,p28,WeRecycleSolar,400240,Arlington Valley Solar Energy II,AZ,8343.099794209074
2026,2,p28,FabTechSolar,401688,Bonnybrooke PV,AZ,8499.863999251585
2026,2,p28,WeRecycleSolar,400371,Buckeye Union HS District 201,AZ,26287.036555564122
2026,2,p28,FabTechSolar,405635,"Central Line Solar, LLC",AZ,7918.6003356335905
2026,2,p28,WeRecycleSolar,400201,Chino Solar Valley,AZ,17542.863446305524
2026,2,p28,FabTechSolar,403257,East Line Solar,AZ,9341.341211490335
2026,2,p28,FabTechSolar,406171,Eleven Mile Solar Center,AZ,7877.234784720421
2026,2,p28,WeRecycleSolar,400349,Foothills Solar Plant Hybrid,AZ,20045.92382706198
2026,2,p28,FabTechSolar,400825,Fort Huachuca Solar PV Project,AZ,20667.113278205754
2026,2,p28,WeRecycleSolar,400845,Gila Bend Hybrid,AZ,11860.028837634502
2026,2,p28,WeRecycleSolar,400204,Hyder Solar Hybrid,AZ,23318.309664871365
2026,2,p28,FabTechSolar,405282,Intel - Ocotillo Campus Solar,AZ,12309.765567654105
2026,2,p28,WeRecycleSolar,405125,Jewish Community Center PV,AZ,47783.69707967241
2026,2,p28,WeRecycleSolar,402234,Kayenta Solar Project,AZ,36988.554215280696
2026,2,p28,WeRecycleSolar,400128,Luke Solar,AZ,17983.393827062464
2026,2,p28,WeRecycleSolar,406279,McFarland A Solar and Storage,AZ,10076.47852316284
2026,2,p28,FabTechSolar,405617,Mesa Carport PV,AZ,22909.15557898981
2026,2,p28,FabTechSolar,404512,Mesa Solar Array,AZ,25154.05314664734
2026,2,p28,WeRecycleSolar,400250,Mesquite Solar 1,AZ,7479.84228588069
2026,2,p28,WeRecycleSolar,401621,"Mesquite Solar 2, LLC",AZ,10416.278541636479
2026,2,p28,WeRecycleSolar,401622,"Mesquite Solar 3, LLC",AZ,7930.037774336357
2026,2,p28,WeRecycleSolar,404922,"Mesquite Solar 5, LLC",AZ,12510.335335213591
2026,2,p28,WeRecycleSolar,403572,OE_AZ1,AZ,16585.479084643557
2026,2,p28,WeRecycleSolar,400203,Paloma Solar Hybrid,AZ,15531.830688950871
2026,2,p28,WeRecycleSolar,405126,Paradise Valley H.S. PV,AZ,42293.34468253534
2026,2,p28,WeRecycleSolar,405150,Phoenix Airport East Economy Lot,AZ,17744.816402650307
2026,2,p28,WeRecycleSolar,405151,Phoenix Airport Rental Car Center,AZ,8453.583571533753
2026,2,p28,FabTechSolar,400125,"Poseidon Solar, LLC",AZ,13413.689852460164
2026,2,p28,WeRecycleSolar,400401,Prescott Solar Plant,AZ,25539.154973167584
2026,2,p28,FabTechSolar,400323,Queen Creek Solar Farm,AZ,10463.411417187468
2026,2,p28,WeRecycleSolar,400289,"RE Bagdad Solar I, LLC",AZ,29091.845699910424
2026,2,p28,WeRecycleSolar,400416,Saddle Mountain Solar I,AZ,12781.867503902415
2026,2,p28,FabTechSolar,403674,Saint Solar,AZ,7937.571071606509
2026,2,p28,FabTechSolar,401214,Sandstone Solar,AZ,8418.44539722509
2026,2,p28,WeRecycleSolar,405029,Solana Generating Station,AZ,7945.748305697088
2026,2,p28,WeRecycleSolar,406275,Sonoran Solar Energy,AZ,7411.778776338122
2026,2,p28,FabTechSolar,406034,Storey Solar and Storage,AZ,8884.78162436661
2026,2,p28,WeRecycleSolar,403643,Sun Streams 2,AZ,7684.863222084683
2026,2,p28,WeRecycleSolar,406517,Sun Streams 3,AZ,8512.116732773276
2026,2,p28,WeRecycleSolar,401975,"Sun Streams, LLC",AZ,7515.088284766702
2026,2,p28,WeRecycleSolar,405311,T0588 Phoenix - AZ,AZ,29304.4400940334
2026,2,p28,FabTechSolar,405134,Union HS at Casa Grande,AZ,104522.40681563801
2026,2,p28,FabTechSolar,405135,Vista Grande HS at Casa Grande,AZ,133741.8859461547
2026,2,p28,FabTechSolar,400334,Walmart Casa Grande,AZ,53628.87984788629
2026,2,p28,FabTechSolar,406098,"West Line Solar, LLC",AZ,8273.386066193496
2026,2,p29,FabTechSolar,400014,Springerville,AZ,22279.438979472947
2026,2,p30,FabTechSolar,405143,Actus Lend Lease DMAFB,AZ,60871.18998732377
2026,2,p30,FabTechSolar,405611,Amazon TUS2,AZ,138014.22096473776
2026,2,p30,FabTechSolar,400939,Avalon Solar,AZ,13202.814099500834
2026,2,p30,FabTechSolar,401479,Avalon Solar II,AZ,17991.82205270251
2026,2,p30,FabTechSolar,400226,Avra Valley Solar,AZ,10271.629769881209
2026,2,p30,FabTechSolar,404704,Broadway 2 - Tucson Phase II,AZ,52910.200171885816
2026,2,p30,FabTechSolar,405269,Canyon Del Oro High School Solar,AZ,69673.34006719655
2026,2,p30,FabTechSolar,401295,Davis Monthan AFB (AZ) West Airfield,AZ,15807.436164523555
2026,2,p30,FabTechSolar,400761,"Gato Montes Solar, LLC",AZ,21098.29226009584
2026,2,p30,FabTechSolar,404536,Iron Horse Battery Storage Hybrid,AZ,94167.11195454163
2026,2,p30,FabTechSolar,400552,"Picture Rocks Solar, LLC",AZ,9273.161661374
2026,2,p30,FabTechSolar,405374,Pima Community College,AZ,159737.26730690832
2026,2,p30,FabTechSolar,405303,Pima Community College - East Campus,AZ,130184.67718594252
2026,2,p30,FabTechSolar,405516,Pima Community College NW,AZ,218814.7204959982
2026,2,p30,FabTechSolar,404926,Raptor Ridge,AZ,33796.760511134475
2026,2,p30,FabTechSolar,400857,Rio Rico Solar,AZ,32901.89256856615
2026,2,p30,FabTechSolar,400156,UASTP I,AZ,79955.2591376968
2026,2,p30,FabTechSolar,401075,Valencia Solar,AZ,25653.398898940606
2026,2,p30,FabTechSolar,404187,"Wilmot Energy Center, LLC",AZ,8116.656828917197
2026,2,p31,SolarCycle,400211,Alamogordo Solar Energy Center,NM,496248.36670862103
2026,2,p31,FabTechSolar,400206,Albuquerque Solar Energy Center,NM,873744.2147602469
2026,2,p31,SolarCycle,403675,Alcalde Solar Array,NM,1620524.3765034731
2026,2,p31,FabTechSolar,403321,Bluewater CDEC 1,NM,390023.27256398473
2026,2,p31,SolarCycle,402876,CNMEC Solar Energy Center,NM,795625.7760378921
2026,2,p31,SolarCycle,402519,Carrizozo Solar,NM,282859.69732992136
2026,2,p31,FabTechSolar,401202,Cibola,NM,213467.02412507866
2026,2,p31,FabTechSolar,403604,City of Rio Rancho WWTP,NM,2800718.2979856245
2026,2,p31,FabTechSolar,400209,Deming Solar Energy Center,NM,104954.23637049326
2026,2,p31,FabTechSolar,403868,Encino Solar Energy Center,NM,68669.30675418813
2026,2,p31,FabTechSolar,401038,Eubank Landfill Solar Array,NM,1743882.4361562426
2026,2,p31,FabTechSolar,403322,Grants CDEC 2,NM,213795.66071091368
2026,2,p31,FabTechSolar,400216,"Hatch Solar Energy Center I, LLC",NM,292253.0397746173
2026,2,p31,SolarCycle,401617,Holloman Solar Facility,NM,252432.2213133369
2026,2,p31,FabTechSolar,406109,"Jicarilla Solar 1, LLC",NM,42276.94540874565
2026,2,p31,SolarCycle,400427,Kit Carson,NM,1092583.088775933
2026,2,p31,SolarCycle,400210,Las Vegas Solar Energy Center,NM,338652.3629217003
2026,2,p31,SolarCycle,400434,Los Alamos PV Site,NM,1930965.431524459
2026,2,p31,FabTechSolar,400207,Los Lunas Solar Energy Center,NM,241512.2184198212
2026,2,p31,FabTechSolar,400582,Manzano Solar,NM,423241.5561303051
2026,2,p31,SolarCycle,401201,Meadow Lake Solar Energy Center,NM,192906.4597718014
2026,2,p31,SolarCycle,405693,NMSU Solar and Storage,NM,927333.7026406012
2026,2,p31,FabTechSolar,406375,OE_ESCL,NM,14091.957100776906
2026,2,p31,SolarCycle,400581,Otero Solar,NM,327994.15292494843
2026,2,p31,FabTechSolar,403178,"RC Energy AA, LLC Solar Facility",NM,1170978.9031993365
2026,2,p31,FabTechSolar,401566,Rio Communities Solar Energy Center,NM,116461.42482181711
2026,2,p31,FabTechSolar,403084,Rio De Oro Solar Energy Center,NM,336925.75333659747
2026,2,p31,FabTechSolar,400624,Rio Rancho High School,NM,1735895.822743415
2026,2,p31,FabTechSolar,404648,"Route 66 Energy Center, LLC",NM,36344.68146962884
2026,2,p31,SolarCycle,403387,San Miguel I Solar Energy Center,NM,172065.61594669358
2026,2,p31,FabTechSolar,401161,Sandoval Solar Energy Center,NM,561660.3701364031
2026,2,p31,SolarCycle,401564,Santa Fe Solar Energy Center,NM,132893.90331103504
2026,2,p31,FabTechSolar,401565,Santolina Solar Energy Center,NM,163206.2604101534
2026,2,p31,FabTechSolar,400596,Silver City WWTP PV Project,NM,2240593.6644555656
2026,2,p31,FabTechSolar,401563,South Valley Solar Energy Center,NM,341489.4989666613
2026,2,p31,SolarCycle,401162,Springer Solar 1,NM,4051352.6198596377
2026,2,p31,SolarCycle,400735,Storrie Lake Solar Project,NM,743958.6667722132
2026,2,p31,FabTechSolar,400623,Sue Cleveland High School,NM,3493638.2121168016
2026,2,p31,SolarCycle,402854,Syncarpha Eagle Nest,NM,1963040.6439105081
2026,2,p31,SolarCycle,403412,Syncarpha El Rito,NM,1278348.2368326297
2026,2,p31,SolarCycle,403413,Syncarpha Questa,NM,2615692.2172559146
2026,2,p31,SolarCycle,403411,Syncarpha Taos,NM,428103.0006108877
2026,2,p31,SolarCycle,404618,Taos Mesa Energy Facility Hybrid,NM,95077.17624624996
2026,2,p31,SolarCycle,400354,WSMR I,NM,290954.66571899236
2026,2,p31,FabTechSolar,405245,Wal-Mart Truth or Consequences PV,NM,408397.586599317
2026,2,p47,SolarCycle,400614,GSE NM1,NM,464362.46105465875
2026,2,p47,SolarCycle,404982,Hayhurst New Mexico Solar,NM,62824.17280759206
2026,2,p47,SolarCycle,402530,Middle Daisy,NM,211608.89743200367
2026,2,p47,SolarCycle,401682,"Roswell Solar, LLC",NM,19521.39265151672
2026,2,p47,SolarCycle,400546,SEV NM Phase 2,NM,414419.1631828625
2026,2,p47,SolarCycle,400261,SPS2 Jal,NM,25944.967524711272
2026,2,p47,SolarCycle,400262,SPS3 Lea,NM,34648.96070296669
2026,2,p47,SolarCycle,400264,SPS5 Hopi,NM,47561.34496960897
2026,2,p47,SolarCycle,404698,SoCore Clovis 1,NM,328652.7305705484
2026,2,p48,SolarCycle,406439,"BESSP1, LLC",TX,163910.0547142164
2026,2,p48,SolarCycle,405590,"Hecate Energy Frye Solar, LLC",TX,12354.03325095983
2026,2,p57,OkonRecycling,404918,"Hecate Energy Upshur Rural, LLC",TX,78235.66697026823
2026,2,p59,SolarCycle,402666,Fort Bliss (DEA EPIC),TX,317866.08590967715
2026,2,p59,SolarCycle,401616,Montana Solar Facility,TX,106691.70884796108
2026,2,p59,SolarCycle,401045,Newman Solar,TX,27392.491584777454
2026,2,p60,SolarCycle,403962,"ANSON Solar Center, LLC",TX,8483.479513624501
2026,2,p60,OkonRecycling,403883,Azure Sky Solar,TX,8390.285400014203
2026,2,p60,SolarCycle,403232,"ENGIE Long Draw Solar, LLC",TX,8035.962991881325
2026,2,p60,SolarCycle,402721,Holstein 1 Solar Farm,TX,7828.421526030048
2026,2,p60,SolarCycle,405492,Juno Solar Project,TX,8457.069790971489
2026,2,p60,SolarCycle,402541,Lamesa II,TX,9344.125328016984
2026,2,p60,SolarCycle,401660,Lamesa Solar,TX,7995.7726727354975
2026,2,p60,SolarCycle,405932,Lumina II Solar Project,TX,8972.416982983132
2026,2,p60,SolarCycle,405933,Lumina Solar Project,TX,8030.224660597828
2026,2,p60,SolarCycle,402909,Misae Solar,TX,9414.856750580924
2026,2,p60,OkonRecycling,400968,"OCI Alamo 7, LLC",TX,9080.363376747917
2026,2,p60,SolarCycle,405939,Texas Solar Nova 1,TX,8049.485522031292
2026,2,p61,SolarCycle,400967,Alamo 6,TX,7585.498220911019
2026,2,p61,SolarCycle,403557,Aragorn Solar Project,TX,8161.070706942139
2026,2,p61,SolarCycle,400691,Barilla Solar,TX,11166.569737291256
2026,2,p61,SolarCycle,401946,Bluebell Solar,TX,9311.505425415577
2026,2,p61,SolarCycle,403574,Bluebell Solar II,TX,7754.986013883329
2026,2,p61,SolarCycle,401463,Buckthorn Westex,TX,7426.606088555679
2026,2,p61,SolarCycle,401703,East Pecos Solar,TX,7549.763067990548
2026,2,p61,SolarCycle,405363,Galloway 1 Solar Farm,TX,7771.97513643649
2026,2,p61,SolarCycle,403210,Greasewood,TX,7415.365135380124
2026,2,p61,SolarCycle,406370,Hayhurst Texas Solar,TX,11000.015881201223
2026,2,p61,SolarCycle,402304,Midway Solar-TX,TX,7665.994834651994
2026,2,p61,SolarCycle,400695,"OCI Alamo 4, LLC",TX,10923.392648466546
2026,2,p61,SolarCycle,401868,Pearl Solar,TX,8284.940644887492
2026,2,p61,SolarCycle,402290,RE Maplewood,TX,7880.861475666667
2026,2,p61,SolarCycle,401430,RE Roserock,TX,7573.535127893703
2026,2,p61,SolarCycle,402848,Rambler,TX,7575.457373735301
2026,2,p61,SolarCycle,402083,Solaire Holman Solar Project,TX,9377.026206869257
2026,2,p61,SolarCycle,403023,"Taygete Energy Project, LLC",TX,7448.926940896026
2026,2,p61,SolarCycle,404647,Taygete II Energy Project,TX,7505.259404145877
2026,2,p61,SolarCycle,403551,Titan Solar Project,TX,7872.730831560668
2026,2,p61,SolarCycle,406103,Zier Solar,TX,9020.196650278884
2026,2,p62,SolarCycle,403502,2W Permian Solar Project Hybrid,TX,7238.575574390031
2026,2,p62,SolarCycle,403697,CED Crane Solar,TX,7401.940554732006
2026,2,p62,SolarCycle,401525,Castle Gap Solar Hybrid,TX,7340.227377322801
2026,2,p62,SolarCycle,404599,Emerald Grove,TX,7667.762290439071
2026,2,p62,SolarCycle,403004,Lapetus,TX,7540.745777204817
2026,2,p62,SolarCycle,403280,Oberon IA,TX,7312.403194687296
2026,2,p62,SolarCycle,403279,Oberon IB,TX,8245.542333898054
2026,2,p62,SolarCycle,403602,Oxy Renewable Energy-Goldsmith,TX,8012.295593442108
2026,2,p62,SolarCycle,402679,Phoebe Solar,TX,7321.58478167162
2026,2,p62,SolarCycle,403177,Prospero Solar,TX,7311.82423160118
2026,2,p62,SolarCycle,404128,Prospero Solar II,TX,7695.2778445861895
2026,2,p62,SolarCycle,403070,"Roadrunner, LLC",TX,7314.6551456287625
2026,2,p62,SolarCycle,401805,Upton County Solar,TX,7336.383330783561
2026,2,p62,SolarCycle,402995,West of the Pecos Solar,TX,7492.519852058701
2026,2,p63,OkonRecycling,404966,BPL Files Solar,TX,7846.313555609351
2026,2,p63,OkonRecycling,403825,Briar Creek Solar 1,TX,7910.420644255545
2026,2,p63,OkonRecycling,402610,Chisum,TX,42453.18952807027
2026,2,p63,OkonRecycling,401697,CoServ Community Solar Station,TX,22639.634039072895
2026,2,p63,OkonRecycling,403188,Coniglio Solar,TX,7899.510299668443
2026,2,p63,OkonRecycling,406415,Dileo Solar,TX,11129.092327618851
2026,2,p63,OkonRecycling,406221,Eiffel Solar Project,TX,8125.654228280853
2026,2,p63,OkonRecycling,405540,"Ellis Solar, LLC",TX,7658.022273051028
2026,2,p63,OkonRecycling,403823,Elm Branch Solar 1,TX,8197.164783418566
2026,2,p63,OkonRecycling,406206,Five Wells Solar Center - Hybrid,TX,7821.395453464363
2026,2,p63,OkonRecycling,404567,G.S.E. One LLC,TX,12441.724848192922
2026,2,p63,OkonRecycling,403288,Griffin Solar,TX,136189.24329943085
2026,2,p63,OkonRecycling,406202,Grizzly Ridge Solar,TX,8735.023236790881
2026,2,p63,OkonRecycling,405319,IKEA Grand Prairie Rooftop PV System,TX,23287.614582719307
2026,2,p63,OkonRecycling,405689,"IP Radian, LLC",TX,8981.831624586517
2026,2,p63,OkonRecycling,403481,Impact Solar 1,TX,8903.383359629
2026,2,p63,OkonRecycling,403190,Kellam Solar,TX,15042.653509977725
2026,2,p63,OkonRecycling,403874,Lily Solar Hybrid,TX,7658.712423159895
2026,2,p63,OkonRecycling,405794,Noble Solar,TX,7618.55820315533
2026,2,p63,OkonRecycling,402405,North Gainesville Solar,TX,49996.50908317986
2026,2,p63,OkonRecycling,401933,Phantom Solar,TX,36700.94474030262
2026,2,p63,OkonRecycling,404872,"Pisgah Ridge Solar, LLC",TX,7815.363539234928
2026,2,p63,OkonRecycling,406416,Pitts Dudik Solar,TX,8940.641849550766
2026,2,p63,OkonRecycling,403189,Rippey Solar,TX,13932.182177716115
2026,2,p63,OkonRecycling,404630,"Samson Solar Energy III, LLC",TX,8127.0113380695775
2026,2,p63,OkonRecycling,402652,Sterling Solar (TX),TX,17793.12134405908
2026,2,p63,OkonRecycling,404812,Sun Valley Solar Project,TX,8119.522047314906
2026,2,p63,OkonRecycling,403457,"TPE Whitney Solar, LLC",TX,52929.39474386175
2026,2,p63,OkonRecycling,405361,Toyota HQ Plan,TX,9605.796700999763
2026,2,p63,OkonRecycling,405907,Verizon Hidden Ridge Solar Project,TX,9792.541886880032
2026,2,p63,OkonRecycling,405984,Waco Solar,TX,7640.9962712589695
2026,2,p63,OkonRecycling,402306,Walnut Springs Solar,TX,58736.37322304702
2026,2,p63,OkonRecycling,402497,West Moore Solar II,TX,16360.310981907645
2026,2,p63,OkonRecycling,402330,Whitesboro Solar,TX,18788.213340686936
2026,2,p63,OkonRecycling,402331,Whitesboro Solar II,TX,17429.526937227907
2026,2,p63,OkonRecycling,402414,Whitewright Solar,TX,12774.920252837657
2026,2,p63,OkonRecycling,402654,Yellow Jacket,TX,60500.02303641898
2026,2,p64,OkonRecycling,405731,Austin TX GigaFactory,TX,122975.38521944893
2026,2,p64,OkonRecycling,404721,"Blue Jay Solar I, LLC",TX,8490.635494591572
2026,2,p64,OkonRecycling,402389,"E-Volve Energy Holdings, LLC",TX,167165.22794969237
2026,2,p64,OkonRecycling,400227,East Blackland Solar Project 1,TX,11384.505443864882
2026,2,p64,OkonRecycling,405101,IKEA Round Rock 027,TX,111321.91199556304
2026,2,p64,SolarCycle,402653,Lampwick,TX,93602.51468682452
2026,2,p64,OkonRecycling,405613,Niagara Bottling - Seguin,TX,176862.17370914618
2026,2,p64,OkonRecycling,400249,Webberville Solar Project,TX,14418.350528305686
2026,2,p65,OkonRecycling,405700,Aktina Solar,TX,21161.30181363899
2026,2,p65,OkonRecycling,405727,Bernard Creek Solar,TX,23960.91025704249
2026,2,p65,OkonRecycling,405477,Brightside,TX,173150.6582275749
2026,2,p65,OkonRecycling,402656,Cascade Solar (TX),TX,695663.3612908614
2026,2,p65,OkonRecycling,404359,FELPS 1-Calaveras,TX,21408278.62973339
2026,2,p65,OkonRecycling,404361,FELPS 2-Calaveras,TX,7140735.551531677
2026,2,p65,OkonRecycling,404739,FELPS 6- Floresville West,TX,7268334.956474672
2026,2,p65,OkonRecycling,404740,FELPS 7- Floresville West,TX,10895379.862224268
2026,2,p65,SolarCycle,405801,Horizon Solar,TX,30172.76707299738
2026,2,p65,OkonRecycling,405380,IKEA Live Oak Rooftop PV System,TX,5803302.914848123
2026,2,p65,SolarCycle,403343,Mars Solar,TX,772050.3966078567
2026,2,p65,OkonRecycling,404877,Nebula Solar,TX,63928.774326495775
2026,2,p65,OkonRecycling,400694,"OCI Alamo 2, LLC",TX,925896.130317875
2026,2,p65,OkonRecycling,400965,"OCI Alamo 3, LLC",TX,3661166.824664346
2026,2,p65,SolarCycle,400966,"OCI Alamo 5, LLC",TX,48911.387137881975
2026,2,p65,OkonRecycling,400593,OCI Alamo Solar I Hybrid,TX,534479.936054388
2026,2,p65,SolarCycle,405809,Shakes Solar,TX,35439.841371595394
2026,2,p65,OkonRecycling,405545,Sparta Solar,TX,40012.91518355745
2026,2,p65,OkonRecycling,400379,"SunE CPS1, LLC",TX,733481.1838577868
2026,2,p65,OkonRecycling,400364,"SunE CPS2, LLC",TX,2191973.033303089
2026,2,p65,OkonRecycling,400353,"SunE CPS3, LLC",TX,529185.7064243697
2026,2,p65,OkonRecycling,406032,Tres Bahias,TX,30910.85956799345
2026,2,p67,OkonRecycling,404939,Brazoria County Solar Project (Danciger),TX,20110.770964241874
2026,2,p67,OkonRecycling,404681,Brazoria West,TX,11577.162826401005
2026,2,p67,OkonRecycling,404587,Fighting Jays Solar Project,TX,10892.023486842589
2026,2,p67,OkonRecycling,405564,"Fort Bend Solar, LLC",TX,12093.55100841057
2026,2,p67,OkonRecycling,403514,Wagyu,TX,28871.77628369604
2026,3,p12,ComstockMetals,402144,Battle Mountain Solar Project,NV,10824.158253890817
2026,3,p12,ComstockMetals,405025,Brady,NV,8083.50462570132
2026,3,p12,ComstockMetals,405553,Dodge Flat,NV,7238.6113770664215
2026,3,p12,ComstockMetals,402609,"EGP Stillwater Solar PV II, LLC",NV,11796.292638110086
2026,3,p12,ComstockMetals,404659,Fish Springs,NV,7513.681470448328
2026,3,p12,ComstockMetals,401086,Ft. Churchill PV,NV,7610.528915051435
2026,3,p12,ComstockMetals,405028,Galena 2 Geothermal Power Plant,NV,9587.33950081582
2026,3,p12,ComstockMetals,403107,NVSS-II,NV,57115.51355777777
2026,3,p12,ComstockMetals,400468,"Patua Acquisition Project, LLC",NV,8969.872094895136
2026,3,p12,ComstockMetals,405021,Steamboat Hills LP,NV,10796.08722517157
2026,3,p12,ComstockMetals,405023,Steamboat II,NV,8597.709023888397
2026,3,p12,ComstockMetals,405024,Steamboat III,NV,8468.181330135087
2026,3,p12,ComstockMetals,400029,Stillwater Facility,NV,8622.375909919052
2026,3,p12,ComstockMetals,401318,Sunshine Valley Solar,NV,10310.94982117008
2026,3,p12,ComstockMetals,405026,TS Power Plant,NV,9353.279622390895
2026,3,p12,ComstockMetals,405576,Tesla Reno GigaFactory,NV,7805.973832089612
2026,3,p12,ComstockMetals,401943,Tungsten Mountain,NV,36094.22728680797
2026,3,p12,ComstockMetals,403308,Turquoise Liberty Solar,NV,8180.689470433756
2026,3,p12,ComstockMetals,403884,"Turquoise Nevada, LLC",NV,7392.069880195966
2026,3,p12,ComstockMetals,400035,Western 102 Power Plant,NV,12891.216691714335
2026,3,p13,WeRecycleSolar,400555,Apex Solar PV Power Project,NV,29988.89560284755
2026,3,p13,WeRecycleSolar,405385,Arrow Canyon Solar Hybrid,NV,8527.673119977815
2026,3,p13,WeRecycleSolar,400059,CM10,NV,168932.0925704985
2026,3,p13,WeRecycleSolar,400086,CM48,NV,24030.046889136305
2026,3,p13,WeRecycleSolar,400363,Copper Mountain Solar 2,NV,17672.285788166897
2026,3,p13,WeRecycleSolar,400802,Copper Mountain Solar 3,NV,13647.030921476795
2026,3,p13,WeRecycleSolar,403688,"Copper Mountain Solar 5, LLC",NV,13644.093744719736
2026,3,p13,WeRecycleSolar,405355,Dignity - Siena Campus,NV,622797.9292619816
2026,3,p13,WeRecycleSolar,405556,Dry Lake Solar Energy Center,NV,11247.836587366512
2026,3,p13,WeRecycleSolar,405495,Gemini Solar,NV,8077.072753710619
2026,3,p13,WeRecycleSolar,403386,"Harry Allen Solar Energy, LLC",NV,10859.062653511448
2026,3,p13,WeRecycleSolar,406090,IGS LAS1,NV,867631.6398911821
2026,3,p13,WeRecycleSolar,406089,IGS VGT,NV,906438.4898633392
2026,3,p13,WeRecycleSolar,405309,IKEA Las Vegas 462,NV,1799065.3270788142
2026,3,p13,WeRecycleSolar,400545,Las Vegas WPCF Solar Plant,NV,271933.1787209674
2026,3,p13,WeRecycleSolar,400600,Mountain View Solar,NV,98064.12886046384
2026,3,p13,WeRecycleSolar,401274,River Mountains Solar,NV,65624.26696296647
2026,3,p13,WeRecycleSolar,401042,Searchlight Solar,NV,50153.327313826805
2026,3,p13,WeRecycleSolar,400166,Silver State Solar Power North,NV,23288.902897132975
2026,3,p13,WeRecycleSolar,400658,Silver State Solar Power South,NV,8875.487583398894
2026,3,p13,WeRecycleSolar,405246,"Solar Las Vegas MB 2, LLC",NV,596707.7264735999
2026,3,p13,WeRecycleSolar,405188,Solar Las Vegas MB-1,NV,187783.117845078
2026,3,p13,WeRecycleSolar,402691,"Techren Solar III, LLC",NV,72397.41155905358
2026,3,p13,WeRecycleSolar,402692,"Techren Solar IV, LLC",NV,72653.38220332997
2026,3,p13,WeRecycleSolar,401851,Townsite Solar Project Hybrid,NV,17463.758710020385
2026,3,p13,WeRecycleSolar,404971,Yellow Pine Solar,NV,12371.681911193691
2026,3,p27,WeRecycleSolar,400374,"Black Mountain Solar, LLC",AZ,16167.465021940088
2026,3,p27,WeRecycleSolar,402236,Gray Hawk Solar,AZ,12684.062211428334
2026,3,p27,WeRecycleSolar,401819,Jacobson 5 MW Solar,AZ,64877.44317619703
2026,3,p27,WeRecycleSolar,403718,Mohave Electric Cooperative at Joy Lane,AZ,33800.08498756903
2026,3,p27,WeRecycleSolar,406478,Mohave Energy - Hybrid,AZ,22287.51752712135
2026,3,p28,WeRecycleSolar,405418,AZ State University - Tempe Campus Solar,AZ,18737.66810063022
2026,3,p28,WeRecycleSolar,400148,Agua Caliente Solar Project,AZ,8201.784165051693
2026,3,p28,FabTechSolar,402067,Apache Solar 1,AZ,52172.00269467442
2026,3,p28,WeRecycleSolar,400274,Arizona Western College PV,AZ,64223.824329410105
2026,3,p28,WeRecycleSolar,400240,Arlington Valley Solar Energy II,AZ,8343.099794209074
2026,3,p28,WeRecycleSolar,400437,Badger 1,AZ,16607.316040128317
2026,3,p28,FabTechSolar,401688,Bonnybrooke PV,AZ,9144.795998877378
2026,3,p28,WeRecycleSolar,400371,Buckeye Union HS District 201,AZ,35825.554833346185
2026,3,p28,FabTechSolar,405635,"Central Line Solar, LLC",AZ,7918.6003356335905
2026,3,p28,WeRecycleSolar,400201,Chino Solar Valley,AZ,14959.647584729144
2026,3,p28,WeRecycleSolar,401069,Desert Star Hybrid,AZ,30439.33402260867
2026,3,p28,FabTechSolar,403257,East Line Solar,AZ,8275.670605745168
2026,3,p28,FabTechSolar,406171,Eleven Mile Solar Center,AZ,7877.234784720421
2026,3,p28,WeRecycleSolar,400349,Foothills Solar Plant Hybrid,AZ,13627.961913530991
2026,3,p28,FabTechSolar,400825,Fort Huachuca Solar PV Project,AZ,20667.113278205754
2026,3,p28,WeRecycleSolar,400845,Gila Bend Hybrid,AZ,11860.028837634502
2026,3,p28,FabTechSolar,400599,"Gilbert Solar Facility I, LLC",AZ,21218.11059943631
2026,3,p28,WeRecycleSolar,400204,Hyder Solar Hybrid,AZ,39426.61932974273
2026,3,p28,FabTechSolar,405282,Intel - Ocotillo Campus Solar,AZ,10609.843711769405
2026,3,p28,WeRecycleSolar,405125,Jewish Community Center PV,AZ,34259.13138644827
2026,3,p28,WeRecycleSolar,402234,Kayenta Solar Project,AZ,36988.554215280696
2026,3,p28,WeRecycleSolar,400128,Luke Solar,AZ,17983.393827062464
2026,3,p28,WeRecycleSolar,405068,Macys Goodyear,AZ,21083.040324647205
2026,3,p28,WeRecycleSolar,406279,McFarland A Solar and Storage,AZ,10076.47852316284
2026,3,p28,FabTechSolar,405617,Mesa Carport PV,AZ,11134.788894747451
2026,3,p28,FabTechSolar,404512,Mesa Solar Array,AZ,16182.026573323668
2026,3,p28,WeRecycleSolar,400250,Mesquite Solar 1,AZ,7524.816000194138
2026,3,p28,WeRecycleSolar,401621,"Mesquite Solar 2, LLC",AZ,10416.278541636479
2026,3,p28,WeRecycleSolar,401622,"Mesquite Solar 3, LLC",AZ,8290.056661504535
2026,3,p28,WeRecycleSolar,406038,"Mesquite Solar 4, LLC",AZ,13339.57393360293
2026,3,p28,WeRecycleSolar,404922,"Mesquite Solar 5, LLC",AZ,12510.335335213591
2026,3,p28,WeRecycleSolar,403572,OE_AZ1,AZ,16585.479084643557
2026,3,p28,WeRecycleSolar,400203,Paloma Solar Hybrid,AZ,23853.661377901743
2026,3,p28,WeRecycleSolar,405126,Paradise Valley H.S. PV,AZ,30598.896455023554
2026,3,p28,WeRecycleSolar,405150,Phoenix Airport East Economy Lot,AZ,38814.449207950915
2026,3,p28,WeRecycleSolar,405151,Phoenix Airport Rental Car Center,AZ,8453.583571533753
2026,3,p28,FabTechSolar,400125,"Poseidon Solar, LLC",AZ,13413.689852460164
2026,3,p28,WeRecycleSolar,400031,Prescott Airport,AZ,70153.23411590053
2026,3,p28,WeRecycleSolar,400401,Prescott Solar Plant,AZ,34703.73245975138
2026,3,p28,FabTechSolar,400323,Queen Creek Solar Farm,AZ,10463.411417187468
2026,3,p28,WeRecycleSolar,400289,"RE Bagdad Solar I, LLC",AZ,29091.845699910424
2026,3,p28,WeRecycleSolar,400416,Saddle Mountain Solar I,AZ,35069.337519512075
2026,3,p28,FabTechSolar,403674,Saint Solar,AZ,7937.571071606509
2026,3,p28,FabTechSolar,401214,Sandstone Solar,AZ,9022.668095837638
2026,3,p28,WeRecycleSolar,406275,Sonoran Solar Energy,AZ,7344.519184225413
2026,3,p28,FabTechSolar,406034,Storey Solar and Storage,AZ,8884.78162436661
2026,3,p28,WeRecycleSolar,403643,Sun Streams 2,AZ,9109.452888338736
2026,3,p28,WeRecycleSolar,406517,Sun Streams 3,AZ,8512.116732773276
2026,3,p28,WeRecycleSolar,401975,"Sun Streams, LLC",AZ,7667.632427150051
2026,3,p28,WeRecycleSolar,405311,T0588 Phoenix - AZ,AZ,29304.4400940334
2026,3,p28,FabTechSolar,405134,Union HS at Casa Grande,AZ,104522.40681563801
2026,3,p28,FabTechSolar,405135,Vista Grande HS at Casa Grande,AZ,49387.29531538491
2026,3,p28,FabTechSolar,400334,Walmart Casa Grande,AZ,30419.439923943148
2026,3,p28,FabTechSolar,406098,"West Line Solar, LLC",AZ,7918.924044128995
2026,3,p29,FabTechSolar,400014,Springerville,AZ,37348.8779589459
2026,3,p30,FabTechSolar,405143,Actus Lend Lease DMAFB,AZ,60871.18998732377
2026,3,p30,FabTechSolar,405611,Amazon TUS2,AZ,138014.22096473776
2026,3,p30,FabTechSolar,400939,Avalon Solar,AZ,13202.814099500834
2026,3,p30,FabTechSolar,401479,Avalon Solar II,AZ,17991.82205270251
2026,3,p30,FabTechSolar,400226,Avra Valley Solar,AZ,16394.889309643622
2026,3,p30,FabTechSolar,404704,Broadway 2 - Tucson Phase II,AZ,98610.40034377165
2026,3,p30,FabTechSolar,401295,Davis Monthan AFB (AZ) West Airfield,AZ,20106.15424678533
2026,3,p30,FabTechSolar,400761,"Gato Montes Solar, LLC",AZ,30357.153766826403
2026,3,p30,FabTechSolar,404536,Iron Horse Battery Storage Hybrid,AZ,94167.11195454163
2026,3,p30,FabTechSolar,400552,"Picture Rocks Solar, LLC",AZ,9273.161661374
2026,3,p30,FabTechSolar,405374,Pima Community College,AZ,312264.53461381665
2026,3,p30,FabTechSolar,405303,Pima Community College - East Campus,AZ,68697.33859297127
2026,3,p30,FabTechSolar,405516,Pima Community College NW,AZ,49530.94409919964
2026,3,p30,FabTechSolar,404926,Raptor Ridge,AZ,33796.760511134475
2026,3,p30,FabTechSolar,400857,Rio Rico Solar,AZ,45747.838852849236
2026,3,p30,FabTechSolar,401076,Tech Park Solar,AZ,75516.46477783305
2026,3,p30,FabTechSolar,400156,UASTP I,AZ,104203.67885026241
2026,3,p30,FabTechSolar,401075,Valencia Solar,AZ,14587.359559576242
2026,3,p30,FabTechSolar,404187,"Wilmot Energy Center, LLC",AZ,8569.985243375795
2026,3,p31,SolarCycle,400211,Alamogordo Solar Energy Center,NM,170222.78890287364
2026,3,p31,FabTechSolar,400206,Albuquerque Solar Energy Center,NM,873744.2147602469
2026,3,p31,SolarCycle,403675,Alcalde Solar Array,NM,1620524.3765034731
2026,3,p31,FabTechSolar,405469,Arroyo Solar Energy Storage Hybrid,NM,10805.55108995673
2026,3,p31,FabTechSolar,403321,Bluewater CDEC 1,NM,1155649.8176919543
2026,3,p31,SolarCycle,402876,CNMEC Solar Energy Center,NM,795625.7760378921
2026,3,p31,SolarCycle,402519,Carrizozo Solar,NM,213947.27299744103
2026,3,p31,FabTechSolar,401202,Cibola,NM,213467.02412507866
2026,3,p31,FabTechSolar,402988,City of Gallup Solar,NM,316789.3040733221
2026,3,p31,FabTechSolar,403604,City of Rio Rancho WWTP,NM,938379.4326618747
2026,3,p31,FabTechSolar,401225,City of Truth or Consequences PV,NM,739987.6614232812
2026,3,p31,FabTechSolar,400209,Deming Solar Energy Center,NM,300442.70911147975
2026,3,p31,FabTechSolar,403868,Encino Solar Energy Center,NM,37939.653377094066
2026,3,p31,FabTechSolar,401038,Eubank Landfill Solar Array,NM,1743882.4361562426
2026,3,p31,FabTechSolar,402443,Facebook 3 Solar Energy Center,NM,89495.75991734127
2026,3,p31,FabTechSolar,400216,"Hatch Solar Energy Center I, LLC",NM,577296.0795492346
2026,3,p31,SolarCycle,401617,Holloman Solar Facility,NM,170691.4808755579
2026,3,p31,FabTechSolar,406109,"Jicarilla Solar 1, LLC",NM,42276.94540874565
2026,3,p31,SolarCycle,400427,Kit Carson,NM,3263329.266327799
2026,3,p31,SolarCycle,400210,Las Vegas Solar Energy Center,NM,228171.5752811335
2026,3,p31,SolarCycle,400434,Los Alamos PV Site,NM,1289713.6210163063
2026,3,p31,FabTechSolar,400207,Los Lunas Solar Energy Center,NM,163411.47894654746
2026,3,p31,FabTechSolar,400838,Macho Springs,NM,17630.820967472395
2026,3,p31,FabTechSolar,400582,Manzano Solar,NM,145887.18537676835
2026,3,p31,SolarCycle,401201,Meadow Lake Solar Energy Center,NM,131007.63984786758
2026,3,p31,SolarCycle,405693,NMSU Solar and Storage,NM,927333.7026406012
2026,3,p31,FabTechSolar,406375,OE_ESCL,NM,9962.78284031076
2026,3,p31,SolarCycle,400146,Questa Solar Facility,NM,2066274.3671779907
2026,3,p31,FabTechSolar,403178,"RC Energy AA, LLC Solar Facility",NM,3498516.7095980085
2026,3,p31,FabTechSolar,401566,Rio Communities Solar Energy Center,NM,116461.42482181711
2026,3,p31,FabTechSolar,403084,Rio De Oro Solar Energy Center,NM,172067.8766682987
2026,3,p31,FabTechSolar,400624,Rio Rancho High School,NM,1735895.822743415
2026,3,p31,FabTechSolar,404648,"Route 66 Energy Center, LLC",NM,65479.36293925771
2026,3,p31,SolarCycle,403387,San Miguel I Solar Energy Center,NM,336921.23189338716
2026,3,p31,SolarCycle,405458,San Miguel II Solar Energy Center,NM,117158.87213123498
2026,3,p31,FabTechSolar,401161,Sandoval Solar Energy Center,NM,561660.3701364031
2026,3,p31,SolarCycle,401564,Santa Fe Solar Energy Center,NM,195735.85496655255
2026,3,p31,FabTechSolar,400596,Silver City WWTP PV Project,NM,2240593.6644555656
2026,3,p31,FabTechSolar,401563,South Valley Solar Energy Center,NM,118636.49965555374
2026,3,p31,SolarCycle,401162,Springer Solar 1,NM,816038.5239719275
2026,3,p31,SolarCycle,400735,Storrie Lake Solar Project,NM,1112333.0001583197
2026,3,p31,FabTechSolar,400623,Sue Cleveland High School,NM,1750424.1060584006
2026,3,p31,SolarCycle,400343,"SunE EPE1, LLC",NM,257276.9807675886
2026,3,p31,SolarCycle,402854,Syncarpha Eagle Nest,NM,3918871.2878210177
2026,3,p31,SolarCycle,403412,Syncarpha El Rito,NM,1278348.2368326297
2026,3,p31,SolarCycle,403413,Syncarpha Questa,NM,2615692.2172559146
2026,3,p31,SolarCycle,403411,Syncarpha Taos,NM,1269889.0018326628
2026,3,p31,SolarCycle,404618,Taos Mesa Energy Facility Hybrid,NM,270811.5287387498
2026,3,p31,FabTechSolar,403011,Vista Solar Energy Center,NM,118049.70933537604
2026,3,p31,SolarCycle,400354,WSMR I,NM,574699.3314379848
2026,3,p47,SolarCycle,400614,GSE NM1,NM,464362.46105465875
2026,3,p47,SolarCycle,404982,Hayhurst New Mexico Solar,NM,25748.057602530687
2026,3,p47,SolarCycle,402530,Middle Daisy,NM,58309.724358000916
2026,3,p47,SolarCycle,400546,SEV NM Phase 2,NM,618023.7447742937
2026,3,p47,SolarCycle,400260,SPS1 Dollarhide,NM,24546.83192532363
2026,3,p47,SolarCycle,400261,SPS2 Jal,NM,25944.967524711272
2026,3,p47,SolarCycle,400262,SPS3 Lea,NM,34648.96070296669
2026,3,p47,SolarCycle,400264,SPS5 Hopi,NM,67737.01745441346
2026,3,p47,SolarCycle,404698,SoCore Clovis 1,NM,328652.7305705484
2026,3,p48,SolarCycle,406439,"BESSP1, LLC",TX,163910.0547142164
2026,3,p57,OkonRecycling,404918,"Hecate Energy Upshur Rural, LLC",TX,42722.83348513411
2026,3,p59,SolarCycle,402666,Fort Bliss (DEA EPIC),TX,162538.04295483857
2026,3,p59,SolarCycle,401045,Newman Solar,TX,27392.491584777454
2026,3,p60,SolarCycle,403962,"ANSON Solar Center, LLC",TX,8483.479513624501
2026,3,p60,OkonRecycling,403883,Azure Sky Solar,TX,8095.214050010649
2026,3,p60,SolarCycle,403232,"ENGIE Long Draw Solar, LLC",TX,8861.92598376265
2026,3,p60,SolarCycle,406252,Highpeak Solar 1,TX,45239.24302669714
2026,3,p60,SolarCycle,402721,Holstein 1 Solar Farm,TX,7983.02690753756
2026,3,p60,SolarCycle,405492,Juno Solar Project,TX,8457.069790971489
2026,3,p60,SolarCycle,402541,Lamesa II,TX,8810.593996012738
2026,3,p60,SolarCycle,401660,Lamesa Solar,TX,7995.7726727354975
2026,3,p60,SolarCycle,405932,Lumina II Solar Project,TX,8091.208491491568
2026,3,p60,SolarCycle,405933,Lumina Solar Project,TX,8030.224660597828
2026,3,p60,SolarCycle,402909,Misae Solar,TX,9414.856750580924
2026,3,p60,OkonRecycling,400968,"OCI Alamo 7, LLC",TX,9703.817835663887
2026,3,p60,SolarCycle,405939,Texas Solar Nova 1,TX,8049.485522031292
2026,3,p61,SolarCycle,400967,Alamo 6,TX,8711.992883644078
2026,3,p61,SolarCycle,403557,Aragorn Solar Project,TX,8161.070706942139
2026,3,p61,SolarCycle,400691,Barilla Solar,TX,11166.569737291256
2026,3,p61,SolarCycle,401946,Bluebell Solar,TX,8891.204340332464
2026,3,p61,SolarCycle,403574,Bluebell Solar II,TX,7936.648018511107
2026,3,p61,SolarCycle,400554,"Bryan Solar, LLC",TX,34379.83767361904
2026,3,p61,SolarCycle,401463,Buckthorn Westex,TX,7390.505073796399
2026,3,p61,SolarCycle,401703,East Pecos Solar,TX,7549.763067990548
2026,3,p61,SolarCycle,405363,Galloway 1 Solar Farm,TX,7771.97513643649
2026,3,p61,SolarCycle,405494,Galloway 2 Solar Farm,TX,10979.988947672648
2026,3,p61,SolarCycle,403210,Greasewood,TX,7415.365135380124
2026,3,p61,SolarCycle,406370,Hayhurst Texas Solar,TX,12895.023821801837
2026,3,p61,SolarCycle,402304,Midway Solar-TX,TX,7665.994834651994
2026,3,p61,SolarCycle,400695,"OCI Alamo 4, LLC",TX,9685.595098977696
2026,3,p61,SolarCycle,401868,Pearl Solar,TX,8284.940644887492
2026,3,p61,SolarCycle,402290,RE Maplewood,TX,7433.62049188889
2026,3,p61,SolarCycle,401430,RE Roserock,TX,7500.828102314963
2026,3,p61,SolarCycle,402848,Rambler,TX,7575.457373735301
2026,3,p61,SolarCycle,402083,Solaire Holman Solar Project,TX,13711.078620607766
2026,3,p61,SolarCycle,403023,"Taygete Energy Project, LLC",TX,7448.926940896026
2026,3,p61,SolarCycle,404647,Taygete II Energy Project,TX,7431.444553109406
2026,3,p61,SolarCycle,403551,Titan Solar Project,TX,7872.730831560668
2026,3,p61,SolarCycle,406103,Zier Solar,TX,9020.196650278884
2026,3,p62,SolarCycle,403502,2W Permian Solar Project Hybrid,TX,7238.575574390031
2026,3,p62,SolarCycle,403697,CED Crane Solar,TX,7593.881109464011
2026,3,p62,SolarCycle,401525,Castle Gap Solar Hybrid,TX,7372.784221653502
2026,3,p62,SolarCycle,404599,Emerald Grove,TX,7484.657374263442
2026,3,p62,SolarCycle,403004,Lapetus,TX,7474.596621763853
2026,3,p62,SolarCycle,403280,Oberon IA,TX,7312.403194687296
2026,3,p62,SolarCycle,403279,Oberon IB,TX,8245.542333898054
2026,3,p62,SolarCycle,403602,Oxy Renewable Energy-Goldsmith,TX,8814.591186884216
2026,3,p62,SolarCycle,402679,Phoebe Solar,TX,7293.688586253714
2026,3,p62,SolarCycle,403177,Prospero Solar,TX,7311.82423160118
2026,3,p62,SolarCycle,404128,Prospero Solar II,TX,7695.2778445861895
2026,3,p62,SolarCycle,403070,"Roadrunner, LLC",TX,7314.6551456287625
2026,3,p62,SolarCycle,401805,Upton County Solar,TX,7336.383330783561
2026,3,p62,SolarCycle,402995,West of the Pecos Solar,TX,7492.519852058701
2026,3,p63,OkonRecycling,405599,"BPL Crown Solar, LLC",TX,8987.532302228441
2026,3,p63,OkonRecycling,404966,BPL Files Solar,TX,7846.313555609351
2026,3,p63,OkonRecycling,403825,Briar Creek Solar 1,TX,8610.841288511092
2026,3,p63,OkonRecycling,401697,CoServ Community Solar Station,TX,27782.84538543052
2026,3,p63,OkonRecycling,403188,Coniglio Solar,TX,8071.887874585553
2026,3,p63,OkonRecycling,406415,Dileo Solar,TX,11129.092327618851
2026,3,p63,OkonRecycling,406221,Eiffel Solar Project,TX,8583.481342421279
2026,3,p63,OkonRecycling,405540,"Ellis Solar, LLC",TX,7770.027841313786
2026,3,p63,OkonRecycling,403823,Elm Branch Solar 1,TX,8197.164783418566
2026,3,p63,OkonRecycling,406206,Five Wells Solar Center - Hybrid,TX,7821.395453464363
2026,3,p63,OkonRecycling,404567,G.S.E. One LLC,TX,9825.862424096462
2026,3,p63,OkonRecycling,403288,Griffin Solar,TX,71699.62164971541
2026,3,p63,OkonRecycling,406202,Grizzly Ridge Solar,TX,9751.70539465147
2026,3,p63,OkonRecycling,405319,IKEA Grand Prairie Rooftop PV System,TX,16142.00810151073
2026,3,p63,OkonRecycling,405689,"IP Radian, LLC",TX,8981.831624586517
2026,3,p63,OkonRecycling,403481,Impact Solar 1,TX,8338.922239752665
2026,3,p63,OkonRecycling,403190,Kellam Solar,TX,15042.653509977725
2026,3,p63,OkonRecycling,402421,Leon Solar,TX,17050.223715875945
2026,3,p63,OkonRecycling,403874,Lily Solar Hybrid,TX,7658.712423159895
2026,3,p63,OkonRecycling,402404,Marlin Solar,TX,75229.21118191283
2026,3,p63,OkonRecycling,405794,Noble Solar,TX,7618.55820315533
2026,3,p63,OkonRecycling,402405,North Gainesville Solar,TX,35734.339388786575
2026,3,p63,OkonRecycling,401933,Phantom Solar,TX,19006.37789612105
2026,3,p63,OkonRecycling,404872,"Pisgah Ridge Solar, LLC",TX,8118.045308852391
2026,3,p63,OkonRecycling,406416,Pitts Dudik Solar,TX,11536.604623876912
2026,3,p63,OkonRecycling,403189,Rippey Solar,TX,10571.091088858058
2026,3,p63,OkonRecycling,404630,"Samson Solar Energy III, LLC",TX,8127.0113380695775
2026,3,p63,OkonRecycling,404812,Sun Valley Solar Project,TX,9029.044094629813
2026,3,p63,OkonRecycling,403457,"TPE Whitney Solar, LLC",TX,18639.848685965437
2026,3,p63,OkonRecycling,405361,Toyota HQ Plan,TX,11043.274721599622
2026,3,p63,OkonRecycling,405907,Verizon Hidden Ridge Solar Project,TX,9792.541886880032
2026,3,p63,OkonRecycling,405984,Waco Solar,TX,7640.9962712589695
2026,3,p63,OkonRecycling,402497,West Moore Solar II,TX,17504.0998546461
2026,3,p63,OkonRecycling,402330,Whitesboro Solar,TX,15314.749338480857
2026,3,p63,OkonRecycling,402331,Whitesboro Solar II,TX,15385.621549782327
2026,3,p63,OkonRecycling,402414,Whitewright Solar,TX,11105.444176986359
2026,3,p63,OkonRecycling,402654,Yellow Jacket,TX,28526.009214567595
2026,3,p64,OkonRecycling,405731,Austin TX GigaFactory,TX,180858.0778291734
2026,3,p64,OkonRecycling,404721,"Blue Jay Solar I, LLC",TX,8490.635494591572
2026,3,p64,OkonRecycling,402389,"E-Volve Energy Holdings, LLC",TX,247142.84192453857
2026,3,p64,OkonRecycling,400227,East Blackland Solar Project 1,TX,8601.501814621628
2026,3,p64,OkonRecycling,405101,IKEA Round Rock 027,TX,146025.8826607507
2026,3,p64,SolarCycle,402653,Lampwick,TX,28808.12867170613
2026,3,p64,OkonRecycling,405613,Niagara Bottling - Seguin,TX,92036.0868545731
2026,3,p64,OkonRecycling,400249,Webberville Solar Project,TX,12616.262896229266
2026,3,p65,OkonRecycling,405700,Aktina Solar,TX,21161.30181363899
2026,3,p65,OkonRecycling,405727,Bernard Creek Solar,TX,28148.637821303117
2026,3,p65,OkonRecycling,405477,Brightside,TX,173150.6582275749
2026,3,p65,OkonRecycling,401728,CPS 1 Community Solar,TX,6877719.717096609
2026,3,p65,OkonRecycling,402656,Cascade Solar (TX),TX,2072570.083872584
2026,3,p65,OkonRecycling,404359,FELPS 1-Calaveras,TX,10707744.314866696
2026,3,p65,OkonRecycling,404361,FELPS 2-Calaveras,TX,7140735.551531677
2026,3,p65,OkonRecycling,404739,FELPS 6- Floresville West,TX,21790584.869424015
2026,3,p65,OkonRecycling,404740,FELPS 7- Floresville West,TX,10895379.862224268
2026,3,p65,SolarCycle,405801,Horizon Solar,TX,122023.83536498688
2026,3,p65,OkonRecycling,405380,IKEA Live Oak Rooftop PV System,TX,2905256.457424061
2026,3,p65,SolarCycle,403343,Mars Solar,TX,619082.3172862856
2026,3,p65,OkonRecycling,404877,Nebula Solar,TX,149006.93581623945
2026,3,p65,OkonRecycling,400694,"OCI Alamo 2, LLC",TX,2303925.325794687
2026,3,p65,OkonRecycling,400965,"OCI Alamo 3, LLC",TX,1834188.4123321727
2026,3,p65,SolarCycle,400966,"OCI Alamo 5, LLC",TX,215716.93568940985
2026,3,p65,OkonRecycling,400593,OCI Alamo Solar I Hybrid,TX,182966.64535146262
2026,3,p65,SolarCycle,405809,Shakes Solar,TX,120129.36548638162
2026,3,p65,OkonRecycling,405545,Sparta Solar,TX,40012.91518355745
2026,3,p65,OkonRecycling,400379,"SunE CPS1, LLC",TX,733481.1838577868
2026,3,p65,OkonRecycling,400364,"SunE CPS2, LLC",TX,735464.3444343633
2026,3,p65,OkonRecycling,400353,"SunE CPS3, LLC",TX,1051161.4128487394
2026,3,p65,OkonRecycling,406032,Tres Bahias,TX,66462.14891998364
2026,3,p67,OkonRecycling,404939,Brazoria County Solar Project (Danciger),TX,20110.770964241874
2026,3,p67,OkonRecycling,404681,Brazoria West,TX,11577.162826401005
2026,3,p67,OkonRecycling,404587,Fighting Jays Solar Project,TX,18256.070460527764
2026,3,p67,OkonRecycling,405564,"Fort Bend Solar, LLC",TX,10465.700672273713
2026,3,p67,OkonRecycling,403514,Wagyu,TX,28871.77628369604
2026,4,p12,ComstockMetals,402144,Battle Mountain Solar Project,NV,8414.719417963606
2026,4,p12,ComstockMetals,405025,Brady,NV,8083.50462570132
2026,4,p12,ComstockMetals,405553,Dodge Flat,NV,7235.432335170151
2026,4,p12,ComstockMetals,402609,"EGP Stillwater Solar PV II, LLC",NV,11796.292638110086
2026,4,p12,ComstockMetals,404659,Fish Springs,NV,7463.067892040273
2026,4,p12,ComstockMetals,401086,Ft. Churchill PV,NV,7610.528915051435
2026,4,p12,ComstockMetals,405028,Galena 2 Geothermal Power Plant,NV,9587.33950081582
2026,4,p12,ComstockMetals,400468,"Patua Acquisition Project, LLC",NV,8969.872094895136
2026,4,p12,ComstockMetals,405021,Steamboat Hills LP,NV,10796.08722517157
2026,4,p12,ComstockMetals,405023,Steamboat II,NV,8597.709023888397
2026,4,p12,ComstockMetals,405024,Steamboat III,NV,8468.181330135087
2026,4,p12,ComstockMetals,400029,Stillwater Facility,NV,8622.375909919052
2026,4,p12,ComstockMetals,401318,Sunshine Valley Solar,NV,13411.899642340159
2026,4,p12,ComstockMetals,405026,TS Power Plant,NV,11496.559244781787
2026,4,p12,ComstockMetals,405576,Tesla Reno GigaFactory,NV,7805.973832089612
2026,4,p12,ComstockMetals,401943,Tungsten Mountain,NV,36094.22728680797
2026,4,p12,ComstockMetals,403308,Turquoise Liberty Solar,NV,8180.689470433756
2026,4,p12,ComstockMetals,403884,"Turquoise Nevada, LLC",NV,7392.069880195966
2026,4,p12,ComstockMetals,400035,Western 102 Power Plant,NV,12891.216691714335
2026,4,p13,WeRecycleSolar,400555,Apex Solar PV Power Project,NV,37581.860803796735
2026,4,p13,WeRecycleSolar,405385,Arrow Canyon Solar Hybrid,NV,8527.673119977815
2026,4,p13,WeRecycleSolar,400059,CM10,NV,61117.36419016616
2026,4,p13,WeRecycleSolar,400086,CM48,NV,40850.0937782726
2026,4,p13,WeRecycleSolar,400363,Copper Mountain Solar 2,NV,17672.285788166897
2026,4,p13,WeRecycleSolar,403688,"Copper Mountain Solar 5, LLC",NV,13644.093744719736
2026,4,p13,WeRecycleSolar,405358,Dignity - San Martin,NV,532322.3385323463
2026,4,p13,WeRecycleSolar,405355,Dignity - Siena Campus,NV,417601.952841321
2026,4,p13,WeRecycleSolar,405556,Dry Lake Solar Energy Center,NV,11247.836587366512
2026,4,p13,WeRecycleSolar,405495,Gemini Solar,NV,7860.304565282964
2026,4,p13,WeRecycleSolar,403386,"Harry Allen Solar Energy, LLC",NV,16332.656633778623
2026,4,p13,WeRecycleSolar,406089,IGS VGT,NV,606695.6599088928
2026,4,p13,WeRecycleSolar,405309,IKEA Las Vegas 462,NV,1799065.3270788142
2026,4,p13,WeRecycleSolar,400545,Las Vegas WPCF Solar Plant,NV,536656.3574419348
2026,4,p13,WeRecycleSolar,400600,Mountain View Solar,NV,98064.12886046384
2026,4,p13,WeRecycleSolar,400036,Nellis Air Force Base Solar Array,NV,82042.89714842991
2026,4,p13,WeRecycleSolar,401319,"Playa Solar 1, LLC",NV,18664.378848555898
2026,4,p13,WeRecycleSolar,401274,River Mountains Solar,NV,124038.53392593295
2026,4,p13,WeRecycleSolar,401042,Searchlight Solar,NV,93096.65462765361
2026,4,p13,WeRecycleSolar,400658,Silver State Solar Power South,NV,9430.650111198522
2026,4,p13,WeRecycleSolar,405246,"Solar Las Vegas MB 2, LLC",NV,400208.48431573325
2026,4,p13,WeRecycleSolar,405188,Solar Las Vegas MB-1,NV,368356.23569015606
2026,4,p13,WeRecycleSolar,402691,"Techren Solar III, LLC",NV,28939.137186351192
2026,4,p13,WeRecycleSolar,402692,"Techren Solar IV, LLC",NV,23570.8455508325
2026,4,p13,WeRecycleSolar,404971,Yellow Pine Solar,NV,12371.681911193691
2026,4,p27,WeRecycleSolar,400374,"Black Mountain Solar, LLC",AZ,20646.197532910133
2026,4,p27,WeRecycleSolar,402236,Gray Hawk Solar,AZ,9034.687403809445
2026,4,p27,WeRecycleSolar,401819,Jacobson 5 MW Solar,AZ,26432.481058732348
2026,4,p27,WeRecycleSolar,401311,Mohave Electric at Fort Mohave,AZ,22285.523516601515
2026,4,p27,WeRecycleSolar,406478,Mohave Energy - Hybrid,AZ,22287.51752712135
2026,4,p28,WeRecycleSolar,405418,AZ State University - Tempe Campus Solar,AZ,12973.834050315112
2026,4,p28,WeRecycleSolar,400148,Agua Caliente Solar Project,AZ,9193.568330103388
2026,4,p28,FabTechSolar,402067,Apache Solar 1,AZ,22197.334231558136
2026,4,p28,WeRecycleSolar,400274,Arizona Western College PV,AZ,92730.73649411515
2026,4,p28,WeRecycleSolar,400240,Arlington Valley Solar Energy II,AZ,9476.199588418147
2026,4,p28,WeRecycleSolar,400437,Badger 1,AZ,26004.632080256633
2026,4,p28,FabTechSolar,401688,Bonnybrooke PV,AZ,11079.59199775476
2026,4,p28,WeRecycleSolar,400371,Buckeye Union HS District 201,AZ,35825.554833346185
2026,4,p28,FabTechSolar,405635,"Central Line Solar, LLC",AZ,7918.6003356335905
2026,4,p28,WeRecycleSolar,400201,Chino Solar Valley,AZ,14959.647584729144
2026,4,p28,WeRecycleSolar,401069,Desert Star Hybrid,AZ,30439.33402260867
2026,4,p28,FabTechSolar,403257,East Line Solar,AZ,9341.341211490335
2026,4,p28,FabTechSolar,406171,Eleven Mile Solar Center,AZ,7543.61739236021
2026,4,p28,WeRecycleSolar,400349,Foothills Solar Plant Hybrid,AZ,32881.84765412396
2026,4,p28,FabTechSolar,400825,Fort Huachuca Solar PV Project,AZ,25152.817704274345
2026,4,p28,WeRecycleSolar,400845,Gila Bend Hybrid,AZ,11860.028837634502
2026,4,p28,FabTechSolar,400599,"Gilbert Solar Facility I, LLC",AZ,21218.11059943631
2026,4,p28,WeRecycleSolar,400204,Hyder Solar Hybrid,AZ,17948.873109914246
2026,4,p28,FabTechSolar,405282,Intel - Ocotillo Campus Solar,AZ,17409.531135308207
2026,4,p28,WeRecycleSolar,405125,Jewish Community Center PV,AZ,34259.13138644827
2026,4,p28,WeRecycleSolar,402234,Kayenta Solar Project,AZ,36988.554215280696
2026,4,p28,WeRecycleSolar,400128,Luke Solar,AZ,17983.393827062464
2026,4,p28,WeRecycleSolar,405068,Macys Goodyear,AZ,21083.040324647205
2026,4,p28,WeRecycleSolar,406279,McFarland A Solar and Storage,AZ,10076.47852316284
2026,4,p28,FabTechSolar,405617,Mesa Carport PV,AZ,15059.577789494902
2026,4,p28,FabTechSolar,404512,Mesa Solar Array,AZ,16182.026573323668
2026,4,p28,WeRecycleSolar,400250,Mesquite Solar 1,AZ,7524.816000194138
2026,4,p28,WeRecycleSolar,401621,"Mesquite Solar 2, LLC",AZ,10416.278541636479
2026,4,p28,WeRecycleSolar,404922,"Mesquite Solar 5, LLC",AZ,12510.335335213591
2026,4,p28,WeRecycleSolar,403572,OE_AZ1,AZ,16585.479084643557
2026,4,p28,WeRecycleSolar,400203,Paloma Solar Hybrid,AZ,15531.830688950871
2026,4,p28,WeRecycleSolar,405126,Paradise Valley H.S. PV,AZ,42293.34468253534
2026,4,p28,WeRecycleSolar,405150,Phoenix Airport East Economy Lot,AZ,17744.816402650307
2026,4,p28,WeRecycleSolar,405151,Phoenix Airport Rental Car Center,AZ,8453.583571533753
2026,4,p28,FabTechSolar,400125,"Poseidon Solar, LLC",AZ,13413.689852460164
2026,4,p28,WeRecycleSolar,400031,Prescott Airport,AZ,196039.70234770162
2026,4,p28,FabTechSolar,400323,Queen Creek Solar Farm,AZ,10463.411417187468
2026,4,p28,WeRecycleSolar,400289,"RE Bagdad Solar I, LLC",AZ,29091.845699910424
2026,4,p28,FabTechSolar,406380,SR McNeal,AZ,62503.60098490292
2026,4,p28,WeRecycleSolar,400416,Saddle Mountain Solar I,AZ,21139.668759756038
2026,4,p28,FabTechSolar,403674,Saint Solar,AZ,7937.571071606509
2026,4,p28,FabTechSolar,401214,Sandstone Solar,AZ,9022.668095837638
2026,4,p28,WeRecycleSolar,405029,Solana Generating Station,AZ,7945.748305697088
2026,4,p28,WeRecycleSolar,406275,Sonoran Solar Energy,AZ,7411.778776338122
2026,4,p28,FabTechSolar,406034,Storey Solar and Storage,AZ,8884.78162436661
2026,4,p28,WeRecycleSolar,403643,Sun Streams 2,AZ,8159.726444169369
2026,4,p28,WeRecycleSolar,406517,Sun Streams 3,AZ,8512.116732773276
2026,4,p28,WeRecycleSolar,401975,"Sun Streams, LLC",AZ,7576.105941720042
2026,4,p28,WeRecycleSolar,405311,T0588 Phoenix - AZ,AZ,51398.88018806682
2026,4,p28,FabTechSolar,405135,Vista Grande HS at Casa Grande,AZ,133741.8859461547
2026,4,p28,FabTechSolar,400334,Walmart Casa Grande,AZ,53628.87984788629
2026,4,p28,FabTechSolar,406098,"West Line Solar, LLC",AZ,7918.924044128995
2026,4,p29,FabTechSolar,400014,Springerville,AZ,22279.438979472947
2026,4,p30,FabTechSolar,405143,Actus Lend Lease DMAFB,AZ,42984.12665821585
2026,4,p30,FabTechSolar,405611,Amazon TUS2,AZ,72612.11048236888
2026,4,p30,FabTechSolar,400939,Avalon Solar,AZ,13202.814099500834
2026,4,p30,FabTechSolar,401479,Avalon Solar II,AZ,17991.82205270251
2026,4,p30,FabTechSolar,400226,Avra Valley Solar,AZ,11802.444654821813
2026,4,p30,FabTechSolar,404704,Broadway 2 - Tucson Phase II,AZ,98610.40034377165
2026,4,p30,FabTechSolar,401295,Davis Monthan AFB (AZ) West Airfield,AZ,20106.15424678533
2026,4,p30,FabTechSolar,400761,"Gato Montes Solar, LLC",AZ,41930.7306502396
2026,4,p30,FabTechSolar,400552,"Picture Rocks Solar, LLC",AZ,9273.161661374
2026,4,p30,FabTechSolar,405374,Pima Community College,AZ,312264.53461381665
2026,4,p30,FabTechSolar,405516,Pima Community College NW,AZ,77744.9068319994
2026,4,p30,FabTechSolar,404926,Raptor Ridge,AZ,20503.380255567234
2026,4,p30,FabTechSolar,400857,Rio Rico Solar,AZ,84285.67770569846
2026,4,p30,FabTechSolar,401076,Tech Park Solar,AZ,41363.23238891652
2026,4,p30,FabTechSolar,400156,UASTP I,AZ,152700.5182753936
2026,4,p30,FabTechSolar,401075,Valencia Solar,AZ,25653.398898940606
2026,4,p30,FabTechSolar,404187,"Wilmot Energy Center, LLC",AZ,8569.985243375795
2026,4,p31,SolarCycle,400211,Alamogordo Solar Energy Center,NM,129469.59167715524
2026,4,p31,FabTechSolar,400206,Albuquerque Solar Energy Center,NM,873744.2147602469
2026,4,p31,SolarCycle,403675,Alcalde Solar Array,NM,1620524.3765034731
2026,4,p31,FabTechSolar,405469,Arroyo Solar Energy Storage Hybrid,NM,12603.32663493509
2026,4,p31,FabTechSolar,403321,Bluewater CDEC 1,NM,581429.9088459772
2026,4,p31,SolarCycle,402876,CNMEC Solar Energy Center,NM,532820.5173585947
2026,4,p31,SolarCycle,402519,Carrizozo Solar,NM,282859.69732992136
2026,4,p31,FabTechSolar,402988,City of Gallup Solar,NM,110403.10135777405
2026,4,p31,FabTechSolar,403604,City of Rio Rancho WWTP,NM,938379.4326618747
2026,4,p31,FabTechSolar,401225,City of Truth or Consequences PV,NM,1472765.3228465626
2026,4,p31,FabTechSolar,400209,Deming Solar Energy Center,NM,300442.70911147975
2026,4,p31,FabTechSolar,403868,Encino Solar Energy Center,NM,68669.30675418813
2026,4,p31,FabTechSolar,401038,Eubank Landfill Solar Array,NM,1743882.4361562426
2026,4,p31,FabTechSolar,402443,Facebook 3 Solar Energy Center,NM,171781.51983468258
2026,4,p31,FabTechSolar,400216,"Hatch Solar Energy Center I, LLC",NM,149731.51988730865
2026,4,p31,SolarCycle,401617,Holloman Solar Facility,NM,170691.4808755579
2026,4,p31,FabTechSolar,406109,"Jicarilla Solar 1, LLC",NM,30587.96360583043
2026,4,p31,SolarCycle,400210,Las Vegas Solar Energy Center,NM,338652.3629217003
2026,4,p31,SolarCycle,400434,Los Alamos PV Site,NM,3854720.8630489185
2026,4,p31,FabTechSolar,400207,Los Lunas Solar Energy Center,NM,241512.2184198212
2026,4,p31,FabTechSolar,400838,Macho Springs,NM,33262.05241868099
2026,4,p31,SolarCycle,401201,Meadow Lake Solar Energy Center,NM,378602.9195436028
2026,4,p31,SolarCycle,405693,NMSU Solar and Storage,NM,237240.92566015027
2026,4,p31,FabTechSolar,406375,OE_ESCL,NM,14091.957100776906
2026,4,p31,SolarCycle,400581,Otero Solar,NM,167602.07646247424
2026,4,p31,FabTechSolar,403178,"RC Energy AA, LLC Solar Facility",NM,880036.6773995023
2026,4,p31,FabTechSolar,401566,Rio Communities Solar Energy Center,NM,116461.42482181711
2026,4,p31,FabTechSolar,400624,Rio Rancho High School,NM,3464581.6454868303
2026,4,p31,FabTechSolar,404648,"Route 66 Energy Center, LLC",NM,26633.120979752566
2026,4,p31,SolarCycle,403387,San Miguel I Solar Energy Center,NM,172065.61594669358
2026,4,p31,SolarCycle,405458,San Miguel II Solar Energy Center,NM,117158.87213123498
2026,4,p31,FabTechSolar,401161,Sandoval Solar Energy Center,NM,284435.18506820156
2026,4,p31,SolarCycle,401564,Santa Fe Solar Energy Center,NM,132893.90331103504
2026,4,p31,FabTechSolar,401565,Santolina Solar Energy Center,NM,319202.5208203068
2026,4,p31,FabTechSolar,400596,Silver City WWTP PV Project,NM,1123901.832227783
2026,4,p31,FabTechSolar,401563,South Valley Solar Energy Center,NM,174349.7494833306
2026,4,p31,SolarCycle,401162,Springer Solar 1,NM,4051352.6198596377
2026,4,p31,SolarCycle,400735,Storrie Lake Solar Project,NM,743958.6667722132
2026,4,p31,SolarCycle,402854,Syncarpha Eagle Nest,NM,3918871.2878210177
2026,4,p31,SolarCycle,403412,Syncarpha El Rito,NM,1278348.2368326297
2026,4,p31,SolarCycle,403413,Syncarpha Questa,NM,528906.443451183
2026,4,p31,SolarCycle,403411,Syncarpha Taos,NM,428103.0006108877
2026,4,p31,SolarCycle,404618,Taos Mesa Energy Facility Hybrid,NM,270811.5287387498
2026,4,p31,FabTechSolar,403011,Vista Solar Energy Center,NM,118049.70933537604
2026,4,p31,SolarCycle,400354,WSMR I,NM,101791.55523966413
2026,4,p31,FabTechSolar,405245,Wal-Mart Truth or Consequences PV,NM,1411366.5530976092
2026,4,p47,SolarCycle,400979,"Caprock Solar 1, LLC",NM,102881.86875261062
2026,4,p47,SolarCycle,400614,GSE NM1,NM,464362.46105465875
2026,4,p47,SolarCycle,404982,Hayhurst New Mexico Solar,NM,62824.17280759206
2026,4,p47,SolarCycle,402530,Middle Daisy,NM,75342.96581066788
2026,4,p47,SolarCycle,401682,"Roswell Solar, LLC",NM,31832.785303033448
2026,4,p47,SolarCycle,400546,SEV NM Phase 2,NM,618023.7447742937
2026,4,p47,SolarCycle,400260,SPS1 Dollarhide,NM,59220.495775970885
2026,4,p47,SolarCycle,400261,SPS2 Jal,NM,35312.4512870669
2026,4,p47,SolarCycle,400262,SPS3 Lea,NM,48368.44105445003
2026,4,p47,SolarCycle,404698,SoCore Clovis 1,NM,971538.191711645
2026,4,p48,SolarCycle,406439,"BESSP1, LLC",TX,163910.0547142164
2026,4,p57,OkonRecycling,404918,"Hecate Energy Upshur Rural, LLC",TX,30885.22232342274
2026,4,p59,SolarCycle,402666,Fort Bliss (DEA EPIC),TX,162538.04295483857
2026,4,p59,SolarCycle,401616,Montana Solar Facility,TX,56950.85442398054
2026,4,p60,SolarCycle,403962,"ANSON Solar Center, LLC",TX,9120.219270436752
2026,4,p60,OkonRecycling,403883,Azure Sky Solar,TX,8390.285400014203
2026,4,p60,SolarCycle,403232,"ENGIE Long Draw Solar, LLC",TX,8861.92598376265
2026,4,p60,SolarCycle,406252,Highpeak Solar 1,TX,45239.24302669714
2026,4,p60,SolarCycle,402721,Holstein 1 Solar Farm,TX,7828.421526030048
2026,4,p60,SolarCycle,405492,Juno Solar Project,TX,7625.689930323829
2026,4,p60,SolarCycle,402541,Lamesa II,TX,8810.593996012738
2026,4,p60,SolarCycle,401660,Lamesa Solar,TX,7995.7726727354975
2026,4,p60,SolarCycle,405933,Lumina Solar Project,TX,8030.224660597828
2026,4,p60,SolarCycle,402909,Misae Solar,TX,9414.856750580924
2026,4,p60,OkonRecycling,400968,"OCI Alamo 7, LLC",TX,9703.817835663887
2026,4,p60,SolarCycle,405939,Texas Solar Nova 1,TX,8049.485522031292
2026,4,p61,SolarCycle,403557,Aragorn Solar Project,TX,8161.070706942139
2026,4,p61,SolarCycle,400691,Barilla Solar,TX,9847.713158194172
2026,4,p61,SolarCycle,401946,Bluebell Solar,TX,8891.204340332464
2026,4,p61,SolarCycle,403574,Bluebell Solar II,TX,7936.648018511107
2026,4,p61,SolarCycle,400554,"Bryan Solar, LLC",TX,18077.93506944762
2026,4,p61,SolarCycle,401463,Buckthorn Westex,TX,7571.0101475927995
2026,4,p61,SolarCycle,401703,East Pecos Solar,TX,7549.763067990548
2026,4,p61,SolarCycle,405363,Galloway 1 Solar Farm,TX,7771.97513643649
2026,4,p61,SolarCycle,405494,Galloway 2 Solar Farm,TX,10979.988947672648
2026,4,p61,SolarCycle,403210,Greasewood,TX,7415.365135380124
2026,4,p61,SolarCycle,406370,Hayhurst Texas Solar,TX,11000.015881201223
2026,4,p61,SolarCycle,402304,Midway Solar-TX,TX,7665.994834651994
2026,4,p61,SolarCycle,400695,"OCI Alamo 4, LLC",TX,10180.714118773236
2026,4,p61,SolarCycle,401868,Pearl Solar,TX,8016.205483665617
2026,4,p61,SolarCycle,402290,RE Maplewood,TX,7545.430737833333
2026,4,p61,SolarCycle,401430,RE Roserock,TX,7500.828102314963
2026,4,p61,SolarCycle,402848,Rambler,TX,7575.457373735301
2026,4,p61,SolarCycle,402083,Solaire Holman Solar Project,TX,10460.539310303882
2026,4,p61,SolarCycle,403023,"Taygete Energy Project, LLC",TX,7448.926940896026
2026,4,p61,SolarCycle,404647,Taygete II Energy Project,TX,7505.259404145877
2026,4,p61,SolarCycle,403551,Titan Solar Project,TX,7872.730831560668
2026,4,p61,SolarCycle,406103,Zier Solar,TX,10830.393300557766
2026,4,p62,SolarCycle,403502,2W Permian Solar Project Hybrid,TX,7238.575574390031
2026,4,p62,SolarCycle,403697,CED Crane Solar,TX,7593.881109464011
2026,4,p62,SolarCycle,401525,Castle Gap Solar Hybrid,TX,7372.784221653502
2026,4,p62,SolarCycle,403004,Lapetus,TX,7650.994369606424
2026,4,p62,SolarCycle,403280,Oberon IA,TX,7312.403194687296
2026,4,p62,SolarCycle,403279,Oberon IB,TX,8245.542333898054
2026,4,p62,SolarCycle,403602,Oxy Renewable Energy-Goldsmith,TX,8814.591186884216
2026,4,p62,SolarCycle,402679,Phoebe Solar,TX,7321.58478167162
2026,4,p62,SolarCycle,403177,Prospero Solar,TX,7311.82423160118
2026,4,p62,SolarCycle,404128,Prospero Solar II,TX,7695.2778445861895
2026,4,p62,SolarCycle,403070,"Roadrunner, LLC",TX,7314.6551456287625
2026,4,p62,SolarCycle,401805,Upton County Solar,TX,7336.383330783561
2026,4,p62,SolarCycle,402995,West of the Pecos Solar,TX,7421.889889044024
2026,4,p63,OkonRecycling,405599,"BPL Crown Solar, LLC",TX,10765.06460445688
2026,4,p63,OkonRecycling,404966,BPL Files Solar,TX,8164.470333414027
2026,4,p63,OkonRecycling,403825,Briar Creek Solar 1,TX,8610.841288511092
2026,4,p63,OkonRecycling,402610,Chisum,TX,18957.72984269009
2026,4,p63,OkonRecycling,401697,CoServ Community Solar Station,TX,27782.84538543052
2026,4,p63,OkonRecycling,403188,Coniglio Solar,TX,8071.887874585553
2026,4,p63,OkonRecycling,406415,Dileo Solar,TX,11129.092327618851
2026,4,p63,OkonRecycling,406221,Eiffel Solar Project,TX,8125.654228280853
2026,4,p63,OkonRecycling,405540,"Ellis Solar, LLC",TX,7770.027841313786
2026,4,p63,OkonRecycling,403823,Elm Branch Solar 1,TX,8197.164783418566
2026,4,p63,OkonRecycling,406206,Five Wells Solar Center - Hybrid,TX,7821.395453464363
2026,4,p63,OkonRecycling,403288,Griffin Solar,TX,71699.62164971541
2026,4,p63,OkonRecycling,406202,Grizzly Ridge Solar,TX,11022.558091977204
2026,4,p63,OkonRecycling,402329,Highway 56 Solar,TX,32728.396287146268
2026,4,p63,OkonRecycling,405319,IKEA Grand Prairie Rooftop PV System,TX,17258.509114199565
2026,4,p63,OkonRecycling,405689,"IP Radian, LLC",TX,8981.831624586517
2026,4,p63,OkonRecycling,403481,Impact Solar 1,TX,8903.383359629
2026,4,p63,OkonRecycling,403190,Kellam Solar,TX,15042.653509977725
2026,4,p63,OkonRecycling,402421,Leon Solar,TX,17050.223715875945
2026,4,p63,OkonRecycling,403874,Lily Solar Hybrid,TX,7883.068634739841
2026,4,p63,OkonRecycling,402404,Marlin Solar,TX,143248.4223638257
2026,4,p63,OkonRecycling,405794,Noble Solar,TX,7618.55820315533
2026,4,p63,OkonRecycling,402405,North Gainesville Solar,TX,49996.50908317986
2026,4,p63,OkonRecycling,401933,Phantom Solar,TX,26870.629826868408
2026,4,p63,OkonRecycling,404872,"Pisgah Ridge Solar, LLC",TX,8118.045308852391
2026,4,p63,OkonRecycling,406416,Pitts Dudik Solar,TX,11536.604623876912
2026,4,p63,OkonRecycling,403189,Rippey Solar,TX,13932.182177716115
2026,4,p63,OkonRecycling,404630,"Samson Solar Energy III, LLC",TX,8127.0113380695775
2026,4,p63,OkonRecycling,402652,Sterling Solar (TX),TX,13559.87280643545
2026,4,p63,OkonRecycling,404388,"TPE Erath Solar, LLC",TX,69913.43020229238
2026,4,p63,OkonRecycling,403457,"TPE Whitney Solar, LLC",TX,52929.39474386175
2026,4,p63,OkonRecycling,405361,Toyota HQ Plan,TX,9339.597067555345
2026,4,p63,OkonRecycling,405907,Verizon Hidden Ridge Solar Project,TX,9792.541886880032
2026,4,p63,OkonRecycling,405984,Waco Solar,TX,7640.9962712589695
2026,4,p63,OkonRecycling,402497,West Moore Solar II,TX,15445.279883716881
2026,4,p63,OkonRecycling,402330,Whitesboro Solar,TX,15314.749338480857
2026,4,p63,OkonRecycling,402331,Whitesboro Solar II,TX,15385.621549782327
2026,4,p63,OkonRecycling,402414,Whitewright Solar,TX,46164.44176986359
2026,4,p63,OkonRecycling,402654,Yellow Jacket,TX,113790.04607283798
2026,4,p64,OkonRecycling,405731,Austin TX GigaFactory,TX,354506.1556583468
2026,4,p64,OkonRecycling,404721,"Blue Jay Solar I, LLC",TX,8490.635494591572
2026,4,p64,OkonRecycling,402389,"E-Volve Energy Holdings, LLC",TX,127176.42096226929
2026,4,p64,OkonRecycling,400227,East Blackland Solar Project 1,TX,8601.501814621628
2026,4,p64,OkonRecycling,405101,IKEA Round Rock 027,TX,215433.8239911261
2026,4,p64,SolarCycle,402653,Lampwick,TX,28808.12867170613
2026,4,p64,OkonRecycling,400249,Webberville Solar Project,TX,18022.525792458528
2026,4,p65,OkonRecycling,405700,Aktina Solar,TX,21161.30181363899
2026,4,p65,OkonRecycling,405727,Bernard Creek Solar,TX,35128.183761737484
2026,4,p65,OkonRecycling,405477,Brightside,TX,256120.98734136243
2026,4,p65,OkonRecycling,401728,CPS 1 Community Solar,TX,10312974.575644914
2026,4,p65,OkonRecycling,402656,Cascade Solar (TX),TX,2072570.083872584
2026,4,p65,OkonRecycling,404359,FELPS 1-Calaveras,TX,21408278.62973339
2026,4,p65,OkonRecycling,404361,FELPS 2-Calaveras,TX,21407786.654595036
2026,4,p65,OkonRecycling,404739,FELPS 6- Floresville West,TX,10898897.434712008
2026,4,p65,OkonRecycling,404740,FELPS 7- Floresville West,TX,7265989.9081495125
2026,4,p65,SolarCycle,405801,Horizon Solar,TX,64616.91768249344
2026,4,p65,OkonRecycling,405380,IKEA Live Oak Rooftop PV System,TX,5803302.914848123
2026,4,p65,SolarCycle,403343,Mars Solar,TX,3066571.5864314274
2026,4,p65,OkonRecycling,404877,Nebula Solar,TX,290803.8716324789
2026,4,p65,OkonRecycling,400965,"OCI Alamo 3, LLC",TX,1834188.4123321727
2026,4,p65,SolarCycle,400966,"OCI Alamo 5, LLC",TX,111463.46784470492
2026,4,p65,OkonRecycling,400593,OCI Alamo Solar I Hybrid,TX,270844.968027194
2026,4,p65,SolarCycle,405809,Shakes Solar,TX,63669.682743190795
2026,4,p65,OkonRecycling,405545,Sparta Solar,TX,40012.91518355745
2026,4,p65,OkonRecycling,400379,"SunE CPS1, LLC",TX,442972.7103146721
2026,4,p65,OkonRecycling,400353,"SunE CPS3, LLC",TX,2095112.8256974788
2026,4,p65,OkonRecycling,406032,Tres Bahias,TX,66462.14891998364
2026,4,p67,OkonRecycling,404939,Brazoria County Solar Project (Danciger),TX,20110.770964241874
2026,4,p67,OkonRecycling,404681,Brazoria West,TX,20311.48847920302
2026,4,p67,OkonRecycling,404587,Fighting Jays Solar Project,TX,18256.070460527764
2026,4,p67,OkonRecycling,405564,"Fort Bend Solar, LLC",TX,16977.10201682114
2026,4,p67,OkonRecycling,403514,Wagyu,TX,28871.77628369604
2027,1,p12,ComstockMetals,402144,Battle Mountain Solar Project,NV,8414.719417963606
2027,1,p12,ComstockMetals,405025,Brady,NV,8083.50462570132
2027,1,p12,ComstockMetals,405553,Dodge Flat,NV,7238.6113770664215
2027,1,p12,ComstockMetals,402609,"EGP Stillwater Solar PV II, LLC",NV,11796.292638110086
2027,1,p12,ComstockMetals,404659,Fish Springs,NV,7589.601838060409
2027,1,p12,ComstockMetals,401086,Ft. Churchill PV,NV,7610.528915051435
2027,1,p12,ComstockMetals,405028,Galena 2 Geothermal Power Plant,NV,9587.33950081582
2027,1,p12,ComstockMetals,400468,"Patua Acquisition Project, LLC",NV,8969.872094895136
2027,1,p12,ComstockMetals,405021,Steamboat Hills LP,NV,10796.08722517157
2027,1,p12,ComstockMetals,405023,Steamboat II,NV,8597.709023888397
2027,1,p12,ComstockMetals,405024,Steamboat III,NV,8468.181330135087
2027,1,p12,ComstockMetals,400029,Stillwater Facility,NV,11447.127729757158
2027,1,p12,ComstockMetals,401318,Sunshine Valley Solar,NV,13411.899642340159
2027,1,p12,ComstockMetals,405576,Tesla Reno GigaFactory,NV,7805.973832089612
2027,1,p12,ComstockMetals,403308,Turquoise Liberty Solar,NV,8180.689470433756
2027,1,p12,ComstockMetals,403884,"Turquoise Nevada, LLC",NV,7392.069880195966
2027,1,p12,ComstockMetals,400035,Western 102 Power Plant,NV,12891.216691714335
2027,1,p13,WeRecycleSolar,400555,Apex Solar PV Power Project,NV,29988.89560284755
2027,1,p13,WeRecycleSolar,405385,Arrow Canyon Solar Hybrid,NV,8527.673119977815
2027,1,p13,WeRecycleSolar,401649,"Boulder Solar Power, LLC",NV,23496.02717719168
2027,1,p13,WeRecycleSolar,400059,CM10,NV,61117.36419016616
2027,1,p13,WeRecycleSolar,400086,CM48,NV,40850.0937782726
2027,1,p13,WeRecycleSolar,400363,Copper Mountain Solar 2,NV,17672.285788166897
2027,1,p13,WeRecycleSolar,403688,"Copper Mountain Solar 5, LLC",NV,13644.093744719736
2027,1,p13,WeRecycleSolar,405556,Dry Lake Solar Energy Center,NV,11247.836587366512
2027,1,p13,WeRecycleSolar,405495,Gemini Solar,NV,8077.072753710619
2027,1,p13,WeRecycleSolar,403386,"Harry Allen Solar Energy, LLC",NV,25455.31326755724
2027,1,p13,WeRecycleSolar,406090,IGS LAS1,NV,1728053.2797823641
2027,1,p13,WeRecycleSolar,406089,IGS VGT,NV,1805666.9797266785
2027,1,p13,WeRecycleSolar,405309,IKEA Las Vegas 462,NV,365581.06541576283
2027,1,p13,WeRecycleSolar,400545,Las Vegas WPCF Solar Plant,NV,536656.3574419348
2027,1,p13,WeRecycleSolar,400036,Nellis Air Force Base Solar Array,NV,156875.79429685988
2027,1,p13,WeRecycleSolar,401274,River Mountains Solar,NV,124038.53392593295
2027,1,p13,WeRecycleSolar,400658,Silver State Solar Power South,NV,10540.975166797782
2027,1,p13,WeRecycleSolar,405246,"Solar Las Vegas MB 2, LLC",NV,400208.48431573325
2027,1,p13,WeRecycleSolar,405188,Solar Las Vegas MB-1,NV,187783.117845078
2027,1,p13,WeRecycleSolar,402691,"Techren Solar III, LLC",NV,23506.852889763402
2027,1,p13,WeRecycleSolar,402692,"Techren Solar IV, LLC",NV,39931.69110166498
2027,1,p13,WeRecycleSolar,404971,Yellow Pine Solar,NV,12371.681911193691
2027,1,p27,WeRecycleSolar,400374,"Black Mountain Solar, LLC",AZ,20646.197532910133
2027,1,p27,WeRecycleSolar,402236,Gray Hawk Solar,AZ,9947.031105714166
2027,1,p27,WeRecycleSolar,401819,Jacobson 5 MW Solar,AZ,64877.44317619703
2027,1,p27,WeRecycleSolar,403718,Mohave Electric Cooperative at Joy Lane,AZ,20505.042493784516
2027,1,p27,WeRecycleSolar,401311,Mohave Electric at Fort Mohave,AZ,22285.523516601515
2027,1,p27,WeRecycleSolar,406478,Mohave Energy - Hybrid,AZ,22287.51752712135
2027,1,p28,WeRecycleSolar,400148,Agua Caliente Solar Project,AZ,7705.8920825258465
2027,1,p28,WeRecycleSolar,400274,Arizona Western College PV,AZ,92730.73649411515
2027,1,p28,WeRecycleSolar,400240,Arlington Valley Solar Energy II,AZ,9476.199588418147
2027,1,p28,WeRecycleSolar,400437,Badger 1,AZ,26004.632080256633
2027,1,p28,FabTechSolar,401688,Bonnybrooke PV,AZ,8499.863999251585
2027,1,p28,WeRecycleSolar,400371,Buckeye Union HS District 201,AZ,26287.036555564122
2027,1,p28,FabTechSolar,405635,"Central Line Solar, LLC",AZ,7918.6003356335905
2027,1,p28,WeRecycleSolar,400201,Chino Solar Valley,AZ,38208.59033891658
2027,1,p28,WeRecycleSolar,401069,Desert Star Hybrid,AZ,30439.33402260867
2027,1,p28,FabTechSolar,403257,East Line Solar,AZ,8275.670605745168
2027,1,p28,FabTechSolar,406171,Eleven Mile Solar Center,AZ,7543.61739236021
2027,1,p28,WeRecycleSolar,400349,Foothills Solar Plant Hybrid,AZ,32881.84765412396
2027,1,p28,FabTechSolar,400825,Fort Huachuca Solar PV Project,AZ,34124.226556411515
2027,1,p28,WeRecycleSolar,400845,Gila Bend Hybrid,AZ,10310.019225089669
2027,1,p28,FabTechSolar,400599,"Gilbert Solar Facility I, LLC",AZ,21218.11059943631
2027,1,p28,WeRecycleSolar,400204,Hyder Solar Hybrid,AZ,15264.15483243568
2027,1,p28,WeRecycleSolar,405125,Jewish Community Center PV,AZ,27496.848539836206
2027,1,p28,WeRecycleSolar,402234,Kayenta Solar Project,AZ,36988.554215280696
2027,1,p28,WeRecycleSolar,405068,Macys Goodyear,AZ,28019.560486970804
2027,1,p28,WeRecycleSolar,406279,McFarland A Solar and Storage,AZ,10076.47852316284
2027,1,p28,FabTechSolar,405617,Mesa Carport PV,AZ,22909.15557898981
2027,1,p28,FabTechSolar,404512,Mesa Solar Array,AZ,13191.351048882447
2027,1,p28,WeRecycleSolar,400250,Mesquite Solar 1,AZ,7524.816000194138
2027,1,p28,WeRecycleSolar,401621,"Mesquite Solar 2, LLC",AZ,10416.278541636479
2027,1,p28,WeRecycleSolar,401622,"Mesquite Solar 3, LLC",AZ,7930.037774336357
2027,1,p28,WeRecycleSolar,406038,"Mesquite Solar 4, LLC",AZ,13339.57393360293
2027,1,p28,WeRecycleSolar,404922,"Mesquite Solar 5, LLC",AZ,12510.335335213591
2027,1,p28,WeRecycleSolar,403572,OE_AZ1,AZ,16585.479084643557
2027,1,p28,WeRecycleSolar,400203,Paloma Solar Hybrid,AZ,12757.887125967247
2027,1,p28,WeRecycleSolar,405150,Phoenix Airport East Economy Lot,AZ,15111.112301987732
2027,1,p28,WeRecycleSolar,405151,Phoenix Airport Rental Car Center,AZ,9386.271250184067
2027,1,p28,FabTechSolar,400125,"Poseidon Solar, LLC",AZ,13413.689852460164
2027,1,p28,WeRecycleSolar,400031,Prescott Airport,AZ,101624.8511738508
2027,1,p28,WeRecycleSolar,400401,Prescott Solar Plant,AZ,34703.73245975138
2027,1,p28,FabTechSolar,400323,Queen Creek Solar Farm,AZ,10463.411417187468
2027,1,p28,WeRecycleSolar,400289,"RE Bagdad Solar I, LLC",AZ,29091.845699910424
2027,1,p28,FabTechSolar,401726,Red Rock,AZ,16635.004419737725
2027,1,p28,WeRecycleSolar,400416,Saddle Mountain Solar I,AZ,14174.83437987802
2027,1,p28,FabTechSolar,403674,Saint Solar,AZ,7937.571071606509
2027,1,p28,FabTechSolar,401214,Sandstone Solar,AZ,9022.668095837638
2027,1,p28,WeRecycleSolar,405029,Solana Generating Station,AZ,7945.748305697088
2027,1,p28,WeRecycleSolar,406275,Sonoran Solar Energy,AZ,7411.778776338122
2027,1,p28,FabTechSolar,406034,Storey Solar and Storage,AZ,8884.78162436661
2027,1,p28,WeRecycleSolar,403643,Sun Streams 2,AZ,7589.890577667747
2027,1,p28,WeRecycleSolar,406517,Sun Streams 3,AZ,8512.116732773276
2027,1,p28,WeRecycleSolar,401975,"Sun Streams, LLC",AZ,7820.1765695334025
2027,1,p28,WeRecycleSolar,405311,T0588 Phoenix - AZ,AZ,51398.88018806682
2027,1,p28,FabTechSolar,405134,Union HS at Casa Grande,AZ,31538.101703909506
2027,1,p28,FabTechSolar,405135,Vista Grande HS at Casa Grande,AZ,133741.8859461547
2027,1,p28,FabTechSolar,400334,Walmart Casa Grande,AZ,38155.919898590866
2027,1,p28,FabTechSolar,406098,"West Line Solar, LLC",AZ,7918.924044128995
2027,1,p29,FabTechSolar,400014,Springerville,AZ,67487.75591789179
2027,1,p30,FabTechSolar,405143,Actus Lend Lease DMAFB,AZ,28674.47599492951
2027,1,p30,FabTechSolar,405611,Amazon TUS2,AZ,138014.22096473776
2027,1,p30,FabTechSolar,400939,Avalon Solar,AZ,13202.814099500834
2027,1,p30,FabTechSolar,401479,Avalon Solar II,AZ,17991.82205270251
2027,1,p30,FabTechSolar,404704,Broadway 2 - Tucson Phase II,AZ,25490.080068754323
2027,1,p30,FabTechSolar,405269,Canyon Del Oro High School Solar,AZ,69673.34006719655
2027,1,p30,FabTechSolar,401295,Davis Monthan AFB (AZ) West Airfield,AZ,13658.077123392668
2027,1,p30,FabTechSolar,404536,Iron Horse Battery Storage Hybrid,AZ,181124.2239090832
2027,1,p30,FabTechSolar,400552,"Picture Rocks Solar, LLC",AZ,9273.161661374
2027,1,p30,FabTechSolar,405374,Pima Community College,AZ,312264.53461381665
2027,1,p30,FabTechSolar,405303,Pima Community College - East Campus,AZ,68697.33859297127
2027,1,p30,FabTechSolar,405516,Pima Community College NW,AZ,113012.36024799905
2027,1,p30,FabTechSolar,404926,Raptor Ridge,AZ,20503.380255567234
2027,1,p30,FabTechSolar,400857,Rio Rico Solar,AZ,26478.91942642463
2027,1,p30,FabTechSolar,401076,Tech Park Solar,AZ,41363.23238891652
2027,1,p30,FabTechSolar,401075,Valencia Solar,AZ,44096.79779788121
2027,1,p30,FabTechSolar,404187,"Wilmot Energy Center, LLC",AZ,8569.985243375795
2027,1,p31,SolarCycle,400211,Alamogordo Solar Energy Center,NM,170222.78890287364
2027,1,p31,FabTechSolar,400206,Albuquerque Solar Energy Center,NM,440477.1073801232
2027,1,p31,SolarCycle,403675,Alcalde Solar Array,NM,544981.4588344911
2027,1,p31,FabTechSolar,405469,Arroyo Solar Energy Storage Hybrid,NM,12603.32663493509
2027,1,p31,FabTechSolar,403321,Bluewater CDEC 1,NM,1155649.8176919543
2027,1,p31,SolarCycle,402876,CNMEC Solar Energy Center,NM,1584041.5520757837
2027,1,p31,SolarCycle,402519,Carrizozo Solar,NM,420684.5459948821
2027,1,p31,FabTechSolar,401202,Cibola,NM,213467.02412507866
2027,1,p31,FabTechSolar,403604,City of Rio Rancho WWTP,NM,1403964.148992812
2027,1,p31,FabTechSolar,401225,City of Truth or Consequences PV,NM,495728.44094885426
2027,1,p31,FabTechSolar,400209,Deming Solar Energy Center,NM,80518.17727786994
2027,1,p31,FabTechSolar,403868,Encino Solar Energy Center,NM,22574.826688547037
2027,1,p31,FabTechSolar,401038,Eubank Landfill Solar Array,NM,1743882.4361562426
2027,1,p31,FabTechSolar,402443,Facebook 3 Solar Energy Center,NM,89495.75991734127
2027,1,p31,FabTechSolar,403322,Grants CDEC 2,NM,317088.4910663705
2027,1,p31,FabTechSolar,400216,"Hatch Solar Energy Center I, LLC",NM,577296.0795492346
2027,1,p31,SolarCycle,401617,Holloman Solar Facility,NM,497654.4426266738
2027,1,p31,SolarCycle,400427,Kit Carson,NM,1092583.088775933
2027,1,p31,SolarCycle,400210,Las Vegas Solar Energy Center,NM,338652.3629217003
2027,1,p31,SolarCycle,400434,Los Alamos PV Site,NM,3854720.8630489185
2027,1,p31,FabTechSolar,400838,Macho Springs,NM,33262.05241868099
2027,1,p31,FabTechSolar,400582,Manzano Solar,NM,111217.88903257626
2027,1,p31,SolarCycle,401201,Meadow Lake Solar Energy Center,NM,131007.63984786758
2027,1,p31,SolarCycle,405693,NMSU Solar and Storage,NM,467271.85132030066
2027,1,p31,FabTechSolar,406375,OE_ESCL,NM,14091.957100776906
2027,1,p31,SolarCycle,400581,Otero Solar,NM,167602.07646247424
2027,1,p31,SolarCycle,400146,Questa Solar Facility,NM,2066274.3671779907
2027,1,p31,FabTechSolar,403178,"RC Energy AA, LLC Solar Facility",NM,3498516.7095980085
2027,1,p31,FabTechSolar,401566,Rio Communities Solar Energy Center,NM,171087.1372327257
2027,1,p31,FabTechSolar,403084,Rio De Oro Solar Energy Center,NM,73153.15066731948
2027,1,p31,FabTechSolar,400624,Rio Rancho High School,NM,1735895.822743415
2027,1,p31,FabTechSolar,404648,"Route 66 Energy Center, LLC",NM,65479.36293925771
2027,1,p31,SolarCycle,405458,San Miguel II Solar Energy Center,NM,172133.3081968525
2027,1,p31,FabTechSolar,401161,Sandoval Solar Energy Center,NM,192026.79004546776
2027,1,p31,SolarCycle,401564,Santa Fe Solar Energy Center,NM,195735.85496655255
2027,1,p31,FabTechSolar,400596,Silver City WWTP PV Project,NM,1123901.832227783
2027,1,p31,FabTechSolar,401563,South Valley Solar Energy Center,NM,118636.49965555374
2027,1,p31,SolarCycle,401162,Springer Solar 1,NM,1355257.5399532123
2027,1,p31,FabTechSolar,400623,Sue Cleveland High School,NM,3493638.2121168016
2027,1,p31,SolarCycle,400343,"SunE EPE1, LLC",NM,257276.9807675886
2027,1,p31,SolarCycle,402854,Syncarpha Eagle Nest,NM,1311097.0959403391
2027,1,p31,SolarCycle,403412,Syncarpha El Rito,NM,1278348.2368326297
2027,1,p31,SolarCycle,403413,Syncarpha Questa,NM,876704.072418638
2027,1,p31,SolarCycle,403411,Syncarpha Taos,NM,428103.0006108877
2027,1,p31,SolarCycle,404618,Taos Mesa Energy Facility Hybrid,NM,270811.5287387498
2027,1,p31,SolarCycle,400354,WSMR I,NM,149082.33285949618
2027,1,p31,FabTechSolar,405245,Wal-Mart Truth or Consequences PV,NM,2815523.1061952184
2027,1,p47,SolarCycle,400979,"Caprock Solar 1, LLC",NM,39100.62291753688
2027,1,p47,SolarCycle,400614,GSE NM1,NM,464362.46105465875
2027,1,p47,SolarCycle,404982,Hayhurst New Mexico Solar,NM,62824.17280759206
2027,1,p47,SolarCycle,402530,Middle Daisy,NM,75342.96581066788
2027,1,p47,SolarCycle,400546,SEV NM Phase 2,NM,618023.7447742937
2027,1,p47,SolarCycle,400260,SPS1 Dollarhide,NM,20212.62394399272
2027,1,p47,SolarCycle,400261,SPS2 Jal,NM,21261.22564353345
2027,1,p47,SolarCycle,400262,SPS3 Lea,NM,48368.44105445003
2027,1,p47,SolarCycle,400264,SPS5 Hopi,NM,128264.03490882691
2027,1,p47,SolarCycle,404698,SoCore Clovis 1,NM,489374.09585582255
2027,1,p48,SolarCycle,406439,"BESSP1, LLC",TX,163910.0547142164
2027,1,p48,SolarCycle,405590,"Hecate Energy Frye Solar, LLC",TX,22642.099752879494
2027,1,p57,OkonRecycling,404918,"Hecate Energy Upshur Rural, LLC",TX,78235.66697026823
2027,1,p59,SolarCycle,402666,Fort Bliss (DEA EPIC),TX,162538.04295483857
2027,1,p59,SolarCycle,401616,Montana Solar Facility,TX,106691.70884796108
2027,1,p60,SolarCycle,403962,"ANSON Solar Center, LLC",TX,8483.479513624501
2027,1,p60,OkonRecycling,403883,Azure Sky Solar,TX,8095.214050010649
2027,1,p60,SolarCycle,403232,"ENGIE Long Draw Solar, LLC",TX,8861.92598376265
2027,1,p60,SolarCycle,402721,Holstein 1 Solar Farm,TX,7828.421526030048
2027,1,p60,SolarCycle,405492,Juno Solar Project,TX,7833.5348954857445
2027,1,p60,SolarCycle,402541,Lamesa II,TX,8810.593996012738
2027,1,p60,SolarCycle,401660,Lamesa Solar,TX,8781.545345470993
2027,1,p60,SolarCycle,405932,Lumina II Solar Project,TX,8972.416982983132
2027,1,p60,SolarCycle,405933,Lumina Solar Project,TX,8030.224660597828
2027,1,p60,SolarCycle,402909,Misae Solar,TX,9414.856750580924
2027,1,p60,OkonRecycling,400968,"OCI Alamo 7, LLC",TX,9080.363376747917
2027,1,p60,SolarCycle,405939,Texas Solar Nova 1,TX,8049.485522031292
2027,1,p61,SolarCycle,400967,Alamo 6,TX,8711.992883644078
2027,1,p61,SolarCycle,403557,Aragorn Solar Project,TX,8161.070706942139
2027,1,p61,SolarCycle,400691,Barilla Solar,TX,11166.569737291256
2027,1,p61,SolarCycle,401946,Bluebell Solar,TX,8891.204340332464
2027,1,p61,SolarCycle,403574,Bluebell Solar II,TX,7754.986013883329
2027,1,p61,SolarCycle,400554,"Bryan Solar, LLC",TX,20794.91883680952
2027,1,p61,SolarCycle,401463,Buckthorn Westex,TX,7390.505073796399
2027,1,p61,SolarCycle,401703,East Pecos Solar,TX,7549.763067990548
2027,1,p61,SolarCycle,405363,Galloway 1 Solar Farm,TX,7490.987568218244
2027,1,p61,SolarCycle,405494,Galloway 2 Solar Farm,TX,10979.988947672648
2027,1,p61,SolarCycle,403210,Greasewood,TX,7415.365135380124
2027,1,p61,SolarCycle,406370,Hayhurst Texas Solar,TX,18580.04764360367
2027,1,p61,SolarCycle,402304,Midway Solar-TX,TX,7665.994834651994
2027,1,p61,SolarCycle,400695,"OCI Alamo 4, LLC",TX,9685.595098977696
2027,1,p61,SolarCycle,401868,Pearl Solar,TX,8016.205483665617
2027,1,p61,SolarCycle,402290,RE Maplewood,TX,7545.430737833333
2027,1,p61,SolarCycle,401430,RE Roserock,TX,7573.535127893703
2027,1,p61,SolarCycle,402848,Rambler,TX,7697.276498313734
2027,1,p61,SolarCycle,402083,Solaire Holman Solar Project,TX,10460.539310303882
2027,1,p61,SolarCycle,403023,"Taygete Energy Project, LLC",TX,7389.195205672018
2027,1,p61,SolarCycle,404647,Taygete II Energy Project,TX,7505.259404145877
2027,1,p61,SolarCycle,403551,Titan Solar Project,TX,7872.730831560668
2027,1,p61,SolarCycle,406103,Zier Solar,TX,9020.196650278884
2027,1,p62,SolarCycle,403502,2W Permian Solar Project Hybrid,TX,7238.575574390031
2027,1,p62,SolarCycle,403697,CED Crane Solar,TX,7593.881109464011
2027,1,p62,SolarCycle,401525,Castle Gap Solar Hybrid,TX,7372.784221653502
2027,1,p62,SolarCycle,404599,Emerald Grove,TX,8583.286871317216
2027,1,p62,SolarCycle,403004,Lapetus,TX,7650.994369606424
2027,1,p62,SolarCycle,403280,Oberon IA,TX,7312.403194687296
2027,1,p62,SolarCycle,403279,Oberon IB,TX,8245.542333898054
2027,1,p62,SolarCycle,403602,Oxy Renewable Energy-Goldsmith,TX,10419.182373768432
2027,1,p62,SolarCycle,402679,Phoebe Solar,TX,7321.58478167162
2027,1,p62,SolarCycle,403177,Prospero Solar,TX,7311.82423160118
2027,1,p62,SolarCycle,404128,Prospero Solar II,TX,7452.638922293095
2027,1,p62,SolarCycle,403070,"Roadrunner, LLC",TX,7314.6551456287625
2027,1,p62,SolarCycle,401805,Upton County Solar,TX,7361.659996940275
2027,1,p62,SolarCycle,402995,West of the Pecos Solar,TX,7421.889889044024
2027,1,p63,OkonRecycling,405599,"BPL Crown Solar, LLC",TX,10765.06460445688
2027,1,p63,OkonRecycling,404966,BPL Files Solar,TX,8164.470333414027
2027,1,p63,OkonRecycling,403825,Briar Creek Solar 1,TX,8610.841288511092
2027,1,p63,OkonRecycling,401697,CoServ Community Solar Station,TX,22639.634039072895
2027,1,p63,OkonRecycling,403188,Coniglio Solar,TX,8071.887874585553
2027,1,p63,OkonRecycling,406415,Dileo Solar,TX,11129.092327618851
2027,1,p63,OkonRecycling,402655,Eddy II,TX,44247.022346321435
2027,1,p63,OkonRecycling,406221,Eiffel Solar Project,TX,9956.96268484256
2027,1,p63,OkonRecycling,405540,"Ellis Solar, LLC",TX,7770.027841313786
2027,1,p63,OkonRecycling,403823,Elm Branch Solar 1,TX,8197.164783418566
2027,1,p63,OkonRecycling,406206,Five Wells Solar Center - Hybrid,TX,7821.395453464363
2027,1,p63,OkonRecycling,404567,G.S.E. One LLC,TX,9825.862424096462
2027,1,p63,OkonRecycling,403288,Griffin Solar,TX,71699.62164971541
2027,1,p63,OkonRecycling,406202,Grizzly Ridge Solar,TX,11022.558091977204
2027,1,p63,OkonRecycling,402329,Highway 56 Solar,TX,14865.51888614388
2027,1,p63,OkonRecycling,405319,IKEA Grand Prairie Rooftop PV System,TX,34006.02430453218
2027,1,p63,OkonRecycling,405689,"IP Radian, LLC",TX,8981.831624586517
2027,1,p63,OkonRecycling,403481,Impact Solar 1,TX,8903.383359629
2027,1,p63,OkonRecycling,403190,Kellam Solar,TX,15042.653509977725
2027,1,p63,OkonRecycling,402421,Leon Solar,TX,17050.223715875945
2027,1,p63,OkonRecycling,403874,Lily Solar Hybrid,TX,7883.068634739841
2027,1,p63,OkonRecycling,402404,Marlin Solar,TX,75229.21118191283
2027,1,p63,OkonRecycling,405794,Noble Solar,TX,7618.55820315533
2027,1,p63,OkonRecycling,402405,North Gainesville Solar,TX,15767.30181663597
2027,1,p63,OkonRecycling,401933,Phantom Solar,TX,36700.94474030262
2027,1,p63,OkonRecycling,404872,"Pisgah Ridge Solar, LLC",TX,7664.022654426196
2027,1,p63,OkonRecycling,406416,Pitts Dudik Solar,TX,11536.604623876912
2027,1,p63,OkonRecycling,403189,Rippey Solar,TX,13932.182177716115
2027,1,p63,OkonRecycling,404630,"Samson Solar Energy III, LLC",TX,8127.0113380695775
2027,1,p63,OkonRecycling,402652,Sterling Solar (TX),TX,11745.623433168177
2027,1,p63,OkonRecycling,404812,Sun Valley Solar Project,TX,8119.522047314906
2027,1,p63,OkonRecycling,403457,"TPE Whitney Solar, LLC",TX,22449.798247953917
2027,1,p63,OkonRecycling,405361,Toyota HQ Plan,TX,9126.637360799812
2027,1,p63,OkonRecycling,405907,Verizon Hidden Ridge Solar Project,TX,10079.490985422259
2027,1,p63,OkonRecycling,405984,Waco Solar,TX,7640.9962712589695
2027,1,p63,OkonRecycling,402306,Walnut Springs Solar,TX,41560.915482031334
2027,1,p63,OkonRecycling,402497,West Moore Solar II,TX,15445.279883716881
2027,1,p63,OkonRecycling,402330,Whitesboro Solar,TX,15314.749338480857
2027,1,p63,OkonRecycling,402331,Whitesboro Solar II,TX,15385.621549782327
2027,1,p63,OkonRecycling,402414,Whitewright Solar,TX,46164.44176986359
2027,1,p63,OkonRecycling,402654,Yellow Jacket,TX,113790.04607283798
2027,1,p64,OkonRecycling,405731,Austin TX GigaFactory,TX,354506.1556583468
2027,1,p64,OkonRecycling,404721,"Blue Jay Solar I, LLC",TX,8490.635494591572
2027,1,p64,OkonRecycling,402389,"E-Volve Energy Holdings, LLC",TX,103183.13676981544
2027,1,p64,OkonRecycling,400227,East Blackland Solar Project 1,TX,9297.25272193244
2027,1,p64,OkonRecycling,405101,IKEA Round Rock 027,TX,423657.6479822522
2027,1,p64,SolarCycle,402653,Lampwick,TX,28808.12867170613
2027,1,p64,OkonRecycling,405613,Niagara Bottling - Seguin,TX,176862.17370914618
2027,1,p64,OkonRecycling,400249,Webberville Solar Project,TX,14418.350528305686
2027,1,p65,OkonRecycling,405700,Aktina Solar,TX,21161.30181363899
2027,1,p65,OkonRecycling,405727,Bernard Creek Solar,TX,49087.275642606226
2027,1,p65,OkonRecycling,405477,Brightside,TX,256120.98734136243
2027,1,p65,OkonRecycling,401728,CPS 1 Community Solar,TX,20618739.15128983
2027,1,p65,OkonRecycling,404359,FELPS 1-Calaveras,TX,7140899.543244463
2027,1,p65,OkonRecycling,404361,FELPS 2-Calaveras,TX,10707498.327297514
2027,1,p65,OkonRecycling,404739,FELPS 6- Floresville West,TX,10898897.434712008
2027,1,p65,OkonRecycling,404740,FELPS 7- Floresville West,TX,10895379.862224268
2027,1,p65,SolarCycle,405801,Horizon Solar,TX,35913.4588412467
2027,1,p65,OkonRecycling,405380,IKEA Live Oak Rooftop PV System,TX,11599395.829696245
2027,1,p65,SolarCycle,403343,Mars Solar,TX,1026997.1954771427
2027,1,p65,OkonRecycling,404877,Nebula Solar,TX,149006.93581623945
2027,1,p65,OkonRecycling,400694,"OCI Alamo 2, LLC",TX,2303925.325794687
2027,1,p65,SolarCycle,400966,"OCI Alamo 5, LLC",TX,215716.93568940985
2027,1,p65,OkonRecycling,400593,OCI Alamo Solar I Hybrid,TX,270844.968027194
2027,1,p65,SolarCycle,405809,Shakes Solar,TX,29793.873097276322
2027,1,p65,OkonRecycling,405545,Sparta Solar,TX,40012.91518355745
2027,1,p65,OkonRecycling,400379,"SunE CPS1, LLC",TX,1096616.7757866802
2027,1,p65,OkonRecycling,400364,"SunE CPS2, LLC",TX,1099591.5166515447
2027,1,p65,OkonRecycling,400353,"SunE CPS3, LLC",TX,703177.6085658262
2027,1,p65,OkonRecycling,406032,Tres Bahias,TX,36836.07445999181
2027,1,p67,OkonRecycling,404939,Brazoria County Solar Project (Danciger),TX,20110.770964241874
2027,1,p67,OkonRecycling,404681,Brazoria West,TX,10485.372119800753
2027,1,p67,OkonRecycling,405564,"Fort Bend Solar, LLC",TX,12093.55100841057
2027,1,p67,OkonRecycling,403514,Wagyu,TX,28871.77628369604
2027,2,p12,ComstockMetals,402144,Battle Mountain Solar Project,NV,7896.066794420671
2027,2,p12,ComstockMetals,405025,Brady,NV,7873.260960220959
2027,2,p12,ComstockMetals,405553,Dodge Flat,NV,7231.724910055377
2027,2,p12,ComstockMetals,402609,"EGP Stillwater Solar PV II, LLC",NV,8951.209359117547
2027,2,p12,ComstockMetals,404659,Fish Springs,NV,7498.235542440825
2027,2,p12,ComstockMetals,401086,Ft. Churchill PV,NV,7514.125685173086
2027,2,p12,ComstockMetals,405028,Galena 2 Geothermal Power Plant,NV,9015.138099659565
2027,2,p12,ComstockMetals,400468,"Patua Acquisition Project, LLC",NV,8546.288808532703
2027,2,p12,ComstockMetals,405021,Steamboat Hills LP,NV,9932.952559631562
2027,2,p12,ComstockMetals,405023,Steamboat II,NV,8263.701597690482
2027,2,p12,ComstockMetals,405024,Steamboat III,NV,8165.349900394032
2027,2,p12,ComstockMetals,400029,Stillwater Facility,NV,8282.431415521978
2027,2,p12,ComstockMetals,401318,Sunshine Valley Solar,NV,9564.58278693712
2027,2,p12,ComstockMetals,405026,TS Power Plant,NV,10464.82809945663
2027,2,p12,ComstockMetals,405576,Tesla Reno GigaFactory,NV,7617.276101416015
2027,2,p12,ComstockMetals,401943,Tungsten Mountain,NV,10343.155429585453
2027,2,p12,ComstockMetals,403308,Turquoise Liberty Solar,NV,8131.318003495624
2027,2,p12,ComstockMetals,403884,"Turquoise Nevada, LLC",NV,7348.247514681602
2027,2,p12,ComstockMetals,400035,Western 102 Power Plant,NV,11523.805705544422
2027,2,p13,WeRecycleSolar,400555,Apex Solar PV Power Project,NV,23950.22719253498
2027,2,p13,WeRecycleSolar,405385,Arrow Canyon Solar Hybrid,NV,8178.358948498255
2027,2,p13,WeRecycleSolar,400059,CM10,NV,66634.84260176089
2027,2,p13,WeRecycleSolar,400086,CM48,NV,12154.425949746817
2027,2,p13,WeRecycleSolar,400363,Copper Mountain Solar 2,NV,11054.37077417506
2027,2,p13,WeRecycleSolar,403688,"Copper Mountain Solar 5, LLC",NV,11938.42024225319
2027,2,p13,WeRecycleSolar,405358,Dignity - San Martin,NV,393115.4451935733
2027,2,p13,WeRecycleSolar,405355,Dignity - Siena Campus,NV,308807.3490695923
2027,2,p13,WeRecycleSolar,405556,Dry Lake Solar Energy Center,NV,10177.409088542276
2027,2,p13,WeRecycleSolar,405495,Gemini Solar,NV,7847.21240672257
2027,2,p13,WeRecycleSolar,406090,IGS LAS1,NV,639534.4982672175
2027,2,p13,WeRecycleSolar,400545,Las Vegas WPCF Solar Plant,NV,136906.83962978015
2027,2,p13,WeRecycleSolar,400600,Mountain View Solar,NV,23902.191590643735
2027,2,p13,WeRecycleSolar,400036,Nellis Air Force Base Solar Array,NV,117199.50270299493
2027,2,p13,WeRecycleSolar,401274,River Mountains Solar,NV,93067.3758179222
2027,2,p13,WeRecycleSolar,401042,Searchlight Solar,NV,38769.082941096895
2027,2,p13,WeRecycleSolar,400166,Silver State Solar Power North,NV,15087.598405050774
2027,2,p13,WeRecycleSolar,400658,Silver State Solar Power South,NV,8841.957405869327
2027,2,p13,WeRecycleSolar,405246,"Solar Las Vegas MB 2, LLC",NV,440432.314316998
2027,2,p13,WeRecycleSolar,405188,Solar Las Vegas MB-1,NV,139913.31759249643
2027,2,p13,WeRecycleSolar,402691,"Techren Solar III, LLC",NV,23178.758957383667
2027,2,p13,WeRecycleSolar,402692,"Techren Solar IV, LLC",NV,31257.19494378588
2027,2,p13,WeRecycleSolar,401851,Townsite Solar Project Hybrid,NV,14745.494844698174
2027,2,p13,WeRecycleSolar,404971,Yellow Pine Solar,NV,11003.323846577481
2027,2,p27,WeRecycleSolar,400374,"Black Mountain Solar, LLC",AZ,32194.891510087687
2027,2,p27,WeRecycleSolar,402236,Gray Hawk Solar,AZ,12299.566826366277
2027,2,p27,WeRecycleSolar,401819,Jacobson 5 MW Solar,AZ,34018.455440840866
2027,2,p27,WeRecycleSolar,403718,Mohave Electric Cooperative at Joy Lane,AZ,19571.205375091948
2027,2,p27,WeRecycleSolar,406478,Mohave Energy - Hybrid,AZ,21228.480255811675
2027,2,p28,WeRecycleSolar,400148,Agua Caliente Solar Project,AZ,8726.749072132527
2027,2,p28,FabTechSolar,402067,Apache Solar 1,AZ,41590.50246789997
2027,2,p28,WeRecycleSolar,400274,Arizona Western College PV,AZ,137998.03059814818
2027,2,p28,WeRecycleSolar,400240,Arlington Valley Solar Energy II,AZ,8942.864994280886
2027,2,p28,WeRecycleSolar,400437,Badger 1,AZ,14395.72189729297
2027,2,p28,FabTechSolar,401688,Bonnybrooke PV,AZ,8689.454975927167
2027,2,p28,WeRecycleSolar,400371,Buckeye Union HS District 201,AZ,50972.15891667632
2027,2,p28,FabTechSolar,405635,"Central Line Solar, LLC",AZ,7751.836086649471
2027,2,p28,WeRecycleSolar,400201,Chino Solar Valley,AZ,19061.641917351422
2027,2,p28,WeRecycleSolar,401069,Desert Star Hybrid,AZ,24972.468925490404
2027,2,p28,FabTechSolar,403257,East Line Solar,AZ,8839.744615229509
2027,2,p28,FabTechSolar,406171,Eleven Mile Solar Center,AZ,7465.102817800712
2027,2,p28,WeRecycleSolar,400349,Foothills Solar Plant Hybrid,AZ,17025.07682855843
2027,2,p28,FabTechSolar,400825,Fort Huachuca Solar PV Project,AZ,48370.29434133397
2027,2,p28,WeRecycleSolar,400845,Gila Bend Hybrid,AZ,10765.676312146015
2027,2,p28,WeRecycleSolar,400204,Hyder Solar Hybrid,AZ,19527.32901106747
2027,2,p28,FabTechSolar,405282,Intel - Ocotillo Campus Solar,AZ,15009.141149253597
2027,2,p28,WeRecycleSolar,405125,Jewish Community Center PV,AZ,38234.95460560811
2027,2,p28,WeRecycleSolar,402234,Kayenta Solar Project,AZ,29980.374879458308
2027,2,p28,WeRecycleSolar,400128,Luke Solar,AZ,9955.983058733958
2027,2,p28,WeRecycleSolar,405068,Macys Goodyear,AZ,17818.115042333364
2027,2,p28,WeRecycleSolar,406279,McFarland A Solar and Storage,AZ,9401.872381864681
2027,2,p28,FabTechSolar,405617,Mesa Carport PV,AZ,13212.233272310794
2027,2,p28,FabTechSolar,404512,Mesa Solar Array,AZ,14070.521401613518
2027,2,p28,WeRecycleSolar,400250,Mesquite Solar 1,AZ,7450.72620486033
2027,2,p28,WeRecycleSolar,401621,"Mesquite Solar 2, LLC",AZ,8435.851393476347
2027,2,p28,WeRecycleSolar,401622,"Mesquite Solar 3, LLC",AZ,8035.872703413338
2027,2,p28,WeRecycleSolar,404922,"Mesquite Solar 5, LLC",AZ,11262.937617358235
2027,2,p28,WeRecycleSolar,403572,OE_AZ1,AZ,14379.024120126915
2027,2,p28,WeRecycleSolar,400203,Paloma Solar Hybrid,AZ,11452.22978503001
2027,2,p28,WeRecycleSolar,405126,Paradise Valley H.S. PV,AZ,34036.719143961964
2027,2,p28,WeRecycleSolar,405150,Phoenix Airport East Economy Lot,AZ,19293.27897857714
2027,2,p28,WeRecycleSolar,405151,Phoenix Airport Rental Car Center,AZ,8319.40045080384
2027,2,p28,FabTechSolar,402528,Pinal Central Energy Center Hybrid,AZ,14928.422495683622
2027,2,p28,FabTechSolar,400125,"Poseidon Solar, LLC",AZ,11953.693819222508
2027,2,p28,WeRecycleSolar,400031,Prescott Airport,AZ,36087.98433563518
2027,2,p28,WeRecycleSolar,400401,Prescott Solar Plant,AZ,28233.270317899452
2027,2,p28,FabTechSolar,400323,Queen Creek Solar Farm,AZ,9697.743262178052
2027,2,p28,WeRecycleSolar,400289,"RE Bagdad Solar I, LLC",AZ,40674.20555137259
2027,2,p28,FabTechSolar,401726,Red Rock,AZ,14416.894005883372
2027,2,p28,WeRecycleSolar,400416,Saddle Mountain Solar I,AZ,17861.416362032884
2027,2,p28,FabTechSolar,403674,Saint Solar,AZ,7766.342189488439
2027,2,p28,FabTechSolar,401214,Sandstone Solar,AZ,8134.046027125494
2027,2,p28,WeRecycleSolar,405029,Solana Generating Station,AZ,7585.063311592925
2027,2,p28,WeRecycleSolar,406275,Sonoran Solar Energy,AZ,7364.291519552002
2027,2,p28,FabTechSolar,406034,Storey Solar and Storage,AZ,8490.63320846137
2027,2,p28,WeRecycleSolar,403643,Sun Streams 2,AZ,7694.143208349011
2027,2,p28,WeRecycleSolar,406517,Sun Streams 3,AZ,8205.672453662923
2027,2,p28,WeRecycleSolar,401975,"Sun Streams, LLC",AZ,7489.9454089777355
2027,2,p28,FabTechSolar,405134,Union HS at Casa Grande,AZ,22092.119310395443
2027,2,p28,FabTechSolar,405135,Vista Grande HS at Casa Grande,AZ,31398.36771229431
2027,2,p28,FabTechSolar,400334,Walmart Casa Grande,AZ,78199.02706824648
2027,2,p28,FabTechSolar,406098,"West Line Solar, LLC",AZ,7752.083612561535
2027,2,p29,FabTechSolar,400014,Springerville,AZ,57951.170765460025
2027,2,p30,FabTechSolar,405611,Amazon TUS2,AZ,44578.68871595383
2027,2,p30,FabTechSolar,400939,Avalon Solar,AZ,12346.155461157405
2027,2,p30,FabTechSolar,401479,Avalon Solar II,AZ,16450.586024823944
2027,2,p30,FabTechSolar,400226,Avra Valley Solar,AZ,11145.96552509294
2027,2,p30,FabTechSolar,404704,Broadway 2 - Tucson Phase II,AZ,33321.64291006112
2027,2,p30,FabTechSolar,401295,Davis Monthan AFB (AZ) West Airfield,AZ,29315.358839037523
2027,2,p30,FabTechSolar,400761,"Gato Montes Solar, LLC",AZ,66724.9682215096
2027,2,p30,FabTechSolar,404536,Iron Horse Battery Storage Hybrid,AZ,81736.79793437879
2027,2,p30,FabTechSolar,400552,"Picture Rocks Solar, LLC",AZ,8978.237568924305
2027,2,p30,FabTechSolar,405374,Pima Community College,AZ,72571.92713028136
2027,2,p30,FabTechSolar,405303,Pima Community College - East Campus,AZ,112605.73718217922
2027,2,p30,FabTechSolar,404926,Raptor Ridge,AZ,18603.12290741018
2027,2,p30,FabTechSolar,400857,Rio Rico Solar,AZ,23724.472850221777
2027,2,p30,FabTechSolar,401076,Tech Park Solar,AZ,36481.10838714698
2027,2,p30,FabTechSolar,400156,UASTP I,AZ,256595.9838065146
2027,2,p30,FabTechSolar,401075,Valencia Solar,AZ,23016.958534720525
2027,2,p30,FabTechSolar,404187,"Wilmot Energy Center, LLC",AZ,8375.578561070317
2027,2,p31,FabTechSolar,400206,Albuquerque Solar Energy Center,NM,1409116.182175409
2027,2,p31,SolarCycle,403675,Alcalde Solar Array,NM,659727.6270271273
2027,2,p31,FabTechSolar,405469,Arroyo Solar Energy Storage Hybrid,NM,11572.746342392707
2027,2,p31,FabTechSolar,403321,Bluewater CDEC 1,NM,936200.9462629863
2027,2,p31,SolarCycle,402876,CNMEC Solar Energy Center,NM,644971.8631354067
2027,2,p31,SolarCycle,402519,Carrizozo Solar,NM,230187.35520375046
2027,2,p31,FabTechSolar,401202,Cibola,NM,118439.69038141346
2027,2,p31,FabTechSolar,402988,City of Gallup Solar,NM,257633.54523417787
2027,2,p31,FabTechSolar,403604,City of Rio Rancho WWTP,NM,760447.5306511313
2027,2,p31,FabTechSolar,401225,City of Truth or Consequences PV,NM,402380.2141746232
2027,2,p31,FabTechSolar,403868,Encino Solar Energy Center,NM,23781.798440132392
2027,2,p31,FabTechSolar,401038,Eubank Landfill Solar Array,NM,709620.7597801796
2027,2,p31,FabTechSolar,402443,Facebook 3 Solar Energy Center,NM,140334.4786047361
2027,2,p31,FabTechSolar,403322,Grants CDEC 2,NM,508541.1245526849
2027,2,p31,FabTechSolar,400216,"Hatch Solar Energy Center I, LLC",NM,468361.553902196
2027,2,p31,FabTechSolar,406109,"Jicarilla Solar 1, LLC",NM,21393.100540389474
2027,2,p31,SolarCycle,400427,Kit Carson,NM,2641135.8459796556
2027,2,p31,SolarCycle,400210,Las Vegas Solar Energy Center,NM,275318.91578200244
2027,2,p31,SolarCycle,400434,Los Alamos PV Site,NM,1563365.8831198881
2027,2,p31,FabTechSolar,400207,Los Lunas Solar Energy Center,NM,196740.7322579534
2027,2,p31,FabTechSolar,400838,Macho Springs,NM,21259.275347699062
2027,2,p31,FabTechSolar,400582,Manzano Solar,NM,175477.21916586428
2027,2,p31,SolarCycle,401201,Meadow Lake Solar Energy Center,NM,57280.92440356467
2027,2,p31,FabTechSolar,406375,OE_ESCL,NM,12776.922829304827
2027,2,p31,SolarCycle,400581,Otero Solar,NM,266697.3228714997
2027,2,p31,SolarCycle,400146,Questa Solar Facility,NM,840014.6996512976
2027,2,p31,FabTechSolar,403178,"RC Energy AA, LLC Solar Facility",NM,713253.16261911
2027,2,p31,FabTechSolar,401566,Rio Communities Solar Energy Center,NM,139772.78164811464
2027,2,p31,FabTechSolar,403084,Rio De Oro Solar Energy Center,NM,140566.11713009176
2027,2,p31,FabTechSolar,400624,Rio Rancho High School,NM,1405571.0229478942
2027,2,p31,SolarCycle,400135,Roadrunner Solar,NM,61457.42940951912
2027,2,p31,FabTechSolar,404648,"Route 66 Energy Center, LLC",NM,30777.49991648327
2027,2,p31,SolarCycle,403387,San Miguel I Solar Energy Center,NM,140564.28839699592
2027,2,p31,SolarCycle,405458,San Miguel II Solar Energy Center,NM,96149.36381187146
2027,2,p31,FabTechSolar,401161,Sandoval Solar Energy Center,NM,156711.19459867067
2027,2,p31,SolarCycle,401564,Santa Fe Solar Energy Center,NM,159711.51527521625
2027,2,p31,FabTechSolar,401565,Santolina Solar Energy Center,NM,133397.8170187123
2027,2,p31,FabTechSolar,400596,Silver City WWTP PV Project,NM,910519.5038365312
2027,2,p31,FabTechSolar,401563,South Valley Solar Energy Center,NM,142411.9597707175
2027,2,p31,SolarCycle,401162,Springer Solar 1,NM,1642895.1362034576
2027,2,p31,SolarCycle,400735,Storrie Lake Solar Project,NM,1795112.5889529819
2027,2,p31,FabTechSolar,400623,Sue Cleveland High School,NM,2827436.357495658
2027,2,p31,SolarCycle,400343,"SunE EPE1, LLC",NM,108351.54765170398
2027,2,p31,SolarCycle,402854,Syncarpha Eagle Nest,NM,1589312.0245258757
2027,2,p31,SolarCycle,403413,Syncarpha Questa,NM,1062231.0494219966
2027,2,p31,SolarCycle,403411,Syncarpha Taos,NM,347676.9368733569
2027,2,p31,SolarCycle,404618,Taos Mesa Energy Facility Hybrid,NM,220441.4030277431
2027,2,p31,FabTechSolar,403011,Vista Solar Energy Center,NM,276189.92791452835
2027,2,p31,SolarCycle,400354,WSMR I,NM,160227.00123512888
2027,2,p31,FabTechSolar,405245,Wal-Mart Truth or Consequences PV,NM,764439.4776897706
2027,2,p47,SolarCycle,400979,"Caprock Solar 1, LLC",NM,31098.95857303329
2027,2,p47,SolarCycle,400614,GSE NM1,NM,692107.0138924114
2027,2,p47,SolarCycle,404982,Hayhurst New Mexico Solar,NM,21096.68045890791
2027,2,p47,SolarCycle,402530,Middle Daisy,NM,58247.748679844546
2027,2,p47,SolarCycle,400546,SEV NM Phase 2,NM,312246.46338264423
2027,2,p47,SolarCycle,400261,SPS2 Jal,NM,49312.55135707955
2027,2,p47,SolarCycle,400262,SPS3 Lea,NM,22625.69595273886
2027,2,p47,SolarCycle,400264,SPS5 Hopi,NM,52550.20599900607
2027,2,p47,SolarCycle,404698,SoCore Clovis 1,NM,368394.4817546584
2027,2,p48,SolarCycle,406439,"BESSP1, LLC",TX,147814.53215098532
2027,2,p57,OkonRecycling,404918,"Hecate Energy Upshur Rural, LLC",TX,35862.28003706511
2027,2,p59,SolarCycle,402666,Fort Bliss (DEA EPIC),TX,275967.4121555805
2027,2,p59,SolarCycle,401616,Montana Solar Facility,TX,93274.45467984979
2027,2,p59,SolarCycle,401045,Newman Solar,TX,59591.34182975875
2027,2,p60,SolarCycle,403962,"ANSON Solar Center, LLC",TX,8200.396700554147
2027,2,p60,OkonRecycling,403883,Azure Sky Solar,TX,7760.751270066043
2027,2,p60,SolarCycle,403232,"ENGIE Long Draw Solar, LLC",TX,8494.717992220962
2027,2,p60,SolarCycle,406252,Highpeak Solar 1,TX,21997.845589685057
2027,2,p60,SolarCycle,402721,Holstein 1 Solar Farm,TX,7811.1901176845495
2027,2,p60,SolarCycle,405492,Juno Solar Project,TX,7694.928808483013
2027,2,p60,SolarCycle,402541,Lamesa II,TX,8454.796634431934
2027,2,p60,SolarCycle,401660,Lamesa Solar,TX,8024.8034882769425
2027,2,p60,SolarCycle,405932,Lumina II Solar Project,TX,8580.647855951116
2027,2,p60,SolarCycle,405933,Lumina Solar Project,TX,7847.8962432282715
2027,2,p60,SolarCycle,402909,Misae Solar,TX,8924.737322122142
2027,2,p60,OkonRecycling,400968,"OCI Alamo 7, LLC",TX,9149.46500889913
2027,2,p60,SolarCycle,405939,Texas Solar Nova 1,TX,7862.875591862817
2027,2,p61,SolarCycle,400967,Alamo 6,TX,7452.227968776628
2027,2,p61,SolarCycle,403557,Aragorn Solar Project,TX,7976.900855570692
2027,2,p61,SolarCycle,400691,Barilla Solar,TX,10400.40077094748
2027,2,p61,SolarCycle,401946,Bluebell Solar,TX,8565.647942449523
2027,2,p61,SolarCycle,403574,Bluebell Solar II,TX,7649.452332271877
2027,2,p61,SolarCycle,401463,Buckthorn Westex,TX,7384.661456212084
2027,2,p61,SolarCycle,401703,East Pecos Solar,TX,7575.292977176616
2027,2,p61,SolarCycle,405363,Galloway 1 Solar Farm,TX,7663.151600398117
2027,2,p61,SolarCycle,405494,Galloway 2 Solar Farm,TX,10249.950372100036
2027,2,p61,SolarCycle,403210,Greasewood,TX,7375.597254628715
2027,2,p61,SolarCycle,406370,Hayhurst Texas Solar,TX,11794.14879257219
2027,2,p61,SolarCycle,402304,Midway Solar-TX,TX,7577.693827890869
2027,2,p61,SolarCycle,400695,"OCI Alamo 4, LLC",TX,9605.450919383358
2027,2,p61,SolarCycle,401868,Pearl Solar,TX,7730.070418046474
2027,2,p61,SolarCycle,402290,RE Maplewood,TX,7480.476335724996
2027,2,p61,SolarCycle,401430,RE Roserock,TX,7503.138458136365
2027,2,p61,SolarCycle,402848,Rambler,TX,7602.9179615443945
2027,2,p61,SolarCycle,402083,Solaire Holman Solar Project,TX,8957.392954026966
2027,2,p61,SolarCycle,403023,"Taygete Energy Project, LLC",TX,7354.494994474051
2027,2,p61,SolarCycle,404647,Taygete II Energy Project,TX,7448.08396999503
2027,2,p61,SolarCycle,403551,Titan Solar Project,TX,7744.396483907134
2027,2,p61,SolarCycle,406103,Zier Solar,TX,8669.66156850053
2027,2,p62,SolarCycle,403502,2W Permian Solar Project Hybrid,TX,7255.237572280453
2027,2,p62,SolarCycle,403697,CED Crane Solar,TX,7361.929137096682
2027,2,p62,SolarCycle,401525,Castle Gap Solar Hybrid,TX,7338.850655679842
2027,2,p62,SolarCycle,403004,Lapetus,TX,7471.799392000616
2027,2,p62,SolarCycle,403280,Oberon IA,TX,7291.05649703111
2027,2,p62,SolarCycle,403279,Oberon IB,TX,8029.675932665118
2027,2,p62,SolarCycle,403602,Oxy Renewable Energy-Goldsmith,TX,9750.204749920013
2027,2,p62,SolarCycle,402679,Phoebe Solar,TX,7276.2430861061175
2027,2,p62,SolarCycle,403177,Prospero Solar,TX,7290.5982230503605
2027,2,p62,SolarCycle,404128,Prospero Solar II,TX,7402.059057771974
2027,2,p62,SolarCycle,403070,"Roadrunner, LLC",TX,7292.839012267658
2027,2,p62,SolarCycle,401805,Upton County Solar,TX,7310.037797724199
2027,2,p62,SolarCycle,402995,West of the Pecos Solar,TX,7433.626514969136
2027,2,p63,OkonRecycling,405599,"BPL Crown Solar, LLC",TX,9728.450650730874
2027,2,p63,OkonRecycling,404966,BPL Files Solar,TX,7660.772198677966
2027,2,p63,OkonRecycling,403825,Briar Creek Solar 1,TX,8202.37286720431
2027,2,p63,OkonRecycling,402610,Chisum,TX,12758.15568936819
2027,2,p63,OkonRecycling,401697,CoServ Community Solar Station,TX,21784.051842368313
2027,2,p63,OkonRecycling,403188,Coniglio Solar,TX,7820.571767355727
2027,2,p63,OkonRecycling,406415,Dileo Solar,TX,12762.664562209246
2027,2,p63,OkonRecycling,402655,Eddy II,TX,59684.946819413584
2027,2,p63,OkonRecycling,406221,Eiffel Solar Project,TX,9155.981502699606
2027,2,p63,OkonRecycling,405540,"Ellis Solar, LLC",TX,7606.730478432354
2027,2,p63,OkonRecycling,403823,Elm Branch Solar 1,TX,7909.31944079506
2027,2,p63,OkonRecycling,406206,Five Wells Solar Center - Hybrid,TX,7643.119914530063
2027,2,p63,OkonRecycling,404567,G.S.E. One LLC,TX,8445.405664345093
2027,2,p63,OkonRecycling,403288,Griffin Solar,TX,30052.612959199123
2027,2,p63,OkonRecycling,406202,Grizzly Ridge Solar,TX,9910.862143447923
2027,2,p63,OkonRecycling,402329,Highway 56 Solar,TX,18056.523855752563
2027,2,p63,OkonRecycling,405319,IKEA Grand Prairie Rooftop PV System,TX,35683.94028879789
2027,2,p63,OkonRecycling,405689,"IP Radian, LLC",TX,8465.186896556323
2027,2,p63,OkonRecycling,403481,Impact Solar 1,TX,8009.74213288988
2027,2,p63,OkonRecycling,403190,Kellam Solar,TX,12758.746232184576
2027,2,p63,OkonRecycling,402421,Leon Solar,TX,9824.099943800938
2027,2,p63,OkonRecycling,403874,Lily Solar Hybrid,TX,7686.809940112483
2027,2,p63,OkonRecycling,402404,Marlin Solar,TX,103581.25944126672
2027,2,p63,OkonRecycling,405794,Noble Solar,TX,7427.070669680945
2027,2,p63,OkonRecycling,401933,Phantom Solar,TX,28101.74100486709
2027,2,p63,OkonRecycling,406416,Pitts Dudik Solar,TX,10275.018907616362
2027,2,p63,OkonRecycling,403189,Rippey Solar,TX,11972.074944735641
2027,2,p63,OkonRecycling,404630,"Samson Solar Energy III, LLC",TX,7859.6218938450875
2027,2,p63,OkonRecycling,402652,Sterling Solar (TX),TX,11708.32649493265
2027,2,p63,OkonRecycling,403457,"TPE Whitney Solar, LLC",TX,18006.05691734829
2027,2,p63,OkonRecycling,405361,Toyota HQ Plan,TX,8718.632252099027
2027,2,p63,OkonRecycling,405907,Verizon Hidden Ridge Solar Project,TX,9039.50382600611
2027,2,p63,OkonRecycling,405984,Waco Solar,TX,7515.322957690823
2027,2,p63,OkonRecycling,402306,Walnut Springs Solar,TX,80213.80871318064
2027,2,p63,OkonRecycling,402497,West Moore Solar II,TX,13692.190680271977
2027,2,p63,OkonRecycling,402330,Whitesboro Solar,TX,12951.502199402665
2027,2,p63,OkonRecycling,402331,Whitesboro Solar II,TX,13001.708928823884
2027,2,p63,OkonRecycling,402414,Whitewright Solar,TX,10659.474557409581
2027,2,p63,OkonRecycling,402654,Yellow Jacket,TX,44961.29515938463
2027,2,p64,OkonRecycling,405731,Austin TX GigaFactory,TX,136934.79258137805
2027,2,p64,OkonRecycling,404721,"Blue Jay Solar I, LLC",TX,8166.706091913515
2027,2,p64,OkonRecycling,402389,"E-Volve Energy Holdings, LLC",TX,186453.20580583013
2027,2,p64,OkonRecycling,400227,East Blackland Solar Project 1,TX,8249.529412217167
2027,2,p64,OkonRecycling,405101,IKEA Round Rock 027,TX,110913.20138459613
2027,2,p64,SolarCycle,402653,Lampwick,TX,71750.02364113189
2027,2,p64,OkonRecycling,405613,Niagara Bottling - Seguin,TX,70579.81474407509
2027,2,p64,OkonRecycling,400249,Webberville Solar Project,TX,23365.118827026057
2027,2,p65,OkonRecycling,405700,Aktina Solar,TX,16963.649478893185
2027,2,p65,OkonRecycling,405727,Bernard Creek Solar,TX,18920.9148151224
2027,2,p65,OkonRecycling,405477,Brightside,TX,181228.92342400792
2027,2,p65,OkonRecycling,402656,Cascade Solar (TX),TX,488522.2716643012
2027,2,p65,OkonRecycling,404359,FELPS 1-Calaveras,TX,7488179.327324371
2027,2,p65,OkonRecycling,404361,FELPS 2-Calaveras,TX,4994408.234816181
2027,2,p65,OkonRecycling,404739,FELPS 6- Floresville West,TX,7621818.506855655
2027,2,p65,OkonRecycling,404740,FELPS 7- Floresville West,TX,7619359.297706553
2027,2,p65,SolarCycle,405801,Horizon Solar,TX,27277.193736405414
2027,2,p65,OkonRecycling,405380,IKEA Live Oak Rooftop PV System,TX,4059380.857866276
2027,2,p65,SolarCycle,403343,Mars Solar,TX,1076642.1197349036
2027,2,p65,OkonRecycling,404877,Nebula Solar,TX,73298.81988731386
2027,2,p65,OkonRecycling,400965,"OCI Alamo 3, LLC",TX,2561768.3168406533
2027,2,p65,SolarCycle,400966,"OCI Alamo 5, LLC",TX,36364.319672798556
2027,2,p65,OkonRecycling,400593,OCI Alamo Solar I Hybrid,TX,191522.76900644647
2027,2,p65,SolarCycle,405809,Shakes Solar,TX,22998.86221580374
2027,2,p65,OkonRecycling,405545,Sparta Solar,TX,30143.210166344223
2027,2,p65,OkonRecycling,400379,"SunE CPS1, LLC",TX,1530464.5281998885
2027,2,p65,OkonRecycling,400364,"SunE CPS2, LLC",TX,516347.97880494525
2027,2,p65,OkonRecycling,400353,"SunE CPS3, LLC",TX,1466906.9214682907
2027,2,p65,OkonRecycling,406032,Tres Bahias,TX,23779.771026577957
2027,2,p67,OkonRecycling,404939,Brazoria County Solar Project (Danciger),TX,16243.189762128883
2027,2,p67,OkonRecycling,404681,Brazoria West,TX,11796.866627080728
2027,2,p67,OkonRecycling,404587,Fighting Jays Solar Project,TX,14944.51841540056
2027,2,p67,OkonRecycling,405564,"Fort Bend Solar, LLC",TX,9489.659259346234
2027,2,p67,OkonRecycling,403514,Wagyu,TX,22377.693178785797
2027,3,p12,ComstockMetals,402144,Battle Mountain Solar Project,NV,7896.066794420671
2027,3,p12,ComstockMetals,405025,Brady,NV,7873.260960220959
2027,3,p12,ComstockMetals,405553,Dodge Flat,NV,7231.724910055377
2027,3,p12,ComstockMetals,402609,"EGP Stillwater Solar PV II, LLC",NV,10692.418718235094
2027,3,p12,ComstockMetals,404659,Fish Springs,NV,7440.588433952659
2027,3,p12,ComstockMetals,401086,Ft. Churchill PV,NV,7564.8132993686
2027,3,p12,ComstockMetals,405028,Galena 2 Geothermal Power Plant,NV,9015.138099659565
2027,3,p12,ComstockMetals,400468,"Patua Acquisition Project, LLC",NV,8546.288808532703
2027,3,p12,ComstockMetals,405021,Steamboat Hills LP,NV,9932.952559631562
2027,3,p12,ComstockMetals,405023,Steamboat II,NV,8263.701597690482
2027,3,p12,ComstockMetals,405024,Steamboat III,NV,8165.349900394032
2027,3,p12,ComstockMetals,400029,Stillwater Facility,NV,8282.431415521978
2027,3,p12,ComstockMetals,401318,Sunshine Valley Solar,NV,11919.165573874245
2027,3,p12,ComstockMetals,405026,TS Power Plant,NV,10464.82809945663
2027,3,p12,ComstockMetals,405576,Tesla Reno GigaFactory,NV,7719.095126770019
2027,3,p12,ComstockMetals,401943,Tungsten Mountain,NV,18176.04400354909
2027,3,p12,ComstockMetals,403308,Turquoise Liberty Solar,NV,8438.424004660834
2027,3,p12,ComstockMetals,403884,"Turquoise Nevada, LLC",NV,7348.247514681602
2027,3,p12,ComstockMetals,400035,Western 102 Power Plant,NV,11523.805705544422
2027,3,p13,WeRecycleSolar,400555,Apex Solar PV Power Project,NV,74170.90877013993
2027,3,p13,WeRecycleSolar,405385,Arrow Canyon Solar Hybrid,NV,8178.358948498255
2027,3,p13,WeRecycleSolar,400059,CM10,NV,66634.84260176089
2027,3,p13,WeRecycleSolar,400086,CM48,NV,19571.064874367046
2027,3,p13,WeRecycleSolar,400363,Copper Mountain Solar 2,NV,14898.741548350117
2027,3,p13,WeRecycleSolar,403688,"Copper Mountain Solar 5, LLC",NV,11938.42024225319
2027,3,p13,WeRecycleSolar,405355,Dignity - Siena Campus,NV,308807.3490695923
2027,3,p13,WeRecycleSolar,405556,Dry Lake Solar Energy Center,NV,10177.409088542276
2027,3,p13,WeRecycleSolar,405495,Gemini Solar,NV,8165.818610083857
2027,3,p13,WeRecycleSolar,403386,"Harry Allen Solar Energy, LLC",NV,11679.498062637993
2027,3,p13,WeRecycleSolar,406090,IGS LAS1,NV,1271858.9965344348
2027,3,p13,WeRecycleSolar,406089,IGS VGT,NV,1328897.361913248
2027,3,p13,WeRecycleSolar,405309,IKEA Las Vegas 462,NV,665627.9012546961
2027,3,p13,WeRecycleSolar,400545,Las Vegas WPCF Solar Plant,NV,396300.51888934034
2027,3,p13,WeRecycleSolar,400036,Nellis Air Force Base Solar Array,NV,117199.50270299493
2027,3,p13,WeRecycleSolar,401274,River Mountains Solar,NV,35829.12527264075
2027,3,p13,WeRecycleSolar,401042,Searchlight Solar,NV,28249.38862739794
2027,3,p13,WeRecycleSolar,400166,Silver State Solar Power North,NV,13118.19880378808
2027,3,p13,WeRecycleSolar,400658,Silver State Solar Power South,NV,9657.936108803993
2027,3,p13,WeRecycleSolar,405246,"Solar Las Vegas MB 2, LLC",NV,180498.92572679915
2027,3,p13,WeRecycleSolar,405188,Solar Las Vegas MB-1,NV,272616.63518499286
2027,3,p13,WeRecycleSolar,402691,"Techren Solar III, LLC",NV,31163.1384360755
2027,3,p13,WeRecycleSolar,402692,"Techren Solar IV, LLC",NV,19233.597471892943
2027,3,p13,WeRecycleSolar,404971,Yellow Pine Solar,NV,11003.323846577481
2027,3,p27,WeRecycleSolar,400374,"Black Mountain Solar, LLC",AZ,15538.297170029227
2027,3,p27,WeRecycleSolar,402236,Gray Hawk Solar,AZ,12299.566826366277
2027,3,p27,WeRecycleSolar,401819,Jacobson 5 MW Solar,AZ,60826.910881681746
2027,3,p27,WeRecycleSolar,403718,Mohave Electric Cooperative at Joy Lane,AZ,31932.410750183895
2027,3,p27,WeRecycleSolar,401311,Mohave Electric at Fort Mohave,AZ,35243.25260718193
2027,3,p27,WeRecycleSolar,406478,Mohave Energy - Hybrid,AZ,21228.480255811675
2027,3,p28,WeRecycleSolar,405418,AZ State University - Tempe Campus Solar,AZ,24839.420302925813
2027,3,p28,WeRecycleSolar,400148,Agua Caliente Solar Project,AZ,8726.749072132527
2027,3,p28,FabTechSolar,402067,Apache Solar 1,AZ,14086.100493579994
2027,3,p28,WeRecycleSolar,400274,Arizona Western College PV,AZ,137998.03059814818
2027,3,p28,WeRecycleSolar,400240,Arlington Valley Solar Energy II,AZ,8942.864994280886
2027,3,p28,WeRecycleSolar,400437,Badger 1,AZ,21581.44379458594
2027,3,p28,FabTechSolar,401688,Bonnybrooke PV,AZ,10168.909951854332
2027,3,p28,WeRecycleSolar,400371,Buckeye Union HS District 201,AZ,29091.07945833817
2027,3,p28,FabTechSolar,405635,"Central Line Solar, LLC",AZ,7751.836086649471
2027,3,p28,WeRecycleSolar,400201,Chino Solar Valley,AZ,19061.641917351422
2027,3,p28,WeRecycleSolar,400202,Cotton Center Solar Hybrid,AZ,13695.592928555512
2027,3,p28,WeRecycleSolar,401069,Desert Star Hybrid,AZ,24972.468925490404
2027,3,p28,FabTechSolar,403257,East Line Solar,AZ,8839.744615229509
2027,3,p28,FabTechSolar,406171,Eleven Mile Solar Center,AZ,7720.20563560142
2027,3,p28,FabTechSolar,400825,Fort Huachuca Solar PV Project,AZ,27790.147170666984
2027,3,p28,WeRecycleSolar,400845,Gila Bend Hybrid,AZ,9580.45087476401
2027,3,p28,FabTechSolar,400599,"Gilbert Solar Facility I, LLC",AZ,17921.397450531716
2027,3,p28,WeRecycleSolar,400204,Hyder Solar Hybrid,AZ,15421.552674044977
2027,3,p28,FabTechSolar,405282,Intel - Ocotillo Campus Solar,AZ,11109.5705746268
2027,3,p28,WeRecycleSolar,405125,Jewish Community Center PV,AZ,38234.95460560811
2027,3,p28,WeRecycleSolar,402234,Kayenta Solar Project,AZ,29980.374879458308
2027,3,p28,WeRecycleSolar,400595,Lake Pleasant WTP,AZ,30111.181177714654
2027,3,p28,WeRecycleSolar,405068,Macys Goodyear,AZ,39034.345127000095
2027,3,p28,WeRecycleSolar,406279,McFarland A Solar and Storage,AZ,9401.872381864681
2027,3,p28,FabTechSolar,405617,Mesa Carport PV,AZ,11211.488848207195
2027,3,p28,FabTechSolar,404512,Mesa Solar Array,AZ,11783.680934409012
2027,3,p28,WeRecycleSolar,400250,Mesquite Solar 1,AZ,7450.72620486033
2027,3,p28,WeRecycleSolar,401622,"Mesquite Solar 3, LLC",AZ,8861.745406826672
2027,3,p28,WeRecycleSolar,406038,"Mesquite Solar 4, LLC",AZ,11897.020575628672
2027,3,p28,WeRecycleSolar,404922,"Mesquite Solar 5, LLC",AZ,11262.937617358235
2027,3,p28,WeRecycleSolar,403572,OE_AZ1,AZ,14379.024120126915
2027,3,p28,WeRecycleSolar,400203,Paloma Solar Hybrid,AZ,13573.344677545012
2027,3,p28,WeRecycleSolar,405126,Paradise Valley H.S. PV,AZ,60863.43828792393
2027,3,p28,WeRecycleSolar,405150,Phoenix Airport East Economy Lot,AZ,31376.55795715427
2027,3,p28,WeRecycleSolar,405151,Phoenix Airport Rental Car Center,AZ,8319.40045080384
2027,3,p28,FabTechSolar,400125,"Poseidon Solar, LLC",AZ,11953.693819222508
2027,3,p28,WeRecycleSolar,400031,Prescott Airport,AZ,79404.96083908793
2027,3,p28,FabTechSolar,400323,Queen Creek Solar Farm,AZ,9697.743262178052
2027,3,p28,WeRecycleSolar,405132,"RE Gillespie 1, LLC",AZ,21003.466974766026
2027,3,p28,FabTechSolar,401726,Red Rock,AZ,14416.894005883372
2027,3,p28,FabTechSolar,403674,Saint Solar,AZ,7627.256642116329
2027,3,p28,FabTechSolar,401214,Sandstone Solar,AZ,8596.069040688239
2027,3,p28,WeRecycleSolar,405029,Solana Generating Station,AZ,7585.063311592925
2027,3,p28,WeRecycleSolar,406275,Sonoran Solar Energy,AZ,7364.291519552002
2027,3,p28,FabTechSolar,406034,Storey Solar and Storage,AZ,8490.63320846137
2027,3,p28,WeRecycleSolar,403643,Sun Streams 2,AZ,7694.143208349011
2027,3,p28,WeRecycleSolar,406517,Sun Streams 3,AZ,8205.672453662923
2027,3,p28,WeRecycleSolar,401975,"Sun Streams, LLC",AZ,7559.931761222171
2027,3,p28,WeRecycleSolar,405311,T0588 Phoenix - AZ,AZ,40999.32906250449
2027,3,p28,FabTechSolar,405135,Vista Grande HS at Casa Grande,AZ,55586.73542458862
2027,3,p28,FabTechSolar,406098,"West Line Solar, LLC",AZ,7752.083612561535
2027,3,p30,FabTechSolar,405143,Actus Lend Lease DMAFB,AZ,99190.89893312556
2027,3,p30,FabTechSolar,405611,Amazon TUS2,AZ,63263.03307393075
2027,3,p30,FabTechSolar,400939,Avalon Solar,AZ,17482.31092231481
2027,3,p30,FabTechSolar,401479,Avalon Solar II,AZ,16450.586024823944
2027,3,p30,FabTechSolar,400226,Avra Valley Solar,AZ,15081.931050185885
2027,3,p30,FabTechSolar,404704,Broadway 2 - Tucson Phase II,AZ,85544.92873018335
2027,3,p30,FabTechSolar,405269,Canyon Del Oro High School Solar,AZ,60744.352956983275
2027,3,p30,FabTechSolar,401295,Davis Monthan AFB (AZ) West Airfield,AZ,29315.358839037523
2027,3,p30,FabTechSolar,400761,"Gato Montes Solar, LLC",AZ,66724.9682215096
2027,3,p30,FabTechSolar,404536,Iron Horse Battery Storage Hybrid,AZ,156263.59586875755
2027,3,p30,FabTechSolar,400552,"Picture Rocks Solar, LLC",AZ,8978.237568924305
2027,3,p30,FabTechSolar,405374,Pima Community College,AZ,94359.23617370847
2027,3,p30,FabTechSolar,405516,Pima Community College NW,AZ,67662.10829376103
2027,3,p30,FabTechSolar,400857,Rio Rico Solar,AZ,73267.89140088709
2027,3,p30,FabTechSolar,401076,Tech Park Solar,AZ,36481.10838714698
2027,3,p30,FabTechSolar,400156,UASTP I,AZ,90338.6612688382
2027,3,p30,FabTechSolar,401075,Valencia Solar,AZ,23016.958534720525
2027,3,p30,FabTechSolar,404187,"Wilmot Energy Center, LLC",AZ,8375.578561070317
2027,3,p31,SolarCycle,400211,Alamogordo Solar Energy Center,NM,402800.7902606412
2027,3,p31,FabTechSolar,400206,Albuquerque Solar Energy Center,NM,708163.0910877045
2027,3,p31,SolarCycle,403675,Alcalde Solar Array,NM,1312245.2540542544
2027,3,p31,FabTechSolar,405469,Arroyo Solar Energy Storage Hybrid,NM,11572.746342392707
2027,3,p31,FabTechSolar,403321,Bluewater CDEC 1,NM,471705.4731314932
2027,3,p31,SolarCycle,404981,Buena Vista Energy Center,NM,24050.740017675234
2027,3,p31,SolarCycle,402876,CNMEC Solar Energy Center,NM,644971.8631354067
2027,3,p31,FabTechSolar,402988,City of Gallup Solar,NM,257633.54523417787
2027,3,p31,FabTechSolar,403604,City of Rio Rancho WWTP,NM,1137066.295976697
2027,3,p31,FabTechSolar,401225,City of Truth or Consequences PV,NM,176568.66321769563
2027,3,p31,FabTechSolar,400209,Deming Solar Energy Center,NM,86276.84289305418
2027,3,p31,FabTechSolar,403868,Encino Solar Energy Center,NM,56925.395320397176
2027,3,p31,FabTechSolar,401038,Eubank Landfill Solar Array,NM,1412031.519560359
2027,3,p31,FabTechSolar,402443,Facebook 3 Solar Energy Center,NM,73772.23930236802
2027,3,p31,FabTechSolar,403322,Grants CDEC 2,NM,508541.1245526849
2027,3,p31,FabTechSolar,400216,"Hatch Solar Energy Center I, LLC",NM,237785.77695109803
2027,3,p31,SolarCycle,401617,Holloman Solar Facility,NM,403938.187081534
2027,3,p31,FabTechSolar,406109,"Jicarilla Solar 1, LLC",NM,63942.40216155792
2027,3,p31,SolarCycle,400427,Kit Carson,NM,446197.64099660935
2027,3,p31,SolarCycle,400210,Las Vegas Solar Energy Center,NM,141264.45789100122
2027,3,p31,SolarCycle,400434,Los Alamos PV Site,NM,3119521.7662397763
2027,3,p31,FabTechSolar,400838,Macho Springs,NM,15639.565208619437
2027,3,p31,FabTechSolar,400582,Manzano Solar,NM,119388.14611057626
2027,3,p31,SolarCycle,401201,Meadow Lake Solar Energy Center,NM,307635.54642138816
2027,3,p31,SolarCycle,405693,NMSU Solar and Storage,NM,751512.4667265358
2027,3,p31,FabTechSolar,406375,OE_ESCL,NM,12776.922829304827
2027,3,p31,SolarCycle,400581,Otero Solar,NM,136953.66143574985
2027,3,p31,SolarCycle,400146,Questa Solar Facility,NM,1672819.3993025955
2027,3,p31,FabTechSolar,403178,"RC Energy AA, LLC Solar Facility",NM,2831382.6504764403
2027,3,p31,FabTechSolar,401566,Rio Communities Solar Energy Center,NM,272335.56329622923
2027,3,p31,FabTechSolar,403084,Rio De Oro Solar Energy Center,NM,60552.44685203669
2027,3,p31,FabTechSolar,400624,Rio Rancho High School,NM,2803932.045895788
2027,3,p31,FabTechSolar,404648,"Route 66 Energy Center, LLC",NM,22921.66661098885
2027,3,p31,SolarCycle,403387,San Miguel I Solar Energy Center,NM,273918.5767939918
2027,3,p31,SolarCycle,405458,San Miguel II Solar Energy Center,NM,140619.04571780722
2027,3,p31,FabTechSolar,401161,Sandoval Solar Energy Center,NM,156711.19459867067
2027,3,p31,SolarCycle,401564,Santa Fe Solar Energy Center,NM,312213.03055043245
2027,3,p31,FabTechSolar,401565,Santolina Solar Energy Center,NM,133397.8170187123
2027,3,p31,FabTechSolar,400596,Silver City WWTP PV Project,NM,910519.5038365312
2027,3,p31,FabTechSolar,401563,South Valley Solar Energy Center,NM,142411.9597707175
2027,3,p31,SolarCycle,401162,Springer Solar 1,NM,825052.5681017289
2027,3,p31,SolarCycle,400735,Storrie Lake Solar Project,NM,1795112.5889529819
2027,3,p31,FabTechSolar,400623,Sue Cleveland High School,NM,947285.452498553
2027,3,p31,SolarCycle,400343,"SunE EPE1, LLC",NM,209493.095303408
2027,3,p31,SolarCycle,402854,Syncarpha Eagle Nest,NM,798261.0122629377
2027,3,p31,SolarCycle,403412,Syncarpha El Rito,NM,1035453.6182328138
2027,3,p31,SolarCycle,403413,Syncarpha Questa,NM,534720.5247109984
2027,3,p31,SolarCycle,404618,Taos Mesa Energy Facility Hybrid,NM,220441.4030277431
2027,3,p31,FabTechSolar,403011,Vista Solar Energy Center,NM,276189.92791452835
2027,3,p31,SolarCycle,400354,WSMR I,NM,466261.00370538654
2027,3,p31,FabTechSolar,405245,Wal-Mart Truth or Consequences PV,NM,575132.108267328
2027,3,p47,SolarCycle,400979,"Caprock Solar 1, LLC",NM,78876.87571909984
2027,3,p47,SolarCycle,400614,GSE NM1,NM,692107.0138924114
2027,3,p47,SolarCycle,404982,Hayhurst New Mexico Solar,NM,48870.04137672374
2027,3,p47,SolarCycle,400546,SEV NM Phase 2,NM,464764.69507396634
2027,3,p47,SolarCycle,400260,SPS1 Dollarhide,NM,46170.56160984691
2027,3,p47,SolarCycle,400261,SPS2 Jal,NM,21244.18378569318
2027,3,p47,SolarCycle,400262,SPS3 Lea,NM,22625.69595273886
2027,3,p47,SolarCycle,400264,SPS5 Hopi,NM,97890.41199801213
2027,3,p47,SolarCycle,404698,SoCore Clovis 1,NM,368394.4817546584
2027,3,p48,SolarCycle,406439,"BESSP1, LLC",TX,147814.53215098532
2027,3,p57,OkonRecycling,404918,"Hecate Energy Upshur Rural, LLC",TX,26311.520024710077
2027,3,p59,SolarCycle,402666,Fort Bliss (DEA EPIC),TX,96795.80405186016
2027,3,p59,SolarCycle,401616,Montana Solar Facility,TX,50242.2273399249
2027,3,p60,SolarCycle,403962,"ANSON Solar Center, LLC",TX,7952.797525415611
2027,3,p60,OkonRecycling,403883,Azure Sky Solar,TX,7898.439087582553
2027,3,p60,SolarCycle,403232,"ENGIE Long Draw Solar, LLC",TX,7852.358996110481
2027,3,p60,SolarCycle,406252,Highpeak Solar 1,TX,21997.845589685057
2027,3,p60,SolarCycle,402721,Holstein 1 Solar Farm,TX,7811.1901176845495
2027,3,p60,SolarCycle,405492,Juno Solar Project,TX,7533.28587232201
2027,3,p60,SolarCycle,402541,Lamesa II,TX,8454.796634431934
2027,3,p60,SolarCycle,401660,Lamesa Solar,TX,7821.102616207708
2027,3,p60,SolarCycle,405932,Lumina II Solar Project,TX,8580.647855951116
2027,3,p60,SolarCycle,405933,Lumina Solar Project,TX,7847.8962432282715
2027,3,p60,SolarCycle,402909,Misae Solar,TX,8924.737322122142
2027,3,p60,OkonRecycling,400968,"OCI Alamo 7, LLC",TX,9149.46500889913
2027,3,p60,SolarCycle,405939,Texas Solar Nova 1,TX,7862.875591862817
2027,3,p61,SolarCycle,403557,Aragorn Solar Project,TX,7976.900855570692
2027,3,p61,SolarCycle,400691,Barilla Solar,TX,10400.40077094748
2027,3,p61,SolarCycle,401946,Bluebell Solar,TX,8565.647942449523
2027,3,p61,SolarCycle,403574,Bluebell Solar II,TX,7649.452332271877
2027,3,p61,SolarCycle,400554,"Bryan Solar, LLC",TX,51027.08237993893
2027,3,p61,SolarCycle,401463,Buckthorn Westex,TX,7428.326820265108
2027,3,p61,SolarCycle,401703,East Pecos Solar,TX,7483.969732882462
2027,3,p61,SolarCycle,405363,Galloway 1 Solar Farm,TX,7436.575800199059
2027,3,p61,SolarCycle,405494,Galloway 2 Solar Farm,TX,10249.950372100036
2027,3,p61,SolarCycle,403210,Greasewood,TX,7375.597254628715
2027,3,p61,SolarCycle,402304,Midway Solar-TX,TX,7577.693827890869
2027,3,p61,SolarCycle,400695,"OCI Alamo 4, LLC",TX,9605.450919383358
2027,3,p61,SolarCycle,401868,Pearl Solar,TX,7860.088022558092
2027,3,p61,SolarCycle,402290,RE Maplewood,TX,7480.476335724996
2027,3,p61,SolarCycle,401430,RE Roserock,TX,7503.138458136365
2027,3,p61,SolarCycle,402848,Rambler,TX,7602.9179615443945
2027,3,p61,SolarCycle,402083,Solaire Holman Solar Project,TX,9831.08943104045
2027,3,p61,SolarCycle,403023,"Taygete Energy Project, LLC",TX,7402.6599926320705
2027,3,p61,SolarCycle,404647,Taygete II Energy Project,TX,7448.08396999503
2027,3,p61,SolarCycle,403551,Titan Solar Project,TX,7744.396483907134
2027,3,p61,SolarCycle,406103,Zier Solar,TX,10129.323137001065
2027,3,p62,SolarCycle,403502,2W Permian Solar Project Hybrid,TX,7255.237572280453
2027,3,p62,SolarCycle,403697,CED Crane Solar,TX,7412.572182795577
2027,3,p62,SolarCycle,401525,Castle Gap Solar Hybrid,TX,7338.850655679842
2027,3,p62,SolarCycle,404599,Emerald Grove,TX,7427.403028387349
2027,3,p62,SolarCycle,403004,Lapetus,TX,7471.799392000616
2027,3,p62,SolarCycle,403280,Oberon IA,TX,7291.05649703111
2027,3,p62,SolarCycle,403279,Oberon IB,TX,8029.675932665118
2027,3,p62,SolarCycle,403602,Oxy Renewable Energy-Goldsmith,TX,8480.102374960006
2027,3,p62,SolarCycle,402679,Phoebe Solar,TX,7298.324114808156
2027,3,p62,SolarCycle,403177,Prospero Solar,TX,7290.5982230503605
2027,3,p62,SolarCycle,404128,Prospero Solar II,TX,7402.059057771974
2027,3,p62,SolarCycle,403070,"Roadrunner, LLC",TX,7292.839012267658
2027,3,p62,SolarCycle,401805,Upton County Solar,TX,7310.037797724199
2027,3,p62,SolarCycle,402995,West of the Pecos Solar,TX,7377.719886226852
2027,3,p63,OkonRecycling,405599,"BPL Crown Solar, LLC",TX,8888.967100487249
2027,3,p63,OkonRecycling,404966,BPL Files Solar,TX,7660.772198677966
2027,3,p63,OkonRecycling,403825,Briar Creek Solar 1,TX,8202.37286720431
2027,3,p63,OkonRecycling,402610,Chisum,TX,12203.34012043137
2027,3,p63,OkonRecycling,401697,CoServ Community Solar Station,TX,18140.538881776232
2027,3,p63,OkonRecycling,403188,Coniglio Solar,TX,7820.571767355727
2027,3,p63,OkonRecycling,406415,Dileo Solar,TX,9986.332281104624
2027,3,p63,OkonRecycling,402655,Eddy II,TX,17704.989363882716
2027,3,p63,OkonRecycling,406221,Eiffel Solar Project,TX,8182.990751349804
2027,3,p63,OkonRecycling,405540,"Ellis Solar, LLC",TX,7606.730478432354
2027,3,p63,OkonRecycling,403823,Elm Branch Solar 1,TX,7909.31944079506
2027,3,p63,OkonRecycling,406206,Five Wells Solar Center - Hybrid,TX,7643.119914530063
2027,3,p63,OkonRecycling,404567,G.S.E. One LLC,TX,8136.55424825882
2027,3,p63,OkonRecycling,403288,Griffin Solar,TX,37666.81727893216
2027,3,p63,OkonRecycling,406202,Grizzly Ridge Solar,TX,9910.862143447923
2027,3,p63,OkonRecycling,405319,IKEA Grand Prairie Rooftop PV System,TX,12904.788057759577
2027,3,p63,OkonRecycling,405689,"IP Radian, LLC",TX,8046.791264370881
2027,3,p63,OkonRecycling,403481,Impact Solar 1,TX,8009.74213288988
2027,3,p63,OkonRecycling,403190,Kellam Solar,TX,12758.746232184576
2027,3,p63,OkonRecycling,402421,Leon Solar,TX,12438.199887601875
2027,3,p63,OkonRecycling,403874,Lily Solar Hybrid,TX,7686.809940112483
2027,3,p63,OkonRecycling,405794,Noble Solar,TX,7427.070669680945
2027,3,p63,OkonRecycling,401933,Phantom Solar,TX,15566.696401946836
2027,3,p63,OkonRecycling,404872,"Pisgah Ridge Solar, LLC",TX,8496.540501179888
2027,3,p63,OkonRecycling,406416,Pitts Dudik Solar,TX,13340.037815232723
2027,3,p63,OkonRecycling,403189,Rippey Solar,TX,11972.074944735641
2027,3,p63,OkonRecycling,404630,"Samson Solar Energy III, LLC",TX,7859.6218938450875
2027,3,p63,OkonRecycling,402652,Sterling Solar (TX),TX,18455.816237331623
2027,3,p63,OkonRecycling,404812,Sun Valley Solar Project,TX,8498.63277986153
2027,3,p63,OkonRecycling,403457,"TPE Whitney Solar, LLC",TX,18006.05691734829
2027,3,p63,OkonRecycling,405361,Toyota HQ Plan,TX,8567.769026889126
2027,3,p63,OkonRecycling,405907,Verizon Hidden Ridge Solar Project,TX,9039.50382600611
2027,3,p63,OkonRecycling,405984,Waco Solar,TX,7515.322957690823
2027,3,p63,OkonRecycling,402306,Walnut Springs Solar,TX,80213.80871318064
2027,3,p63,OkonRecycling,402497,West Moore Solar II,TX,14502.464515305974
2027,3,p63,OkonRecycling,402330,Whitesboro Solar,TX,12951.502199402665
2027,3,p63,OkonRecycling,402331,Whitesboro Solar II,TX,13001.708928823884
2027,3,p63,OkonRecycling,402414,Whitewright Solar,TX,11809.29940987944
2027,3,p63,OkonRecycling,402654,Yellow Jacket,TX,26085.64757969232
2027,3,p64,OkonRecycling,405731,Austin TX GigaFactory,TX,266659.58516275603
2027,3,p64,OkonRecycling,404721,"Blue Jay Solar I, LLC",TX,9123.41218382703
2027,3,p64,OkonRecycling,400227,East Blackland Solar Project 1,TX,8249.529412217167
2027,3,p64,OkonRecycling,405101,IKEA Round Rock 027,TX,162764.8020768942
2027,3,p64,SolarCycle,402653,Lampwick,TX,71750.02364113189
2027,3,p64,OkonRecycling,405613,Niagara Bottling - Seguin,TX,70579.81474407509
2027,3,p64,OkonRecycling,400249,Webberville Solar Project,TX,12595.039609008687
2027,3,p65,OkonRecycling,405700,Aktina Solar,TX,16963.649478893185
2027,3,p65,OkonRecycling,405727,Bernard Creek Solar,TX,26728.19135853734
2027,3,p65,OkonRecycling,405477,Brightside,TX,181228.92342400792
2027,3,p65,OkonRecycling,402656,Cascade Solar (TX),TX,729178.4074964517
2027,3,p65,OkonRecycling,404359,FELPS 1-Calaveras,TX,7488179.327324371
2027,3,p65,OkonRecycling,404361,FELPS 2-Calaveras,TX,14968804.70444854
2027,3,p65,OkonRecycling,404739,FELPS 6- Floresville West,TX,15236427.013711313
2027,3,p65,OkonRecycling,404740,FELPS 7- Floresville West,TX,5081976.198471036
2027,3,p65,SolarCycle,405801,Horizon Solar,TX,47344.387472810835
2027,3,p65,SolarCycle,403343,Mars Solar,TX,1076642.1197349036
2027,3,p65,OkonRecycling,404877,Nebula Solar,TX,106343.2298309708
2027,3,p65,OkonRecycling,400694,"OCI Alamo 2, LLC",TX,1612892.1463573712
2027,3,p65,SolarCycle,400966,"OCI Alamo 5, LLC",TX,55800.53278799759
2027,3,p65,OkonRecycling,400593,OCI Alamo Solar I Hybrid,TX,191522.76900644647
2027,3,p65,SolarCycle,405809,Shakes Solar,TX,86154.3110790187
2027,3,p65,OkonRecycling,405545,Sparta Solar,TX,30143.210166344223
2027,3,p65,OkonRecycling,400379,"SunE CPS1, LLC",TX,514961.5093999629
2027,3,p65,OkonRecycling,400353,"SunE CPS3, LLC",TX,372134.23036707257
2027,3,p65,OkonRecycling,406032,Tres Bahias,TX,34826.28504429659
2027,3,p67,OkonRecycling,404939,Brazoria County Solar Project (Danciger),TX,16243.189762128883
2027,3,p67,OkonRecycling,404681,Brazoria West,TX,8738.955542360243
2027,3,p67,OkonRecycling,404587,Fighting Jays Solar Project,TX,11077.25920770028
2027,3,p67,OkonRecycling,405564,"Fort Bend Solar, LLC",TX,10629.488889019349
2027,3,p67,OkonRecycling,403514,Wagyu,TX,22377.693178785797
2027,4,p12,ComstockMetals,402144,Battle Mountain Solar Project,NV,8124.755725894231
2027,4,p12,ComstockMetals,405025,Brady,NV,7873.260960220959
2027,4,p12,ComstockMetals,405553,Dodge Flat,NV,7231.724910055377
2027,4,p12,ComstockMetals,404659,Fish Springs,NV,7498.235542440825
2027,4,p12,ComstockMetals,401086,Ft. Churchill PV,NV,7514.125685173086
2027,4,p12,ComstockMetals,405028,Galena 2 Geothermal Power Plant,NV,9015.138099659565
2027,4,p12,ComstockMetals,400468,"Patua Acquisition Project, LLC",NV,8546.288808532703
2027,4,p12,ComstockMetals,405021,Steamboat Hills LP,NV,9932.952559631562
2027,4,p12,ComstockMetals,405023,Steamboat II,NV,8395.414297401794
2027,4,p12,ComstockMetals,405024,Steamboat III,NV,8165.349900394032
2027,4,p12,ComstockMetals,400029,Stillwater Facility,NV,8282.431415521978
2027,4,p12,ComstockMetals,401318,Sunshine Valley Solar,NV,11919.165573874245
2027,4,p12,ComstockMetals,405026,TS Power Plant,NV,10464.82809945663
2027,4,p12,ComstockMetals,405576,Tesla Reno GigaFactory,NV,7791.823002022878
2027,4,p12,ComstockMetals,401943,Tungsten Mountain,NV,29142.088007098188
2027,4,p12,ComstockMetals,403308,Turquoise Liberty Solar,NV,7947.054402796499
2027,4,p12,ComstockMetals,403884,"Turquoise Nevada, LLC",NV,7348.247514681602
2027,4,p12,ComstockMetals,400035,Western 102 Power Plant,NV,11523.805705544422
2027,4,p13,WeRecycleSolar,405385,Arrow Canyon Solar Hybrid,NV,8178.358948498255
2027,4,p13,WeRecycleSolar,401649,"Boulder Solar Power, LLC",NV,19178.61339387791
2027,4,p13,WeRecycleSolar,400059,CM10,NV,66634.84260176089
2027,4,p13,WeRecycleSolar,400086,CM48,NV,19571.064874367046
2027,4,p13,WeRecycleSolar,400363,Copper Mountain Solar 2,NV,14898.741548350117
2027,4,p13,WeRecycleSolar,400802,Copper Mountain Solar 3,NV,11940.578775619999
2027,4,p13,WeRecycleSolar,403688,"Copper Mountain Solar 5, LLC",NV,11938.42024225319
2027,4,p13,WeRecycleSolar,405358,Dignity - San Martin,NV,200162.72259678665
2027,4,p13,WeRecycleSolar,405355,Dignity - Siena Campus,NV,912002.0472087769
2027,4,p13,WeRecycleSolar,405556,Dry Lake Solar Energy Center,NV,10177.409088542276
2027,4,p13,WeRecycleSolar,405495,Gemini Solar,NV,7687.90930504193
2027,4,p13,WeRecycleSolar,403386,"Harry Allen Solar Energy, LLC",NV,13914.247093956994
2027,4,p13,WeRecycleSolar,406090,IGS LAS1,NV,260139.79930688703
2027,4,p13,WeRecycleSolar,406089,IGS VGT,NV,1328897.361913248
2027,4,p13,WeRecycleSolar,405309,IKEA Las Vegas 462,NV,446155.2675031307
2027,4,p13,WeRecycleSolar,400545,Las Vegas WPCF Solar Plant,NV,136906.83962978015
2027,4,p13,WeRecycleSolar,400600,Mountain View Solar,NV,73978.76636257493
2027,4,p13,WeRecycleSolar,400036,Nellis Air Force Base Solar Array,NV,62204.75135149746
2027,4,p13,WeRecycleSolar,401274,River Mountains Solar,NV,50138.6879089611
2027,4,p13,WeRecycleSolar,401042,Searchlight Solar,NV,17729.694313698972
2027,4,p13,WeRecycleSolar,400166,Silver State Solar Power North,NV,11936.559043030462
2027,4,p13,WeRecycleSolar,400658,Silver State Solar Power South,NV,9657.936108803993
2027,4,p13,WeRecycleSolar,405246,"Solar Las Vegas MB 2, LLC",NV,296024.8762113319
2027,4,p13,WeRecycleSolar,405188,Solar Las Vegas MB-1,NV,139913.31759249643
2027,4,p13,WeRecycleSolar,402691,"Techren Solar III, LLC",NV,19186.569218037752
2027,4,p13,WeRecycleSolar,402692,"Techren Solar IV, LLC",NV,23241.46329585725
2027,4,p13,WeRecycleSolar,404971,Yellow Pine Solar,NV,11003.323846577481
2027,4,p27,WeRecycleSolar,400374,"Black Mountain Solar, LLC",AZ,19702.44575504384
2027,4,p27,WeRecycleSolar,402236,Gray Hawk Solar,AZ,12299.566826366277
2027,4,p27,WeRecycleSolar,401819,Jacobson 5 MW Solar,AZ,60826.910881681746
2027,4,p27,WeRecycleSolar,401311,Mohave Electric at Fort Mohave,AZ,25898.83507145462
2027,4,p27,WeRecycleSolar,406478,Mohave Energy - Hybrid,AZ,21228.480255811675
2027,4,p28,WeRecycleSolar,405418,AZ State University - Tempe Campus Solar,AZ,13086.473434308604
2027,4,p28,WeRecycleSolar,400148,Agua Caliente Solar Project,AZ,8726.749072132527
2027,4,p28,FabTechSolar,402067,Apache Solar 1,AZ,24400.251233949984
2027,4,p28,WeRecycleSolar,400274,Arizona Western College PV,AZ,72604.01529907409
2027,4,p28,WeRecycleSolar,400240,Arlington Valley Solar Energy II,AZ,8942.864994280886
2027,4,p28,FabTechSolar,401688,Bonnybrooke PV,AZ,8689.454975927167
2027,4,p28,WeRecycleSolar,400371,Buckeye Union HS District 201,AZ,21797.38630555878
2027,4,p28,FabTechSolar,405635,"Central Line Solar, LLC",AZ,7751.836086649471
2027,4,p28,WeRecycleSolar,401069,Desert Star Hybrid,AZ,24972.468925490404
2027,4,p28,FabTechSolar,403257,East Line Solar,AZ,8839.744615229509
2027,4,p28,FabTechSolar,406171,Eleven Mile Solar Center,AZ,7720.20563560142
2027,4,p28,WeRecycleSolar,400349,Foothills Solar Plant Hybrid,AZ,26840.15365711685
2027,4,p28,FabTechSolar,400825,Fort Huachuca Solar PV Project,AZ,48370.29434133397
2027,4,p28,FabTechSolar,400599,"Gilbert Solar Facility I, LLC",AZ,17921.397450531716
2027,4,p28,WeRecycleSolar,400204,Hyder Solar Hybrid,AZ,31844.658022134932
2027,4,p28,FabTechSolar,405282,Intel - Ocotillo Campus Solar,AZ,11109.5705746268
2027,4,p28,WeRecycleSolar,405125,Jewish Community Center PV,AZ,38234.95460560811
2027,4,p28,WeRecycleSolar,402234,Kayenta Solar Project,AZ,29980.374879458308
2027,4,p28,WeRecycleSolar,400128,Luke Solar,AZ,11328.974588100933
2027,4,p28,WeRecycleSolar,405068,Macys Goodyear,AZ,23122.172563500048
2027,4,p28,WeRecycleSolar,406279,McFarland A Solar and Storage,AZ,9401.872381864681
2027,4,p28,FabTechSolar,405617,Mesa Carport PV,AZ,13212.233272310794
2027,4,p28,FabTechSolar,404512,Mesa Solar Array,AZ,20931.04280322704
2027,4,p28,WeRecycleSolar,400250,Mesquite Solar 1,AZ,7450.72620486033
2027,4,p28,WeRecycleSolar,401622,"Mesquite Solar 3, LLC",AZ,8035.872703413338
2027,4,p28,WeRecycleSolar,406038,"Mesquite Solar 4, LLC",AZ,11897.020575628672
2027,4,p28,WeRecycleSolar,404922,"Mesquite Solar 5, LLC",AZ,11262.937617358235
2027,4,p28,WeRecycleSolar,403572,OE_AZ1,AZ,14379.024120126915
2027,4,p28,WeRecycleSolar,400203,Paloma Solar Hybrid,AZ,10391.672338772505
2027,4,p28,WeRecycleSolar,405126,Paradise Valley H.S. PV,AZ,25094.47942930797
2027,4,p28,WeRecycleSolar,405150,Phoenix Airport East Economy Lot,AZ,31376.55795715427
2027,4,p28,WeRecycleSolar,405151,Phoenix Airport Rental Car Center,AZ,8541.28054096461
2027,4,p28,FabTechSolar,400125,"Poseidon Solar, LLC",AZ,11953.693819222508
2027,4,p28,WeRecycleSolar,400031,Prescott Airport,AZ,79404.96083908793
2027,4,p28,WeRecycleSolar,400401,Prescott Solar Plant,AZ,49256.54063579891
2027,4,p28,WeRecycleSolar,400289,"RE Bagdad Solar I, LLC",AZ,18364.735183790865
2027,4,p28,WeRecycleSolar,400416,Saddle Mountain Solar I,AZ,28512.83272406577
2027,4,p28,FabTechSolar,403674,Saint Solar,AZ,7766.342189488439
2027,4,p28,FabTechSolar,401214,Sandstone Solar,AZ,8596.069040688239
2027,4,p28,WeRecycleSolar,405029,Solana Generating Station,AZ,8335.189934778778
2027,4,p28,WeRecycleSolar,406275,Sonoran Solar Energy,AZ,7364.291519552002
2027,4,p28,FabTechSolar,406034,Storey Solar and Storage,AZ,7850.316604230686
2027,4,p28,WeRecycleSolar,403643,Sun Streams 2,AZ,8662.429625047032
2027,4,p28,WeRecycleSolar,406517,Sun Streams 3,AZ,8205.672453662923
2027,4,p28,WeRecycleSolar,401975,"Sun Streams, LLC",AZ,7559.931761222171
2027,4,p28,WeRecycleSolar,405311,T0588 Phoenix - AZ,AZ,24104.664531252245
2027,4,p28,FabTechSolar,405135,Vista Grande HS at Casa Grande,AZ,55586.73542458862
2027,4,p28,FabTechSolar,400334,Walmart Casa Grande,AZ,42704.51353412325
2027,4,p28,FabTechSolar,406098,"West Line Solar, LLC",AZ,7752.083612561535
2027,4,p29,FabTechSolar,400014,Springerville,AZ,32580.585382730012
2027,4,p30,FabTechSolar,405143,Actus Lend Lease DMAFB,AZ,99190.89893312556
2027,4,p30,FabTechSolar,405611,Amazon TUS2,AZ,119316.06614786152
2027,4,p30,FabTechSolar,400939,Avalon Solar,AZ,12346.155461157405
2027,4,p30,FabTechSolar,401479,Avalon Solar II,AZ,25691.172049647892
2027,4,p30,FabTechSolar,400226,Avra Valley Solar,AZ,9177.98276254647
2027,4,p30,FabTechSolar,404704,Broadway 2 - Tucson Phase II,AZ,33321.64291006112
2027,4,p30,FabTechSolar,405269,Canyon Del Oro High School Solar,AZ,60744.352956983275
2027,4,p30,FabTechSolar,401295,Davis Monthan AFB (AZ) West Airfield,AZ,14578.452946345842
2027,4,p30,FabTechSolar,400761,"Gato Montes Solar, LLC",AZ,66724.9682215096
2027,4,p30,FabTechSolar,404536,Iron Horse Battery Storage Hybrid,AZ,156263.59586875755
2027,4,p30,FabTechSolar,400552,"Picture Rocks Solar, LLC",AZ,8725.632201935121
2027,4,p30,FabTechSolar,405374,Pima Community College,AZ,137933.8542605627
2027,4,p30,FabTechSolar,405303,Pima Community College - East Campus,AZ,112605.73718217922
2027,4,p30,FabTechSolar,405516,Pima Community College NW,AZ,52549.08122032078
2027,4,p30,FabTechSolar,404926,Raptor Ridge,AZ,29996.24581482036
2027,4,p30,FabTechSolar,400857,Rio Rico Solar,AZ,73267.89140088709
2027,4,p30,FabTechSolar,401076,Tech Park Solar,AZ,26724.072258097985
2027,4,p30,FabTechSolar,400156,UASTP I,AZ,131902.9919032573
2027,4,p30,FabTechSolar,401075,Valencia Solar,AZ,15113.479267360266
2027,4,p30,FabTechSolar,404187,"Wilmot Energy Center, LLC",AZ,8375.578561070317
2027,4,p31,SolarCycle,400211,Alamogordo Solar Energy Center,NM,205005.39513032054
2027,4,p31,FabTechSolar,400206,Albuquerque Solar Energy Center,NM,1409116.182175409
2027,4,p31,SolarCycle,403675,Alcalde Solar Array,NM,333468.8135135636
2027,4,p31,FabTechSolar,401595,Alta Luna,NM,85839.75470802918
2027,4,p31,FabTechSolar,405469,Arroyo Solar Energy Storage Hybrid,NM,11572.746342392707
2027,4,p31,FabTechSolar,403321,Bluewater CDEC 1,NM,936200.9462629863
2027,4,p31,SolarCycle,402519,Carrizozo Solar,NM,676142.0656112515
2027,4,p31,FabTechSolar,402988,City of Gallup Solar,NM,132421.77261708898
2027,4,p31,FabTechSolar,403604,City of Rio Rancho WWTP,NM,760447.5306511313
2027,4,p31,FabTechSolar,401225,City of Truth or Consequences PV,NM,599965.3212619348
2027,4,p31,FabTechSolar,400209,Deming Solar Energy Center,NM,125810.26433958126
2027,4,p31,FabTechSolar,403868,Encino Solar Energy Center,NM,56925.395320397176
2027,4,p31,FabTechSolar,401038,Eubank Landfill Solar Array,NM,358415.3798900897
2027,4,p31,FabTechSolar,402443,Facebook 3 Solar Energy Center,NM,273458.9572094721
2027,4,p31,FabTechSolar,403322,Grants CDEC 2,NM,174320.37485089496
2027,4,p31,FabTechSolar,400216,"Hatch Solar Energy Center I, LLC",NM,468361.553902196
2027,4,p31,SolarCycle,401617,Holloman Solar Facility,NM,205574.09354076703
2027,4,p31,SolarCycle,400427,Kit Carson,NM,2641135.8459796556
2027,4,p31,SolarCycle,400210,Las Vegas Solar Energy Center,NM,275318.91578200244
2027,4,p31,SolarCycle,400434,Los Alamos PV Site,NM,1563365.8831198881
2027,4,p31,FabTechSolar,400207,Los Lunas Solar Energy Center,NM,133563.82150530224
2027,4,p31,FabTechSolar,400838,Macho Springs,NM,21259.275347699062
2027,4,p31,FabTechSolar,400582,Manzano Solar,NM,343744.4383317286
2027,4,p31,SolarCycle,401201,Meadow Lake Solar Energy Center,NM,82316.38660534703
2027,4,p31,SolarCycle,405693,NMSU Solar and Storage,NM,193285.6166816339
2027,4,p31,FabTechSolar,406375,OE_ESCL,NM,18343.84565860965
2027,4,p31,SolarCycle,400581,Otero Solar,NM,93705.7742904999
2027,4,p31,SolarCycle,400146,Questa Solar Facility,NM,673453.7597210383
2027,4,p31,FabTechSolar,403178,"RC Energy AA, LLC Solar Facility",NM,713253.16261911
2027,4,p31,FabTechSolar,401566,Rio Communities Solar Energy Center,NM,73491.39082405731
2027,4,p31,FabTechSolar,403084,Rio De Oro Solar Energy Center,NM,96114.07808672784
2027,4,p31,FabTechSolar,400624,Rio Rancho High School,NM,1405571.0229478942
2027,4,p31,FabTechSolar,404648,"Route 66 Energy Center, LLC",NM,54344.99983296654
2027,4,p31,SolarCycle,405458,San Miguel II Solar Energy Center,NM,274028.0914356144
2027,4,p31,FabTechSolar,401161,Sandoval Solar Energy Center,NM,231461.79189800596
2027,4,p31,SolarCycle,401564,Santa Fe Solar Energy Center,NM,83460.75763760814
2027,4,p31,FabTechSolar,401565,Santolina Solar Energy Center,NM,259585.63403742455
2027,4,p31,FabTechSolar,400596,Silver City WWTP PV Project,NM,910519.5038365312
2027,4,p31,FabTechSolar,401563,South Valley Solar Energy Center,NM,142411.9597707175
2027,4,p31,SolarCycle,401162,Springer Solar 1,NM,3278580.2724069147
2027,4,p31,SolarCycle,400735,Storrie Lake Solar Project,NM,1795112.5889529819
2027,4,p31,FabTechSolar,400623,Sue Cleveland High School,NM,1417323.178747829
2027,4,p31,SolarCycle,400343,"SunE EPE1, LLC",NM,47666.619060681594
2027,4,p31,SolarCycle,402854,Syncarpha Eagle Nest,NM,1589312.0245258757
2027,4,p31,SolarCycle,403412,Syncarpha El Rito,NM,521331.80911640706
2027,4,p31,SolarCycle,403413,Syncarpha Questa,NM,1062231.0494219966
2027,4,p31,SolarCycle,403411,Syncarpha Taos,NM,262560.20265501767
2027,4,p31,SolarCycle,404618,Taos Mesa Energy Facility Hybrid,NM,113825.70151387154
2027,4,p31,FabTechSolar,403011,Vista Solar Energy Center,NM,276189.92791452835
2027,4,p31,SolarCycle,400354,WSMR I,NM,236735.5018526933
2027,4,p31,FabTechSolar,405245,Wal-Mart Truth or Consequences PV,NM,461547.68661386234
2027,4,p47,SolarCycle,400979,"Caprock Solar 1, LLC",NM,31098.95857303329
2027,4,p47,SolarCycle,401681,"Chaves Solar, LLC",NM,25494.283036452947
2027,4,p47,SolarCycle,400614,GSE NM1,NM,692107.0138924114
2027,4,p47,SolarCycle,402530,Middle Daisy,NM,83766.6230197668
2027,4,p47,SolarCycle,401682,"Roswell Solar, LLC",NM,25654.691393387504
2027,4,p47,SolarCycle,400546,SEV NM Phase 2,NM,464764.69507396634
2027,4,p47,SolarCycle,400260,SPS1 Dollarhide,NM,26690.280804923455
2027,4,p47,SolarCycle,400261,SPS2 Jal,NM,49312.55135707955
2027,4,p47,SolarCycle,400262,SPS3 Lea,NM,22625.69595273886
2027,4,p47,SolarCycle,400264,SPS5 Hopi,NM,52550.20599900607
2027,4,p47,SolarCycle,404698,SoCore Clovis 1,NM,368394.4817546584
2027,4,p48,SolarCycle,406439,"BESSP1, LLC",TX,147814.53215098532
2027,4,p57,OkonRecycling,404918,"Hecate Energy Upshur Rural, LLC",TX,26311.520024710077
2027,4,p59,SolarCycle,402666,Fort Bliss (DEA EPIC),TX,275967.4121555805
2027,4,p59,SolarCycle,401616,Montana Solar Facility,TX,93274.45467984979
2027,4,p60,SolarCycle,403962,"ANSON Solar Center, LLC",TX,8695.595050831223
2027,4,p60,OkonRecycling,403883,Azure Sky Solar,TX,7898.439087582553
2027,4,p60,SolarCycle,403232,"ENGIE Long Draw Solar, LLC",TX,7638.239330740322
2027,4,p60,SolarCycle,406252,Highpeak Solar 1,TX,21997.845589685057
2027,4,p60,SolarCycle,402721,Holstein 1 Solar Farm,TX,7811.1901176845495
2027,4,p60,SolarCycle,405492,Juno Solar Project,TX,7533.28587232201
2027,4,p60,SolarCycle,402541,Lamesa II,TX,8454.796634431934
2027,4,p60,SolarCycle,401660,Lamesa Solar,TX,8024.8034882769425
2027,4,p60,SolarCycle,405932,Lumina II Solar Project,TX,8580.647855951116
2027,4,p60,SolarCycle,405933,Lumina Solar Project,TX,7847.8962432282715
2027,4,p60,SolarCycle,402909,Misae Solar,TX,8924.737322122142
2027,4,p60,OkonRecycling,400968,"OCI Alamo 7, LLC",TX,10119.197513348696
2027,4,p60,SolarCycle,405939,Texas Solar Nova 1,TX,7862.875591862817
2027,4,p61,SolarCycle,400967,Alamo 6,TX,7815.569921941572
2027,4,p61,SolarCycle,403557,Aragorn Solar Project,TX,7976.900855570692
2027,4,p61,SolarCycle,400691,Barilla Solar,TX,10400.40077094748
2027,4,p61,SolarCycle,401946,Bluebell Solar,TX,8565.647942449523
2027,4,p61,SolarCycle,403574,Bluebell Solar II,TX,7649.452332271877
2027,4,p61,SolarCycle,400554,"Bryan Solar, LLC",TX,51027.08237993893
2027,4,p61,SolarCycle,401463,Buckthorn Westex,TX,7501.102427020143
2027,4,p61,SolarCycle,401703,East Pecos Solar,TX,7575.292977176616
2027,4,p61,SolarCycle,405363,Galloway 1 Solar Farm,TX,7436.575800199059
2027,4,p61,SolarCycle,405494,Galloway 2 Solar Farm,TX,8729.97518605002
2027,4,p61,SolarCycle,403210,Greasewood,TX,7375.597254628715
2027,4,p61,SolarCycle,406370,Hayhurst Texas Solar,TX,10266.099195048128
2027,4,p61,SolarCycle,402304,Midway Solar-TX,TX,7945.387655781739
2027,4,p61,SolarCycle,400695,"OCI Alamo 4, LLC",TX,10204.313649229196
2027,4,p61,SolarCycle,401868,Pearl Solar,TX,7860.088022558092
2027,4,p61,SolarCycle,402290,RE Maplewood,TX,7390.317557149997
2027,4,p61,SolarCycle,401430,RE Roserock,TX,7503.138458136365
2027,4,p61,SolarCycle,402848,Rambler,TX,7602.9179615443945
2027,4,p61,SolarCycle,402083,Solaire Holman Solar Project,TX,12452.178862080902
2027,4,p61,SolarCycle,403023,"Taygete Energy Project, LLC",TX,7402.6599926320705
2027,4,p61,SolarCycle,404647,Taygete II Energy Project,TX,7388.562977496273
2027,4,p61,SolarCycle,403551,Titan Solar Project,TX,7744.396483907134
2027,4,p61,SolarCycle,406103,Zier Solar,TX,8669.66156850053
2027,4,p62,SolarCycle,403502,2W Permian Solar Project Hybrid,TX,7255.237572280453
2027,4,p62,SolarCycle,403697,CED Crane Solar,TX,7361.929137096682
2027,4,p62,SolarCycle,401525,Castle Gap Solar Hybrid,TX,7338.850655679842
2027,4,p62,SolarCycle,404599,Emerald Grove,TX,7572.33838064558
2027,4,p62,SolarCycle,403004,Lapetus,TX,7471.799392000616
2027,4,p62,SolarCycle,403280,Oberon IA,TX,7291.05649703111
2027,4,p62,SolarCycle,403279,Oberon IB,TX,8029.675932665118
2027,4,p62,SolarCycle,403602,Oxy Renewable Energy-Goldsmith,TX,9750.204749920013
2027,4,p62,SolarCycle,402679,Phoebe Solar,TX,7276.2430861061175
2027,4,p62,SolarCycle,403177,Prospero Solar,TX,7290.5982230503605
2027,4,p62,SolarCycle,404128,Prospero Solar II,TX,7402.059057771974
2027,4,p62,SolarCycle,403070,"Roadrunner, LLC",TX,7292.839012267658
2027,4,p62,SolarCycle,401805,Upton County Solar,TX,7310.037797724199
2027,4,p62,SolarCycle,402995,West of the Pecos Solar,TX,7433.626514969136
2027,4,p63,OkonRecycling,405599,"BPL Crown Solar, LLC",TX,9728.450650730874
2027,4,p63,OkonRecycling,404966,BPL Files Solar,TX,7660.772198677966
2027,4,p63,OkonRecycling,403825,Briar Creek Solar 1,TX,8202.37286720431
2027,4,p63,OkonRecycling,402610,Chisum,TX,57143.40120431371
2027,4,p63,OkonRecycling,401697,CoServ Community Solar Station,TX,21784.051842368313
2027,4,p63,OkonRecycling,403188,Coniglio Solar,TX,7820.571767355727
2027,4,p63,OkonRecycling,406415,Dileo Solar,TX,9986.332281104624
2027,4,p63,OkonRecycling,402655,Eddy II,TX,13769.368352426696
2027,4,p63,OkonRecycling,406221,Eiffel Solar Project,TX,7858.660500899868
2027,4,p63,OkonRecycling,405540,"Ellis Solar, LLC",TX,7606.730478432354
2027,4,p63,OkonRecycling,403823,Elm Branch Solar 1,TX,7676.212960530039
2027,4,p63,OkonRecycling,406206,Five Wells Solar Center - Hybrid,TX,7643.119914530063
2027,4,p63,OkonRecycling,404567,G.S.E. One LLC,TX,8445.405664345093
2027,4,p63,OkonRecycling,403288,Griffin Solar,TX,30052.612959199123
2027,4,p63,OkonRecycling,406202,Grizzly Ridge Solar,TX,9910.862143447923
2027,4,p63,OkonRecycling,405319,IKEA Grand Prairie Rooftop PV System,TX,18599.576115519154
2027,4,p63,OkonRecycling,405689,"IP Radian, LLC",TX,9720.373793112645
2027,4,p63,OkonRecycling,403481,Impact Solar 1,TX,8009.74213288988
2027,4,p63,OkonRecycling,403190,Kellam Solar,TX,12758.746232184576
2027,4,p63,OkonRecycling,402421,Leon Solar,TX,11392.559910081502
2027,4,p63,OkonRecycling,403874,Lily Solar Hybrid,TX,7686.809940112483
2027,4,p63,OkonRecycling,402404,Marlin Solar,TX,39333.75314708891
2027,4,p63,OkonRecycling,405794,Noble Solar,TX,7427.070669680945
2027,4,p63,OkonRecycling,401933,Phantom Solar,TX,17655.870502433543
2027,4,p63,OkonRecycling,404872,"Pisgah Ridge Solar, LLC",TX,7467.308100235978
2027,4,p63,OkonRecycling,406416,Pitts Dudik Solar,TX,10275.018907616362
2027,4,p63,OkonRecycling,403189,Rippey Solar,TX,11972.074944735641
2027,4,p63,OkonRecycling,404630,"Samson Solar Energy III, LLC",TX,7859.6218938450875
2027,4,p63,OkonRecycling,402652,Sterling Solar (TX),TX,29701.63247466324
2027,4,p63,OkonRecycling,404812,Sun Valley Solar Project,TX,8498.63277986153
2027,4,p63,OkonRecycling,403457,"TPE Whitney Solar, LLC",TX,39598.170752044876
2027,4,p63,OkonRecycling,405361,Toyota HQ Plan,TX,8567.769026889126
2027,4,p63,OkonRecycling,405907,Verizon Hidden Ridge Solar Project,TX,9039.50382600611
2027,4,p63,OkonRecycling,405984,Waco Solar,TX,7438.9922182681175
2027,4,p63,OkonRecycling,402306,Walnut Springs Solar,TX,31544.60290439354
2027,4,p63,OkonRecycling,402497,West Moore Solar II,TX,13692.190680271977
2027,4,p63,OkonRecycling,402330,Whitesboro Solar,TX,13589.44688822518
2027,4,p63,OkonRecycling,402331,Whitesboro Solar II,TX,13001.708928823884
2027,4,p63,OkonRecycling,402414,Whitewright Solar,TX,11152.256637039522
2027,4,p63,OkonRecycling,402654,Yellow Jacket,TX,26085.64757969232
2027,4,p64,OkonRecycling,405731,Austin TX GigaFactory,TX,266659.58516275603
2027,4,p64,OkonRecycling,404721,"Blue Jay Solar I, LLC",TX,8166.706091913515
2027,4,p64,OkonRecycling,402389,"E-Volve Energy Holdings, LLC",TX,186453.20580583013
2027,4,p64,OkonRecycling,400227,East Blackland Solar Project 1,TX,8249.529412217167
2027,4,p64,SolarCycle,402653,Lampwick,TX,71750.02364113189
2027,4,p64,OkonRecycling,405613,Niagara Bottling - Seguin,TX,70579.81474407509
2027,4,p64,OkonRecycling,400249,Webberville Solar Project,TX,15287.559413513025
2027,4,p65,OkonRecycling,405700,Aktina Solar,TX,21840.474218339776
2027,4,p65,OkonRecycling,405727,Bernard Creek Solar,TX,26728.19135853734
2027,4,p65,OkonRecycling,405477,Brightside,TX,181228.92342400792
2027,4,p65,OkonRecycling,401728,CPS 1 Community Solar,TX,7212187.472752128
2027,4,p65,OkonRecycling,404359,FELPS 1-Calaveras,TX,7488179.327324371
2027,4,p65,OkonRecycling,404361,FELPS 2-Calaveras,TX,4994408.234816181
2027,4,p65,OkonRecycling,404739,FELPS 6- Floresville West,TX,7621818.506855655
2027,4,p65,OkonRecycling,404740,FELPS 7- Floresville West,TX,3813284.648853277
2027,4,p65,OkonRecycling,405380,IKEA Live Oak Rooftop PV System,TX,4059380.857866276
2027,4,p65,SolarCycle,403343,Mars Solar,TX,541926.0598674519
2027,4,p65,OkonRecycling,404877,Nebula Solar,TX,73298.81988731386
2027,4,p65,OkonRecycling,400694,"OCI Alamo 2, LLC",TX,3218574.292714742
2027,4,p65,OkonRecycling,400965,"OCI Alamo 3, LLC",TX,1284489.1584203267
2027,4,p65,SolarCycle,400966,"OCI Alamo 5, LLC",TX,152981.59836399276
2027,4,p65,OkonRecycling,405545,Sparta Solar,TX,30143.210166344223
2027,4,p65,OkonRecycling,400379,"SunE CPS1, LLC",TX,1530464.5281998885
2027,4,p65,OkonRecycling,400364,"SunE CPS2, LLC",TX,516347.97880494525
2027,4,p65,OkonRecycling,400353,"SunE CPS3, LLC",TX,1466906.9214682907
2027,4,p65,OkonRecycling,406032,Tres Bahias,TX,48634.427566444894
2027,4,p67,OkonRecycling,404939,Brazoria County Solar Project (Danciger),TX,11726.59488106444
2027,4,p67,OkonRecycling,404681,Brazoria West,TX,16383.733254161452
2027,4,p67,OkonRecycling,404587,Fighting Jays Solar Project,TX,9788.17280513352
2027,4,p67,OkonRecycling,405564,"Fort Bend Solar, LLC",TX,10629.488889019349
2027,4,p67,OkonRecycling,403514,Wagyu,TX,22377.693178785797
2028,1,p12,ComstockMetals,402144,Battle Mountain Solar Project,NV,9954.267177682688
2028,1,p12,ComstockMetals,405025,Brady,NV,7873.260960220959
2028,1,p12,ComstockMetals,405553,Dodge Flat,NV,7231.724910055377
2028,1,p12,ComstockMetals,402609,"EGP Stillwater Solar PV II, LLC",NV,10692.418718235094
2028,1,p12,ComstockMetals,404659,Fish Springs,NV,7498.235542440825
2028,1,p12,ComstockMetals,401086,Ft. Churchill PV,NV,7514.125685173086
2028,1,p12,ComstockMetals,405028,Galena 2 Geothermal Power Plant,NV,9015.138099659565
2028,1,p12,ComstockMetals,400468,"Patua Acquisition Project, LLC",NV,8546.288808532703
2028,1,p12,ComstockMetals,405021,Steamboat Hills LP,NV,9932.952559631562
2028,1,p12,ComstockMetals,405023,Steamboat II,NV,8395.414297401794
2028,1,p12,ComstockMetals,405024,Steamboat III,NV,8165.349900394032
2028,1,p12,ComstockMetals,400029,Stillwater Facility,NV,8818.647123282966
2028,1,p12,ComstockMetals,401318,Sunshine Valley Solar,NV,11919.165573874245
2028,1,p12,ComstockMetals,405576,Tesla Reno GigaFactory,NV,7719.095126770019
2028,1,p12,ComstockMetals,401943,Tungsten Mountain,NV,29142.088007098188
2028,1,p12,ComstockMetals,403308,Turquoise Liberty Solar,NV,8131.318003495624
2028,1,p12,ComstockMetals,403884,"Turquoise Nevada, LLC",NV,7348.247514681602
2028,1,p12,ComstockMetals,400035,Western 102 Power Plant,NV,11523.805705544422
2028,1,p13,WeRecycleSolar,400555,Apex Solar PV Power Project,NV,29530.302923379975
2028,1,p13,WeRecycleSolar,405385,Arrow Canyon Solar Hybrid,NV,8178.358948498255
2028,1,p13,WeRecycleSolar,400059,CM10,NV,46826.56173450727
2028,1,p13,WeRecycleSolar,400363,Copper Mountain Solar 2,NV,14898.741548350117
2028,1,p13,WeRecycleSolar,403688,"Copper Mountain Solar 5, LLC",NV,11938.42024225319
2028,1,p13,WeRecycleSolar,405358,Dignity - San Martin,NV,200162.72259678665
2028,1,p13,WeRecycleSolar,405355,Dignity - Siena Campus,NV,912002.0472087769
2028,1,p13,WeRecycleSolar,405556,Dry Lake Solar Energy Center,NV,10177.409088542276
2028,1,p13,WeRecycleSolar,405495,Gemini Solar,NV,7847.21240672257
2028,1,p13,WeRecycleSolar,406090,IGS LAS1,NV,1271858.9965344348
2028,1,p13,WeRecycleSolar,405309,IKEA Las Vegas 462,NV,446155.2675031307
2028,1,p13,WeRecycleSolar,400545,Las Vegas WPCF Solar Plant,NV,201755.25944467023
2028,1,p13,WeRecycleSolar,400600,Mountain View Solar,NV,29466.25545419164
2028,1,p13,WeRecycleSolar,400036,Nellis Air Force Base Solar Array,NV,62204.75135149746
2028,1,p13,WeRecycleSolar,401274,River Mountains Solar,NV,50138.6879089611
2028,1,p13,WeRecycleSolar,401042,Searchlight Solar,NV,38769.082941096895
2028,1,p13,WeRecycleSolar,400166,Silver State Solar Power North,NV,13118.19880378808
2028,1,p13,WeRecycleSolar,400658,Silver State Solar Power South,NV,12105.872217607985
2028,1,p13,WeRecycleSolar,405246,"Solar Las Vegas MB 2, LLC",NV,440432.314316998
2028,1,p13,WeRecycleSolar,405188,Solar Las Vegas MB-1,NV,73561.65879624823
2028,1,p13,WeRecycleSolar,402691,"Techren Solar III, LLC",NV,31163.1384360755
2028,1,p13,WeRecycleSolar,402692,"Techren Solar IV, LLC",NV,55304.38988757176
2028,1,p13,WeRecycleSolar,404971,Yellow Pine Solar,NV,11003.323846577481
2028,1,p27,WeRecycleSolar,400374,"Black Mountain Solar, LLC",AZ,15538.297170029227
2028,1,p27,WeRecycleSolar,402236,Gray Hawk Solar,AZ,12299.566826366277
2028,1,p27,WeRecycleSolar,401819,Jacobson 5 MW Solar,AZ,60826.910881681746
2028,1,p27,WeRecycleSolar,403718,Mohave Electric Cooperative at Joy Lane,AZ,15450.803583394627
2028,1,p27,WeRecycleSolar,401311,Mohave Electric at Fort Mohave,AZ,35243.25260718193
2028,1,p27,WeRecycleSolar,406478,Mohave Energy - Hybrid,AZ,21228.480255811675
2028,1,p28,WeRecycleSolar,405418,AZ State University - Tempe Campus Solar,AZ,11617.355075731453
2028,1,p28,WeRecycleSolar,400148,Agua Caliente Solar Project,AZ,7715.583024044175
2028,1,p28,FabTechSolar,402067,Apache Solar 1,AZ,41590.50246789997
2028,1,p28,WeRecycleSolar,400274,Arizona Western College PV,AZ,137998.03059814818
2028,1,p28,WeRecycleSolar,400240,Arlington Valley Solar Energy II,AZ,8942.864994280886
2028,1,p28,FabTechSolar,401688,Bonnybrooke PV,AZ,8196.303317284779
2028,1,p28,WeRecycleSolar,400371,Buckeye Union HS District 201,AZ,21797.38630555878
2028,1,p28,FabTechSolar,405635,"Central Line Solar, LLC",AZ,7616.377064987105
2028,1,p28,WeRecycleSolar,400201,Chino Solar Valley,AZ,15111.094611567616
2028,1,p28,WeRecycleSolar,401069,Desert Star Hybrid,AZ,16091.234462745202
2028,1,p28,FabTechSolar,403257,East Line Solar,AZ,8024.872307614755
2028,1,p28,FabTechSolar,406171,Eleven Mile Solar Center,AZ,7720.20563560142
2028,1,p28,WeRecycleSolar,400349,Foothills Solar Plant Hybrid,AZ,17025.07682855843
2028,1,p28,FabTechSolar,400825,Fort Huachuca Solar PV Project,AZ,20930.09811377799
2028,1,p28,WeRecycleSolar,400845,Gila Bend Hybrid,AZ,10765.676312146015
2028,1,p28,FabTechSolar,400599,"Gilbert Solar Facility I, LLC",AZ,17921.397450531716
2028,1,p28,FabTechSolar,405282,Intel - Ocotillo Campus Solar,AZ,15009.141149253597
2028,1,p28,WeRecycleSolar,405125,Jewish Community Center PV,AZ,22722.47730280405
2028,1,p28,WeRecycleSolar,402234,Kayenta Solar Project,AZ,29980.374879458308
2028,1,p28,WeRecycleSolar,400595,Lake Pleasant WTP,AZ,30111.181177714654
2028,1,p28,WeRecycleSolar,400128,Luke Solar,AZ,8857.589835240375
2028,1,p28,WeRecycleSolar,405068,Macys Goodyear,AZ,23122.172563500048
2028,1,p28,WeRecycleSolar,406279,McFarland A Solar and Storage,AZ,9401.872381864681
2028,1,p28,FabTechSolar,405617,Mesa Carport PV,AZ,19214.46654462159
2028,1,p28,FabTechSolar,404512,Mesa Solar Array,AZ,14070.521401613518
2028,1,p28,WeRecycleSolar,400250,Mesquite Solar 1,AZ,7450.72620486033
2028,1,p28,WeRecycleSolar,401622,"Mesquite Solar 3, LLC",AZ,7760.581802275555
2028,1,p28,WeRecycleSolar,406038,"Mesquite Solar 4, LLC",AZ,9553.510287814335
2028,1,p28,WeRecycleSolar,404922,"Mesquite Solar 5, LLC",AZ,11262.937617358235
2028,1,p28,WeRecycleSolar,403572,OE_AZ1,AZ,14379.024120126915
2028,1,p28,WeRecycleSolar,400203,Paloma Solar Hybrid,AZ,19936.689355090028
2028,1,p28,WeRecycleSolar,405126,Paradise Valley H.S. PV,AZ,34036.719143961964
2028,1,p28,WeRecycleSolar,405150,Phoenix Airport East Economy Lot,AZ,19293.27897857714
2028,1,p28,WeRecycleSolar,405151,Phoenix Airport Rental Car Center,AZ,8541.28054096461
2028,1,p28,FabTechSolar,400125,"Poseidon Solar, LLC",AZ,11953.693819222508
2028,1,p28,WeRecycleSolar,400289,"RE Bagdad Solar I, LLC",AZ,18364.735183790865
2028,1,p28,FabTechSolar,400758,Red Horse 2,AZ,17863.702348673367
2028,1,p28,WeRecycleSolar,400416,Saddle Mountain Solar I,AZ,28512.83272406577
2028,1,p28,FabTechSolar,403674,Saint Solar,AZ,7766.342189488439
2028,1,p28,FabTechSolar,401214,Sandstone Solar,AZ,8134.046027125494
2028,1,p28,WeRecycleSolar,405029,Solana Generating Station,AZ,7585.063311592925
2028,1,p28,WeRecycleSolar,406275,Sonoran Solar Energy,AZ,7364.291519552002
2028,1,p28,FabTechSolar,406034,Storey Solar and Storage,AZ,8490.63320846137
2028,1,p28,WeRecycleSolar,403643,Sun Streams 2,AZ,7936.214812523515
2028,1,p28,WeRecycleSolar,406517,Sun Streams 3,AZ,8205.672453662923
2028,1,p28,WeRecycleSolar,401975,"Sun Streams, LLC",AZ,7559.931761222171
2028,1,p28,FabTechSolar,405134,Union HS at Casa Grande,AZ,81620.59655197719
2028,1,p28,FabTechSolar,405135,Vista Grande HS at Casa Grande,AZ,55586.73542458862
2028,1,p28,FabTechSolar,400334,Walmart Casa Grande,AZ,42704.51353412325
2028,1,p28,FabTechSolar,406098,"West Line Solar, LLC",AZ,7535.250167536923
2028,1,p29,FabTechSolar,400014,Springerville,AZ,57951.170765460025
2028,1,p30,FabTechSolar,405143,Actus Lend Lease DMAFB,AZ,37870.29964437518
2028,1,p30,FabTechSolar,405611,Amazon TUS2,AZ,63263.03307393075
2028,1,p30,FabTechSolar,400939,Avalon Solar,AZ,12346.155461157405
2028,1,p30,FabTechSolar,401479,Avalon Solar II,AZ,25691.172049647892
2028,1,p30,FabTechSolar,400226,Avra Valley Solar,AZ,11145.96552509294
2028,1,p30,FabTechSolar,404704,Broadway 2 - Tucson Phase II,AZ,46377.46436509168
2028,1,p30,FabTechSolar,405269,Canyon Del Oro High School Solar,AZ,33977.176478491645
2028,1,p30,FabTechSolar,401295,Davis Monthan AFB (AZ) West Airfield,AZ,18262.67941951876
2028,1,p30,FabTechSolar,400761,"Gato Montes Solar, LLC",AZ,36967.484110754805
2028,1,p30,FabTechSolar,404536,Iron Horse Battery Storage Hybrid,AZ,56894.5319562525
2028,1,p30,FabTechSolar,400552,"Picture Rocks Solar, LLC",AZ,8388.825045949538
2028,1,p30,FabTechSolar,405374,Pima Community College,AZ,137933.8542605627
2028,1,p30,FabTechSolar,405303,Pima Community College - East Campus,AZ,218001.47436435838
2028,1,p30,FabTechSolar,405516,Pima Community College NW,AZ,97888.16244064156
2028,1,p30,FabTechSolar,400408,Prairie Fire,AZ,40029.83019856789
2028,1,p30,FabTechSolar,404926,Raptor Ridge,AZ,29996.24581482036
2028,1,p30,FabTechSolar,400857,Rio Rico Solar,AZ,40238.945700443546
2028,1,p30,FabTechSolar,401076,Tech Park Solar,AZ,36481.10838714698
2028,1,p30,FabTechSolar,400156,UASTP I,AZ,131902.9919032573
2028,1,p30,FabTechSolar,401075,Valencia Solar,AZ,17747.972356480353
2028,1,p30,FabTechSolar,404187,"Wilmot Energy Center, LLC",AZ,8375.578561070317
2028,1,p31,SolarCycle,400211,Alamogordo Solar Energy Center,NM,139073.59675354706
2028,1,p31,FabTechSolar,400206,Albuquerque Solar Energy Center,NM,1409116.182175409
2028,1,p31,SolarCycle,403675,Alcalde Solar Array,NM,659727.6270271273
2028,1,p31,FabTechSolar,405469,Arroyo Solar Energy Storage Hybrid,NM,11572.746342392707
2028,1,p31,FabTechSolar,403321,Bluewater CDEC 1,NM,936200.9462629863
2028,1,p31,SolarCycle,404981,Buena Vista Energy Center,NM,24050.740017675234
2028,1,p31,SolarCycle,402519,Carrizozo Solar,NM,230187.35520375046
2028,1,p31,FabTechSolar,401202,Cibola,NM,174054.53557212016
2028,1,p31,FabTechSolar,402988,City of Gallup Solar,NM,90684.51507805931
2028,1,p31,FabTechSolar,403604,City of Rio Rancho WWTP,NM,1137066.295976697
2028,1,p31,FabTechSolar,401225,City of Truth or Consequences PV,NM,402380.2141746232
2028,1,p31,FabTechSolar,400209,Deming Solar Energy Center,NM,244410.52867916253
2028,1,p31,FabTechSolar,403868,Encino Solar Energy Center,NM,23781.798440132392
2028,1,p31,FabTechSolar,401038,Eubank Landfill Solar Array,NM,475483.83985345304
2028,1,p31,FabTechSolar,402443,Facebook 3 Solar Energy Center,NM,140334.4786047361
2028,1,p31,FabTechSolar,403322,Grants CDEC 2,NM,257875.56227634242
2028,1,p31,FabTechSolar,400216,"Hatch Solar Energy Center I, LLC",NM,468361.553902196
2028,1,p31,SolarCycle,401617,Holloman Solar Facility,NM,139452.72902717802
2028,1,p31,FabTechSolar,406109,"Jicarilla Solar 1, LLC",NM,63942.40216155792
2028,1,p31,SolarCycle,400427,Kit Carson,NM,1324172.9229898276
2028,1,p31,SolarCycle,400434,Los Alamos PV Site,NM,3119521.7662397763
2028,1,p31,FabTechSolar,400207,Los Lunas Solar Energy Center,NM,386271.4645159067
2028,1,p31,FabTechSolar,400582,Manzano Solar,NM,175477.21916586428
2028,1,p31,SolarCycle,401201,Meadow Lake Solar Energy Center,NM,157422.77321069402
2028,1,p31,SolarCycle,405693,NMSU Solar and Storage,NM,379361.2333632678
2028,1,p31,FabTechSolar,406375,OE_ESCL,NM,12776.922829304827
2028,1,p31,SolarCycle,400581,Otero Solar,NM,93705.7742904999
2028,1,p31,SolarCycle,400146,Questa Solar Facility,NM,1672819.3993025955
2028,1,p31,FabTechSolar,403178,"RC Energy AA, LLC Solar Facility",NM,1419296.32523822
2028,1,p31,FabTechSolar,401566,Rio Communities Solar Energy Center,NM,272335.56329622923
2028,1,p31,FabTechSolar,400624,Rio Rancho High School,NM,2803932.045895788
2028,1,p31,FabTechSolar,404648,"Route 66 Energy Center, LLC",NM,30777.49991648327
2028,1,p31,SolarCycle,403387,San Miguel I Solar Energy Center,NM,140564.28839699592
2028,1,p31,SolarCycle,405458,San Miguel II Solar Energy Center,NM,140619.04571780722
2028,1,p31,FabTechSolar,401161,Sandoval Solar Energy Center,NM,455713.5837960119
2028,1,p31,SolarCycle,401564,Santa Fe Solar Energy Center,NM,83460.75763760814
2028,1,p31,FabTechSolar,401565,Santolina Solar Energy Center,NM,259585.63403742455
2028,1,p31,FabTechSolar,400596,Silver City WWTP PV Project,NM,1813829.0076730626
2028,1,p31,FabTechSolar,401563,South Valley Solar Energy Center,NM,277613.91954143497
2028,1,p31,SolarCycle,401162,Springer Solar 1,NM,1642895.1362034576
2028,1,p31,SolarCycle,400735,Storrie Lake Solar Project,NM,901161.2944764909
2028,1,p31,FabTechSolar,400623,Sue Cleveland High School,NM,1417323.178747829
2028,1,p31,SolarCycle,400343,"SunE EPE1, LLC",NM,108351.54765170398
2028,1,p31,SolarCycle,402854,Syncarpha Eagle Nest,NM,1589312.0245258757
2028,1,p31,SolarCycle,403412,Syncarpha El Rito,NM,418507.44729312573
2028,1,p31,SolarCycle,403411,Syncarpha Taos,NM,177443.46843667843
2028,1,p31,SolarCycle,404618,Taos Mesa Energy Facility Hybrid,NM,113825.70151387154
2028,1,p31,FabTechSolar,403011,Vista Solar Energy Center,NM,96869.97597150946
2028,1,p31,SolarCycle,400354,WSMR I,NM,236735.5018526933
2028,1,p31,FabTechSolar,405245,Wal-Mart Truth or Consequences PV,NM,2278898.433069312
2028,1,p47,SolarCycle,400614,GSE NM1,NM,349658.5069462057
2028,1,p47,SolarCycle,404982,Hayhurst New Mexico Solar,NM,21096.68045890791
2028,1,p47,SolarCycle,402530,Middle Daisy,NM,83766.6230197668
2028,1,p47,SolarCycle,400546,SEV NM Phase 2,NM,922319.3901479327
2028,1,p47,SolarCycle,400260,SPS1 Dollarhide,NM,26690.280804923455
2028,1,p47,SolarCycle,400261,SPS2 Jal,NM,21244.18378569318
2028,1,p47,SolarCycle,400262,SPS3 Lea,NM,38041.39190547773
2028,1,p47,SolarCycle,400264,SPS5 Hopi,NM,37436.80399933737
2028,1,p47,SolarCycle,404698,SoCore Clovis 1,NM,368394.4817546584
2028,1,p48,SolarCycle,406439,"BESSP1, LLC",TX,147814.53215098532
2028,1,p57,OkonRecycling,404918,"Hecate Energy Upshur Rural, LLC",TX,26311.520024710077
2028,1,p59,SolarCycle,402666,Fort Bliss (DEA EPIC),TX,96795.80405186016
2028,1,p59,SolarCycle,401616,Montana Solar Facility,TX,179338.90935969958
2028,1,p60,SolarCycle,403962,"ANSON Solar Center, LLC",TX,8695.595050831223
2028,1,p60,OkonRecycling,403883,Azure Sky Solar,TX,7898.439087582553
2028,1,p60,SolarCycle,403232,"ENGIE Long Draw Solar, LLC",TX,8494.717992220962
2028,1,p60,SolarCycle,406252,Highpeak Solar 1,TX,36785.69117937013
2028,1,p60,SolarCycle,402721,Holstein 1 Solar Farm,TX,7811.1901176845495
2028,1,p60,SolarCycle,405492,Juno Solar Project,TX,7533.28587232201
2028,1,p60,SolarCycle,402541,Lamesa II,TX,8454.796634431934
2028,1,p60,SolarCycle,401660,Lamesa Solar,TX,8024.8034882769425
2028,1,p60,SolarCycle,405932,Lumina II Solar Project,TX,8580.647855951116
2028,1,p60,SolarCycle,405933,Lumina Solar Project,TX,7847.8962432282715
2028,1,p60,SolarCycle,402909,Misae Solar,TX,8924.737322122142
2028,1,p60,OkonRecycling,400968,"OCI Alamo 7, LLC",TX,9149.46500889913
2028,1,p60,SolarCycle,405939,Texas Solar Nova 1,TX,7862.875591862817
2028,1,p61,SolarCycle,400967,Alamo 6,TX,8421.139843883146
2028,1,p61,SolarCycle,403557,Aragorn Solar Project,TX,7976.900855570692
2028,1,p61,SolarCycle,400691,Barilla Solar,TX,10400.40077094748
2028,1,p61,SolarCycle,401946,Bluebell Solar,TX,8565.647942449523
2028,1,p61,SolarCycle,403574,Bluebell Solar II,TX,7649.452332271877
2028,1,p61,SolarCycle,401463,Buckthorn Westex,TX,7428.326820265108
2028,1,p61,SolarCycle,401703,East Pecos Solar,TX,7483.969732882462
2028,1,p61,SolarCycle,405363,Galloway 1 Solar Farm,TX,7549.863700298587
2028,1,p61,SolarCycle,405494,Galloway 2 Solar Farm,TX,10249.950372100036
2028,1,p61,SolarCycle,403210,Greasewood,TX,7375.597254628715
2028,1,p61,SolarCycle,402304,Midway Solar-TX,TX,7945.387655781739
2028,1,p61,SolarCycle,400695,"OCI Alamo 4, LLC",TX,11202.418198972258
2028,1,p61,SolarCycle,401868,Pearl Solar,TX,7860.088022558092
2028,1,p61,SolarCycle,402290,RE Maplewood,TX,7390.317557149997
2028,1,p61,SolarCycle,401430,RE Roserock,TX,7444.510766509093
2028,1,p61,SolarCycle,402848,Rambler,TX,7602.9179615443945
2028,1,p61,SolarCycle,402083,Solaire Holman Solar Project,TX,12452.178862080902
2028,1,p61,SolarCycle,403023,"Taygete Energy Project, LLC",TX,7325.595995579241
2028,1,p61,SolarCycle,404647,Taygete II Energy Project,TX,7388.562977496273
2028,1,p61,SolarCycle,403551,Titan Solar Project,TX,7744.396483907134
2028,1,p61,SolarCycle,406103,Zier Solar,TX,8669.66156850053
2028,1,p62,SolarCycle,403502,2W Permian Solar Project Hybrid,TX,7255.237572280453
2028,1,p62,SolarCycle,403697,CED Crane Solar,TX,7513.858274193365
2028,1,p62,SolarCycle,401525,Castle Gap Solar Hybrid,TX,7338.850655679842
2028,1,p62,SolarCycle,404599,Emerald Grove,TX,7753.507570968372
2028,1,p62,SolarCycle,403004,Lapetus,TX,7471.799392000616
2028,1,p62,SolarCycle,403280,Oberon IA,TX,7291.05649703111
2028,1,p62,SolarCycle,403279,Oberon IB,TX,8029.675932665118
2028,1,p62,SolarCycle,403602,Oxy Renewable Energy-Goldsmith,TX,8480.102374960006
2028,1,p62,SolarCycle,402679,Phoebe Solar,TX,7298.324114808156
2028,1,p62,SolarCycle,403177,Prospero Solar,TX,7290.5982230503605
2028,1,p62,SolarCycle,404128,Prospero Solar II,TX,7402.059057771974
2028,1,p62,SolarCycle,403070,"Roadrunner, LLC",TX,7292.839012267658
2028,1,p62,SolarCycle,401805,Upton County Solar,TX,7310.037797724199
2028,1,p62,SolarCycle,402995,West of the Pecos Solar,TX,7433.626514969136
2028,1,p63,OkonRecycling,405599,"BPL Crown Solar, LLC",TX,8888.967100487249
2028,1,p63,OkonRecycling,404966,BPL Files Solar,TX,7660.772198677966
2028,1,p63,OkonRecycling,403825,Briar Creek Solar 1,TX,7706.186433602155
2028,1,p63,OkonRecycling,402610,Chisum,TX,15532.23353405228
2028,1,p63,OkonRecycling,401697,CoServ Community Solar Station,TX,19702.044436315693
2028,1,p63,OkonRecycling,403188,Coniglio Solar,TX,7820.571767355727
2028,1,p63,OkonRecycling,406415,Dileo Solar,TX,9986.332281104624
2028,1,p63,OkonRecycling,402655,Eddy II,TX,59684.946819413584
2028,1,p63,OkonRecycling,406221,Eiffel Solar Project,TX,8182.990751349804
2028,1,p63,OkonRecycling,405540,"Ellis Solar, LLC",TX,7738.973971243141
2028,1,p63,OkonRecycling,403823,Elm Branch Solar 1,TX,7909.31944079506
2028,1,p63,OkonRecycling,406206,Five Wells Solar Center - Hybrid,TX,7643.119914530063
2028,1,p63,OkonRecycling,404567,G.S.E. One LLC,TX,10916.216993035283
2028,1,p63,OkonRecycling,403288,Griffin Solar,TX,98580.45183679648
2028,1,p63,OkonRecycling,406202,Grizzly Ridge Solar,TX,9910.862143447923
2028,1,p63,OkonRecycling,405319,IKEA Grand Prairie Rooftop PV System,TX,21446.970144398943
2028,1,p63,OkonRecycling,405689,"IP Radian, LLC",TX,8465.186896556323
2028,1,p63,OkonRecycling,403481,Impact Solar 1,TX,8009.74213288988
2028,1,p63,OkonRecycling,403190,Kellam Solar,TX,12758.746232184576
2028,1,p63,OkonRecycling,402421,Leon Solar,TX,11392.559910081502
2028,1,p63,OkonRecycling,403874,Lily Solar Hybrid,TX,7686.809940112483
2028,1,p63,OkonRecycling,402404,Marlin Solar,TX,103581.25944126672
2028,1,p63,OkonRecycling,405794,Noble Solar,TX,7499.427559574594
2028,1,p63,OkonRecycling,402405,North Gainesville Solar,TX,13272.095834092386
2028,1,p63,OkonRecycling,401933,Phantom Solar,TX,28101.74100486709
2028,1,p63,OkonRecycling,404872,"Pisgah Ridge Solar, LLC",TX,7853.270250589944
2028,1,p63,OkonRecycling,406416,Pitts Dudik Solar,TX,10275.018907616362
2028,1,p63,OkonRecycling,403189,Rippey Solar,TX,11972.074944735641
2028,1,p63,OkonRecycling,404630,"Samson Solar Energy III, LLC",TX,7859.6218938450875
2028,1,p63,OkonRecycling,402652,Sterling Solar (TX),TX,11708.32649493265
2028,1,p63,OkonRecycling,404812,Sun Valley Solar Project,TX,7854.316389930764
2028,1,p63,OkonRecycling,403457,"TPE Whitney Solar, LLC",TX,39598.170752044876
2028,1,p63,OkonRecycling,405361,Toyota HQ Plan,TX,8567.769026889126
2028,1,p63,OkonRecycling,405907,Verizon Hidden Ridge Solar Project,TX,9242.782028895677
2028,1,p63,OkonRecycling,405984,Waco Solar,TX,7438.9922182681175
2028,1,p63,OkonRecycling,402306,Walnut Springs Solar,TX,31544.60290439354
2028,1,p63,OkonRecycling,402497,West Moore Solar II,TX,13043.971612244783
2028,1,p63,OkonRecycling,402330,Whitesboro Solar,TX,13589.44688822518
2028,1,p63,OkonRecycling,402331,Whitesboro Solar II,TX,13001.708928823884
2028,1,p63,OkonRecycling,402414,Whitewright Solar,TX,21007.898229638322
2028,1,p63,OkonRecycling,402654,Yellow Jacket,TX,44961.29515938463
2028,1,p64,OkonRecycling,405731,Austin TX GigaFactory,TX,266659.58516275603
2028,1,p64,OkonRecycling,404721,"Blue Jay Solar I, LLC",TX,7847.804061275675
2028,1,p64,OkonRecycling,402389,"E-Volve Energy Holdings, LLC",TX,96831.60290291508
2028,1,p64,OkonRecycling,400227,East Blackland Solar Project 1,TX,8249.529412217167
2028,1,p64,OkonRecycling,405101,IKEA Round Rock 027,TX,110913.20138459613
2028,1,p64,SolarCycle,402653,Lampwick,TX,28723.341213710635
2028,1,p64,OkonRecycling,405613,Niagara Bottling - Seguin,TX,49456.54316271673
2028,1,p64,OkonRecycling,400249,Webberville Solar Project,TX,15287.559413513025
2028,1,p65,OkonRecycling,405700,Aktina Solar,TX,21840.474218339776
2028,1,p65,OkonRecycling,405727,Bernard Creek Solar,TX,26728.19135853734
2028,1,p65,OkonRecycling,405477,Brightside,TX,181228.92342400792
2028,1,p65,OkonRecycling,401728,CPS 1 Community Solar,TX,2408869.1575840428
2028,1,p65,OkonRecycling,402656,Cascade Solar (TX),TX,729178.4074964517
2028,1,p65,OkonRecycling,404361,FELPS 2-Calaveras,TX,7488007.35222427
2028,1,p65,OkonRecycling,404739,FELPS 6- Floresville West,TX,7621818.506855655
2028,1,p65,OkonRecycling,404740,FELPS 7- Floresville West,TX,7619359.297706553
2028,1,p65,SolarCycle,405801,Horizon Solar,TX,33966.25831520721
2028,1,p65,OkonRecycling,405380,IKEA Live Oak Rooftop PV System,TX,4059380.857866276
2028,1,p65,SolarCycle,403343,Mars Solar,TX,1076642.1197349036
2028,1,p65,OkonRecycling,404877,Nebula Solar,TX,205476.4596619416
2028,1,p65,OkonRecycling,400694,"OCI Alamo 2, LLC",TX,810051.0731786855
2028,1,p65,OkonRecycling,400965,"OCI Alamo 3, LLC",TX,2561768.3168406533
2028,1,p65,SolarCycle,400966,"OCI Alamo 5, LLC",TX,152981.59836399276
2028,1,p65,SolarCycle,405809,Shakes Solar,TX,46682.15553950936
2028,1,p65,OkonRecycling,405545,Sparta Solar,TX,30143.210166344223
2028,1,p65,OkonRecycling,400364,"SunE CPS2, LLC",TX,770916.968207418
2028,1,p65,OkonRecycling,400353,"SunE CPS3, LLC",TX,1466906.9214682907
2028,1,p65,OkonRecycling,406032,Tres Bahias,TX,27922.21378322245
2028,1,p67,OkonRecycling,404939,Brazoria County Solar Project (Danciger),TX,11726.59488106444
2028,1,p67,OkonRecycling,404681,Brazoria West,TX,9503.433313540365
2028,1,p67,OkonRecycling,404587,Fighting Jays Solar Project,TX,11077.25920770028
2028,1,p67,OkonRecycling,405564,"Fort Bend Solar, LLC",TX,9489.659259346234
2028,1,p67,OkonRecycling,403514,Wagyu,TX,22377.693178785797
2028,2,p12,ComstockMetals,402144,Battle Mountain Solar Project,NV,9736.973087226388
2028,2,p12,ComstockMetals,405025,Brady,NV,7820.74322861726
2028,2,p12,ComstockMetals,405553,Dodge Flat,NV,7250.009415612887
2028,2,p12,ComstockMetals,404659,Fish Springs,NV,7475.412735484853
2028,2,p12,ComstockMetals,401086,Ft. Churchill PV,NV,7602.062550958275
2028,2,p12,ComstockMetals,405028,Galena 2 Geothermal Power Plant,NV,8872.205281491048
2028,2,p12,ComstockMetals,400468,"Patua Acquisition Project, LLC",NV,9670.959984789353
2028,2,p12,ComstockMetals,405021,Steamboat Hills LP,NV,9717.346184052481
2028,2,p12,ComstockMetals,405023,Steamboat II,NV,8180.268347406214
2028,2,p12,ComstockMetals,405024,Steamboat III,NV,8089.704245567912
2028,2,p12,ComstockMetals,400029,Stillwater Facility,NV,10172.545353045967
2028,2,p12,ComstockMetals,401318,Sunshine Valley Solar,NV,11546.288669429689
2028,2,p12,ComstockMetals,405026,TS Power Plant,NV,10207.107234223584
2028,2,p12,ComstockMetals,405576,Tesla Reno GigaFactory,NV,7960.055064403614
2028,2,p12,ComstockMetals,401943,Tungsten Mountain,NV,27405.48118030438
2028,2,p12,ComstockMetals,403308,Turquoise Liberty Solar,NV,7888.693625327406
2028,2,p12,ComstockMetals,403884,"Turquoise Nevada, LLC",NV,7337.300924566442
2028,2,p12,ComstockMetals,400035,Western 102 Power Plant,NV,10387.787063908057
2028,2,p13,WeRecycleSolar,400555,Apex Solar PV Power Project,NV,55325.12361460977
2028,2,p13,WeRecycleSolar,405385,Arrow Canyon Solar Hybrid,NV,7905.819566461503
2028,2,p13,WeRecycleSolar,400059,CM10,NV,49910.04245876485
2028,2,p13,WeRecycleSolar,400363,Copper Mountain Solar 2,NV,12734.786876916198
2028,2,p13,WeRecycleSolar,403688,"Copper Mountain Solar 5, LLC",NV,10607.631971197034
2028,2,p13,WeRecycleSolar,405358,Dignity - San Martin,NV,284504.44746305223
2028,2,p13,WeRecycleSolar,405355,Dignity - Siena Campus,NV,332281.6126509582
2028,2,p13,WeRecycleSolar,405556,Dry Lake Solar Energy Center,NV,8809.185902633657
2028,2,p13,WeRecycleSolar,405495,Gemini Solar,NV,7553.404319191657
2028,2,p13,WeRecycleSolar,403386,"Harry Allen Solar Energy, LLC",NV,9136.949222125708
2028,2,p13,WeRecycleSolar,406090,IGS LAS1,NV,915930.3849969405
2028,2,p13,WeRecycleSolar,406089,IGS VGT,NV,197151.1222647017
2028,2,p13,WeRecycleSolar,405309,IKEA Las Vegas 462,NV,243764.87426022458
2028,2,p13,WeRecycleSolar,400545,Las Vegas WPCF Solar Plant,NV,63126.61988309707
2028,2,p13,WeRecycleSolar,400600,Mountain View Solar,NV,55187.05864713249
2028,2,p13,WeRecycleSolar,400036,Nellis Air Force Base Solar Array,NV,33554.51760021515
2028,2,p13,WeRecycleSolar,401274,River Mountains Solar,NV,27774.42744769269
2028,2,p13,WeRecycleSolar,400166,Silver State Solar Power North,NV,12870.490994027445
2028,2,p13,WeRecycleSolar,400658,Silver State Solar Power South,NV,8968.977747450974
2028,2,p13,WeRecycleSolar,405246,"Solar Las Vegas MB 2, LLC",NV,318504.24000985123
2028,2,p13,WeRecycleSolar,405188,Solar Las Vegas MB-1,NV,197919.37498623328
2028,2,p13,WeRecycleSolar,402691,"Techren Solar III, LLC",NV,41633.314676504946
2028,2,p13,WeRecycleSolar,402692,"Techren Solar IV, LLC",NV,41768.48430243636
2028,2,p13,WeRecycleSolar,404971,Yellow Pine Solar,NV,9935.713392195068
2028,2,p27,WeRecycleSolar,400374,"Black Mountain Solar, LLC",AZ,15504.332844881357
2028,2,p27,WeRecycleSolar,402236,Gray Hawk Solar,AZ,8336.402364060808
2028,2,p27,WeRecycleSolar,401819,Jacobson 5 MW Solar,AZ,25009.417091223102
2028,2,p27,WeRecycleSolar,403718,Mohave Electric Cooperative at Joy Lane,AZ,9945.732024386376
2028,2,p27,WeRecycleSolar,406478,Mohave Energy - Hybrid,AZ,16517.5402127845
2028,2,p28,WeRecycleSolar,405418,AZ State University - Tempe Campus Solar,AZ,11433.622863042987
2028,2,p28,WeRecycleSolar,400148,Agua Caliente Solar Project,AZ,7391.68992367534
2028,2,p28,FabTechSolar,402067,Apache Solar 1,AZ,31920.44545501513
2028,2,p28,WeRecycleSolar,400240,Arlington Valley Solar Energy II,AZ,7832.734731146855
2028,2,p28,WeRecycleSolar,400437,Badger 1,AZ,17539.249211162663
2028,2,p28,FabTechSolar,401688,Bonnybrooke PV,AZ,9336.669993839214
2028,2,p28,WeRecycleSolar,400371,Buckeye Union HS District 201,AZ,22936.681742273664
2028,2,p28,FabTechSolar,405635,"Central Line Solar, LLC",AZ,7443.661699573092
2028,2,p28,WeRecycleSolar,400201,Chino Solar Valley,AZ,11469.09062010535
2028,2,p28,WeRecycleSolar,400202,Cotton Center Solar Hybrid,AZ,16532.835840118074
2028,2,p28,WeRecycleSolar,401069,Desert Star Hybrid,AZ,19976.49519417399
2028,2,p28,FabTechSolar,403257,East Line Solar,AZ,7600.451103866537
2028,2,p28,FabTechSolar,406171,Eleven Mile Solar Center,AZ,7393.351138354381
2028,2,p28,WeRecycleSolar,400349,Foothills Solar Plant Hybrid,AZ,21318.864222407654
2028,2,p28,FabTechSolar,400825,Fort Huachuca Solar PV Project,AZ,22001.657119955216
2028,2,p28,WeRecycleSolar,400845,Gila Bend Hybrid,AZ,9765.58643009967
2028,2,p28,FabTechSolar,400599,"Gilbert Solar Facility I, LLC",AZ,14908.64846203103
2028,2,p28,WeRecycleSolar,400204,Hyder Solar Hybrid,AZ,13111.924343381079
2028,2,p28,FabTechSolar,405282,Intel - Ocotillo Campus Solar,AZ,10012.755022916434
2028,2,p28,WeRecycleSolar,405125,Jewish Community Center PV,AZ,29508.698200876745
2028,2,p28,WeRecycleSolar,402234,Kayenta Solar Project,AZ,23575.8488404713
2028,2,p28,WeRecycleSolar,400128,Luke Solar,AZ,13130.896414174986
2028,2,p28,WeRecycleSolar,405068,Macys Goodyear,AZ,18646.623783153613
2028,2,p28,WeRecycleSolar,406279,McFarland A Solar and Storage,AZ,8785.373803422184
2028,2,p28,FabTechSolar,405617,Mesa Carport PV,AZ,11524.010768812721
2028,2,p28,FabTechSolar,404512,Mesa Solar Array,AZ,17071.783727321414
2028,2,p28,WeRecycleSolar,400250,Mesquite Solar 1,AZ,7383.018173900975
2028,2,p28,WeRecycleSolar,401622,"Mesquite Solar 3, LLC",AZ,7506.791508639747
2028,2,p28,WeRecycleSolar,406038,"Mesquite Solar 4, LLC",AZ,8894.361163551086
2028,2,p28,WeRecycleSolar,404922,"Mesquite Solar 5, LLC",AZ,8666.492586456765
2028,2,p28,WeRecycleSolar,403572,OE_AZ1,AZ,12362.623340845099
2028,2,p28,WeRecycleSolar,400203,Paloma Solar Hybrid,AZ,11783.553912213707
2028,2,p28,WeRecycleSolar,405126,Paradise Valley H.S. PV,AZ,16850.641243722544
2028,2,p28,WeRecycleSolar,405150,Phoenix Airport East Economy Lot,AZ,15894.666735067041
2028,2,p28,WeRecycleSolar,405151,Phoenix Airport Rental Car Center,AZ,8007.364126744598
2028,2,p28,FabTechSolar,400125,"Poseidon Solar, LLC",AZ,10619.45532964894
2028,2,p28,WeRecycleSolar,400031,Prescott Airport,AZ,33154.49635526522
2028,2,p28,WeRecycleSolar,400401,Prescott Solar Plant,AZ,17283.4299420925
2028,2,p28,WeRecycleSolar,400289,"RE Bagdad Solar I, LLC",AZ,31261.871456639496
2028,2,p28,WeRecycleSolar,400416,Saddle Mountain Solar I,AZ,22521.075995960924
2028,2,p28,FabTechSolar,403674,Saint Solar,AZ,7609.8621992367125
2028,2,p28,FabTechSolar,401214,Sandstone Solar,AZ,7874.143549749658
2028,2,p28,WeRecycleSolar,405029,Solana Generating Station,AZ,8018.712570034214
2028,2,p28,WeRecycleSolar,406275,Sonoran Solar Energy,AZ,7283.929735448571
2028,2,p28,FabTechSolar,406034,Storey Solar and Storage,AZ,8130.434978375074
2028,2,p28,WeRecycleSolar,403643,Sun Streams 2,AZ,7557.9703169985405
2028,2,p28,WeRecycleSolar,406517,Sun Streams 3,AZ,7925.6239173720705
2028,2,p28,WeRecycleSolar,401975,"Sun Streams, LLC",AZ,7461.5079500868615
2028,2,p28,WeRecycleSolar,405311,T0588 Phoenix - AZ,AZ,15305.18295570909
2028,2,p28,FabTechSolar,405134,Union HS at Casa Grande,AZ,60691.44603440643
2028,2,p28,FabTechSolar,400334,Walmart Casa Grande,AZ,32721.123389082408
2028,2,p28,FabTechSolar,406098,"West Line Solar, LLC",AZ,7443.768442787001
2028,2,p29,FabTechSolar,400014,Springerville,AZ,42000.67297977517
2028,2,p30,FabTechSolar,405143,Actus Lend Lease DMAFB,AZ,28232.382808605686
2028,2,p30,FabTechSolar,400939,Avalon Solar,AZ,10731.629844500561
2028,2,p30,FabTechSolar,401479,Avalon Solar II,AZ,13545.85252078053
2028,2,p30,FabTechSolar,400226,Avra Valley Solar,AZ,8559.35690371112
2028,2,p30,FabTechSolar,404704,Broadway 2 - Tucson Phase II,AZ,25113.574308923093
2028,2,p30,FabTechSolar,405269,Canyon Del Oro High School Solar,AZ,16386.522036039354
2028,2,p30,FabTechSolar,401295,Davis Monthan AFB (AZ) West Airfield,AZ,14788.323125114917
2028,2,p30,FabTechSolar,400330,FRB Solar Farm,AZ,114272.29435998073
2028,2,p30,FabTechSolar,404536,Iron Horse Battery Storage Hybrid,AZ,109409.31924008705
2028,2,p30,FabTechSolar,400552,"Picture Rocks Solar, LLC",AZ,8119.3004838906845
2028,2,p30,FabTechSolar,405374,Pima Community College,AZ,66964.29547562797
2028,2,p30,FabTechSolar,405303,Pima Community College - East Campus,AZ,151740.19436458408
2028,2,p30,FabTechSolar,405516,Pima Community College NW,AZ,38296.960423066404
2028,2,p30,FabTechSolar,404926,Raptor Ridge,AZ,22833.499699815293
2028,2,p30,FabTechSolar,400156,UASTP I,AZ,92706.35325633697
2028,2,p30,FabTechSolar,401075,Valencia Solar,AZ,14435.411736805256
2028,2,p30,FabTechSolar,404187,"Wilmot Energy Center, LLC",AZ,8009.184580337891
2028,2,p31,SolarCycle,400211,Alamogordo Solar Energy Center,NM,146904.27637525168
2028,2,p31,FabTechSolar,400206,Albuquerque Solar Energy Center,NM,502262.6515947311
2028,2,p31,SolarCycle,403675,Alcalde Solar Array,NM,928899.584022857
2028,2,p31,FabTechSolar,405469,Arroyo Solar Energy Storage Hybrid,NM,10291.217805438688
2028,2,p31,FabTechSolar,403321,Bluewater CDEC 1,NM,663315.8608662961
2028,2,p31,SolarCycle,402876,CNMEC Solar Energy Center,NM,232421.7191902611
2028,2,p31,SolarCycle,402519,Carrizozo Solar,NM,243428.7976828223
2028,2,p31,FabTechSolar,401202,Cibola,NM,242880.06348712955
2028,2,p31,FabTechSolar,402988,City of Gallup Solar,NM,95641.62378923099
2028,2,p31,FabTechSolar,403868,Encino Solar Energy Center,NM,42321.81930912326
2028,2,p31,FabTechSolar,401038,Eubank Landfill Solar Array,NM,255251.06976563644
2028,2,p31,FabTechSolar,402443,Facebook 3 Solar Energy Center,NM,44818.009416535766
2028,2,p31,FabTechSolar,403322,Grants CDEC 2,NM,361278.34735781426
2028,2,p31,FabTechSolar,400216,"Hatch Solar Energy Center I, LLC",NM,170055.63293105448
2028,2,p31,SolarCycle,401617,Holloman Solar Facility,NM,287401.8466074784
2028,2,p31,FabTechSolar,406109,"Jicarilla Solar 1, LLC",NM,20565.875249719473
2028,2,p31,SolarCycle,400427,Kit Carson,NM,937323.5773099639
2028,2,p31,SolarCycle,400210,Las Vegas Solar Energy Center,NM,133445.7698982946
2028,2,p31,SolarCycle,400434,Los Alamos PV Site,NM,2205300.303126575
2028,2,p31,FabTechSolar,400207,Los Lunas Solar Energy Center,NM,141067.3047982335
2028,2,p31,FabTechSolar,400582,Manzano Solar,NM,244889.62245596296
2028,2,p31,SolarCycle,401201,Meadow Lake Solar Energy Center,NM,219387.48413366394
2028,2,p31,SolarCycle,405693,NMSU Solar and Storage,NM,182432.80945110452
2028,2,p31,FabTechSolar,406375,OE_ESCL,NM,15073.350466417363
2028,2,p31,SolarCycle,400146,Questa Solar Facility,NM,477748.96195326786
2028,2,p31,FabTechSolar,403178,"RC Energy AA, LLC Solar Facility",NM,1004505.0950327909
2028,2,p31,FabTechSolar,401566,Rio Communities Solar Energy Center,NM,69625.54762324916
2028,2,p31,FabTechSolar,403084,Rio De Oro Solar Energy Center,NM,69999.07983146727
2028,2,p31,FabTechSolar,400624,Rio Rancho High School,NM,1982413.0231377017
2028,2,p31,SolarCycle,400135,Roadrunner Solar,NM,83835.19535995668
2028,2,p31,FabTechSolar,404648,"Route 66 Energy Center, LLC",NM,15532.349579063226
2028,2,p31,SolarCycle,403387,San Miguel I Solar Energy Center,NM,69998.21879508728
2028,2,p31,SolarCycle,405458,San Miguel II Solar Energy Center,NM,101431.00090440933
2028,2,p31,FabTechSolar,401161,Sandoval Solar Energy Center,NM,86399.63880429418
2028,2,p31,SolarCycle,401564,Santa Fe Solar Energy Center,NM,50292.07237780136
2028,2,p31,FabTechSolar,401565,Santolina Solar Energy Center,NM,42858.384582841056
2028,2,p31,FabTechSolar,400596,Silver City WWTP PV Project,NM,645178.1761458173
2028,2,p31,FabTechSolar,401563,South Valley Solar Energy Center,NM,45404.90321752397
2028,2,p31,SolarCycle,401162,Springer Solar 1,NM,1162423.2006366928
2028,2,p31,SolarCycle,400735,Storrie Lake Solar Project,NM,1269927.760586225
2028,2,p31,FabTechSolar,400623,Sue Cleveland High School,NM,1003111.5475693834
2028,2,p31,SolarCycle,400343,"SunE EPE1, LLC",NM,150073.74363132953
2028,2,p31,SolarCycle,402854,Syncarpha Eagle Nest,NM,752123.1877660636
2028,2,p31,SolarCycle,403412,Syncarpha El Rito,NM,1459617.4040435997
2028,2,p31,SolarCycle,403413,Syncarpha Questa,NM,1497440.8717810197
2028,2,p31,SolarCycle,403411,Syncarpha Taos,NM,367895.4624564359
2028,2,p31,SolarCycle,404618,Taos Mesa Energy Facility Hybrid,NM,57408.68557744474
2028,2,p31,FabTechSolar,403011,Vista Solar Energy Center,NM,197178.812796327
2028,2,p31,SolarCycle,400354,WSMR I,NM,331417.7387074962
2028,2,p31,FabTechSolar,405245,Wal-Mart Truth or Consequences PV,NM,809407.320110919
2028,2,p47,SolarCycle,400979,"Caprock Solar 1, LLC",NM,57030.60739704827
2028,2,p47,SolarCycle,400614,GSE NM1,NM,483329.33538566023
2028,2,p47,SolarCycle,404982,Hayhurst New Mexico Solar,NM,21690.389613394247
2028,2,p47,SolarCycle,402530,Middle Daisy,NM,113649.61860598146
2028,2,p47,SolarCycle,401682,"Roswell Solar, LLC",NM,20032.182064576486
2028,2,p47,SolarCycle,400546,SEV NM Phase 2,NM,219261.96586964716
2028,2,p47,SolarCycle,400260,SPS1 Dollarhide,NM,20752.091966870754
2028,2,p47,SolarCycle,400261,SPS2 Jal,NM,14527.099638180889
2028,2,p47,SolarCycle,400262,SPS3 Lea,NM,28643.03522324428
2028,2,p47,SolarCycle,400264,SPS5 Hopi,NM,70248.23292734283
2028,2,p47,SolarCycle,404698,SoCore Clovis 1,NM,258294.3410271547
2028,2,p48,SolarCycle,406439,"BESSP1, LLC",TX,13112.228343910923
2028,2,p48,SolarCycle,405590,"Hecate Energy Frye Solar, LLC",TX,7791.261932126451
2028,2,p57,OkonRecycling,404918,"Hecate Energy Upshur Rural, LLC",TX,25819.776761027217
2028,2,p59,SolarCycle,402666,Fort Bliss (DEA EPIC),TX,95390.17559629185
2028,2,p59,SolarCycle,401616,Montana Solar Facility,TX,44860.7010065269
2028,2,p60,SolarCycle,403962,"ANSON Solar Center, LLC",TX,8687.110947914887
2028,2,p60,OkonRecycling,403883,Azure Sky Solar,TX,7894.507472390775
2028,2,p60,SolarCycle,403232,"ENGIE Long Draw Solar, LLC",TX,7848.690540275772
2028,2,p60,SolarCycle,406252,Highpeak Solar 1,TX,21913.393501733117
2028,2,p60,SolarCycle,402721,Holstein 1 Solar Farm,TX,7807.756773700355
2028,2,p60,SolarCycle,405492,Juno Solar Project,TX,7531.439615086134
2028,2,p60,SolarCycle,402541,Lamesa II,TX,8447.687710132193
2028,2,p60,SolarCycle,401660,Lamesa Solar,TX,8020.150217086206
2028,2,p60,SolarCycle,405932,Lumina II Solar Project,TX,7891.410103186818
2028,2,p60,SolarCycle,405933,Lumina Solar Project,TX,7632.835515855661
2028,2,p60,SolarCycle,402909,Misae Solar,TX,8914.944607810647
2028,2,p60,OkonRecycling,400968,"OCI Alamo 7, LLC",TX,9138.388894497077
2028,2,p60,SolarCycle,405939,Texas Solar Nova 1,TX,7859.147076673008
2028,2,p61,SolarCycle,400967,Alamo 6,TX,7523.919437455543
2028,2,p61,SolarCycle,403557,Aragorn Solar Project,TX,7806.3268892047645
2028,2,p61,SolarCycle,400691,Barilla Solar,TX,9690.792338717407
2028,2,p61,SolarCycle,401946,Bluebell Solar,TX,8264.12494262532
2028,2,p61,SolarCycle,403574,Bluebell Solar II,TX,7551.709414396801
2028,2,p61,SolarCycle,400554,"Bryan Solar, LLC",TX,41281.29388350166
2028,2,p61,SolarCycle,401463,Buckthorn Westex,TX,7345.81328289094
2028,2,p61,SolarCycle,401703,East Pecos Solar,TX,7494.044571271181
2028,2,p61,SolarCycle,405363,Galloway 1 Solar Farm,TX,7474.271270113345
2028,2,p61,SolarCycle,405494,Galloway 2 Solar Farm,TX,9573.805093661393
2028,2,p61,SolarCycle,403210,Greasewood,TX,7338.765139582619
2028,2,p61,SolarCycle,406370,Hayhurst Texas Solar,TX,14339.086293930648
2028,2,p61,SolarCycle,402304,Midway Solar-TX,TX,7495.911425151283
2028,2,p61,SolarCycle,400695,"OCI Alamo 4, LLC",TX,9538.318883435672
2028,2,p61,SolarCycle,401868,Pearl Solar,TX,7883.994063918233
2028,2,p61,SolarCycle,402290,RE Maplewood,TX,7315.1585160681325
2028,2,p61,SolarCycle,401430,RE Roserock,TX,7513.918198511953
2028,2,p61,SolarCycle,402848,Rambler,TX,7515.525211007995
2028,2,p61,SolarCycle,402083,Solaire Holman Solar Project,TX,11286.214273034573
2028,2,p61,SolarCycle,403023,"Taygete Energy Project, LLC",TX,7322.356440776493
2028,2,p61,SolarCycle,404647,Taygete II Energy Project,TX,7348.847028431404
2028,2,p61,SolarCycle,403551,Titan Solar Project,TX,7625.536102920582
2028,2,p61,SolarCycle,406103,Zier Solar,TX,8345.003874507265
2028,2,p62,SolarCycle,403502,2W Permian Solar Project Hybrid,TX,7254.836922743382
2028,2,p62,SolarCycle,403697,CED Crane Solar,TX,7511.167133383784
2028,2,p62,SolarCycle,401525,Castle Gap Solar Hybrid,TX,7337.709481365067
2028,2,p62,SolarCycle,404599,Emerald Grove,TX,7748.693960384842
2028,2,p62,SolarCycle,403004,Lapetus,TX,7555.974331266765
2028,2,p62,SolarCycle,403280,Oberon IA,TX,7290.338614828885
2028,2,p62,SolarCycle,403279,Oberon IB,TX,7751.610945869979
2028,2,p62,SolarCycle,403602,Oxy Renewable Energy-Goldsmith,TX,8468.853629660323
2028,2,p62,SolarCycle,402679,Phoebe Solar,TX,7297.541866470634
2028,2,p62,SolarCycle,403177,Prospero Solar,TX,7273.907519665453
2028,2,p62,SolarCycle,404128,Prospero Solar II,TX,7590.716148165623
2028,2,p62,SolarCycle,403070,"Roadrunner, LLC",TX,7292.105343101891
2028,2,p62,SolarCycle,401805,Upton County Solar,TX,7309.151806382772
2028,2,p62,SolarCycle,402995,West of the Pecos Solar,TX,7431.645952017096
2028,2,p63,OkonRecycling,405599,"BPL Crown Solar, LLC",TX,8525.113134359255
2028,2,p63,OkonRecycling,404966,BPL Files Solar,TX,7563.084011540996
2028,2,p63,OkonRecycling,403825,Briar Creek Solar 1,TX,7728.208522951758
2028,2,p63,OkonRecycling,401697,CoServ Community Solar Station,TX,15771.749211688986
2028,2,p63,OkonRecycling,403188,Coniglio Solar,TX,7688.252939253803
2028,2,p63,OkonRecycling,406415,Dileo Solar,TX,9384.665034929318
2028,2,p63,OkonRecycling,402655,Eddy II,TX,48312.94464196876
2028,2,p63,OkonRecycling,406221,Eiffel Solar Project,TX,7972.131024687058
2028,2,p63,OkonRecycling,405540,"Ellis Solar, LLC",TX,7624.338444817735
2028,2,p63,OkonRecycling,403823,Elm Branch Solar 1,TX,7757.767839784027
2028,2,p63,OkonRecycling,406206,Five Wells Solar Center - Hybrid,TX,7549.257206520452
2028,2,p63,OkonRecycling,404567,G.S.E. One LLC,TX,8661.515829259446
2028,2,p63,OkonRecycling,403288,Griffin Solar,TX,31066.429600484473
2028,2,p63,OkonRecycling,406202,Grizzly Ridge Solar,TX,9325.550255815766
2028,2,p63,OkonRecycling,405319,IKEA Grand Prairie Rooftop PV System,TX,12166.281732168945
2028,2,p63,OkonRecycling,405689,"IP Radian, LLC",TX,9176.343203815968
2028,2,p63,OkonRecycling,403481,Impact Solar 1,TX,7836.427630868249
2028,2,p63,OkonRecycling,403190,Kellam Solar,TX,11556.260892815979
2028,2,p63,OkonRecycling,402421,Leon Solar,TX,10486.144881812363
2028,2,p63,OkonRecycling,403874,Lily Solar Hybrid,TX,7583.4790363986285
2028,2,p63,OkonRecycling,402404,Marlin Solar,TX,44953.178240113404
2028,2,p63,OkonRecycling,405794,Noble Solar,TX,7436.7048502210855
2028,2,p63,OkonRecycling,402405,North Gainesville Solar,TX,13993.372817086505
2028,2,p63,OkonRecycling,401933,Phantom Solar,TX,23574.229523710783
2028,2,p63,OkonRecycling,404872,"Pisgah Ridge Solar, LLC",TX,7461.932618348476
2028,2,p63,OkonRecycling,406416,Pitts Dudik Solar,TX,12011.579043801334
2028,2,p63,OkonRecycling,403189,Rippey Solar,TX,10940.071485502898
2028,2,p63,OkonRecycling,404630,"Samson Solar Energy III, LLC",TX,7718.840396405073
2028,2,p63,OkonRecycling,402652,Sterling Solar (TX),TX,9167.489304785247
2028,2,p63,OkonRecycling,404812,Sun Valley Solar Project,TX,7714.684664062197
2028,2,p63,OkonRecycling,404388,"TPE Erath Solar, LLC",TX,42003.504677116085
2028,2,p63,OkonRecycling,403457,"TPE Whitney Solar, LLC",TX,19894.61685208822
2028,2,p63,OkonRecycling,405361,Toyota HQ Plan,TX,8273.522852931348
2028,2,p63,OkonRecycling,405907,Verizon Hidden Ridge Solar Project,TX,8643.026597270966
2028,2,p63,OkonRecycling,405984,Waco Solar,TX,7449.155509219978
2028,2,p63,OkonRecycling,402306,Walnut Springs Solar,TX,18646.587133731467
2028,2,p63,OkonRecycling,402497,West Moore Solar II,TX,11779.674230373888
2028,2,p63,OkonRecycling,402330,Whitesboro Solar,TX,12206.937932981215
2028,2,p63,OkonRecycling,402331,Whitesboro Solar II,TX,11746.570419081838
2028,2,p63,OkonRecycling,402414,Whitewright Solar,TX,28825.42913268952
2028,2,p63,OkonRecycling,402654,Yellow Jacket,TX,36780.09943123465
2028,2,p64,OkonRecycling,405731,Austin TX GigaFactory,TX,68983.94305620976
2028,2,p64,OkonRecycling,404721,"Blue Jay Solar I, LLC",TX,9032.304170771997
2028,2,p64,OkonRecycling,402389,"E-Volve Energy Holdings, LLC",TX,348626.91401713743
2028,2,p64,OkonRecycling,400227,East Blackland Solar Project 1,TX,7952.523801014465
2028,2,p64,OkonRecycling,405101,IKEA Round Rock 027,TX,303505.97533070005
2028,2,p64,SolarCycle,402653,Lampwick,TX,37943.460165316385
2028,2,p64,OkonRecycling,405613,Niagara Bottling - Seguin,TX,67562.43147569304
2028,2,p64,OkonRecycling,400249,Webberville Solar Project,TX,14902.942656747537
2028,2,p65,OkonRecycling,405700,Aktina Solar,TX,17876.59098413358
2028,2,p65,OkonRecycling,405727,Bernard Creek Solar,TX,21440.062598421606
2028,2,p65,OkonRecycling,405477,Brightside,TX,134081.39541494576
2028,2,p65,OkonRecycling,401728,CPS 1 Community Solar,TX,3509149.244749211
2028,2,p65,OkonRecycling,402656,Cascade Solar (TX),TX,358118.7306993577
2028,2,p65,OkonRecycling,404359,FELPS 1-Calaveras,TX,10915460.653883874
2028,2,p65,OkonRecycling,404361,FELPS 2-Calaveras,TX,5461209.945629967
2028,2,p65,OkonRecycling,404739,FELPS 6- Floresville West,TX,5558767.197313475
2028,2,p65,OkonRecycling,404740,FELPS 7- Floresville West,TX,3707052.846607303
2028,2,p65,SolarCycle,405801,Horizon Solar,TX,65731.28771527778
2028,2,p65,OkonRecycling,405380,IKEA Live Oak Rooftop PV System,TX,5915815.352587137
2028,2,p65,SolarCycle,403343,Mars Solar,TX,786897.3044762894
2028,2,p65,OkonRecycling,404877,Nebula Solar,TX,79484.73284615566
2028,2,p65,OkonRecycling,400694,"OCI Alamo 2, LLC",TX,592534.6603671378
2028,2,p65,OkonRecycling,400965,"OCI Alamo 3, LLC",TX,1869653.3018513632
2028,2,p65,SolarCycle,400966,"OCI Alamo 5, LLC",TX,28465.442491440317
2028,2,p65,OkonRecycling,400593,OCI Alamo Solar I Hybrid,TX,141586.29504041816
2028,2,p65,SolarCycle,405809,Shakes Solar,TX,64765.665266717064
2028,2,p65,OkonRecycling,405545,Sparta Solar,TX,23929.83895716311
2028,2,p65,OkonRecycling,400379,"SunE CPS1, LLC",TX,562487.046203679
2028,2,p65,OkonRecycling,400364,"SunE CPS2, LLC",TX,1120796.5782654905
2028,2,p65,OkonRecycling,400353,"SunE CPS3, LLC",TX,539318.1801498864
2028,2,p65,OkonRecycling,406032,Tres Bahias,TX,37411.16908098939
2028,2,p67,OkonRecycling,404939,Brazoria County Solar Project (Danciger),TX,13418.147983167215
2028,2,p67,OkonRecycling,404681,Brazoria West,TX,9311.579290728654
2028,2,p67,OkonRecycling,404587,Fighting Jays Solar Project,TX,9867.811701390756
2028,2,p67,OkonRecycling,405564,"Fort Bend Solar, LLC",TX,9560.077171945199
2028,2,p67,OkonRecycling,403514,Wagyu,TX,17634.145434423637
2028,3,p12,ComstockMetals,405025,Brady,NV,7820.74322861726
2028,3,p12,ComstockMetals,405553,Dodge Flat,NV,7250.009415612887
2028,3,p12,ComstockMetals,404659,Fish Springs,NV,7475.412735484853
2028,3,p12,ComstockMetals,401086,Ft. Churchill PV,NV,7536.718792465231
2028,3,p12,ComstockMetals,405028,Galena 2 Geothermal Power Plant,NV,8872.205281491048
2028,3,p12,ComstockMetals,400468,"Patua Acquisition Project, LLC",NV,8440.479992394674
2028,3,p12,ComstockMetals,405021,Steamboat Hills LP,NV,9717.346184052481
2028,3,p12,ComstockMetals,405023,Steamboat II,NV,8180.268347406214
2028,3,p12,ComstockMetals,405024,Steamboat III,NV,8089.704245567912
2028,3,p12,ComstockMetals,400029,Stillwater Facility,NV,10172.545353045967
2028,3,p12,ComstockMetals,401318,Sunshine Valley Solar,NV,11546.288669429689
2028,3,p12,ComstockMetals,405576,Tesla Reno GigaFactory,NV,8147.568830504516
2028,3,p12,ComstockMetals,401943,Tungsten Mountain,NV,27405.48118030438
2028,3,p12,ComstockMetals,403308,Turquoise Liberty Solar,NV,8058.367031659259
2028,3,p12,ComstockMetals,403884,"Turquoise Nevada, LLC",NV,7337.300924566442
2028,3,p12,ComstockMetals,400035,Western 102 Power Plant,NV,11182.233829885074
2028,3,p13,WeRecycleSolar,400555,Apex Solar PV Power Project,NV,55325.12361460977
2028,3,p13,WeRecycleSolar,405385,Arrow Canyon Solar Hybrid,NV,7818.842120653816
2028,3,p13,WeRecycleSolar,400059,CM10,NV,92610.0849175297
2028,3,p13,WeRecycleSolar,400086,CM48,NV,13131.40673677756
2028,3,p13,WeRecycleSolar,400363,Copper Mountain Solar 2,NV,12734.786876916198
2028,3,p13,WeRecycleSolar,400802,Copper Mountain Solar 3,NV,10609.182997037004
2028,3,p13,WeRecycleSolar,403688,"Copper Mountain Solar 5, LLC",NV,10607.631971197034
2028,3,p13,WeRecycleSolar,405358,Dignity - San Martin,NV,284504.44746305223
2028,3,p13,WeRecycleSolar,405556,Dry Lake Solar Energy Center,NV,9342.24787017821
2028,3,p13,WeRecycleSolar,405495,Gemini Solar,NV,7667.872425588878
2028,3,p13,WeRecycleSolar,403386,"Harry Allen Solar Energy, LLC",NV,10421.582036876182
2028,3,p13,WeRecycleSolar,406090,IGS LAS1,NV,310116.7949989802
2028,3,p13,WeRecycleSolar,405309,IKEA Las Vegas 462,NV,953429.4970408983
2028,3,p13,WeRecycleSolar,400545,Las Vegas WPCF Solar Plant,NV,77105.77485387135
2028,3,p13,WeRecycleSolar,400600,Mountain View Solar,NV,55187.05864713249
2028,3,p13,WeRecycleSolar,400036,Nellis Air Force Base Solar Array,NV,46726.77640032272
2028,3,p13,WeRecycleSolar,401319,"Playa Solar 1, LLC",NV,13258.678388933207
2028,3,p13,WeRecycleSolar,401274,River Mountains Solar,NV,38056.64117153903
2028,3,p13,WeRecycleSolar,401042,Searchlight Solar,NV,29886.949951308547
2028,3,p13,WeRecycleSolar,400658,Silver State Solar Power South,NV,8968.977747450974
2028,3,p13,WeRecycleSolar,405246,"Solar Las Vegas MB 2, LLC",NV,318504.24000985123
2028,3,p13,WeRecycleSolar,405188,Solar Las Vegas MB-1,NV,70779.79166207774
2028,3,p13,WeRecycleSolar,402691,"Techren Solar III, LLC",NV,41633.314676504946
2028,3,p13,WeRecycleSolar,402692,"Techren Solar IV, LLC",NV,41768.48430243636
2028,3,p13,WeRecycleSolar,404971,Yellow Pine Solar,NV,9935.713392195068
2028,3,p27,WeRecycleSolar,400374,"Black Mountain Solar, LLC",AZ,12739.555229920905
2028,3,p27,WeRecycleSolar,402236,Gray Hawk Solar,AZ,10589.207092182423
2028,3,p27,WeRecycleSolar,401819,Jacobson 5 MW Solar,AZ,25009.417091223102
2028,3,p27,WeRecycleSolar,403718,Mohave Electric Cooperative at Joy Lane,AZ,12681.464048772743
2028,3,p27,WeRecycleSolar,406478,Mohave Energy - Hybrid,AZ,16517.5402127845
2028,3,p28,WeRecycleSolar,405418,AZ State University - Tempe Campus Solar,AZ,11433.622863042987
2028,3,p28,WeRecycleSolar,400148,Agua Caliente Solar Project,AZ,7755.069771026021
2028,3,p28,FabTechSolar,402067,Apache Solar 1,AZ,19565.222727507564
2028,3,p28,WeRecycleSolar,400274,Arizona Western College PV,AZ,101211.84012091889
2028,3,p28,WeRecycleSolar,400240,Arlington Valley Solar Energy II,AZ,7832.734731146855
2028,3,p28,WeRecycleSolar,400437,Badger 1,AZ,17539.249211162663
2028,3,p28,WeRecycleSolar,400371,Buckeye Union HS District 201,AZ,38663.363484547335
2028,3,p28,FabTechSolar,405635,"Central Line Solar, LLC",AZ,7502.077124466366
2028,3,p28,WeRecycleSolar,400201,Chino Solar Valley,AZ,24246.3624804214
2028,3,p28,WeRecycleSolar,400202,Cotton Center Solar Hybrid,AZ,11871.417920059039
2028,3,p28,WeRecycleSolar,401069,Desert Star Hybrid,AZ,19976.49519417399
2028,3,p28,FabTechSolar,403257,East Line Solar,AZ,7795.676655799809
2028,3,p28,FabTechSolar,406171,Eleven Mile Solar Center,AZ,7332.2340922362555
2028,3,p28,WeRecycleSolar,400349,Foothills Solar Plant Hybrid,AZ,21318.864222407654
2028,3,p28,FabTechSolar,400825,Fort Huachuca Solar PV Project,AZ,22001.657119955216
2028,3,p28,WeRecycleSolar,400845,Gila Bend Hybrid,AZ,8913.724286733113
2028,3,p28,FabTechSolar,400599,"Gilbert Solar Facility I, LLC",AZ,14908.64846203103
2028,3,p28,WeRecycleSolar,400204,Hyder Solar Hybrid,AZ,13111.924343381079
2028,3,p28,FabTechSolar,405282,Intel - Ocotillo Campus Solar,AZ,8611.377511458217
2028,3,p28,WeRecycleSolar,405125,Jewish Community Center PV,AZ,51807.39640175349
2028,3,p28,WeRecycleSolar,402234,Kayenta Solar Project,AZ,23575.8488404713
2028,3,p28,WeRecycleSolar,400128,Luke Solar,AZ,13130.896414174986
2028,3,p28,WeRecycleSolar,405068,Macys Goodyear,AZ,18646.623783153613
2028,3,p28,WeRecycleSolar,406279,McFarland A Solar and Storage,AZ,8785.373803422184
2028,3,p28,FabTechSolar,405617,Mesa Carport PV,AZ,10086.007179208482
2028,3,p28,FabTechSolar,404512,Mesa Solar Array,AZ,17071.783727321414
2028,3,p28,WeRecycleSolar,400250,Mesquite Solar 1,AZ,7383.018173900975
2028,3,p28,WeRecycleSolar,401622,"Mesquite Solar 3, LLC",AZ,8397.166034558988
2028,3,p28,WeRecycleSolar,404922,"Mesquite Solar 5, LLC",AZ,10122.98517291353
2028,3,p28,WeRecycleSolar,403572,OE_AZ1,AZ,12362.623340845099
2028,3,p28,WeRecycleSolar,400203,Paloma Solar Hybrid,AZ,16357.107824427412
2028,3,p28,WeRecycleSolar,405150,Phoenix Airport East Economy Lot,AZ,15894.666735067041
2028,3,p28,WeRecycleSolar,405151,Phoenix Airport Rental Car Center,AZ,9602.092380233791
2028,3,p28,FabTechSolar,400125,"Poseidon Solar, LLC",AZ,10619.45532964894
2028,3,p28,WeRecycleSolar,400031,Prescott Airport,AZ,41802.661807020304
2028,3,p28,WeRecycleSolar,400401,Prescott Solar Plant,AZ,22320.144913138753
2028,3,p28,WeRecycleSolar,400289,"RE Bagdad Solar I, LLC",AZ,19235.93572831975
2028,3,p28,FabTechSolar,403674,Saint Solar,AZ,7509.896649427538
2028,3,p28,FabTechSolar,401214,Sandstone Solar,AZ,8206.215324624485
2028,3,p28,WeRecycleSolar,406275,Sonoran Solar Energy,AZ,7320.8946031728565
2028,3,p28,FabTechSolar,406034,Storey Solar and Storage,AZ,7670.2174891875375
2028,3,p28,WeRecycleSolar,403643,Sun Streams 2,AZ,7557.9703169985405
2028,3,p28,WeRecycleSolar,406517,Sun Streams 3,AZ,7925.6239173720705
2028,3,p28,WeRecycleSolar,401975,"Sun Streams, LLC",AZ,7461.5079500868615
2028,3,p28,WeRecycleSolar,405311,T0588 Phoenix - AZ,AZ,12067.109773425453
2028,3,p28,FabTechSolar,405134,Union HS at Casa Grande,AZ,33950.72301720321
2028,3,p28,FabTechSolar,405135,Vista Grande HS at Casa Grande,AZ,41980.01777728857
2028,3,p28,FabTechSolar,400334,Walmart Casa Grande,AZ,58232.24677816483
2028,3,p28,FabTechSolar,406098,"West Line Solar, LLC",AZ,7502.210553483753
2028,3,p29,FabTechSolar,400014,Springerville,AZ,24605.33648988758
2028,3,p30,FabTechSolar,405611,Amazon TUS2,AZ,45643.03335359889
2028,3,p30,FabTechSolar,400939,Avalon Solar,AZ,14253.259689001125
2028,3,p30,FabTechSolar,401479,Avalon Solar II,AZ,13545.85252078053
2028,3,p30,FabTechSolar,400226,Avra Valley Solar,AZ,9908.71380742224
2028,3,p30,FabTechSolar,404704,Broadway 2 - Tucson Phase II,AZ,60920.72292676929
2028,3,p30,FabTechSolar,400761,"Gato Montes Solar, LLC",AZ,20812.24197965514
2028,3,p30,FabTechSolar,404536,Iron Horse Battery Storage Hybrid,AZ,32759.82981002176
2028,3,p30,FabTechSolar,400552,"Picture Rocks Solar, LLC",AZ,8422.40064518758
2028,3,p30,FabTechSolar,405303,Pima Community College - East Campus,AZ,151740.19436458408
2028,3,p30,FabTechSolar,405516,Pima Community College NW,AZ,48659.28056408854
2028,3,p30,FabTechSolar,404926,Raptor Ridge,AZ,22833.499699815293
2028,3,p30,FabTechSolar,400857,Rio Rico Solar,AZ,29856.456438228495
2028,3,p30,FabTechSolar,401076,Tech Park Solar,AZ,20589.91806742788
2028,3,p30,FabTechSolar,400156,UASTP I,AZ,49958.17662816849
2028,3,p30,FabTechSolar,401075,Valencia Solar,AZ,18048.117605207884
2028,3,p30,FabTechSolar,404187,"Wilmot Energy Center, LLC",AZ,8009.184580337891
2028,3,p31,SolarCycle,400211,Alamogordo Solar Energy Center,NM,63087.71055010068
2028,3,p31,FabTechSolar,400206,Albuquerque Solar Energy Center,NM,502262.6515947311
2028,3,p31,SolarCycle,403675,Alcalde Solar Array,NM,191547.9168045714
2028,3,p31,FabTechSolar,405469,Arroyo Solar Energy Storage Hybrid,NM,8750.608902719343
2028,3,p31,FabTechSolar,403321,Bluewater CDEC 1,NM,335262.9304331481
2028,3,p31,SolarCycle,402876,CNMEC Solar Energy Center,NM,307492.2922536814
2028,3,p31,SolarCycle,402519,Carrizozo Solar,NM,243428.7976828223
2028,3,p31,FabTechSolar,401202,Cibola,NM,85766.68782904318
2028,3,p31,FabTechSolar,402988,City of Gallup Solar,NM,184073.24757846197
2028,3,p31,FabTechSolar,403604,City of Rio Rancho WWTP,NM,1603146.625020973
2028,3,p31,FabTechSolar,401225,City of Truth or Consequences PV,NM,425847.27725667605
2028,3,p31,FabTechSolar,400209,Deming Solar Energy Center,NM,90972.20333094928
2028,3,p31,FabTechSolar,403868,Encino Solar Energy Center,NM,15987.95482728082
2028,3,p31,FabTechSolar,401038,Eubank Landfill Solar Array,NM,503292.13953127293
2028,3,p31,FabTechSolar,402443,Facebook 3 Solar Energy Center,NM,195250.04708267882
2028,3,p31,FabTechSolar,403322,Grants CDEC 2,NM,184244.17367890716
2028,3,p31,SolarCycle,401617,Holloman Solar Facility,NM,147305.92330373917
2028,3,p31,FabTechSolar,406109,"Jicarilla Solar 1, LLC",NM,20565.875249719473
2028,3,p31,SolarCycle,400427,Kit Carson,NM,1867437.1546199282
2028,3,p31,SolarCycle,400210,Las Vegas Solar Energy Center,NM,385917.3096948839
2028,3,p31,SolarCycle,400434,Los Alamos PV Site,NM,2205300.303126575
2028,3,p31,FabTechSolar,400838,Macho Springs,NM,22093.587294843685
2028,3,p31,FabTechSolar,400582,Manzano Solar,NM,244889.62245596296
2028,3,p31,SolarCycle,401201,Meadow Lake Solar Energy Center,NM,77935.82804455466
2028,3,p31,SolarCycle,405693,NMSU Solar and Storage,NM,270044.2141766568
2028,3,p31,FabTechSolar,406375,OE_ESCL,NM,11141.675233208678
2028,3,p31,SolarCycle,400581,Otero Solar,NM,53026.14978094193
2028,3,p31,SolarCycle,400146,Questa Solar Facility,NM,1183557.4048831698
2028,3,p31,FabTechSolar,403178,"RC Energy AA, LLC Solar Facility",NM,672073.3966885273
2028,3,p31,FabTechSolar,403084,Rio De Oro Solar Energy Center,NM,101393.61974720091
2028,3,p31,FabTechSolar,400624,Rio Rancho High School,NM,501010.7557844256
2028,3,p31,SolarCycle,403387,San Miguel I Solar Energy Center,NM,101392.3281926309
2028,3,p31,SolarCycle,405458,San Miguel II Solar Energy Center,NM,54320.50045220468
2028,3,p31,SolarCycle,401564,Santa Fe Solar Energy Center,NM,222620.36188900674
2028,3,p31,FabTechSolar,401565,Santolina Solar Energy Center,NM,185451.9229142052
2028,3,p31,FabTechSolar,401563,South Valley Solar Energy Center,NM,102697.25804380995
2028,3,p31,SolarCycle,401162,Springer Solar 1,NM,584816.6003183463
2028,3,p31,SolarCycle,400735,Storrie Lake Solar Project,NM,428115.9201954084
2028,3,p31,FabTechSolar,400623,Sue Cleveland High School,NM,1003111.5475693834
2028,3,p31,SolarCycle,400343,"SunE EPE1, LLC",NM,42925.93590783238
2028,3,p31,SolarCycle,400342,"SunE EPE2, LLC",NM,143818.1847605592
2028,3,p31,SolarCycle,402854,Syncarpha Eagle Nest,NM,2241949.563298191
2028,3,p31,SolarCycle,403412,Syncarpha El Rito,NM,733413.7020217999
2028,3,p31,SolarCycle,403411,Syncarpha Taos,NM,247666.97497095726
2028,3,p31,SolarCycle,404618,Taos Mesa Energy Facility Hybrid,NM,157806.05673233425
2028,3,p31,FabTechSolar,403011,Vista Solar Energy Center,NM,102194.4063981635
2028,3,p31,SolarCycle,400354,WSMR I,NM,169313.86935374813
2028,3,p31,FabTechSolar,405245,Wal-Mart Truth or Consequences PV,NM,542008.2134072793
2028,3,p47,SolarCycle,400979,"Caprock Solar 1, LLC",NM,32120.303698524134
2028,3,p47,SolarCycle,401681,"Chaves Solar, LLC",NM,19920.671109287097
2028,3,p47,SolarCycle,400614,GSE NM1,NM,165916.4451285534
2028,3,p47,SolarCycle,404982,Hayhurst New Mexico Solar,NM,36170.779226788494
2028,3,p47,SolarCycle,402530,Middle Daisy,NM,60429.809302990725
2028,3,p47,SolarCycle,400546,SEV NM Phase 2,NM,325287.9488044707
2028,3,p47,SolarCycle,400260,SPS1 Dollarhide,NM,34294.18393374149
2028,3,p47,SolarCycle,400261,SPS2 Jal,NM,36478.398552723556
2028,3,p47,SolarCycle,400262,SPS3 Lea,NM,28643.03522324428
2028,3,p47,SolarCycle,400264,SPS5 Hopi,NM,28222.74430911427
2028,3,p47,SolarCycle,404698,SoCore Clovis 1,NM,258294.3410271547
2028,3,p48,SolarCycle,406439,"BESSP1, LLC",TX,54427.82675128741
2028,3,p48,SolarCycle,405590,"Hecate Energy Frye Solar, LLC",TX,7597.507954750968
2028,3,p57,OkonRecycling,404918,"Hecate Energy Upshur Rural, LLC",TX,25819.776761027217
2028,3,p59,SolarCycle,402666,Fort Bliss (DEA EPIC),TX,51300.08779814593
2028,3,p59,SolarCycle,401616,Montana Solar Facility,TX,120162.1030195807
2028,3,p60,SolarCycle,403962,"ANSON Solar Center, LLC",TX,8687.110947914887
2028,3,p60,OkonRecycling,403883,Azure Sky Solar,TX,7757.60597791262
2028,3,p60,SolarCycle,403232,"ENGIE Long Draw Solar, LLC",TX,8487.381080551546
2028,3,p60,SolarCycle,406252,Highpeak Solar 1,TX,36616.78700346624
2028,3,p60,SolarCycle,402721,Holstein 1 Solar Farm,TX,7807.756773700355
2028,3,p60,SolarCycle,405492,Juno Solar Project,TX,7451.079711314601
2028,3,p60,SolarCycle,402541,Lamesa II,TX,8447.687710132193
2028,3,p60,SolarCycle,401660,Lamesa Solar,TX,8020.150217086206
2028,3,p60,SolarCycle,405932,Lumina II Solar Project,TX,8572.820206373635
2028,3,p60,SolarCycle,405933,Lumina Solar Project,TX,7632.835515855661
2028,3,p60,SolarCycle,402909,Misae Solar,TX,8914.944607810647
2028,3,p60,OkonRecycling,400968,"OCI Alamo 7, LLC",TX,10102.583341745612
2028,3,p60,SolarCycle,405939,Texas Solar Nova 1,TX,7859.147076673008
2028,3,p61,SolarCycle,400967,Alamo 6,TX,7523.919437455543
2028,3,p61,SolarCycle,403557,Aragorn Solar Project,TX,7806.3268892047645
2028,3,p61,SolarCycle,400691,Barilla Solar,TX,9690.792338717407
2028,3,p61,SolarCycle,401946,Bluebell Solar,TX,8527.656178281652
2028,3,p61,SolarCycle,403574,Bluebell Solar II,TX,7551.709414396801
2028,3,p61,SolarCycle,400554,"Bryan Solar, LLC",TX,24245.646941750827
2028,3,p61,SolarCycle,401463,Buckthorn Westex,TX,7345.81328289094
2028,3,p61,SolarCycle,401703,East Pecos Solar,TX,7423.033428453385
2028,3,p61,SolarCycle,405363,Galloway 1 Solar Farm,TX,7474.271270113345
2028,3,p61,SolarCycle,405494,Galloway 2 Solar Farm,TX,9573.805093661393
2028,3,p61,SolarCycle,403210,Greasewood,TX,7338.765139582619
2028,3,p61,SolarCycle,406370,Hayhurst Texas Solar,TX,8635.81725878613
2028,3,p61,SolarCycle,402304,Midway Solar-TX,TX,7400.607616767521
2028,3,p61,SolarCycle,400695,"OCI Alamo 4, LLC",TX,9538.318883435672
2028,3,p61,SolarCycle,401868,Pearl Solar,TX,7883.994063918233
2028,3,p61,SolarCycle,402290,RE Maplewood,TX,7420.317032136265
2028,3,p61,SolarCycle,401430,RE Roserock,TX,7437.9386488839655
2028,3,p61,SolarCycle,402848,Rambler,TX,7515.525211007995
2028,3,p61,SolarCycle,402083,Solaire Holman Solar Project,TX,11286.214273034573
2028,3,p61,SolarCycle,403023,"Taygete Energy Project, LLC",TX,7299.8851526211965
2028,3,p61,SolarCycle,404647,Taygete II Energy Project,TX,7348.847028431404
2028,3,p61,SolarCycle,403551,Titan Solar Project,TX,7625.536102920582
2028,3,p61,SolarCycle,406103,Zier Solar,TX,9480.007749014529
2028,3,p62,SolarCycle,403502,2W Permian Solar Project Hybrid,TX,7254.836922743382
2028,3,p62,SolarCycle,403697,CED Crane Solar,TX,7511.167133383784
2028,3,p62,SolarCycle,401525,Castle Gap Solar Hybrid,TX,7337.709481365067
2028,3,p62,SolarCycle,404599,Emerald Grove,TX,7748.693960384842
2028,3,p62,SolarCycle,403004,Lapetus,TX,7469.480748450075
2028,3,p62,SolarCycle,403280,Oberon IA,TX,7290.338614828885
2028,3,p62,SolarCycle,403279,Oberon IB,TX,7751.610945869979
2028,3,p62,SolarCycle,403602,Oxy Renewable Energy-Goldsmith,TX,8468.853629660323
2028,3,p62,SolarCycle,402679,Phoebe Solar,TX,7297.541866470634
2028,3,p62,SolarCycle,403177,Prospero Solar,TX,7273.907519665453
2028,3,p62,SolarCycle,404128,Prospero Solar II,TX,7590.716148165623
2028,3,p62,SolarCycle,403070,"Roadrunner, LLC",TX,7292.105343101891
2028,3,p62,SolarCycle,401805,Upton County Solar,TX,7328.982167659326
2028,3,p62,SolarCycle,402995,West of the Pecos Solar,TX,7376.234464012822
2028,3,p63,OkonRecycling,405599,"BPL Crown Solar, LLC",TX,8525.113134359255
2028,3,p63,OkonRecycling,404966,BPL Files Solar,TX,7563.084011540996
2028,3,p63,OkonRecycling,403825,Briar Creek Solar 1,TX,7987.312784427638
2028,3,p63,OkonRecycling,402610,Chisum,TX,26766.092477323058
2028,3,p63,OkonRecycling,401697,CoServ Community Solar Station,TX,18625.66561558532
2028,3,p63,OkonRecycling,403188,Coniglio Solar,TX,7688.252939253803
2028,3,p63,OkonRecycling,406415,Dileo Solar,TX,9384.665034929318
2028,3,p63,OkonRecycling,402655,Eddy II,TX,20910.98154732292
2028,3,p63,OkonRecycling,406221,Eiffel Solar Project,TX,7972.131024687058
2028,3,p63,OkonRecycling,405540,"Ellis Solar, LLC",TX,7624.338444817735
2028,3,p63,OkonRecycling,403823,Elm Branch Solar 1,TX,7757.767839784027
2028,3,p63,OkonRecycling,406206,Five Wells Solar Center - Hybrid,TX,7549.257206520452
2028,3,p63,OkonRecycling,404567,G.S.E. One LLC,TX,8661.515829259446
2028,3,p63,OkonRecycling,403288,Griffin Solar,TX,25102.322200363356
2028,3,p63,OkonRecycling,406202,Grizzly Ridge Solar,TX,8620.366837210511
2028,3,p63,OkonRecycling,402329,Highway 56 Solar,TX,11929.967406912638
2028,3,p63,OkonRecycling,405319,IKEA Grand Prairie Rooftop PV System,TX,11670.653558952055
2028,3,p63,OkonRecycling,405689,"IP Radian, LLC",TX,8193.171601907985
2028,3,p63,OkonRecycling,403481,Impact Solar 1,TX,7836.427630868249
2028,3,p63,OkonRecycling,403190,Kellam Solar,TX,11556.260892815979
2028,3,p63,OkonRecycling,402421,Leon Solar,TX,9940.120734843636
2028,3,p63,OkonRecycling,403874,Lily Solar Hybrid,TX,7458.986024265752
2028,3,p63,OkonRecycling,405794,Noble Solar,TX,7436.7048502210855
2028,3,p63,OkonRecycling,402405,North Gainesville Solar,TX,11958.360971960552
2028,3,p63,OkonRecycling,404872,"Pisgah Ridge Solar, LLC",TX,7713.8652366969545
2028,3,p63,OkonRecycling,406416,Pitts Dudik Solar,TX,9610.789521900668
2028,3,p63,OkonRecycling,403189,Rippey Solar,TX,10940.071485502898
2028,3,p63,OkonRecycling,404630,"Samson Solar Energy III, LLC",TX,7718.840396405073
2028,3,p63,OkonRecycling,402652,Sterling Solar (TX),TX,9412.175467883402
2028,3,p63,OkonRecycling,404812,Sun Valley Solar Project,TX,8219.369328124394
2028,3,p63,OkonRecycling,404388,"TPE Erath Solar, LLC",TX,42003.504677116085
2028,3,p63,OkonRecycling,405361,Toyota HQ Plan,TX,8273.522852931348
2028,3,p63,OkonRecycling,405907,Verizon Hidden Ridge Solar Project,TX,8643.026597270966
2028,3,p63,OkonRecycling,405984,Waco Solar,TX,7449.155509219978
2028,3,p63,OkonRecycling,402497,West Moore Solar II,TX,12287.415811526544
2028,3,p63,OkonRecycling,402330,Whitesboro Solar,TX,13634.634485261558
2028,3,p63,OkonRecycling,402331,Whitesboro Solar II,TX,11746.570419081838
2028,3,p63,OkonRecycling,402414,Whitewright Solar,TX,9371.542913268951
2028,3,p63,OkonRecycling,402654,Yellow Jacket,TX,36780.09943123465
2028,3,p64,OkonRecycling,405731,Austin TX GigaFactory,TX,130757.88611241947
2028,3,p64,OkonRecycling,404721,"Blue Jay Solar I, LLC",TX,9032.304170771997
2028,3,p64,OkonRecycling,402389,"E-Volve Energy Holdings, LLC",TX,177918.45700856872
2028,3,p64,OkonRecycling,400227,East Blackland Solar Project 1,TX,8200.03173468595
2028,3,p64,OkonRecycling,405101,IKEA Round Rock 027,TX,155357.98766535
2028,3,p64,SolarCycle,402653,Lampwick,TX,68676.92033063277
2028,3,p64,OkonRecycling,405613,Niagara Bottling - Seguin,TX,127914.86295138607
2028,3,p64,OkonRecycling,400249,Webberville Solar Project,TX,12338.628437831692
2028,3,p65,OkonRecycling,405700,Aktina Solar,TX,17876.59098413358
2028,3,p65,OkonRecycling,405727,Bernard Creek Solar,TX,21440.062598421606
2028,3,p65,OkonRecycling,405477,Brightside,TX,134081.39541494576
2028,3,p65,OkonRecycling,401728,CPS 1 Community Solar,TX,10513027.734247634
2028,3,p65,OkonRecycling,402656,Cascade Solar (TX),TX,270391.5480245183
2028,3,p65,OkonRecycling,404359,FELPS 1-Calaveras,TX,10915460.653883874
2028,3,p65,OkonRecycling,404361,FELPS 2-Calaveras,TX,5461209.945629967
2028,3,p65,OkonRecycling,404739,FELPS 6- Floresville West,TX,5558767.197313475
2028,3,p65,OkonRecycling,404740,FELPS 7- Floresville West,TX,5556974.269910956
2028,3,p65,SolarCycle,405801,Horizon Solar,TX,36470.643857638875
2028,3,p65,OkonRecycling,405380,IKEA Live Oak Rooftop PV System,TX,2961512.6762935687
2028,3,p65,SolarCycle,403343,Mars Solar,TX,1566584.6089525789
2028,3,p65,OkonRecycling,400694,"OCI Alamo 2, LLC",TX,787642.880489517
2028,3,p65,OkonRecycling,400965,"OCI Alamo 3, LLC",TX,1869653.3018513632
2028,3,p65,SolarCycle,400966,"OCI Alamo 5, LLC",TX,42635.737485733865
2028,3,p65,OkonRecycling,400593,OCI Alamo Solar I Hybrid,TX,141586.29504041816
2028,3,p65,SolarCycle,405809,Shakes Solar,TX,18721.133053343412
2028,3,p65,OkonRecycling,405545,Sparta Solar,TX,57369.51687148934
2028,3,p65,OkonRecycling,400379,"SunE CPS1, LLC",TX,562487.046203679
2028,3,p65,OkonRecycling,400364,"SunE CPS2, LLC",TX,1120796.5782654905
2028,3,p65,OkonRecycling,400353,"SunE CPS3, LLC",TX,273264.0900749432
2028,3,p65,OkonRecycling,406032,Tres Bahias,TX,27344.11272065959
2028,3,p66,OkonRecycling,406386,Umbriel Solar,TX,26355.712928863588
2028,3,p67,OkonRecycling,404939,Brazoria County Solar Project (Danciger),TX,13418.147983167215
2028,3,p67,OkonRecycling,404681,Brazoria West,TX,10362.368936092978
2028,3,p67,OkonRecycling,405564,"Fort Bend Solar, LLC",TX,9560.077171945199
2028,3,p67,OkonRecycling,403514,Wagyu,TX,17634.145434423637
2028,4,p12,ComstockMetals,402144,Battle Mountain Solar Project,NV,9736.973087226388
2028,4,p12,ComstockMetals,405025,Brady,NV,7820.74322861726
2028,4,p12,ComstockMetals,405553,Dodge Flat,NV,7250.009415612887
2028,4,p12,ComstockMetals,402609,"EGP Stillwater Solar PV II, LLC",NV,10416.67697773668
2028,4,p12,ComstockMetals,404659,Fish Springs,NV,7422.330188387883
2028,4,p12,ComstockMetals,401086,Ft. Churchill PV,NV,7536.718792465231
2028,4,p12,ComstockMetals,405028,Galena 2 Geothermal Power Plant,NV,8872.205281491048
2028,4,p12,ComstockMetals,400468,"Patua Acquisition Project, LLC",NV,8440.479992394674
2028,4,p12,ComstockMetals,405021,Steamboat Hills LP,NV,9717.346184052481
2028,4,p12,ComstockMetals,405023,Steamboat II,NV,8180.268347406214
2028,4,p12,ComstockMetals,405024,Steamboat III,NV,8089.704245567912
2028,4,p12,ComstockMetals,400029,Stillwater Facility,NV,8691.272676522984
2028,4,p12,ComstockMetals,401318,Sunshine Valley Solar,NV,11546.288669429689
2028,4,p12,ComstockMetals,405026,TS Power Plant,NV,8708.553617111791
2028,4,p12,ComstockMetals,405576,Tesla Reno GigaFactory,NV,7960.055064403614
2028,4,p12,ComstockMetals,401943,Tungsten Mountain,NV,27405.48118030438
2028,4,p12,ComstockMetals,403308,Turquoise Liberty Solar,NV,8058.367031659259
2028,4,p12,ComstockMetals,403884,"Turquoise Nevada, LLC",NV,7337.300924566442
2028,4,p12,ComstockMetals,400035,Western 102 Power Plant,NV,11749.69580558294
2028,4,p13,WeRecycleSolar,400555,Apex Solar PV Power Project,NV,55325.12361460977
2028,4,p13,WeRecycleSolar,405385,Arrow Canyon Solar Hybrid,NV,7818.842120653816
2028,4,p13,WeRecycleSolar,400059,CM10,NV,49910.04245876485
2028,4,p13,WeRecycleSolar,400086,CM48,NV,16092.11010516634
2028,4,p13,WeRecycleSolar,400363,Copper Mountain Solar 2,NV,12734.786876916198
2028,4,p13,WeRecycleSolar,403688,"Copper Mountain Solar 5, LLC",NV,10607.631971197034
2028,4,p13,WeRecycleSolar,405358,Dignity - San Martin,NV,145857.22373152612
2028,4,p13,WeRecycleSolar,405355,Dignity - Siena Campus,NV,332281.6126509582
2028,4,p13,WeRecycleSolar,405556,Dry Lake Solar Energy Center,NV,8809.185902633657
2028,4,p13,WeRecycleSolar,405495,Gemini Solar,NV,7553.404319191657
2028,4,p13,WeRecycleSolar,403386,"Harry Allen Solar Energy, LLC",NV,12027.37305531427
2028,4,p13,WeRecycleSolar,406090,IGS LAS1,NV,234390.09624923512
2028,4,p13,WeRecycleSolar,406089,IGS VGT,NV,956915.6113235087
2028,4,p13,WeRecycleSolar,405309,IKEA Las Vegas 462,NV,953429.4970408983
2028,4,p13,WeRecycleSolar,400545,Las Vegas WPCF Solar Plant,NV,100404.36647182847
2028,4,p13,WeRecycleSolar,400313,Moapa Southern Paiute,NV,11064.491262300962
2028,4,p13,WeRecycleSolar,400600,Mountain View Solar,NV,55187.05864713249
2028,4,p13,WeRecycleSolar,400036,Nellis Air Force Base Solar Array,NV,86243.55280064544
2028,4,p13,WeRecycleSolar,401319,"Playa Solar 1, LLC",NV,13258.678388933207
2028,4,p13,WeRecycleSolar,401274,River Mountains Solar,NV,38056.64117153903
2028,4,p13,WeRecycleSolar,401042,Searchlight Solar,NV,29886.949951308547
2028,4,p13,WeRecycleSolar,400658,Silver State Solar Power South,NV,10727.955494901948
2028,4,p13,WeRecycleSolar,405246,"Solar Las Vegas MB 2, LLC",NV,318504.24000985123
2028,4,p13,WeRecycleSolar,402485,"Techren Solar I, LLC",NV,15829.568192372015
2028,4,p13,WeRecycleSolar,402691,"Techren Solar III, LLC",NV,41633.314676504946
2028,4,p13,WeRecycleSolar,402692,"Techren Solar IV, LLC",NV,18729.494767478784
2028,4,p13,WeRecycleSolar,406448,Yellow Pine II,NV,12920.359778316983
2028,4,p13,WeRecycleSolar,404971,Yellow Pine Solar,NV,9935.713392195068
2028,4,p27,WeRecycleSolar,400374,"Black Mountain Solar, LLC",AZ,23798.665689762718
2028,4,p27,WeRecycleSolar,402236,Gray Hawk Solar,AZ,10589.207092182423
2028,4,p27,WeRecycleSolar,401819,Jacobson 5 MW Solar,AZ,19076.2780608154
2028,4,p27,WeRecycleSolar,401311,Mohave Electric at Fort Mohave,AZ,16516.30928514242
2028,4,p27,WeRecycleSolar,406478,Mohave Energy - Hybrid,AZ,16517.5402127845
2028,4,p28,WeRecycleSolar,405418,AZ State University - Tempe Campus Solar,AZ,11433.622863042987
2028,4,p28,FabTechSolar,402067,Apache Solar 1,AZ,19565.222727507564
2028,4,p28,WeRecycleSolar,400274,Arizona Western College PV,AZ,54210.92006045944
2028,4,p28,WeRecycleSolar,400240,Arlington Valley Solar Energy II,AZ,8455.469462293708
2028,4,p28,FabTechSolar,401688,Bonnybrooke PV,AZ,8273.334996919608
2028,4,p28,WeRecycleSolar,400371,Buckeye Union HS District 201,AZ,38663.363484547335
2028,4,p28,FabTechSolar,405635,"Central Line Solar, LLC",AZ,7502.077124466366
2028,4,p28,WeRecycleSolar,400201,Chino Solar Valley,AZ,15728.181240210703
2028,4,p28,WeRecycleSolar,401069,Desert Star Hybrid,AZ,13593.247597086993
2028,4,p28,FabTechSolar,403257,East Line Solar,AZ,7795.676655799809
2028,4,p28,FabTechSolar,406171,Eleven Mile Solar Center,AZ,7393.351138354381
2028,4,p28,WeRecycleSolar,400349,Foothills Solar Plant Hybrid,AZ,11912.954740802552
2028,4,p28,FabTechSolar,400825,Fort Huachuca Solar PV Project,AZ,17071.104746636807
2028,4,p28,FabTechSolar,400599,"Gilbert Solar Facility I, LLC",AZ,14908.64846203103
2028,4,p28,WeRecycleSolar,400204,Hyder Solar Hybrid,AZ,24915.77303014323
2028,4,p28,FabTechSolar,405282,Intel - Ocotillo Campus Solar,AZ,9078.503348610957
2028,4,p28,WeRecycleSolar,405125,Jewish Community Center PV,AZ,29508.698200876745
2028,4,p28,WeRecycleSolar,402234,Kayenta Solar Project,AZ,23575.8488404713
2028,4,p28,WeRecycleSolar,400128,Luke Solar,AZ,13130.896414174986
2028,4,p28,WeRecycleSolar,405068,Macys Goodyear,AZ,18646.623783153613
2028,4,p28,WeRecycleSolar,406279,McFarland A Solar and Storage,AZ,8785.373803422184
2028,4,p28,FabTechSolar,405617,Mesa Carport PV,AZ,15838.021537625442
2028,4,p28,FabTechSolar,404512,Mesa Solar Array,AZ,17071.783727321414
2028,4,p28,WeRecycleSolar,400250,Mesquite Solar 1,AZ,7383.018173900975
2028,4,p28,WeRecycleSolar,406038,"Mesquite Solar 4, LLC",AZ,10578.72232710217
2028,4,p28,WeRecycleSolar,404922,"Mesquite Solar 5, LLC",AZ,10122.98517291353
2028,4,p28,WeRecycleSolar,403572,OE_AZ1,AZ,12362.623340845099
2028,4,p28,WeRecycleSolar,400203,Paloma Solar Hybrid,AZ,11783.553912213707
2028,4,p28,WeRecycleSolar,405126,Paradise Valley H.S. PV,AZ,20064.18832496339
2028,4,p28,WeRecycleSolar,405150,Phoenix Airport East Economy Lot,AZ,24579.33347013408
2028,4,p28,WeRecycleSolar,405151,Phoenix Airport Rental Car Center,AZ,8406.046190116896
2028,4,p28,FabTechSolar,400125,"Poseidon Solar, LLC",AZ,10619.45532964894
2028,4,p28,WeRecycleSolar,400031,Prescott Airport,AZ,41802.661807020304
2028,4,p28,WeRecycleSolar,400401,Prescott Solar Plant,AZ,14765.072456569374
2028,4,p28,WeRecycleSolar,400289,"RE Bagdad Solar I, LLC",AZ,31261.871456639496
2028,4,p28,WeRecycleSolar,400416,Saddle Mountain Solar I,AZ,10272.215199192186
2028,4,p28,FabTechSolar,403674,Saint Solar,AZ,7509.896649427538
2028,4,p28,FabTechSolar,401214,Sandstone Solar,AZ,8206.215324624485
2028,4,p28,WeRecycleSolar,405029,Solana Generating Station,AZ,8018.712570034214
2028,4,p28,WeRecycleSolar,406275,Sonoran Solar Energy,AZ,7320.8946031728565
2028,4,p28,FabTechSolar,406034,Storey Solar and Storage,AZ,8130.434978375074
2028,4,p28,WeRecycleSolar,403643,Sun Streams 2,AZ,7557.9703169985405
2028,4,p28,WeRecycleSolar,406517,Sun Streams 3,AZ,7925.6239173720705
2028,4,p28,WeRecycleSolar,401975,"Sun Streams, LLC",AZ,7461.5079500868615
2028,4,p28,WeRecycleSolar,405311,T0588 Phoenix - AZ,AZ,19352.774433563638
2028,4,p28,FabTechSolar,405135,Vista Grande HS at Casa Grande,AZ,30390.011851525713
2028,4,p28,FabTechSolar,400334,Walmart Casa Grande,AZ,32721.123389082408
2028,4,p28,FabTechSolar,406098,"West Line Solar, LLC",AZ,7443.768442787001
2028,4,p29,FabTechSolar,400014,Springerville,AZ,15907.668244943789
2028,4,p30,FabTechSolar,405611,Amazon TUS2,AZ,45643.03335359889
2028,4,p30,FabTechSolar,400939,Avalon Solar,AZ,14253.259689001125
2028,4,p30,FabTechSolar,400226,Avra Valley Solar,AZ,12607.42761484448
2028,4,p30,FabTechSolar,404704,Broadway 2 - Tucson Phase II,AZ,25113.574308923093
2028,4,p30,FabTechSolar,405269,Canyon Del Oro High School Solar,AZ,19445.36271471914
2028,4,p30,FabTechSolar,401295,Davis Monthan AFB (AZ) West Airfield,AZ,14788.323125114917
2028,4,p30,FabTechSolar,400761,"Gato Montes Solar, LLC",AZ,20812.24197965514
2028,4,p30,FabTechSolar,404536,Iron Horse Battery Storage Hybrid,AZ,58309.659620043516
2028,4,p30,FabTechSolar,400552,"Picture Rocks Solar, LLC",AZ,8249.200553017927
2028,4,p30,FabTechSolar,405374,Pima Community College,AZ,96841.44321344193
2028,4,p30,FabTechSolar,405303,Pima Community College - East Campus,AZ,151740.19436458408
2028,4,p30,FabTechSolar,405516,Pima Community College NW,AZ,131557.84169226565
2028,4,p30,FabTechSolar,400857,Rio Rico Solar,AZ,29856.456438228495
2028,4,p30,FabTechSolar,401076,Tech Park Solar,AZ,17244.93855057091
2028,4,p30,FabTechSolar,400156,UASTP I,AZ,64207.568837558
2028,4,p30,FabTechSolar,401075,Valencia Solar,AZ,14435.411736805256
2028,4,p30,FabTechSolar,404187,"Wilmot Energy Center, LLC",AZ,8009.184580337891
2028,4,p31,SolarCycle,400211,Alamogordo Solar Energy Center,NM,100339.51758350113
2028,4,p31,FabTechSolar,400206,Albuquerque Solar Energy Center,NM,337245.10106315406
2028,4,p31,SolarCycle,403675,Alcalde Solar Array,NM,928899.584022857
2028,4,p31,FabTechSolar,405469,Arroyo Solar Energy Storage Hybrid,NM,9264.14520362579
2028,4,p31,FabTechSolar,403321,Bluewater CDEC 1,NM,663315.8608662961
2028,4,p31,SolarCycle,402876,CNMEC Solar Energy Center,NM,307492.2922536814
2028,4,p31,SolarCycle,402519,Carrizozo Solar,NM,164689.19845521485
2028,4,p31,FabTechSolar,401202,Cibola,NM,66127.51587178241
2028,4,p31,FabTechSolar,402988,City of Gallup Solar,NM,66164.41585948732
2028,4,p31,FabTechSolar,403604,City of Rio Rancho WWTP,NM,805178.3125104866
2028,4,p31,FabTechSolar,401225,City of Truth or Consequences PV,NM,425847.27725667605
2028,4,p31,FabTechSolar,400209,Deming Solar Energy Center,NM,49091.10166547464
2028,4,p31,FabTechSolar,403868,Encino Solar Energy Center,NM,42321.81930912326
2028,4,p31,FabTechSolar,401038,Eubank Landfill Solar Array,NM,999374.2790625459
2028,4,p31,FabTechSolar,402443,Facebook 3 Solar Energy Center,NM,54220.01177066971
2028,4,p31,FabTechSolar,403322,Grants CDEC 2,NM,184244.17367890716
2028,4,p31,FabTechSolar,400216,"Hatch Solar Energy Center I, LLC",NM,332901.2658621089
2028,4,p31,SolarCycle,401617,Holloman Solar Facility,NM,287401.8466074784
2028,4,p31,FabTechSolar,406109,"Jicarilla Solar 1, LLC",NM,20565.875249719473
2028,4,p31,SolarCycle,400427,Kit Carson,NM,937323.5773099639
2028,4,p31,SolarCycle,400210,Las Vegas Solar Energy Center,NM,133445.7698982946
2028,4,p31,SolarCycle,400434,Los Alamos PV Site,NM,739906.7677088584
2028,4,p31,FabTechSolar,400207,Los Lunas Solar Energy Center,NM,274924.60959646705
2028,4,p31,FabTechSolar,400838,Macho Springs,NM,22093.587294843685
2028,4,p31,FabTechSolar,400582,Manzano Solar,NM,66629.90561399075
2028,4,p31,SolarCycle,405693,NMSU Solar and Storage,NM,270044.2141766568
2028,4,p31,FabTechSolar,406375,OE_ESCL,NM,11141.675233208678
2028,4,p31,SolarCycle,400581,Otero Solar,NM,68298.19970792258
2028,4,p31,SolarCycle,400146,Questa Solar Facility,NM,791441.6032554464
2028,4,p31,FabTechSolar,403178,"RC Energy AA, LLC Solar Facility",NM,2001800.1900655816
2028,4,p31,FabTechSolar,401566,Rio Communities Solar Energy Center,NM,194456.64286974742
2028,4,p31,FabTechSolar,403084,Rio De Oro Solar Energy Center,NM,69999.07983146727
2028,4,p31,FabTechSolar,404648,"Route 66 Energy Center, LLC",NM,18306.466105417632
2028,4,p31,SolarCycle,403387,San Miguel I Solar Energy Center,NM,195574.6563852618
2028,4,p31,SolarCycle,405458,San Miguel II Solar Energy Center,NM,195652.0018088187
2028,4,p31,FabTechSolar,401161,Sandoval Solar Energy Center,NM,112796.18507239225
2028,4,p31,SolarCycle,401564,Santa Fe Solar Energy Center,NM,222620.36188900674
2028,4,p31,FabTechSolar,401565,Santolina Solar Energy Center,NM,185451.9229142052
2028,4,p31,FabTechSolar,400596,Silver City WWTP PV Project,NM,645178.1761458173
2028,4,p31,FabTechSolar,401563,South Valley Solar Energy Center,NM,45404.90321752397
2028,4,p31,SolarCycle,401162,Springer Solar 1,NM,1162423.2006366928
2028,4,p31,SolarCycle,400735,Storrie Lake Solar Project,NM,428115.9201954084
2028,4,p31,FabTechSolar,400623,Sue Cleveland High School,NM,505160.7737846918
2028,4,p31,SolarCycle,400343,"SunE EPE1, LLC",NM,42925.93590783238
2028,4,p31,SolarCycle,402854,Syncarpha Eagle Nest,NM,752123.1877660636
2028,4,p31,SolarCycle,403412,Syncarpha El Rito,NM,1459617.4040435997
2028,4,p31,SolarCycle,403411,Syncarpha Taos,NM,367895.4624564359
2028,4,p31,SolarCycle,404618,Taos Mesa Energy Facility Hybrid,NM,57408.68557744474
2028,4,p31,FabTechSolar,403011,Vista Solar Energy Center,NM,102194.4063981635
2028,4,p31,SolarCycle,400354,WSMR I,NM,88261.93467687407
2028,4,p31,FabTechSolar,405245,Wal-Mart Truth or Consequences PV,NM,328088.9280443675
2028,4,p47,SolarCycle,400979,"Caprock Solar 1, LLC",NM,17174.121479409652
2028,4,p47,SolarCycle,401681,"Chaves Solar, LLC",NM,13565.335554643554
2028,4,p47,SolarCycle,400614,GSE NM1,NM,126239.83384641506
2028,4,p47,SolarCycle,402530,Middle Daisy,NM,33819.904651495366
2028,4,p47,SolarCycle,401682,"Roswell Solar, LLC",NM,20032.182064576486
2028,4,p47,SolarCycle,400260,SPS1 Dollarhide,NM,13981.045983435373
2028,4,p47,SolarCycle,400261,SPS2 Jal,NM,21844.199276361778
2028,4,p47,SolarCycle,400262,SPS3 Lea,NM,50076.07044648855
2028,4,p47,SolarCycle,400264,SPS5 Hopi,NM,38729.11646367141
2028,4,p47,SolarCycle,404698,SoCore Clovis 1,NM,258294.3410271547
2028,4,p48,SolarCycle,406439,"BESSP1, LLC",TX,54427.82675128741
2028,4,p48,SolarCycle,405590,"Hecate Energy Frye Solar, LLC",TX,7791.261932126451
2028,4,p57,OkonRecycling,404918,"Hecate Energy Upshur Rural, LLC",TX,19616.51784068481
2028,4,p59,SolarCycle,402666,Fort Bliss (DEA EPIC),TX,183570.35119258365
2028,4,p59,SolarCycle,401616,Montana Solar Facility,TX,29800.420603916136
2028,4,p60,SolarCycle,403962,"ANSON Solar Center, LLC",TX,8687.110947914887
2028,4,p60,OkonRecycling,403883,Azure Sky Solar,TX,7894.507472390775
2028,4,p60,SolarCycle,403232,"ENGIE Long Draw Solar, LLC",TX,7848.690540275772
2028,4,p60,SolarCycle,406252,Highpeak Solar 1,TX,17012.262334488747
2028,4,p60,SolarCycle,402721,Holstein 1 Solar Farm,TX,7807.756773700355
2028,4,p60,SolarCycle,405492,Juno Solar Project,TX,7531.439615086134
2028,4,p60,SolarCycle,402541,Lamesa II,TX,8860.250280176258
2028,4,p60,SolarCycle,401660,Lamesa Solar,TX,8020.150217086206
2028,4,p60,SolarCycle,405932,Lumina II Solar Project,TX,8572.820206373635
2028,4,p60,SolarCycle,405933,Lumina Solar Project,TX,7632.835515855661
2028,4,p60,SolarCycle,402909,Misae Solar,TX,8914.944607810647
2028,4,p60,OkonRecycling,400968,"OCI Alamo 7, LLC",TX,9138.388894497077
2028,4,p60,SolarCycle,405939,Texas Solar Nova 1,TX,7859.147076673008
2028,4,p61,SolarCycle,400967,Alamo 6,TX,7680.879156183315
2028,4,p61,SolarCycle,403557,Aragorn Solar Project,TX,7806.3268892047645
2028,4,p61,SolarCycle,400691,Barilla Solar,TX,8863.861559144938
2028,4,p61,SolarCycle,401946,Bluebell Solar,TX,8527.656178281652
2028,4,p61,SolarCycle,403574,Bluebell Solar II,TX,7551.709414396801
2028,4,p61,SolarCycle,400554,"Bryan Solar, LLC",TX,18567.097961167216
2028,4,p61,SolarCycle,401463,Buckthorn Westex,TX,7345.81328289094
2028,4,p61,SolarCycle,401703,East Pecos Solar,TX,7423.033428453385
2028,4,p61,SolarCycle,405363,Galloway 1 Solar Farm,TX,7421.417016090675
2028,4,p61,SolarCycle,405494,Galloway 2 Solar Farm,TX,9573.805093661393
2028,4,p61,SolarCycle,403210,Greasewood,TX,7338.765139582619
2028,4,p61,SolarCycle,406370,Hayhurst Texas Solar,TX,9586.362097976882
2028,4,p61,SolarCycle,402304,Midway Solar-TX,TX,7400.607616767521
2028,4,p61,SolarCycle,400695,"OCI Alamo 4, LLC",TX,9072.655106748538
2028,4,p61,SolarCycle,401868,Pearl Solar,TX,7883.994063918233
2028,4,p61,SolarCycle,402290,RE Maplewood,TX,7420.317032136265
2028,4,p61,SolarCycle,401430,RE Roserock,TX,7437.9386488839655
2028,4,p61,SolarCycle,402848,Rambler,TX,7515.525211007995
2028,4,p61,SolarCycle,402083,Solaire Holman Solar Project,TX,11286.214273034573
2028,4,p61,SolarCycle,403023,"Taygete Energy Project, LLC",TX,7322.356440776493
2028,4,p61,SolarCycle,404647,Taygete II Energy Project,TX,7348.847028431404
2028,4,p61,SolarCycle,403551,Titan Solar Project,TX,7625.536102920582
2028,4,p61,SolarCycle,406103,Zier Solar,TX,9480.007749014529
2028,4,p62,SolarCycle,403502,2W Permian Solar Project Hybrid,TX,7254.836922743382
2028,4,p62,SolarCycle,403697,CED Crane Solar,TX,7511.167133383784
2028,4,p62,SolarCycle,401525,Castle Gap Solar Hybrid,TX,7337.709481365067
2028,4,p62,SolarCycle,404599,Emerald Grove,TX,8287.387920769686
2028,4,p62,SolarCycle,403004,Lapetus,TX,7469.480748450075
2028,4,p62,SolarCycle,403280,Oberon IA,TX,7290.338614828885
2028,4,p62,SolarCycle,403279,Oberon IB,TX,7751.610945869979
2028,4,p62,SolarCycle,403602,Oxy Renewable Energy-Goldsmith,TX,8049.235753106883
2028,4,p62,SolarCycle,402679,Phoebe Solar,TX,7297.541866470634
2028,4,p62,SolarCycle,403177,Prospero Solar,TX,7273.907519665453
2028,4,p62,SolarCycle,404128,Prospero Solar II,TX,7590.716148165623
2028,4,p62,SolarCycle,403070,"Roadrunner, LLC",TX,7292.105343101891
2028,4,p62,SolarCycle,401805,Upton County Solar,TX,7328.982167659326
2028,4,p62,SolarCycle,402995,West of the Pecos Solar,TX,7431.645952017096
2028,4,p63,OkonRecycling,405599,"BPL Crown Solar, LLC",TX,11155.339403077767
2028,4,p63,OkonRecycling,404966,BPL Files Solar,TX,7474.813008655748
2028,4,p63,OkonRecycling,403825,Briar Creek Solar 1,TX,7987.312784427638
2028,4,p63,OkonRecycling,402610,Chisum,TX,13728.697492441024
2028,4,p63,OkonRecycling,401697,CoServ Community Solar Station,TX,15771.749211688986
2028,4,p63,OkonRecycling,403188,Coniglio Solar,TX,7688.252939253803
2028,4,p63,OkonRecycling,406221,Eiffel Solar Project,TX,8734.262049374114
2028,4,p63,OkonRecycling,405540,"Ellis Solar, LLC",TX,7624.338444817735
2028,4,p63,OkonRecycling,403823,Elm Branch Solar 1,TX,7575.178559856016
2028,4,p63,OkonRecycling,406206,Five Wells Solar Center - Hybrid,TX,7549.257206520452
2028,4,p63,OkonRecycling,404567,G.S.E. One LLC,TX,8661.515829259446
2028,4,p63,OkonRecycling,403288,Griffin Solar,TX,78779.28880145343
2028,4,p63,OkonRecycling,406202,Grizzly Ridge Solar,TX,8620.366837210511
2028,4,p63,OkonRecycling,405319,IKEA Grand Prairie Rooftop PV System,TX,11670.653558952055
2028,4,p63,OkonRecycling,405689,"IP Radian, LLC",TX,8193.171601907985
2028,4,p63,OkonRecycling,403481,Impact Solar 1,TX,7836.427630868249
2028,4,p63,OkonRecycling,403190,Kellam Solar,TX,11556.260892815979
2028,4,p63,OkonRecycling,402421,Leon Solar,TX,10486.144881812363
2028,4,p63,OkonRecycling,403874,Lily Solar Hybrid,TX,7458.986024265752
2028,4,p63,OkonRecycling,402404,Marlin Solar,TX,82696.35648022682
2028,4,p63,OkonRecycling,405794,Noble Solar,TX,7436.7048502210855
2028,4,p63,OkonRecycling,402405,North Gainesville Solar,TX,11958.360971960552
2028,4,p63,OkonRecycling,401933,Phantom Solar,TX,23574.229523710783
2028,4,p63,OkonRecycling,404872,"Pisgah Ridge Solar, LLC",TX,7461.932618348476
2028,4,p63,OkonRecycling,406416,Pitts Dudik Solar,TX,12011.579043801334
2028,4,p63,OkonRecycling,403189,Rippey Solar,TX,10940.071485502898
2028,4,p63,OkonRecycling,404630,"Samson Solar Energy III, LLC",TX,7718.840396405073
2028,4,p63,OkonRecycling,402652,Sterling Solar (TX),TX,24827.403743067218
2028,4,p63,OkonRecycling,404812,Sun Valley Solar Project,TX,8219.369328124394
2028,4,p63,OkonRecycling,403457,"TPE Whitney Solar, LLC",TX,19894.61685208822
2028,4,p63,OkonRecycling,405361,Toyota HQ Plan,TX,8273.522852931348
2028,4,p63,OkonRecycling,405907,Verizon Hidden Ridge Solar Project,TX,8643.026597270966
2028,4,p63,OkonRecycling,405984,Waco Solar,TX,7568.733263829965
2028,4,p63,OkonRecycling,402306,Walnut Springs Solar,TX,21505.733917164333
2028,4,p63,OkonRecycling,402497,West Moore Solar II,TX,12287.415811526544
2028,4,p63,OkonRecycling,402330,Whitesboro Solar,TX,12206.937932981215
2028,4,p63,OkonRecycling,402331,Whitesboro Solar II,TX,11746.570419081838
2028,4,p63,OkonRecycling,402414,Whitewright Solar,TX,10297.918447527076
2028,4,p63,OkonRecycling,402654,Yellow Jacket,TX,36780.09943123465
2028,4,p64,OkonRecycling,404721,"Blue Jay Solar I, LLC",TX,7817.434723590667
2028,4,p64,OkonRecycling,402389,"E-Volve Energy Holdings, LLC",TX,348626.91401713743
2028,4,p64,OkonRecycling,400227,East Blackland Solar Project 1,TX,8695.047602028926
2028,4,p64,OkonRecycling,405101,IKEA Round Rock 027,TX,81283.993832675
2028,4,p64,OkonRecycling,405613,Niagara Bottling - Seguin,TX,47444.95431712869
2028,4,p64,OkonRecycling,400249,Webberville Solar Project,TX,11056.47132837377
2028,4,p65,OkonRecycling,405700,Aktina Solar,TX,14321.060656089056
2028,4,p65,OkonRecycling,405727,Bernard Creek Solar,TX,17882.5469488162
2028,4,p65,OkonRecycling,405477,Brightside,TX,134081.39541494576
2028,4,p65,OkonRecycling,401728,CPS 1 Community Solar,TX,10513027.734247634
2028,4,p65,OkonRecycling,402656,Cascade Solar (TX),TX,217755.2384196146
2028,4,p65,OkonRecycling,404359,FELPS 1-Calaveras,TX,5461335.326941937
2028,4,p65,OkonRecycling,404361,FELPS 2-Calaveras,TX,3643209.9637533105
2028,4,p65,OkonRecycling,404739,FELPS 6- Floresville West,TX,2782988.5986567372
2028,4,p65,OkonRecycling,404740,FELPS 7- Floresville West,TX,2227115.7079643817
2028,4,p65,SolarCycle,405801,Horizon Solar,TX,36470.643857638875
2028,4,p65,OkonRecycling,405380,IKEA Live Oak Rooftop PV System,TX,5915815.352587137
2028,4,p65,SolarCycle,403343,Mars Solar,TX,786897.3044762894
2028,4,p65,OkonRecycling,404877,Nebula Solar,TX,43347.36642307784
2028,4,p65,OkonRecycling,400694,"OCI Alamo 2, LLC",TX,397426.4402447585
2028,4,p65,OkonRecycling,400965,"OCI Alamo 3, LLC",TX,472820.82546284073
2028,4,p65,SolarCycle,400966,"OCI Alamo 5, LLC",TX,42635.737485733865
2028,4,p65,SolarCycle,405809,Shakes Solar,TX,26395.221755572355
2028,4,p65,OkonRecycling,405545,Sparta Solar,TX,57369.51687148934
2028,4,p65,OkonRecycling,400379,"SunE CPS1, LLC",TX,284848.5231018395
2028,4,p65,OkonRecycling,400364,"SunE CPS2, LLC",TX,564003.2891327452
2028,4,p65,OkonRecycling,400353,"SunE CPS3, LLC",TX,539318.1801498864
2028,4,p65,OkonRecycling,406032,Tres Bahias,TX,67612.33816197877
2028,4,p67,OkonRecycling,404939,Brazoria County Solar Project (Danciger),TX,10314.073991583607
2028,4,p67,OkonRecycling,404681,Brazoria West,TX,13514.737872185959
2028,4,p67,OkonRecycling,404587,Fighting Jays Solar Project,TX,12525.623402781514
2028,4,p67,OkonRecycling,405564,"Fort Bend Solar, LLC",TX,9560.077171945199
2028,4,p67,OkonRecycling,403514,Wagyu,TX,17634.145434423637
2029,1,p12,ComstockMetals,402144,Battle Mountain Solar Project,NV,7841.743271806597
2029,1,p12,ComstockMetals,405025,Brady,NV,7820.74322861726
2029,1,p12,ComstockMetals,405553,Dodge Flat,NV,7250.009415612887
2029,1,p12,ComstockMetals,402609,"EGP Stillwater Solar PV II, LLC",NV,8813.33848886834
2029,1,p12,ComstockMetals,404659,Fish Springs,NV,7422.330188387883
2029,1,p12,ComstockMetals,401086,Ft. Churchill PV,NV,7602.062550958275
2029,1,p12,ComstockMetals,405028,Galena 2 Geothermal Power Plant,NV,8872.205281491048
2029,1,p12,ComstockMetals,402130,Luning Energy,NV,10054.087241384615
2029,1,p12,ComstockMetals,400468,"Patua Acquisition Project, LLC",NV,8030.319994929785
2029,1,p12,ComstockMetals,405021,Steamboat Hills LP,NV,9717.346184052481
2029,1,p12,ComstockMetals,405023,Steamboat II,NV,8301.551890831994
2029,1,p12,ComstockMetals,405024,Steamboat III,NV,8089.704245567912
2029,1,p12,ComstockMetals,400029,Stillwater Facility,NV,8691.272676522984
2029,1,p12,ComstockMetals,401318,Sunshine Valley Solar,NV,11546.288669429689
2029,1,p12,ComstockMetals,405576,Tesla Reno GigaFactory,NV,7835.045887003011
2029,1,p12,ComstockMetals,401943,Tungsten Mountain,NV,27405.48118030438
2029,1,p12,ComstockMetals,403308,Turquoise Liberty Solar,NV,7888.693625327406
2029,1,p12,ComstockMetals,403884,"Turquoise Nevada, LLC",NV,7337.300924566442
2029,1,p12,ComstockMetals,400035,Western 102 Power Plant,NV,12506.311773180094
2029,1,p13,WeRecycleSolar,400555,Apex Solar PV Power Project,NV,23248.374538203258
2029,1,p13,WeRecycleSolar,405385,Arrow Canyon Solar Hybrid,NV,7818.842120653816
2029,1,p13,WeRecycleSolar,401649,"Boulder Solar Power, LLC",NV,11510.055984296243
2029,1,p13,WeRecycleSolar,400059,CM10,NV,92610.0849175297
2029,1,p13,WeRecycleSolar,400086,CM48,NV,11651.055052583171
2029,1,p13,WeRecycleSolar,400363,Copper Mountain Solar 2,NV,12734.786876916198
2029,1,p13,WeRecycleSolar,403688,"Copper Mountain Solar 5, LLC",NV,8342.54399039901
2029,1,p13,WeRecycleSolar,405358,Dignity - San Martin,NV,561798.8949261045
2029,1,p13,WeRecycleSolar,405355,Dignity - Siena Campus,NV,332281.6126509582
2029,1,p13,WeRecycleSolar,405556,Dry Lake Solar Energy Center,NV,8489.348722106924
2029,1,p13,WeRecycleSolar,405495,Gemini Solar,NV,7553.404319191657
2029,1,p13,WeRecycleSolar,403386,"Harry Allen Solar Energy, LLC",NV,12027.37305531427
2029,1,p13,WeRecycleSolar,406090,IGS LAS1,NV,915930.3849969405
2029,1,p13,WeRecycleSolar,406089,IGS VGT,NV,482062.8056617543
2029,1,p13,WeRecycleSolar,405309,IKEA Las Vegas 462,NV,953429.4970408983
2029,1,p13,WeRecycleSolar,400545,Las Vegas WPCF Solar Plant,NV,286793.0994154854
2029,1,p13,WeRecycleSolar,400313,Moapa Southern Paiute,NV,11064.491262300962
2029,1,p13,WeRecycleSolar,400600,Mountain View Solar,NV,55187.05864713249
2029,1,p13,WeRecycleSolar,400036,Nellis Air Force Base Solar Array,NV,46726.77640032272
2029,1,p13,WeRecycleSolar,401319,"Playa Solar 1, LLC",NV,13258.678388933207
2029,1,p13,WeRecycleSolar,401274,River Mountains Solar,NV,27774.42744769269
2029,1,p13,WeRecycleSolar,401042,Searchlight Solar,NV,29886.949951308547
2029,1,p13,WeRecycleSolar,400166,Silver State Solar Power North,NV,11455.368245520587
2029,1,p13,WeRecycleSolar,400658,Silver State Solar Power South,NV,10727.955494901948
2029,1,p13,WeRecycleSolar,405246,"Solar Las Vegas MB 2, LLC",NV,629798.4800197023
2029,1,p13,WeRecycleSolar,405188,Solar Las Vegas MB-1,NV,70779.79166207774
2029,1,p13,WeRecycleSolar,402485,"Techren Solar I, LLC",NV,15829.568192372015
2029,1,p13,WeRecycleSolar,402690,"Techren Solar II, LLC",NV,11523.369070449167
2029,1,p13,WeRecycleSolar,402691,"Techren Solar III, LLC",NV,41633.314676504946
2029,1,p13,WeRecycleSolar,402692,"Techren Solar IV, LLC",NV,15849.621075609091
2029,1,p13,WeRecycleSolar,404971,Yellow Pine Solar,NV,9935.713392195068
2029,1,p27,WeRecycleSolar,400374,"Black Mountain Solar, LLC",AZ,12739.555229920905
2029,1,p27,WeRecycleSolar,402236,Gray Hawk Solar,AZ,8899.603546091212
2029,1,p27,WeRecycleSolar,401819,Jacobson 5 MW Solar,AZ,16109.708545611547
2029,1,p27,WeRecycleSolar,403718,Mohave Electric Cooperative at Joy Lane,AZ,23624.392146318234
2029,1,p27,WeRecycleSolar,401311,Mohave Electric at Fort Mohave,AZ,16516.30928514242
2029,1,p27,WeRecycleSolar,406478,Mohave Energy - Hybrid,AZ,16517.5402127845
2029,1,p28,WeRecycleSolar,405418,AZ State University - Tempe Campus Solar,AZ,11433.622863042987
2029,1,p28,WeRecycleSolar,400148,Agua Caliente Solar Project,AZ,7482.53488551301
2029,1,p28,FabTechSolar,402067,Apache Solar 1,AZ,19565.222727507564
2029,1,p28,WeRecycleSolar,400274,Arizona Western College PV,AZ,30710.460030229722
2029,1,p28,WeRecycleSolar,400240,Arlington Valley Solar Energy II,AZ,7832.734731146855
2029,1,p28,FabTechSolar,401688,Bonnybrooke PV,AZ,9336.669993839214
2029,1,p28,WeRecycleSolar,400371,Buckeye Union HS District 201,AZ,17694.45449484911
2029,1,p28,FabTechSolar,405635,"Central Line Solar, LLC",AZ,7502.077124466366
2029,1,p28,WeRecycleSolar,400201,Chino Solar Valley,AZ,12888.787493473803
2029,1,p28,WeRecycleSolar,401069,Desert Star Hybrid,AZ,9763.299038834799
2029,1,p28,FabTechSolar,403257,East Line Solar,AZ,7795.676655799809
2029,1,p28,FabTechSolar,406171,Eleven Mile Solar Center,AZ,7393.351138354381
2029,1,p28,WeRecycleSolar,405244,Estrella Mountain PV,AZ,38968.39720121749
2029,1,p28,WeRecycleSolar,400349,Foothills Solar Plant Hybrid,AZ,11912.954740802552
2029,1,p28,FabTechSolar,400825,Fort Huachuca Solar PV Project,AZ,17071.104746636807
2029,1,p28,WeRecycleSolar,400845,Gila Bend Hybrid,AZ,12321.172860199342
2029,1,p28,FabTechSolar,400599,"Gilbert Solar Facility I, LLC",AZ,14908.64846203103
2029,1,p28,WeRecycleSolar,400204,Hyder Solar Hybrid,AZ,24915.77303014323
2029,1,p28,FabTechSolar,405282,Intel - Ocotillo Campus Solar,AZ,9078.503348610957
2029,1,p28,WeRecycleSolar,402234,Kayenta Solar Project,AZ,23575.8488404713
2029,1,p28,WeRecycleSolar,400128,Luke Solar,AZ,10170.448207087493
2029,1,p28,WeRecycleSolar,405068,Macys Goodyear,AZ,14834.415855435738
2029,1,p28,WeRecycleSolar,406279,McFarland A Solar and Storage,AZ,8785.373803422184
2029,1,p28,FabTechSolar,405617,Mesa Carport PV,AZ,11524.010768812721
2029,1,p28,FabTechSolar,404512,Mesa Solar Array,AZ,12140.891863660705
2029,1,p28,WeRecycleSolar,400250,Mesquite Solar 1,AZ,7358.3012919151215
2029,1,p28,WeRecycleSolar,406038,"Mesquite Solar 4, LLC",AZ,8332.90744236739
2029,1,p28,WeRecycleSolar,404922,"Mesquite Solar 5, LLC",AZ,8666.492586456765
2029,1,p28,WeRecycleSolar,403572,OE_AZ1,AZ,12362.623340845099
2029,1,p28,WeRecycleSolar,400203,Paloma Solar Hybrid,AZ,11783.553912213707
2029,1,p28,WeRecycleSolar,405126,Paradise Valley H.S. PV,AZ,26491.282487445085
2029,1,p28,WeRecycleSolar,405150,Phoenix Airport East Economy Lot,AZ,24579.33347013408
2029,1,p28,WeRecycleSolar,405151,Phoenix Airport Rental Car Center,AZ,8406.046190116896
2029,1,p28,FabTechSolar,402528,Pinal Central Energy Center Hybrid,AZ,12757.494783022052
2029,1,p28,FabTechSolar,400125,"Poseidon Solar, LLC",AZ,10619.45532964894
2029,1,p28,WeRecycleSolar,400031,Prescott Airport,AZ,59098.99271053045
2029,1,p28,WeRecycleSolar,400401,Prescott Solar Plant,AZ,22320.144913138753
2029,1,p28,WeRecycleSolar,400289,"RE Bagdad Solar I, LLC",AZ,31261.871456639496
2029,1,p28,FabTechSolar,400758,Red Horse 2,AZ,14867.181014927155
2029,1,p28,WeRecycleSolar,400416,Saddle Mountain Solar I,AZ,10272.215199192186
2029,1,p28,FabTechSolar,403674,Saint Solar,AZ,7609.8621992367125
2029,1,p28,FabTechSolar,401214,Sandstone Solar,AZ,7874.143549749658
2029,1,p28,WeRecycleSolar,405029,Solana Generating Station,AZ,7614.3562850171065
2029,1,p28,WeRecycleSolar,406275,Sonoran Solar Energy,AZ,7283.929735448571
2029,1,p28,FabTechSolar,406034,Storey Solar and Storage,AZ,8130.434978375074
2029,1,p28,WeRecycleSolar,403643,Sun Streams 2,AZ,7557.9703169985405
2029,1,p28,WeRecycleSolar,406517,Sun Streams 3,AZ,7925.6239173720705
2029,1,p28,WeRecycleSolar,401975,"Sun Streams, LLC",AZ,7461.5079500868615
2029,1,p28,WeRecycleSolar,405311,T0588 Phoenix - AZ,AZ,31495.548867127276
2029,1,p28,FabTechSolar,405134,Union HS at Casa Grande,AZ,20580.361508601607
2029,1,p28,FabTechSolar,405135,Vista Grande HS at Casa Grande,AZ,30390.011851525713
2029,1,p28,FabTechSolar,406098,"West Line Solar, LLC",AZ,7443.768442787001
2029,1,p30,FabTechSolar,405611,Amazon TUS2,AZ,20021.0111178663
2029,1,p30,FabTechSolar,400939,Avalon Solar,AZ,14253.259689001125
2029,1,p30,FabTechSolar,401479,Avalon Solar II,AZ,13545.85252078053
2029,1,p30,FabTechSolar,400226,Avra Valley Solar,AZ,9908.71380742224
2029,1,p30,FabTechSolar,404704,Broadway 2 - Tucson Phase II,AZ,20637.680731692322
2029,1,p30,FabTechSolar,405269,Canyon Del Oro High School Solar,AZ,25563.044072078716
2029,1,p30,FabTechSolar,401295,Davis Monthan AFB (AZ) West Airfield,AZ,14788.323125114917
2029,1,p30,FabTechSolar,400761,"Gato Montes Solar, LLC",AZ,20812.24197965514
2029,1,p30,FabTechSolar,404536,Iron Horse Battery Storage Hybrid,AZ,32759.82981002176
2029,1,p30,FabTechSolar,400552,"Picture Rocks Solar, LLC",AZ,8249.200553017927
2029,1,p30,FabTechSolar,405374,Pima Community College,AZ,52025.721606720974
2029,1,p30,FabTechSolar,405303,Pima Community College - East Campus,AZ,151740.19436458408
2029,1,p30,FabTechSolar,405516,Pima Community College NW,AZ,48659.28056408854
2029,1,p30,FabTechSolar,404926,Raptor Ridge,AZ,12417.833233271762
2029,1,p30,FabTechSolar,400857,Rio Rico Solar,AZ,18533.228219114244
2029,1,p30,FabTechSolar,401076,Tech Park Solar,AZ,47349.75420228364
2029,1,p30,FabTechSolar,401075,Valencia Solar,AZ,28886.235210415765
2029,1,p30,FabTechSolar,404187,"Wilmot Energy Center, LLC",AZ,8009.184580337891
2029,1,p31,SolarCycle,400211,Alamogordo Solar Energy Center,NM,100339.51758350113
2029,1,p31,FabTechSolar,400206,Albuquerque Solar Energy Center,NM,502262.6515947311
2029,1,p31,SolarCycle,403675,Alcalde Solar Array,NM,928899.584022857
2029,1,p31,FabTechSolar,405469,Arroyo Solar Energy Storage Hybrid,NM,8750.608902719343
2029,1,p31,FabTechSolar,403321,Bluewater CDEC 1,NM,663315.8608662961
2029,1,p31,SolarCycle,402876,CNMEC Solar Energy Center,NM,457633.43838052213
2029,1,p31,SolarCycle,402519,Carrizozo Solar,NM,243428.7976828223
2029,1,p31,FabTechSolar,402988,City of Gallup Solar,NM,184073.24757846197
2029,1,p31,FabTechSolar,403604,City of Rio Rancho WWTP,NM,805178.3125104866
2029,1,p31,FabTechSolar,401225,City of Truth or Consequences PV,NM,844484.5545133522
2029,1,p31,FabTechSolar,400209,Deming Solar Energy Center,NM,174734.4066618986
2029,1,p31,FabTechSolar,403868,Encino Solar Energy Center,NM,15987.95482728082
2029,1,p31,FabTechSolar,401038,Eubank Landfill Solar Array,NM,503292.13953127293
2029,1,p31,FabTechSolar,402443,Facebook 3 Solar Energy Center,NM,195250.04708267882
2029,1,p31,FabTechSolar,403322,Grants CDEC 2,NM,361278.34735781426
2029,1,p31,SolarCycle,401617,Holloman Solar Facility,NM,287401.8466074784
2029,1,p31,FabTechSolar,406109,"Jicarilla Solar 1, LLC",NM,20565.875249719473
2029,1,p31,SolarCycle,400427,Kit Carson,NM,1867437.1546199282
2029,1,p31,SolarCycle,400210,Las Vegas Solar Energy Center,NM,196563.6548474419
2029,1,p31,FabTechSolar,400207,Los Lunas Solar Energy Center,NM,96448.20319882236
2029,1,p31,FabTechSolar,400838,Macho Springs,NM,17132.391529895787
2029,1,p31,FabTechSolar,400582,Manzano Solar,NM,86436.54081865432
2029,1,p31,SolarCycle,401201,Meadow Lake Solar Energy Center,NM,113298.74206683195
2029,1,p31,SolarCycle,405693,NMSU Solar and Storage,NM,532878.4283533136
2029,1,p31,FabTechSolar,406375,OE_ESCL,NM,11141.675233208678
2029,1,p31,SolarCycle,400581,Otero Solar,NM,190474.59912376775
2029,1,p31,SolarCycle,400146,Questa Solar Facility,NM,1183557.4048831698
2029,1,p31,FabTechSolar,403178,"RC Energy AA, LLC Solar Facility",NM,2001800.1900655816
2029,1,p31,FabTechSolar,401566,Rio Communities Solar Energy Center,NM,100833.3214348737
2029,1,p31,FabTechSolar,403084,Rio De Oro Solar Energy Center,NM,101393.61974720091
2029,1,p31,FabTechSolar,400624,Rio Rancho High School,NM,1982413.0231377017
2029,1,p31,FabTechSolar,404648,"Route 66 Energy Center, LLC",NM,40499.3983162529
2029,1,p31,SolarCycle,403387,San Miguel I Solar Energy Center,NM,101392.3281926309
2029,1,p31,SolarCycle,405458,San Miguel II Solar Energy Center,NM,54320.50045220468
2029,1,p31,FabTechSolar,401161,Sandoval Solar Energy Center,NM,165589.2776085884
2029,1,p31,SolarCycle,401564,Santa Fe Solar Energy Center,NM,79013.45396300228
2029,1,p31,FabTechSolar,401565,Santolina Solar Energy Center,NM,96330.9614571026
2029,1,p31,FabTechSolar,400596,Silver City WWTP PV Project,NM,1283146.3522916348
2029,1,p31,FabTechSolar,406343,Sky Ranch Solar,NM,12093.354119374779
2029,1,p31,FabTechSolar,401563,South Valley Solar Energy Center,NM,70868.17202920662
2029,1,p31,SolarCycle,401162,Springer Solar 1,NM,777352.1337577953
2029,1,p31,SolarCycle,400735,Storrie Lake Solar Project,NM,638568.8802931125
2029,1,p31,FabTechSolar,400623,Sue Cleveland High School,NM,671144.3650462556
2029,1,p31,SolarCycle,400343,"SunE EPE1, LLC",NM,150073.74363132953
2029,1,p31,SolarCycle,402854,Syncarpha Eagle Nest,NM,752123.1877660636
2029,1,p31,SolarCycle,403412,Syncarpha El Rito,NM,1459617.4040435997
2029,1,p31,SolarCycle,403413,Syncarpha Questa,NM,1497440.8717810197
2029,1,p31,SolarCycle,403411,Syncarpha Taos,NM,728580.9249128716
2029,1,p31,SolarCycle,404618,Taos Mesa Energy Facility Hybrid,NM,157806.05673233425
2029,1,p31,FabTechSolar,403011,Vista Solar Energy Center,NM,197178.812796327
2029,1,p31,SolarCycle,400354,WSMR I,NM,169313.86935374813
2029,1,p31,FabTechSolar,405245,Wal-Mart Truth or Consequences PV,NM,1611604.640221838
2029,1,p47,SolarCycle,400979,"Caprock Solar 1, LLC",NM,32120.303698524134
2029,1,p47,SolarCycle,401681,"Chaves Solar, LLC",NM,10387.667777321774
2029,1,p47,SolarCycle,400614,GSE NM1,NM,245269.6676928301
2029,1,p47,SolarCycle,404982,Hayhurst New Mexico Solar,NM,16863.593075596164
2029,1,p47,SolarCycle,402530,Middle Daisy,NM,42689.87286866048
2029,1,p47,SolarCycle,401682,"Roswell Solar, LLC",NM,20032.182064576486
2029,1,p47,SolarCycle,400546,SEV NM Phase 2,NM,166248.97440223533
2029,1,p47,SolarCycle,400260,SPS1 Dollarhide,NM,16238.061311247162
2029,1,p47,SolarCycle,400261,SPS2 Jal,NM,36478.398552723556
2029,1,p47,SolarCycle,400262,SPS3 Lea,NM,17926.517611622134
2029,1,p47,SolarCycle,400264,SPS5 Hopi,NM,38729.11646367141
2029,1,p47,SolarCycle,404698,SoCore Clovis 1,NM,509378.68205430935
2029,1,p48,SolarCycle,406439,"BESSP1, LLC",TX,54427.82675128741
2029,1,p48,SolarCycle,405590,"Hecate Energy Frye Solar, LLC",TX,7500.630966063225
2029,1,p57,OkonRecycling,404918,"Hecate Energy Upshur Rural, LLC",TX,25819.776761027217
2029,1,p59,SolarCycle,402666,Fort Bliss (DEA EPIC),TX,65996.78373086122
2029,1,p59,SolarCycle,401616,Montana Solar Facility,TX,35448.02575489517
2029,1,p59,SolarCycle,401045,Newman Solar,TX,15803.243779716917
2029,1,p60,SolarCycle,403962,"ANSON Solar Center, LLC",TX,8687.110947914887
2029,1,p60,OkonRecycling,403883,Azure Sky Solar,TX,7894.507472390775
2029,1,p60,SolarCycle,403232,"ENGIE Long Draw Solar, LLC",TX,8487.381080551546
2029,1,p60,SolarCycle,406252,Highpeak Solar 1,TX,36616.78700346624
2029,1,p60,SolarCycle,402721,Holstein 1 Solar Farm,TX,7807.756773700355
2029,1,p60,SolarCycle,405492,Juno Solar Project,TX,7531.439615086134
2029,1,p60,SolarCycle,402541,Lamesa II,TX,8860.250280176258
2029,1,p60,SolarCycle,401660,Lamesa Solar,TX,7817.612662814656
2029,1,p60,SolarCycle,405932,Lumina II Solar Project,TX,8572.820206373635
2029,1,p60,SolarCycle,405933,Lumina Solar Project,TX,7632.835515855661
2029,1,p60,SolarCycle,402909,Misae Solar,TX,8914.944607810647
2029,1,p60,OkonRecycling,400968,"OCI Alamo 7, LLC",TX,9138.388894497077
2029,1,p60,SolarCycle,405939,Texas Solar Nova 1,TX,7859.147076673008
2029,1,p61,SolarCycle,400967,Alamo 6,TX,7445.439578091657
2029,1,p61,SolarCycle,403557,Aragorn Solar Project,TX,7806.3268892047645
2029,1,p61,SolarCycle,400691,Barilla Solar,TX,8863.861559144938
2029,1,p61,SolarCycle,401946,Bluebell Solar,TX,8527.656178281652
2029,1,p61,SolarCycle,403574,Bluebell Solar II,TX,7551.709414396801
2029,1,p61,SolarCycle,400554,"Bryan Solar, LLC",TX,24245.646941750827
2029,1,p61,SolarCycle,401463,Buckthorn Westex,TX,7345.81328289094
2029,1,p61,SolarCycle,401703,East Pecos Solar,TX,7423.033428453385
2029,1,p61,SolarCycle,405363,Galloway 1 Solar Farm,TX,7562.36169348446
2029,1,p61,SolarCycle,405494,Galloway 2 Solar Farm,TX,9573.805093661393
2029,1,p61,SolarCycle,403210,Greasewood,TX,7338.765139582619
2029,1,p61,SolarCycle,406370,Hayhurst Texas Solar,TX,14339.086293930648
2029,1,p61,SolarCycle,402304,Midway Solar-TX,TX,7400.607616767521
2029,1,p61,SolarCycle,400695,"OCI Alamo 4, LLC",TX,9538.318883435672
2029,1,p61,SolarCycle,401868,Pearl Solar,TX,7883.994063918233
2029,1,p61,SolarCycle,402290,RE Maplewood,TX,7420.317032136265
2029,1,p61,SolarCycle,401430,RE Roserock,TX,7392.350919107173
2029,1,p61,SolarCycle,402848,Rambler,TX,7515.525211007995
2029,1,p61,SolarCycle,402083,Solaire Holman Solar Project,TX,11286.214273034573
2029,1,p61,SolarCycle,403023,"Taygete Energy Project, LLC",TX,7322.356440776493
2029,1,p61,SolarCycle,404647,Taygete II Energy Project,TX,7395.129371241873
2029,1,p61,SolarCycle,403551,Titan Solar Project,TX,7625.536102920582
2029,1,p61,SolarCycle,406103,Zier Solar,TX,9480.007749014529
2029,1,p62,SolarCycle,403502,2W Permian Solar Project Hybrid,TX,7254.836922743382
2029,1,p62,SolarCycle,403697,CED Crane Solar,TX,7511.167133383784
2029,1,p62,SolarCycle,401525,Castle Gap Solar Hybrid,TX,7337.709481365067
2029,1,p62,SolarCycle,404599,Emerald Grove,TX,8287.387920769686
2029,1,p62,SolarCycle,403004,Lapetus,TX,7555.974331266765
2029,1,p62,SolarCycle,403280,Oberon IA,TX,7290.338614828885
2029,1,p62,SolarCycle,403279,Oberon IB,TX,7751.610945869979
2029,1,p62,SolarCycle,403602,Oxy Renewable Energy-Goldsmith,TX,8468.853629660323
2029,1,p62,SolarCycle,402679,Phoebe Solar,TX,7297.541866470634
2029,1,p62,SolarCycle,403177,Prospero Solar,TX,7273.907519665453
2029,1,p62,SolarCycle,404128,Prospero Solar II,TX,7400.358074082813
2029,1,p62,SolarCycle,403070,"Roadrunner, LLC",TX,7292.105343101891
2029,1,p62,SolarCycle,401805,Upton County Solar,TX,7309.151806382772
2029,1,p62,SolarCycle,402995,West of the Pecos Solar,TX,7376.234464012822
2029,1,p63,OkonRecycling,405599,"BPL Crown Solar, LLC",TX,9182.669701538884
2029,1,p63,OkonRecycling,404966,BPL Files Solar,TX,7474.813008655748
2029,1,p63,OkonRecycling,403825,Briar Creek Solar 1,TX,7987.312784427638
2029,1,p63,OkonRecycling,402610,Chisum,TX,13728.697492441024
2029,1,p63,OkonRecycling,401697,CoServ Community Solar Station,TX,16994.856241930273
2029,1,p63,OkonRecycling,403188,Coniglio Solar,TX,7688.252939253803
2029,1,p63,OkonRecycling,402655,Eddy II,TX,20910.98154732292
2029,1,p63,OkonRecycling,406221,Eiffel Solar Project,TX,8734.262049374114
2029,1,p63,OkonRecycling,405540,"Ellis Solar, LLC",TX,7520.753833613302
2029,1,p63,OkonRecycling,403823,Elm Branch Solar 1,TX,7757.767839784027
2029,1,p63,OkonRecycling,406206,Five Wells Solar Center - Hybrid,TX,7549.257206520452
2029,1,p63,OkonRecycling,404567,G.S.E. One LLC,TX,10113.0316585189
2029,1,p63,OkonRecycling,406202,Grizzly Ridge Solar,TX,9325.550255815766
2029,1,p63,OkonRecycling,402329,Highway 56 Solar,TX,11457.970666221376
2029,1,p63,OkonRecycling,405319,IKEA Grand Prairie Rooftop PV System,TX,12785.816948690062
2029,1,p63,OkonRecycling,405689,"IP Radian, LLC",TX,9176.343203815968
2029,1,p63,OkonRecycling,403481,Impact Solar 1,TX,8149.641446302376
2029,1,p63,OkonRecycling,403190,Kellam Solar,TX,11556.260892815979
2029,1,p63,OkonRecycling,402421,Leon Solar,TX,9940.120734843636
2029,1,p63,OkonRecycling,403874,Lily Solar Hybrid,TX,7583.4790363986285
2029,1,p63,OkonRecycling,402404,Marlin Solar,TX,32372.118826742266
2029,1,p63,OkonRecycling,405794,Noble Solar,TX,7436.7048502210855
2029,1,p63,OkonRecycling,402405,North Gainesville Solar,TX,11958.360971960552
2029,1,p63,OkonRecycling,401933,Phantom Solar,TX,39938.459047421566
2029,1,p63,OkonRecycling,404872,"Pisgah Ridge Solar, LLC",TX,8217.730473393909
2029,1,p63,OkonRecycling,406416,Pitts Dudik Solar,TX,12011.579043801334
2029,1,p63,OkonRecycling,403189,Rippey Solar,TX,10940.071485502898
2029,1,p63,OkonRecycling,404630,"Samson Solar Energy III, LLC",TX,7718.840396405073
2029,1,p63,OkonRecycling,402652,Sterling Solar (TX),TX,9726.771963295318
2029,1,p63,OkonRecycling,404812,Sun Valley Solar Project,TX,8219.369328124394
2029,1,p63,OkonRecycling,403457,"TPE Whitney Solar, LLC",TX,19894.61685208822
2029,1,p63,OkonRecycling,405361,Toyota HQ Plan,TX,8391.69205881261
2029,1,p63,OkonRecycling,405907,Verizon Hidden Ridge Solar Project,TX,8643.026597270966
2029,1,p63,OkonRecycling,405984,Waco Solar,TX,7927.466527659931
2029,1,p63,OkonRecycling,402306,Walnut Springs Solar,TX,26270.97855621911
2029,1,p63,OkonRecycling,402497,West Moore Solar II,TX,12922.092787967364
2029,1,p63,OkonRecycling,402330,Whitesboro Solar,TX,12206.937932981215
2029,1,p63,OkonRecycling,402331,Whitesboro Solar II,TX,11746.570419081838
2029,1,p63,OkonRecycling,402414,Whitewright Solar,TX,28825.42913268952
2029,1,p63,OkonRecycling,402654,Yellow Jacket,TX,36780.09943123465
2029,1,p64,OkonRecycling,405731,Austin TX GigaFactory,TX,254305.77222483896
2029,1,p64,OkonRecycling,404721,"Blue Jay Solar I, LLC",TX,8121.152085385999
2029,1,p64,OkonRecycling,402648,Bovine,TX,63929.08467097585
2029,1,p64,OkonRecycling,402389,"E-Volve Energy Holdings, LLC",TX,92564.22850428436
2029,1,p64,OkonRecycling,400227,East Blackland Solar Project 1,TX,8695.047602028926
2029,1,p64,OkonRecycling,405101,IKEA Round Rock 027,TX,303505.97533070005
2029,1,p64,SolarCycle,402653,Lampwick,TX,37943.460165316385
2029,1,p64,OkonRecycling,405613,Niagara Bottling - Seguin,TX,67562.43147569304
2029,1,p64,OkonRecycling,400249,Webberville Solar Project,TX,14902.942656747537
2029,1,p65,OkonRecycling,405700,Aktina Solar,TX,14321.060656089056
2029,1,p65,OkonRecycling,405727,Bernard Creek Solar,TX,17882.5469488162
2029,1,p65,OkonRecycling,405477,Brightside,TX,134081.39541494576
2029,1,p65,OkonRecycling,401728,CPS 1 Community Solar,TX,5260118.867123818
2029,1,p65,OkonRecycling,402656,Cascade Solar (TX),TX,358118.7306993577
2029,1,p65,OkonRecycling,404359,FELPS 1-Calaveras,TX,10915460.653883874
2029,1,p65,OkonRecycling,404361,FELPS 2-Calaveras,TX,3643209.9637533105
2029,1,p65,OkonRecycling,404739,FELPS 6- Floresville West,TX,11110324.39462695
2029,1,p65,OkonRecycling,404740,FELPS 7- Floresville West,TX,11106738.539821908
2029,1,p65,OkonRecycling,406516,Ganado Solar,TX,77924.57834210852
2029,1,p65,SolarCycle,405801,Horizon Solar,TX,65731.28771527778
2029,1,p65,OkonRecycling,405380,IKEA Live Oak Rooftop PV System,TX,2961512.6762935687
2029,1,p65,SolarCycle,403343,Mars Solar,TX,786897.3044762894
2029,1,p65,OkonRecycling,404877,Nebula Solar,TX,151759.46569231132
2029,1,p65,OkonRecycling,400694,"OCI Alamo 2, LLC",TX,1177859.3207342757
2029,1,p65,OkonRecycling,400965,"OCI Alamo 3, LLC",TX,1869653.3018513632
2029,1,p65,SolarCycle,400966,"OCI Alamo 5, LLC",TX,42635.737485733865
2029,1,p65,OkonRecycling,400593,OCI Alamo Solar I Hybrid,TX,96794.1966936121
2029,1,p65,SolarCycle,405809,Shakes Solar,TX,64765.665266717064
2029,1,p65,OkonRecycling,405545,Sparta Solar,TX,57369.51687148934
2029,1,p65,OkonRecycling,400379,"SunE CPS1, LLC",TX,562487.046203679
2029,1,p65,OkonRecycling,400364,"SunE CPS2, LLC",TX,1120796.5782654905
2029,1,p65,OkonRecycling,400353,"SunE CPS3, LLC",TX,361948.7867665909
2029,1,p65,OkonRecycling,406032,Tres Bahias,TX,37411.16908098939
2029,1,p67,OkonRecycling,404939,Brazoria County Solar Project (Danciger),TX,10314.073991583607
2029,1,p67,OkonRecycling,404587,Fighting Jays Solar Project,TX,9867.811701390756
2029,1,p67,OkonRecycling,405564,"Fort Bend Solar, LLC",TX,11910.1543438904
2029,1,p67,OkonRecycling,403514,Wagyu,TX,17634.145434423637
2029,2,p12,ComstockMetals,402144,Battle Mountain Solar Project,NV,9110.291404430402
2029,2,p12,ComstockMetals,405025,Brady,NV,7669.280755114537
2029,2,p12,ComstockMetals,405553,Dodge Flat,NV,7240.087201549464
2029,2,p12,ComstockMetals,402609,"EGP Stillwater Solar PV II, LLC",NV,9621.430785860188
2029,2,p12,ComstockMetals,404659,Fish Springs,NV,7369.67294386085
2029,2,p12,ComstockMetals,401086,Ft. Churchill PV,NV,7455.693520095623
2029,2,p12,ComstockMetals,405028,Galena 2 Geothermal Power Plant,NV,8459.98339902513
2029,2,p12,ComstockMetals,402130,Luning Energy,NV,9348.76220746991
2029,2,p12,ComstockMetals,400468,"Patua Acquisition Project, LLC",NV,8135.324675870482
2029,2,p12,ComstockMetals,405021,Steamboat Hills LP,NV,9095.531913882007
2029,2,p12,ComstockMetals,405023,Steamboat II,NV,7939.644731828416
2029,2,p12,ComstockMetals,405024,Steamboat III,NV,7871.54025333467
2029,2,p12,ComstockMetals,400029,Stillwater Facility,NV,9437.843065716086
2029,2,p12,ComstockMetals,401318,Sunshine Valley Solar,NV,10470.902194526596
2029,2,p12,ComstockMetals,405026,TS Power Plant,NV,9463.833704894147
2029,2,p12,ComstockMetals,405576,Tesla Reno GigaFactory,NV,7915.054596218569
2029,2,p12,ComstockMetals,401943,Tungsten Mountain,NV,22397.062928870113
2029,2,p12,ComstockMetals,403308,Turquoise Liberty Solar,NV,7847.974573695883
2029,2,p12,ComstockMetals,403884,"Turquoise Nevada, LLC",NV,7305.730680295916
2029,2,p12,ComstockMetals,400035,Western 102 Power Plant,NV,9865.228314759386
2029,2,p13,WeRecycleSolar,400555,Apex Solar PV Power Project,NV,23242.51304394374
2029,2,p13,WeRecycleSolar,405385,Arrow Canyon Solar Hybrid,NV,7615.7464060269285
2029,2,p13,WeRecycleSolar,401649,"Boulder Solar Power, LLC",NV,12941.312608494229
2029,2,p13,WeRecycleSolar,400059,CM10,NV,35666.29133910109
2029,2,p13,WeRecycleSolar,400086,CM48,NV,19048.485317791812
2029,2,p13,WeRecycleSolar,400363,Copper Mountain Solar 2,NV,10891.845166964205
2029,2,p13,WeRecycleSolar,403688,"Copper Mountain Solar 5, LLC",NV,9474.260166223352
2029,2,p13,WeRecycleSolar,405358,Dignity - San Martin,NV,130406.93579295992
2029,2,p13,WeRecycleSolar,405556,Dry Lake Solar Energy Center,NV,8630.97906950709
2029,2,p13,WeRecycleSolar,405495,Gemini Solar,NV,7576.16407071577
2029,2,p13,WeRecycleSolar,406090,IGS LAS1,NV,158608.04630302606
2029,2,p13,WeRecycleSolar,406089,IGS VGT,NV,218178.5612006812
2029,2,p13,WeRecycleSolar,405309,IKEA Las Vegas 462,NV,217404.15226214868
2029,2,p13,WeRecycleSolar,400545,Las Vegas WPCF Solar Plant,NV,100370.30702005592
2029,2,p13,WeRecycleSolar,400313,Moapa Southern Paiute,NV,9778.721715674576
2029,2,p13,WeRecycleSolar,400600,Mountain View Solar,NV,17867.672138338454
2029,2,p13,WeRecycleSolar,400036,Nellis Air Force Base Solar Array,NV,33544.88955229075
2029,2,p13,WeRecycleSolar,401319,"Playa Solar 1, LLC",NV,11240.978531654295
2029,2,p13,WeRecycleSolar,401274,River Mountains Solar,NV,27766.91183112272
2029,2,p13,WeRecycleSolar,401042,Searchlight Solar,NV,17284.961012350497
2029,2,p13,WeRecycleSolar,400166,Silver State Solar Power North,NV,9473.36890888041
2029,2,p13,WeRecycleSolar,400658,Silver State Solar Power South,NV,8382.223266260156
2029,2,p13,WeRecycleSolar,405246,"Solar Las Vegas MB 2, LLC",NV,422117.2963783942
2029,2,p13,WeRecycleSolar,405188,Solar Las Vegas MB-1,NV,70756.55901041356
2029,2,p13,WeRecycleSolar,402485,"Techren Solar I, LLC",NV,10082.139341972006
2029,2,p13,WeRecycleSolar,402691,"Techren Solar III, LLC",NV,30150.489397361453
2029,2,p13,WeRecycleSolar,402692,"Techren Solar IV, LLC",NV,30240.56954797058
2029,2,p13,WeRecycleSolar,404971,Yellow Pine Solar,NV,9026.478156200783
2029,2,p27,WeRecycleSolar,400374,"Black Mountain Solar, LLC",AZ,9792.979609549786
2029,2,p27,WeRecycleSolar,402236,Gray Hawk Solar,AZ,9314.671509762176
2029,2,p27,WeRecycleSolar,403718,Mohave Electric Cooperative at Joy Lane,AZ,9254.67512987541
2029,2,p27,WeRecycleSolar,401311,Mohave Electric at Fort Mohave,AZ,30394.99396948717
2029,2,p27,WeRecycleSolar,406478,Mohave Energy - Hybrid,AZ,13007.015151019279
2029,2,p28,WeRecycleSolar,405418,AZ State University - Tempe Campus Solar,AZ,10001.636173109518
2029,2,p28,FabTechSolar,402067,Apache Solar 1,AZ,15376.279947657327
2029,2,p28,WeRecycleSolar,400274,Arizona Western College PV,AZ,69341.24271028079
2029,2,p28,WeRecycleSolar,400240,Arlington Valley Solar Energy II,AZ,8033.202666569851
2029,2,p28,WeRecycleSolar,400437,Badger 1,AZ,14037.197094526944
2029,2,p28,FabTechSolar,401688,Bonnybrooke PV,AZ,7912.81948407567
2029,2,p28,FabTechSolar,405635,"Central Line Solar, LLC",AZ,7403.05063270035
2029,2,p28,WeRecycleSolar,400201,Chino Solar Valley,AZ,10025.078861248352
2029,2,p28,WeRecycleSolar,401069,Desert Star Hybrid,AZ,8897.622732594446
2029,2,p28,FabTechSolar,403257,East Line Solar,AZ,7597.107511985243
2029,2,p28,FabTechSolar,406171,Eleven Mile Solar Center,AZ,7331.187351903415
2029,2,p28,WeRecycleSolar,400349,Foothills Solar Plant Hybrid,AZ,16535.3628465272
2029,2,p28,FabTechSolar,400825,Fort Huachuca Solar PV Project,AZ,16986.66008904727
2029,2,p28,WeRecycleSolar,400845,Gila Bend Hybrid,AZ,8899.134601528804
2029,2,p28,FabTechSolar,400599,"Gilbert Solar Facility I, LLC",AZ,12298.481199094467
2029,2,p28,WeRecycleSolar,400204,Hyder Solar Hybrid,AZ,13061.383760647064
2029,2,p28,FabTechSolar,405282,Intel - Ocotillo Campus Solar,AZ,10915.005186329909
2029,2,p28,WeRecycleSolar,405125,Jewish Community Center PV,AZ,17035.66460585461
2029,2,p28,WeRecycleSolar,402234,Kayenta Solar Project,AZ,18027.13427268119
2029,2,p28,WeRecycleSolar,400128,Luke Solar,AZ,9166.731121956365
2029,2,p28,WeRecycleSolar,405068,Macys Goodyear,AZ,14769.124876100783
2029,2,p28,WeRecycleSolar,406279,McFarland A Solar and Storage,AZ,8251.255490466297
2029,2,p28,FabTechSolar,404512,Mesa Solar Array,AZ,13728.222170229094
2029,2,p28,WeRecycleSolar,400250,Mesquite Solar 1,AZ,7324.357699190815
2029,2,p28,WeRecycleSolar,401622,"Mesquite Solar 3, LLC",AZ,7994.666565417284
2029,2,p28,WeRecycleSolar,404922,"Mesquite Solar 5, LLC",AZ,9135.36006270651
2029,2,p28,WeRecycleSolar,403572,OE_AZ1,AZ,10615.666218585671
2029,2,p28,WeRecycleSolar,400203,Paloma Solar Hybrid,AZ,9225.283869640389
2029,2,p28,WeRecycleSolar,405126,Paradise Valley H.S. PV,AZ,15706.075115493719
2029,2,p28,WeRecycleSolar,405150,Phoenix Airport East Economy Lot,AZ,11036.798397990606
2029,2,p28,WeRecycleSolar,405151,Phoenix Airport Rental Car Center,AZ,8264.047963816718
2029,2,p28,FabTechSolar,400125,"Poseidon Solar, LLC",AZ,9463.505849713018
2029,2,p28,WeRecycleSolar,400031,Prescott Airport,AZ,41506.430750109495
2029,2,p28,WeRecycleSolar,400401,Prescott Solar Plant,AZ,13868.111371565363
2029,2,p28,WeRecycleSolar,400289,"RE Bagdad Solar I, LLC",AZ,15158.635160687612
2029,2,p28,WeRecycleSolar,405132,"RE Gillespie 1, LLC",AZ,13762.62748820353
2029,2,p28,FabTechSolar,406380,SR McNeal,AZ,17252.769402935468
2029,2,p28,FabTechSolar,403674,Saint Solar,AZ,7474.292010874308
2029,2,p28,FabTechSolar,401214,Sandstone Solar,AZ,7868.456217945578
2029,2,p28,WeRecycleSolar,405029,Solana Generating Station,AZ,7477.262411602882
2029,2,p28,WeRecycleSolar,406275,Sonoran Solar Energy,AZ,7283.296645003226
2029,2,p28,FabTechSolar,406034,Storey Solar and Storage,AZ,7818.368612432379
2029,2,p28,WeRecycleSolar,403643,Sun Streams 2,AZ,7899.981010805717
2029,2,p28,WeRecycleSolar,406517,Sun Streams 3,AZ,7682.997158803825
2029,2,p28,WeRecycleSolar,401975,"Sun Streams, LLC",AZ,7342.988898688033
2029,2,p28,WeRecycleSolar,405311,T0588 Phoenix - AZ,AZ,12560.573737261997
2029,2,p28,FabTechSolar,405134,Union HS at Casa Grande,AZ,42558.97508161681
2029,2,p28,FabTechSolar,405135,Vista Grande HS at Casa Grande,AZ,53173.023931927186
2029,2,p28,FabTechSolar,406098,"West Line Solar, LLC",AZ,7467.518431520777
2029,2,p29,FabTechSolar,400014,Springerville,AZ,18428.99253307047
2029,2,p30,FabTechSolar,405143,Actus Lend Lease DMAFB,AZ,27460.04263062637
2029,2,p30,FabTechSolar,405611,Amazon TUS2,AZ,23663.797436766537
2029,2,p30,FabTechSolar,400939,Avalon Solar,AZ,8717.666167683794
2029,2,p30,FabTechSolar,401479,Avalon Solar II,AZ,11278.719986542028
2029,2,p30,FabTechSolar,400226,Avra Valley Solar,AZ,8943.043938475877
2029,2,p30,FabTechSolar,404704,Broadway 2 - Tucson Phase II,AZ,18707.210577793227
2029,2,p30,FabTechSolar,405269,Canyon Del Oro High School Solar,AZ,18995.848389784518
2029,2,p30,FabTechSolar,401295,Davis Monthan AFB (AZ) West Airfield,AZ,10454.401566324146
2029,2,p30,FabTechSolar,400761,"Gato Montes Solar, LLC",AZ,20312.50995179082
2029,2,p30,FabTechSolar,404536,Iron Horse Battery Storage Hybrid,AZ,40024.874670717996
2029,2,p30,FabTechSolar,400552,"Picture Rocks Solar, LLC",AZ,7877.347613635535
2029,2,p30,FabTechSolar,405374,Pima Community College,AZ,45582.65711062896
2029,2,p30,FabTechSolar,405516,Pima Community College NW,AZ,47136.47770109062
2029,2,p30,FabTechSolar,400408,Prairie Fire,AZ,21660.890747091213
2029,2,p30,FabTechSolar,400857,Rio Rico Solar,AZ,13027.186535347097
2029,2,p30,FabTechSolar,401076,Tech Park Solar,AZ,20098.353985676138
2029,2,p30,FabTechSolar,400156,UASTP I,AZ,117017.07651562011
2029,2,p30,FabTechSolar,401075,Valencia Solar,AZ,11849.971818806363
2029,2,p30,FabTechSolar,404187,"Wilmot Energy Center, LLC",AZ,7723.215587688016
2029,2,p31,FabTechSolar,400206,Albuquerque Solar Energy Center,NM,149575.9591760823
2029,2,p31,FabTechSolar,405469,Arroyo Solar Energy Storage Hybrid,NM,8391.451513325244
2029,2,p31,SolarCycle,402519,Carrizozo Solar,NM,61554.951954833785
2029,2,p31,FabTechSolar,401202,Cibola,NM,52392.257589979665
2029,2,p31,FabTechSolar,402988,City of Gallup Solar,NM,32640.937298682908
2029,2,p31,FabTechSolar,401225,City of Truth or Consequences PV,NM,127600.62376803662
2029,2,p31,FabTechSolar,400209,Deming Solar Energy Center,NM,103562.46983526749
2029,2,p31,FabTechSolar,403868,Encino Solar Energy Center,NM,17307.366044314756
2029,2,p31,FabTechSolar,401038,Eubank Landfill Solar Array,NM,197426.02220015772
2029,2,p31,FabTechSolar,403322,Grants CDEC 2,NM,75091.37211009335
2029,2,p31,FabTechSolar,400216,"Hatch Solar Energy Center I, LLC",NM,54040.72528787264
2029,2,p31,SolarCycle,401617,Holloman Solar Facility,NM,60927.89696455246
2029,2,p31,FabTechSolar,406109,"Jicarilla Solar 1, LLC",NM,30255.0880459356
2029,2,p31,SolarCycle,400427,Kit Carson,NM,542169.3064490091
2029,2,p31,SolarCycle,400434,Los Alamos PV Site,NM,1271452.2310119825
2029,2,p31,FabTechSolar,400207,Los Lunas Solar Energy Center,NM,58535.782631908216
2029,2,p31,FabTechSolar,400838,Macho Springs,NM,15770.366960506642
2029,2,p31,FabTechSolar,400582,Manzano Solar,NM,143912.58029545078
2029,2,p31,SolarCycle,401201,Meadow Lake Solar Energy Center,NM,47888.30084598156
2029,2,p31,SolarCycle,405693,NMSU Solar and Storage,NM,158380.36495012612
2029,2,p31,FabTechSolar,406375,OE_ESCL,NM,9471.321958145263
2029,2,p31,SolarCycle,400581,Otero Solar,NM,42345.17246193065
2029,2,p31,SolarCycle,400146,Questa Solar Facility,NM,1360373.758085162
2029,2,p31,FabTechSolar,403178,"RC Energy AA, LLC Solar Facility",NM,294009.54006624804
2029,2,p31,FabTechSolar,401566,Rio Communities Solar Energy Center,NM,114905.80903679637
2029,2,p31,FabTechSolar,403084,Rio De Oro Solar Energy Center,NM,43323.441861970954
2029,2,p31,FabTechSolar,400624,Rio Rancho High School,NM,575233.7688873117
2029,2,p31,SolarCycle,405458,San Miguel II Solar Energy Center,NM,115593.32549134879
2029,2,p31,FabTechSolar,401161,Sandoval Solar Energy Center,NM,67938.40319166749
2029,2,p31,SolarCycle,401564,Santa Fe Solar Energy Center,NM,48508.102586336216
2029,2,p31,FabTechSolar,401565,Santolina Solar Energy Center,NM,41382.23365275975
2029,2,p31,FabTechSolar,400596,Silver City WWTP PV Project,NM,153982.18841791857
2029,2,p31,FabTechSolar,401563,South Valley Solar Energy Center,NM,117049.91328364609
2029,2,p31,SolarCycle,400735,Storrie Lake Solar Project,NM,249296.06845546528
2029,2,p31,FabTechSolar,400623,Sue Cleveland High School,NM,580007.5745930496
2029,2,p31,SolarCycle,400343,"SunE EPE1, LLC",NM,89378.77064708814
2029,2,p31,SolarCycle,402854,Syncarpha Eagle Nest,NM,1292531.2296220022
2029,2,p31,SolarCycle,403413,Syncarpha Questa,NM,292914.4892383082
2029,2,p31,SolarCycle,403411,Syncarpha Taos,NM,214659.98196885045
2029,2,p31,SolarCycle,404618,Taos Mesa Energy Facility Hybrid,NM,50518.023895579216
2029,2,p31,FabTechSolar,403011,Vista Solar Energy Center,NM,29062.295637782663
2029,2,p31,SolarCycle,400354,WSMR I,NM,100444.82167950599
2029,2,p47,SolarCycle,400979,"Caprock Solar 1, LLC",NM,35861.40611983153
2029,2,p47,SolarCycle,401681,"Chaves Solar, LLC",NM,9646.599491889314
2029,2,p47,SolarCycle,400614,GSE NM1,NM,98480.72211251987
2029,2,p47,SolarCycle,404982,Hayhurst New Mexico Solar,NM,23865.096967417932
2029,2,p47,SolarCycle,402530,Middle Daisy,NM,37816.258125434215
2029,2,p47,SolarCycle,401682,"Roswell Solar, LLC",NM,14583.92747436409
2029,2,p47,SolarCycle,400546,SEV NM Phase 2,NM,373057.8274393668
2029,2,p47,SolarCycle,400260,SPS1 Dollarhide,NM,12401.961010066025
2029,2,p47,SolarCycle,400261,SPS2 Jal,NM,24042.006216384598
2029,2,p47,SolarCycle,400262,SPS3 Lea,NM,19535.955636546678
2029,2,p47,SolarCycle,400264,SPS5 Hopi,NM,25336.374878207986
2029,2,p47,SolarCycle,404698,SoCore Clovis 1,NM,151606.46164421333
2029,2,p48,SolarCycle,406439,"BESSP1, LLC",TX,21574.119007710826
2029,2,p48,SolarCycle,405590,"Hecate Energy Frye Solar, LLC",TX,7563.650989135734
2029,2,p57,OkonRecycling,404918,"Hecate Energy Upshur Rural, LLC",TX,13229.074590480152
2029,2,p59,SolarCycle,402666,Fort Bliss (DEA EPIC),TX,60313.69117661777
2029,2,p59,SolarCycle,401616,Montana Solar Facility,TX,41220.89619033127
2029,2,p60,SolarCycle,403962,"ANSON Solar Center, LLC",TX,8267.933930399377
2029,2,p60,OkonRecycling,403883,Azure Sky Solar,TX,7700.256795995153
2029,2,p60,SolarCycle,403232,"ENGIE Long Draw Solar, LLC",TX,8124.883739148597
2029,2,p60,SolarCycle,406252,Highpeak Solar 1,TX,28271.679760014194
2029,2,p60,SolarCycle,402721,Holstein 1 Solar Farm,TX,7552.499484641344
2029,2,p60,SolarCycle,405492,Juno Solar Project,TX,7440.220943020004
2029,2,p60,SolarCycle,402541,Lamesa II,TX,8391.939493112564
2029,2,p60,SolarCycle,401660,Lamesa Solar,TX,7790.244432272198
2029,2,p60,SolarCycle,405932,Lumina II Solar Project,TX,8186.076806817919
2029,2,p60,SolarCycle,405933,Lumina Solar Project,TX,8118.527635990558
2029,2,p60,SolarCycle,402909,Misae Solar,TX,8431.112572891358
2029,2,p60,OkonRecycling,400968,"OCI Alamo 7, LLC",TX,8245.860599388447
2029,2,p60,SolarCycle,405939,Texas Solar Nova 1,TX,7674.9310325682545
2029,2,p61,SolarCycle,400967,Alamo 6,TX,7839.132507530561
2029,2,p61,SolarCycle,403557,Aragorn Solar Project,TX,7608.370395234949
2029,2,p61,SolarCycle,400691,Barilla Solar,TX,8314.846175658908
2029,2,p61,SolarCycle,401946,Bluebell Solar,TX,8090.2474314479405
2029,2,p61,SolarCycle,403574,Bluebell Solar II,TX,7438.275660435653
2029,2,p61,SolarCycle,400554,"Bryan Solar, LLC",TX,29970.99746002904
2029,2,p61,SolarCycle,401463,Buckthorn Westex,TX,7300.72874653627
2029,2,p61,SolarCycle,401703,East Pecos Solar,TX,7352.314915908631
2029,2,p61,SolarCycle,405363,Galloway 1 Solar Farm,TX,7386.543859131843
2029,2,p61,SolarCycle,403210,Greasewood,TX,7296.0203027510925
2029,2,p61,SolarCycle,406370,Hayhurst Texas Solar,TX,8797.505653912143
2029,2,p61,SolarCycle,402304,Midway Solar-TX,TX,7401.00035484161
2029,2,p61,SolarCycle,400695,"OCI Alamo 4, LLC",TX,8765.410850354545
2029,2,p61,SolarCycle,401868,Pearl Solar,TX,7660.255198096424
2029,2,p61,SolarCycle,402290,RE Maplewood,TX,7350.500253692226
2029,2,p61,SolarCycle,401430,RE Roserock,TX,7362.272203868448
2029,2,p61,SolarCycle,402848,Rambler,TX,7414.103154271321
2029,2,p61,SolarCycle,402083,Solaire Holman Solar Project,TX,9933.075414520736
2029,2,p61,SolarCycle,403023,"Taygete Energy Project, LLC",TX,7360.117261286048
2029,2,p61,SolarCycle,404647,Taygete II Energy Project,TX,7302.7554108237155
2029,2,p61,SolarCycle,403551,Titan Solar Project,TX,7487.59486374263
2029,2,p61,SolarCycle,406103,Zier Solar,TX,8726.45666249807
2029,2,p62,SolarCycle,403502,2W Permian Solar Project Hybrid,TX,7245.517282766206
2029,2,p62,SolarCycle,403697,CED Crane Solar,TX,7448.567626451532
2029,2,p62,SolarCycle,401525,Castle Gap Solar Hybrid,TX,7344.8856696382145
2029,2,p62,SolarCycle,404599,Emerald Grove,TX,7494.481993035669
2029,2,p62,SolarCycle,403004,Lapetus,TX,7484.0613628589
2029,2,p62,SolarCycle,403280,Oberon IA,TX,7273.639722026729
2029,2,p62,SolarCycle,403279,Oberon IB,TX,7639.033661026063
2029,2,p62,SolarCycle,403602,Oxy Renewable Energy-Goldsmith,TX,9204.38576914866
2029,2,p62,SolarCycle,402679,Phoebe Solar,TX,7251.607439160544
2029,2,p62,SolarCycle,403177,Prospero Solar,TX,7260.623934649478
2029,2,p62,SolarCycle,404128,Prospero Solar II,TX,7511.581871830282
2029,2,p62,SolarCycle,403070,"Roadrunner, LLC",TX,7275.039224575165
2029,2,p62,SolarCycle,401805,Upton County Solar,TX,7277.322118760386
2029,2,p62,SolarCycle,402995,West of the Pecos Solar,TX,7341.681571851483
2029,2,p63,OkonRecycling,405599,"BPL Crown Solar, LLC",TX,9742.377195714895
2029,2,p63,OkonRecycling,404966,BPL Files Solar,TX,7379.974330655894
2029,2,p63,OkonRecycling,403825,Briar Creek Solar 1,TX,7542.620165738949
2029,2,p63,OkonRecycling,401697,CoServ Community Solar Station,TX,12705.491323812934
2029,2,p63,OkonRecycling,403188,Coniglio Solar,TX,7516.974055566718
2029,2,p63,OkonRecycling,406221,Eiffel Solar Project,TX,7699.18560100526
2029,2,p63,OkonRecycling,405540,"Ellis Solar, LLC",TX,7475.9495474954265
2029,2,p63,OkonRecycling,403823,Elm Branch Solar 1,TX,7444.39551401382
2029,2,p63,OkonRecycling,406206,Five Wells Solar Center - Hybrid,TX,7427.757491942043
2029,2,p63,OkonRecycling,404567,G.S.E. One LLC,TX,7831.11860935941
2029,2,p63,OkonRecycling,403288,Griffin Solar,TX,53147.85638136685
2029,2,p63,OkonRecycling,406202,Grizzly Ridge Solar,TX,8567.89869435247
2029,2,p63,OkonRecycling,402329,Highway 56 Solar,TX,9936.62575868958
2029,2,p63,OkonRecycling,405319,IKEA Grand Prairie Rooftop PV System,TX,10073.139567121296
2029,2,p63,OkonRecycling,405689,"IP Radian, LLC",TX,7525.531959329532
2029,2,p63,OkonRecycling,403481,Impact Solar 1,TX,7612.0822760999845
2029,2,p63,OkonRecycling,403190,Kellam Solar,TX,9999.71486280966
2029,2,p63,OkonRecycling,402421,Leon Solar,TX,9312.844328700248
2029,2,p63,OkonRecycling,403874,Lily Solar Hybrid,TX,7449.723303428761
2029,2,p63,OkonRecycling,402404,Marlin Solar,TX,19323.02173325109
2029,2,p63,OkonRecycling,405794,Noble Solar,TX,7355.5140189992235
2029,2,p63,OkonRecycling,402405,North Gainesville Solar,TX,10257.80902576723
2029,2,p63,OkonRecycling,401933,Phantom Solar,TX,28217.26829177832
2029,2,p63,OkonRecycling,404872,"Pisgah Ridge Solar, LLC",TX,7425.609136885149
2029,2,p63,OkonRecycling,406416,Pitts Dudik Solar,TX,10291.967869344639
2029,2,p63,OkonRecycling,403189,Rippey Solar,TX,9604.204149053721
2029,2,p63,OkonRecycling,404630,"Samson Solar Energy III, LLC",TX,7536.607088634635
2029,2,p63,OkonRecycling,402652,Sterling Solar (TX),TX,10979.334475325686
2029,2,p63,OkonRecycling,404812,Sun Valley Solar Project,TX,7857.87933494448
2029,2,p63,OkonRecycling,404388,"TPE Erath Solar, LLC",TX,12793.187452427623
2029,2,p63,OkonRecycling,403457,"TPE Whitney Solar, LLC",TX,15351.817767959441
2029,2,p63,OkonRecycling,405361,Toyota HQ Plan,TX,8063.298266869001
2029,2,p63,OkonRecycling,405907,Verizon Hidden Ridge Solar Project,TX,8129.810314152173
2029,2,p63,OkonRecycling,405984,Waco Solar,TX,7363.505667295898
2029,2,p63,OkonRecycling,402306,Walnut Springs Solar,TX,25561.87641377242
2029,2,p63,OkonRecycling,402497,West Moore Solar II,TX,10876.395216789651
2029,2,p63,OkonRecycling,402330,Whitesboro Solar,TX,10417.36199780755
2029,2,p63,OkonRecycling,402331,Whitesboro Solar II,TX,10121.867979488803
2029,2,p63,OkonRecycling,402414,Whitewright Solar,TX,21084.19793808178
2029,2,p63,OkonRecycling,402654,Yellow Jacket,TX,45170.052519823534
2029,2,p64,OkonRecycling,405731,Austin TX GigaFactory,TX,86922.19041436713
2029,2,p64,OkonRecycling,404721,"Blue Jay Solar I, LLC",TX,7445.147458405395
2029,2,p64,OkonRecycling,402389,"E-Volve Energy Holdings, LLC",TX,62279.92251582502
2029,2,p64,OkonRecycling,400227,East Blackland Solar Project 1,TX,7848.76121749055
2029,2,p64,OkonRecycling,405101,IKEA Round Rock 027,TX,102793.99559778941
2029,2,p64,OkonRecycling,405613,Niagara Bottling - Seguin,TX,85087.89271251457
2029,2,p64,OkonRecycling,400249,Webberville Solar Project,TX,10518.95347111797
2029,2,p65,OkonRecycling,405700,Aktina Solar,TX,9297.32324412316
2029,2,p65,OkonRecycling,405727,Bernard Creek Solar,TX,11386.977509196067
2029,2,p65,OkonRecycling,405477,Brightside,TX,32037.202342142442
2029,2,p65,OkonRecycling,401728,CPS 1 Community Solar,TX,2063071.8576296358
2029,2,p65,OkonRecycling,402656,Cascade Solar (TX),TX,75878.60754706433
2029,2,p65,OkonRecycling,404359,FELPS 1-Calaveras,TX,718747.7092344412
2029,2,p65,OkonRecycling,404361,FELPS 2-Calaveras,TX,2141774.0564813665
2029,2,p65,OkonRecycling,404739,FELPS 6- Floresville West,TX,1093582.8061072633
2029,2,p65,OkonRecycling,404740,FELPS 7- Floresville West,TX,731224.6345551019
2029,2,p65,SolarCycle,405801,Horizon Solar,TX,18661.910390659883
2029,2,p65,SolarCycle,403343,Mars Solar,TX,159785.4044757051
2029,2,p65,OkonRecycling,404877,Nebula Solar,TX,35496.58754366333
2029,2,p65,OkonRecycling,400694,"OCI Alamo 2, LLC",TX,236291.95706766582
2029,2,p65,OkonRecycling,400965,"OCI Alamo 3, LLC",TX,98324.42448197538
2029,2,p65,SolarCycle,400966,"OCI Alamo 5, LLC",TX,17608.584524920327
2029,2,p65,OkonRecycling,400593,OCI Alamo Solar I Hybrid,TX,59801.64141837574
2029,2,p65,SolarCycle,405809,Shakes Solar,TX,9462.589944076664
2029,2,p65,OkonRecycling,405545,Sparta Solar,TX,17025.612657838486
2029,2,p65,OkonRecycling,400379,"SunE CPS1, LLC",TX,61540.511369239255
2029,2,p65,OkonRecycling,400364,"SunE CPS2, LLC",TX,225125.4663954651
2029,2,p67,OkonRecycling,404939,Brazoria County Solar Project (Danciger),TX,10712.87130271037
2029,2,p67,OkonRecycling,404681,Brazoria West,TX,10767.370962076277
2029,2,p67,OkonRecycling,404587,Fighting Jays Solar Project,TX,8709.63763139226
2029,2,p67,OkonRecycling,405564,"Fort Bend Solar, LLC",TX,9862.004400372509
2029,2,p67,OkonRecycling,403514,Wagyu,TX,10150.848059399294
2029,3,p12,ComstockMetals,402144,Battle Mountain Solar Project,NV,9110.291404430402
2029,3,p12,ComstockMetals,405025,Brady,NV,7669.280755114537
2029,3,p12,ComstockMetals,405553,Dodge Flat,NV,7240.087201549464
2029,3,p12,ComstockMetals,402609,"EGP Stillwater Solar PV II, LLC",NV,8415.715392930095
2029,3,p12,ComstockMetals,404659,Fish Springs,NV,7369.67294386085
2029,3,p12,ComstockMetals,401086,Ft. Churchill PV,NV,7504.832224114749
2029,3,p12,ComstockMetals,405028,Galena 2 Geothermal Power Plant,NV,8459.98339902513
2029,3,p12,ComstockMetals,402130,Luning Energy,NV,9348.76220746991
2029,3,p12,ComstockMetals,400468,"Patua Acquisition Project, LLC",NV,8135.324675870482
2029,3,p12,ComstockMetals,405021,Steamboat Hills LP,NV,9095.531913882007
2029,3,p12,ComstockMetals,405023,Steamboat II,NV,7939.644731828416
2029,3,p12,ComstockMetals,405024,Steamboat III,NV,7871.54025333467
2029,3,p12,ComstockMetals,400029,Stillwater Facility,NV,9437.843065716086
2029,3,p12,ComstockMetals,401318,Sunshine Valley Solar,NV,8296.967398175531
2029,3,p12,ComstockMetals,405026,TS Power Plant,NV,9463.833704894147
2029,3,p12,ComstockMetals,405576,Tesla Reno GigaFactory,NV,8150.072794958096
2029,3,p12,ComstockMetals,401943,Tungsten Mountain,NV,22397.062928870113
2029,3,p12,ComstockMetals,403308,Turquoise Liberty Solar,NV,7720.3796589567055
2029,3,p12,ComstockMetals,403884,"Turquoise Nevada, LLC",NV,7305.730680295916
2029,3,p12,ComstockMetals,400035,Western 102 Power Plant,NV,9865.228314759386
2029,3,p13,WeRecycleSolar,400555,Apex Solar PV Power Project,NV,23242.51304394374
2029,3,p13,WeRecycleSolar,405385,Arrow Canyon Solar Hybrid,NV,7615.7464060269285
2029,3,p13,WeRecycleSolar,401649,"Boulder Solar Power, LLC",NV,10075.656304247115
2029,3,p13,WeRecycleSolar,400059,CM10,NV,64122.582678202176
2029,3,p13,WeRecycleSolar,400086,CM48,NV,11156.161772597268
2029,3,p13,WeRecycleSolar,400363,Copper Mountain Solar 2,NV,10891.845166964205
2029,3,p13,WeRecycleSolar,403688,"Copper Mountain Solar 5, LLC",NV,8342.130083111677
2029,3,p13,WeRecycleSolar,405355,Dignity - Siena Campus,NV,151633.47100083984
2029,3,p13,WeRecycleSolar,405556,Dry Lake Solar Energy Center,NV,8275.734302130317
2029,3,p13,WeRecycleSolar,405495,Gemini Solar,NV,7667.705088394713
2029,3,p13,WeRecycleSolar,403386,"Harry Allen Solar Energy, LLC",NV,13630.816620196108
2029,3,p13,WeRecycleSolar,406090,IGS LAS1,NV,209074.06173736806
2029,3,p13,WeRecycleSolar,406089,IGS VGT,NV,218178.5612006812
2029,3,p13,WeRecycleSolar,405309,IKEA Las Vegas 462,NV,217404.15226214868
2029,3,p13,WeRecycleSolar,400545,Las Vegas WPCF Solar Plant,NV,44474.122808022374
2029,3,p13,WeRecycleSolar,400313,Moapa Southern Paiute,NV,9778.721715674576
2029,3,p13,WeRecycleSolar,400600,Mountain View Solar,NV,23196.50820750767
2029,3,p13,WeRecycleSolar,400036,Nellis Air Force Base Solar Array,NV,33544.88955229075
2029,3,p13,WeRecycleSolar,401319,"Playa Solar 1, LLC",NV,11240.978531654295
2029,3,p13,WeRecycleSolar,401274,River Mountains Solar,NV,48323.82366224542
2029,3,p13,WeRecycleSolar,401042,Searchlight Solar,NV,37434.883037051506
2029,3,p13,WeRecycleSolar,400166,Silver State Solar Power North,NV,18526.844544402058
2029,3,p13,WeRecycleSolar,400658,Silver State Solar Power South,NV,8382.223266260156
2029,3,p13,WeRecycleSolar,405246,"Solar Las Vegas MB 2, LLC",NV,214663.64818919706
2029,3,p13,WeRecycleSolar,405188,Solar Las Vegas MB-1,NV,70756.55901041356
2029,3,p13,WeRecycleSolar,402485,"Techren Solar I, LLC",NV,10082.139341972006
2029,3,p13,WeRecycleSolar,402691,"Techren Solar III, LLC",NV,14856.829799120485
2029,3,p13,WeRecycleSolar,402692,"Techren Solar IV, LLC",NV,30240.56954797058
2029,3,p13,WeRecycleSolar,401851,Townsite Solar Project Hybrid,NV,10818.461163659376
2029,3,p13,WeRecycleSolar,406448,Yellow Pine II,NV,18626.545662205874
2029,3,p13,WeRecycleSolar,404971,Yellow Pine Solar,NV,9026.478156200783
2029,3,p27,WeRecycleSolar,400374,"Black Mountain Solar, LLC",AZ,9792.979609549786
2029,3,p27,WeRecycleSolar,402236,Gray Hawk Solar,AZ,9314.671509762176
2029,3,p27,WeRecycleSolar,401819,Jacobson 5 MW Solar,AZ,18296.01071799858
2029,3,p27,WeRecycleSolar,403718,Mohave Electric Cooperative at Joy Lane,AZ,12321.687824688519
2029,3,p27,WeRecycleSolar,401311,Mohave Electric at Fort Mohave,AZ,18802.496984743586
2029,3,p27,WeRecycleSolar,406478,Mohave Energy - Hybrid,AZ,13007.015151019279
2029,3,p28,WeRecycleSolar,405418,AZ State University - Tempe Campus Solar,AZ,15584.908519328563
2029,3,p28,FabTechSolar,402067,Apache Solar 1,AZ,10476.51197906293
2029,3,p28,WeRecycleSolar,400274,Arizona Western College PV,AZ,38275.62135514039
2029,3,p28,WeRecycleSolar,400240,Arlington Valley Solar Energy II,AZ,8033.202666569851
2029,3,p28,FabTechSolar,401688,Bonnybrooke PV,AZ,7678.546322717112
2029,3,p28,WeRecycleSolar,400371,Buckeye Union HS District 201,AZ,27999.34367879681
2029,3,p28,FabTechSolar,405635,"Central Line Solar, LLC",AZ,7403.05063270035
2029,3,p28,WeRecycleSolar,400201,Chino Solar Valley,AZ,18470.3154449934
2029,3,p28,WeRecycleSolar,400202,Cotton Center Solar Hybrid,AZ,10291.00019949279
2029,3,p28,WeRecycleSolar,401069,Desert Star Hybrid,AZ,10022.704554324077
2029,3,p28,FabTechSolar,403257,East Line Solar,AZ,7468.07167465683
2029,3,p28,FabTechSolar,406171,Eleven Mile Solar Center,AZ,7331.187351903415
2029,3,p28,WeRecycleSolar,400349,Foothills Solar Plant Hybrid,AZ,16535.3628465272
2029,3,p28,FabTechSolar,400825,Fort Huachuca Solar PV Project,AZ,11120.66403561891
2029,3,p28,WeRecycleSolar,400845,Gila Bend Hybrid,AZ,8336.089734352536
2029,3,p28,FabTechSolar,400599,"Gilbert Solar Facility I, LLC",AZ,12298.481199094467
2029,3,p28,WeRecycleSolar,400204,Hyder Solar Hybrid,AZ,18912.76752129413
2029,3,p28,FabTechSolar,405282,Intel - Ocotillo Campus Solar,AZ,9062.502593164954
2029,3,p28,WeRecycleSolar,405125,Jewish Community Center PV,AZ,17035.66460585461
2029,3,p28,WeRecycleSolar,402234,Kayenta Solar Project,AZ,18027.13427268119
2029,3,p28,WeRecycleSolar,400595,Lake Pleasant WTP,AZ,18089.274193496807
2029,3,p28,WeRecycleSolar,400128,Luke Solar,AZ,9166.731121956365
2029,3,p28,WeRecycleSolar,405068,Macys Goodyear,AZ,22328.249752201566
2029,3,p28,WeRecycleSolar,406279,McFarland A Solar and Storage,AZ,8251.255490466297
2029,3,p28,FabTechSolar,405617,Mesa Carport PV,AZ,12912.75751596102
2029,3,p28,FabTechSolar,404512,Mesa Solar Array,AZ,13728.222170229094
2029,3,p28,WeRecycleSolar,400250,Mesquite Solar 1,AZ,7324.357699190815
2029,3,p28,WeRecycleSolar,401622,"Mesquite Solar 3, LLC",AZ,7406.166641354322
2029,3,p28,WeRecycleSolar,406038,"Mesquite Solar 4, LLC",AZ,9436.58305687943
2029,3,p28,WeRecycleSolar,404922,"Mesquite Solar 5, LLC",AZ,9135.36006270651
2029,3,p28,WeRecycleSolar,403572,OE_AZ1,AZ,10615.666218585671
2029,3,p28,WeRecycleSolar,400203,Paloma Solar Hybrid,AZ,8721.462902230292
2029,3,p28,WeRecycleSolar,405126,Paradise Valley H.S. PV,AZ,32698.22534648116
2029,3,p28,WeRecycleSolar,405150,Phoenix Airport East Economy Lot,AZ,11036.798397990606
2029,3,p28,WeRecycleSolar,405151,Phoenix Airport Rental Car Center,AZ,8000.535972862538
2029,3,p28,FabTechSolar,402528,Pinal Central Energy Center Hybrid,AZ,10876.659550010841
2029,3,p28,FabTechSolar,400125,"Poseidon Solar, LLC",AZ,9463.505849713018
2029,3,p28,WeRecycleSolar,400031,Prescott Airport,AZ,41506.430750109495
2029,3,p28,WeRecycleSolar,400401,Prescott Solar Plant,AZ,13868.111371565363
2029,3,p28,WeRecycleSolar,405132,"RE Gillespie 1, LLC",AZ,13762.62748820353
2029,3,p28,FabTechSolar,406380,SR McNeal,AZ,17252.769402935468
2029,3,p28,WeRecycleSolar,400416,Saddle Mountain Solar I,AZ,12269.987004706005
2029,3,p28,FabTechSolar,403674,Saint Solar,AZ,7474.292010874308
2029,3,p28,FabTechSolar,401214,Sandstone Solar,AZ,7868.456217945578
2029,3,p28,WeRecycleSolar,405029,Solana Generating Station,AZ,7744.524823205764
2029,3,p28,WeRecycleSolar,406275,Sonoran Solar Energy,AZ,7283.296645003226
2029,3,p28,FabTechSolar,406034,Storey Solar and Storage,AZ,7818.368612432379
2029,3,p28,WeRecycleSolar,403643,Sun Streams 2,AZ,7554.990505402859
2029,3,p28,WeRecycleSolar,406517,Sun Streams 3,AZ,7682.997158803825
2029,3,p28,WeRecycleSolar,401975,"Sun Streams, LLC",AZ,7342.988898688033
2029,3,p28,FabTechSolar,405134,Union HS at Casa Grande,AZ,18992.99169387227
2029,3,p28,FabTechSolar,405135,Vista Grande HS at Casa Grande,AZ,22531.007977309062
2029,3,p28,FabTechSolar,400334,Walmart Casa Grande,AZ,40933.54832756665
2029,3,p28,FabTechSolar,406098,"West Line Solar, LLC",AZ,7364.511058912467
2029,3,p29,FabTechSolar,400014,Springerville,AZ,10949.664177690152
2029,3,p30,FabTechSolar,405143,Actus Lend Lease DMAFB,AZ,27460.04263062637
2029,3,p30,FabTechSolar,400939,Avalon Solar,AZ,9471.49925152569
2029,3,p30,FabTechSolar,401479,Avalon Solar II,AZ,15347.439973084056
2029,3,p30,FabTechSolar,400226,Avra Valley Solar,AZ,10676.087876951755
2029,3,p30,FabTechSolar,404704,Broadway 2 - Tucson Phase II,AZ,24455.81586668984
2029,3,p30,FabTechSolar,405269,Canyon Del Oro High School Solar,AZ,15067.232259856346
2029,3,p30,FabTechSolar,401295,Davis Monthan AFB (AZ) West Airfield,AZ,10454.401566324146
2029,3,p30,FabTechSolar,400761,"Gato Montes Solar, LLC",AZ,33415.01990358165
2029,3,p30,FabTechSolar,400552,"Picture Rocks Solar, LLC",AZ,7877.347613635535
2029,3,p30,FabTechSolar,405374,Pima Community College,AZ,122327.97133188689
2029,3,p30,FabTechSolar,405303,Pima Community College - East Campus,AZ,100023.53827938276
2029,3,p30,FabTechSolar,405516,Pima Community College NW,AZ,33827.65180072708
2029,3,p30,FabTechSolar,404926,Raptor Ridge,AZ,12226.5029315219
2029,3,p30,FabTechSolar,400857,Rio Rico Solar,AZ,36295.93267673549
2029,3,p30,FabTechSolar,401076,Tech Park Solar,AZ,15802.235990450756
2029,3,p30,FabTechSolar,401075,Valencia Solar,AZ,21129.915456419083
2029,3,p30,FabTechSolar,404187,"Wilmot Energy Center, LLC",AZ,7723.215587688016
2029,3,p31,SolarCycle,400211,Alamogordo Solar Energy Center,NM,60773.89085351207
2029,3,p31,SolarCycle,403675,Alcalde Solar Array,NM,139738.5515281289
2029,3,p31,FabTechSolar,405469,Arroyo Solar Energy Storage Hybrid,NM,8096.088634993933
2029,3,p31,FabTechSolar,403321,Bluewater CDEC 1,NM,195891.22391099943
2029,3,p31,SolarCycle,402876,CNMEC Solar Energy Center,NM,179918.80752815263
2029,3,p31,SolarCycle,402519,Carrizozo Solar,NM,97784.91992472297
2029,3,p31,FabTechSolar,401202,Cibola,NM,142756.772769939
2029,3,p31,FabTechSolar,402988,City of Gallup Solar,NM,108933.74919473166
2029,3,p31,FabTechSolar,403604,City of Rio Rancho WWTP,NM,313180.2137047984
2029,3,p31,FabTechSolar,401225,City of Truth or Consequences PV,NM,247991.2475360732
2029,3,p31,FabTechSolar,400209,Deming Solar Energy Center,NM,103562.46983526749
2029,3,p31,FabTechSolar,403868,Encino Solar Energy Center,NM,27404.732088629513
2029,3,p31,FabTechSolar,401038,Eubank Landfill Solar Array,NM,292534.0333002366
2029,3,p31,FabTechSolar,402443,Facebook 3 Solar Energy Center,NM,61286.06964674253
2029,3,p31,FabTechSolar,403322,Grants CDEC 2,NM,210854.11633028003
2029,3,p31,FabTechSolar,400216,"Hatch Solar Energy Center I, LLC",NM,194532.9011514906
2029,3,p31,SolarCycle,401617,Holloman Solar Facility,NM,47498.42272341433
2029,3,p31,SolarCycle,400210,Las Vegas Solar Energy Center,NM,79815.111420004
2029,3,p31,SolarCycle,400434,Los Alamos PV Site,NM,1271452.2310119825
2029,3,p31,FabTechSolar,400838,Macho Springs,NM,15770.366960506642
2029,3,p31,FabTechSolar,400582,Manzano Solar,NM,75561.29014772539
2029,3,p31,SolarCycle,401201,Meadow Lake Solar Energy Center,NM,68227.45126897232
2029,3,p31,SolarCycle,405693,NMSU Solar and Storage,NM,158380.36495012612
2029,3,p31,FabTechSolar,406375,OE_ESCL,NM,9471.321958145263
2029,3,p31,SolarCycle,400581,Otero Solar,NM,33561.379346447975
2029,3,p31,SolarCycle,400146,Questa Solar Facility,NM,683791.879042581
2029,3,p31,FabTechSolar,403178,"RC Energy AA, LLC Solar Facility",NM,1154408.160264992
2029,3,p31,FabTechSolar,401566,Rio Communities Solar Energy Center,NM,43108.60301226546
2029,3,p31,FabTechSolar,403084,Rio De Oro Solar Energy Center,NM,61380.16279295642
2029,3,p31,FabTechSolar,400624,Rio Rancho High School,NM,1143257.5377746231
2029,3,p31,FabTechSolar,404648,"Route 66 Energy Center, LLC",NM,11039.311574371895
2029,3,p31,SolarCycle,403387,San Miguel I Solar Energy Center,NM,61379.41994912114
2029,3,p31,SolarCycle,405458,San Miguel II Solar Energy Center,NM,115593.32549134879
2029,3,p31,FabTechSolar,401161,Sandoval Solar Energy Center,NM,98302.60478750124
2029,3,p31,SolarCycle,401564,Santa Fe Solar Energy Center,NM,131104.30775900866
2029,3,p31,FabTechSolar,401565,Santolina Solar Energy Center,NM,109726.7009582793
2029,3,p31,FabTechSolar,400596,Silver City WWTP PV Project,NM,374140.47104479646
2029,3,p31,FabTechSolar,401563,South Valley Solar Energy Center,NM,117049.91328364609
2029,3,p31,SolarCycle,401162,Springer Solar 1,NM,450160.959745996
2029,3,p31,SolarCycle,400735,Storrie Lake Solar Project,NM,249296.06845546528
2029,3,p31,FabTechSolar,400623,Sue Cleveland High School,NM,580007.5745930496
2029,3,p31,SolarCycle,400343,"SunE EPE1, LLC",NM,34599.59021569605
2029,3,p31,SolarCycle,402854,Syncarpha Eagle Nest,NM,1292531.2296220022
2029,3,p31,SolarCycle,403412,Syncarpha El Rito,NM,285663.0393215404
2029,3,p31,SolarCycle,403413,Syncarpha Questa,NM,435766.7338574623
2029,3,p31,FabTechSolar,403011,Vista Solar Energy Center,NM,61840.73909445665
2029,3,p31,FabTechSolar,405245,Wal-Mart Truth or Consequences PV,NM,929985.3093185468
2029,3,p47,SolarCycle,400979,"Caprock Solar 1, LLC",NM,35861.40611983153
2029,3,p47,SolarCycle,400614,GSE NM1,NM,144116.08316877982
2029,3,p47,SolarCycle,404982,Hayhurst New Mexico Solar,NM,15537.548483708968
2029,3,p47,SolarCycle,402530,Middle Daisy,NM,37816.258125434215
2029,3,p47,SolarCycle,400546,SEV NM Phase 2,NM,129159.27581312227
2029,3,p47,SolarCycle,400260,SPS1 Dollarhide,NM,22785.88303019807
2029,3,p47,SolarCycle,400261,SPS2 Jal,NM,15626.003108192299
2029,3,p47,SolarCycle,400262,SPS3 Lea,NM,13372.977818273339
2029,3,p47,SolarCycle,400264,SPS5 Hopi,NM,19294.249918805323
2029,3,p47,SolarCycle,404698,SoCore Clovis 1,NM,296002.9232884267
2029,3,p48,SolarCycle,406439,"BESSP1, LLC",TX,21574.119007710826
2029,3,p48,SolarCycle,405590,"Hecate Energy Frye Solar, LLC",TX,7563.650989135734
2029,3,p57,OkonRecycling,404918,"Hecate Energy Upshur Rural, LLC",TX,15235.432787306872
2029,3,p59,SolarCycle,402666,Fort Bliss (DEA EPIC),TX,113417.38235323555
2029,3,p59,SolarCycle,401616,Montana Solar Facility,TX,20814.358476132507
2029,3,p59,SolarCycle,401045,Newman Solar,TX,12385.006295889805
2029,3,p60,SolarCycle,403962,"ANSON Solar Center, LLC",TX,8267.933930399377
2029,3,p60,OkonRecycling,403883,Azure Sky Solar,TX,7700.256795995153
2029,3,p60,SolarCycle,403232,"ENGIE Long Draw Solar, LLC",TX,8124.883739148597
2029,3,p60,SolarCycle,406252,Highpeak Solar 1,TX,14230.55992000473
2029,3,p60,SolarCycle,402721,Holstein 1 Solar Farm,TX,7780.8324744022375
2029,3,p60,SolarCycle,405492,Juno Solar Project,TX,7555.3314145300055
2029,3,p60,SolarCycle,402541,Lamesa II,TX,8096.454619834423
2029,3,p60,SolarCycle,401660,Lamesa Solar,TX,7790.244432272198
2029,3,p60,SolarCycle,405932,Lumina II Solar Project,TX,8186.076806817919
2029,3,p60,SolarCycle,405933,Lumina Solar Project,TX,8118.527635990558
2029,3,p60,SolarCycle,402909,Misae Solar,TX,8431.112572891358
2029,3,p60,OkonRecycling,400968,"OCI Alamo 7, LLC",TX,9281.721198776891
2029,3,p60,SolarCycle,405939,Texas Solar Nova 1,TX,7674.9310325682545
2029,3,p61,SolarCycle,400967,Alamo 6,TX,7524.56625376528
2029,3,p61,SolarCycle,403557,Aragorn Solar Project,TX,7608.370395234949
2029,3,p61,SolarCycle,400691,Barilla Solar,TX,8038.634631744182
2029,3,p61,SolarCycle,401946,Bluebell Solar,TX,8090.2474314479405
2029,3,p61,SolarCycle,403574,Bluebell Solar II,TX,7438.275660435653
2029,3,p61,SolarCycle,400554,"Bryan Solar, LLC",TX,18590.49873001451
2029,3,p61,SolarCycle,401463,Buckthorn Westex,TX,7300.72874653627
2029,3,p61,SolarCycle,401703,East Pecos Solar,TX,7352.314915908631
2029,3,p61,SolarCycle,405363,Galloway 1 Solar Farm,TX,7386.543859131843
2029,3,p61,SolarCycle,403210,Greasewood,TX,7296.0203027510925
2029,3,p61,SolarCycle,406370,Hayhurst Texas Solar,TX,11972.51696173643
2029,3,p61,SolarCycle,402304,Midway Solar-TX,TX,7337.3335698944065
2029,3,p61,SolarCycle,400695,"OCI Alamo 4, LLC",TX,8454.328680283634
2029,3,p61,SolarCycle,401868,Pearl Solar,TX,7660.255198096424
2029,3,p61,SolarCycle,402290,RE Maplewood,TX,7350.500253692226
2029,3,p61,SolarCycle,401430,RE Roserock,TX,7362.272203868448
2029,3,p61,SolarCycle,402848,Rambler,TX,7414.103154271321
2029,3,p61,SolarCycle,402083,Solaire Holman Solar Project,TX,8571.537707260366
2029,3,p61,SolarCycle,403023,"Taygete Energy Project, LLC",TX,7310.078174190699
2029,3,p61,SolarCycle,404647,Taygete II Energy Project,TX,7333.673881098289
2029,3,p61,SolarCycle,403551,Titan Solar Project,TX,7487.59486374263
2029,3,p61,SolarCycle,406103,Zier Solar,TX,8726.45666249807
2029,3,p62,SolarCycle,403502,2W Permian Solar Project Hybrid,TX,7245.517282766206
2029,3,p62,SolarCycle,403697,CED Crane Solar,TX,7448.567626451532
2029,3,p62,SolarCycle,401525,Castle Gap Solar Hybrid,TX,7311.164252228662
2029,3,p62,SolarCycle,404599,Emerald Grove,TX,7636.722989553502
2029,3,p62,SolarCycle,403004,Lapetus,TX,7484.0613628589
2029,3,p62,SolarCycle,403280,Oberon IA,TX,7273.639722026729
2029,3,p62,SolarCycle,403279,Oberon IB,TX,7639.033661026063
2029,3,p62,SolarCycle,403602,Oxy Renewable Energy-Goldsmith,TX,8207.192884574328
2029,3,p62,SolarCycle,402679,Phoebe Solar,TX,7279.345731934241
2029,3,p62,SolarCycle,403177,Prospero Solar,TX,7260.623934649478
2029,3,p62,SolarCycle,404128,Prospero Solar II,TX,7360.790935915142
2029,3,p62,SolarCycle,403070,"Roadrunner, LLC",TX,7275.039224575165
2029,3,p62,SolarCycle,401805,Upton County Solar,TX,7277.322118760386
2029,3,p62,SolarCycle,402995,West of the Pecos Solar,TX,7315.345257481187
2029,3,p63,OkonRecycling,405599,"BPL Crown Solar, LLC",TX,9742.377195714895
2029,3,p63,OkonRecycling,404966,BPL Files Solar,TX,7379.974330655894
2029,3,p63,OkonRecycling,403825,Briar Creek Solar 1,TX,7542.620165738949
2029,3,p63,OkonRecycling,402610,Chisum,TX,10796.394518209889
2029,3,p63,OkonRecycling,401697,CoServ Community Solar Station,TX,13490.561512929067
2029,3,p63,OkonRecycling,403188,Coniglio Solar,TX,7516.974055566718
2029,3,p63,OkonRecycling,406415,Dileo Solar,TX,10001.684861625574
2029,3,p63,OkonRecycling,402655,Eddy II,TX,16004.18718761805
2029,3,p63,OkonRecycling,406221,Eiffel Solar Project,TX,8188.37120201052
2029,3,p63,OkonRecycling,405540,"Ellis Solar, LLC",TX,7475.9495474954265
2029,3,p63,OkonRecycling,403823,Elm Branch Solar 1,TX,7561.593271020728
2029,3,p63,OkonRecycling,406206,Five Wells Solar Center - Hybrid,TX,7427.757491942043
2029,3,p63,OkonRecycling,404567,G.S.E. One LLC,TX,9073.355828078233
2029,3,p63,OkonRecycling,403288,Griffin Solar,TX,53147.85638136685
2029,3,p63,OkonRecycling,406202,Grizzly Ridge Solar,TX,9925.797388704943
2029,3,p63,OkonRecycling,402329,Highway 56 Solar,TX,10239.584176321758
2029,3,p63,OkonRecycling,405319,IKEA Grand Prairie Rooftop PV System,TX,10073.139567121296
2029,3,p63,OkonRecycling,405689,"IP Radian, LLC",TX,7841.063918659063
2029,3,p63,OkonRecycling,403481,Impact Solar 1,TX,7813.123414149976
2029,3,p63,OkonRecycling,403190,Kellam Solar,TX,9999.71486280966
2029,3,p63,OkonRecycling,402421,Leon Solar,TX,8712.03166335732
2029,3,p63,OkonRecycling,403874,Lily Solar Hybrid,TX,7449.723303428761
2029,3,p63,OkonRecycling,402404,Marlin Solar,TX,55662.086933004364
2029,3,p63,OkonRecycling,405794,Noble Solar,TX,7646.5420569976695
2029,3,p63,OkonRecycling,402405,North Gainesville Solar,TX,10257.80902576723
2029,3,p63,OkonRecycling,401933,Phantom Solar,TX,14212.422763926108
2029,3,p63,OkonRecycling,404872,"Pisgah Ridge Solar, LLC",TX,7371.706852663862
2029,3,p63,OkonRecycling,406416,Pitts Dudik Solar,TX,10291.967869344639
2029,3,p63,OkonRecycling,403189,Rippey Solar,TX,9604.204149053721
2029,3,p63,OkonRecycling,404630,"Samson Solar Energy III, LLC",TX,7536.607088634635
2029,3,p63,OkonRecycling,402652,Sterling Solar (TX),TX,10037.000856494265
2029,3,p63,OkonRecycling,404388,"TPE Erath Solar, LLC",TX,29542.749809710487
2029,3,p63,OkonRecycling,403457,"TPE Whitney Solar, LLC",TX,23493.635535918882
2029,3,p63,OkonRecycling,405361,Toyota HQ Plan,TX,8185.198019278859
2029,3,p63,OkonRecycling,405907,Verizon Hidden Ridge Solar Project,TX,8232.011460169082
2029,3,p63,OkonRecycling,405984,Waco Solar,TX,7440.258500943846
2029,3,p63,OkonRecycling,402306,Walnut Springs Solar,TX,43913.75282754485
2029,3,p63,OkonRecycling,402497,West Moore Solar II,TX,13076.232346863437
2029,3,p63,OkonRecycling,402330,Whitesboro Solar,TX,11333.751140038277
2029,3,p63,OkonRecycling,402331,Whitesboro Solar II,TX,10445.40886609867
2029,3,p63,OkonRecycling,402414,Whitewright Solar,TX,10678.549484520445
2029,3,p63,OkonRecycling,402654,Yellow Jacket,TX,26190.026259911763
2029,3,p64,OkonRecycling,405731,Austin TX GigaFactory,TX,166634.38082873423
2029,3,p64,OkonRecycling,404721,"Blue Jay Solar I, LLC",TX,8385.737292026974
2029,3,p64,OkonRecycling,402389,"E-Volve Energy Holdings, LLC",TX,62279.92251582502
2029,3,p64,OkonRecycling,400227,East Blackland Solar Project 1,TX,7848.76121749055
2029,3,p64,OkonRecycling,405101,IKEA Round Rock 027,TX,102793.99559778941
2029,3,p64,SolarCycle,402653,Lampwick,TX,27039.003197682392
2029,3,p64,OkonRecycling,400249,Webberville Solar Project,TX,10518.95347111797
2029,3,p65,OkonRecycling,405700,Aktina Solar,TX,11384.646488246319
2029,3,p65,OkonRecycling,405727,Bernard Creek Solar,TX,15563.955018392138
2029,3,p65,OkonRecycling,401728,CPS 1 Community Solar,TX,1035140.9288148179
2029,3,p65,OkonRecycling,402656,Cascade Solar (TX),TX,58711.45566029822
2029,3,p65,OkonRecycling,404359,FELPS 1-Calaveras,TX,434132.6255406647
2029,3,p65,OkonRecycling,404361,FELPS 2-Calaveras,TX,2141774.0564813665
2029,3,p65,OkonRecycling,404740,FELPS 7- Floresville West,TX,2179253.9036653056
2029,3,p65,SolarCycle,405801,Horizon Solar,TX,18661.910390659883
2029,3,p65,SolarCycle,403343,Mars Solar,TX,108926.93631713671
2029,3,p65,OkonRecycling,404877,Nebula Solar,TX,16638.862514554447
2029,3,p65,OkonRecycling,400694,"OCI Alamo 2, LLC",TX,236291.95706766582
2029,3,p65,OkonRecycling,400965,"OCI Alamo 3, LLC",TX,128695.89930930053
2029,3,p65,SolarCycle,400966,"OCI Alamo 5, LLC",TX,28007.16904984066
2029,3,p65,OkonRecycling,400593,OCI Alamo Solar I Hybrid,TX,20357.910354593932
2029,3,p65,SolarCycle,405809,Shakes Solar,TX,10964.316573461103
2029,3,p65,OkonRecycling,405545,Sparta Solar,TX,17025.612657838486
2029,3,p65,OkonRecycling,400379,"SunE CPS1, LLC",TX,115871.0227384785
2029,3,p65,OkonRecycling,400364,"SunE CPS2, LLC",TX,116167.73319773255
2029,3,p65,OkonRecycling,400353,"SunE CPS3, LLC",TX,76628.10333886156
2029,3,p65,OkonRecycling,406032,Tres Bahias,TX,19030.009282480863
2029,3,p67,OkonRecycling,404939,Brazoria County Solar Project (Danciger),TX,8961.435651355187
2029,3,p67,OkonRecycling,404681,Brazoria West,TX,8395.790320692093
2029,3,p67,OkonRecycling,404587,Fighting Jays Solar Project,TX,8709.63763139226
2029,3,p67,OkonRecycling,405564,"Fort Bend Solar, LLC",TX,9862.004400372509
2029,3,p67,OkonRecycling,403514,Wagyu,TX,9170.56537293286
2029,4,p12,ComstockMetals,402144,Battle Mountain Solar Project,NV,9110.291404430402
2029,4,p12,ComstockMetals,405025,Brady,NV,7669.280755114537
2029,4,p12,ComstockMetals,405553,Dodge Flat,NV,7240.087201549464
2029,4,p12,ComstockMetals,402609,"EGP Stillwater Solar PV II, LLC",NV,9621.430785860188
2029,4,p12,ComstockMetals,404659,Fish Springs,NV,7369.67294386085
2029,4,p12,ComstockMetals,401086,Ft. Churchill PV,NV,7455.693520095623
2029,4,p12,ComstockMetals,405028,Galena 2 Geothermal Power Plant,NV,8459.98339902513
2029,4,p12,ComstockMetals,402130,Luning Energy,NV,9348.76220746991
2029,4,p12,ComstockMetals,400468,"Patua Acquisition Project, LLC",NV,8135.324675870482
2029,4,p12,ComstockMetals,405021,Steamboat Hills LP,NV,9095.531913882007
2029,4,p12,ComstockMetals,405023,Steamboat II,NV,7939.644731828416
2029,4,p12,ComstockMetals,405024,Steamboat III,NV,7871.54025333467
2029,4,p12,ComstockMetals,400029,Stillwater Facility,NV,9437.843065716086
2029,4,p12,ComstockMetals,401318,Sunshine Valley Solar,NV,8296.967398175531
2029,4,p12,ComstockMetals,405576,Tesla Reno GigaFactory,NV,8150.072794958096
2029,4,p12,ComstockMetals,401943,Tungsten Mountain,NV,22397.062928870113
2029,4,p12,ComstockMetals,403308,Turquoise Liberty Solar,NV,7720.3796589567055
2029,4,p12,ComstockMetals,403884,"Turquoise Nevada, LLC",NV,7305.730680295916
2029,4,p12,ComstockMetals,400035,Western 102 Power Plant,NV,9865.228314759386
2029,4,p13,WeRecycleSolar,400555,Apex Solar PV Power Project,NV,23242.51304394374
2029,4,p13,WeRecycleSolar,405385,Arrow Canyon Solar Hybrid,NV,7615.7464060269285
2029,4,p13,WeRecycleSolar,401649,"Boulder Solar Power, LLC",NV,10075.656304247115
2029,4,p13,WeRecycleSolar,400059,CM10,NV,18592.516535640436
2029,4,p13,WeRecycleSolar,400086,CM48,NV,11156.161772597268
2029,4,p13,WeRecycleSolar,400363,Copper Mountain Solar 2,NV,10891.845166964205
2029,4,p13,WeRecycleSolar,403688,"Copper Mountain Solar 5, LLC",NV,9474.260166223352
2029,4,p13,WeRecycleSolar,405358,Dignity - San Martin,NV,192005.4036894399
2029,4,p13,WeRecycleSolar,405355,Dignity - Siena Campus,NV,440480.41300251946
2029,4,p13,WeRecycleSolar,405556,Dry Lake Solar Energy Center,NV,8275.734302130317
2029,4,p13,WeRecycleSolar,405495,Gemini Solar,NV,7667.705088394713
2029,4,p13,WeRecycleSolar,403386,"Harry Allen Solar Energy, LLC",NV,9350.272206732036
2029,4,p13,WeRecycleSolar,406090,IGS LAS1,NV,310006.0926060521
2029,4,p13,WeRecycleSolar,406089,IGS VGT,NV,218178.5612006812
2029,4,p13,WeRecycleSolar,405309,IKEA Las Vegas 462,NV,164855.61419661154
2029,4,p13,WeRecycleSolar,400545,Las Vegas WPCF Solar Plant,NV,100370.30702005592
2029,4,p13,WeRecycleSolar,400313,Moapa Southern Paiute,NV,9778.721715674576
2029,4,p13,WeRecycleSolar,400600,Mountain View Solar,NV,23196.50820750767
2029,4,p13,WeRecycleSolar,400036,Nellis Air Force Base Solar Array,NV,59879.7791045815
2029,4,p13,WeRecycleSolar,401319,"Playa Solar 1, LLC",NV,11240.978531654295
2029,4,p13,WeRecycleSolar,401274,River Mountains Solar,NV,27766.91183112272
2029,4,p13,WeRecycleSolar,401042,Searchlight Solar,NV,17284.961012350497
2029,4,p13,WeRecycleSolar,400166,Silver State Solar Power North,NV,10982.281514800687
2029,4,p13,WeRecycleSolar,400658,Silver State Solar Power South,NV,8382.223266260156
2029,4,p13,WeRecycleSolar,405246,"Solar Las Vegas MB 2, LLC",NV,214663.64818919706
2029,4,p13,WeRecycleSolar,402485,"Techren Solar I, LLC",NV,9124.75956131467
2029,4,p13,WeRecycleSolar,402691,"Techren Solar III, LLC",NV,18680.244698680726
2029,4,p13,WeRecycleSolar,402692,"Techren Solar IV, LLC",NV,18725.28477398529
2029,4,p13,WeRecycleSolar,401851,Townsite Solar Project Hybrid,NV,10818.461163659376
2029,4,p13,WeRecycleSolar,406448,Yellow Pine II,NV,11015.51522073529
2029,4,p13,WeRecycleSolar,404971,Yellow Pine Solar,NV,9026.478156200783
2029,4,p27,WeRecycleSolar,400374,"Black Mountain Solar, LLC",AZ,17541.91843819914
2029,4,p27,WeRecycleSolar,402236,Gray Hawk Solar,AZ,8262.335754881087
2029,4,p27,WeRecycleSolar,401819,Jacobson 5 MW Solar,AZ,18296.01071799858
2029,4,p27,WeRecycleSolar,403718,Mohave Electric Cooperative at Joy Lane,AZ,17433.37564937704
2029,4,p27,WeRecycleSolar,406478,Mohave Energy - Hybrid,AZ,13007.015151019279
2029,4,p28,WeRecycleSolar,405418,AZ State University - Tempe Campus Solar,AZ,11397.45425966428
2029,4,p28,WeRecycleSolar,400148,Agua Caliente Solar Project,AZ,7570.268077668391
2029,4,p28,FabTechSolar,402067,Apache Solar 1,AZ,15376.279947657327
2029,4,p28,WeRecycleSolar,400274,Arizona Western College PV,AZ,38275.62135514039
2029,4,p28,WeRecycleSolar,400240,Arlington Valley Solar Energy II,AZ,8033.202666569851
2029,4,p28,FabTechSolar,401688,Bonnybrooke PV,AZ,7678.546322717112
2029,4,p28,WeRecycleSolar,400371,Buckeye Union HS District 201,AZ,27999.34367879681
2029,4,p28,FabTechSolar,405635,"Central Line Solar, LLC",AZ,7403.05063270035
2029,4,p28,WeRecycleSolar,400201,Chino Solar Valley,AZ,12840.157722496702
2029,4,p28,WeRecycleSolar,400202,Cotton Center Solar Hybrid,AZ,10291.00019949279
2029,4,p28,WeRecycleSolar,401069,Desert Star Hybrid,AZ,9319.528415743058
2029,4,p28,FabTechSolar,403257,East Line Solar,AZ,7468.07167465683
2029,4,p28,FabTechSolar,406171,Eleven Mile Solar Center,AZ,7290.791567935611
2029,4,p28,WeRecycleSolar,400349,Foothills Solar Plant Hybrid,AZ,11872.681423263599
2029,4,p28,WeRecycleSolar,400845,Gila Bend Hybrid,AZ,8899.134601528804
2029,4,p28,FabTechSolar,400599,"Gilbert Solar Facility I, LLC",AZ,12298.481199094467
2029,4,p28,WeRecycleSolar,400204,Hyder Solar Hybrid,AZ,10135.691880323531
2029,4,p28,FabTechSolar,405282,Intel - Ocotillo Campus Solar,AZ,8445.001728776635
2029,4,p28,WeRecycleSolar,405125,Jewish Community Center PV,AZ,21948.49690878191
2029,4,p28,WeRecycleSolar,402234,Kayenta Solar Project,AZ,18027.13427268119
2029,4,p28,WeRecycleSolar,400595,Lake Pleasant WTP,AZ,10836.424731165602
2029,4,p28,WeRecycleSolar,400128,Luke Solar,AZ,8514.487414637579
2029,4,p28,WeRecycleSolar,405068,Macys Goodyear,AZ,14769.124876100783
2029,4,p28,WeRecycleSolar,406279,McFarland A Solar and Storage,AZ,8251.255490466297
2029,4,p28,FabTechSolar,405617,Mesa Carport PV,AZ,10061.378757980508
2029,4,p28,FabTechSolar,404512,Mesa Solar Array,AZ,13728.222170229094
2029,4,p28,WeRecycleSolar,400250,Mesquite Solar 1,AZ,7324.357699190815
2029,4,p28,WeRecycleSolar,401621,"Mesquite Solar 2, LLC",AZ,7792.344348381778
2029,4,p28,WeRecycleSolar,401622,"Mesquite Solar 3, LLC",AZ,7994.666565417284
2029,4,p28,WeRecycleSolar,406038,"Mesquite Solar 4, LLC",AZ,8323.291528439715
2029,4,p28,WeRecycleSolar,404922,"Mesquite Solar 5, LLC",AZ,9135.36006270651
2029,4,p28,WeRecycleSolar,403572,OE_AZ1,AZ,10615.666218585671
2029,4,p28,WeRecycleSolar,400203,Paloma Solar Hybrid,AZ,10232.925804460583
2029,4,p28,WeRecycleSolar,405126,Paradise Valley H.S. PV,AZ,15706.075115493719
2029,4,p28,WeRecycleSolar,405150,Phoenix Airport East Economy Lot,AZ,18690.395193971817
2029,4,p28,WeRecycleSolar,405151,Phoenix Airport Rental Car Center,AZ,8791.071945725078
2029,4,p28,FabTechSolar,400125,"Poseidon Solar, LLC",AZ,9463.505849713018
2029,4,p28,WeRecycleSolar,400031,Prescott Airport,AZ,30074.287166739654
2029,4,p28,FabTechSolar,400323,Queen Creek Solar Farm,AZ,8391.809831651664
2029,4,p28,WeRecycleSolar,400289,"RE Bagdad Solar I, LLC",AZ,23107.270321375232
2029,4,p28,WeRecycleSolar,405132,"RE Gillespie 1, LLC",AZ,13762.62748820353
2029,4,p28,FabTechSolar,400758,Red Horse 2,AZ,12271.072969454788
2029,4,p28,FabTechSolar,406380,SR McNeal,AZ,17252.769402935468
2029,4,p28,WeRecycleSolar,400416,Saddle Mountain Solar I,AZ,17329.97400941201
2029,4,p28,FabTechSolar,403674,Saint Solar,AZ,7408.219008155732
2029,4,p28,FabTechSolar,401214,Sandstone Solar,AZ,7648.970811963719
2029,4,p28,WeRecycleSolar,405029,Solana Generating Station,AZ,7744.524823205764
2029,4,p28,WeRecycleSolar,406275,Sonoran Solar Energy,AZ,7258.86443000215
2029,4,p28,FabTechSolar,406034,Storey Solar and Storage,AZ,7818.368612432379
2029,4,p28,WeRecycleSolar,403643,Sun Streams 2,AZ,7899.981010805717
2029,4,p28,WeRecycleSolar,406517,Sun Streams 3,AZ,7682.997158803825
2029,4,p28,WeRecycleSolar,401975,"Sun Streams, LLC",AZ,7342.988898688033
2029,4,p28,WeRecycleSolar,405311,T0588 Phoenix - AZ,AZ,12560.573737261997
2029,4,p28,FabTechSolar,405134,Union HS at Casa Grande,AZ,24884.4875408084
2029,4,p28,FabTechSolar,405135,Vista Grande HS at Casa Grande,AZ,30191.511965963586
2029,4,p28,FabTechSolar,400334,Walmart Casa Grande,AZ,18451.18277585555
2029,4,p28,FabTechSolar,406098,"West Line Solar, LLC",AZ,7364.511058912467
2029,4,p29,FabTechSolar,400014,Springerville,AZ,10949.664177690152
2029,4,p30,FabTechSolar,405143,Actus Lend Lease DMAFB,AZ,27460.04263062637
2029,4,p30,FabTechSolar,405611,Amazon TUS2,AZ,31890.696155149803
2029,4,p30,FabTechSolar,405268,Amphitheater High School Solar,AZ,21175.971039868575
2029,4,p30,FabTechSolar,400939,Avalon Solar,AZ,9471.49925152569
2029,4,p30,FabTechSolar,401479,Avalon Solar II,AZ,15347.439973084056
2029,4,p30,FabTechSolar,400226,Avra Valley Solar,AZ,8943.043938475877
2029,4,p30,FabTechSolar,404704,Broadway 2 - Tucson Phase II,AZ,24455.81586668984
2029,4,p30,FabTechSolar,405269,Canyon Del Oro High School Solar,AZ,18995.848389784518
2029,4,p30,FabTechSolar,400330,FRB Solar Farm,AZ,20960.525140501093
2029,4,p30,FabTechSolar,400761,"Gato Montes Solar, LLC",AZ,20312.50995179082
2029,4,p30,FabTechSolar,404536,Iron Horse Battery Storage Hybrid,AZ,23617.437335358998
2029,4,p30,FabTechSolar,400552,"Picture Rocks Solar, LLC",AZ,7877.347613635535
2029,4,p30,FabTechSolar,405374,Pima Community College,AZ,122327.97133188689
2029,4,p30,FabTechSolar,405303,Pima Community College - East Campus,AZ,38147.846093127584
2029,4,p30,FabTechSolar,405516,Pima Community College NW,AZ,33827.65180072708
2029,4,p30,FabTechSolar,404926,Raptor Ridge,AZ,12226.5029315219
2029,4,p30,FabTechSolar,400857,Rio Rico Solar,AZ,16905.310892245165
2029,4,p30,FabTechSolar,400156,UASTP I,AZ,25511.179419270018
2029,4,p30,FabTechSolar,401075,Valencia Solar,AZ,14169.957728209543
2029,4,p30,FabTechSolar,404187,"Wilmot Energy Center, LLC",AZ,7723.215587688016
2029,4,p31,SolarCycle,400211,Alamogordo Solar Energy Center,NM,87555.83628026812
2029,4,p31,FabTechSolar,400206,Albuquerque Solar Energy Center,NM,197031.27890144303
2029,4,p31,FabTechSolar,405469,Arroyo Solar Energy Storage Hybrid,NM,8096.088634993933
2029,4,p31,FabTechSolar,403321,Bluewater CDEC 1,NM,384572.4478219988
2029,4,p31,SolarCycle,404981,Buena Vista Energy Center,NM,14050.823262883312
2029,4,p31,SolarCycle,402876,CNMEC Solar Energy Center,NM,266273.211292229
2029,4,p31,SolarCycle,402519,Carrizozo Solar,NM,97784.91992472297
2029,4,p31,FabTechSolar,401202,Cibola,NM,34319.3545539878
2029,4,p31,FabTechSolar,402988,City of Gallup Solar,NM,58071.87459736584
2029,4,p31,FabTechSolar,403604,City of Rio Rancho WWTP,NM,925120.641114395
2029,4,p31,FabTechSolar,401225,City of Truth or Consequences PV,NM,488772.49507214647
2029,4,p31,FabTechSolar,400209,Deming Solar Energy Center,NM,39327.48994508916
2029,4,p31,FabTechSolar,403868,Encino Solar Energy Center,NM,17307.366044314756
2029,4,p31,FabTechSolar,401038,Eubank Landfill Solar Array,NM,121339.61332009464
2029,4,p31,FabTechSolar,402443,Facebook 3 Solar Energy Center,NM,43260.71309782837
2029,4,p31,FabTechSolar,403322,Grants CDEC 2,NM,75091.37211009335
2029,4,p31,FabTechSolar,400216,"Hatch Solar Energy Center I, LLC",NM,100871.45057574527
2029,4,p31,SolarCycle,401617,Holloman Solar Facility,NM,87786.84544682868
2029,4,p31,FabTechSolar,406109,"Jicarilla Solar 1, LLC",NM,18732.5440229678
2029,4,p31,SolarCycle,400427,Kit Carson,NM,542169.3064490091
2029,4,p31,SolarCycle,400210,Las Vegas Solar Energy Center,NM,116117.66713000592
2029,4,p31,SolarCycle,400434,Los Alamos PV Site,NM,323270.55775299564
2029,4,p31,FabTechSolar,400207,Los Lunas Solar Energy Center,NM,84198.67394786233
2029,4,p31,FabTechSolar,400838,Macho Springs,NM,15770.366960506642
2029,4,p31,FabTechSolar,400582,Manzano Solar,NM,143912.58029545078
2029,4,p31,FabTechSolar,406375,OE_ESCL,NM,8717.547972096841
2029,4,p31,SolarCycle,400581,Otero Solar,NM,112615.5173857919
2029,4,p31,SolarCycle,400146,Questa Solar Facility,NM,458264.5860283871
2029,4,p31,FabTechSolar,403178,"RC Energy AA, LLC Solar Facility",NM,580809.0801324961
2029,4,p31,FabTechSolar,401566,Rio Communities Solar Energy Center,NM,43108.60301226546
2029,4,p31,FabTechSolar,403084,Rio De Oro Solar Energy Center,NM,28878.065117182574
2029,4,p31,FabTechSolar,400624,Rio Rancho High School,NM,291221.8844436559
2029,4,p31,FabTechSolar,404648,"Route 66 Energy Center, LLC",NM,16783.278935929735
2029,4,p31,SolarCycle,403387,San Miguel I Solar Energy Center,NM,34294.70997456057
2029,4,p31,SolarCycle,405458,San Miguel II Solar Energy Center,NM,115593.32549134879
2029,4,p31,FabTechSolar,401161,Sandoval Solar Energy Center,NM,98302.60478750124
2029,4,p31,SolarCycle,401564,Santa Fe Solar Energy Center,NM,131104.30775900866
2029,4,p31,FabTechSolar,401565,Santolina Solar Energy Center,NM,32839.17523956981
2029,4,p31,FabTechSolar,400596,Silver City WWTP PV Project,NM,374140.47104479646
2029,4,p31,FabTechSolar,401563,South Valley Solar Energy Center,NM,117049.91328364609
2029,4,p31,SolarCycle,401162,Springer Solar 1,NM,671636.4396189939
2029,4,p31,SolarCycle,400735,Storrie Lake Solar Project,NM,249296.06845546528
2029,4,p31,FabTechSolar,400623,Sue Cleveland High School,NM,580007.5745930496
2029,4,p31,SolarCycle,400343,"SunE EPE1, LLC",NM,27752.19266177203
2029,4,p31,SolarCycle,402854,Syncarpha Eagle Nest,NM,649870.6148110012
2029,4,p31,SolarCycle,403412,Syncarpha El Rito,NM,842569.1179646212
2029,4,p31,SolarCycle,403413,Syncarpha Questa,NM,864323.4677149244
2029,4,p31,SolarCycle,403411,Syncarpha Taos,NM,145509.98797923364
2029,4,p31,SolarCycle,404618,Taos Mesa Energy Facility Hybrid,NM,93826.04779115845
2029,4,p31,FabTechSolar,403011,Vista Solar Energy Center,NM,43630.49272963777
2029,4,p31,FabTechSolar,405245,Wal-Mart Truth or Consequences PV,NM,468597.6546592734
2029,4,p47,SolarCycle,400979,"Caprock Solar 1, LLC",NM,21535.70305991577
2029,4,p47,SolarCycle,404980,Chaves County Solar II,NM,24190.912150283315
2029,4,p47,SolarCycle,401681,"Chaves Solar, LLC",NM,9646.599491889314
2029,4,p47,SolarCycle,400614,GSE NM1,NM,144116.08316877982
2029,4,p47,SolarCycle,404982,Hayhurst New Mexico Solar,NM,23865.096967417932
2029,4,p47,SolarCycle,402530,Middle Daisy,NM,37816.258125434215
2029,4,p47,SolarCycle,400546,SEV NM Phase 2,NM,98671.95685984168
2029,4,p47,SolarCycle,400260,SPS1 Dollarhide,NM,22785.88303019807
2029,4,p47,SolarCycle,400261,SPS2 Jal,NM,12820.668738794864
2029,4,p47,SolarCycle,400262,SPS3 Lea,NM,13372.977818273339
2029,4,p47,SolarCycle,400264,SPS5 Hopi,NM,14460.549951283192
2029,4,p47,SolarCycle,404698,SoCore Clovis 1,NM,79408.23082210668
2029,4,p48,SolarCycle,406439,"BESSP1, LLC",TX,21574.119007710826
2029,4,p48,SolarCycle,405590,"Hecate Energy Frye Solar, LLC",TX,7475.238241851803
2029,4,p57,OkonRecycling,404918,"Hecate Energy Upshur Rural, LLC",TX,13229.074590480152
2029,4,p59,SolarCycle,402666,Fort Bliss (DEA EPIC),TX,42612.46078441184
2029,4,p59,SolarCycle,401616,Montana Solar Facility,TX,41220.89619033127
2029,4,p59,SolarCycle,401045,Newman Solar,TX,10167.146454794172
2029,4,p60,SolarCycle,403962,"ANSON Solar Center, LLC",TX,8267.933930399377
2029,4,p60,OkonRecycling,403883,Azure Sky Solar,TX,7700.256795995153
2029,4,p60,SolarCycle,403232,"ENGIE Long Draw Solar, LLC",TX,8124.883739148597
2029,4,p60,SolarCycle,406252,Highpeak Solar 1,TX,28271.679760014194
2029,4,p60,SolarCycle,402721,Holstein 1 Solar Farm,TX,7638.124355801679
2029,4,p60,SolarCycle,405492,Juno Solar Project,TX,7900.662829060008
2029,4,p60,SolarCycle,402541,Lamesa II,TX,7919.163695867541
2029,4,p60,SolarCycle,401660,Lamesa Solar,TX,7790.244432272198
2029,4,p60,SolarCycle,405932,Lumina II Solar Project,TX,8186.076806817919
2029,4,p60,SolarCycle,405933,Lumina Solar Project,TX,7664.263817995279
2029,4,p60,SolarCycle,402909,Misae Solar,TX,8431.112572891358
2029,4,p60,OkonRecycling,400968,"OCI Alamo 7, LLC",TX,9281.721198776891
2029,4,p60,SolarCycle,405939,Texas Solar Nova 1,TX,7674.9310325682545
2029,4,p61,SolarCycle,400967,Alamo 6,TX,7839.132507530561
2029,4,p61,SolarCycle,403557,Aragorn Solar Project,TX,7608.370395234949
2029,4,p61,SolarCycle,400691,Barilla Solar,TX,8038.634631744182
2029,4,p61,SolarCycle,401946,Bluebell Solar,TX,8090.2474314479405
2029,4,p61,SolarCycle,403574,Bluebell Solar II,TX,7438.275660435653
2029,4,p61,SolarCycle,400554,"Bryan Solar, LLC",TX,29970.99746002904
2029,4,p61,SolarCycle,401463,Buckthorn Westex,TX,7300.72874653627
2029,4,p61,SolarCycle,401703,East Pecos Solar,TX,7352.314915908631
2029,4,p61,SolarCycle,405363,Galloway 1 Solar Farm,TX,7563.087718263683
2029,4,p61,SolarCycle,403210,Greasewood,TX,7296.0203027510925
2029,4,p61,SolarCycle,402304,Midway Solar-TX,TX,7337.3335698944065
2029,4,p61,SolarCycle,400695,"OCI Alamo 4, LLC",TX,8765.410850354545
2029,4,p61,SolarCycle,401868,Pearl Solar,TX,7660.255198096424
2029,4,p61,SolarCycle,402290,RE Maplewood,TX,7350.500253692226
2029,4,p61,SolarCycle,401430,RE Roserock,TX,7331.817763094759
2029,4,p61,SolarCycle,402848,Rambler,TX,7414.103154271321
2029,4,p61,SolarCycle,402083,Solaire Holman Solar Project,TX,9933.075414520736
2029,4,p61,SolarCycle,403023,"Taygete Energy Project, LLC",TX,7360.117261286048
2029,4,p61,SolarCycle,404647,Taygete II Energy Project,TX,7333.673881098289
2029,4,p61,SolarCycle,403551,Titan Solar Project,TX,7487.59486374263
2029,4,p61,SolarCycle,406103,Zier Solar,TX,8726.45666249807
2029,4,p62,SolarCycle,403502,2W Permian Solar Project Hybrid,TX,7245.517282766206
2029,4,p62,SolarCycle,403697,CED Crane Solar,TX,7448.567626451532
2029,4,p62,SolarCycle,401525,Castle Gap Solar Hybrid,TX,7290.93140178293
2029,4,p62,SolarCycle,404599,Emerald Grove,TX,8063.445979107005
2029,4,p62,SolarCycle,403004,Lapetus,TX,7484.0613628589
2029,4,p62,SolarCycle,403280,Oberon IA,TX,7273.639722026729
2029,4,p62,SolarCycle,403279,Oberon IB,TX,7639.033661026063
2029,4,p62,SolarCycle,403602,Oxy Renewable Energy-Goldsmith,TX,8207.192884574328
2029,4,p62,SolarCycle,402679,Phoebe Solar,TX,7251.607439160544
2029,4,p62,SolarCycle,403177,Prospero Solar,TX,7260.623934649478
2029,4,p62,SolarCycle,404128,Prospero Solar II,TX,7360.790935915142
2029,4,p62,SolarCycle,403070,"Roadrunner, LLC",TX,7275.039224575165
2029,4,p62,SolarCycle,401805,Upton County Solar,TX,7277.322118760386
2029,4,p62,SolarCycle,402995,West of the Pecos Solar,TX,7315.345257481187
2029,4,p63,OkonRecycling,405599,"BPL Crown Solar, LLC",TX,9742.377195714895
2029,4,p63,OkonRecycling,404966,BPL Files Solar,TX,7436.632440874525
2029,4,p63,OkonRecycling,403825,Briar Creek Solar 1,TX,7542.620165738949
2029,4,p63,OkonRecycling,401697,CoServ Community Solar Station,TX,18200.982647625868
2029,4,p63,OkonRecycling,403188,Coniglio Solar,TX,7516.974055566718
2029,4,p63,OkonRecycling,406415,Dileo Solar,TX,10001.684861625574
2029,4,p63,OkonRecycling,402655,Eddy II,TX,16004.18718761805
2029,4,p63,OkonRecycling,406221,Eiffel Solar Project,TX,8188.37120201052
2029,4,p63,OkonRecycling,405540,"Ellis Solar, LLC",TX,7608.92432124314
2029,4,p63,OkonRecycling,403823,Elm Branch Solar 1,TX,7561.593271020728
2029,4,p63,OkonRecycling,406206,Five Wells Solar Center - Hybrid,TX,7427.757491942043
2029,4,p63,OkonRecycling,403288,Griffin Solar,TX,53147.85638136685
2029,4,p63,OkonRecycling,406202,Grizzly Ridge Solar,TX,8567.89869435247
2029,4,p63,OkonRecycling,402329,Highway 56 Solar,TX,11105.179655270831
2029,4,p63,OkonRecycling,405319,IKEA Grand Prairie Rooftop PV System,TX,10073.139567121296
2029,4,p63,OkonRecycling,405689,"IP Radian, LLC",TX,7841.063918659063
2029,4,p63,OkonRecycling,403481,Impact Solar 1,TX,7813.123414149976
2029,4,p63,OkonRecycling,403190,Kellam Solar,TX,9999.71486280966
2029,4,p63,OkonRecycling,402421,Leon Solar,TX,8962.370273916873
2029,4,p63,OkonRecycling,403874,Lily Solar Hybrid,TX,7449.723303428761
2029,4,p63,OkonRecycling,402404,Marlin Solar,TX,19323.02173325109
2029,4,p63,OkonRecycling,405794,Noble Solar,TX,7355.5140189992235
2029,4,p63,OkonRecycling,402405,North Gainesville Solar,TX,17369.3634192241
2029,4,p63,OkonRecycling,401933,Phantom Solar,TX,12461.817072944581
2029,4,p63,OkonRecycling,404872,"Pisgah Ridge Solar, LLC",TX,7533.413705327723
2029,4,p63,OkonRecycling,406416,Pitts Dudik Solar,TX,10291.967869344639
2029,4,p63,OkonRecycling,403189,Rippey Solar,TX,9604.204149053721
2029,4,p63,OkonRecycling,404630,"Samson Solar Energy III, LLC",TX,7536.607088634635
2029,4,p63,OkonRecycling,402652,Sterling Solar (TX),TX,12864.00171298853
2029,4,p63,OkonRecycling,404812,Sun Valley Solar Project,TX,7533.939667472239
2029,4,p63,OkonRecycling,403457,"TPE Whitney Solar, LLC",TX,12637.878511972962
2029,4,p63,OkonRecycling,405361,Toyota HQ Plan,TX,8185.198019278859
2029,4,p63,OkonRecycling,405907,Verizon Hidden Ridge Solar Project,TX,8129.810314152173
2029,4,p63,OkonRecycling,405984,Waco Solar,TX,7363.505667295898
2029,4,p63,OkonRecycling,402306,Walnut Springs Solar,TX,25561.87641377242
2029,4,p63,OkonRecycling,402497,West Moore Solar II,TX,14542.790433579305
2029,4,p63,OkonRecycling,402330,Whitesboro Solar,TX,11333.751140038277
2029,4,p63,OkonRecycling,402331,Whitesboro Solar II,TX,10445.40886609867
2029,4,p63,OkonRecycling,402414,Whitewright Solar,TX,9984.839587616354
2029,4,p63,OkonRecycling,402654,Yellow Jacket,TX,26190.026259911763
2029,4,p64,OkonRecycling,405731,Austin TX GigaFactory,TX,39094.87616574685
2029,4,p64,OkonRecycling,404721,"Blue Jay Solar I, LLC",TX,8385.737292026974
2029,4,p64,OkonRecycling,402389,"E-Volve Energy Holdings, LLC",TX,227489.69006330008
2029,4,p64,OkonRecycling,400227,East Blackland Solar Project 1,TX,8168.141826235825
2029,4,p64,OkonRecycling,405101,IKEA Round Rock 027,TX,198377.99119557883
2029,4,p64,SolarCycle,402653,Lampwick,TX,27039.003197682392
2029,4,p64,OkonRecycling,405613,Niagara Bottling - Seguin,TX,46148.946356257286
2029,4,p65,OkonRecycling,405700,Aktina Solar,TX,11384.646488246319
2029,4,p65,OkonRecycling,405727,Bernard Creek Solar,TX,15563.955018392138
2029,4,p65,OkonRecycling,405477,Brightside,TX,56864.40468428489
2029,4,p65,OkonRecycling,401728,CPS 1 Community Solar,TX,2063071.8576296358
2029,4,p65,OkonRecycling,402656,Cascade Solar (TX),TX,110212.91132059647
2029,4,p65,SolarCycle,404062,Elara Solar,TX,16002.16661165029
2029,4,p65,OkonRecycling,404359,FELPS 1-Calaveras,TX,1074516.5638516617
2029,4,p65,OkonRecycling,404361,FELPS 2-Calaveras,TX,1074492.0282406833
2029,4,p65,OkonRecycling,404739,FELPS 6- Floresville West,TX,2179955.6122145266
2029,4,p65,OkonRecycling,404740,FELPS 7- Floresville West,TX,731224.6345551019
2029,4,p65,SolarCycle,405801,Horizon Solar,TX,18661.910390659883
2029,4,p65,OkonRecycling,405380,IKEA Live Oak Rooftop PV System,TX,1163452.825017954
2029,4,p65,SolarCycle,403343,Mars Solar,TX,83497.70223785253
2029,4,p65,OkonRecycling,404877,Nebula Solar,TX,14281.646885915832
2029,4,p65,OkonRecycling,400694,"OCI Alamo 2, LLC",TX,465373.9141353317
2029,4,p65,OkonRecycling,400965,"OCI Alamo 3, LLC",TX,189438.84896395076
2029,4,p65,SolarCycle,400966,"OCI Alamo 5, LLC",TX,17608.584524920327
2029,4,p65,OkonRecycling,400593,OCI Alamo Solar I Hybrid,TX,59801.64141837574
2029,4,p65,SolarCycle,405809,Shakes Solar,TX,12841.474860191653
2029,4,p65,OkonRecycling,405545,Sparta Solar,TX,17025.612657838486
2029,4,p65,OkonRecycling,400379,"SunE CPS1, LLC",TX,115871.0227384785
2029,4,p65,OkonRecycling,400364,"SunE CPS2, LLC",TX,116167.73319773255
2029,4,p65,OkonRecycling,400353,"SunE CPS3, LLC",TX,111337.15500829233
2029,4,p65,OkonRecycling,406032,Tres Bahias,TX,13120.004641240434
2029,4,p67,OkonRecycling,404939,Brazoria County Solar Project (Danciger),TX,8377.623767570125
2029,4,p67,OkonRecycling,404681,Brazoria West,TX,8988.68548103814
2029,4,p67,OkonRecycling,404587,Fighting Jays Solar Project,TX,8709.63763139226
2029,4,p67,OkonRecycling,405564,"Fort Bend Solar, LLC",TX,7873.001100093128
2029,4,p67,OkonRecycling,403514,Wagyu,TX,9170.56537293286
2030,1,p12,ComstockMetals,402144,Battle Mountain Solar Project,NV,7590.058280886081
2030,1,p12,ComstockMetals,405025,Brady,NV,7669.280755114537
2030,1,p12,ComstockMetals,405553,Dodge Flat,NV,7240.087201549464
2030,1,p12,ComstockMetals,402609,"EGP Stillwater Solar PV II, LLC",NV,8415.715392930095
2030,1,p12,ComstockMetals,404659,Fish Springs,NV,7369.67294386085
2030,1,p12,ComstockMetals,401086,Ft. Churchill PV,NV,7455.693520095623
2030,1,p12,ComstockMetals,405028,Galena 2 Geothermal Power Plant,NV,8459.98339902513
2030,1,p12,ComstockMetals,402130,Luning Energy,NV,9348.76220746991
2030,1,p12,ComstockMetals,400468,"Patua Acquisition Project, LLC",NV,8135.324675870482
2030,1,p12,ComstockMetals,405021,Steamboat Hills LP,NV,9095.531913882007
2030,1,p12,ComstockMetals,405023,Steamboat II,NV,7939.644731828416
2030,1,p12,ComstockMetals,405024,Steamboat III,NV,7871.54025333467
2030,1,p12,ComstockMetals,400029,Stillwater Facility,NV,9437.843065716086
2030,1,p12,ComstockMetals,401318,Sunshine Valley Solar,NV,8840.4510972633
2030,1,p12,ComstockMetals,405026,TS Power Plant,NV,8336.916852447073
2030,1,p12,ComstockMetals,405576,Tesla Reno GigaFactory,NV,8620.109192437143
2030,1,p12,ComstockMetals,401943,Tungsten Mountain,NV,22397.062928870113
2030,1,p12,ComstockMetals,403308,Turquoise Liberty Solar,NV,8060.632764927842
2030,1,p12,ComstockMetals,403884,"Turquoise Nevada, LLC",NV,7305.730680295916
2030,1,p12,ComstockMetals,400035,Western 102 Power Plant,NV,10197.13185410431
2030,1,p13,WeRecycleSolar,400555,Apex Solar PV Power Project,NV,15226.256521971869
2030,1,p13,WeRecycleSolar,405385,Arrow Canyon Solar Hybrid,NV,7615.7464060269285
2030,1,p13,WeRecycleSolar,401649,"Boulder Solar Power, LLC",NV,12941.312608494229
2030,1,p13,WeRecycleSolar,400059,CM10,NV,35666.29133910109
2030,1,p13,WeRecycleSolar,400086,CM48,NV,19048.485317791812
2030,1,p13,WeRecycleSolar,400363,Copper Mountain Solar 2,NV,10891.845166964205
2030,1,p13,WeRecycleSolar,403688,"Copper Mountain Solar 5, LLC",NV,8342.130083111677
2030,1,p13,WeRecycleSolar,405358,Dignity - San Martin,NV,192005.4036894399
2030,1,p13,WeRecycleSolar,405355,Dignity - Siena Campus,NV,440480.41300251946
2030,1,p13,WeRecycleSolar,405556,Dry Lake Solar Energy Center,NV,8062.587441704252
2030,1,p13,WeRecycleSolar,405495,Gemini Solar,NV,7667.705088394713
2030,1,p13,WeRecycleSolar,403386,"Harry Allen Solar Energy, LLC",NV,13630.816620196108
2030,1,p13,WeRecycleSolar,406089,IGS VGT,NV,323662.84180102183
2030,1,p13,WeRecycleSolar,405309,IKEA Las Vegas 462,NV,322501.228393223
2030,1,p13,WeRecycleSolar,400545,Las Vegas WPCF Solar Plant,NV,100370.30702005592
2030,1,p13,WeRecycleSolar,400313,Moapa Southern Paiute,NV,9778.721715674576
2030,1,p13,WeRecycleSolar,400600,Mountain View Solar,NV,17867.672138338454
2030,1,p13,WeRecycleSolar,400036,Nellis Air Force Base Solar Array,NV,33544.88955229075
2030,1,p13,WeRecycleSolar,401319,"Playa Solar 1, LLC",NV,11240.978531654295
2030,1,p13,WeRecycleSolar,401274,River Mountains Solar,NV,48323.82366224542
2030,1,p13,WeRecycleSolar,401042,Searchlight Solar,NV,22322.44151852575
2030,1,p13,WeRecycleSolar,400166,Silver State Solar Power North,NV,12868.422272201029
2030,1,p13,WeRecycleSolar,400658,Silver State Solar Power South,NV,8382.223266260156
2030,1,p13,WeRecycleSolar,405246,"Solar Las Vegas MB 2, LLC",NV,214663.64818919706
2030,1,p13,WeRecycleSolar,405188,Solar Las Vegas MB-1,NV,134303.11802082713
2030,1,p13,WeRecycleSolar,402485,"Techren Solar I, LLC",NV,10082.139341972006
2030,1,p13,WeRecycleSolar,402690,"Techren Solar II, LLC",NV,10084.528451354607
2030,1,p13,WeRecycleSolar,402691,"Techren Solar III, LLC",NV,30150.489397361453
2030,1,p13,WeRecycleSolar,402692,"Techren Solar IV, LLC",NV,14886.856515990192
2030,1,p13,WeRecycleSolar,406448,Yellow Pine II,NV,10064.136415551468
2030,1,p13,WeRecycleSolar,404971,Yellow Pine Solar,NV,9026.478156200783
2030,1,p27,WeRecycleSolar,400374,"Black Mountain Solar, LLC",AZ,12375.95921909957
2030,1,p27,WeRecycleSolar,402236,Gray Hawk Solar,AZ,8262.335754881087
2030,1,p27,WeRecycleSolar,401819,Jacobson 5 MW Solar,AZ,29382.021435997165
2030,1,p27,WeRecycleSolar,403718,Mohave Electric Cooperative at Joy Lane,AZ,17433.37564937704
2030,1,p27,WeRecycleSolar,401311,Mohave Electric at Fort Mohave,AZ,18802.496984743586
2030,1,p27,WeRecycleSolar,406478,Mohave Energy - Hybrid,AZ,13007.015151019279
2030,1,p28,WeRecycleSolar,405418,AZ State University - Tempe Campus Solar,AZ,10001.636173109518
2030,1,p28,WeRecycleSolar,400148,Agua Caliente Solar Project,AZ,7570.268077668391
2030,1,p28,FabTechSolar,402067,Apache Solar 1,AZ,15376.279947657327
2030,1,p28,WeRecycleSolar,400274,Arizona Western College PV,AZ,69341.24271028079
2030,1,p28,WeRecycleSolar,400240,Arlington Valley Solar Energy II,AZ,7621.601333284925
2030,1,p28,WeRecycleSolar,400437,Badger 1,AZ,14037.197094526944
2030,1,p28,FabTechSolar,401688,Bonnybrooke PV,AZ,7912.81948407567
2030,1,p28,FabTechSolar,405635,"Central Line Solar, LLC",AZ,7403.05063270035
2030,1,p28,WeRecycleSolar,400201,Chino Solar Valley,AZ,12840.157722496702
2030,1,p28,WeRecycleSolar,400202,Cotton Center Solar Hybrid,AZ,9264.000132995192
2030,1,p28,WeRecycleSolar,401069,Desert Star Hybrid,AZ,10022.704554324077
2030,1,p28,FabTechSolar,403257,East Line Solar,AZ,7468.07167465683
2030,1,p28,FabTechSolar,406171,Eleven Mile Solar Center,AZ,7290.791567935611
2030,1,p28,WeRecycleSolar,405244,Estrella Mountain PV,AZ,28200.95807124778
2030,1,p28,WeRecycleSolar,400349,Foothills Solar Plant Hybrid,AZ,10318.454282175731
2030,1,p28,FabTechSolar,400825,Fort Huachuca Solar PV Project,AZ,16986.66008904727
2030,1,p28,WeRecycleSolar,400845,Gila Bend Hybrid,AZ,8899.134601528804
2030,1,p28,FabTechSolar,400599,"Gilbert Solar Facility I, LLC",AZ,12298.481199094467
2030,1,p28,WeRecycleSolar,400204,Hyder Solar Hybrid,AZ,13061.383760647064
2030,1,p28,FabTechSolar,405282,Intel - Ocotillo Campus Solar,AZ,9062.502593164954
2030,1,p28,WeRecycleSolar,405125,Jewish Community Center PV,AZ,36686.99381756382
2030,1,p28,WeRecycleSolar,402234,Kayenta Solar Project,AZ,18027.13427268119
2030,1,p28,WeRecycleSolar,400595,Lake Pleasant WTP,AZ,12649.637096748405
2030,1,p28,WeRecycleSolar,400128,Luke Solar,AZ,8188.365560978181
2030,1,p28,WeRecycleSolar,405068,Macys Goodyear,AZ,14769.124876100783
2030,1,p28,WeRecycleSolar,406279,McFarland A Solar and Storage,AZ,7730.627745233148
2030,1,p28,FabTechSolar,405617,Mesa Carport PV,AZ,10061.378757980508
2030,1,p28,WeRecycleSolar,400250,Mesquite Solar 1,AZ,7324.357699190815
2030,1,p28,WeRecycleSolar,401621,"Mesquite Solar 2, LLC",AZ,7792.344348381778
2030,1,p28,WeRecycleSolar,401622,"Mesquite Solar 3, LLC",AZ,7406.166641354322
2030,1,p28,WeRecycleSolar,406038,"Mesquite Solar 4, LLC",AZ,8323.291528439715
2030,1,p28,WeRecycleSolar,404922,"Mesquite Solar 5, LLC",AZ,9135.36006270651
2030,1,p28,WeRecycleSolar,403572,OE_AZ1,AZ,10615.666218585671
2030,1,p28,WeRecycleSolar,400203,Paloma Solar Hybrid,AZ,9225.283869640389
2030,1,p28,WeRecycleSolar,405126,Paradise Valley H.S. PV,AZ,19954.11267324058
2030,1,p28,WeRecycleSolar,405150,Phoenix Airport East Economy Lot,AZ,18690.395193971817
2030,1,p28,WeRecycleSolar,405151,Phoenix Airport Rental Car Center,AZ,8000.535972862538
2030,1,p28,FabTechSolar,402528,Pinal Central Energy Center Hybrid,AZ,9043.329775005419
2030,1,p28,FabTechSolar,400125,"Poseidon Solar, LLC",AZ,9463.505849713018
2030,1,p28,WeRecycleSolar,400031,Prescott Airport,AZ,30074.287166739654
2030,1,p28,WeRecycleSolar,400401,Prescott Solar Plant,AZ,13868.111371565363
2030,1,p28,FabTechSolar,400323,Queen Creek Solar Farm,AZ,7800.904915825832
2030,1,p28,WeRecycleSolar,400289,"RE Bagdad Solar I, LLC",AZ,12509.090107125077
2030,1,p28,WeRecycleSolar,405132,"RE Gillespie 1, LLC",AZ,10486.313744101766
2030,1,p28,FabTechSolar,406380,SR McNeal,AZ,13905.179601956977
2030,1,p28,WeRecycleSolar,400416,Saddle Mountain Solar I,AZ,12269.987004706005
2030,1,p28,FabTechSolar,403674,Saint Solar,AZ,7474.292010874308
2030,1,p28,FabTechSolar,401214,Sandstone Solar,AZ,7648.970811963719
2030,1,p28,WeRecycleSolar,405029,Solana Generating Station,AZ,7388.174941068587
2030,1,p28,WeRecycleSolar,406275,Sonoran Solar Energy,AZ,7258.86443000215
2030,1,p28,FabTechSolar,406034,Storey Solar and Storage,AZ,7412.78953747746
2030,1,p28,WeRecycleSolar,403643,Sun Streams 2,AZ,7899.981010805717
2030,1,p28,WeRecycleSolar,406517,Sun Streams 3,AZ,7682.997158803825
2030,1,p28,WeRecycleSolar,401975,"Sun Streams, LLC",AZ,7342.988898688033
2030,1,p28,WeRecycleSolar,405311,T0588 Phoenix - AZ,AZ,15235.860605892996
2030,1,p28,FabTechSolar,405134,Union HS at Casa Grande,AZ,24884.4875408084
2030,1,p28,FabTechSolar,405135,Vista Grande HS at Casa Grande,AZ,22531.007977309062
2030,1,p28,FabTechSolar,406098,"West Line Solar, LLC",AZ,7364.511058912467
2030,1,p29,FabTechSolar,400014,Springerville,AZ,9453.798506614094
2030,1,p30,FabTechSolar,405143,Actus Lend Lease DMAFB,AZ,47710.08526125274
2030,1,p30,FabTechSolar,405611,Amazon TUS2,AZ,31890.696155149803
2030,1,p30,FabTechSolar,400939,Avalon Solar,AZ,9471.49925152569
2030,1,p30,FabTechSolar,401479,Avalon Solar II,AZ,11278.719986542028
2030,1,p30,FabTechSolar,400226,Avra Valley Solar,AZ,10676.087876951755
2030,1,p30,FabTechSolar,404704,Broadway 2 - Tucson Phase II,AZ,41701.63173337968
2030,1,p30,FabTechSolar,405269,Canyon Del Oro High School Solar,AZ,30781.69677956904
2030,1,p30,FabTechSolar,401295,Davis Monthan AFB (AZ) West Airfield,AZ,16943.204698972437
2030,1,p30,FabTechSolar,400761,"Gato Montes Solar, LLC",AZ,15945.006634527213
2030,1,p30,FabTechSolar,404536,Iron Horse Battery Storage Hybrid,AZ,40024.874670717996
2030,1,p30,FabTechSolar,400552,"Picture Rocks Solar, LLC",AZ,7793.929161931092
2030,1,p30,FabTechSolar,405374,Pima Community College,AZ,122327.97133188689
2030,1,p30,FabTechSolar,405303,Pima Community College - East Campus,AZ,53616.76913969137
2030,1,p30,FabTechSolar,405516,Pima Community College NW,AZ,33827.65180072708
2030,1,p30,FabTechSolar,404926,Raptor Ridge,AZ,9718.251465760948
2030,1,p30,FabTechSolar,400857,Rio Rico Solar,AZ,36295.93267673549
2030,1,p30,FabTechSolar,401076,Tech Park Solar,AZ,32986.707971352276
2030,1,p30,FabTechSolar,400156,UASTP I,AZ,62113.53825781005
2030,1,p30,FabTechSolar,401075,Valencia Solar,AZ,11849.971818806363
2030,1,p30,FabTechSolar,404187,"Wilmot Energy Center, LLC",AZ,7723.215587688016
2030,1,p31,SolarCycle,400211,Alamogordo Solar Energy Center,NM,167901.67256053624
2030,1,p31,FabTechSolar,400206,Albuquerque Solar Energy Center,NM,291941.91835216456
2030,1,p31,SolarCycle,403675,Alcalde Solar Array,NM,183914.73537083852
2030,1,p31,FabTechSolar,401595,Alta Luna,NM,39149.94174822179
2030,1,p31,FabTechSolar,405469,Arroyo Solar Energy Storage Hybrid,NM,8982.177269987866
2030,1,p31,FabTechSolar,403321,Bluewater CDEC 1,NM,101550.61195549971
2030,1,p31,SolarCycle,402876,CNMEC Solar Energy Center,NM,179918.80752815263
2030,1,p31,SolarCycle,402519,Carrizozo Solar,NM,278934.7597741689
2030,1,p31,FabTechSolar,401202,Cibola,NM,142756.772769939
2030,1,p31,FabTechSolar,402988,City of Gallup Solar,NM,58071.87459736584
2030,1,p31,FabTechSolar,403604,City of Rio Rancho WWTP,NM,313180.2137047984
2030,1,p31,FabTechSolar,401225,City of Truth or Consequences PV,NM,167730.83169071548
2030,1,p31,FabTechSolar,400209,Deming Solar Energy Center,NM,39327.48994508916
2030,1,p31,FabTechSolar,403868,Encino Solar Energy Center,NM,27404.732088629513
2030,1,p31,FabTechSolar,401038,Eubank Landfill Solar Array,NM,577858.0666004734
2030,1,p31,FabTechSolar,402443,Facebook 3 Solar Energy Center,NM,115362.13929348507
2030,1,p31,FabTechSolar,403322,Grants CDEC 2,NM,210854.11633028003
2030,1,p31,SolarCycle,401617,Holloman Solar Facility,NM,168363.69089365736
2030,1,p31,FabTechSolar,406109,"Jicarilla Solar 1, LLC",NM,18732.5440229678
2030,1,p31,SolarCycle,400427,Kit Carson,NM,274689.65322450455
2030,1,p31,FabTechSolar,400207,Los Lunas Solar Energy Center,NM,161187.34789572467
2030,1,p31,FabTechSolar,400838,Macho Springs,NM,15770.366960506642
2030,1,p31,FabTechSolar,400582,Manzano Solar,NM,75561.29014772539
2030,1,p31,SolarCycle,401201,Meadow Lake Solar Energy Center,NM,47888.30084598156
2030,1,p31,SolarCycle,405693,NMSU Solar and Storage,NM,67678.14598005047
2030,1,p31,FabTechSolar,406375,OE_ESCL,NM,11732.643916290524
2030,1,p31,SolarCycle,400581,Otero Solar,NM,112615.5173857919
2030,1,p31,SolarCycle,400146,Questa Solar Facility,NM,683791.879042581
2030,1,p31,FabTechSolar,403178,"RC Energy AA, LLC Solar Facility",NM,580809.0801324961
2030,1,p31,FabTechSolar,401566,Rio Communities Solar Energy Center,NM,61057.90451839818
2030,1,p31,FabTechSolar,403084,Rio De Oro Solar Energy Center,NM,34295.08139647821
2030,1,p31,FabTechSolar,400624,Rio Rancho High School,NM,1143257.5377746231
2030,1,p31,FabTechSolar,404648,"Route 66 Energy Center, LLC",NM,11996.639467964866
2030,1,p31,SolarCycle,403387,San Miguel I Solar Energy Center,NM,43322.94663274744
2030,1,p31,SolarCycle,405458,San Miguel II Solar Energy Center,NM,61401.66274567439
2030,1,p31,FabTechSolar,401161,Sandoval Solar Energy Center,NM,98302.60478750124
2030,1,p31,FabTechSolar,401565,Santolina Solar Energy Center,NM,41382.23365275975
2030,1,p31,FabTechSolar,406343,Sky Ranch Solar,NM,12827.369311823411
2030,1,p31,FabTechSolar,401563,South Valley Solar Energy Center,NM,117049.91328364609
2030,1,p31,SolarCycle,401162,Springer Solar 1,NM,671636.4396189939
2030,1,p31,SolarCycle,400735,Storrie Lake Solar Project,NM,128253.03422773266
2030,1,p31,FabTechSolar,400623,Sue Cleveland High School,NM,1152805.1491860992
2030,1,p31,SolarCycle,400343,"SunE EPE1, LLC",NM,89378.77064708814
2030,1,p31,SolarCycle,402854,Syncarpha Eagle Nest,NM,264274.24592440046
2030,1,p31,SolarCycle,403412,Syncarpha El Rito,NM,424889.55898231064
2030,1,p31,SolarCycle,403413,Syncarpha Questa,NM,435766.7338574623
2030,1,p31,SolarCycle,403411,Syncarpha Taos,NM,422109.96393770113
2030,1,p31,SolarCycle,404618,Taos Mesa Energy Facility Hybrid,NM,93826.04779115845
2030,1,p31,FabTechSolar,403011,Vista Solar Energy Center,NM,116471.47818891332
2030,1,p31,FabTechSolar,405245,Wal-Mart Truth or Consequences PV,NM,237903.8273296367
2030,1,p47,SolarCycle,400979,"Caprock Solar 1, LLC",NM,35861.40611983153
2030,1,p47,SolarCycle,401681,"Chaves Solar, LLC",NM,14519.798475667943
2030,1,p47,SolarCycle,400614,GSE NM1,NM,144116.08316877982
2030,1,p47,SolarCycle,404982,Hayhurst New Mexico Solar,NM,10541.019393483588
2030,1,p47,SolarCycle,402530,Middle Daisy,NM,27614.17208362281
2030,1,p47,SolarCycle,400546,SEV NM Phase 2,NM,373057.8274393668
2030,1,p47,SolarCycle,400260,SPS1 Dollarhide,NM,12401.961010066025
2030,1,p47,SolarCycle,400261,SPS2 Jal,NM,24042.006216384598
2030,1,p47,SolarCycle,400262,SPS3 Lea,NM,12140.382254618671
2030,1,p47,SolarCycle,400264,SPS5 Hopi,NM,19294.249918805323
2030,1,p47,SolarCycle,404698,SoCore Clovis 1,NM,296002.9232884267
2030,1,p48,SolarCycle,406439,"BESSP1, LLC",TX,21574.119007710826
2030,1,p48,SolarCycle,405590,"Hecate Energy Frye Solar, LLC",TX,7563.650989135734
2030,1,p57,OkonRecycling,404918,"Hecate Energy Upshur Rural, LLC",TX,19248.149180960307
2030,1,p59,SolarCycle,402666,Fort Bliss (DEA EPIC),TX,60313.69117661777
2030,1,p59,SolarCycle,401616,Montana Solar Facility,TX,41220.89619033127
2030,1,p59,SolarCycle,401045,Newman Solar,TX,14110.008394519738
2030,1,p60,SolarCycle,403962,"ANSON Solar Center, LLC",TX,8267.933930399377
2030,1,p60,OkonRecycling,403883,Azure Sky Solar,TX,7700.256795995153
2030,1,p60,SolarCycle,403232,"ENGIE Long Draw Solar, LLC",TX,8124.883739148597
2030,1,p60,SolarCycle,406252,Highpeak Solar 1,TX,28271.679760014194
2030,1,p60,SolarCycle,402721,Holstein 1 Solar Farm,TX,7638.124355801679
2030,1,p60,SolarCycle,405492,Juno Solar Project,TX,7440.220943020004
2030,1,p60,SolarCycle,402541,Lamesa II,TX,8096.454619834423
2030,1,p60,SolarCycle,401660,Lamesa Solar,TX,7790.244432272198
2030,1,p60,SolarCycle,405932,Lumina II Solar Project,TX,8186.076806817919
2030,1,p60,SolarCycle,405933,Lumina Solar Project,TX,7664.263817995279
2030,1,p60,SolarCycle,402909,Misae Solar,TX,8431.112572891358
2030,1,p60,OkonRecycling,400968,"OCI Alamo 7, LLC",TX,8591.147465851262
2030,1,p60,SolarCycle,405939,Texas Solar Nova 1,TX,7674.9310325682545
2030,1,p61,SolarCycle,400967,Alamo 6,TX,7839.132507530561
2030,1,p61,SolarCycle,403557,Aragorn Solar Project,TX,7608.370395234949
2030,1,p61,SolarCycle,400691,Barilla Solar,TX,8314.846175658908
2030,1,p61,SolarCycle,401946,Bluebell Solar,TX,7914.197945158351
2030,1,p61,SolarCycle,403574,Bluebell Solar II,TX,7438.275660435653
2030,1,p61,SolarCycle,400554,"Bryan Solar, LLC",TX,18590.49873001451
2030,1,p61,SolarCycle,401463,Buckthorn Westex,TX,7323.410933170335
2030,1,p61,SolarCycle,401703,East Pecos Solar,TX,7399.753221211509
2030,1,p61,SolarCycle,405363,Galloway 1 Solar Farm,TX,7563.087718263683
2030,1,p61,SolarCycle,405494,Galloway 2 Solar Farm,TX,8789.117068955324
2030,1,p61,SolarCycle,403210,Greasewood,TX,7296.0203027510925
2030,1,p61,SolarCycle,406370,Hayhurst Texas Solar,TX,9591.258480868215
2030,1,p61,SolarCycle,402304,Midway Solar-TX,TX,7401.00035484161
2030,1,p61,SolarCycle,400695,"OCI Alamo 4, LLC",TX,8765.410850354545
2030,1,p61,SolarCycle,401868,Pearl Solar,TX,7660.255198096424
2030,1,p61,SolarCycle,402290,RE Maplewood,TX,7350.500253692226
2030,1,p61,SolarCycle,401430,RE Roserock,TX,7362.272203868448
2030,1,p61,SolarCycle,402848,Rambler,TX,7414.103154271321
2030,1,p61,SolarCycle,402083,Solaire Holman Solar Project,TX,9933.075414520736
2030,1,p61,SolarCycle,403023,"Taygete Energy Project, LLC",TX,7310.078174190699
2030,1,p61,SolarCycle,404647,Taygete II Energy Project,TX,7333.673881098289
2030,1,p61,SolarCycle,403551,Titan Solar Project,TX,7487.59486374263
2030,1,p61,SolarCycle,406103,Zier Solar,TX,8726.45666249807
2030,1,p62,SolarCycle,403502,2W Permian Solar Project Hybrid,TX,7245.517282766206
2030,1,p62,SolarCycle,403697,CED Crane Solar,TX,7448.567626451532
2030,1,p62,SolarCycle,401525,Castle Gap Solar Hybrid,TX,7290.93140178293
2030,1,p62,SolarCycle,404599,Emerald Grove,TX,7423.361494776751
2030,1,p62,SolarCycle,403004,Lapetus,TX,7415.546022144174
2030,1,p62,SolarCycle,403280,Oberon IA,TX,7273.639722026729
2030,1,p62,SolarCycle,403279,Oberon IB,TX,7531.775245769547
2030,1,p62,SolarCycle,403602,Oxy Renewable Energy-Goldsmith,TX,8207.192884574328
2030,1,p62,SolarCycle,402679,Phoebe Solar,TX,7262.009298950681
2030,1,p62,SolarCycle,403177,Prospero Solar,TX,7260.623934649478
2030,1,p62,SolarCycle,404128,Prospero Solar II,TX,7511.581871830282
2030,1,p62,SolarCycle,403070,"Roadrunner, LLC",TX,7275.039224575165
2030,1,p62,SolarCycle,401805,Upton County Solar,TX,7277.322118760386
2030,1,p62,SolarCycle,402995,West of the Pecos Solar,TX,7341.681571851483
2030,1,p63,OkonRecycling,405599,"BPL Crown Solar, LLC",TX,9742.377195714895
2030,1,p63,OkonRecycling,404966,BPL Files Solar,TX,7436.632440874525
2030,1,p63,OkonRecycling,403825,Briar Creek Solar 1,TX,7542.620165738949
2030,1,p63,OkonRecycling,401697,CoServ Community Solar Station,TX,16002.786118100697
2030,1,p63,OkonRecycling,403188,Coniglio Solar,TX,7516.974055566718
2030,1,p63,OkonRecycling,406415,Dileo Solar,TX,10001.684861625574
2030,1,p63,OkonRecycling,402655,Eddy II,TX,16004.18718761805
2030,1,p63,OkonRecycling,406221,Eiffel Solar Project,TX,8188.37120201052
2030,1,p63,OkonRecycling,405540,"Ellis Solar, LLC",TX,7475.9495474954265
2030,1,p63,OkonRecycling,403823,Elm Branch Solar 1,TX,7561.593271020728
2030,1,p63,OkonRecycling,406206,Five Wells Solar Center - Hybrid,TX,7427.757491942043
2030,1,p63,OkonRecycling,404567,G.S.E. One LLC,TX,7675.8389570195595
2030,1,p63,OkonRecycling,403288,Griffin Solar,TX,53147.85638136685
2030,1,p63,OkonRecycling,406202,Grizzly Ridge Solar,TX,8567.89869435247
2030,1,p63,OkonRecycling,402329,Highway 56 Solar,TX,12663.25151737916
2030,1,p63,OkonRecycling,405319,IKEA Grand Prairie Rooftop PV System,TX,10073.139567121296
2030,1,p63,OkonRecycling,405689,"IP Radian, LLC",TX,7525.531959329532
2030,1,p63,OkonRecycling,403481,Impact Solar 1,TX,7813.123414149976
2030,1,p63,OkonRecycling,403190,Kellam Solar,TX,9999.71486280966
2030,1,p63,OkonRecycling,402421,Leon Solar,TX,9838.55541087531
2030,1,p63,OkonRecycling,403874,Lily Solar Hybrid,TX,7369.815535619174
2030,1,p63,OkonRecycling,402404,Marlin Solar,TX,23360.695644334795
2030,1,p63,OkonRecycling,405794,Noble Solar,TX,7319.135514249417
2030,1,p63,OkonRecycling,402405,North Gainesville Solar,TX,10257.80902576723
2030,1,p63,OkonRecycling,401933,Phantom Solar,TX,17713.63414588916
2030,1,p63,OkonRecycling,404872,"Pisgah Ridge Solar, LLC",TX,7533.413705327723
2030,1,p63,OkonRecycling,406416,Pitts Dudik Solar,TX,10291.967869344639
2030,1,p63,OkonRecycling,403189,Rippey Solar,TX,9604.204149053721
2030,1,p63,OkonRecycling,404630,"Samson Solar Energy III, LLC",TX,7536.607088634635
2030,1,p63,OkonRecycling,402652,Sterling Solar (TX),TX,9471.60068519541
2030,1,p63,OkonRecycling,403457,"TPE Whitney Solar, LLC",TX,12637.878511972962
2030,1,p63,OkonRecycling,405361,Toyota HQ Plan,TX,8185.198019278859
2030,1,p63,OkonRecycling,405907,Verizon Hidden Ridge Solar Project,TX,8129.810314152173
2030,1,p63,OkonRecycling,405984,Waco Solar,TX,7670.517001887694
2030,1,p63,OkonRecycling,402306,Walnut Springs Solar,TX,43913.75282754485
2030,1,p63,OkonRecycling,402497,West Moore Solar II,TX,14542.790433579305
2030,1,p63,OkonRecycling,402330,Whitesboro Solar,TX,12021.042996711323
2030,1,p63,OkonRecycling,402331,Whitesboro Solar II,TX,10849.834974361003
2030,1,p63,OkonRecycling,402414,Whitewright Solar,TX,9192.028276868825
2030,1,p63,OkonRecycling,402654,Yellow Jacket,TX,26190.026259911763
2030,1,p64,OkonRecycling,404721,"Blue Jay Solar I, LLC",TX,8385.737292026974
2030,1,p64,OkonRecycling,402389,"E-Volve Energy Holdings, LLC",TX,227489.69006330008
2030,1,p64,OkonRecycling,400227,East Blackland Solar Project 1,TX,8168.141826235825
2030,1,p64,OkonRecycling,405101,IKEA Round Rock 027,TX,198377.99119557883
2030,1,p64,SolarCycle,402653,Lampwick,TX,46868.006395364784
2030,1,p64,OkonRecycling,405613,Niagara Bottling - Seguin,TX,46148.946356257286
2030,1,p64,OkonRecycling,400249,Webberville Solar Project,TX,9691.715103338474
2030,1,p65,OkonRecycling,405700,Aktina Solar,TX,11384.646488246319
2030,1,p65,OkonRecycling,405727,Bernard Creek Solar,TX,11386.977509196067
2030,1,p65,OkonRecycling,405477,Brightside,TX,56864.40468428489
2030,1,p65,OkonRecycling,401728,CPS 1 Community Solar,TX,692497.2858765452
2030,1,p65,OkonRecycling,402656,Cascade Solar (TX),TX,213215.8226411929
2030,1,p65,SolarCycle,404247,"Corazon Energy, LLC",TX,21362.84004855184
2030,1,p65,SolarCycle,404062,Elara Solar,TX,24794.33322330057
2030,1,p65,OkonRecycling,404361,FELPS 2-Calaveras,TX,2141774.0564813665
2030,1,p65,OkonRecycling,404739,FELPS 6- Floresville West,TX,731458.5374048422
2030,1,p65,OkonRecycling,404740,FELPS 7- Floresville West,TX,1093231.9518326528
2030,1,p65,OkonRecycling,406516,Ganado Solar,TX,21047.990346813767
2030,1,p65,SolarCycle,405801,Horizon Solar,TX,9500.382078131976
2030,1,p65,OkonRecycling,405380,IKEA Live Oak Rooftop PV System,TX,296270.7062544884
2030,1,p65,SolarCycle,403343,Mars Solar,TX,312360.8089514101
2030,1,p65,OkonRecycling,404877,Nebula Solar,TX,16638.862514554447
2030,1,p65,OkonRecycling,400694,"OCI Alamo 2, LLC",TX,159931.30471177725
2030,1,p65,OkonRecycling,400965,"OCI Alamo 3, LLC",TX,128695.89930930053
2030,1,p65,SolarCycle,400966,"OCI Alamo 5, LLC",TX,11369.433809968132
2030,1,p65,OkonRecycling,400593,OCI Alamo Solar I Hybrid,TX,33505.820709187865
2030,1,p65,SolarCycle,405809,Shakes Solar,TX,12841.474860191653
2030,1,p65,OkonRecycling,405545,Sparta Solar,TX,17025.612657838486
2030,1,p65,OkonRecycling,400379,"SunE CPS1, LLC",TX,79650.68182565233
2030,1,p65,OkonRecycling,400353,"SunE CPS3, LLC",TX,59273.57750414617
2030,1,p65,OkonRecycling,406032,Tres Bahias,TX,13120.004641240434
2030,1,p67,OkonRecycling,404939,Brazoria County Solar Project (Danciger),TX,8961.435651355187
2030,1,p67,OkonRecycling,404681,Brazoria West,TX,8395.790320692093
2030,1,p67,OkonRecycling,404587,Fighting Jays Solar Project,TX,7959.81881569613
2030,1,p67,OkonRecycling,405564,"Fort Bend Solar, LLC",TX,9862.004400372509
2030,1,p67,OkonRecycling,403514,Wagyu,TX,9170.56537293286
2030,2,p12,ComstockMetals,402144,Battle Mountain Solar Project,NV,8380.671438129437
2030,2,p12,ComstockMetals,405025,Brady,NV,7492.939164404772
2030,2,p12,ComstockMetals,405553,Dodge Flat,NV,7234.713562298977
2030,2,p12,ComstockMetals,402609,"EGP Stillwater Solar PV II, LLC",NV,7705.186008393401
2030,2,p12,ComstockMetals,404659,Fish Springs,NV,7308.366258135011
2030,2,p12,ComstockMetals,401086,Ft. Churchill PV,NV,7361.359094630879
2030,2,p12,ComstockMetals,405028,Galena 2 Geothermal Power Plant,NV,7980.050245958612
2030,2,p12,ComstockMetals,402130,Luning Energy,NV,8527.580989630473
2030,2,p12,ComstockMetals,400468,"Patua Acquisition Project, LLC",NV,7780.044766035579
2030,2,p12,ComstockMetals,405021,Steamboat Hills LP,NV,8371.578877911534
2030,2,p12,ComstockMetals,405023,Steamboat II,NV,7715.683510557591
2030,2,p12,ComstockMetals,405024,Steamboat III,NV,7617.5408002931745
2030,2,p12,ComstockMetals,400029,Stillwater Facility,NV,8582.45910789682
2030,2,p12,ComstockMetals,401318,Sunshine Valley Solar,NV,8214.436754480332
2030,2,p12,ComstockMetals,405026,TS Power Plant,NV,8598.470599015258
2030,2,p12,ComstockMetals,405576,Tesla Reno GigaFactory,NV,7644.3477406626325
2030,2,p12,ComstockMetals,401943,Tungsten Mountain,NV,16565.96548953068
2030,2,p12,ComstockMetals,403308,Turquoise Liberty Solar,NV,7603.023201566519
2030,2,p12,ComstockMetals,403884,"Turquoise Nevada, LLC",NV,7268.974730356538
2030,2,p12,ComstockMetals,400035,Western 102 Power Plant,NV,8845.749097509122
2030,2,p13,WeRecycleSolar,400555,Apex Solar PV Power Project,NV,17366.617327477143
2030,2,p13,WeRecycleSolar,405385,Arrow Canyon Solar Hybrid,NV,7724.081724645331
2030,2,p13,WeRecycleSolar,402017,"Boulder Solar II, LLC",NV,14449.364059180405
2030,2,p13,WeRecycleSolar,401649,"Boulder Solar Power, LLC",NV,10840.793799391902
2030,2,p13,WeRecycleSolar,400059,CM10,NV,25237.096619118525
2030,2,p13,WeRecycleSolar,400086,CM48,NV,10959.84772443981
2030,2,p13,WeRecycleSolar,400363,Copper Mountain Solar 2,NV,9542.453578386614
2030,2,p13,WeRecycleSolar,403688,"Copper Mountain Solar 5, LLC",NV,7927.205842126776
2030,2,p13,WeRecycleSolar,405358,Dignity - San Martin,NV,124278.12238392617
2030,2,p13,WeRecycleSolar,405355,Dignity - Siena Campus,NV,144448.67780812047
2030,2,p13,WeRecycleSolar,405556,Dry Lake Solar Energy Center,NV,7885.144030747716
2030,2,p13,WeRecycleSolar,405495,Gemini Solar,NV,7644.935130156052
2030,2,p13,WeRecycleSolar,406090,IGS LAS1,NV,83938.68333057052
2030,2,p13,WeRecycleSolar,405309,IKEA Las Vegas 462,NV,406684.7853593449
2030,2,p13,WeRecycleSolar,400545,Las Vegas WPCF Solar Plant,NV,66227.17253680411
2030,2,p13,WeRecycleSolar,400313,Moapa Southern Paiute,NV,8837.288461601625
2030,2,p13,WeRecycleSolar,400600,Mountain View Solar,NV,27464.94641060811
2030,2,p13,WeRecycleSolar,401319,"Playa Solar 1, LLC",NV,9763.630007290329
2030,2,p13,WeRecycleSolar,401274,River Mountains Solar,NV,20232.82969183489
2030,2,p13,WeRecycleSolar,400166,Silver State Solar Power North,NV,9599.745119329205
2030,2,p13,WeRecycleSolar,405246,"Solar Las Vegas MB 2, LLC",NV,94824.76598923554
2030,2,p13,WeRecycleSolar,405188,Solar Las Vegas MB-1,NV,27338.412825165942
2030,2,p13,WeRecycleSolar,402485,"Techren Solar I, LLC",NV,9029.50391230906
2030,2,p13,WeRecycleSolar,402690,"Techren Solar II, LLC",NV,9031.017416130078
2030,2,p13,WeRecycleSolar,402691,"Techren Solar III, LLC",NV,21742.829100180374
2030,2,p13,WeRecycleSolar,402692,"Techren Solar IV, LLC",NV,21799.894989728113
2030,2,p13,WeRecycleSolar,403001,Techren Solar V,NV,14504.69241500913
2030,2,p13,WeRecycleSolar,401851,Townsite Solar Project Hybrid,NV,9495.964719311147
2030,2,p13,WeRecycleSolar,406448,Yellow Pine II,NV,14442.396142443522
2030,2,p13,WeRecycleSolar,404971,Yellow Pine Solar,NV,8360.741213538062
2030,2,p27,WeRecycleSolar,400374,"Black Mountain Solar, LLC",AZ,10682.648437227179
2030,2,p27,WeRecycleSolar,402236,Gray Hawk Solar,AZ,7917.398560390312
2030,2,p27,WeRecycleSolar,401819,Jacobson 5 MW Solar,AZ,22114.421874879507
2030,2,p27,WeRecycleSolar,401311,Mohave Electric at Fort Mohave,AZ,12405.11992904032
2030,2,p27,WeRecycleSolar,406478,Mohave Energy - Hybrid,AZ,11106.855308176093
2030,2,p28,WeRecycleSolar,405418,AZ State University - Tempe Campus Solar,AZ,9001.202109595228
2030,2,p28,WeRecycleSolar,400148,Agua Caliente Solar Project,AZ,7364.1062661759515
2030,2,p28,WeRecycleSolar,400274,Arizona Western College PV,AZ,47075.37145722175
2030,2,p28,WeRecycleSolar,400240,Arlington Valley Solar Energy II,AZ,7474.096440501038
2030,2,p28,FabTechSolar,401688,Bonnybrooke PV,AZ,7510.634147736792
2030,2,p28,WeRecycleSolar,400371,Buckeye Union HS District 201,AZ,20549.10078012882
2030,2,p28,FabTechSolar,405635,"Central Line Solar, LLC",AZ,7333.867395000256
2030,2,p28,WeRecycleSolar,400201,Chino Solar Valley,AZ,9618.324906860826
2030,2,p28,WeRecycleSolar,401069,Desert Star Hybrid,AZ,7983.451535580744
2030,2,p28,FabTechSolar,403257,East Line Solar,AZ,7375.586953101121
2030,2,p28,FabTechSolar,406171,Eleven Mile Solar Center,AZ,7261.838426625121
2030,2,p28,WeRecycleSolar,405244,Estrella Mountain PV,AZ,20678.46295438403
2030,2,p28,WeRecycleSolar,400349,Foothills Solar Plant Hybrid,AZ,13193.447902107824
2030,2,p28,FabTechSolar,400825,Fort Huachuca Solar PV Project,AZ,13483.014494145513
2030,2,p28,WeRecycleSolar,400845,Gila Bend Hybrid,AZ,9377.604425528405
2030,2,p28,FabTechSolar,400599,"Gilbert Solar Facility I, LLC",AZ,10474.930561600115
2030,2,p28,WeRecycleSolar,400204,Hyder Solar Hybrid,AZ,10964.43298703491
2030,2,p28,FabTechSolar,405282,Intel - Ocotillo Campus Solar,AZ,8002.416190636484
2030,2,p28,WeRecycleSolar,405125,Jewish Community Center PV,AZ,16666.686014305058
2030,2,p28,WeRecycleSolar,400128,Luke Solar,AZ,8465.500608324213
2030,2,p28,WeRecycleSolar,405068,Macys Goodyear,AZ,12060.173727933812
2030,2,p28,WeRecycleSolar,406279,McFarland A Solar and Storage,AZ,7544.05123653226
2030,2,p28,FabTechSolar,405617,Mesa Carport PV,AZ,10869.069685188048
2030,2,p28,FabTechSolar,404512,Mesa Solar Array,AZ,11392.29761262901
2030,2,p28,WeRecycleSolar,400250,Mesquite Solar 1,AZ,7283.375518633891
2030,2,p28,WeRecycleSolar,401621,"Mesquite Solar 2, LLC",AZ,7583.650562125516
2030,2,p28,WeRecycleSolar,401622,"Mesquite Solar 3, LLC",AZ,7377.822299677724
2030,2,p28,WeRecycleSolar,406038,"Mesquite Solar 4, LLC",AZ,7924.323074598402
2030,2,p28,WeRecycleSolar,404922,"Mesquite Solar 5, LLC",AZ,8445.371943976814
2030,2,p28,WeRecycleSolar,403572,OE_AZ1,AZ,9395.183217665855
2030,2,p28,WeRecycleSolar,405150,Phoenix Airport East Economy Lot,AZ,10893.092425959632
2030,2,p28,WeRecycleSolar,405151,Phoenix Airport Rental Car Center,AZ,8224.465793173216
2030,2,p28,FabTechSolar,402528,Pinal Central Energy Center Hybrid,AZ,9562.644798204958
2030,2,p28,FabTechSolar,400125,"Poseidon Solar, LLC",AZ,8655.920665046773
2030,2,p28,WeRecycleSolar,400031,Prescott Airport,AZ,51221.35054985021
2030,2,p28,WeRecycleSolar,400401,Prescott Solar Plant,AZ,11482.054950980162
2030,2,p28,FabTechSolar,400323,Queen Creek Solar Farm,AZ,7589.143293095557
2030,2,p28,WeRecycleSolar,405132,"RE Gillespie 1, LLC",AZ,9312.186576696393
2030,2,p28,FabTechSolar,400758,Red Horse 2,AZ,10457.344574133782
2030,2,p28,WeRecycleSolar,400416,Saddle Mountain Solar I,AZ,13703.295569571525
2030,2,p28,FabTechSolar,403674,Saint Solar,AZ,7379.5781176599085
2030,2,p28,FabTechSolar,401214,Sandstone Solar,AZ,7632.486346186897
2030,2,p28,WeRecycleSolar,405029,Solana Generating Station,AZ,7295.742010382635
2030,2,p28,WeRecycleSolar,406275,Sonoran Solar Energy,AZ,7272.705929194581
2030,2,p28,FabTechSolar,406034,Storey Solar and Storage,AZ,7405.1742767372525
2030,2,p28,WeRecycleSolar,406517,Sun Streams 3,AZ,7513.489945016099
2030,2,p28,WeRecycleSolar,401975,"Sun Streams, LLC",AZ,7352.216476354926
2030,2,p28,WeRecycleSolar,405311,T0588 Phoenix - AZ,AZ,10643.097427969355
2030,2,p28,FabTechSolar,405134,Union HS at Casa Grande,AZ,14770.340341878442
2030,2,p28,FabTechSolar,405135,Vista Grande HS at Casa Grande,AZ,36701.33064805504
2030,2,p28,FabTechSolar,406098,"West Line Solar, LLC",AZ,7309.139184878637
2030,2,p29,FabTechSolar,400014,Springerville,AZ,11098.691283287906
2030,2,p30,FabTechSolar,405143,Actus Lend Lease DMAFB,AZ,20783.83376006101
2030,2,p30,FabTechSolar,405611,Amazon TUS2,AZ,23753.75118133852
2030,2,p30,FabTechSolar,400939,Avalon Solar,AZ,8725.908655040823
2030,2,p30,FabTechSolar,400226,Avra Valley Solar,AZ,7984.4527011241935
2030,2,p30,FabTechSolar,404704,Broadway 2 - Tucson Phase II,AZ,11834.026564310094
2030,2,p30,FabTechSolar,405269,Canyon Del Oro High School Solar,AZ,23010.37629375295
2030,2,p30,FabTechSolar,401295,Davis Monthan AFB (AZ) West Airfield,AZ,10472.138874134554
2030,2,p30,FabTechSolar,400761,"Gato Montes Solar, LLC",AZ,13065.17423902998
2030,2,p30,FabTechSolar,404536,Iron Horse Battery Storage Hybrid,AZ,51202.36700508469
2030,2,p30,FabTechSolar,400552,"Picture Rocks Solar, LLC",AZ,7657.33069124319
2030,2,p30,FabTechSolar,405374,Pima Community College,AZ,32931.62824801863
2030,2,p30,FabTechSolar,405303,Pima Community College - East Campus,AZ,38316.98486584942
2030,2,p30,FabTechSolar,405516,Pima Community College NW,AZ,60736.34370455381
2030,2,p30,FabTechSolar,404926,Raptor Ridge,AZ,9451.745958807753
2030,2,p30,FabTechSolar,400857,Rio Rico Solar,AZ,16958.315648314314
2030,2,p30,FabTechSolar,401076,Tech Park Solar,AZ,12969.473453413872
2030,2,p30,FabTechSolar,400156,UASTP I,AZ,25611.23289477765
2030,2,p30,FabTechSolar,401075,Valencia Solar,AZ,16540.67755984729
2030,2,p30,FabTechSolar,404187,"Wilmot Energy Center, LLC",AZ,7554.014242212668
2030,2,p31,SolarCycle,400211,Alamogordo Solar Energy Center,NM,93722.09636821187
2030,2,p31,FabTechSolar,400206,Albuquerque Solar Energy Center,NM,109404.69690859297
2030,2,p31,SolarCycle,403675,Alcalde Solar Array,NM,102343.1008728057
2030,2,p31,FabTechSolar,401595,Alta Luna,NM,24405.60991859289
2030,2,p31,FabTechSolar,405469,Arroyo Solar Energy Storage Hybrid,NM,8164.092818375437
2030,2,p31,FabTechSolar,403321,Bluewater CDEC 1,NM,74930.61453987798
2030,2,p31,SolarCycle,404981,Buena Vista Energy Center,NM,10892.9161830618
2030,2,p31,SolarCycle,402876,CNMEC Solar Energy Center,NM,146682.70038108912
2030,2,p31,SolarCycle,402519,Carrizozo Solar,NM,43782.334814606395
2030,2,p31,FabTechSolar,401202,Cibola,NM,21804.95104060911
2030,2,p31,FabTechSolar,402988,City of Gallup Solar,NM,25465.11480680526
2030,2,p31,FabTechSolar,403604,City of Rio Rancho WWTP,NM,254299.2628601522
2030,2,p31,FabTechSolar,401225,City of Truth or Consequences PV,NM,136840.18032344975
2030,2,p31,FabTechSolar,403868,Encino Solar Energy Center,NM,10834.101113938288
2030,2,p31,FabTechSolar,401038,Eubank Landfill Solar Array,NM,160820.82420582778
2030,2,p31,FabTechSolar,403322,Grants CDEC 2,NM,116846.54267863544
2030,2,p31,FabTechSolar,400216,"Hatch Solar Energy Center I, LLC",NM,57634.818592530755
2030,2,p31,SolarCycle,401617,Holloman Solar Facility,NM,50590.41733753484
2030,2,p31,FabTechSolar,406109,"Jicarilla Solar 1, LLC",NM,19616.858713184683
2030,2,p31,SolarCycle,400427,Kit Carson,NM,295217.7749838192
2030,2,p31,SolarCycle,400210,Las Vegas Solar Energy Center,NM,65842.97359381705
2030,2,p31,SolarCycle,400434,Los Alamos PV Site,NM,687844.1858248368
2030,2,p31,FabTechSolar,400207,Los Lunas Solar Energy Center,NM,90107.28364522645
2030,2,p31,FabTechSolar,400838,Macho Springs,NM,16427.344989120287
2030,2,p31,SolarCycle,401201,Meadow Lake Solar Energy Center,NM,72910.32585024447
2030,2,p31,SolarCycle,405693,NMSU Solar and Storage,NM,88596.07914269029
2030,2,p31,FabTechSolar,406375,OE_ESCL,NM,8427.435228878569
2030,2,p31,SolarCycle,400581,Otero Solar,NM,63957.509889696244
2030,2,p31,SolarCycle,400146,Questa Solar Facility,NM,735717.1564448008
2030,2,p31,FabTechSolar,403178,"RC Energy AA, LLC Solar Facility",NM,213083.5967517586
2030,2,p31,FabTechSolar,401566,Rio Communities Solar Energy Center,NM,26536.847208658655
2030,2,p31,FabTechSolar,403084,Rio De Oro Solar Energy Center,NM,36373.76604432011
2030,2,p31,FabTechSolar,400624,Rio Rancho High School,NM,313018.79674957343
2030,2,p31,SolarCycle,400135,Roadrunner Solar,NM,30936.83569155891
2030,2,p31,FabTechSolar,404648,"Route 66 Energy Center, LLC",NM,10645.998130946175
2030,2,p31,SolarCycle,403387,San Miguel I Solar Energy Center,NM,26652.244078051885
2030,2,p31,FabTechSolar,401161,Sandoval Solar Energy Center,NM,105293.64152584125
2030,2,p31,SolarCycle,401564,Santa Fe Solar Energy Center,NM,29443.79328774781
2030,2,p31,FabTechSolar,401565,Santolina Solar Energy Center,NM,21008.062107594105
2030,2,p31,FabTechSolar,400596,Silver City WWTP PV Project,NM,138907.03098958932
2030,2,p31,FabTechSolar,406343,Sky Ranch Solar,NM,10234.241315661377
2030,2,p31,FabTechSolar,401563,South Valley Solar Energy Center,NM,36777.434987930144
2030,2,p31,SolarCycle,401162,Springer Solar 1,NM,364919.41491851077
2030,2,p31,SolarCycle,400735,Storrie Lake Solar Project,NM,202708.9914838079
2030,2,p31,FabTechSolar,400623,Sue Cleveland High School,NM,623967.7719872679
2030,2,p31,SolarCycle,400343,"SunE EPE1, LLC",NM,14582.911210857776
2030,2,p31,SolarCycle,403412,Syncarpha El Rito,NM,97156.9989500477
2030,2,p31,SolarCycle,403413,Syncarpha Questa,NM,161025.6515018154
2030,2,p31,SolarCycle,403411,Syncarpha Taos,NM,230581.03778557022
2030,2,p31,SolarCycle,404618,Taos Mesa Energy Facility Hybrid,NM,53841.76226956895
2030,2,p31,FabTechSolar,403011,Vista Solar Energy Center,NM,36621.727999942246
2030,2,p31,SolarCycle,400354,WSMR I,NM,57405.13301146236
2030,2,p47,SolarCycle,400979,"Caprock Solar 1, LLC",NM,11022.648156751222
2030,2,p47,SolarCycle,401681,"Chaves Solar, LLC",NM,9155.432595378823
2030,2,p47,SolarCycle,400614,GSE NM1,NM,152954.95184169943
2030,2,p47,SolarCycle,404982,Hayhurst New Mexico Solar,NM,11642.593952824272
2030,2,p47,SolarCycle,401682,"Roswell Solar, LLC",NM,11134.999823822498
2030,2,p47,SolarCycle,400546,SEV NM Phase 2,NM,55893.44119322899
2030,2,p47,SolarCycle,400260,SPS1 Dollarhide,NM,15500.743075782615
2030,2,p47,SolarCycle,400261,SPS2 Jal,NM,10196.45109920821
2030,2,p47,SolarCycle,400262,SPS3 Lea,NM,20331.73841418526
2030,2,p47,SolarCycle,400264,SPS5 Hopi,NM,26506.641701684865
2030,2,p47,SolarCycle,404698,SoCore Clovis 1,NM,160928.92074732002
2030,2,p48,SolarCycle,406439,"BESSP1, LLC",TX,12830.220554395079
2030,2,p48,SolarCycle,405590,"Hecate Energy Frye Solar, LLC",TX,7486.7446520257645
2030,2,p57,OkonRecycling,404918,"Hecate Energy Upshur Rural, LLC",TX,11298.713295020314
2030,2,p59,SolarCycle,402666,Fort Bliss (DEA EPIC),TX,72406.04880697471
2030,2,p59,SolarCycle,401616,Montana Solar Facility,TX,48965.59172749418
2030,2,p59,SolarCycle,401045,Newman Solar,TX,19916.836589611314
2030,2,p60,SolarCycle,403962,"ANSON Solar Center, LLC",TX,7775.967843597554
2030,2,p60,OkonRecycling,403883,Azure Sky Solar,TX,7472.274962231031
2030,2,p60,SolarCycle,403232,"ENGIE Long Draw Solar, LLC",TX,7699.439616321718
2030,2,p60,SolarCycle,406252,Highpeak Solar 1,TX,10026.866236584721
2030,2,p60,SolarCycle,402721,Holstein 1 Solar Farm,TX,7439.035681229351
2030,2,p60,SolarCycle,405492,Juno Solar Project,TX,7333.162370473209
2030,2,p60,SolarCycle,402541,Lamesa II,TX,7842.307677216836
2030,2,p60,SolarCycle,401660,Lamesa Solar,TX,7442.81205044294
2030,2,p60,SolarCycle,405932,Lumina II Solar Project,TX,7732.17635682767
2030,2,p60,SolarCycle,405933,Lumina Solar Project,TX,7696.039262202552
2030,2,p60,SolarCycle,402909,Misae Solar,TX,7863.264282211163
2030,2,p60,OkonRecycling,400968,"OCI Alamo 7, LLC",TX,7948.878894491053
2030,2,p60,SolarCycle,405939,Texas Solar Nova 1,TX,7458.726320579306
2030,2,p61,SolarCycle,400967,Alamo 6,TX,7404.559403569144
2030,2,p61,SolarCycle,403557,Aragorn Solar Project,TX,7456.392311854115
2030,2,p61,SolarCycle,400691,Barilla Solar,TX,7893.347976455995
2030,2,p61,SolarCycle,401946,Bluebell Solar,TX,7754.433527773044
2030,2,p61,SolarCycle,403574,Bluebell Solar II,TX,7351.188623420658
2030,2,p61,SolarCycle,400554,"Bryan Solar, LLC",TX,10025.537927196967
2030,2,p61,SolarCycle,401463,Buckthorn Westex,TX,7280.144725480644
2030,2,p61,SolarCycle,401703,East Pecos Solar,TX,7327.362473254306
2030,2,p61,SolarCycle,405363,Galloway 1 Solar Farm,TX,7501.179934489439
2030,2,p61,SolarCycle,405494,Galloway 2 Solar Farm,TX,8186.684788734684
2030,2,p61,SolarCycle,403210,Greasewood,TX,7289.8054079121475
2030,2,p61,SolarCycle,406370,Hayhurst Texas Solar,TX,7946.404849910226
2030,2,p61,SolarCycle,402304,Midway Solar-TX,TX,7328.133826100771
2030,2,p61,SolarCycle,400695,"OCI Alamo 4, LLC",TX,8172.02247929545
2030,2,p61,SolarCycle,401868,Pearl Solar,TX,7488.483091390066
2030,2,p61,SolarCycle,402290,RE Maplewood,TX,7296.8994853467975
2030,2,p61,SolarCycle,401430,RE Roserock,TX,7398.360886205616
2030,2,p61,SolarCycle,402848,Rambler,TX,7336.237914863045
2030,2,p61,SolarCycle,402083,Solaire Holman Solar Project,TX,8052.111832056649
2030,2,p61,SolarCycle,403023,"Taygete Energy Project, LLC",TX,7333.796813216714
2030,2,p61,SolarCycle,404647,Taygete II Energy Project,TX,7286.492364503659
2030,2,p61,SolarCycle,403551,Titan Solar Project,TX,7381.692578199834
2030,2,p61,SolarCycle,406103,Zier Solar,TX,8147.929292358965
2030,2,p62,SolarCycle,403502,2W Permian Solar Project Hybrid,TX,7243.735607855347
2030,2,p62,SolarCycle,403697,CED Crane Solar,TX,7361.066809660481
2030,2,p62,SolarCycle,401525,Castle Gap Solar Hybrid,TX,7274.059659154873
2030,2,p62,SolarCycle,404599,Emerald Grove,TX,7750.4227019354375
2030,2,p62,SolarCycle,403004,Lapetus,TX,7383.542304771636
2030,2,p62,SolarCycle,403280,Oberon IA,TX,7250.298216137935
2030,2,p62,SolarCycle,403279,Oberon IB,TX,7413.755893157612
2030,2,p62,SolarCycle,403602,Oxy Renewable Energy-Goldsmith,TX,7841.446730344119
2030,2,p62,SolarCycle,402679,Phoebe Solar,TX,7253.911400061672
2030,2,p62,SolarCycle,403177,Prospero Solar,TX,7274.112607512665
2030,2,p62,SolarCycle,404128,Prospero Solar II,TX,7305.484479404194
2030,2,p62,SolarCycle,403070,"Roadrunner, LLC",TX,7292.368830218109
2030,2,p62,SolarCycle,401805,Upton County Solar,TX,7295.259998198303
2030,2,p62,SolarCycle,402995,West of the Pecos Solar,TX,7293.3839664105535
2030,2,p63,OkonRecycling,405599,"BPL Crown Solar, LLC",TX,8591.657616042145
2030,2,p63,OkonRecycling,404966,BPL Files Solar,TX,7395.47499865326
2030,2,p63,OkonRecycling,403825,Briar Creek Solar 1,TX,7391.476592831456
2030,2,p63,OkonRecycling,402610,Chisum,TX,8731.8983069965
2030,2,p63,OkonRecycling,401697,CoServ Community Solar Station,TX,15205.530791424282
2030,2,p63,OkonRecycling,403188,Coniglio Solar,TX,7377.484149880509
2030,2,p63,OkonRecycling,406415,Dileo Solar,TX,8733.135122674983
2030,2,p63,OkonRecycling,402655,Eddy II,TX,12008.082894299087
2030,2,p63,OkonRecycling,406221,Eiffel Solar Project,TX,7743.796475841558
2030,2,p63,OkonRecycling,405540,"Ellis Solar, LLC",TX,7355.101297864234
2030,2,p63,OkonRecycling,403823,Elm Branch Solar 1,TX,7401.828263766144
2030,2,p63,OkonRecycling,406206,Five Wells Solar Center - Hybrid,TX,7447.615705670595
2030,2,p63,OkonRecycling,404567,G.S.E. One LLC,TX,8226.641508072818
2030,2,p63,OkonRecycling,403288,Griffin Solar,TX,32273.560531727147
2030,2,p63,OkonRecycling,406202,Grizzly Ridge Solar,TX,7950.865569331639
2030,2,p63,OkonRecycling,402329,Highway 56 Solar,TX,9689.398442936568
2030,2,p63,OkonRecycling,405319,IKEA Grand Prairie Rooftop PV System,TX,8772.120601701277
2030,2,p63,OkonRecycling,405689,"IP Radian, LLC",TX,7439.537756302676
2030,2,p63,OkonRecycling,403481,Impact Solar 1,TX,7539.062376641096
2030,2,p63,OkonRecycling,403190,Kellam Solar,TX,8732.060297063614
2030,2,p63,OkonRecycling,402421,Leon Solar,TX,8166.088113247918
2030,2,p63,OkonRecycling,403874,Lily Solar Hybrid,TX,7340.792335551589
2030,2,p63,OkonRecycling,402404,Marlin Solar,TX,20427.658695829297
2030,2,p63,OkonRecycling,405794,Noble Solar,TX,7289.392024589142
2030,2,p63,OkonRecycling,402405,North Gainesville Solar,TX,9981.459533371042
2030,2,p63,OkonRecycling,401933,Phantom Solar,TX,12940.752171653165
2030,2,p63,OkonRecycling,404872,"Pisgah Ridge Solar, LLC",TX,7562.907149736289
2030,2,p63,OkonRecycling,406416,Pitts Dudik Solar,TX,8891.512685504615
2030,2,p63,OkonRecycling,403189,Rippey Solar,TX,8516.270804561535
2030,2,p63,OkonRecycling,404630,"Samson Solar Energy III, LLC",TX,7388.195875491605
2030,2,p63,OkonRecycling,402652,Sterling Solar (TX),TX,10294.806853056747
2030,2,p63,OkonRecycling,404812,Sun Valley Solar Project,TX,7563.481076562002
2030,2,p63,OkonRecycling,403457,"TPE Whitney Solar, LLC",TX,16094.304081211525
2030,2,p63,OkonRecycling,405361,Toyota HQ Plan,TX,7742.065196593069
2030,2,p63,OkonRecycling,405907,Verizon Hidden Ridge Solar Project,TX,7767.606473480479
2030,2,p63,OkonRecycling,405984,Waco Solar,TX,7461.256733811886
2030,2,p63,OkonRecycling,402306,Walnut Springs Solar,TX,27235.460550393887
2030,2,p63,OkonRecycling,402497,West Moore Solar II,TX,10410.59926824154
2030,2,p63,OkonRecycling,402330,Whitesboro Solar,TX,9459.906601171991
2030,2,p63,OkonRecycling,402331,Whitesboro Solar II,TX,8975.22964604945
2030,2,p63,OkonRecycling,402414,Whitewright Solar,TX,8723.944390279927
2030,2,p63,OkonRecycling,402654,Yellow Jacket,TX,17565.447000178792
2030,2,p64,OkonRecycling,405731,Austin TX GigaFactory,TX,45704.77745109231
2030,2,p64,OkonRecycling,404721,"Blue Jay Solar I, LLC",TX,7399.263169419275
2030,2,p64,OkonRecycling,402389,"E-Volve Energy Holdings, LLC",TX,42669.30930556883
2030,2,p64,OkonRecycling,400227,East Blackland Solar Project 1,TX,7518.4719010212475
2030,2,p64,OkonRecycling,405101,IKEA Round Rock 027,TX,37983.08183600744
2030,2,p64,SolarCycle,402653,Lampwick,TX,13593.909087630209
2030,2,p64,OkonRecycling,405613,Niagara Bottling - Seguin,TX,44818.95457450584
2030,2,p64,OkonRecycling,400249,Webberville Solar Project,TX,9606.950080117498
2030,2,p65,OkonRecycling,405700,Aktina Solar,TX,8402.665887425115
2030,2,p65,OkonRecycling,405727,Bernard Creek Solar,TX,8403.3318430162
2030,2,p65,OkonRecycling,405477,Brightside,TX,21395.899283708237
2030,2,p65,OkonRecycling,401728,CPS 1 Community Solar,TX,300882.3281548226
2030,2,p65,OkonRecycling,402656,Cascade Solar (TX),TX,66064.35280971816
2030,2,p65,OkonRecycling,404359,FELPS 1-Calaveras,TX,312131.65832837526
2030,2,p65,OkonRecycling,404361,FELPS 2-Calaveras,TX,312124.64868424763
2030,2,p65,OkonRecycling,404739,FELPS 6- Floresville West,TX,627947.487841622
2030,2,p65,OkonRecycling,404740,FELPS 7- Floresville West,TX,627747.0148550047
2030,2,p65,OkonRecycling,406516,Ganado Solar,TX,11163.412362850364
2030,2,p65,SolarCycle,405801,Horizon Solar,TX,8300.57560580232
2030,2,p65,SolarCycle,403343,Mars Solar,TX,36269.78277691333
2030,2,p65,OkonRecycling,404877,Nebula Solar,TX,11250.63531247211
2030,2,p65,OkonRecycling,400694,"OCI Alamo 2, LLC",TX,138104.07037862204
2030,2,p65,OkonRecycling,400965,"OCI Alamo 3, LLC",TX,41917.63053046715
2030,2,p65,SolarCycle,400966,"OCI Alamo 5, LLC",TX,10180.799342003453
2030,2,p65,OkonRecycling,400593,OCI Alamo Solar I Hybrid,TX,12218.348759588811
2030,2,p65,SolarCycle,405809,Shakes Solar,TX,10427.74213962925
2030,2,p65,OkonRecycling,405545,Sparta Solar,TX,10014.248554732094
2030,2,p65,OkonRecycling,400379,"SunE CPS1, LLC",TX,27905.771562579906
2030,2,p65,OkonRecycling,400364,"SunE CPS2, LLC",TX,69466.85069237671
2030,2,p65,OkonRecycling,400353,"SunE CPS3, LLC",TX,66706.72916385643
2030,2,p65,OkonRecycling,406032,Tres Bahias,TX,8898.444985695687
2030,2,p66,OkonRecycling,406386,Umbriel Solar,TX,10302.71588962231
2030,2,p67,OkonRecycling,404939,Brazoria County Solar Project (Danciger),TX,8091.826093556681
2030,2,p67,OkonRecycling,404587,Fighting Jays Solar Project,TX,7965.048918421866
2030,2,p67,OkonRecycling,405564,"Fort Bend Solar, LLC",TX,7543.812817882591
2030,2,p67,OkonRecycling,403514,Wagyu,TX,8197.120310493938
2030,3,p12,ComstockMetals,402144,Battle Mountain Solar Project,NV,7444.134287625889
2030,3,p12,ComstockMetals,405025,Brady,NV,7492.939164404772
2030,3,p12,ComstockMetals,405553,Dodge Flat,NV,7234.713562298977
2030,3,p12,ComstockMetals,402609,"EGP Stillwater Solar PV II, LLC",NV,8695.558025180202
2030,3,p12,ComstockMetals,404659,Fish Springs,NV,7308.366258135011
2030,3,p12,ComstockMetals,401086,Ft. Churchill PV,NV,7361.359094630879
2030,3,p12,ComstockMetals,405028,Galena 2 Geothermal Power Plant,NV,7980.050245958612
2030,3,p12,ComstockMetals,402130,Luning Energy,NV,8527.580989630473
2030,3,p12,ComstockMetals,400468,"Patua Acquisition Project, LLC",NV,7780.044766035579
2030,3,p12,ComstockMetals,405021,Steamboat Hills LP,NV,8371.578877911534
2030,3,p12,ComstockMetals,405023,Steamboat II,NV,7659.49645382897
2030,3,p12,ComstockMetals,405024,Steamboat III,NV,7617.5408002931745
2030,3,p12,ComstockMetals,400029,Stillwater Facility,NV,8582.45910789682
2030,3,p12,ComstockMetals,401318,Sunshine Valley Solar,NV,8214.436754480332
2030,3,p12,ComstockMetals,405026,TS Power Plant,NV,7904.23529950763
2030,3,p12,ComstockMetals,405576,Tesla Reno GigaFactory,NV,7789.130320883507
2030,3,p12,ComstockMetals,401943,Tungsten Mountain,NV,16565.96548953068
2030,3,p12,ComstockMetals,403308,Turquoise Liberty Solar,NV,7734.030935422026
2030,3,p12,ComstockMetals,403884,"Turquoise Nevada, LLC",NV,7268.974730356538
2030,3,p12,ComstockMetals,400035,Western 102 Power Plant,NV,9313.105982511728
2030,3,p13,WeRecycleSolar,400555,Apex Solar PV Power Project,NV,17366.617327477143
2030,3,p13,WeRecycleSolar,405385,Arrow Canyon Solar Hybrid,NV,7724.081724645331
2030,3,p13,WeRecycleSolar,402017,"Boulder Solar II, LLC",NV,14449.364059180405
2030,3,p13,WeRecycleSolar,401649,"Boulder Solar Power, LLC",NV,10840.793799391902
2030,3,p13,WeRecycleSolar,400086,CM48,NV,9709.89848295987
2030,3,p13,WeRecycleSolar,400363,Copper Mountain Solar 2,NV,9542.453578386614
2030,3,p13,WeRecycleSolar,403688,"Copper Mountain Solar 5, LLC",NV,7927.205842126776
2030,3,p13,WeRecycleSolar,405556,Dry Lake Solar Energy Center,NV,7885.144030747716
2030,3,p13,WeRecycleSolar,405495,Gemini Solar,NV,7644.935130156052
2030,3,p13,WeRecycleSolar,403386,"Harry Allen Solar Energy, LLC",NV,11277.595464447255
2030,3,p13,WeRecycleSolar,406090,IGS LAS1,NV,135091.1388842842
2030,3,p13,WeRecycleSolar,406089,IGS VGT,NV,408156.5524906913
2030,3,p13,WeRecycleSolar,405309,IKEA Las Vegas 462,NV,107078.69633983623
2030,3,p13,WeRecycleSolar,400545,Las Vegas WPCF Solar Plant,NV,125244.34507360822
2030,3,p13,WeRecycleSolar,400313,Moapa Southern Paiute,NV,8837.288461601625
2030,3,p13,WeRecycleSolar,400600,Mountain View Solar,NV,17337.473205304057
2030,3,p13,WeRecycleSolar,400036,Nellis Air Force Base Solar Array,NV,23893.1858992331
2030,3,p13,WeRecycleSolar,401319,"Playa Solar 1, LLC",NV,9763.630007290329
2030,3,p13,WeRecycleSolar,401596,Playa Solar 2,NV,11259.448226011848
2030,3,p13,WeRecycleSolar,401274,River Mountains Solar,NV,20232.82969183489
2030,3,p13,WeRecycleSolar,401042,Searchlight Solar,NV,16783.750850340006
2030,3,p13,WeRecycleSolar,400166,Silver State Solar Power North,NV,14379.235357987609
2030,3,p13,WeRecycleSolar,405246,"Solar Las Vegas MB 2, LLC",NV,94824.76598923554
2030,3,p13,WeRecycleSolar,405188,Solar Las Vegas MB-1,NV,47466.8256503319
2030,3,p13,WeRecycleSolar,402485,"Techren Solar I, LLC",NV,9029.50391230906
2030,3,p13,WeRecycleSolar,402690,"Techren Solar II, LLC",NV,9031.017416130078
2030,3,p13,WeRecycleSolar,402691,"Techren Solar III, LLC",NV,12054.27636672679
2030,3,p13,WeRecycleSolar,402692,"Techren Solar IV, LLC",NV,12073.29832990937
2030,3,p13,WeRecycleSolar,403001,Techren Solar V,NV,10857.346207504563
2030,3,p13,WeRecycleSolar,401851,Townsite Solar Project Hybrid,NV,9495.964719311147
2030,3,p13,WeRecycleSolar,406448,Yellow Pine II,NV,8415.39935707392
2030,3,p13,WeRecycleSolar,404971,Yellow Pine Solar,NV,8360.741213538062
2030,3,p27,WeRecycleSolar,400374,"Black Mountain Solar, LLC",AZ,10682.648437227179
2030,3,p27,WeRecycleSolar,402236,Gray Hawk Solar,AZ,7917.398560390312
2030,3,p27,WeRecycleSolar,401819,Jacobson 5 MW Solar,AZ,12178.140624959837
2030,3,p27,WeRecycleSolar,403718,Mohave Electric Cooperative at Joy Lane,AZ,14082.332507143496
2030,3,p27,WeRecycleSolar,401311,Mohave Electric at Fort Mohave,AZ,10327.07195742419
2030,3,p27,WeRecycleSolar,406478,Mohave Energy - Hybrid,AZ,11106.855308176093
2030,3,p28,WeRecycleSolar,405418,AZ State University - Tempe Campus Solar,AZ,9896.80316439284
2030,3,p28,WeRecycleSolar,400148,Agua Caliente Solar Project,AZ,7441.159399263924
2030,3,p28,FabTechSolar,402067,Apache Solar 1,AZ,10703.162423453367
2030,3,p28,WeRecycleSolar,400274,Arizona Western College PV,AZ,27142.68572861087
2030,3,p28,WeRecycleSolar,400240,Arlington Valley Solar Energy II,AZ,7738.192881002077
2030,3,p28,FabTechSolar,401688,Bonnybrooke PV,AZ,7510.634147736792
2030,3,p28,WeRecycleSolar,400371,Buckeye Union HS District 201,AZ,20549.10078012882
2030,3,p28,FabTechSolar,405635,"Central Line Solar, LLC",AZ,7333.867395000256
2030,3,p28,WeRecycleSolar,400201,Chino Solar Valley,AZ,10822.48736029124
2030,3,p28,WeRecycleSolar,401069,Desert Star Hybrid,AZ,8563.540187266302
2030,3,p28,FabTechSolar,403257,East Line Solar,AZ,7375.586953101121
2030,3,p28,FabTechSolar,406171,Eleven Mile Solar Center,AZ,7261.838426625121
2030,3,p28,WeRecycleSolar,405244,Estrella Mountain PV,AZ,20678.46295438403
2030,3,p28,FabTechSolar,400825,Fort Huachuca Solar PV Project,AZ,13483.014494145513
2030,3,p28,WeRecycleSolar,400845,Gila Bend Hybrid,AZ,7751.901106382103
2030,3,p28,FabTechSolar,400599,"Gilbert Solar Facility I, LLC",AZ,10474.930561600115
2030,3,p28,WeRecycleSolar,400204,Hyder Solar Hybrid,AZ,10964.43298703491
2030,3,p28,FabTechSolar,405282,Intel - Ocotillo Campus Solar,AZ,7804.312142977364
2030,3,p28,WeRecycleSolar,405125,Jewish Community Center PV,AZ,16666.686014305058
2030,3,p28,WeRecycleSolar,400595,Lake Pleasant WTP,AZ,14190.486595626258
2030,3,p28,WeRecycleSolar,400128,Luke Solar,AZ,7712.200243329684
2030,3,p28,WeRecycleSolar,405068,Macys Goodyear,AZ,10443.449151955874
2030,3,p28,WeRecycleSolar,406279,McFarland A Solar and Storage,AZ,7544.05123653226
2030,3,p28,FabTechSolar,404512,Mesa Solar Array,AZ,11392.29761262901
2030,3,p28,WeRecycleSolar,400250,Mesquite Solar 1,AZ,7272.893301686193
2030,3,p28,WeRecycleSolar,401621,"Mesquite Solar 2, LLC",AZ,7957.301124251033
2030,3,p28,WeRecycleSolar,401622,"Mesquite Solar 3, LLC",AZ,7335.8667247582935
2030,3,p28,WeRecycleSolar,406038,"Mesquite Solar 4, LLC",AZ,8638.646149196804
2030,3,p28,WeRecycleSolar,404922,"Mesquite Solar 5, LLC",AZ,8445.371943976814
2030,3,p28,WeRecycleSolar,403572,OE_AZ1,AZ,9395.183217665855
2030,3,p28,WeRecycleSolar,400203,Paloma Solar Hybrid,AZ,11089.20971239487
2030,3,p28,WeRecycleSolar,405126,Paradise Valley H.S. PV,AZ,15387.025976777326
2030,3,p28,WeRecycleSolar,405150,Phoenix Airport East Economy Lot,AZ,10893.092425959632
2030,3,p28,WeRecycleSolar,405151,Phoenix Airport Rental Car Center,AZ,7886.3105287821445
2030,3,p28,FabTechSolar,402528,Pinal Central Energy Center Hybrid,AZ,9562.644798204958
2030,3,p28,FabTechSolar,400125,"Poseidon Solar, LLC",AZ,8655.920665046773
2030,3,p28,WeRecycleSolar,400031,Prescott Airport,AZ,29215.67527492511
2030,3,p28,WeRecycleSolar,400401,Prescott Solar Plant,AZ,9346.027475490082
2030,3,p28,FabTechSolar,400323,Queen Creek Solar Farm,AZ,7968.286586191113
2030,3,p28,WeRecycleSolar,400289,"RE Bagdad Solar I, LLC",AZ,17410.19170504414
2030,3,p28,WeRecycleSolar,405132,"RE Gillespie 1, LLC",AZ,11414.373153392784
2030,3,p28,FabTechSolar,400758,Red Horse 2,AZ,10457.344574133782
2030,3,p28,FabTechSolar,403674,Saint Solar,AZ,7379.5781176599085
2030,3,p28,FabTechSolar,401214,Sandstone Solar,AZ,7632.486346186897
2030,3,p28,WeRecycleSolar,405029,Solana Generating Station,AZ,7347.187216612217
2030,3,p28,WeRecycleSolar,406275,Sonoran Solar Energy,AZ,7272.705929194581
2030,3,p28,FabTechSolar,406034,Storey Solar and Storage,AZ,7405.1742767372525
2030,3,p28,FabTechSolar,401664,Sulphur Springs,AZ,10582.62915967505
2030,3,p28,WeRecycleSolar,403643,Sun Streams 2,AZ,7431.356825441764
2030,3,p28,WeRecycleSolar,406517,Sun Streams 3,AZ,7361.74497250805
2030,3,p28,WeRecycleSolar,401975,"Sun Streams, LLC",AZ,7316.662357266195
2030,3,p28,WeRecycleSolar,405311,T0588 Phoenix - AZ,AZ,12359.646141954032
2030,3,p28,FabTechSolar,405134,Union HS at Casa Grande,AZ,18550.510512817655
2030,3,p28,FabTechSolar,405135,Vista Grande HS at Casa Grande,AZ,21955.66532402752
2030,3,p28,FabTechSolar,400334,Walmart Casa Grande,AZ,18029.047891919574
2030,3,p28,FabTechSolar,406098,"West Line Solar, LLC",AZ,7333.923981098301
2030,3,p29,FabTechSolar,400014,Springerville,AZ,9154.345641643951
2030,3,p30,FabTechSolar,405143,Actus Lend Lease DMAFB,AZ,11734.611253353669
2030,3,p30,FabTechSolar,405611,Amazon TUS2,AZ,23753.75118133852
2030,3,p30,FabTechSolar,405268,Amphitheater High School Solar,AZ,32174.131042541398
2030,3,p30,FabTechSolar,400939,Avalon Solar,AZ,8725.908655040823
2030,3,p30,FabTechSolar,400226,Avra Valley Solar,AZ,9533.358103372579
2030,3,p30,FabTechSolar,405269,Canyon Del Oro High School Solar,AZ,10370.075258750589
2030,3,p30,FabTechSolar,401295,Davis Monthan AFB (AZ) West Airfield,AZ,10472.138874134554
2030,3,p30,FabTechSolar,400761,"Gato Montes Solar, LLC",AZ,10723.104543417987
2030,3,p30,FabTechSolar,404536,Iron Horse Battery Storage Hybrid,AZ,29206.183502542353
2030,3,p30,FabTechSolar,400552,"Picture Rocks Solar, LLC",AZ,7731.885806450388
2030,3,p30,FabTechSolar,405374,Pima Community College,AZ,45792.44237202795
2030,3,p30,FabTechSolar,405303,Pima Community College - East Campus,AZ,69423.96973169885
2030,3,p30,FabTechSolar,405516,Pima Community College NW,AZ,60736.34370455381
2030,3,p30,FabTechSolar,400408,Prairie Fire,AZ,26583.19266569393
2030,3,p30,FabTechSolar,404926,Raptor Ridge,AZ,8891.309469105812
2030,3,p30,FabTechSolar,400857,Rio Rico Solar,AZ,12084.157824157157
2030,3,p30,FabTechSolar,401076,Tech Park Solar,AZ,10665.684072048323
2030,3,p30,FabTechSolar,400156,UASTP I,AZ,44012.465789555295
2030,3,p30,FabTechSolar,401075,Valencia Solar,AZ,10320.22585328243
2030,3,p30,FabTechSolar,404187,"Wilmot Energy Center, LLC",AZ,7554.014242212668
2030,3,p31,SolarCycle,400211,Alamogordo Solar Energy Center,NM,50466.04818410594
2030,3,p31,SolarCycle,403675,Alcalde Solar Array,NM,292609.3026184172
2030,3,p31,FabTechSolar,405469,Arroyo Solar Energy Storage Hybrid,NM,7687.046409187725
2030,3,p31,SolarCycle,402876,CNMEC Solar Energy Center,NM,100191.80025405942
2030,3,p31,FabTechSolar,401202,Cibola,NM,80184.75520304557
2030,3,p31,FabTechSolar,402988,City of Gallup Solar,NM,25465.11480680526
2030,3,p31,FabTechSolar,403604,City of Rio Rancho WWTP,NM,171936.17524010144
2030,3,p31,FabTechSolar,401225,City of Truth or Consequences PV,NM,136840.18032344975
2030,3,p31,FabTechSolar,400209,Deming Solar Energy Center,NM,59083.591349692746
2030,3,p31,FabTechSolar,401038,Eubank Landfill Solar Array,NM,84015.41210291388
2030,3,p31,FabTechSolar,402443,Facebook 3 Solar Energy Center,NM,26618.739208232168
2030,3,p31,FabTechSolar,403322,Grants CDEC 2,NM,43755.51422621181
2030,3,p31,FabTechSolar,400216,"Hatch Solar Energy Center I, LLC",NM,57634.818592530755
2030,3,p31,SolarCycle,401617,Holloman Solar Facility,NM,36130.27822502323
2030,3,p31,FabTechSolar,406109,"Jicarilla Solar 1, LLC",NM,11345.619571061558
2030,3,p31,SolarCycle,400427,Kit Carson,NM,199215.1833225462
2030,3,p31,SolarCycle,400210,Las Vegas Solar Energy Center,NM,124475.94718763408
2030,3,p31,SolarCycle,400434,Los Alamos PV Site,NM,347527.0929124183
2030,3,p31,FabTechSolar,400207,Los Lunas Solar Energy Center,NM,48658.64182261321
2030,3,p31,FabTechSolar,400838,Macho Springs,NM,10282.448329706762
2030,3,p31,FabTechSolar,400582,Manzano Solar,NM,44008.50552258075
2030,3,p31,FabTechSolar,406375,OE_ESCL,NM,9644.870457757139
2030,3,p31,SolarCycle,400581,Otero Solar,NM,63957.509889696244
2030,3,p31,SolarCycle,400146,Questa Solar Facility,NM,250045.7188149336
2030,3,p31,FabTechSolar,403178,"RC Energy AA, LLC Solar Facility",NM,316020.39512763784
2030,3,p31,FabTechSolar,401566,Rio Communities Solar Energy Center,NM,26536.847208658655
2030,3,p31,FabTechSolar,403084,Rio De Oro Solar Energy Center,NM,65537.5320886402
2030,3,p31,FabTechSolar,400624,Rio Rancho High School,NM,211082.5311663823
2030,3,p31,FabTechSolar,404648,"Route 66 Energy Center, LLC",NM,12363.997196419263
2030,3,p31,SolarCycle,405458,San Miguel II Solar Energy Center,NM,36385.34104352082
2030,3,p31,FabTechSolar,401161,Sandoval Solar Energy Center,NM,105293.64152584125
2030,3,p31,SolarCycle,401564,Santa Fe Solar Energy Center,NM,73911.37986324343
2030,3,p31,FabTechSolar,401565,Santolina Solar Energy Center,NM,62402.248430376414
2030,3,p31,FabTechSolar,401563,South Valley Solar Energy Center,NM,66344.86997586029
2030,3,p31,SolarCycle,401162,Springer Solar 1,NM,364919.41491851077
2030,3,p31,SolarCycle,400735,Storrie Lake Solar Project,NM,137542.6609892053
2030,3,p31,FabTechSolar,400623,Sue Cleveland High School,NM,212795.9239957559
2030,3,p31,SolarCycle,400343,"SunE EPE1, LLC",NM,21955.822421715555
2030,3,p31,SolarCycle,402854,Syncarpha Eagle Nest,NM,180205.6386496588
2030,3,p31,SolarCycle,403412,Syncarpha El Rito,NM,456944.9947502384
2030,3,p31,SolarCycle,403413,Syncarpha Questa,NM,468656.9545054462
2030,3,p31,SolarCycle,403411,Syncarpha Taos,NM,81667.01259519008
2030,3,p31,SolarCycle,404618,Taos Mesa Energy Facility Hybrid,NM,22753.920756522988
2030,3,p31,FabTechSolar,403011,Vista Solar Energy Center,NM,36621.727999942246
2030,3,p31,SolarCycle,400354,WSMR I,NM,40673.42200764157
2030,3,p31,FabTechSolar,405245,Wal-Mart Truth or Consequences PV,NM,131409.3832255035
2030,3,p47,SolarCycle,400979,"Caprock Solar 1, LLC",NM,14835.296313502442
2030,3,p47,SolarCycle,401681,"Chaves Solar, LLC",NM,11100.865190757642
2030,3,p47,SolarCycle,400614,GSE NM1,NM,31500.825306949908
2030,3,p47,SolarCycle,404982,Hayhurst New Mexico Solar,NM,16075.187905648545
2030,3,p47,SolarCycle,402530,Middle Daisy,NM,39792.24553138962
2030,3,p47,SolarCycle,400260,SPS1 Dollarhide,NM,11355.371537891308
2030,3,p47,SolarCycle,400261,SPS2 Jal,NM,16169.353297624628
2030,3,p47,SolarCycle,400262,SPS3 Lea,NM,13770.86920709263
2030,3,p47,SolarCycle,400264,SPS5 Hopi,NM,13642.213900561623
2030,3,p47,SolarCycle,404698,SoCore Clovis 1,NM,58449.64024910668
2030,3,p48,SolarCycle,406439,"BESSP1, LLC",TX,12830.220554395079
2030,3,p48,SolarCycle,405590,"Hecate Energy Frye Solar, LLC",TX,7486.7446520257645
2030,3,p57,OkonRecycling,404918,"Hecate Energy Upshur Rural, LLC",TX,12661.617726693748
2030,3,p59,SolarCycle,402666,Fort Bliss (DEA EPIC),TX,28942.016268991574
2030,3,p59,SolarCycle,401616,Montana Solar Facility,TX,28087.79586374709
2030,3,p59,SolarCycle,401045,Newman Solar,TX,9025.262369944474
2030,3,p60,SolarCycle,403962,"ANSON Solar Center, LLC",TX,7775.967843597554
2030,3,p60,OkonRecycling,403883,Azure Sky Solar,TX,7472.274962231031
2030,3,p60,SolarCycle,403232,"ENGIE Long Draw Solar, LLC",TX,7454.719808160859
2030,3,p60,SolarCycle,406252,Highpeak Solar 1,TX,10026.866236584721
2030,3,p60,SolarCycle,402721,Holstein 1 Solar Farm,TX,7439.035681229351
2030,3,p60,SolarCycle,405492,Juno Solar Project,TX,7333.162370473209
2030,3,p60,SolarCycle,402541,Lamesa II,TX,7842.307677216836
2030,3,p60,SolarCycle,401660,Lamesa Solar,TX,7520.416067257253
2030,3,p60,SolarCycle,405932,Lumina II Solar Project,TX,7732.17635682767
2030,3,p60,SolarCycle,405933,Lumina Solar Project,TX,7453.019631101276
2030,3,p60,SolarCycle,402909,Misae Solar,TX,7863.264282211163
2030,3,p60,OkonRecycling,400968,"OCI Alamo 7, LLC",TX,9426.63668347316
2030,3,p60,SolarCycle,405939,Texas Solar Nova 1,TX,7458.726320579306
2030,3,p61,SolarCycle,400967,Alamo 6,TX,7404.559403569144
2030,3,p61,SolarCycle,403557,Aragorn Solar Project,TX,7456.392311854115
2030,3,p61,SolarCycle,400691,Barilla Solar,TX,7893.347976455995
2030,3,p61,SolarCycle,401946,Bluebell Solar,TX,7645.546822218435
2030,3,p61,SolarCycle,403574,Bluebell Solar II,TX,7351.188623420658
2030,3,p61,SolarCycle,400554,"Bryan Solar, LLC",TX,14248.844817992414
2030,3,p61,SolarCycle,401463,Buckthorn Westex,TX,7280.144725480644
2030,3,p61,SolarCycle,401703,East Pecos Solar,TX,7327.362473254306
2030,3,p61,SolarCycle,405363,Galloway 1 Solar Farm,TX,7501.179934489439
2030,3,p61,SolarCycle,405494,Galloway 2 Solar Farm,TX,8186.684788734684
2030,3,p61,SolarCycle,403210,Greasewood,TX,7289.8054079121475
2030,3,p61,SolarCycle,406370,Hayhurst Texas Solar,TX,10155.619399640906
2030,3,p61,SolarCycle,402304,Midway Solar-TX,TX,7328.133826100771
2030,3,p61,SolarCycle,400695,"OCI Alamo 4, LLC",TX,8492.696639060598
2030,3,p61,SolarCycle,401868,Pearl Solar,TX,7488.483091390066
2030,3,p61,SolarCycle,402290,RE Maplewood,TX,7325.865980462395
2030,3,p61,SolarCycle,401430,RE Roserock,TX,7360.688708964494
2030,3,p61,SolarCycle,402848,Rambler,TX,7336.237914863045
2030,3,p61,SolarCycle,402083,Solaire Holman Solar Project,TX,7771.407888037766
2030,3,p61,SolarCycle,403023,"Taygete Energy Project, LLC",TX,7333.796813216714
2030,3,p61,SolarCycle,404647,Taygete II Energy Project,TX,7286.492364503659
2030,3,p61,SolarCycle,403551,Titan Solar Project,TX,7381.692578199834
2030,3,p61,SolarCycle,406103,Zier Solar,TX,8147.929292358965
2030,3,p62,SolarCycle,403502,2W Permian Solar Project Hybrid,TX,7243.735607855347
2030,3,p62,SolarCycle,403697,CED Crane Solar,TX,7361.066809660481
2030,3,p62,SolarCycle,401525,Castle Gap Solar Hybrid,TX,7274.059659154873
2030,3,p62,SolarCycle,404599,Emerald Grove,TX,7480.211350967719
2030,3,p62,SolarCycle,403004,Lapetus,TX,7383.542304771636
2030,3,p62,SolarCycle,403280,Oberon IA,TX,7250.298216137935
2030,3,p62,SolarCycle,403279,Oberon IB,TX,7481.674524210146
2030,3,p62,SolarCycle,403602,Oxy Renewable Energy-Goldsmith,TX,7841.446730344119
2030,3,p62,SolarCycle,402679,Phoebe Solar,TX,7262.693680074007
2030,3,p62,SolarCycle,403177,Prospero Solar,TX,7274.112607512665
2030,3,p62,SolarCycle,404128,Prospero Solar II,TX,7400.9689588083875
2030,3,p62,SolarCycle,403070,"Roadrunner, LLC",TX,7292.368830218109
2030,3,p62,SolarCycle,401805,Upton County Solar,TX,7295.259998198303
2030,3,p62,SolarCycle,402995,West of the Pecos Solar,TX,7293.3839664105535
2030,3,p63,OkonRecycling,405599,"BPL Crown Solar, LLC",TX,8591.657616042145
2030,3,p63,OkonRecycling,404966,BPL Files Solar,TX,7395.47499865326
2030,3,p63,OkonRecycling,403825,Briar Creek Solar 1,TX,7391.476592831456
2030,3,p63,OkonRecycling,402610,Chisum,TX,10634.271190742129
2030,3,p63,OkonRecycling,403188,Coniglio Solar,TX,7377.484149880509
2030,3,p63,OkonRecycling,406415,Dileo Solar,TX,7971.567561337488
2030,3,p63,OkonRecycling,402655,Eddy II,TX,12008.082894299087
2030,3,p63,OkonRecycling,406221,Eiffel Solar Project,TX,7743.796475841558
2030,3,p63,OkonRecycling,405540,"Ellis Solar, LLC",TX,7355.101297864234
2030,3,p63,OkonRecycling,403823,Elm Branch Solar 1,TX,7401.828263766144
2030,3,p63,OkonRecycling,406206,Five Wells Solar Center - Hybrid,TX,7447.615705670595
2030,3,p63,OkonRecycling,404567,G.S.E. One LLC,TX,7464.160377018205
2030,3,p63,OkonRecycling,403288,Griffin Solar,TX,12222.71210634543
2030,3,p63,OkonRecycling,406202,Grizzly Ridge Solar,TX,7950.865569331639
2030,3,p63,OkonRecycling,402329,Highway 56 Solar,TX,10185.278131523883
2030,3,p63,OkonRecycling,405319,IKEA Grand Prairie Rooftop PV System,TX,8772.120601701277
2030,3,p63,OkonRecycling,405689,"IP Radian, LLC",TX,7898.613268908033
2030,3,p63,OkonRecycling,403481,Impact Solar 1,TX,7539.062376641096
2030,3,p63,OkonRecycling,403190,Kellam Solar,TX,8732.060297063614
2030,3,p63,OkonRecycling,402421,Leon Solar,TX,8357.3057358975
2030,3,p63,OkonRecycling,403874,Lily Solar Hybrid,TX,7340.792335551589
2030,3,p63,OkonRecycling,402404,Marlin Solar,TX,20427.658695829297
2030,3,p63,OkonRecycling,405794,Noble Solar,TX,7448.176073767423
2030,3,p63,OkonRecycling,402405,North Gainesville Solar,TX,9585.536742889464
2030,3,p63,OkonRecycling,401933,Phantom Solar,TX,18671.504343306333
2030,3,p63,OkonRecycling,404872,"Pisgah Ridge Solar, LLC",TX,7562.907149736289
2030,3,p63,OkonRecycling,406416,Pitts Dudik Solar,TX,8891.512685504615
2030,3,p63,OkonRecycling,403189,Rippey Solar,TX,8516.270804561535
2030,3,p63,OkonRecycling,404630,"Samson Solar Energy III, LLC",TX,7388.195875491605
2030,3,p63,OkonRecycling,402652,Sterling Solar (TX),TX,10294.806853056747
2030,3,p63,OkonRecycling,404812,Sun Valley Solar Project,TX,7386.740538281001
2030,3,p63,OkonRecycling,403457,"TPE Whitney Solar, LLC",TX,10171.434693737174
2030,3,p63,OkonRecycling,405361,Toyota HQ Plan,TX,7954.891275230296
2030,3,p63,OkonRecycling,405907,Verizon Hidden Ridge Solar Project,TX,7837.307282665538
2030,3,p63,OkonRecycling,405984,Waco Solar,TX,7335.628366905944
2030,3,p63,OkonRecycling,402306,Walnut Springs Solar,TX,12216.365137598472
2030,3,p63,OkonRecycling,402497,West Moore Solar II,TX,15211.49817060385
2030,3,p63,OkonRecycling,402330,Whitesboro Solar,TX,10359.869241640788
2030,3,p63,OkonRecycling,402331,Whitesboro Solar II,TX,9857.844469074176
2030,3,p63,OkonRecycling,402414,Whitewright Solar,TX,9102.430487849912
2030,3,p63,OkonRecycling,402654,Yellow Jacket,TX,27920.894000357584
2030,3,p64,OkonRecycling,405731,Austin TX GigaFactory,TX,26457.38872554616
2030,3,p64,OkonRecycling,404721,"Blue Jay Solar I, LLC",TX,7493.894754128916
2030,3,p64,OkonRecycling,402389,"E-Volve Energy Holdings, LLC",TX,113587.92791670654
2030,3,p64,OkonRecycling,400227,East Blackland Solar Project 1,TX,7672.707851531871
2030,3,p64,OkonRecycling,405101,IKEA Round Rock 027,TX,99529.24550802233
2030,3,p64,SolarCycle,402653,Lampwick,TX,13593.909087630209
2030,3,p64,OkonRecycling,405613,Niagara Bottling - Seguin,TX,44818.95457450584
2030,3,p64,OkonRecycling,400249,Webberville Solar Project,TX,8408.47504005875
2030,3,p65,OkonRecycling,405700,Aktina Solar,TX,8402.665887425115
2030,3,p65,OkonRecycling,405727,Bernard Creek Solar,TX,9596.6636860324
2030,3,p65,OkonRecycling,401728,CPS 1 Community Solar,TX,300882.3281548226
2030,3,p65,OkonRecycling,402656,Cascade Solar (TX),TX,66064.35280971816
2030,3,p65,SolarCycle,404247,"Corazon Energy, LLC",TX,11253.362613724592
2030,3,p65,OkonRecycling,404359,FELPS 1-Calaveras,TX,159670.8291641876
2030,3,p65,OkonRecycling,404361,FELPS 2-Calaveras,TX,617039.2973684953
2030,3,p65,OkonRecycling,404739,FELPS 6- Floresville West,TX,317578.74392081104
2030,3,p65,OkonRecycling,404740,FELPS 7- Floresville West,TX,627747.0148550047
2030,3,p65,OkonRecycling,406516,Ganado Solar,TX,11163.412362850364
2030,3,p65,SolarCycle,405801,Horizon Solar,TX,8845.863408703482
2030,3,p65,OkonRecycling,405380,IKEA Live Oak Rooftop PV System,TX,172375.0479701165
2030,3,p65,SolarCycle,403343,Mars Solar,TX,36269.78277691333
2030,3,p65,OkonRecycling,404877,Nebula Solar,TX,11250.63531247211
2030,3,p65,OkonRecycling,400694,"OCI Alamo 2, LLC",TX,72657.03518931102
2030,3,p65,OkonRecycling,400965,"OCI Alamo 3, LLC",TX,41917.63053046715
2030,3,p65,SolarCycle,400966,"OCI Alamo 5, LLC",TX,13151.59868400691
2030,3,p65,OkonRecycling,400593,OCI Alamo Solar I Hybrid,TX,10966.261569691607
2030,3,p65,OkonRecycling,405545,Sparta Solar,TX,10014.248554732094
2030,3,p65,OkonRecycling,400379,"SunE CPS1, LLC",TX,38253.65734386987
2030,3,p65,OkonRecycling,400364,"SunE CPS2, LLC",TX,27962.283564125562
2030,3,p66,OkonRecycling,406386,Umbriel Solar,TX,10302.71588962231
2030,3,p67,OkonRecycling,404939,Brazoria County Solar Project (Danciger),TX,8091.826093556681
2030,3,p67,OkonRecycling,404681,Brazoria West,TX,8105.54604429584
2030,3,p67,OkonRecycling,404587,Fighting Jays Solar Project,TX,7965.048918421866
2030,3,p67,OkonRecycling,405564,"Fort Bend Solar, LLC",TX,7877.625635765182
2030,3,p67,OkonRecycling,404853,"Longbow Solar, LLC",TX,13531.016791627664
2030,3,p67,OkonRecycling,403514,Wagyu,TX,7950.340232870452
2030,4,p12,ComstockMetals,402144,Battle Mountain Solar Project,NV,8380.671438129437
2030,4,p12,ComstockMetals,405025,Brady,NV,7524.376849338636
2030,4,p12,ComstockMetals,405553,Dodge Flat,NV,7237.80275758635
2030,4,p12,ComstockMetals,402609,"EGP Stillwater Solar PV II, LLC",NV,8695.558025180202
2030,4,p12,ComstockMetals,404659,Fish Springs,NV,7308.366258135011
2030,4,p12,ComstockMetals,401086,Ft. Churchill PV,NV,7391.630913557056
2030,4,p12,ComstockMetals,405028,Galena 2 Geothermal Power Plant,NV,7980.050245958612
2030,4,p12,ComstockMetals,402130,Luning Energy,NV,8527.580989630473
2030,4,p12,ComstockMetals,400468,"Patua Acquisition Project, LLC",NV,7780.044766035579
2030,4,p12,ComstockMetals,405021,Steamboat Hills LP,NV,8371.578877911534
2030,4,p12,ComstockMetals,405023,Steamboat II,NV,7659.49645382897
2030,4,p12,ComstockMetals,405024,Steamboat III,NV,7662.823111436862
2030,4,p12,ComstockMetals,400029,Stillwater Facility,NV,8582.45910789682
2030,4,p12,ComstockMetals,401318,Sunshine Valley Solar,NV,9218.873508960662
2030,4,p12,ComstockMetals,405026,TS Power Plant,NV,8598.470599015258
2030,4,p12,ComstockMetals,405576,Tesla Reno GigaFactory,NV,7789.130320883507
2030,4,p12,ComstockMetals,401943,Tungsten Mountain,NV,16565.96548953068
2030,4,p12,ComstockMetals,403308,Turquoise Liberty Solar,NV,7734.030935422026
2030,4,p12,ComstockMetals,403884,"Turquoise Nevada, LLC",NV,7268.974730356538
2030,4,p12,ComstockMetals,400035,Western 102 Power Plant,NV,8682.174187758208
2030,4,p13,WeRecycleSolar,400555,Apex Solar PV Power Project,NV,17366.617327477143
2030,4,p13,WeRecycleSolar,405385,Arrow Canyon Solar Hybrid,NV,7724.081724645331
2030,4,p13,WeRecycleSolar,402017,"Boulder Solar II, LLC",NV,14449.364059180405
2030,4,p13,WeRecycleSolar,401649,"Boulder Solar Power, LLC",NV,10840.793799391902
2030,4,p13,WeRecycleSolar,400059,CM10,NV,43264.19323823704
2030,4,p13,WeRecycleSolar,400363,Copper Mountain Solar 2,NV,9542.453578386614
2030,4,p13,WeRecycleSolar,403688,"Copper Mountain Solar 5, LLC",NV,7927.205842126776
2030,4,p13,WeRecycleSolar,405358,Dignity - San Martin,NV,85255.41492261745
2030,4,p13,WeRecycleSolar,405355,Dignity - Siena Campus,NV,144448.67780812047
2030,4,p13,WeRecycleSolar,405556,Dry Lake Solar Energy Center,NV,7750.115224598175
2030,4,p13,WeRecycleSolar,405495,Gemini Solar,NV,7557.948104124842
2030,4,p13,WeRecycleSolar,406090,IGS LAS1,NV,103120.85416321317
2030,4,p13,WeRecycleSolar,406089,IGS VGT,NV,408156.5524906913
2030,4,p13,WeRecycleSolar,405309,IKEA Las Vegas 462,NV,107078.69633983623
2030,4,p13,WeRecycleSolar,400545,Las Vegas WPCF Solar Plant,NV,125244.34507360822
2030,4,p13,WeRecycleSolar,400313,Moapa Southern Paiute,NV,8837.288461601625
2030,4,p13,WeRecycleSolar,400600,Mountain View Solar,NV,13961.648803536036
2030,4,p13,WeRecycleSolar,400036,Nellis Air Force Base Solar Array,NV,40576.3717984662
2030,4,p13,WeRecycleSolar,401319,"Playa Solar 1, LLC",NV,9763.630007290329
2030,4,p13,WeRecycleSolar,401274,River Mountains Solar,NV,33255.65938366979
2030,4,p13,WeRecycleSolar,401042,Searchlight Solar,NV,11039.500340136
2030,4,p13,WeRecycleSolar,400658,Silver State Solar Power South,NV,7705.06994963451
2030,4,p13,WeRecycleSolar,405246,"Solar Las Vegas MB 2, LLC",NV,138632.14898385335
2030,4,p13,WeRecycleSolar,405188,Solar Las Vegas MB-1,NV,87723.6513006638
2030,4,p13,WeRecycleSolar,402485,"Techren Solar I, LLC",NV,9029.50391230906
2030,4,p13,WeRecycleSolar,402690,"Techren Solar II, LLC",NV,9031.017416130078
2030,4,p13,WeRecycleSolar,402691,"Techren Solar III, LLC",NV,21742.829100180374
2030,4,p13,WeRecycleSolar,402692,"Techren Solar IV, LLC",NV,21799.894989728113
2030,4,p13,WeRecycleSolar,403001,Techren Solar V,NV,14504.69241500913
2030,4,p13,WeRecycleSolar,401851,Townsite Solar Project Hybrid,NV,7971.988239770382
2030,4,p13,WeRecycleSolar,406448,Yellow Pine II,NV,8415.39935707392
2030,4,p13,WeRecycleSolar,404971,Yellow Pine Solar,NV,8360.741213538062
2030,4,p27,WeRecycleSolar,402236,Gray Hawk Solar,AZ,7917.398560390312
2030,4,p27,WeRecycleSolar,401819,Jacobson 5 MW Solar,AZ,22114.421874879507
2030,4,p27,WeRecycleSolar,403718,Mohave Electric Cooperative at Joy Lane,AZ,10646.166253571746
2030,4,p27,WeRecycleSolar,401311,Mohave Electric at Fort Mohave,AZ,15002.67989356048
2030,4,p27,WeRecycleSolar,406478,Mohave Energy - Hybrid,AZ,11106.855308176093
2030,4,p28,WeRecycleSolar,405418,AZ State University - Tempe Campus Solar,AZ,9896.80316439284
2030,4,p28,WeRecycleSolar,400148,Agua Caliente Solar Project,AZ,7441.159399263924
2030,4,p28,FabTechSolar,402067,Apache Solar 1,AZ,12449.743635180048
2030,4,p28,WeRecycleSolar,400240,Arlington Valley Solar Energy II,AZ,7386.06429366736
2030,4,p28,FabTechSolar,401688,Bonnybrooke PV,AZ,7510.634147736792
2030,4,p28,WeRecycleSolar,400371,Buckeye Union HS District 201,AZ,20549.10078012882
2030,4,p28,FabTechSolar,405635,"Central Line Solar, LLC",AZ,7333.867395000256
2030,4,p28,WeRecycleSolar,401069,Desert Star Hybrid,AZ,9014.720249688404
2030,4,p28,FabTechSolar,403257,East Line Solar,AZ,7375.586953101121
2030,4,p28,FabTechSolar,406171,Eleven Mile Solar Center,AZ,7261.838426625121
2030,4,p28,WeRecycleSolar,405244,Estrella Mountain PV,AZ,20678.46295438403
2030,4,p28,WeRecycleSolar,400349,Foothills Solar Plant Hybrid,AZ,10201.723951053913
2030,4,p28,FabTechSolar,400825,Fort Huachuca Solar PV Project,AZ,9719.205797658205
2030,4,p28,FabTechSolar,400599,"Gilbert Solar Facility I, LLC",AZ,10474.930561600115
2030,4,p28,WeRecycleSolar,400204,Hyder Solar Hybrid,AZ,8711.773194813963
2030,4,p28,FabTechSolar,405282,Intel - Ocotillo Campus Solar,AZ,8002.416190636484
2030,4,p28,WeRecycleSolar,405125,Jewish Community Center PV,AZ,16666.686014305058
2030,4,p28,WeRecycleSolar,402234,Kayenta Solar Project,AZ,14150.615656022035
2030,4,p28,WeRecycleSolar,400595,Lake Pleasant WTP,AZ,14190.486595626258
2030,4,p28,WeRecycleSolar,400128,Luke Solar,AZ,8465.500608324213
2030,4,p28,WeRecycleSolar,405068,Macys Goodyear,AZ,12060.173727933812
2030,4,p28,WeRecycleSolar,406279,McFarland A Solar and Storage,AZ,7544.05123653226
2030,4,p28,FabTechSolar,405617,Mesa Carport PV,AZ,10869.069685188048
2030,4,p28,FabTechSolar,404512,Mesa Solar Array,AZ,11392.29761262901
2030,4,p28,WeRecycleSolar,400250,Mesquite Solar 1,AZ,7283.375518633891
2030,4,p28,WeRecycleSolar,401622,"Mesquite Solar 3, LLC",AZ,7461.733449516587
2030,4,p28,WeRecycleSolar,406038,"Mesquite Solar 4, LLC",AZ,7924.323074598402
2030,4,p28,WeRecycleSolar,404922,"Mesquite Solar 5, LLC",AZ,8445.371943976814
2030,4,p28,WeRecycleSolar,403572,OE_AZ1,AZ,9395.183217665855
2030,4,p28,WeRecycleSolar,400203,Paloma Solar Hybrid,AZ,11089.20971239487
2030,4,p28,WeRecycleSolar,405150,Phoenix Airport East Economy Lot,AZ,9051.546212979818
2030,4,p28,WeRecycleSolar,405151,Phoenix Airport Rental Car Center,AZ,8224.465793173216
2030,4,p28,FabTechSolar,402528,Pinal Central Energy Center Hybrid,AZ,8386.322399102479
2030,4,p28,FabTechSolar,400125,"Poseidon Solar, LLC",AZ,8655.920665046773
2030,4,p28,WeRecycleSolar,400031,Prescott Airport,AZ,29215.67527492511
2030,4,p28,FabTechSolar,400323,Queen Creek Solar Farm,AZ,7968.286586191113
2030,4,p28,WeRecycleSolar,400289,"RE Bagdad Solar I, LLC",AZ,17410.19170504414
2030,4,p28,WeRecycleSolar,405132,"RE Gillespie 1, LLC",AZ,9312.186576696393
2030,4,p28,FabTechSolar,400758,Red Horse 2,AZ,10457.344574133782
2030,4,p28,FabTechSolar,401726,Red Rock,AZ,9406.726300437414
2030,4,p28,FabTechSolar,406380,SR McNeal,AZ,11505.839100618283
2030,4,p28,WeRecycleSolar,400416,Saddle Mountain Solar I,AZ,10456.647784785764
2030,4,p28,FabTechSolar,403674,Saint Solar,AZ,7337.183588244932
2030,4,p28,FabTechSolar,401214,Sandstone Solar,AZ,7632.486346186897
2030,4,p28,WeRecycleSolar,405029,Solana Generating Station,AZ,7324.32268051018
2030,4,p28,WeRecycleSolar,406275,Sonoran Solar Energy,AZ,7272.705929194581
2030,4,p28,FabTechSolar,406034,Storey Solar and Storage,AZ,7405.1742767372525
2030,4,p28,FabTechSolar,401664,Sulphur Springs,AZ,12268.943739512575
2030,4,p28,WeRecycleSolar,403643,Sun Streams 2,AZ,7357.571216961177
2030,4,p28,WeRecycleSolar,406517,Sun Streams 3,AZ,7311.163315005366
2030,4,p28,WeRecycleSolar,401975,"Sun Streams, LLC",AZ,7352.216476354926
2030,4,p28,WeRecycleSolar,405311,T0588 Phoenix - AZ,AZ,12359.646141954032
2030,4,p28,FabTechSolar,405134,Union HS at Casa Grande,AZ,12880.255256408831
2030,4,p28,FabTechSolar,405135,Vista Grande HS at Casa Grande,AZ,36701.33064805504
2030,4,p28,FabTechSolar,406098,"West Line Solar, LLC",AZ,7333.923981098301
2030,4,p29,FabTechSolar,400014,Springerville,AZ,8182.172820821976
2030,4,p30,FabTechSolar,405143,Actus Lend Lease DMAFB,AZ,16259.222506707338
2030,4,p30,FabTechSolar,405611,Amazon TUS2,AZ,40297.50236267704
2030,4,p30,FabTechSolar,405268,Amphitheater High School Solar,AZ,82102.39312762421
2030,4,p30,FabTechSolar,400939,Avalon Solar,AZ,7967.954327520411
2030,4,p30,FabTechSolar,400226,Avra Valley Solar,AZ,7984.4527011241935
2030,4,p30,FabTechSolar,404704,Broadway 2 - Tucson Phase II,AZ,18770.066410775235
2030,4,p30,FabTechSolar,405269,Canyon Del Oro High School Solar,AZ,15110.188146876477
2030,4,p30,FabTechSolar,401295,Davis Monthan AFB (AZ) West Airfield,AZ,10472.138874134554
2030,4,p30,FabTechSolar,404536,Iron Horse Battery Storage Hybrid,AZ,51202.36700508469
2030,4,p30,FabTechSolar,400552,"Picture Rocks Solar, LLC",AZ,7657.33069124319
2030,4,p30,FabTechSolar,405374,Pima Community College,AZ,26501.22118601397
2030,4,p30,FabTechSolar,405303,Pima Community College - East Campus,AZ,38316.98486584942
2030,4,p30,FabTechSolar,405516,Pima Community College NW,AZ,60736.34370455381
2030,4,p30,FabTechSolar,404926,Raptor Ridge,AZ,10572.618938211624
2030,4,p30,FabTechSolar,400857,Rio Rico Solar,AZ,13708.87709887621
2030,4,p30,FabTechSolar,401076,Tech Park Solar,AZ,12969.473453413872
2030,4,p30,FabTechSolar,400156,UASTP I,AZ,80814.93157911059
2030,4,p30,FabTechSolar,401075,Valencia Solar,AZ,11875.338779923644
2030,4,p30,FabTechSolar,404187,"Wilmot Energy Center, LLC",AZ,7554.014242212668
2030,4,p31,SolarCycle,400211,Alamogordo Solar Energy Center,NM,21628.68272803531
2030,4,p31,FabTechSolar,400206,Albuquerque Solar Energy Center,NM,109404.69690859297
2030,4,p31,SolarCycle,403675,Alcalde Solar Array,NM,102343.1008728057
2030,4,p31,FabTechSolar,405469,Arroyo Solar Energy Storage Hybrid,NM,7687.046409187725
2030,4,p31,FabTechSolar,403321,Bluewater CDEC 1,NM,108790.92180981697
2030,4,p31,SolarCycle,403736,Britton Solar Energy Center,NM,18865.472032822916
2030,4,p31,SolarCycle,402876,CNMEC Solar Energy Center,NM,286155.40076217824
2030,4,p31,SolarCycle,402519,Carrizozo Solar,NM,153499.3392584256
2030,4,p31,FabTechSolar,402988,City of Gallup Solar,NM,34592.672210207886
2030,4,p31,FabTechSolar,403604,City of Rio Rancho WWTP,NM,254299.2628601522
2030,4,p31,FabTechSolar,401225,City of Truth or Consequences PV,NM,136840.18032344975
2030,4,p31,FabTechSolar,400209,Deming Solar Energy Center,NM,20178.39783742319
2030,4,p31,FabTechSolar,403868,Encino Solar Energy Center,NM,12646.151670907431
2030,4,p31,FabTechSolar,401038,Eubank Landfill Solar Array,NM,160820.82420582778
2030,4,p31,FabTechSolar,403322,Grants CDEC 2,NM,116846.54267863544
2030,4,p31,FabTechSolar,400216,"Hatch Solar Energy Center I, LLC",NM,108059.63718506151
2030,4,p31,SolarCycle,401617,Holloman Solar Facility,NM,93970.83467506968
2030,4,p31,FabTechSolar,406109,"Jicarilla Solar 1, LLC",NM,11345.619571061558
2030,4,p31,SolarCycle,400210,Las Vegas Solar Energy Center,NM,46298.6490625447
2030,4,p31,FabTechSolar,400207,Los Lunas Solar Energy Center,NM,90107.28364522645
2030,4,p31,FabTechSolar,400838,Macho Springs,NM,9514.33624728007
2030,4,p31,FabTechSolar,400582,Manzano Solar,NM,44008.50552258075
2030,4,p31,SolarCycle,401201,Meadow Lake Solar Energy Center,NM,29110.108616748148
2030,4,p31,SolarCycle,405693,NMSU Solar and Storage,NM,169982.15828538057
2030,4,p31,FabTechSolar,406375,OE_ESCL,NM,9644.870457757139
2030,4,p31,SolarCycle,400581,Otero Solar,NM,63957.509889696244
2030,4,p31,SolarCycle,400146,Questa Solar Facility,NM,735717.1564448008
2030,4,p31,FabTechSolar,401566,Rio Communities Solar Energy Center,NM,21705.135406493988
2030,4,p31,FabTechSolar,400624,Rio Rancho High School,NM,313018.79674957343
2030,4,p31,SolarCycle,400135,Roadrunner Solar,NM,30936.83569155891
2030,4,p31,FabTechSolar,404648,"Route 66 Energy Center, LLC",NM,10645.998130946175
2030,4,p31,SolarCycle,403387,San Miguel I Solar Energy Center,NM,18875.346446831132
2030,4,p31,SolarCycle,405458,San Miguel II Solar Energy Center,NM,21797.670521760403
2030,4,p31,SolarCycle,401564,Santa Fe Solar Energy Center,NM,40560.689931621724
2030,4,p31,FabTechSolar,401563,South Valley Solar Energy Center,NM,21993.717493965076
2030,4,p31,SolarCycle,401162,Springer Solar 1,NM,364919.41491851077
2030,4,p31,SolarCycle,400735,Storrie Lake Solar Project,NM,104959.49574190399
2030,4,p31,SolarCycle,400343,"SunE EPE1, LLC",NM,29328.73363257333
2030,4,p31,SolarCycle,402854,Syncarpha Eagle Nest,NM,699192.5545986352
2030,4,p31,SolarCycle,403412,Syncarpha El Rito,NM,232077.49737511922
2030,4,p31,SolarCycle,403413,Syncarpha Questa,NM,468656.9545054462
2030,4,p31,SolarCycle,403411,Syncarpha Taos,NM,63052.75944639258
2030,4,p31,SolarCycle,404618,Taos Mesa Energy Facility Hybrid,NM,30525.881134784486
2030,4,p31,SolarCycle,400354,WSMR I,NM,40673.42200764157
2030,4,p31,FabTechSolar,405245,Wal-Mart Truth or Consequences PV,NM,255608.76645100696
2030,4,p47,SolarCycle,400979,"Caprock Solar 1, LLC",NM,12293.530875668293
2030,4,p47,SolarCycle,404980,Chaves County Solar II,NM,16248.613063380464
2030,4,p47,SolarCycle,401681,"Chaves Solar, LLC",NM,11100.865190757642
2030,4,p47,SolarCycle,400614,GSE NM1,NM,152954.95184169943
2030,4,p47,SolarCycle,404982,Hayhurst New Mexico Solar,NM,10165.062635216182
2030,4,p47,SolarCycle,401682,"Roswell Solar, LLC",NM,11134.999823822498
2030,4,p47,SolarCycle,400546,SEV NM Phase 2,NM,104576.88238645796
2030,4,p47,SolarCycle,400260,SPS1 Dollarhide,NM,11355.371537891308
2030,4,p47,SolarCycle,400261,SPS2 Jal,NM,16169.353297624628
2030,4,p47,SolarCycle,400262,SPS3 Lea,NM,13770.86920709263
2030,4,p47,SolarCycle,400264,SPS5 Hopi,NM,26506.641701684865
2030,4,p48,SolarCycle,406439,"BESSP1, LLC",TX,12830.220554395079
2030,4,p48,SolarCycle,405590,"Hecate Energy Frye Solar, LLC",TX,7486.7446520257645
2030,4,p57,OkonRecycling,404918,"Hecate Energy Upshur Rural, LLC",TX,11298.713295020314
2030,4,p59,SolarCycle,402666,Fort Bliss (DEA EPIC),TX,39808.02440348736
2030,4,p59,SolarCycle,401616,Montana Solar Facility,TX,17648.897931873544
2030,4,p59,SolarCycle,401045,Newman Solar,TX,9327.806098268551
2030,4,p60,SolarCycle,403962,"ANSON Solar Center, LLC",TX,7775.967843597554
2030,4,p60,OkonRecycling,403883,Azure Sky Solar,TX,7472.274962231031
2030,4,p60,SolarCycle,403232,"ENGIE Long Draw Solar, LLC",TX,7373.146538773905
2030,4,p60,SolarCycle,406252,Highpeak Solar 1,TX,10026.866236584721
2030,4,p60,SolarCycle,402721,Holstein 1 Solar Farm,TX,7439.035681229351
2030,4,p60,SolarCycle,405492,Juno Solar Project,TX,7333.162370473209
2030,4,p60,SolarCycle,402541,Lamesa II,TX,7684.230757912626
2030,4,p60,SolarCycle,401660,Lamesa Solar,TX,7520.416067257253
2030,4,p60,SolarCycle,405932,Lumina II Solar Project,TX,7732.17635682767
2030,4,p60,SolarCycle,405933,Lumina Solar Project,TX,7453.019631101276
2030,4,p60,SolarCycle,402909,Misae Solar,TX,7863.264282211163
2030,4,p60,OkonRecycling,400968,"OCI Alamo 7, LLC",TX,8318.31834173658
2030,4,p60,SolarCycle,405939,Texas Solar Nova 1,TX,7458.726320579306
2030,4,p61,SolarCycle,400967,Alamo 6,TX,7599.1188071382885
2030,4,p61,SolarCycle,403557,Aragorn Solar Project,TX,7456.392311854115
2030,4,p61,SolarCycle,400691,Barilla Solar,TX,7893.347976455995
2030,4,p61,SolarCycle,401946,Bluebell Solar,TX,7754.433527773044
2030,4,p61,SolarCycle,403574,Bluebell Solar II,TX,7351.188623420658
2030,4,p61,SolarCycle,400554,"Bryan Solar, LLC",TX,14248.844817992414
2030,4,p61,SolarCycle,401463,Buckthorn Westex,TX,7280.144725480644
2030,4,p61,SolarCycle,401703,East Pecos Solar,TX,7386.043709881459
2030,4,p61,SolarCycle,405363,Galloway 1 Solar Farm,TX,7428.384950867079
2030,4,p61,SolarCycle,405494,Galloway 2 Solar Farm,TX,8186.684788734684
2030,4,p61,SolarCycle,403210,Greasewood,TX,7316.407210549531
2030,4,p61,SolarCycle,406370,Hayhurst Texas Solar,TX,10155.619399640906
2030,4,p61,SolarCycle,402304,Midway Solar-TX,TX,7328.133826100771
2030,4,p61,SolarCycle,400695,"OCI Alamo 4, LLC",TX,8492.696639060598
2030,4,p61,SolarCycle,401868,Pearl Solar,TX,7488.483091390066
2030,4,p61,SolarCycle,402290,RE Maplewood,TX,7296.8994853467975
2030,4,p61,SolarCycle,401430,RE Roserock,TX,7335.573924137078
2030,4,p61,SolarCycle,402848,Rambler,TX,7336.237914863045
2030,4,p61,SolarCycle,402083,Solaire Holman Solar Project,TX,7771.407888037766
2030,4,p61,SolarCycle,403023,"Taygete Energy Project, LLC",TX,7333.796813216714
2030,4,p61,SolarCycle,404647,Taygete II Energy Project,TX,7286.492364503659
2030,4,p61,SolarCycle,403551,Titan Solar Project,TX,7381.692578199834
2030,4,p61,SolarCycle,406103,Zier Solar,TX,8147.929292358965
2030,4,p62,SolarCycle,403502,2W Permian Solar Project Hybrid,TX,7243.735607855347
2030,4,p62,SolarCycle,403697,CED Crane Solar,TX,7310.711206440319
2030,4,p62,SolarCycle,401525,Castle Gap Solar Hybrid,TX,7274.059659154873
2030,4,p62,SolarCycle,404599,Emerald Grove,TX,7480.211350967719
2030,4,p62,SolarCycle,403004,Lapetus,TX,7340.156728578726
2030,4,p62,SolarCycle,403280,Oberon IA,TX,7250.298216137935
2030,4,p62,SolarCycle,403279,Oberon IB,TX,7481.674524210146
2030,4,p62,SolarCycle,403602,Oxy Renewable Energy-Goldsmith,TX,7841.446730344119
2030,4,p62,SolarCycle,402679,Phoebe Solar,TX,7253.911400061672
2030,4,p62,SolarCycle,403177,Prospero Solar,TX,7274.112607512665
2030,4,p62,SolarCycle,404128,Prospero Solar II,TX,7400.9689588083875
2030,4,p62,SolarCycle,403070,"Roadrunner, LLC",TX,7292.368830218109
2030,4,p62,SolarCycle,401805,Upton County Solar,TX,7295.259998198303
2030,4,p62,SolarCycle,402995,West of the Pecos Solar,TX,7276.707173128445
2030,4,p63,OkonRecycling,405599,"BPL Crown Solar, LLC",TX,8591.657616042145
2030,4,p63,OkonRecycling,404966,BPL Files Solar,TX,7333.649999102172
2030,4,p63,OkonRecycling,403825,Briar Creek Solar 1,TX,7482.214889247183
2030,4,p63,OkonRecycling,402610,Chisum,TX,14058.542381484258
2030,4,p63,OkonRecycling,403188,Coniglio Solar,TX,7377.484149880509
2030,4,p63,OkonRecycling,406415,Dileo Solar,TX,8733.135122674983
2030,4,p63,OkonRecycling,402655,Eddy II,TX,12008.082894299087
2030,4,p63,OkonRecycling,406221,Eiffel Solar Project,TX,7743.796475841558
2030,4,p63,OkonRecycling,405540,"Ellis Solar, LLC",TX,7355.101297864234
2030,4,p63,OkonRecycling,403823,Elm Branch Solar 1,TX,7401.828263766144
2030,4,p63,OkonRecycling,406206,Five Wells Solar Center - Hybrid,TX,7447.615705670595
2030,4,p63,OkonRecycling,404567,G.S.E. One LLC,TX,7413.328301614564
2030,4,p63,OkonRecycling,403288,Griffin Solar,TX,32273.560531727147
2030,4,p63,OkonRecycling,406202,Grizzly Ridge Solar,TX,7950.865569331639
2030,4,p63,OkonRecycling,402329,Highway 56 Solar,TX,10185.278131523883
2030,4,p63,OkonRecycling,405319,IKEA Grand Prairie Rooftop PV System,TX,8772.120601701277
2030,4,p63,OkonRecycling,405689,"IP Radian, LLC",TX,7898.613268908033
2030,4,p63,OkonRecycling,403481,Impact Solar 1,TX,7539.062376641096
2030,4,p63,OkonRecycling,403190,Kellam Solar,TX,8732.060297063614
2030,4,p63,OkonRecycling,402421,Leon Solar,TX,8357.3057358975
2030,4,p63,OkonRecycling,403874,Lily Solar Hybrid,TX,7340.792335551589
2030,4,p63,OkonRecycling,405794,Noble Solar,TX,7448.176073767423
2030,4,p63,OkonRecycling,402405,North Gainesville Solar,TX,12752.919066742083
2030,4,p63,OkonRecycling,401933,Phantom Solar,TX,11030.501447768778
2030,4,p63,OkonRecycling,404872,"Pisgah Ridge Solar, LLC",TX,7327.635716578763
2030,4,p63,OkonRecycling,406416,Pitts Dudik Solar,TX,8891.512685504615
2030,4,p63,OkonRecycling,403189,Rippey Solar,TX,8516.270804561535
2030,4,p63,OkonRecycling,404630,"Samson Solar Energy III, LLC",TX,7388.195875491605
2030,4,p63,OkonRecycling,402652,Sterling Solar (TX),TX,10294.806853056747
2030,4,p63,OkonRecycling,404812,Sun Valley Solar Project,TX,7386.740538281001
2030,4,p63,OkonRecycling,403457,"TPE Whitney Solar, LLC",TX,11652.152040605763
2030,4,p63,OkonRecycling,405361,Toyota HQ Plan,TX,8451.48545871716
2030,4,p63,OkonRecycling,405907,Verizon Hidden Ridge Solar Project,TX,7926.922608760615
2030,4,p63,OkonRecycling,405984,Waco Solar,TX,7335.628366905944
2030,4,p63,OkonRecycling,402306,Walnut Springs Solar,TX,17222.730275196944
2030,4,p63,OkonRecycling,402497,West Moore Solar II,TX,15211.49817060385
2030,4,p63,OkonRecycling,402330,Whitesboro Solar,TX,11147.336552050985
2030,4,p63,OkonRecycling,402331,Whitesboro Solar II,TX,10387.413362889014
2030,4,p63,OkonRecycling,402414,Whitewright Solar,TX,8723.944390279927
2030,4,p63,OkonRecycling,402654,Yellow Jacket,TX,14113.63133345253
2030,4,p64,OkonRecycling,405731,Austin TX GigaFactory,TX,32873.184967394875
2030,4,p64,OkonRecycling,404721,"Blue Jay Solar I, LLC",TX,7777.789508257833
2030,4,p64,OkonRecycling,402389,"E-Volve Energy Holdings, LLC",TX,113587.92791670654
2030,4,p64,OkonRecycling,400227,East Blackland Solar Project 1,TX,7441.353925765935
2030,4,p64,OkonRecycling,405101,IKEA Round Rock 027,TX,37983.08183600744
2030,4,p64,SolarCycle,402653,Lampwick,TX,26361.72726289062
2030,4,p64,OkonRecycling,405613,Niagara Bottling - Seguin,TX,16612.238643626464
2030,4,p64,OkonRecycling,400249,Webberville Solar Project,TX,9606.950080117498
2030,4,p65,OkonRecycling,405700,Aktina Solar,TX,7806.332943712558
2030,4,p65,OkonRecycling,405727,Bernard Creek Solar,TX,8403.3318430162
2030,4,p65,OkonRecycling,402656,Cascade Solar (TX),TX,36637.17640485908
2030,4,p65,SolarCycle,404247,"Corazon Energy, LLC",TX,11253.362613724592
2030,4,p65,SolarCycle,404062,Elara Solar,TX,9721.85752465435
2030,4,p65,OkonRecycling,404359,FELPS 1-Calaveras,TX,617053.3166567503
2030,4,p65,OkonRecycling,404361,FELPS 2-Calaveras,TX,617039.2973684953
2030,4,p65,OkonRecycling,404739,FELPS 6- Floresville West,TX,627947.487841622
2030,4,p65,OkonRecycling,404740,FELPS 7- Floresville West,TX,627747.0148550047
2030,4,p65,OkonRecycling,406516,Ganado Solar,TX,11163.412362850364
2030,4,p65,SolarCycle,405801,Horizon Solar,TX,8300.57560580232
2030,4,p65,OkonRecycling,405380,IKEA Live Oak Rooftop PV System,TX,89792.52398505824
2030,4,p65,SolarCycle,403343,Mars Solar,TX,94389.34833073994
2030,4,p65,OkonRecycling,404877,Nebula Solar,TX,11250.63531247211
2030,4,p65,OkonRecycling,400694,"OCI Alamo 2, LLC",TX,138104.07037862204
2030,4,p65,OkonRecycling,400965,"OCI Alamo 3, LLC",TX,111332.89159140148
2030,4,p65,SolarCycle,400966,"OCI Alamo 5, LLC",TX,9190.53289466897
2030,4,p65,SolarCycle,405809,Shakes Solar,TX,8818.871069814622
2030,4,p65,OkonRecycling,405545,Sparta Solar,TX,10014.248554732094
2030,4,p65,OkonRecycling,400379,"SunE CPS1, LLC",TX,38253.65734386987
2030,4,p65,OkonRecycling,400364,"SunE CPS2, LLC",TX,27962.283564125562
2030,4,p65,OkonRecycling,400353,"SunE CPS3, LLC",TX,36958.364581928225
2030,4,p65,OkonRecycling,406032,Tres Bahias,TX,10586.889971391365
2030,4,p66,OkonRecycling,406386,Umbriel Solar,TX,10302.71588962231
2030,4,p67,OkonRecycling,404939,Brazoria County Solar Project (Danciger),TX,7797.884062371121
2030,4,p67,OkonRecycling,404681,Brazoria West,TX,7807.030696197227
2030,4,p67,OkonRecycling,404587,Fighting Jays Solar Project,TX,7713.365945614578
2030,4,p67,OkonRecycling,405564,"Fort Bend Solar, LLC",TX,8545.251271530364
2030,4,p67,OkonRecycling,404853,"Longbow Solar, LLC",TX,13531.016791627664
2030,4,p67,OkonRecycling,403514,Wagyu,TX,7950.340232870452
